# File exported by ZBrush version 2026
# www.zbrush.com
g ZBrushPolyMesh3D
#Vertex Count 2520
#Face Count 2516
#Auto scale x=1.000000 y=1.000000 z=1.000000
#Auto offset x=0.000000 y=0.000000 z=0.000000
v -0.34305721 0.4083417 0.62032651
v -0.16294249 0.44140532 0.64018619
v -0.23950815 0.38852837 0.423617
v -0.07784988 0.4993146 0.53058123
v -0.32398557 0.63610196 0.6907531
v -0.45005559 0.50810653 0.47443273
v -0.14672924 0.6311177 0.65909272
v -0.33650264 0.40235617 0.61587512
v -0.32797074 0.40473809 0.62524563
v -0.34180849 0.4127421 0.6274963
v -0.35898324 0.41277772 0.61273747
v -0.35392752 0.4042598 0.60358345
v -0.36185997 0.42129421 0.6222772
v -0.16512608 0.43588998 0.63639843
v -0.1575784 0.43769419 0.63149267
v -0.15707501 0.44449946 0.63794279
v -0.15978165 0.45011284 0.64542466
v -0.16692771 0.44434538 0.64605599
v -0.17230391 0.43762564 0.64385962
v -0.2563588 0.38808906 0.4210934
v -0.26325547 0.39917632 0.40379816
v -0.24223825 0.39662668 0.40975505
v -0.22482824 0.39291915 0.42086982
v -0.22989228 0.38495731 0.43320149
v -0.24736504 0.38085725 0.43615824
v -0.08032424 0.49282339 0.53519243
v -0.08168663 0.48805946 0.52840304
v -0.07792805 0.49836471 0.52357161
v -0.0736112 0.5144633 0.52923929
v -0.07495275 0.51186823 0.53820693
v -0.07320513 0.51538443 0.51935058
v -0.08656096 0.51129972 0.45148459
v -0.08292313 0.5129534 0.46087396
v -0.08546762 0.49556225 0.46954003
v -0.08964553 0.50112187 0.45128393
v -0.31613332 0.62752193 0.69677043
v -0.30693471 0.63893228 0.69440722
v -0.32353085 0.64769417 0.6852051
v -0.34258669 0.63415563 0.68415606
v -0.33726358 0.61999863 0.69222611
v -0.34546291 0.65034353 0.67445641
v -0.45444557 0.52429902 0.47757771
v -0.4502483 0.52982229 0.45875063
v -0.4460822 0.5075702 0.46088159
v -0.44907739 0.49867895 0.48289582
v -0.45549345 0.51569831 0.49342542
v -0.44245314 0.4901947 0.46822091
v -0.15352042 0.62712723 0.66646206
v -0.14229415 0.61139583 0.66395062
v -0.13861697 0.6257202 0.65450304
v -0.1448064 0.65219229 0.64434099
v -0.15553008 0.65372073 0.6528449
v -0.15445376 0.67695093 0.63149964
v -0.16692699 0.67787826 0.64172923
v -0.17934876 0.67630648 0.65235102
v -0.16671815 0.65260529 0.6620751
v -0.19110629 0.67144149 0.66322314
v -0.17732587 0.64868652 0.67119014
v -0.16318546 0.62488889 0.67445743
v -0.18744239 0.64221912 0.68002861
v -0.17330239 0.62073743 0.68216252
v -0.16056773 0.60227149 0.6804896
v -0.15053536 0.60623425 0.672311
v -0.15133057 0.58982276 0.67698538
v -0.14237992 0.59636092 0.66860163
v -0.13533929 0.60525947 0.65983754
v -0.12848328 0.60079509 0.65462261
v -0.12421846 0.62002837 0.64238208
v -0.13135121 0.62368166 0.64837992
v -0.13524383 0.58903044 0.66412133
v -0.1282697 0.58235216 0.65886378
v -0.12166614 0.59607237 0.64880245
v -0.14357286 0.58004891 0.67265552
v -0.13621893 0.57144385 0.66750806
v -0.15284521 0.57218617 0.68041837
v -0.14509482 0.56184709 0.67530375
v -0.13782784 0.55239474 0.66936022
v -0.12919609 0.56339818 0.66157448
v -0.1214981 0.5757085 0.65280652
v -0.11508967 0.56850087 0.64623218
v -0.1085468 0.5830177 0.63609802
v -0.11498861 0.59027004 0.64258039
v -0.12264502 0.55547642 0.65501624
v -0.11667576 0.54727613 0.64800465
v -0.10923619 0.56025034 0.63936018
v -0.13109749 0.54364711 0.66271311
v -0.12502224 0.53519111 0.65555745
v -0.11964537 0.52659583 0.64798891
v -0.11146885 0.53855133 0.64063763
v -0.14036519 0.53288352 0.66935831
v -0.13411419 0.52392274 0.66201818
v -0.1285188 0.51533496 0.65423113
v -0.12365549 0.5067656 0.6460253
v -0.11496222 0.51768988 0.64005518
v -0.14364676 0.51365375 0.66748851
v -0.13781267 0.50481069 0.65949475
v -0.13268052 0.49640345 0.65113282
v -0.12834957 0.48805806 0.6424781
v -0.11964689 0.49799403 0.63741099
v -0.14741165 0.49520987 0.66381382
v -0.1420924 0.486842 0.65524965
v -0.13759604 0.4788208 0.64639425
v -0.15151138 0.47821575 0.65853929
v -0.14667601 0.47047168 0.64962083
v -0.14297698 0.46296033 0.64057368
v -0.13402697 0.47079455 0.63732528
v -0.1252028 0.47961896 0.63323736
v -0.1231013 0.47092843 0.62378096
v -0.1146653 0.47975856 0.61896604
v -0.11648125 0.48897841 0.62845313
v -0.13169468 0.46268448 0.62797689
v -0.13073417 0.45430111 0.6186009
v -0.12202172 0.46213671 0.61408489
v -0.14073652 0.45529845 0.63160616
v -0.13985985 0.44724074 0.62293499
v -0.14042455 0.43918705 0.6142621
v -0.13091854 0.44587165 0.60930621
v -0.14948678 0.44903796 0.63507771
v -0.14904335 0.44156837 0.62711101
v -0.15017189 0.43379959 0.61937874
v -0.15942731 0.43021705 0.62492239
v -0.16233003 0.42207381 0.6173405
v -0.15242093 0.42581307 0.61099946
v -0.14207446 0.4311369 0.6053822
v -0.13213485 0.43759021 0.59987121
v -0.15525645 0.41756245 0.60201859
v -0.14451135 0.42305916 0.59594041
v -0.13434486 0.42957612 0.59003335
v -0.12479175 0.43667057 0.58429986
v -0.12285994 0.44479626 0.59445369
v -0.14762339 0.41511222 0.58579772
v -0.1370431 0.42164072 0.57970434
v -0.12728992 0.42884713 0.5737009
v -0.11851885 0.43657487 0.5678851
v -0.11609101 0.4443348 0.57872593
v -0.14049327 0.41432187 0.56865441
v -0.13041351 0.4216012 0.56249493
v -0.1214217 0.429358 0.5565446
v -0.1133563 0.43719783 0.55097419
v -0.1105854 0.44444903 0.56239378
v -0.13407234 0.41491153 0.55076307
v -0.12474726 0.42269519 0.54472446
v -0.11661815 0.43074679 0.53905546
v -0.10956271 0.43882036 0.53381884
v -0.1064594 0.4451276 0.54573804
v -0.12896083 0.41711658 0.53216838
v -0.1205063 0.42519173 0.52645403
v -0.1131454 0.43341153 0.52126771
v -0.10678299 0.44160178 0.51660215
v -0.10344576 0.44667026 0.52903276
v -0.12499926 0.42045196 0.51311397
v -0.11743087 0.42893955 0.50781112
v -0.11075526 0.43745249 0.50318533
v -0.10486667 0.44603267 0.49922558
v -0.10124912 0.44971615 0.51247513
v -0.12248885 0.4254069 0.49342361
v -0.11561025 0.43431487 0.48857379
v -0.10941329 0.44334182 0.48450124
v -0.10378401 0.45242908 0.48131555
v -0.0997485 0.45460528 0.49589201
v -0.12153364 0.43234187 0.47260284
v -0.11502493 0.44195091 0.46817359
v -0.10904642 0.45177504 0.46478948
v -0.10341267 0.46154379 0.46304127
v -0.09870263 0.46135234 0.47941404
v -0.12235329 0.44216501 0.4501068
v -0.11619229 0.45299923 0.44578808
v -0.11036387 0.46418431 0.44294077
v -0.12563563 0.45652958 0.42541149
v -0.11941242 0.46934539 0.42163288
v -0.11336842 0.48206508 0.42011138
v -0.10461718 0.47454094 0.44244939
v -0.09829955 0.47048658 0.46326187
v -0.09352045 0.47883823 0.46524527
v -0.08979819 0.47867229 0.47908672
v -0.09405385 0.47001308 0.47884094
v -0.09922531 0.48402467 0.44407051
v -0.10737137 0.49450537 0.42065522
v -0.10144346 0.50651693 0.42316037
v -0.09422639 0.49276062 0.44732156
v -0.08910384 0.48691201 0.4682593
v -0.08258118 0.49793124 0.47793147
v -0.08596311 0.48754555 0.47945585
v -0.07965435 0.50248414 0.4852882
v -0.08316081 0.49014461 0.48846501
v -0.08688198 0.4804314 0.49006587
v -0.08068858 0.49350932 0.49714142
v -0.08456531 0.48289659 0.50011628
v -0.08830872 0.47383615 0.5028119
v -0.09082733 0.4715276 0.49147543
v -0.09219506 0.46567073 0.50570589
v -0.09503804 0.46300333 0.49334406
v -0.09638233 0.45767986 0.50884741
v -0.08999778 0.46888423 0.51691055
v -0.09384904 0.46158468 0.52067637
v -0.09833753 0.45424243 0.52469354
v -0.09167487 0.46638262 0.53163266
v -0.09555143 0.45981904 0.53615385
v -0.10053043 0.45275196 0.54081732
v -0.09308179 0.46717116 0.54697984
v -0.09772747 0.46009668 0.5521155
v -0.10365449 0.45236688 0.55717474
v -0.09533968 0.46888074 0.56283128
v -0.10144504 0.4606269 0.56809502
v -0.10824732 0.45235467 0.57337367
v -0.0997174 0.46955314 0.57850676
v -0.10675484 0.46098858 0.58384805
v -0.11447063 0.45268803 0.58914476
v -0.10584751 0.46999591 0.59408205
v -0.11363609 0.4614757 0.59930384
v -0.12197575 0.4533984 0.60433638
v -0.11367183 0.47050708 0.60927951
v -0.10600455 0.47946715 0.60387629
v -0.10670243 0.48899439 0.61352717
v -0.09862997 0.48881 0.59809756
v -0.09940756 0.49885359 0.60735243
v -0.10099913 0.50904524 0.61626261
v -0.10858706 0.49874776 0.62272054
v -0.10358853 0.51918041 0.62479746
v -0.1112458 0.50835472 0.63161087
v -0.1071083 0.5291025 0.63290089
v -0.09647222 0.53087675 0.61693441
v -0.09984175 0.54118919 0.62473934
v -0.10412099 0.55109179 0.63220846
v -0.09330245 0.55469048 0.61513763
v -0.09754583 0.56493526 0.62237447
v -0.10265721 0.57445663 0.62934827
v -0.09187596 0.58145093 0.60983824
v -0.09727034 0.59137624 0.61666184
v -0.10338239 0.60041368 0.62342184
v -0.09385258 0.61040329 0.60142105
v -0.10056196 0.62024325 0.608213
v -0.10800178 0.62916493 0.61495375
v -0.11004516 0.6082645 0.62995636
v -0.11615229 0.63708657 0.6216799
v -0.1170127 0.61482566 0.63629466
v -0.12508867 0.64390808 0.62869381
v -0.11953944 0.66038262 0.60484522
v -0.13048541 0.66793692 0.61294388
v -0.14212051 0.67362922 0.62189209
v -0.13467986 0.6490612 0.63618075
v -0.13906297 0.68980932 0.59513717
v -0.15221653 0.69552379 0.60526871
v -0.16571775 0.69883078 0.61613434
v -0.16462306 0.71425932 0.58618533
v -0.17921519 0.71744418 0.59822076
v -0.19372636 0.7177447 0.61100655
v -0.17939466 0.69923996 0.62759792
v -0.2077129 0.71510732 0.6244418
v -0.19269162 0.69692194 0.63961339
v -0.22079204 0.70945239 0.63825225
v -0.20527568 0.69154131 0.65203654
v -0.23263731 0.70087593 0.65192073
v -0.21668818 0.68317425 0.66432362
v -0.20193181 0.66351413 0.67384147
v -0.22692258 0.67264545 0.67551416
v -0.21191524 0.65391761 0.68343806
v -0.19741894 0.63430798 0.68822693
v -0.22171248 0.64325636 0.69193828
v -0.20765166 0.62516754 0.69563865
v -0.19427055 0.60730153 0.69657027
v -0.18360976 0.61488455 0.68959599
v -0.18204669 0.59077084 0.69501453
v -0.17106789 0.59729075 0.68805217
v -0.17174683 0.57666778 0.69175118
v -0.16120985 0.58360171 0.68471169
v -0.16278371 0.56437128 0.68744659
v -0.18294249 0.56865221 0.69799947
v -0.17353963 0.55602824 0.69356167
v -0.16496546 0.54431802 0.68819898
v -0.15463927 0.55303704 0.68220883
v -0.1571913 0.53341209 0.68197041
v -0.14720042 0.54254776 0.67616838
v -0.15008771 0.5231505 0.67500823
v -0.16776037 0.52430117 0.68688839
v -0.16023942 0.51397383 0.67979222
v -0.15348625 0.50427913 0.67202878
v -0.17095963 0.50488591 0.6836211
v -0.16369617 0.49538093 0.67574292
v -0.15720984 0.48646986 0.66728013
v -0.17441125 0.48657867 0.67851311
v -0.16726027 0.47813153 0.67002332
v -0.16095385 0.47031506 0.66111218
v -0.17772325 0.46976903 0.67176544
v -0.17057155 0.46259883 0.6628161
v -0.16439247 0.45604595 0.6538456
v -0.15563052 0.46308341 0.65209186
v -0.15166787 0.45613515 0.64336437
v -0.18006098 0.45442572 0.66317117
v -0.17279905 0.44878083 0.65421414
v -0.18827238 0.4459117 0.66136133
v -0.17985923 0.44109815 0.65235114
v -0.19510474 0.43670323 0.65729868
v -0.1857851 0.43265608 0.64822089
v -0.17696823 0.42991983 0.63947409
v -0.16817282 0.42893806 0.63137519
v -0.19109219 0.42374113 0.64221042
v -0.18149556 0.42149585 0.63324451
v -0.17188657 0.42076879 0.62457549
v -0.18630318 0.41278246 0.62564986
v -0.1761347 0.41226682 0.61648696
v -0.16595515 0.41371509 0.60868656
v -0.18100124 0.40385755 0.60739326
v -0.17021769 0.40543907 0.59908062
v -0.15890768 0.40947932 0.59211212
v -0.17525163 0.39757964 0.58876597
v -0.16335202 0.40180581 0.58145189
v -0.15158012 0.40773439 0.57489359
v -0.16854113 0.39478197 0.57018286
v -0.15601943 0.40063601 0.56350761
v -0.14450638 0.40749776 0.5570693
v -0.16115742 0.39442411 0.55156803
v -0.14917843 0.4014571 0.54495167
v -0.13843256 0.40906959 0.53841584
v -0.15449298 0.39615362 0.53240901
v -0.14340449 0.4039312 0.5256201
v -0.13366535 0.41216087 0.51905977
v -0.14898403 0.39969041 0.51230877
v -0.13896387 0.40807464 0.50533986
v -0.13029886 0.41676554 0.49899956
v -0.14507998 0.40513363 0.49101975
v -0.13631765 0.41393214 0.48399642
v -0.12861359 0.42305174 0.47788217
v -0.14358732 0.4123851 0.46826848
v -0.13592362 0.42183876 0.46134272
v -0.12884782 0.43175938 0.45529463
v -0.14489236 0.42221286 0.44404473
v -0.13804327 0.43286591 0.43679526
v -0.13171279 0.44430774 0.43054741
v -0.14924906 0.43590751 0.41792386
v -0.14323781 0.44872826 0.41084438
v -0.13714206 0.46240294 0.40479889
v -0.15690137 0.4553073 0.39144781
v -0.15120151 0.47094798 0.38492161
v -0.14536437 0.48749449 0.38035899
v -0.13109132 0.47711214 0.40050289
v -0.1392865 0.50469684 0.37794628
v -0.1249625 0.49222907 0.39823299
v -0.13310504 0.52224463 0.37789711
v -0.1187592 0.50754696 0.3980236
v -0.12692476 0.53997987 0.38036897
v -0.11265039 0.5229792 0.39998662
v -0.1207255 0.55779635 0.38557502
v -0.10676524 0.53841424 0.40420362
v -0.09584712 0.51824557 0.42740115
v -0.10096386 0.55281055 0.41109037
v -0.09075858 0.5293926 0.43304067
v -0.09477447 0.56308597 0.42099496
v -0.0859088 0.53704214 0.44122475
v -0.08834602 0.57033443 0.43388807
v -0.08116009 0.54326355 0.45121374
v -0.07946647 0.51828843 0.46830412
v -0.07730626 0.5483821 0.46184152
v -0.07647954 0.52328604 0.47594255
v -0.07417024 0.55301404 0.47252959
v -0.07396923 0.52808749 0.48424965
v -0.07711466 0.50720429 0.49283605
v -0.07183967 0.53232502 0.49331373
v -0.07497605 0.5113725 0.50100547
v -0.07889308 0.49645832 0.50593411
v -0.08286602 0.48517498 0.5097723
v -0.07368225 0.51430285 0.50987684
v -0.07792548 0.49828502 0.5147494
v -0.08212072 0.48656234 0.51918715
v -0.08400183 0.48283377 0.53221148
v -0.08520652 0.47924298 0.52315086
v -0.08651881 0.4763605 0.51333826
v -0.08829537 0.472716 0.52722859
v -0.08633506 0.47809052 0.53685748
v -0.08923003 0.47292968 0.54192131
v -0.0834653 0.48736056 0.54592126
v -0.08635753 0.48268812 0.55165928
v -0.09023972 0.47657054 0.55731815
v -0.08308213 0.49599495 0.56063747
v -0.08788122 0.4874179 0.56705737
v -0.09345004 0.47843253 0.57295769
v -0.08641205 0.49848827 0.57597583
v -0.09237654 0.4884839 0.58247596
v -0.09882169 0.47901472 0.58846873
v -0.09203346 0.49888077 0.59163093
v -0.08589474 0.50981324 0.58436328
v -0.08629373 0.52132374 0.59239977
v -0.09252516 0.50953197 0.60040515
v -0.08764487 0.53272056 0.60018253
v -0.09405241 0.5202645 0.60882717
v -0.08994662 0.54394334 0.60775727
v -0.08162178 0.54734051 0.58945804
v -0.08400749 0.5593698 0.59618616
v -0.08743555 0.57073283 0.60296148
v -0.07929497 0.57671427 0.58161121
v -0.08307981 0.58863353 0.58791345
v -0.08794421 0.5998255 0.59463024
v -0.08113846 0.60670548 0.56995612
v -0.08666448 0.61896598 0.57642674
v -0.09343897 0.63050901 0.58325034
v -0.08818048 0.6365785 0.55626255
v -0.09597935 0.649504 0.56291085
v -0.10489866 0.66157656 0.57006317
v -0.1011244 0.64140713 0.59020036
v -0.11525101 0.67254394 0.57762712
v -0.10980662 0.65148782 0.59741252
v -0.12660749 0.68202954 0.58595031
v -0.12349032 0.69061058 0.55606901
v -0.13634729 0.70065677 0.56499183
v -0.15016122 0.70863103 0.57509207
v -0.14820621 0.71537786 0.54241854
v -0.16329318 0.72378939 0.55316132
v -0.17883974 0.72974836 0.56516003
v -0.17785161 0.73489993 0.52981287
v -0.19459606 0.74122178 0.54245609
v -0.21130511 0.7446081 0.55638384
v -0.19447165 0.73299217 0.57817548
v -0.22759178 0.74502331 0.57139247
v -0.2098871 0.73328554 0.59214258
v -0.24301926 0.74239271 0.58721149
v -0.22459052 0.73051959 0.60682559
v -0.25717297 0.73672437 0.6034944
v -0.23816838 0.72475791 0.62190878
v -0.26968246 0.72818923 0.61981523
v -0.25032669 0.71616095 0.63694691
v -0.28042426 0.71708589 0.63570016
v -0.26080337 0.70501893 0.65137678
v -0.24301709 0.68987381 0.66474998
v -0.2696619 0.6917181 0.66471117
v -0.25214865 0.67707645 0.67638409
v -0.23635798 0.66075313 0.68551075
v -0.26030087 0.66302281 0.68653589
v -0.24549378 0.64771813 0.69408953
v -0.23165747 0.63150692 0.6992703
v -0.25486004 0.63360595 0.7013033
v -0.24216727 0.61867386 0.70555615
v -0.22958575 0.60335356 0.70788252
v -0.21824058 0.61487865 0.70227611
v -0.21727505 0.58807098 0.70819413
v -0.20538826 0.59826374 0.70278751
v -0.20557612 0.57336688 0.70647311
v -0.19354993 0.58271646 0.70118957
v -0.19478017 0.5596224 0.70323371
v -0.21837316 0.56284838 0.71060389
v -0.20734901 0.54964578 0.70737069
v -0.19712017 0.53726881 0.70289671
v -0.18496604 0.54698693 0.69876503
v -0.18767878 0.5257461 0.69731468
v -0.17596882 0.53526026 0.69328028
v -0.17894057 0.51496321 0.69090151
v -0.20014567 0.51575261 0.70017164
v -0.19087389 0.50531315 0.69371205
v -0.18231503 0.4956431 0.68645823
v -0.20354895 0.49528634 0.69533294
v -0.19431622 0.48608908 0.68822372
v -0.18568454 0.47762161 0.68028074
v -0.20700322 0.4760757 0.68842858
v -0.19742004 0.46811813 0.6805734
v -0.18836644 0.46094355 0.67205178
v -0.20794044 0.45818969 0.67877447
v -0.19766557 0.45168557 0.67027205
v -0.21633911 0.44780176 0.67463487
v -0.20528009 0.44184324 0.66613727
v -0.22348943 0.43694546 0.66856992
v -0.21193097 0.4315336 0.66009491
v -0.20116818 0.42712992 0.65125465
v -0.21807467 0.4216482 0.65280324
v -0.20691202 0.41767782 0.64394396
v -0.19641263 0.41470202 0.63489252
v -0.21281287 0.40850272 0.63562661
v -0.20214435 0.40588069 0.62638151
v -0.19164934 0.40417289 0.61694592
v -0.20842617 0.39725592 0.61689955
v -0.19763673 0.39584195 0.60725683
v -0.18655425 0.39576306 0.59750652
v -0.20424161 0.38800656 0.59666544
v -0.1928071 0.38822799 0.58680015
v -0.18100099 0.39031922 0.57781767
v -0.19972899 0.38132342 0.57519817
v -0.18738213 0.38379371 0.56618487
v -0.17416997 0.38824805 0.5584765
v -0.19422128 0.37795785 0.553963
v -0.1803551 0.38272875 0.54618215
v -0.16684609 0.38897761 0.5391879
v -0.18700535 0.37819951 0.53334695
v -0.17310389 0.38453722 0.52625143
v -0.16041401 0.39179098 0.51937031
v -0.17983339 0.38127234 0.51295268
v -0.16668357 0.38849616 0.5059064
v -0.15512207 0.39661604 0.49853938
v -0.17336107 0.38645964 0.49219802
v -0.16179604 0.39472606 0.484308
v -0.1520802 0.40334576 0.4760372
v -0.16932509 0.39383766 0.46970215
v -0.16018904 0.40271377 0.46050173
v -0.15228448 0.41227588 0.45191001
v -0.16967353 0.40336236 0.44483599
v -0.16231823 0.41332328 0.43522629
v -0.15567916 0.42420858 0.42626828
v -0.17398789 0.41580367 0.41902285
v -0.16817258 0.42776343 0.40874016
v -0.16252432 0.44088202 0.39952153
v -0.18292258 0.4329454 0.39212989
v -0.17814144 0.44769111 0.38192448
v -0.17322568 0.46396386 0.373272
v -0.19654086 0.45601528 0.36603096
v -0.19225834 0.47417306 0.35721209
v -0.18736323 0.49366512 0.35062187
v -0.16796715 0.48146805 0.36651876
v -0.18189156 0.51405441 0.34667432
v -0.16233561 0.49996897 0.36200696
v -0.17584511 0.53497922 0.34555035
v -0.15633799 0.5192027 0.36008209
v -0.16929221 0.5560134 0.34755781
v -0.1500744 0.53864848 0.36091113
v -0.16219711 0.57663148 0.35269838
v -0.14355464 0.55795329 0.36459246
v -0.15436822 0.5963673 0.36118283
v -0.13667585 0.57702004 0.37146285
v -0.1456893 0.6142618 0.37334239
v -0.12913973 0.59455257 0.38188862
v -0.11423854 0.57441151 0.39416191
v -0.12048972 0.60842979 0.39575246
v -0.10669525 0.58673858 0.4061996
v -0.111636 0.61841648 0.41186574
v -0.09887415 0.59540796 0.42074373
v -0.10344015 0.62524402 0.42930439
v -0.09222411 0.60166889 0.43603479
v -0.08297676 0.57585912 0.44714528
v -0.08619888 0.60550499 0.45245915
v -0.07860195 0.5800752 0.460624
v -0.08054454 0.60620367 0.47056126
v -0.07484012 0.58221101 0.47546833
v -0.07158809 0.55665433 0.48393383
v -0.07165004 0.58158546 0.49199378
v -0.06968742 0.55824285 0.49682983
v -0.07038144 0.53516757 0.50353837
v -0.06855746 0.55719012 0.51114291
v -0.06975825 0.53579735 0.51492571
v -0.06854772 0.55366283 0.52611756
v -0.07010664 0.53405559 0.52718597
v -0.06977416 0.54866564 0.54038167
v -0.07140611 0.53037041 0.53916066
v -0.07188001 0.54309785 0.5528633
v -0.07358491 0.52554744 0.54983902
v -0.07684798 0.50810265 0.54629278
v -0.08163745 0.49043908 0.54026007
v -0.07657983 0.51891446 0.55946975
v -0.07952132 0.50279146 0.55373352
v -0.08110791 0.50916242 0.56840878
v -0.07519396 0.5346288 0.56461405
v -0.08012315 0.52214717 0.57565331
v -0.07519675 0.54996275 0.56991225
v -0.08038943 0.53483986 0.5826599
v -0.07665932 0.56372362 0.57570898
v -0.07189456 0.56057125 0.55606305
v -0.07339493 0.57751828 0.55966216
v -0.07660254 0.59296077 0.56439155
v -0.0718302 0.58640289 0.54352533
v -0.07574707 0.60538703 0.54611843
v -0.08146547 0.62219321 0.55049568
v -0.07645981 0.61385273 0.52794104
v -0.08338066 0.63348859 0.53054285
v -0.09185116 0.65063077 0.53505539
v -0.08672366 0.64128452 0.51021415
v -0.09674112 0.66038793 0.51338881
v -0.10808561 0.67724323 0.51847273
v -0.10117965 0.66543418 0.5410704
v -0.12033341 0.69196242 0.52503931
v -0.11173734 0.67875415 0.54810625
v -0.13382342 0.7047128 0.53305637
v -0.13036443 0.70092588 0.50130754
v -0.14545427 0.71467435 0.50906765
v -0.1614044 0.72597825 0.51862543
v -0.15807633 0.72029233 0.48465579
v -0.17551238 0.73229199 0.49419912
v -0.19334605 0.74165666 0.50560134
v -0.19029107 0.73394668 0.4695909
v -0.2093314 0.74369508 0.48117205
v -0.22840386 0.75062233 0.49471804
v -0.21129021 0.74820828 0.51878184
v -0.24708938 0.75467377 0.50996083
v -0.22901286 0.7518742 0.53343749
v -0.26512053 0.75564181 0.52662432
v -0.2461646 0.75253588 0.54932308
v -0.28201159 0.75346523 0.54439216
v -0.26233407 0.75016033 0.56615996
v -0.2974106 0.74824088 0.56284505
v -0.27713728 0.74465447 0.58361065
v -0.31100285 0.74008733 0.5816344
v -0.29018208 0.73624616 0.60114842
v -0.32236778 0.72916406 0.60015595
v -0.30119779 0.72522121 0.61837714
v -0.33154723 0.71588397 0.6179282
v -0.31015732 0.7119807 0.63483536
v -0.28918173 0.70376366 0.65063273
v -0.31697732 0.69693267 0.65002089
v -0.29596161 0.68869906 0.66432619
v -0.27692422 0.67693024 0.67662942
v -0.30076476 0.67244535 0.67636823
v -0.28297743 0.66102504 0.68688631
v -0.26804587 0.64773684 0.69514876
v -0.28868582 0.64415812 0.69538271
v -0.27674126 0.63166385 0.701963
v -0.26542025 0.61835706 0.70708471
v -0.28825181 0.61604106 0.70646691
v -0.27853182 0.60266357 0.71100139
v -0.26774105 0.58968782 0.71395623
v -0.25391644 0.60463297 0.71063339
v -0.25605747 0.57668906 0.71529996
v -0.24198567 0.59063303 0.71241325
v -0.24401804 0.56391155 0.7151134
v -0.23003068 0.57660675 0.71234768
v -0.23208777 0.55124914 0.71342808
v -0.25925156 0.55094212 0.71607071
v -0.246849 0.53891074 0.71450018
v -0.23502302 0.52724325 0.71141713
v -0.22069668 0.53883987 0.71017348
v -0.22386762 0.51594871 0.70710396
v -0.21003991 0.52691108 0.70573216
v -0.2134165 0.50527113 0.70170861
v -0.23850022 0.50459098 0.706842
v -0.22741358 0.49432432 0.70167416
v -0.21692116 0.48478007 0.6954472
v -0.24140176 0.48296988 0.6996575
v -0.2300685 0.47378414 0.69359761
v -0.21891646 0.46553933 0.68664133
v -0.24051728 0.46255758 0.68956708
v -0.22824792 0.45468026 0.68253248
v -0.2488304 0.45096853 0.68344599
v -0.23586483 0.44341409 0.6763941
v -0.25597047 0.43963673 0.67607265
v -0.24270844 0.4326103 0.66903835
v -0.23003213 0.42657643 0.66125065
v -0.24908284 0.42249938 0.6607809
v -0.23622146 0.41682061 0.65301644
v -0.2240802 0.41215369 0.64458686
v -0.24235926 0.40772533 0.64388674
v -0.23039792 0.40327855 0.63532942
v -0.21923004 0.39977359 0.62629377
v -0.23731188 0.39487141 0.62527281
v -0.22633332 0.39150846 0.61603581
v -0.2153574 0.38916021 0.60648554
v -0.23417776 0.38385385 0.6048277
v -0.22299103 0.38171458 0.59514761
v -0.21155241 0.38083833 0.58515298
v -0.23129977 0.37523093 0.58292526
v -0.21945592 0.37454554 0.57291084
v -0.20718994 0.37529128 0.56291753
v -0.22791263 0.36931467 0.55998235
v -0.21517026 0.37034076 0.55009669
v -0.20153741 0.37329065 0.54113262
v -0.22352349 0.36667135 0.53681623
v -0.20906174 0.36984136 0.52805376
v -0.19406974 0.37480926 0.52022159
v -0.21679158 0.36756381 0.51480859
v -0.20140978 0.37251982 0.50699424
v -0.18674798 0.37890553 0.49954161
v -0.20904095 0.37139919 0.49392911
v -0.19395186 0.37786391 0.48631465
v -0.18040572 0.38564851 0.47841528
v -0.20127031 0.37790226 0.47362527
v -0.18808403 0.38568061 0.46506145
v -0.17799283 0.39416018 0.45512154
v -0.19669564 0.38647794 0.45237609
v -0.18767009 0.39537426 0.44109335
v -0.18038466 0.40509995 0.42981505
v -0.19802095 0.39742296 0.42833918
v -0.19237427 0.40782737 0.41573882
v -0.18753121 0.41958415 0.40349435
v -0.20649266 0.41148489 0.40237566
v -0.20361031 0.42455864 0.38890439
v -0.20030497 0.43944308 0.3767265
v -0.22274889 0.4306111 0.37595838
v -0.2204487 0.44710585 0.363435
v -0.2173901 0.46551212 0.35271838
v -0.24260799 0.4554246 0.35334628
v -0.239983 0.47544032 0.34292182
v -0.23642763 0.49702835 0.33481454
v -0.21353252 0.48542448 0.34408739
v -0.23190538 0.51984727 0.32940521
v -0.20890705 0.50665932 0.33806958
v -0.22645716 0.54343599 0.32711049
v -0.20346774 0.52876842 0.33494171
v -0.2200625 0.56724214 0.32810381
v -0.19728264 0.55126053 0.3348827
v -0.21261251 0.5905925 0.33245253
v -0.19028513 0.57357621 0.33804777
v -0.20413549 0.61296469 0.34043881
v -0.18249662 0.59514945 0.34459161
v -0.194432 0.63364553 0.3518635
v -0.17373319 0.61539536 0.3547219
v -0.1836183 0.65196609 0.36649391
v -0.16389559 0.63349294 0.36821854
v -0.17194753 0.66703629 0.38411808
v -0.15321572 0.64847064 0.38477438
v -0.13604554 0.62892103 0.38868352
v -0.14216806 0.65980684 0.4037539
v -0.12607681 0.63977217 0.40636828
v -0.13133388 0.66733205 0.42446911
v -0.11639742 0.64702647 0.42578694
v -0.12097053 0.67100566 0.44639635
v -0.10715132 0.65053248 0.4465388
v -0.09558583 0.62877947 0.44840031
v -0.09883634 0.65035647 0.46795246
v -0.08845508 0.62869298 0.46849936
v -0.0918984 0.64703077 0.48928645
v -0.0827431 0.62567699 0.48887971
v -0.07601899 0.60385757 0.48969265
v -0.07864806 0.62056571 0.5089029
v -0.07295084 0.59942621 0.50862425
v -0.06964614 0.57839232 0.5092231
v -0.07154814 0.59333562 0.52673399
v -0.06903126 0.57321637 0.52614897
v -0.06977022 0.56731683 0.54183751
v -0.11147578 0.67079347 0.46890527
v -0.10323377 0.66709601 0.49135005
v -0.12577633 0.68947666 0.47193411
v -0.11622359 0.68510872 0.49535724
v -0.14149865 0.70591455 0.47719556
v -0.1366382 0.6897729 0.44854596
v -0.15362432 0.70668608 0.45311814
v -0.17160902 0.72145795 0.46020096
v -0.16627211 0.70324808 0.42964649
v -0.18544068 0.71835082 0.43628081
v -0.20523558 0.73119217 0.44545126
v -0.1993743 0.71096766 0.4134075
v -0.22018501 0.72400492 0.42236751
v -0.24125085 0.73446917 0.43385994
v -0.22540909 0.74130892 0.45702007
v -0.26213002 0.74221897 0.44776707
v -0.2454535 0.74865901 0.47081917
v -0.28250819 0.7469241 0.46379786
v -0.26508542 0.75302928 0.48654353
v -0.30189853 0.74854189 0.48156419
v -0.28383752 0.75428426 0.50390148
v -0.31997165 0.74711793 0.50067532
v -0.30136126 0.75239175 0.52241879
v -0.33633124 0.7425062 0.52085036
v -0.31730237 0.74743253 0.54179686
v -0.35066661 0.73487252 0.5415278
v -0.33133253 0.73957139 0.56158626
v -0.36267256 0.72449761 0.56227242
v -0.34307044 0.72879964 0.58132475
v -0.37224543 0.71160566 0.58246702
v -0.35246935 0.71567857 0.6004166
v -0.3794516 0.69675248 0.60176527
v -0.35957297 0.7007519 0.61856287
v -0.33856082 0.70107197 0.63470011
v -0.36417794 0.68406593 0.63497954
v -0.34324753 0.68451434 0.6497032
v -0.32151815 0.68061739 0.66363138
v -0.3456729 0.66742295 0.66304147
v -0.32372289 0.66384744 0.67552995
v -0.30384743 0.65559685 0.68659257
v -0.29711115 0.62869703 0.70071113
v -0.31086841 0.61631113 0.7021029
v -0.30352076 0.60335683 0.70740908
v -0.3306325 0.60640502 0.69895488
v -0.32230323 0.59278309 0.70483386
v -0.312258 0.57891249 0.70960116
v -0.29424744 0.58983463 0.7117657
v -0.30080187 0.56511694 0.71303403
v -0.28354993 0.57654029 0.71471536
v -0.28831154 0.55173283 0.71484172
v -0.27165249 0.56348371 0.71616029
v -0.27538272 0.53893965 0.71506178
v -0.30481436 0.5403465 0.71144312
v -0.29148188 0.52734702 0.71203988
v -0.27825722 0.51511931 0.71101588
v -0.26254385 0.52684325 0.71375232
v -0.26555329 0.50372725 0.70851165
v -0.25024056 0.51545471 0.71091693
v -0.25323987 0.49299994 0.70466804
v -0.2792935 0.49171024 0.70408487
v -0.26602366 0.48119634 0.70042389
v -0.25308638 0.47144526 0.69552689
v -0.27595591 0.46891552 0.69438302
v -0.26218807 0.45949935 0.68948125
v -0.28395849 0.45684129 0.68689733
v -0.26970872 0.44772467 0.68205583
v -0.29079398 0.44551608 0.67858088
v -0.27633807 0.43678942 0.67373597
v -0.2624748 0.42915236 0.66774416
v -0.28229367 0.42667543 0.66471749
v -0.26851955 0.4194177 0.65873903
v -0.25516563 0.4131039 0.65176498
v -0.27419966 0.41053783 0.64899569
v -0.26114788 0.40443021 0.64200294
v -0.24879398 0.39925488 0.63392734
v -0.2675122 0.39652559 0.6313622
v -0.25602215 0.3914254 0.62311232
v -0.24510859 0.38710898 0.61421227
v -0.26447776 0.38433909 0.61127084
v -0.25383099 0.38013744 0.60219448
v -0.24275642 0.377061 0.59272676
v -0.26340407 0.37432321 0.58929204
v -0.25201645 0.37146291 0.57976537
v -0.24014438 0.36969167 0.56998586
v -0.26181891 0.36703997 0.56615036
v -0.24949768 0.3655124 0.55641543
v -0.23681208 0.36532396 0.54649347
v -0.25923723 0.36283719 0.54236805
v -0.24600058 0.36281976 0.53267449
v -0.23197218 0.36429864 0.52328985
v -0.25531569 0.36166325 0.51870906
v -0.2404681 0.3632344 0.509772
v -0.22473311 0.3664855 0.50160509
v -0.24898722 0.36347869 0.49639412
v -0.23282089 0.36657556 0.48869726
v -0.2167806 0.37146666 0.48134842
v -0.2409439 0.36784052 0.47618198
v -0.22448502 0.37229493 0.4693861
v -0.20882035 0.37879583 0.46171933
v -0.23215554 0.37423637 0.45813238
v -0.21657839 0.38041153 0.45078703
v -0.20554806 0.38810613 0.44084966
v -0.22372908 0.38257658 0.44123372
v -0.21448476 0.39030015 0.43050542
v -0.20954932 0.40014505 0.41659608
v -0.2248106 0.40388965 0.40444713
v -0.2242531 0.4162122 0.38970348
v -0.24475126 0.40814983 0.39398473
v -0.24507582 0.42144084 0.3795084
v -0.24431297 0.43735984 0.36568519
v -0.26718637 0.42701977 0.37309017
v -0.26687642 0.44432202 0.35922294
v -0.26562243 0.46379736 0.34685835
v -0.28949958 0.45076525 0.35646089
v -0.28882196 0.471818 0.34431475
v -0.28706142 0.49486133 0.33455106
v -0.26343014 0.48533284 0.33675378
v -0.284116 0.51939469 0.32757568
v -0.2601566 0.50848066 0.3291805
v -0.2799538 0.54490459 0.32368007
v -0.25578469 0.53271299 0.32461726
v -0.27451315 0.57085573 0.32319268
v -0.25032666 0.55758613 0.32321539
v -0.26768174 0.59664076 0.32634204
v -0.2436949 0.58249276 0.32529044
v -0.2593753 0.62155592 0.33300238
v -0.23581156 0.60671478 0.33082863
v -0.24965827 0.64495796 0.34319558
v -0.22665433 0.6296845 0.34004622
v -0.23853965 0.66615027 0.35665908
v -0.216138 0.65069031 0.35259386
v -0.22620998 0.68451517 0.37316006
v -0.20444338 0.66908162 0.36815825
v -0.21305851 0.69962406 0.39215952
v -0.192008 0.68424242 0.38661378
v -0.17917695 0.69568419 0.40727976
v -0.15994823 0.67851734 0.40399381
v -0.1481118 0.68618065 0.42568919
v -0.24852909 0.69785398 0.38124215
v -0.23469895 0.71282923 0.40074276
v -0.2709279 0.70885217 0.39221662
v -0.2565155 0.72356343 0.41208341
v -0.29306364 0.71715629 0.40593454
v -0.27809545 0.73168581 0.42597606
v -0.31441974 0.72258126 0.42197328
v -0.29905897 0.73676413 0.44211715
v -0.33471122 0.72509431 0.43999677
v -0.31895363 0.73883479 0.4601303
v -0.35339126 0.72443413 0.45983034
v -0.33740046 0.73774588 0.47969606
v -0.37023189 0.72078043 0.48086983
v -0.35410186 0.73361116 0.50041544
v -0.38493663 0.71417397 0.5027135
v -0.36863151 0.72635769 0.52178335
v -0.39726671 0.70479267 0.52485126
v -0.38083252 0.71638876 0.54327529
v -0.4069809 0.69282269 0.54684096
v -0.39050903 0.70388519 0.56447362
v -0.41391521 0.67854797 0.56803828
v -0.39763942 0.68927151 0.58481872
v -0.41822025 0.66242259 0.58813172
v -0.40212988 0.67278188 0.60383433
v -0.38393378 0.68003624 0.61962974
v -0.4039216 0.6548419 0.62132841
v -0.38620856 0.66224032 0.63585543
v -0.36663129 0.66658777 0.6497612
v -0.38571697 0.64364355 0.65030825
v -0.36648264 0.64855325 0.66272014
v -0.38253104 0.62495428 0.66333484
v -0.36364132 0.63074523 0.67436194
v -0.37646427 0.60674738 0.67472374
v -0.35793513 0.61379861 0.68426269
v -0.36811983 0.58946889 0.68445265
v -0.35021051 0.59809708 0.69263839
v -0.3579418 0.5732004 0.69256013
v -0.34085255 0.58305472 0.69961369
v -0.34625294 0.55766844 0.69879841
v -0.32994294 0.56836289 0.70510888
v -0.33353555 0.54283958 0.70337361
v -0.31780529 0.55410331 0.70913404
v -0.32009664 0.52868485 0.70614892
v -0.34746545 0.531313 0.69618839
v -0.33340835 0.5167703 0.69933497
v -0.31907466 0.50325471 0.70051699
v -0.30637803 0.51546013 0.70705795
v -0.30452951 0.49072939 0.69999933
v -0.29268771 0.50308907 0.70631653
v -0.29008662 0.47931325 0.69790136
v -0.31399479 0.47849446 0.6925258
v -0.29872831 0.46705743 0.69046723
v -0.32181921 0.46678829 0.68412846
v -0.30598524 0.45545607 0.68215876
v -0.3283233 0.4556747 0.67503047
v -0.31202712 0.4446161 0.6730389
v -0.29669258 0.43500995 0.66949278
v -0.31690141 0.43455281 0.66336786
v -0.30169388 0.42539683 0.65978413
v -0.2876524 0.41748744 0.65495711
v -0.3058342 0.4166603 0.64975458
v -0.29255357 0.40915337 0.64474713
v -0.27976951 0.40246719 0.63857138
v -0.2974461 0.40168029 0.63393092
v -0.28593215 0.39512592 0.62729543
v -0.27501535 0.3893795 0.61972099
v -0.2939718 0.38884428 0.615085
v -0.28430467 0.38320118 0.60703283
v -0.27420276 0.37828013 0.59844136
v -0.29526898 0.37850949 0.59361183
v -0.28489619 0.37371513 0.58483731
v -0.27366238 0.36975997 0.5757038
v -0.29609358 0.37082189 0.57070207
v -0.28437393 0.36688247 0.56147772
v -0.27202126 0.36424198 0.55200606
v -0.29542347 0.36576485 0.54680216
v -0.2825666 0.36300754 0.53741937
v -0.26922911 0.36163923 0.52801597
v -0.29329398 0.36350458 0.52247893
v -0.27928689 0.36203563 0.51342135
v -0.26455894 0.36198335 0.50468331
v -0.28920385 0.36400091 0.49862557
v -0.27372968 0.36377 0.49056056
v -0.25753805 0.36505323 0.48309388
v -0.28291687 0.3670502 0.47613808
v -0.26612603 0.36784407 0.4696725
v -0.24900198 0.3701395 0.46392154
v -0.27498748 0.37229663 0.45567542
v -0.257211 0.37374183 0.45145356
v -0.23947386 0.37683534 0.44759389
v -0.26610085 0.3793548 0.43736138
v -0.28437545 0.37920415 0.44007065
v -0.29385066 0.38941225 0.42267254
v -0.27562648 0.3886305 0.42037162
v -0.30183792 0.40267381 0.40479767
v -0.28323653 0.40100404 0.40273249
v -0.30722692 0.41850522 0.38749918
v -0.28745827 0.41558912 0.38598388
v -0.26636865 0.41207927 0.38788631
v -0.28905046 0.43202674 0.37046921
v -0.31016007 0.4364826 0.37160149
v -0.31138983 0.45667719 0.35742297
v -0.33004543 0.44059193 0.37574273
v -0.33223763 0.46201053 0.36150869
v -0.33303841 0.48568129 0.34975904
v -0.31142777 0.47915184 0.34536263
v -0.33254635 0.51123857 0.34075301
v -0.3102436 0.50356596 0.33597728
v -0.33059641 0.53820192 0.33497396
v -0.30776494 0.52939659 0.32960924
v -0.32706084 0.56578344 0.33281028
v -0.30386143 0.5560112 0.3264966
v -0.32190799 0.59331017 0.33416685
v -0.2984654 0.58288621 0.32697638
v -0.31504282 0.62023955 0.33920583
v -0.29154491 0.60933351 0.33109185
v -0.30640098 0.64584869 0.34779402
v -0.28301084 0.63469523 0.33872941
v -0.29611608 0.66955792 0.35965332
v -0.27294251 0.65834379 0.34984177
v -0.28421735 0.69072222 0.37457364
v -0.26138791 0.67960238 0.36406973
v -0.31878581 0.67836266 0.37239641
v -0.30671334 0.69933384 0.3878982
v -0.34061342 0.68443876 0.38774213
v -0.32834518 0.70506763 0.40372756
v -0.36117303 0.68769657 0.4054653
v -0.34880188 0.70786875 0.42171174
v -0.38003948 0.68810105 0.42502695
v -0.36767751 0.70780122 0.4414311
v -0.39686936 0.68562454 0.4461978
v -0.3845804 0.70470064 0.46268254
v -0.41150009 0.68038219 0.46841946
v -0.39931231 0.69874376 0.48481455
v -0.42359775 0.67238336 0.4912692
v -0.41156339 0.68997907 0.5073933
v -0.4330005 0.66175878 0.51424628
v -0.42116564 0.67862564 0.52996563
v -0.43953412 0.64875131 0.53678947
v -0.4279057 0.6649062 0.55192941
v -0.44305449 0.63367122 0.55834841
v -0.43180319 0.64922231 0.57285314
v -0.44371575 0.61701911 0.57857459
v -0.43290814 0.63193225 0.59243577
v -0.41964313 0.64470398 0.60677975
v -0.43098634 0.61355948 0.61044365
v -0.41821301 0.62600189 0.62387621
v -0.40298083 0.63601726 0.63720297
v -0.41400355 0.60681688 0.63935279
v -0.39929711 0.61691051 0.65158391
v -0.40704169 0.58776432 0.6530261
v -0.3928774 0.59802281 0.66421181
v -0.39765733 0.56940609 0.66484195
v -0.38404393 0.57997232 0.6751092
v -0.38629317 0.55192852 0.67456698
v -0.3731403 0.56292593 0.68403679
v -0.37342536 0.53535085 0.68229717
v -0.36083796 0.54669934 0.69107639
v -0.35942897 0.51969862 0.68784016
v -0.38401112 0.52362614 0.67247229
v -0.36951842 0.50793552 0.67861205
v -0.35403516 0.49318432 0.68249213
v -0.3446272 0.50486546 0.69137138
v -0.33797627 0.47939479 0.68429774
v -0.32939699 0.49112218 0.6929025
v -0.36181074 0.48163726 0.67292684
v -0.34516608 0.46813455 0.67502224
v -0.36819207 0.47048267 0.66253548
v -0.35107034 0.4574348 0.66505849
v -0.33359375 0.44529008 0.66529387
v -0.35574552 0.44740659 0.65459054
v -0.33772605 0.43576583 0.65524727
v -0.32051158 0.42530825 0.65342283
v -0.34069317 0.42714756 0.64524561
v -0.32299083 0.41693198 0.64342838
v -0.30954176 0.40891173 0.63945597
v -0.32478275 0.40978077 0.63385486
v -0.31370279 0.40243238 0.62924754
v -0.30363538 0.39530101 0.62251949
v -0.32019281 0.39787656 0.619152
v -0.31269937 0.39071637 0.6108309
v -0.30452138 0.38425216 0.60220354
v -0.32528066 0.38832083 0.59814411
v -0.31692418 0.38162216 0.58883041
v -0.30708578 0.37570202 0.57973069
v -0.32988283 0.38104638 0.57508003
v -0.3192901 0.37481084 0.56548559
v -0.30769279 0.36968559 0.55610442
v -0.33169943 0.37577498 0.55091655
v -0.31953123 0.37049034 0.54118728
v -0.30669531 0.36632481 0.53173428
v -0.33134016 0.37314978 0.52592253
v -0.31798139 0.36876088 0.51636374
v -0.30391767 0.36564746 0.50725847
v -0.32908362 0.37303832 0.50058442
v -0.31444975 0.36970216 0.49161753
v -0.29907503 0.36770921 0.48342195
v -0.32489693 0.37591472 0.47539261
v -0.30897641 0.37353032 0.46763011
v -0.29232427 0.37223613 0.46105805
v -0.31904426 0.38193005 0.45070809
v -0.30210226 0.38006126 0.44455626
v -0.32860353 0.39309644 0.4332773
v -0.31155896 0.39087513 0.42707744
v -0.33705318 0.40739283 0.41556823
v -0.31979808 0.40471711 0.40918913
v -0.3437682 0.42469021 0.39839384
v -0.32600659 0.42142465 0.39182481
v -0.34866744 0.44447875 0.38241526
v -0.3605028 0.42816224 0.40692749
v -0.366104 0.44815039 0.39116472
v -0.37001508 0.4710161 0.37763679
v -0.35188108 0.46674549 0.3683992
v -0.37231218 0.4962418 0.36668062
v -0.35345867 0.49136942 0.35690009
v -0.37327426 0.52330011 0.35881531
v -0.3536199 0.51786941 0.34850481
v -0.37256905 0.55158549 0.35476353
v -0.35229268 0.54560869 0.34350177
v -0.37011119 0.58015143 0.35435313
v -0.34925788 0.57390338 0.34209805
v -0.36572498 0.60835367 0.35771024
v -0.3443939 0.60189437 0.34456166
v -0.35938063 0.63547349 0.36452335
v -0.33772456 0.62901687 0.35052564
v -0.35102504 0.66104167 0.37455087
v -0.32917198 0.65472173 0.35984
v -0.3795599 0.63947016 0.38100895
v -0.37146121 0.66473966 0.39174735
v -0.39798715 0.64096617 0.39960563
v -0.39015328 0.66570609 0.41096669
v -0.41443842 0.64001673 0.41993713
v -0.40685495 0.66396755 0.4317978
v -0.42850348 0.63657105 0.44168612
v -0.42127153 0.65954035 0.45390468
v -0.44006395 0.63047552 0.46435943
v -0.43316006 0.65242618 0.47680923
v -0.44891274 0.62179863 0.48744317
v -0.44230422 0.64269679 0.49998855
v -0.45483493 0.61066198 0.51029664
v -0.44851574 0.63054454 0.52282136
v -0.45783197 0.59735775 0.53225129
v -0.45182564 0.61625891 0.5447849
v -0.45785611 0.5823791 0.55280727
v -0.45204198 0.600349 0.56535232
v -0.45484313 0.5662679 0.57166391
v -0.44940727 0.58337605 0.5843237
v -0.4414604 0.59923219 0.59724849
v -0.44402405 0.56588661 0.60147863
v -0.43636778 0.58099687 0.61417555
v -0.42635187 0.59473079 0.62684565
v -0.42866691 0.56276243 0.62925547
v -0.41900202 0.57592409 0.64132624
v -0.41857621 0.54494738 0.64223051
v -0.40920895 0.55767715 0.65385836
v -0.40649414 0.52784448 0.65316617
v -0.39743191 0.54022461 0.66428452
v -0.39274168 0.51160651 0.66193646
v -0.41359365 0.51498401 0.64134401
v -0.39967834 0.49937257 0.65054994
v -0.38442203 0.48452934 0.65764296
v -0.37776228 0.49616238 0.66850465
v -0.40488541 0.48703154 0.63842034
v -0.38959041 0.47312679 0.64593303
v -0.3731513 0.45989567 0.65140086
v -0.39341074 0.46192961 0.63341683
v -0.37705838 0.4498116 0.63965302
v -0.35935804 0.43827694 0.64374464
v -0.37975204 0.43997836 0.62703591
v -0.36176985 0.42971196 0.63275027
v -0.34222862 0.41954386 0.63578796
v -0.37991818 0.42971915 0.61432611
v -0.37643352 0.41895625 0.60251236
v -0.39572709 0.45061689 0.61981213
v -0.39533817 0.43850019 0.60555446
v -0.39152672 0.42612016 0.59199392
v -0.38477599 0.414269 0.57973319
v -0.37006622 0.40842393 0.59171235
v -0.40916347 0.44836077 0.59608387
v -0.40524107 0.43470463 0.58116549
v -0.39829635 0.42171898 0.56745845
v -0.38933908 0.40990394 0.55492007
v -0.37616893 0.40339383 0.5683915
v -0.41756945 0.44477006 0.57018065
v -0.41056555 0.43072679 0.55521035
v -0.40133771 0.41807782 0.54133743
v -0.39103525 0.40734809 0.52854949
v -0.37918347 0.39976623 0.54308188
v -0.42133334 0.44104996 0.54305332
v -0.41211736 0.42779883 0.52797395
v -0.4016357 0.41672802 0.51398098
v -0.39028322 0.40763691 0.50100833
v -0.37963527 0.39836573 0.51639366
v -0.42135998 0.43878823 0.51490801
v -0.41094669 0.42771995 0.49965566
v -0.39977514 0.41886946 0.48573157
v -0.38760998 0.41157579 0.47284796
v -0.37797209 0.40011334 0.48882857
v -0.41878143 0.44022396 0.48585686
v -0.40793907 0.43205043 0.47093904
v -0.3960793 0.42527031 0.45721542
v -0.38295418 0.41966113 0.44473341
v -0.37436142 0.40544366 0.46105703
v -0.41489458 0.44713324 0.45695519
v -0.40332216 0.44137221 0.44234424
v -0.39037168 0.43644312 0.42905673
v -0.37609443 0.43202611 0.41716024
v -0.36872059 0.41480371 0.43352419
v -0.40941739 0.46000158 0.42873808
v -0.39655944 0.45592361 0.41464155
v -0.38210678 0.45202395 0.40207633
v -0.40143355 0.47832346 0.40221133
v -0.38657507 0.47486737 0.38898101
v -0.40512043 0.5035209 0.39252334
v -0.3896256 0.5002672 0.3786309
v -0.4073835 0.53073656 0.38640797
v -0.39123788 0.52762776 0.3716216
v -0.40816041 0.55888056 0.38421374
v -0.39127388 0.55600482 0.36837777
v -0.40694701 0.58710628 0.38594105
v -0.38942658 0.58458066 0.36903765
v -0.40359339 0.61459124 0.39117735
v -0.38552132 0.61255085 0.37335902
v -0.42238801 0.58774048 0.4046365
v -0.41962114 0.61445856 0.41079288
v -0.43564045 0.58634328 0.42482399
v -0.43332961 0.61204284 0.43185332
v -0.44633668 0.5827474 0.4461953
v -0.44441217 0.60709953 0.45407715
v -0.45438176 0.57665103 0.46814152
v -0.45293897 0.59963399 0.476745
v -0.45963689 0.56795173 0.49000537
v -0.45858505 0.58964371 0.49931973
v -0.46187132 0.55675047 0.51078838
v -0.46113991 0.57735484 0.52092647
v -0.46121165 0.54376411 0.5298416
v -0.46076095 0.56337034 0.54099303
v -0.45790961 0.52979975 0.54709041
v -0.45767155 0.54832381 0.55931645
v -0.45226296 0.5153836 0.56275129
v -0.45197257 0.5327835 0.57588529
v -0.44919091 0.54972213 0.58872956
v -0.44397008 0.5173735 0.59072357
v -0.44112384 0.53325188 0.60397285
v -0.43603664 0.54845625 0.61675936
v -0.43090528 0.51718211 0.61731928
v -0.42578584 0.53139805 0.63007509
v -0.41869184 0.50174099 0.6287899
v -0.43383616 0.50240314 0.60392576
v -0.42194101 0.48813045 0.61549425
v -0.40837571 0.4746401 0.6253097
v -0.42304143 0.47396361 0.60118389
v -0.40999284 0.46184992 0.61118209
v -0.42165288 0.45931893 0.5858097
v -0.43284487 0.47140634 0.57462948
v -0.42838931 0.45588928 0.55887097
v -0.43457067 0.48703411 0.58974379
v -0.44437873 0.50096356 0.57689905
v -0.44230946 0.48434495 0.5624026
v -0.44999271 0.49772721 0.54908084
v -0.44518938 0.48033085 0.53453517
v -0.43769359 0.4678266 0.54703092
v -0.43783664 0.46411871 0.51876127
v -0.43047761 0.45226723 0.53096264
v -0.4288319 0.4506765 0.50213992
v -0.44343897 0.47604847 0.50655371
v -0.43476188 0.46316087 0.48983398
v -0.42525163 0.45397272 0.47275498
v -0.43920251 0.47627508 0.47818619
v -0.43046256 0.46918168 0.46082025
v -0.42069995 0.46435537 0.44416973
v -0.43498218 0.48687785 0.45045572
v -0.42577263 0.48425224 0.43311724
v -0.41453635 0.48141127 0.4169721
v -0.43008258 0.50747418 0.42489618
v -0.41863519 0.50591886 0.40806075
v -0.43351233 0.53327262 0.42071759
v -0.42160525 0.53262203 0.4028579
v -0.43552142 0.55991393 0.42092117
v -0.42299628 0.56021887 0.40179613
v -0.44309425 0.53250849 0.43953818
v -0.44568973 0.55773854 0.44107279
v -0.45337459 0.55325514 0.46187102
v -0.4581469 0.54603683 0.48256629
v -0.45990911 0.53597414 0.50180387
v -0.45412021 0.50479596 0.50784134
v -0.45894739 0.52396583 0.51914387
v -0.45066523 0.4928275 0.52140867
v -0.45563423 0.51109582 0.53471678
v -0.44721993 0.48793247 0.49438732
v -0.43931263 0.50809449 0.44271054
v -0.35336557 0.41075062 0.42374634
v -0.34479352 0.39629191 0.44113388
v -0.36004522 0.40039742 0.45044145
v -0.33520078 0.38468962 0.45841559
v -0.3503783 0.38875055 0.46744102
v -0.36467248 0.39382556 0.4776206
v -0.33993703 0.3796724 0.48424789
v -0.35406649 0.38466498 0.49412161
v -0.36730226 0.39085581 0.50487989
v -0.34293162 0.37768301 0.51026392
v -0.3559381 0.38373476 0.52064371
v -0.36803391 0.39112857 0.53162086
v -0.34399375 0.37875479 0.53598451
v -0.3557372 0.3857544 0.54653781
v -0.36644786 0.39403447 0.55738931
v -0.34293413 0.38241735 0.56103187
v -0.35307741 0.39014703 0.57133114
v -0.36208537 0.39871504 0.58150261
v -0.33922919 0.38823348 0.58485007
v -0.34724587 0.3959991 0.59431994
v -0.33178517 0.39543378 0.60740691
v 0.34305721 0.4083417 0.62032651
v 0.16294249 0.44140532 0.64018619
v 0.23950815 0.38852837 0.423617
v 0.07784988 0.4993146 0.53058123
v 0.32398557 0.63610196 0.6907531
v 0.45005559 0.50810653 0.47443273
v 0.14672924 0.6311177 0.65909272
v 0.33650264 0.40235617 0.61587512
v 0.32797074 0.40473809 0.62524563
v 0.34180849 0.4127421 0.6274963
v 0.35898324 0.41277772 0.61273747
v 0.35392752 0.4042598 0.60358345
v 0.36185997 0.42129421 0.6222772
v 0.16512608 0.43588998 0.63639843
v 0.1575784 0.43769419 0.63149267
v 0.15707501 0.44449946 0.63794279
v 0.15978165 0.45011284 0.64542466
v 0.16692771 0.44434538 0.64605599
v 0.17230391 0.43762564 0.64385962
v 0.2563588 0.38808906 0.4210934
v 0.26325547 0.39917632 0.40379816
v 0.24223825 0.39662668 0.40975505
v 0.22482824 0.39291915 0.42086982
v 0.22989228 0.38495731 0.43320149
v 0.24736504 0.38085725 0.43615824
v 0.08032424 0.49282339 0.53519243
v 0.08168663 0.48805946 0.52840304
v 0.07792805 0.49836471 0.52357161
v 0.0736112 0.5144633 0.52923929
v 0.07495275 0.51186823 0.53820693
v 0.07320513 0.51538443 0.51935058
v 0.08656096 0.51129972 0.45148459
v 0.08292313 0.5129534 0.46087396
v 0.08546762 0.49556225 0.46954003
v 0.08964553 0.50112187 0.45128393
v 0.31613332 0.62752193 0.69677043
v 0.30693471 0.63893228 0.69440722
v 0.32353085 0.64769417 0.6852051
v 0.34258669 0.63415563 0.68415606
v 0.33726358 0.61999863 0.69222611
v 0.34546291 0.65034353 0.67445641
v 0.45444557 0.52429902 0.47757771
v 0.4502483 0.52982229 0.45875063
v 0.4460822 0.5075702 0.46088159
v 0.44907739 0.49867895 0.48289582
v 0.45549345 0.51569831 0.49342542
v 0.44245314 0.4901947 0.46822091
v 0.15352042 0.62712723 0.66646206
v 0.14229415 0.61139583 0.66395062
v 0.13861697 0.6257202 0.65450304
v 0.1448064 0.65219229 0.64434099
v 0.15553008 0.65372073 0.6528449
v 0.15445376 0.67695093 0.63149964
v 0.16692699 0.67787826 0.64172923
v 0.17934876 0.67630648 0.65235102
v 0.16671815 0.65260529 0.6620751
v 0.19110629 0.67144149 0.66322314
v 0.17732587 0.64868652 0.67119014
v 0.16318546 0.62488889 0.67445743
v 0.18744239 0.64221912 0.68002861
v 0.17330239 0.62073743 0.68216252
v 0.16056773 0.60227149 0.6804896
v 0.15053536 0.60623425 0.672311
v 0.15133057 0.58982276 0.67698538
v 0.14237992 0.59636092 0.66860163
v 0.13533929 0.60525947 0.65983754
v 0.12848328 0.60079509 0.65462261
v 0.12421846 0.62002837 0.64238208
v 0.13135121 0.62368166 0.64837992
v 0.13524383 0.58903044 0.66412133
v 0.1282697 0.58235216 0.65886378
v 0.12166614 0.59607237 0.64880245
v 0.14357286 0.58004891 0.67265552
v 0.13621893 0.57144385 0.66750806
v 0.15284521 0.57218617 0.68041837
v 0.14509482 0.56184709 0.67530375
v 0.13782784 0.55239474 0.66936022
v 0.12919609 0.56339818 0.66157448
v 0.1214981 0.5757085 0.65280652
v 0.11508967 0.56850087 0.64623218
v 0.1085468 0.5830177 0.63609802
v 0.11498861 0.59027004 0.64258039
v 0.12264502 0.55547642 0.65501624
v 0.11667576 0.54727613 0.64800465
v 0.10923619 0.56025034 0.63936018
v 0.13109749 0.54364711 0.66271311
v 0.12502224 0.53519111 0.65555745
v 0.11964537 0.52659583 0.64798891
v 0.11146885 0.53855133 0.64063763
v 0.14036519 0.53288352 0.66935831
v 0.13411419 0.52392274 0.66201818
v 0.1285188 0.51533496 0.65423113
v 0.12365549 0.5067656 0.6460253
v 0.11496222 0.51768988 0.64005518
v 0.14364676 0.51365375 0.66748851
v 0.13781267 0.50481069 0.65949475
v 0.13268052 0.49640345 0.65113282
v 0.12834957 0.48805806 0.6424781
v 0.11964689 0.49799403 0.63741099
v 0.14741165 0.49520987 0.66381382
v 0.1420924 0.486842 0.65524965
v 0.13759604 0.4788208 0.64639425
v 0.15151138 0.47821575 0.65853929
v 0.14667601 0.47047168 0.64962083
v 0.14297698 0.46296033 0.64057368
v 0.13402697 0.47079455 0.63732528
v 0.1252028 0.47961896 0.63323736
v 0.1231013 0.47092843 0.62378096
v 0.1146653 0.47975856 0.61896604
v 0.11648125 0.48897841 0.62845313
v 0.13169468 0.46268448 0.62797689
v 0.13073417 0.45430111 0.6186009
v 0.12202172 0.46213671 0.61408489
v 0.14073652 0.45529845 0.63160616
v 0.13985985 0.44724074 0.62293499
v 0.14042455 0.43918705 0.6142621
v 0.13091854 0.44587165 0.60930621
v 0.14948678 0.44903796 0.63507771
v 0.14904335 0.44156837 0.62711101
v 0.15017189 0.43379959 0.61937874
v 0.15942731 0.43021705 0.62492239
v 0.16233003 0.42207381 0.6173405
v 0.15242093 0.42581307 0.61099946
v 0.14207446 0.4311369 0.6053822
v 0.13213485 0.43759021 0.59987121
v 0.15525645 0.41756245 0.60201859
v 0.14451135 0.42305916 0.59594041
v 0.13434486 0.42957612 0.59003335
v 0.12479175 0.43667057 0.58429986
v 0.12285994 0.44479626 0.59445369
v 0.14762339 0.41511222 0.58579772
v 0.1370431 0.42164072 0.57970434
v 0.12728992 0.42884713 0.5737009
v 0.11851885 0.43657487 0.5678851
v 0.11609101 0.4443348 0.57872593
v 0.14049327 0.41432187 0.56865441
v 0.13041351 0.4216012 0.56249493
v 0.1214217 0.429358 0.5565446
v 0.1133563 0.43719783 0.55097419
v 0.1105854 0.44444903 0.56239378
v 0.13407234 0.41491153 0.55076307
v 0.12474726 0.42269519 0.54472446
v 0.11661815 0.43074679 0.53905546
v 0.10956271 0.43882036 0.53381884
v 0.1064594 0.4451276 0.54573804
v 0.12896083 0.41711658 0.53216838
v 0.1205063 0.42519173 0.52645403
v 0.1131454 0.43341153 0.52126771
v 0.10678299 0.44160178 0.51660215
v 0.10344576 0.44667026 0.52903276
v 0.12499926 0.42045196 0.51311397
v 0.11743087 0.42893955 0.50781112
v 0.11075526 0.43745249 0.50318533
v 0.10486667 0.44603267 0.49922558
v 0.10124912 0.44971615 0.51247513
v 0.12248885 0.4254069 0.49342361
v 0.11561025 0.43431487 0.48857379
v 0.10941329 0.44334182 0.48450124
v 0.10378401 0.45242908 0.48131555
v 0.0997485 0.45460528 0.49589201
v 0.12153364 0.43234187 0.47260284
v 0.11502493 0.44195091 0.46817359
v 0.10904642 0.45177504 0.46478948
v 0.10341267 0.46154379 0.46304127
v 0.09870263 0.46135234 0.47941404
v 0.12235329 0.44216501 0.4501068
v 0.11619229 0.45299923 0.44578808
v 0.11036387 0.46418431 0.44294077
v 0.12563563 0.45652958 0.42541149
v 0.11941242 0.46934539 0.42163288
v 0.11336842 0.48206508 0.42011138
v 0.10461718 0.47454094 0.44244939
v 0.09829955 0.47048658 0.46326187
v 0.09352045 0.47883823 0.46524527
v 0.08979819 0.47867229 0.47908672
v 0.09405385 0.47001308 0.47884094
v 0.09922531 0.48402467 0.44407051
v 0.10737137 0.49450537 0.42065522
v 0.10144346 0.50651693 0.42316037
v 0.09422639 0.49276062 0.44732156
v 0.08910384 0.48691201 0.4682593
v 0.08258118 0.49793124 0.47793147
v 0.08596311 0.48754555 0.47945585
v 0.07965435 0.50248414 0.4852882
v 0.08316081 0.49014461 0.48846501
v 0.08688198 0.4804314 0.49006587
v 0.08068858 0.49350932 0.49714142
v 0.08456531 0.48289659 0.50011628
v 0.08830872 0.47383615 0.5028119
v 0.09082733 0.4715276 0.49147543
v 0.09219506 0.46567073 0.50570589
v 0.09503804 0.46300333 0.49334406
v 0.09638233 0.45767986 0.50884741
v 0.08999778 0.46888423 0.51691055
v 0.09384904 0.46158468 0.52067637
v 0.09833753 0.45424243 0.52469354
v 0.09167487 0.46638262 0.53163266
v 0.09555143 0.45981904 0.53615385
v 0.10053043 0.45275196 0.54081732
v 0.09308179 0.46717116 0.54697984
v 0.09772747 0.46009668 0.5521155
v 0.10365449 0.45236688 0.55717474
v 0.09533968 0.46888074 0.56283128
v 0.10144504 0.4606269 0.56809502
v 0.10824732 0.45235467 0.57337367
v 0.0997174 0.46955314 0.57850676
v 0.10675484 0.46098858 0.58384805
v 0.11447063 0.45268803 0.58914476
v 0.10584751 0.46999591 0.59408205
v 0.11363609 0.4614757 0.59930384
v 0.12197575 0.4533984 0.60433638
v 0.11367183 0.47050708 0.60927951
v 0.10600455 0.47946715 0.60387629
v 0.10670243 0.48899439 0.61352717
v 0.09862997 0.48881 0.59809756
v 0.09940756 0.49885359 0.60735243
v 0.10099913 0.50904524 0.61626261
v 0.10858706 0.49874776 0.62272054
v 0.10358853 0.51918041 0.62479746
v 0.1112458 0.50835472 0.63161087
v 0.1071083 0.5291025 0.63290089
v 0.09647222 0.53087675 0.61693441
v 0.09984175 0.54118919 0.62473934
v 0.10412099 0.55109179 0.63220846
v 0.09330245 0.55469048 0.61513763
v 0.09754583 0.56493526 0.62237447
v 0.10265721 0.57445663 0.62934827
v 0.09187596 0.58145093 0.60983824
v 0.09727034 0.59137624 0.61666184
v 0.10338239 0.60041368 0.62342184
v 0.09385258 0.61040329 0.60142105
v 0.10056196 0.62024325 0.608213
v 0.10800178 0.62916493 0.61495375
v 0.11004516 0.6082645 0.62995636
v 0.11615229 0.63708657 0.6216799
v 0.1170127 0.61482566 0.63629466
v 0.12508867 0.64390808 0.62869381
v 0.11953944 0.66038262 0.60484522
v 0.13048541 0.66793692 0.61294388
v 0.14212051 0.67362922 0.62189209
v 0.13467986 0.6490612 0.63618075
v 0.13906297 0.68980932 0.59513717
v 0.15221653 0.69552379 0.60526871
v 0.16571775 0.69883078 0.61613434
v 0.16462306 0.71425932 0.58618533
v 0.17921519 0.71744418 0.59822076
v 0.19372636 0.7177447 0.61100655
v 0.17939466 0.69923996 0.62759792
v 0.2077129 0.71510732 0.6244418
v 0.19269162 0.69692194 0.63961339
v 0.22079204 0.70945239 0.63825225
v 0.20527568 0.69154131 0.65203654
v 0.23263731 0.70087593 0.65192073
v 0.21668818 0.68317425 0.66432362
v 0.20193181 0.66351413 0.67384147
v 0.22692258 0.67264545 0.67551416
v 0.21191524 0.65391761 0.68343806
v 0.19741894 0.63430798 0.68822693
v 0.22171248 0.64325636 0.69193828
v 0.20765166 0.62516754 0.69563865
v 0.19427055 0.60730153 0.69657027
v 0.18360976 0.61488455 0.68959599
v 0.18204669 0.59077084 0.69501453
v 0.17106789 0.59729075 0.68805217
v 0.17174683 0.57666778 0.69175118
v 0.16120985 0.58360171 0.68471169
v 0.16278371 0.56437128 0.68744659
v 0.18294249 0.56865221 0.69799947
v 0.17353963 0.55602824 0.69356167
v 0.16496546 0.54431802 0.68819898
v 0.15463927 0.55303704 0.68220883
v 0.1571913 0.53341209 0.68197041
v 0.14720042 0.54254776 0.67616838
v 0.15008771 0.5231505 0.67500823
v 0.16776037 0.52430117 0.68688839
v 0.16023942 0.51397383 0.67979222
v 0.15348625 0.50427913 0.67202878
v 0.17095963 0.50488591 0.6836211
v 0.16369617 0.49538093 0.67574292
v 0.15720984 0.48646986 0.66728013
v 0.17441125 0.48657867 0.67851311
v 0.16726027 0.47813153 0.67002332
v 0.16095385 0.47031506 0.66111218
v 0.17772325 0.46976903 0.67176544
v 0.17057155 0.46259883 0.6628161
v 0.16439247 0.45604595 0.6538456
v 0.15563052 0.46308341 0.65209186
v 0.15166787 0.45613515 0.64336437
v 0.18006098 0.45442572 0.66317117
v 0.17279905 0.44878083 0.65421414
v 0.18827238 0.4459117 0.66136133
v 0.17985923 0.44109815 0.65235114
v 0.19510474 0.43670323 0.65729868
v 0.1857851 0.43265608 0.64822089
v 0.17696823 0.42991983 0.63947409
v 0.16817282 0.42893806 0.63137519
v 0.19109219 0.42374113 0.64221042
v 0.18149556 0.42149585 0.63324451
v 0.17188657 0.42076879 0.62457549
v 0.18630318 0.41278246 0.62564986
v 0.1761347 0.41226682 0.61648696
v 0.16595515 0.41371509 0.60868656
v 0.18100124 0.40385755 0.60739326
v 0.17021769 0.40543907 0.59908062
v 0.15890768 0.40947932 0.59211212
v 0.17525163 0.39757964 0.58876597
v 0.16335202 0.40180581 0.58145189
v 0.15158012 0.40773439 0.57489359
v 0.16854113 0.39478197 0.57018286
v 0.15601943 0.40063601 0.56350761
v 0.14450638 0.40749776 0.5570693
v 0.16115742 0.39442411 0.55156803
v 0.14917843 0.4014571 0.54495167
v 0.13843256 0.40906959 0.53841584
v 0.15449298 0.39615362 0.53240901
v 0.14340449 0.4039312 0.5256201
v 0.13366535 0.41216087 0.51905977
v 0.14898403 0.39969041 0.51230877
v 0.13896387 0.40807464 0.50533986
v 0.13029886 0.41676554 0.49899956
v 0.14507998 0.40513363 0.49101975
v 0.13631765 0.41393214 0.48399642
v 0.12861359 0.42305174 0.47788217
v 0.14358732 0.4123851 0.46826848
v 0.13592362 0.42183876 0.46134272
v 0.12884782 0.43175938 0.45529463
v 0.14489236 0.42221286 0.44404473
v 0.13804327 0.43286591 0.43679526
v 0.13171279 0.44430774 0.43054741
v 0.14924906 0.43590751 0.41792386
v 0.14323781 0.44872826 0.41084438
v 0.13714206 0.46240294 0.40479889
v 0.15690137 0.4553073 0.39144781
v 0.15120151 0.47094798 0.38492161
v 0.14536437 0.48749449 0.38035899
v 0.13109132 0.47711214 0.40050289
v 0.1392865 0.50469684 0.37794628
v 0.1249625 0.49222907 0.39823299
v 0.13310504 0.52224463 0.37789711
v 0.1187592 0.50754696 0.3980236
v 0.12692476 0.53997987 0.38036897
v 0.11265039 0.5229792 0.39998662
v 0.1207255 0.55779635 0.38557502
v 0.10676524 0.53841424 0.40420362
v 0.09584712 0.51824557 0.42740115
v 0.10096386 0.55281055 0.41109037
v 0.09075858 0.5293926 0.43304067
v 0.09477447 0.56308597 0.42099496
v 0.0859088 0.53704214 0.44122475
v 0.08834602 0.57033443 0.43388807
v 0.08116009 0.54326355 0.45121374
v 0.07946647 0.51828843 0.46830412
v 0.07730626 0.5483821 0.46184152
v 0.07647954 0.52328604 0.47594255
v 0.07417024 0.55301404 0.47252959
v 0.07396923 0.52808749 0.48424965
v 0.07711466 0.50720429 0.49283605
v 0.07183967 0.53232502 0.49331373
v 0.07497605 0.5113725 0.50100547
v 0.07889308 0.49645832 0.50593411
v 0.08286602 0.48517498 0.5097723
v 0.07368225 0.51430285 0.50987684
v 0.07792548 0.49828502 0.5147494
v 0.08212072 0.48656234 0.51918715
v 0.08400183 0.48283377 0.53221148
v 0.08520652 0.47924298 0.52315086
v 0.08651881 0.4763605 0.51333826
v 0.08829537 0.472716 0.52722859
v 0.08633506 0.47809052 0.53685748
v 0.08923003 0.47292968 0.54192131
v 0.0834653 0.48736056 0.54592126
v 0.08635753 0.48268812 0.55165928
v 0.09023972 0.47657054 0.55731815
v 0.08308213 0.49599495 0.56063747
v 0.08788122 0.4874179 0.56705737
v 0.09345004 0.47843253 0.57295769
v 0.08641205 0.49848827 0.57597583
v 0.09237654 0.4884839 0.58247596
v 0.09882169 0.47901472 0.58846873
v 0.09203346 0.49888077 0.59163093
v 0.08589474 0.50981324 0.58436328
v 0.08629373 0.52132374 0.59239977
v 0.09252516 0.50953197 0.60040515
v 0.08764487 0.53272056 0.60018253
v 0.09405241 0.5202645 0.60882717
v 0.08994662 0.54394334 0.60775727
v 0.08162178 0.54734051 0.58945804
v 0.08400749 0.5593698 0.59618616
v 0.08743555 0.57073283 0.60296148
v 0.07929497 0.57671427 0.58161121
v 0.08307981 0.58863353 0.58791345
v 0.08794421 0.5998255 0.59463024
v 0.08113846 0.60670548 0.56995612
v 0.08666448 0.61896598 0.57642674
v 0.09343897 0.63050901 0.58325034
v 0.08818048 0.6365785 0.55626255
v 0.09597935 0.649504 0.56291085
v 0.10489866 0.66157656 0.57006317
v 0.1011244 0.64140713 0.59020036
v 0.11525101 0.67254394 0.57762712
v 0.10980662 0.65148782 0.59741252
v 0.12660749 0.68202954 0.58595031
v 0.12349032 0.69061058 0.55606901
v 0.13634729 0.70065677 0.56499183
v 0.15016122 0.70863103 0.57509207
v 0.14820621 0.71537786 0.54241854
v 0.16329318 0.72378939 0.55316132
v 0.17883974 0.72974836 0.56516003
v 0.17785161 0.73489993 0.52981287
v 0.19459606 0.74122178 0.54245609
v 0.21130511 0.7446081 0.55638384
v 0.19447165 0.73299217 0.57817548
v 0.22759178 0.74502331 0.57139247
v 0.2098871 0.73328554 0.59214258
v 0.24301926 0.74239271 0.58721149
v 0.22459052 0.73051959 0.60682559
v 0.25717297 0.73672437 0.6034944
v 0.23816838 0.72475791 0.62190878
v 0.26968246 0.72818923 0.61981523
v 0.25032669 0.71616095 0.63694691
v 0.28042426 0.71708589 0.63570016
v 0.26080337 0.70501893 0.65137678
v 0.24301709 0.68987381 0.66474998
v 0.2696619 0.6917181 0.66471117
v 0.25214865 0.67707645 0.67638409
v 0.23635798 0.66075313 0.68551075
v 0.26030087 0.66302281 0.68653589
v 0.24549378 0.64771813 0.69408953
v 0.23165747 0.63150692 0.6992703
v 0.25486004 0.63360595 0.7013033
v 0.24216727 0.61867386 0.70555615
v 0.22958575 0.60335356 0.70788252
v 0.21824058 0.61487865 0.70227611
v 0.21727505 0.58807098 0.70819413
v 0.20538826 0.59826374 0.70278751
v 0.20557612 0.57336688 0.70647311
v 0.19354993 0.58271646 0.70118957
v 0.19478017 0.5596224 0.70323371
v 0.21837316 0.56284838 0.71060389
v 0.20734901 0.54964578 0.70737069
v 0.19712017 0.53726881 0.70289671
v 0.18496604 0.54698693 0.69876503
v 0.18767878 0.5257461 0.69731468
v 0.17596882 0.53526026 0.69328028
v 0.17894057 0.51496321 0.69090151
v 0.20014567 0.51575261 0.70017164
v 0.19087389 0.50531315 0.69371205
v 0.18231503 0.4956431 0.68645823
v 0.20354895 0.49528634 0.69533294
v 0.19431622 0.48608908 0.68822372
v 0.18568454 0.47762161 0.68028074
v 0.20700322 0.4760757 0.68842858
v 0.19742004 0.46811813 0.6805734
v 0.18836644 0.46094355 0.67205178
v 0.20794044 0.45818969 0.67877447
v 0.19766557 0.45168557 0.67027205
v 0.21633911 0.44780176 0.67463487
v 0.20528009 0.44184324 0.66613727
v 0.22348943 0.43694546 0.66856992
v 0.21193097 0.4315336 0.66009491
v 0.20116818 0.42712992 0.65125465
v 0.21807467 0.4216482 0.65280324
v 0.20691202 0.41767782 0.64394396
v 0.19641263 0.41470202 0.63489252
v 0.21281287 0.40850272 0.63562661
v 0.20214435 0.40588069 0.62638151
v 0.19164934 0.40417289 0.61694592
v 0.20842617 0.39725592 0.61689955
v 0.19763673 0.39584195 0.60725683
v 0.18655425 0.39576306 0.59750652
v 0.20424161 0.38800656 0.59666544
v 0.1928071 0.38822799 0.58680015
v 0.18100099 0.39031922 0.57781767
v 0.19972899 0.38132342 0.57519817
v 0.18738213 0.38379371 0.56618487
v 0.17416997 0.38824805 0.5584765
v 0.19422128 0.37795785 0.553963
v 0.1803551 0.38272875 0.54618215
v 0.16684609 0.38897761 0.5391879
v 0.18700535 0.37819951 0.53334695
v 0.17310389 0.38453722 0.52625143
v 0.16041401 0.39179098 0.51937031
v 0.17983339 0.38127234 0.51295268
v 0.16668357 0.38849616 0.5059064
v 0.15512207 0.39661604 0.49853938
v 0.17336107 0.38645964 0.49219802
v 0.16179604 0.39472606 0.484308
v 0.1520802 0.40334576 0.4760372
v 0.16932509 0.39383766 0.46970215
v 0.16018904 0.40271377 0.46050173
v 0.15228448 0.41227588 0.45191001
v 0.16967353 0.40336236 0.44483599
v 0.16231823 0.41332328 0.43522629
v 0.15567916 0.42420858 0.42626828
v 0.17398789 0.41580367 0.41902285
v 0.16817258 0.42776343 0.40874016
v 0.16252432 0.44088202 0.39952153
v 0.18292258 0.4329454 0.39212989
v 0.17814144 0.44769111 0.38192448
v 0.17322568 0.46396386 0.373272
v 0.19654086 0.45601528 0.36603096
v 0.19225834 0.47417306 0.35721209
v 0.18736323 0.49366512 0.35062187
v 0.16796715 0.48146805 0.36651876
v 0.18189156 0.51405441 0.34667432
v 0.16233561 0.49996897 0.36200696
v 0.17584511 0.53497922 0.34555035
v 0.15633799 0.5192027 0.36008209
v 0.16929221 0.5560134 0.34755781
v 0.1500744 0.53864848 0.36091113
v 0.16219711 0.57663148 0.35269838
v 0.14355464 0.55795329 0.36459246
v 0.15436822 0.5963673 0.36118283
v 0.13667585 0.57702004 0.37146285
v 0.1456893 0.6142618 0.37334239
v 0.12913973 0.59455257 0.38188862
v 0.11423854 0.57441151 0.39416191
v 0.12048972 0.60842979 0.39575246
v 0.10669525 0.58673858 0.4061996
v 0.111636 0.61841648 0.41186574
v 0.09887415 0.59540796 0.42074373
v 0.10344015 0.62524402 0.42930439
v 0.09222411 0.60166889 0.43603479
v 0.08297676 0.57585912 0.44714528
v 0.08619888 0.60550499 0.45245915
v 0.07860195 0.5800752 0.460624
v 0.08054454 0.60620367 0.47056126
v 0.07484012 0.58221101 0.47546833
v 0.07158809 0.55665433 0.48393383
v 0.07165004 0.58158546 0.49199378
v 0.06968742 0.55824285 0.49682983
v 0.07038144 0.53516757 0.50353837
v 0.06855746 0.55719012 0.51114291
v 0.06975825 0.53579735 0.51492571
v 0.06854772 0.55366283 0.52611756
v 0.07010664 0.53405559 0.52718597
v 0.06977416 0.54866564 0.54038167
v 0.07140611 0.53037041 0.53916066
v 0.07188001 0.54309785 0.5528633
v 0.07358491 0.52554744 0.54983902
v 0.07684798 0.50810265 0.54629278
v 0.08163745 0.49043908 0.54026007
v 0.07657983 0.51891446 0.55946975
v 0.07952132 0.50279146 0.55373352
v 0.08110791 0.50916242 0.56840878
v 0.07519396 0.5346288 0.56461405
v 0.08012315 0.52214717 0.57565331
v 0.07519675 0.54996275 0.56991225
v 0.08038943 0.53483986 0.5826599
v 0.07665932 0.56372362 0.57570898
v 0.07189456 0.56057125 0.55606305
v 0.07339493 0.57751828 0.55966216
v 0.07660254 0.59296077 0.56439155
v 0.0718302 0.58640289 0.54352533
v 0.07574707 0.60538703 0.54611843
v 0.08146547 0.62219321 0.55049568
v 0.07645981 0.61385273 0.52794104
v 0.08338066 0.63348859 0.53054285
v 0.09185116 0.65063077 0.53505539
v 0.08672366 0.64128452 0.51021415
v 0.09674112 0.66038793 0.51338881
v 0.10808561 0.67724323 0.51847273
v 0.10117965 0.66543418 0.5410704
v 0.12033341 0.69196242 0.52503931
v 0.11173734 0.67875415 0.54810625
v 0.13382342 0.7047128 0.53305637
v 0.13036443 0.70092588 0.50130754
v 0.14545427 0.71467435 0.50906765
v 0.1614044 0.72597825 0.51862543
v 0.15807633 0.72029233 0.48465579
v 0.17551238 0.73229199 0.49419912
v 0.19334605 0.74165666 0.50560134
v 0.19029107 0.73394668 0.4695909
v 0.2093314 0.74369508 0.48117205
v 0.22840386 0.75062233 0.49471804
v 0.21129021 0.74820828 0.51878184
v 0.24708938 0.75467377 0.50996083
v 0.22901286 0.7518742 0.53343749
v 0.26512053 0.75564181 0.52662432
v 0.2461646 0.75253588 0.54932308
v 0.28201159 0.75346523 0.54439216
v 0.26233407 0.75016033 0.56615996
v 0.2974106 0.74824088 0.56284505
v 0.27713728 0.74465447 0.58361065
v 0.31100285 0.74008733 0.5816344
v 0.29018208 0.73624616 0.60114842
v 0.32236778 0.72916406 0.60015595
v 0.30119779 0.72522121 0.61837714
v 0.33154723 0.71588397 0.6179282
v 0.31015732 0.7119807 0.63483536
v 0.28918173 0.70376366 0.65063273
v 0.31697732 0.69693267 0.65002089
v 0.29596161 0.68869906 0.66432619
v 0.27692422 0.67693024 0.67662942
v 0.30076476 0.67244535 0.67636823
v 0.28297743 0.66102504 0.68688631
v 0.26804587 0.64773684 0.69514876
v 0.28868582 0.64415812 0.69538271
v 0.27674126 0.63166385 0.701963
v 0.26542025 0.61835706 0.70708471
v 0.28825181 0.61604106 0.70646691
v 0.27853182 0.60266357 0.71100139
v 0.26774105 0.58968782 0.71395623
v 0.25391644 0.60463297 0.71063339
v 0.25605747 0.57668906 0.71529996
v 0.24198567 0.59063303 0.71241325
v 0.24401804 0.56391155 0.7151134
v 0.23003068 0.57660675 0.71234768
v 0.23208777 0.55124914 0.71342808
v 0.25925156 0.55094212 0.71607071
v 0.246849 0.53891074 0.71450018
v 0.23502302 0.52724325 0.71141713
v 0.22069668 0.53883987 0.71017348
v 0.22386762 0.51594871 0.70710396
v 0.21003991 0.52691108 0.70573216
v 0.2134165 0.50527113 0.70170861
v 0.23850022 0.50459098 0.706842
v 0.22741358 0.49432432 0.70167416
v 0.21692116 0.48478007 0.6954472
v 0.24140176 0.48296988 0.6996575
v 0.2300685 0.47378414 0.69359761
v 0.21891646 0.46553933 0.68664133
v 0.24051728 0.46255758 0.68956708
v 0.22824792 0.45468026 0.68253248
v 0.2488304 0.45096853 0.68344599
v 0.23586483 0.44341409 0.6763941
v 0.25597047 0.43963673 0.67607265
v 0.24270844 0.4326103 0.66903835
v 0.23003213 0.42657643 0.66125065
v 0.24908284 0.42249938 0.6607809
v 0.23622146 0.41682061 0.65301644
v 0.2240802 0.41215369 0.64458686
v 0.24235926 0.40772533 0.64388674
v 0.23039792 0.40327855 0.63532942
v 0.21923004 0.39977359 0.62629377
v 0.23731188 0.39487141 0.62527281
v 0.22633332 0.39150846 0.61603581
v 0.2153574 0.38916021 0.60648554
v 0.23417776 0.38385385 0.6048277
v 0.22299103 0.38171458 0.59514761
v 0.21155241 0.38083833 0.58515298
v 0.23129977 0.37523093 0.58292526
v 0.21945592 0.37454554 0.57291084
v 0.20718994 0.37529128 0.56291753
v 0.22791263 0.36931467 0.55998235
v 0.21517026 0.37034076 0.55009669
v 0.20153741 0.37329065 0.54113262
v 0.22352349 0.36667135 0.53681623
v 0.20906174 0.36984136 0.52805376
v 0.19406974 0.37480926 0.52022159
v 0.21679158 0.36756381 0.51480859
v 0.20140978 0.37251982 0.50699424
v 0.18674798 0.37890553 0.49954161
v 0.20904095 0.37139919 0.49392911
v 0.19395186 0.37786391 0.48631465
v 0.18040572 0.38564851 0.47841528
v 0.20127031 0.37790226 0.47362527
v 0.18808403 0.38568061 0.46506145
v 0.17799283 0.39416018 0.45512154
v 0.19669564 0.38647794 0.45237609
v 0.18767009 0.39537426 0.44109335
v 0.18038466 0.40509995 0.42981505
v 0.19802095 0.39742296 0.42833918
v 0.19237427 0.40782737 0.41573882
v 0.18753121 0.41958415 0.40349435
v 0.20649266 0.41148489 0.40237566
v 0.20361031 0.42455864 0.38890439
v 0.20030497 0.43944308 0.3767265
v 0.22274889 0.4306111 0.37595838
v 0.2204487 0.44710585 0.363435
v 0.2173901 0.46551212 0.35271838
v 0.24260799 0.4554246 0.35334628
v 0.239983 0.47544032 0.34292182
v 0.23642763 0.49702835 0.33481454
v 0.21353252 0.48542448 0.34408739
v 0.23190538 0.51984727 0.32940521
v 0.20890705 0.50665932 0.33806958
v 0.22645716 0.54343599 0.32711049
v 0.20346774 0.52876842 0.33494171
v 0.2200625 0.56724214 0.32810381
v 0.19728264 0.55126053 0.3348827
v 0.21261251 0.5905925 0.33245253
v 0.19028513 0.57357621 0.33804777
v 0.20413549 0.61296469 0.34043881
v 0.18249662 0.59514945 0.34459161
v 0.194432 0.63364553 0.3518635
v 0.17373319 0.61539536 0.3547219
v 0.1836183 0.65196609 0.36649391
v 0.16389559 0.63349294 0.36821854
v 0.17194753 0.66703629 0.38411808
v 0.15321572 0.64847064 0.38477438
v 0.13604554 0.62892103 0.38868352
v 0.14216806 0.65980684 0.4037539
v 0.12607681 0.63977217 0.40636828
v 0.13133388 0.66733205 0.42446911
v 0.11639742 0.64702647 0.42578694
v 0.12097053 0.67100566 0.44639635
v 0.10715132 0.65053248 0.4465388
v 0.09558583 0.62877947 0.44840031
v 0.09883634 0.65035647 0.46795246
v 0.08845508 0.62869298 0.46849936
v 0.0918984 0.64703077 0.48928645
v 0.0827431 0.62567699 0.48887971
v 0.07601899 0.60385757 0.48969265
v 0.07864806 0.62056571 0.5089029
v 0.07295084 0.59942621 0.50862425
v 0.06964614 0.57839232 0.5092231
v 0.07154814 0.59333562 0.52673399
v 0.06903126 0.57321637 0.52614897
v 0.06977022 0.56731683 0.54183751
v 0.11147578 0.67079347 0.46890527
v 0.10323377 0.66709601 0.49135005
v 0.12577633 0.68947666 0.47193411
v 0.11622359 0.68510872 0.49535724
v 0.14149865 0.70591455 0.47719556
v 0.1366382 0.6897729 0.44854596
v 0.15362432 0.70668608 0.45311814
v 0.17160902 0.72145795 0.46020096
v 0.16627211 0.70324808 0.42964649
v 0.18544068 0.71835082 0.43628081
v 0.20523558 0.73119217 0.44545126
v 0.1993743 0.71096766 0.4134075
v 0.22018501 0.72400492 0.42236751
v 0.24125085 0.73446917 0.43385994
v 0.22540909 0.74130892 0.45702007
v 0.26213002 0.74221897 0.44776707
v 0.2454535 0.74865901 0.47081917
v 0.28250819 0.7469241 0.46379786
v 0.26508542 0.75302928 0.48654353
v 0.30189853 0.74854189 0.48156419
v 0.28383752 0.75428426 0.50390148
v 0.31997165 0.74711793 0.50067532
v 0.30136126 0.75239175 0.52241879
v 0.33633124 0.7425062 0.52085036
v 0.31730237 0.74743253 0.54179686
v 0.35066661 0.73487252 0.5415278
v 0.33133253 0.73957139 0.56158626
v 0.36267256 0.72449761 0.56227242
v 0.34307044 0.72879964 0.58132475
v 0.37224543 0.71160566 0.58246702
v 0.35246935 0.71567857 0.6004166
v 0.3794516 0.69675248 0.60176527
v 0.35957297 0.7007519 0.61856287
v 0.33856082 0.70107197 0.63470011
v 0.36417794 0.68406593 0.63497954
v 0.34324753 0.68451434 0.6497032
v 0.32151815 0.68061739 0.66363138
v 0.3456729 0.66742295 0.66304147
v 0.32372289 0.66384744 0.67552995
v 0.30384743 0.65559685 0.68659257
v 0.29711115 0.62869703 0.70071113
v 0.31086841 0.61631113 0.7021029
v 0.30352076 0.60335683 0.70740908
v 0.3306325 0.60640502 0.69895488
v 0.32230323 0.59278309 0.70483386
v 0.312258 0.57891249 0.70960116
v 0.29424744 0.58983463 0.7117657
v 0.30080187 0.56511694 0.71303403
v 0.28354993 0.57654029 0.71471536
v 0.28831154 0.55173283 0.71484172
v 0.27165249 0.56348371 0.71616029
v 0.27538272 0.53893965 0.71506178
v 0.30481436 0.5403465 0.71144312
v 0.29148188 0.52734702 0.71203988
v 0.27825722 0.51511931 0.71101588
v 0.26254385 0.52684325 0.71375232
v 0.26555329 0.50372725 0.70851165
v 0.25024056 0.51545471 0.71091693
v 0.25323987 0.49299994 0.70466804
v 0.2792935 0.49171024 0.70408487
v 0.26602366 0.48119634 0.70042389
v 0.25308638 0.47144526 0.69552689
v 0.27595591 0.46891552 0.69438302
v 0.26218807 0.45949935 0.68948125
v 0.28395849 0.45684129 0.68689733
v 0.26970872 0.44772467 0.68205583
v 0.29079398 0.44551608 0.67858088
v 0.27633807 0.43678942 0.67373597
v 0.2624748 0.42915236 0.66774416
v 0.28229367 0.42667543 0.66471749
v 0.26851955 0.4194177 0.65873903
v 0.25516563 0.4131039 0.65176498
v 0.27419966 0.41053783 0.64899569
v 0.26114788 0.40443021 0.64200294
v 0.24879398 0.39925488 0.63392734
v 0.2675122 0.39652559 0.6313622
v 0.25602215 0.3914254 0.62311232
v 0.24510859 0.38710898 0.61421227
v 0.26447776 0.38433909 0.61127084
v 0.25383099 0.38013744 0.60219448
v 0.24275642 0.377061 0.59272676
v 0.26340407 0.37432321 0.58929204
v 0.25201645 0.37146291 0.57976537
v 0.24014438 0.36969167 0.56998586
v 0.26181891 0.36703997 0.56615036
v 0.24949768 0.3655124 0.55641543
v 0.23681208 0.36532396 0.54649347
v 0.25923723 0.36283719 0.54236805
v 0.24600058 0.36281976 0.53267449
v 0.23197218 0.36429864 0.52328985
v 0.25531569 0.36166325 0.51870906
v 0.2404681 0.3632344 0.509772
v 0.22473311 0.3664855 0.50160509
v 0.24898722 0.36347869 0.49639412
v 0.23282089 0.36657556 0.48869726
v 0.2167806 0.37146666 0.48134842
v 0.2409439 0.36784052 0.47618198
v 0.22448502 0.37229493 0.4693861
v 0.20882035 0.37879583 0.46171933
v 0.23215554 0.37423637 0.45813238
v 0.21657839 0.38041153 0.45078703
v 0.20554806 0.38810613 0.44084966
v 0.22372908 0.38257658 0.44123372
v 0.21448476 0.39030015 0.43050542
v 0.20954932 0.40014505 0.41659608
v 0.2248106 0.40388965 0.40444713
v 0.2242531 0.4162122 0.38970348
v 0.24475126 0.40814983 0.39398473
v 0.24507582 0.42144084 0.3795084
v 0.24431297 0.43735984 0.36568519
v 0.26718637 0.42701977 0.37309017
v 0.26687642 0.44432202 0.35922294
v 0.26562243 0.46379736 0.34685835
v 0.28949958 0.45076525 0.35646089
v 0.28882196 0.471818 0.34431475
v 0.28706142 0.49486133 0.33455106
v 0.26343014 0.48533284 0.33675378
v 0.284116 0.51939469 0.32757568
v 0.2601566 0.50848066 0.3291805
v 0.2799538 0.54490459 0.32368007
v 0.25578469 0.53271299 0.32461726
v 0.27451315 0.57085573 0.32319268
v 0.25032666 0.55758613 0.32321539
v 0.26768174 0.59664076 0.32634204
v 0.2436949 0.58249276 0.32529044
v 0.2593753 0.62155592 0.33300238
v 0.23581156 0.60671478 0.33082863
v 0.24965827 0.64495796 0.34319558
v 0.22665433 0.6296845 0.34004622
v 0.23853965 0.66615027 0.35665908
v 0.216138 0.65069031 0.35259386
v 0.22620998 0.68451517 0.37316006
v 0.20444338 0.66908162 0.36815825
v 0.21305851 0.69962406 0.39215952
v 0.192008 0.68424242 0.38661378
v 0.17917695 0.69568419 0.40727976
v 0.15994823 0.67851734 0.40399381
v 0.1481118 0.68618065 0.42568919
v 0.24852909 0.69785398 0.38124215
v 0.23469895 0.71282923 0.40074276
v 0.2709279 0.70885217 0.39221662
v 0.2565155 0.72356343 0.41208341
v 0.29306364 0.71715629 0.40593454
v 0.27809545 0.73168581 0.42597606
v 0.31441974 0.72258126 0.42197328
v 0.29905897 0.73676413 0.44211715
v 0.33471122 0.72509431 0.43999677
v 0.31895363 0.73883479 0.4601303
v 0.35339126 0.72443413 0.45983034
v 0.33740046 0.73774588 0.47969606
v 0.37023189 0.72078043 0.48086983
v 0.35410186 0.73361116 0.50041544
v 0.38493663 0.71417397 0.5027135
v 0.36863151 0.72635769 0.52178335
v 0.39726671 0.70479267 0.52485126
v 0.38083252 0.71638876 0.54327529
v 0.4069809 0.69282269 0.54684096
v 0.39050903 0.70388519 0.56447362
v 0.41391521 0.67854797 0.56803828
v 0.39763942 0.68927151 0.58481872
v 0.41822025 0.66242259 0.58813172
v 0.40212988 0.67278188 0.60383433
v 0.38393378 0.68003624 0.61962974
v 0.4039216 0.6548419 0.62132841
v 0.38620856 0.66224032 0.63585543
v 0.36663129 0.66658777 0.6497612
v 0.38571697 0.64364355 0.65030825
v 0.36648264 0.64855325 0.66272014
v 0.38253104 0.62495428 0.66333484
v 0.36364132 0.63074523 0.67436194
v 0.37646427 0.60674738 0.67472374
v 0.35793513 0.61379861 0.68426269
v 0.36811983 0.58946889 0.68445265
v 0.35021051 0.59809708 0.69263839
v 0.3579418 0.5732004 0.69256013
v 0.34085255 0.58305472 0.69961369
v 0.34625294 0.55766844 0.69879841
v 0.32994294 0.56836289 0.70510888
v 0.33353555 0.54283958 0.70337361
v 0.31780529 0.55410331 0.70913404
v 0.32009664 0.52868485 0.70614892
v 0.34746545 0.531313 0.69618839
v 0.33340835 0.5167703 0.69933497
v 0.31907466 0.50325471 0.70051699
v 0.30637803 0.51546013 0.70705795
v 0.30452951 0.49072939 0.69999933
v 0.29268771 0.50308907 0.70631653
v 0.29008662 0.47931325 0.69790136
v 0.31399479 0.47849446 0.6925258
v 0.29872831 0.46705743 0.69046723
v 0.32181921 0.46678829 0.68412846
v 0.30598524 0.45545607 0.68215876
v 0.3283233 0.4556747 0.67503047
v 0.31202712 0.4446161 0.6730389
v 0.29669258 0.43500995 0.66949278
v 0.31690141 0.43455281 0.66336786
v 0.30169388 0.42539683 0.65978413
v 0.2876524 0.41748744 0.65495711
v 0.3058342 0.4166603 0.64975458
v 0.29255357 0.40915337 0.64474713
v 0.27976951 0.40246719 0.63857138
v 0.2974461 0.40168029 0.63393092
v 0.28593215 0.39512592 0.62729543
v 0.27501535 0.3893795 0.61972099
v 0.2939718 0.38884428 0.615085
v 0.28430467 0.38320118 0.60703283
v 0.27420276 0.37828013 0.59844136
v 0.29526898 0.37850949 0.59361183
v 0.28489619 0.37371513 0.58483731
v 0.27366238 0.36975997 0.5757038
v 0.29609358 0.37082189 0.57070207
v 0.28437393 0.36688247 0.56147772
v 0.27202126 0.36424198 0.55200606
v 0.29542347 0.36576485 0.54680216
v 0.2825666 0.36300754 0.53741937
v 0.26922911 0.36163923 0.52801597
v 0.29329398 0.36350458 0.52247893
v 0.27928689 0.36203563 0.51342135
v 0.26455894 0.36198335 0.50468331
v 0.28920385 0.36400091 0.49862557
v 0.27372968 0.36377 0.49056056
v 0.25753805 0.36505323 0.48309388
v 0.28291687 0.3670502 0.47613808
v 0.26612603 0.36784407 0.4696725
v 0.24900198 0.3701395 0.46392154
v 0.27498748 0.37229663 0.45567542
v 0.257211 0.37374183 0.45145356
v 0.23947386 0.37683534 0.44759389
v 0.26610085 0.3793548 0.43736138
v 0.28437545 0.37920415 0.44007065
v 0.29385066 0.38941225 0.42267254
v 0.27562648 0.3886305 0.42037162
v 0.30183792 0.40267381 0.40479767
v 0.28323653 0.40100404 0.40273249
v 0.30722692 0.41850522 0.38749918
v 0.28745827 0.41558912 0.38598388
v 0.26636865 0.41207927 0.38788631
v 0.28905046 0.43202674 0.37046921
v 0.31016007 0.4364826 0.37160149
v 0.31138983 0.45667719 0.35742297
v 0.33004543 0.44059193 0.37574273
v 0.33223763 0.46201053 0.36150869
v 0.33303841 0.48568129 0.34975904
v 0.31142777 0.47915184 0.34536263
v 0.33254635 0.51123857 0.34075301
v 0.3102436 0.50356596 0.33597728
v 0.33059641 0.53820192 0.33497396
v 0.30776494 0.52939659 0.32960924
v 0.32706084 0.56578344 0.33281028
v 0.30386143 0.5560112 0.3264966
v 0.32190799 0.59331017 0.33416685
v 0.2984654 0.58288621 0.32697638
v 0.31504282 0.62023955 0.33920583
v 0.29154491 0.60933351 0.33109185
v 0.30640098 0.64584869 0.34779402
v 0.28301084 0.63469523 0.33872941
v 0.29611608 0.66955792 0.35965332
v 0.27294251 0.65834379 0.34984177
v 0.28421735 0.69072222 0.37457364
v 0.26138791 0.67960238 0.36406973
v 0.31878581 0.67836266 0.37239641
v 0.30671334 0.69933384 0.3878982
v 0.34061342 0.68443876 0.38774213
v 0.32834518 0.70506763 0.40372756
v 0.36117303 0.68769657 0.4054653
v 0.34880188 0.70786875 0.42171174
v 0.38003948 0.68810105 0.42502695
v 0.36767751 0.70780122 0.4414311
v 0.39686936 0.68562454 0.4461978
v 0.3845804 0.70470064 0.46268254
v 0.41150009 0.68038219 0.46841946
v 0.39931231 0.69874376 0.48481455
v 0.42359775 0.67238336 0.4912692
v 0.41156339 0.68997907 0.5073933
v 0.4330005 0.66175878 0.51424628
v 0.42116564 0.67862564 0.52996563
v 0.43953412 0.64875131 0.53678947
v 0.4279057 0.6649062 0.55192941
v 0.44305449 0.63367122 0.55834841
v 0.43180319 0.64922231 0.57285314
v 0.44371575 0.61701911 0.57857459
v 0.43290814 0.63193225 0.59243577
v 0.41964313 0.64470398 0.60677975
v 0.43098634 0.61355948 0.61044365
v 0.41821301 0.62600189 0.62387621
v 0.40298083 0.63601726 0.63720297
v 0.41400355 0.60681688 0.63935279
v 0.39929711 0.61691051 0.65158391
v 0.40704169 0.58776432 0.6530261
v 0.3928774 0.59802281 0.66421181
v 0.39765733 0.56940609 0.66484195
v 0.38404393 0.57997232 0.6751092
v 0.38629317 0.55192852 0.67456698
v 0.3731403 0.56292593 0.68403679
v 0.37342536 0.53535085 0.68229717
v 0.36083796 0.54669934 0.69107639
v 0.35942897 0.51969862 0.68784016
v 0.38401112 0.52362614 0.67247229
v 0.36951842 0.50793552 0.67861205
v 0.35403516 0.49318432 0.68249213
v 0.3446272 0.50486546 0.69137138
v 0.33797627 0.47939479 0.68429774
v 0.32939699 0.49112218 0.6929025
v 0.36181074 0.48163726 0.67292684
v 0.34516608 0.46813455 0.67502224
v 0.36819207 0.47048267 0.66253548
v 0.35107034 0.4574348 0.66505849
v 0.33359375 0.44529008 0.66529387
v 0.35574552 0.44740659 0.65459054
v 0.33772605 0.43576583 0.65524727
v 0.32051158 0.42530825 0.65342283
v 0.34069317 0.42714756 0.64524561
v 0.32299083 0.41693198 0.64342838
v 0.30954176 0.40891173 0.63945597
v 0.32478275 0.40978077 0.63385486
v 0.31370279 0.40243238 0.62924754
v 0.30363538 0.39530101 0.62251949
v 0.32019281 0.39787656 0.619152
v 0.31269937 0.39071637 0.6108309
v 0.30452138 0.38425216 0.60220354
v 0.32528066 0.38832083 0.59814411
v 0.31692418 0.38162216 0.58883041
v 0.30708578 0.37570202 0.57973069
v 0.32988283 0.38104638 0.57508003
v 0.3192901 0.37481084 0.56548559
v 0.30769279 0.36968559 0.55610442
v 0.33169943 0.37577498 0.55091655
v 0.31953123 0.37049034 0.54118728
v 0.30669531 0.36632481 0.53173428
v 0.33134016 0.37314978 0.52592253
v 0.31798139 0.36876088 0.51636374
v 0.30391767 0.36564746 0.50725847
v 0.32908362 0.37303832 0.50058442
v 0.31444975 0.36970216 0.49161753
v 0.29907503 0.36770921 0.48342195
v 0.32489693 0.37591472 0.47539261
v 0.30897641 0.37353032 0.46763011
v 0.29232427 0.37223613 0.46105805
v 0.31904426 0.38193005 0.45070809
v 0.30210226 0.38006126 0.44455626
v 0.32860353 0.39309644 0.4332773
v 0.31155896 0.39087513 0.42707744
v 0.33705318 0.40739283 0.41556823
v 0.31979808 0.40471711 0.40918913
v 0.3437682 0.42469021 0.39839384
v 0.32600659 0.42142465 0.39182481
v 0.34866744 0.44447875 0.38241526
v 0.3605028 0.42816224 0.40692749
v 0.366104 0.44815039 0.39116472
v 0.37001508 0.4710161 0.37763679
v 0.35188108 0.46674549 0.3683992
v 0.37231218 0.4962418 0.36668062
v 0.35345867 0.49136942 0.35690009
v 0.37327426 0.52330011 0.35881531
v 0.3536199 0.51786941 0.34850481
v 0.37256905 0.55158549 0.35476353
v 0.35229268 0.54560869 0.34350177
v 0.37011119 0.58015143 0.35435313
v 0.34925788 0.57390338 0.34209805
v 0.36572498 0.60835367 0.35771024
v 0.3443939 0.60189437 0.34456166
v 0.35938063 0.63547349 0.36452335
v 0.33772456 0.62901687 0.35052564
v 0.35102504 0.66104167 0.37455087
v 0.32917198 0.65472173 0.35984
v 0.3795599 0.63947016 0.38100895
v 0.37146121 0.66473966 0.39174735
v 0.39798715 0.64096617 0.39960563
v 0.39015328 0.66570609 0.41096669
v 0.41443842 0.64001673 0.41993713
v 0.40685495 0.66396755 0.4317978
v 0.42850348 0.63657105 0.44168612
v 0.42127153 0.65954035 0.45390468
v 0.44006395 0.63047552 0.46435943
v 0.43316006 0.65242618 0.47680923
v 0.44891274 0.62179863 0.48744317
v 0.44230422 0.64269679 0.49998855
v 0.45483493 0.61066198 0.51029664
v 0.44851574 0.63054454 0.52282136
v 0.45783197 0.59735775 0.53225129
v 0.45182564 0.61625891 0.5447849
v 0.45785611 0.5823791 0.55280727
v 0.45204198 0.600349 0.56535232
v 0.45484313 0.5662679 0.57166391
v 0.44940727 0.58337605 0.5843237
v 0.4414604 0.59923219 0.59724849
v 0.44402405 0.56588661 0.60147863
v 0.43636778 0.58099687 0.61417555
v 0.42635187 0.59473079 0.62684565
v 0.42866691 0.56276243 0.62925547
v 0.41900202 0.57592409 0.64132624
v 0.41857621 0.54494738 0.64223051
v 0.40920895 0.55767715 0.65385836
v 0.40649414 0.52784448 0.65316617
v 0.39743191 0.54022461 0.66428452
v 0.39274168 0.51160651 0.66193646
v 0.41359365 0.51498401 0.64134401
v 0.39967834 0.49937257 0.65054994
v 0.38442203 0.48452934 0.65764296
v 0.37776228 0.49616238 0.66850465
v 0.40488541 0.48703154 0.63842034
v 0.38959041 0.47312679 0.64593303
v 0.3731513 0.45989567 0.65140086
v 0.39341074 0.46192961 0.63341683
v 0.37705838 0.4498116 0.63965302
v 0.35935804 0.43827694 0.64374464
v 0.37975204 0.43997836 0.62703591
v 0.36176985 0.42971196 0.63275027
v 0.34222862 0.41954386 0.63578796
v 0.37991818 0.42971915 0.61432611
v 0.37643352 0.41895625 0.60251236
v 0.39572709 0.45061689 0.61981213
v 0.39533817 0.43850019 0.60555446
v 0.39152672 0.42612016 0.59199392
v 0.38477599 0.414269 0.57973319
v 0.37006622 0.40842393 0.59171235
v 0.40916347 0.44836077 0.59608387
v 0.40524107 0.43470463 0.58116549
v 0.39829635 0.42171898 0.56745845
v 0.38933908 0.40990394 0.55492007
v 0.37616893 0.40339383 0.5683915
v 0.41756945 0.44477006 0.57018065
v 0.41056555 0.43072679 0.55521035
v 0.40133771 0.41807782 0.54133743
v 0.39103525 0.40734809 0.52854949
v 0.37918347 0.39976623 0.54308188
v 0.42133334 0.44104996 0.54305332
v 0.41211736 0.42779883 0.52797395
v 0.4016357 0.41672802 0.51398098
v 0.39028322 0.40763691 0.50100833
v 0.37963527 0.39836573 0.51639366
v 0.42135998 0.43878823 0.51490801
v 0.41094669 0.42771995 0.49965566
v 0.39977514 0.41886946 0.48573157
v 0.38760998 0.41157579 0.47284796
v 0.37797209 0.40011334 0.48882857
v 0.41878143 0.44022396 0.48585686
v 0.40793907 0.43205043 0.47093904
v 0.3960793 0.42527031 0.45721542
v 0.38295418 0.41966113 0.44473341
v 0.37436142 0.40544366 0.46105703
v 0.41489458 0.44713324 0.45695519
v 0.40332216 0.44137221 0.44234424
v 0.39037168 0.43644312 0.42905673
v 0.37609443 0.43202611 0.41716024
v 0.36872059 0.41480371 0.43352419
v 0.40941739 0.46000158 0.42873808
v 0.39655944 0.45592361 0.41464155
v 0.38210678 0.45202395 0.40207633
v 0.40143355 0.47832346 0.40221133
v 0.38657507 0.47486737 0.38898101
v 0.40512043 0.5035209 0.39252334
v 0.3896256 0.5002672 0.3786309
v 0.4073835 0.53073656 0.38640797
v 0.39123788 0.52762776 0.3716216
v 0.40816041 0.55888056 0.38421374
v 0.39127388 0.55600482 0.36837777
v 0.40694701 0.58710628 0.38594105
v 0.38942658 0.58458066 0.36903765
v 0.40359339 0.61459124 0.39117735
v 0.38552132 0.61255085 0.37335902
v 0.42238801 0.58774048 0.4046365
v 0.41962114 0.61445856 0.41079288
v 0.43564045 0.58634328 0.42482399
v 0.43332961 0.61204284 0.43185332
v 0.44633668 0.5827474 0.4461953
v 0.44441217 0.60709953 0.45407715
v 0.45438176 0.57665103 0.46814152
v 0.45293897 0.59963399 0.476745
v 0.45963689 0.56795173 0.49000537
v 0.45858505 0.58964371 0.49931973
v 0.46187132 0.55675047 0.51078838
v 0.46113991 0.57735484 0.52092647
v 0.46121165 0.54376411 0.5298416
v 0.46076095 0.56337034 0.54099303
v 0.45790961 0.52979975 0.54709041
v 0.45767155 0.54832381 0.55931645
v 0.45226296 0.5153836 0.56275129
v 0.45197257 0.5327835 0.57588529
v 0.44919091 0.54972213 0.58872956
v 0.44397008 0.5173735 0.59072357
v 0.44112384 0.53325188 0.60397285
v 0.43603664 0.54845625 0.61675936
v 0.43090528 0.51718211 0.61731928
v 0.42578584 0.53139805 0.63007509
v 0.41869184 0.50174099 0.6287899
v 0.43383616 0.50240314 0.60392576
v 0.42194101 0.48813045 0.61549425
v 0.40837571 0.4746401 0.6253097
v 0.42304143 0.47396361 0.60118389
v 0.40999284 0.46184992 0.61118209
v 0.42165288 0.45931893 0.5858097
v 0.43284487 0.47140634 0.57462948
v 0.42838931 0.45588928 0.55887097
v 0.43457067 0.48703411 0.58974379
v 0.44437873 0.50096356 0.57689905
v 0.44230946 0.48434495 0.5624026
v 0.44999271 0.49772721 0.54908084
v 0.44518938 0.48033085 0.53453517
v 0.43769359 0.4678266 0.54703092
v 0.43783664 0.46411871 0.51876127
v 0.43047761 0.45226723 0.53096264
v 0.4288319 0.4506765 0.50213992
v 0.44343897 0.47604847 0.50655371
v 0.43476188 0.46316087 0.48983398
v 0.42525163 0.45397272 0.47275498
v 0.43920251 0.47627508 0.47818619
v 0.43046256 0.46918168 0.46082025
v 0.42069995 0.46435537 0.44416973
v 0.43498218 0.48687785 0.45045572
v 0.42577263 0.48425224 0.43311724
v 0.41453635 0.48141127 0.4169721
v 0.43008258 0.50747418 0.42489618
v 0.41863519 0.50591886 0.40806075
v 0.43351233 0.53327262 0.42071759
v 0.42160525 0.53262203 0.4028579
v 0.43552142 0.55991393 0.42092117
v 0.42299628 0.56021887 0.40179613
v 0.44309425 0.53250849 0.43953818
v 0.44568973 0.55773854 0.44107279
v 0.45337459 0.55325514 0.46187102
v 0.4581469 0.54603683 0.48256629
v 0.45990911 0.53597414 0.50180387
v 0.45412021 0.50479596 0.50784134
v 0.45894739 0.52396583 0.51914387
v 0.45066523 0.4928275 0.52140867
v 0.45563423 0.51109582 0.53471678
v 0.44721993 0.48793247 0.49438732
v 0.43931263 0.50809449 0.44271054
v 0.35336557 0.41075062 0.42374634
v 0.34479352 0.39629191 0.44113388
v 0.36004522 0.40039742 0.45044145
v 0.33520078 0.38468962 0.45841559
v 0.3503783 0.38875055 0.46744102
v 0.36467248 0.39382556 0.4776206
v 0.33993703 0.3796724 0.48424789
v 0.35406649 0.38466498 0.49412161
v 0.36730226 0.39085581 0.50487989
v 0.34293162 0.37768301 0.51026392
v 0.3559381 0.38373476 0.52064371
v 0.36803391 0.39112857 0.53162086
v 0.34399375 0.37875479 0.53598451
v 0.3557372 0.3857544 0.54653781
v 0.36644786 0.39403447 0.55738931
v 0.34293413 0.38241735 0.56103187
v 0.35307741 0.39014703 0.57133114
v 0.36208537 0.39871504 0.58150261
v 0.33922919 0.38823348 0.58485007
v 0.34724587 0.3959991 0.59431994
v 0.33178517 0.39543378 0.60740691
f 1 8 9 10
f 1 11 12 8
f 10 13 11 1
f 15 16 2 14
f 2 16 17 18
f 2 18 19 14
f 3 20 21 22
f 3 22 23 24
f 3 24 25 20
f 4 26 27 28
f 4 29 30 26
f 4 28 31 29
f 32 33 34 35
f 5 36 37 38
f 5 39 40 36
f 5 38 41 39
f 6 42 43 44
f 6 45 46 42
f 6 44 47 45
f 7 48 49 50
f 7 50 51 52
f 52 51 53 54
f 52 54 55 56
f 52 56 48 7
f 56 55 57 58
f 56 58 59 48
f 59 58 60 61
f 59 61 62 63
f 59 63 49 48
f 63 62 64 65
f 63 65 66 49
f 66 67 68 69
f 66 69 50 49
f 66 65 70 67
f 70 71 72 67
f 70 65 64 73
f 70 73 74 71
f 74 73 75 76
f 74 76 77 78
f 74 78 79 71
f 79 80 81 82
f 79 82 72 71
f 79 78 83 80
f 83 84 85 80
f 83 78 77 86
f 83 86 87 84
f 87 88 89 84
f 87 86 90 91
f 87 91 92 88
f 92 93 94 88
f 92 91 95 96
f 92 96 97 93
f 97 98 99 93
f 97 96 100 101
f 97 101 102 98
f 102 101 103 104
f 102 104 105 106
f 102 106 107 98
f 107 108 109 110
f 107 110 99 98
f 107 106 111 108
f 111 112 113 108
f 111 106 105 114
f 111 114 115 112
f 115 116 117 112
f 115 114 118 119
f 115 119 120 116
f 120 119 15 121
f 120 121 122 123
f 120 123 124 116
f 124 125 117 116
f 124 123 126 127
f 124 127 128 125
f 128 129 130 125
f 128 127 131 132
f 128 132 133 129
f 133 134 135 129
f 133 132 136 137
f 133 137 138 134
f 138 139 140 134
f 138 137 141 142
f 138 142 143 139
f 143 144 145 139
f 143 142 146 147
f 143 147 148 144
f 148 149 150 144
f 148 147 151 152
f 148 152 153 149
f 153 154 155 149
f 153 152 156 157
f 153 157 158 154
f 158 159 160 154
f 158 157 161 162
f 158 162 163 159
f 163 164 165 159
f 163 162 166 167
f 163 167 168 164
f 168 167 169 170
f 168 170 171 172
f 168 172 173 164
f 173 174 175 176
f 173 176 165 164
f 173 172 177 174
f 177 172 171 178
f 177 178 179 180
f 177 180 181 174
f 181 34 182 183
f 181 183 175 174
f 181 180 35 34
f 183 182 184 185
f 183 185 186 175
f 186 185 187 188
f 186 188 189 190
f 186 190 176 175
f 190 189 191 192
f 190 192 165 176
f 192 191 193 160
f 192 160 159 165
f 193 191 194 195
f 193 195 196 155
f 193 155 154 160
f 196 195 197 198
f 196 198 199 150
f 196 150 149 155
f 199 198 200 201
f 199 201 202 145
f 199 145 144 150
f 202 201 203 204
f 202 204 205 140
f 202 140 139 145
f 205 204 206 207
f 205 207 208 135
f 205 135 134 140
f 208 207 209 210
f 208 210 211 130
f 208 130 129 135
f 211 210 212 113
f 211 113 112 117
f 211 117 125 130
f 212 210 209 213
f 212 213 214 109
f 212 109 108 113
f 214 213 215 216
f 214 216 217 218
f 214 218 110 109
f 218 217 219 220
f 218 220 99 110
f 220 219 221 94
f 220 94 93 99
f 221 219 222 223
f 221 223 224 89
f 221 89 88 94
f 224 223 225 226
f 224 226 227 85
f 224 85 84 89
f 227 226 228 229
f 227 229 230 81
f 227 81 80 85
f 230 229 231 232
f 230 232 233 234
f 230 234 82 81
f 234 233 235 236
f 234 236 72 82
f 236 235 237 68
f 236 68 67 72
f 237 235 238 239
f 237 239 240 241
f 237 241 69 68
f 241 240 53 51
f 241 51 50 69
f 240 239 242 243
f 240 243 244 53
f 244 243 245 246
f 244 246 247 248
f 244 248 54 53
f 248 247 249 250
f 248 250 55 54
f 250 249 251 252
f 250 252 57 55
f 252 251 253 254
f 252 254 255 57
f 255 254 256 257
f 255 257 258 60
f 255 60 58 57
f 258 257 259 260
f 258 260 261 262
f 258 262 61 60
f 262 261 263 264
f 262 264 62 61
f 264 263 265 266
f 264 266 64 62
f 266 265 267 75
f 266 75 73 64
f 267 265 268 269
f 267 269 270 271
f 267 271 76 75
f 271 270 272 273
f 271 273 77 76
f 273 272 274 90
f 273 90 86 77
f 274 272 275 276
f 274 276 277 95
f 274 95 91 90
f 277 276 278 279
f 277 279 280 100
f 277 100 96 95
f 280 279 281 282
f 280 282 283 103
f 280 103 101 100
f 283 282 284 285
f 283 285 286 287
f 283 287 104 103
f 287 286 17 288
f 287 288 105 104
f 288 17 16 118
f 288 118 114 105
f 286 285 289 290
f 286 290 18 17
f 290 289 291 292
f 290 292 19 18
f 292 291 293 294
f 292 294 295 19
f 295 296 14 19
f 295 294 297 298
f 295 298 299 296
f 299 122 121 296
f 299 298 300 301
f 299 301 302 122
f 302 126 123 122
f 302 301 303 304
f 302 304 305 126
f 305 131 127 126
f 305 304 306 307
f 305 307 308 131
f 308 136 132 131
f 308 307 309 310
f 308 310 311 136
f 311 141 137 136
f 311 310 312 313
f 311 313 314 141
f 314 146 142 141
f 314 313 315 316
f 314 316 317 146
f 317 151 147 146
f 317 316 318 319
f 317 319 320 151
f 320 156 152 151
f 320 319 321 322
f 320 322 323 156
f 323 161 157 156
f 323 322 324 325
f 323 325 326 161
f 326 166 162 161
f 326 325 327 328
f 326 328 329 166
f 329 328 330 331
f 329 331 332 169
f 329 169 167 166
f 332 331 333 334
f 332 334 335 336
f 332 336 170 169
f 336 335 337 338
f 336 338 171 170
f 338 337 339 340
f 338 340 178 171
f 340 339 341 342
f 340 342 179 178
f 342 341 343 344
f 342 344 345 179
f 345 35 180 179
f 345 344 346 347
f 345 347 32 35
f 347 346 348 349
f 347 349 33 32
f 349 348 350 351
f 349 351 352 33
f 352 182 34 33
f 352 351 353 354
f 352 354 184 182
f 354 353 355 356
f 354 356 357 184
f 357 187 185 184
f 357 356 358 359
f 357 359 360 187
f 360 361 188 187
f 360 359 362 363
f 360 363 364 361
f 364 363 28 27
f 364 27 365 366
f 364 366 367 361
f 367 366 368 194
f 367 194 191 189
f 367 189 188 361
f 368 366 365 369
f 368 369 370 197
f 368 197 195 194
f 370 369 371 372
f 370 372 373 200
f 370 200 198 197
f 373 372 374 375
f 373 375 376 203
f 373 203 201 200
f 376 375 377 378
f 376 378 379 206
f 376 206 204 203
f 379 378 380 215
f 379 215 213 209
f 379 209 207 206
f 380 378 377 381
f 380 381 382 383
f 380 383 216 215
f 383 382 384 385
f 383 385 217 216
f 385 384 386 222
f 385 222 219 217
f 386 384 387 388
f 386 388 389 225
f 386 225 223 222
f 389 388 390 391
f 389 391 392 228
f 389 228 226 225
f 392 391 393 394
f 392 394 395 231
f 392 231 229 228
f 395 394 396 397
f 395 397 398 399
f 395 399 232 231
f 399 398 400 401
f 399 401 233 232
f 401 400 402 238
f 401 238 235 233
f 402 400 403 404
f 402 404 405 242
f 402 242 239 238
f 405 404 406 407
f 405 407 408 245
f 405 245 243 242
f 408 407 409 410
f 408 410 411 412
f 408 412 246 245
f 412 411 413 414
f 412 414 247 246
f 414 413 415 416
f 414 416 249 247
f 416 415 417 418
f 416 418 251 249
f 418 417 419 420
f 418 420 253 251
f 420 419 421 422
f 420 422 423 253
f 423 422 424 425
f 423 425 426 256
f 423 256 254 253
f 426 425 427 428
f 426 428 429 259
f 426 259 257 256
f 429 428 430 431
f 429 431 432 433
f 429 433 260 259
f 433 432 434 435
f 433 435 261 260
f 435 434 436 437
f 435 437 263 261
f 437 436 438 268
f 437 268 265 263
f 438 436 439 440
f 438 440 441 442
f 438 442 269 268
f 442 441 443 444
f 442 444 270 269
f 444 443 445 275
f 444 275 272 270
f 445 443 446 447
f 445 447 448 278
f 445 278 276 275
f 448 447 449 450
f 448 450 451 281
f 448 281 279 278
f 451 450 452 453
f 451 453 454 284
f 451 284 282 281
f 454 453 455 456
f 454 456 291 289
f 454 289 285 284
f 456 455 457 458
f 456 458 293 291
f 458 457 459 460
f 458 460 461 293
f 461 460 462 463
f 461 463 464 297
f 461 297 294 293
f 464 300 298 297
f 464 463 465 466
f 464 466 467 300
f 467 303 301 300
f 467 466 468 469
f 467 469 470 303
f 470 306 304 303
f 470 469 471 472
f 470 472 473 306
f 473 309 307 306
f 473 472 474 475
f 473 475 476 309
f 476 312 310 309
f 476 475 477 478
f 476 478 479 312
f 479 315 313 312
f 479 478 480 481
f 479 481 482 315
f 482 318 316 315
f 482 481 483 484
f 482 484 485 318
f 485 321 319 318
f 485 484 486 487
f 485 487 488 321
f 488 324 322 321
f 488 487 489 490
f 488 490 491 324
f 491 327 325 324
f 491 490 492 493
f 491 493 494 327
f 494 493 495 496
f 494 496 497 330
f 494 330 328 327
f 497 496 498 499
f 497 499 500 333
f 497 333 331 330
f 500 499 501 502
f 500 502 503 504
f 500 504 334 333
f 504 503 505 506
f 504 506 335 334
f 506 505 507 508
f 506 508 337 335
f 508 507 509 510
f 508 510 339 337
f 510 509 511 512
f 510 512 341 339
f 512 511 513 514
f 512 514 343 341
f 514 513 515 516
f 514 516 517 343
f 517 346 344 343
f 517 516 518 519
f 517 519 348 346
f 519 518 520 521
f 519 521 350 348
f 521 520 522 523
f 521 523 524 350
f 524 353 351 350
f 524 523 525 526
f 524 526 355 353
f 526 525 527 528
f 526 528 529 355
f 529 358 356 355
f 529 528 530 531
f 529 531 532 358
f 532 362 359 358
f 532 531 533 534
f 532 534 31 362
f 534 533 535 536
f 534 536 29 31
f 536 535 537 538
f 536 538 30 29
f 538 537 539 540
f 538 540 541 30
f 541 542 26 30
f 541 540 543 544
f 541 544 371 542
f 544 543 545 374
f 544 374 372 371
f 545 543 546 547
f 545 547 381 377
f 545 377 375 374
f 547 546 548 549
f 547 549 382 381
f 549 548 550 387
f 549 387 384 382
f 550 548 551 552
f 550 552 553 390
f 550 390 388 387
f 553 552 554 555
f 553 555 556 393
f 553 393 391 390
f 556 555 557 558
f 556 558 559 396
f 556 396 394 393
f 559 558 560 561
f 559 561 562 563
f 559 563 397 396
f 563 562 564 565
f 563 565 398 397
f 565 564 566 403
f 565 403 400 398
f 566 564 567 568
f 566 568 569 406
f 566 406 404 403
f 569 568 570 571
f 569 571 572 409
f 569 409 407 406
f 572 571 573 574
f 572 574 575 576
f 572 576 410 409
f 576 575 577 578
f 576 578 411 410
f 578 577 579 580
f 578 580 413 411
f 580 579 581 582
f 580 582 415 413
f 582 581 583 584
f 582 584 417 415
f 584 583 585 586
f 584 586 419 417
f 586 585 587 588
f 586 588 421 419
f 588 587 589 590
f 588 590 591 421
f 591 590 592 593
f 591 593 594 424
f 591 424 422 421
f 594 593 595 596
f 594 596 597 427
f 594 427 425 424
f 597 596 598 599
f 597 599 600 430
f 597 430 428 427
f 600 599 601 602
f 600 602 603 604
f 600 604 431 430
f 604 603 605 606
f 604 606 432 431
f 606 605 607 608
f 606 608 434 432
f 608 607 609 439
f 608 439 436 434
f 609 607 610 611
f 609 611 612 613
f 609 613 440 439
f 613 612 614 615
f 613 615 441 440
f 615 614 616 446
f 615 446 443 441
f 616 614 617 618
f 616 618 619 449
f 616 449 447 446
f 619 618 620 621
f 619 621 622 452
f 619 452 450 449
f 622 621 623 624
f 622 624 457 455
f 622 455 453 452
f 624 623 625 626
f 624 626 459 457
f 626 625 627 628
f 626 628 629 459
f 629 628 630 631
f 629 631 632 462
f 629 462 460 459
f 632 631 633 634
f 632 634 635 465
f 632 465 463 462
f 635 468 466 465
f 635 634 636 637
f 635 637 638 468
f 638 471 469 468
f 638 637 639 640
f 638 640 641 471
f 641 474 472 471
f 641 640 642 643
f 641 643 644 474
f 644 477 475 474
f 644 643 645 646
f 644 646 647 477
f 647 480 478 477
f 647 646 648 649
f 647 649 650 480
f 650 483 481 480
f 650 649 651 652
f 650 652 653 483
f 653 486 484 483
f 653 652 654 655
f 653 655 656 486
f 656 489 487 486
f 656 655 657 658
f 656 658 659 489
f 659 492 490 489
f 659 658 660 661
f 659 661 662 492
f 662 661 663 664
f 662 664 665 495
f 662 495 493 492
f 665 664 666 667
f 665 667 668 498
f 665 498 496 495
f 668 667 669 670
f 668 670 671 501
f 668 501 499 498
f 671 670 672 673
f 671 673 674 675
f 671 675 502 501
f 675 674 676 677
f 675 677 503 502
f 677 676 678 679
f 677 679 505 503
f 679 678 680 681
f 679 681 507 505
f 681 680 682 683
f 681 683 509 507
f 683 682 684 685
f 683 685 511 509
f 685 684 686 687
f 685 687 513 511
f 687 686 688 689
f 687 689 515 513
f 689 688 690 691
f 689 691 692 515
f 692 518 516 515
f 692 691 693 694
f 692 694 520 518
f 694 693 695 696
f 694 696 522 520
f 696 695 697 698
f 696 698 699 522
f 699 525 523 522
f 699 698 700 701
f 699 701 527 525
f 701 700 702 703
f 701 703 704 527
f 704 530 528 527
f 704 703 705 706
f 704 706 707 530
f 707 533 531 530
f 707 706 708 709
f 707 709 535 533
f 709 708 554 710
f 709 710 537 535
f 710 554 552 551
f 710 551 539 537
f 708 706 705 557
f 708 557 555 554
f 705 703 702 560
f 705 560 558 557
f 702 700 711 712
f 702 712 561 560
f 712 711 713 714
f 712 714 562 561
f 714 713 715 567
f 714 567 564 562
f 715 713 716 717
f 715 717 718 570
f 715 570 568 567
f 718 717 719 720
f 718 720 721 573
f 718 573 571 570
f 721 720 722 723
f 721 723 724 725
f 721 725 574 573
f 725 724 726 727
f 725 727 575 574
f 727 726 728 729
f 727 729 577 575
f 729 728 730 731
f 729 731 579 577
f 731 730 732 733
f 731 733 581 579
f 733 732 734 735
f 733 735 583 581
f 735 734 736 737
f 735 737 585 583
f 737 736 738 739
f 737 739 587 585
f 739 738 740 741
f 739 741 589 587
f 741 740 742 743
f 741 743 744 589
f 744 743 745 746
f 744 746 747 592
f 744 592 590 589
f 747 746 748 749
f 747 749 750 595
f 747 595 593 592
f 750 749 38 37
f 750 37 751 598
f 750 598 596 595
f 751 37 36 752
f 751 752 753 601
f 751 601 599 598
f 753 752 754 755
f 753 755 756 757
f 753 757 602 601
f 757 756 758 759
f 757 759 603 602
f 759 758 760 761
f 759 761 605 603
f 761 760 762 610
f 761 610 607 605
f 762 760 763 764
f 762 764 765 766
f 762 766 611 610
f 766 765 767 768
f 766 768 612 611
f 768 767 769 617
f 768 617 614 612
f 769 767 770 771
f 769 771 772 620
f 769 620 618 617
f 772 771 773 774
f 772 774 625 623
f 772 623 621 620
f 774 773 775 776
f 774 776 627 625
f 776 775 777 778
f 776 778 779 627
f 779 778 780 781
f 779 781 782 630
f 779 630 628 627
f 782 781 783 784
f 782 784 785 633
f 782 633 631 630
f 785 636 634 633
f 785 784 786 787
f 785 787 788 636
f 788 639 637 636
f 788 787 789 790
f 788 790 791 639
f 791 642 640 639
f 791 790 792 793
f 791 793 794 642
f 794 645 643 642
f 794 793 795 796
f 794 796 797 645
f 797 648 646 645
f 797 796 798 799
f 797 799 800 648
f 800 651 649 648
f 800 799 801 802
f 800 802 803 651
f 803 654 652 651
f 803 802 804 805
f 803 805 806 654
f 806 657 655 654
f 806 805 807 808
f 806 808 809 657
f 809 660 658 657
f 809 808 810 811
f 809 811 812 660
f 812 663 661 660
f 812 811 813 814
f 812 814 815 663
f 815 814 23 816
f 815 816 817 666
f 815 666 664 663
f 817 816 818 819
f 817 819 820 669
f 817 669 667 666
f 820 819 821 822
f 820 822 823 672
f 820 672 670 669
f 823 822 824 825
f 823 825 826 827
f 823 827 673 672
f 827 826 828 829
f 827 829 674 673
f 829 828 830 831
f 829 831 676 674
f 831 830 832 833
f 831 833 678 676
f 833 832 834 835
f 833 835 680 678
f 835 834 836 837
f 835 837 682 680
f 837 836 838 839
f 837 839 684 682
f 839 838 840 841
f 839 841 686 684
f 841 840 842 843
f 841 843 688 686
f 843 842 844 845
f 843 845 690 688
f 845 844 722 846
f 845 846 847 690
f 847 693 691 690
f 847 846 719 848
f 847 848 695 693
f 848 719 717 716
f 848 716 697 695
f 846 722 720 719
f 844 842 849 850
f 844 850 723 722
f 850 849 851 852
f 850 852 724 723
f 852 851 853 854
f 852 854 726 724
f 854 853 855 856
f 854 856 728 726
f 856 855 857 858
f 856 858 730 728
f 858 857 859 860
f 858 860 732 730
f 860 859 861 862
f 860 862 734 732
f 862 861 863 864
f 862 864 736 734
f 864 863 865 866
f 864 866 738 736
f 866 865 867 868
f 866 868 740 738
f 868 867 869 870
f 868 870 742 740
f 870 869 871 872
f 870 872 873 742
f 873 872 874 875
f 873 875 876 745
f 873 745 743 742
f 876 875 877 878
f 876 878 41 748
f 876 748 746 745
f 878 877 879 880
f 878 880 39 41
f 880 879 881 882
f 880 882 40 39
f 882 881 883 884
f 882 884 754 40
f 884 883 885 886
f 884 886 755 754
f 886 885 887 888
f 886 888 756 755
f 888 887 889 890
f 888 890 758 756
f 890 889 891 763
f 890 763 760 758
f 891 889 892 893
f 891 893 894 895
f 891 895 764 763
f 895 894 896 897
f 895 897 765 764
f 897 896 898 770
f 897 770 767 765
f 898 896 899 900
f 898 900 775 773
f 898 773 771 770
f 900 899 901 902
f 900 902 777 775
f 902 901 903 904
f 902 904 905 777
f 905 904 906 907
f 905 907 908 780
f 905 780 778 777
f 908 907 909 910
f 908 910 911 783
f 908 783 781 780
f 911 786 784 783
f 911 910 912 913
f 911 913 914 786
f 914 789 787 786
f 914 913 915 916
f 914 916 917 789
f 917 792 790 789
f 917 916 918 919
f 917 919 920 792
f 920 795 793 792
f 920 919 921 922
f 920 922 923 795
f 923 798 796 795
f 923 922 924 925
f 923 925 926 798
f 926 801 799 798
f 926 925 927 928
f 926 928 929 801
f 929 804 802 801
f 929 928 930 931
f 929 931 932 804
f 932 807 805 804
f 932 931 933 934
f 932 934 935 807
f 935 810 808 807
f 935 934 936 937
f 935 937 938 810
f 938 813 811 810
f 938 937 939 25
f 938 25 24 813
f 939 937 936 940
f 939 940 941 942
f 939 942 20 25
f 942 941 943 944
f 942 944 21 20
f 944 943 945 946
f 944 946 947 21
f 947 818 22 21
f 947 946 948 821
f 947 821 819 818
f 948 946 945 949
f 948 949 950 824
f 948 824 822 821
f 950 949 951 952
f 950 952 953 954
f 950 954 825 824
f 954 953 955 956
f 954 956 826 825
f 956 955 957 958
f 956 958 828 826
f 958 957 959 960
f 958 960 830 828
f 960 959 961 962
f 960 962 832 830
f 962 961 963 964
f 962 964 834 832
f 964 963 965 966
f 964 966 836 834
f 966 965 967 968
f 966 968 838 836
f 968 967 969 970
f 968 970 840 838
f 970 969 851 849
f 970 849 842 840
f 969 967 971 972
f 969 972 853 851
f 972 971 973 974
f 972 974 855 853
f 974 973 975 976
f 974 976 857 855
f 976 975 977 978
f 976 978 859 857
f 978 977 979 980
f 978 980 861 859
f 980 979 981 982
f 980 982 863 861
f 982 981 983 984
f 982 984 865 863
f 984 983 985 986
f 984 986 867 865
f 986 985 987 988
f 986 988 869 867
f 988 987 989 990
f 988 990 871 869
f 990 989 991 992
f 990 992 993 871
f 993 992 994 995
f 993 995 996 874
f 993 874 872 871
f 996 995 997 998
f 996 998 879 877
f 996 877 875 874
f 998 997 999 1000
f 998 1000 881 879
f 1000 999 1001 1002
f 1000 1002 883 881
f 1002 1001 1003 1004
f 1002 1004 885 883
f 1004 1003 1005 1006
f 1004 1006 887 885
f 1006 1005 1007 892
f 1006 892 889 887
f 1007 1005 1008 1009
f 1007 1009 1010 1011
f 1007 1011 893 892
f 1011 1010 1012 1013
f 1011 1013 894 893
f 1013 1012 901 899
f 1013 899 896 894
f 1012 1010 1014 1015
f 1012 1015 903 901
f 1015 1014 1016 1017
f 1015 1017 1018 903
f 1018 1017 1019 1020
f 1018 1020 1021 906
f 1018 906 904 903
f 1021 1020 1022 1023
f 1021 1023 1024 909
f 1021 909 907 906
f 1024 1023 1025 1026
f 1024 1026 1027 912
f 1024 912 910 909
f 1027 915 913 912
f 1027 1026 1028 1029
f 1027 1029 1030 915
f 1030 918 916 915
f 1030 1029 1031 1032
f 1030 1032 1033 918
f 1033 921 919 918
f 1033 1032 1034 1035
f 1033 1035 1036 921
f 1036 924 922 921
f 1036 1035 1037 1038
f 1036 1038 1039 924
f 1039 927 925 924
f 1039 1038 1040 1041
f 1039 1041 1042 927
f 1042 930 928 927
f 1042 1041 1043 1044
f 1042 1044 1045 930
f 1045 933 931 930
f 1045 1044 1046 1047
f 1045 1047 1048 933
f 1048 936 934 933
f 1048 1047 1049 1050
f 1048 1050 940 936
f 1050 1049 1051 1052
f 1050 1052 941 940
f 1052 1051 1053 1054
f 1052 1054 943 941
f 1054 1053 1055 1056
f 1054 1056 945 943
f 1056 1055 1057 951
f 1056 951 949 945
f 1057 1055 1058 1059
f 1057 1059 1060 1061
f 1057 1061 952 951
f 1061 1060 1062 1063
f 1061 1063 953 952
f 1063 1062 1064 1065
f 1063 1065 955 953
f 1065 1064 1066 1067
f 1065 1067 957 955
f 1067 1066 1068 1069
f 1067 1069 959 957
f 1069 1068 1070 1071
f 1069 1071 961 959
f 1071 1070 1072 1073
f 1071 1073 963 961
f 1073 1072 1074 1075
f 1073 1075 965 963
f 1075 1074 973 971
f 1075 971 967 965
f 1074 1072 1076 1077
f 1074 1077 975 973
f 1077 1076 1078 1079
f 1077 1079 977 975
f 1079 1078 1080 1081
f 1079 1081 979 977
f 1081 1080 1082 1083
f 1081 1083 981 979
f 1083 1082 1084 1085
f 1083 1085 983 981
f 1085 1084 1086 1087
f 1085 1087 985 983
f 1087 1086 1088 1089
f 1087 1089 987 985
f 1089 1088 1090 1091
f 1089 1091 989 987
f 1091 1090 1092 1093
f 1091 1093 991 989
f 1093 1092 1094 1095
f 1093 1095 1096 991
f 1096 1095 1097 1098
f 1096 1098 1099 994
f 1096 994 992 991
f 1099 1098 1100 1101
f 1099 1101 999 997
f 1099 997 995 994
f 1101 1100 1102 1103
f 1101 1103 1001 999
f 1103 1102 1104 1105
f 1103 1105 1003 1001
f 1105 1104 1106 1008
f 1105 1008 1005 1003
f 1106 1104 1107 1108
f 1106 1108 1109 1110
f 1106 1110 1009 1008
f 1110 1109 1016 1014
f 1110 1014 1010 1009
f 1109 1108 1111 1112
f 1109 1112 1113 1016
f 1113 1112 1114 1115
f 1113 1115 1116 1019
f 1113 1019 1017 1016
f 1116 1115 1117 1118
f 1116 1118 1119 1022
f 1116 1022 1020 1019
f 1119 1118 13 10
f 1119 10 9 1025
f 1119 1025 1023 1022
f 1118 1117 1120 13
f 1120 1121 11 13
f 1120 1117 1122 1123
f 1120 1123 1124 1121
f 1124 1125 1126 1121
f 1124 1123 1127 1128
f 1124 1128 1129 1125
f 1129 1130 1131 1125
f 1129 1128 1132 1133
f 1129 1133 1134 1130
f 1134 1135 1136 1130
f 1134 1133 1137 1138
f 1134 1138 1139 1135
f 1139 1140 1141 1135
f 1139 1138 1142 1143
f 1139 1143 1144 1140
f 1144 1145 1146 1140
f 1144 1143 1147 1148
f 1144 1148 1149 1145
f 1149 1150 1151 1145
f 1149 1148 1152 1153
f 1149 1153 1154 1150
f 1154 1155 1156 1150
f 1154 1153 1157 1158
f 1154 1158 1159 1155
f 1159 1059 1058 1155
f 1159 1158 1160 1161
f 1159 1161 1060 1059
f 1161 1160 1162 1163
f 1161 1163 1062 1060
f 1163 1162 1164 1165
f 1163 1165 1064 1062
f 1165 1164 1166 1167
f 1165 1167 1066 1064
f 1167 1166 1168 1169
f 1167 1169 1068 1066
f 1169 1168 1170 1171
f 1169 1171 1070 1068
f 1171 1170 1078 1076
f 1171 1076 1072 1070
f 1170 1168 1172 1173
f 1170 1173 1080 1078
f 1173 1172 1174 1175
f 1173 1175 1082 1080
f 1175 1174 1176 1177
f 1175 1177 1084 1082
f 1177 1176 1178 1179
f 1177 1179 1086 1084
f 1179 1178 1180 1181
f 1179 1181 1088 1086
f 1181 1180 1182 1183
f 1181 1183 1090 1088
f 1183 1182 1184 1185
f 1183 1185 1092 1090
f 1185 1184 1186 1187
f 1185 1187 1094 1092
f 1187 1186 1188 1189
f 1187 1189 1190 1094
f 1190 1189 1191 1192
f 1190 1192 1193 1097
f 1190 1097 1095 1094
f 1193 1192 1194 1195
f 1193 1195 1102 1100
f 1193 1100 1098 1097
f 1195 1194 1196 1107
f 1195 1107 1104 1102
f 1196 1194 1197 1198
f 1196 1198 1199 1111
f 1196 1111 1108 1107
f 1199 1198 1200 1201
f 1199 1201 1122 1114
f 1199 1114 1112 1111
f 1201 1200 1202 1127
f 1201 1127 1123 1122
f 1202 1203 1204 1132
f 1202 1132 1128 1127
f 1202 1200 1205 1203
f 1205 1206 1207 1203
f 1205 1200 1198 1197
f 1205 1197 1191 1206
f 1207 1208 1209 1210
f 1207 1210 1204 1203
f 1207 1206 1188 1208
f 1210 1209 1211 1212
f 1210 1212 1137 1204
f 1212 1142 1138 1137
f 1212 1211 1213 1142
f 1213 1147 1143 1142
f 1213 1211 1214 1215
f 1213 1215 1216 1147
f 1216 1152 1148 1147
f 1216 1215 1217 1218
f 1216 1218 1219 1152
f 1219 1157 1153 1152
f 1219 1218 1220 1221
f 1219 1221 1222 1157
f 1222 1160 1158 1157
f 1222 1221 1223 1224
f 1222 1224 1162 1160
f 1224 1223 1225 1226
f 1224 1226 1164 1162
f 1226 1225 1227 1228
f 1226 1228 1166 1164
f 1228 1227 1174 1172
f 1228 1172 1168 1166
f 1227 1225 1229 1230
f 1227 1230 1176 1174
f 1230 1229 43 1231
f 1230 1231 1178 1176
f 1231 43 42 1232
f 1231 1232 1180 1178
f 1232 42 46 1233
f 1232 1233 1182 1180
f 1233 46 1234 1235
f 1233 1235 1184 1182
f 1235 1234 1236 1237
f 1235 1237 1186 1184
f 1237 1236 1209 1208
f 1237 1208 1188 1186
f 1236 1234 1238 1214
f 1236 1214 1211 1209
f 1238 1217 1215 1214
f 1238 1234 46 45
f 1238 45 47 1217
f 1229 1225 1223 1239
f 1229 1239 44 43
f 1239 1223 1221 1220
f 1239 1220 47 44
f 1220 1218 1217 47
f 1206 1191 1189 1188
f 1204 1137 1133 1132
f 1197 1194 1192 1191
f 1156 1240 1241 1242
f 1156 1242 1151 1150
f 1156 1155 1058 1240
f 1242 1241 1243 1244
f 1242 1244 1245 1151
f 1245 1244 1246 1247
f 1245 1247 1248 1146
f 1245 1146 1145 1151
f 1248 1247 1249 1250
f 1248 1250 1251 1141
f 1248 1141 1140 1146
f 1251 1250 1252 1253
f 1251 1253 1254 1136
f 1251 1136 1135 1141
f 1254 1253 1255 1256
f 1254 1256 1257 1131
f 1254 1131 1130 1136
f 1257 1256 1258 1259
f 1257 1259 12 1126
f 1257 1126 1125 1131
f 1259 1258 1031 1260
f 1259 1260 8 12
f 1260 1031 1029 1028
f 1260 1028 9 8
f 1258 1034 1032 1031
f 1258 1256 1255 1034
f 1255 1037 1035 1034
f 1255 1253 1252 1037
f 1252 1040 1038 1037
f 1252 1250 1249 1040
f 1249 1043 1041 1040
f 1249 1247 1246 1043
f 1246 1046 1044 1043
f 1246 1244 1243 1046
f 1243 1049 1047 1046
f 1243 1241 1051 1049
f 1241 1240 1053 1051
f 1240 1058 1055 1053
f 1126 12 11 1121
f 1122 1117 1115 1114
f 1028 1026 1025 9
f 818 816 23 22
f 814 813 24 23
f 754 752 36 40
f 749 748 41 38
f 716 713 711 697
f 711 700 698 697
f 551 548 546 539
f 546 543 540 539
f 542 365 27 26
f 542 371 369 365
f 363 362 31 28
f 296 121 15 14
f 119 118 16 15
f 1261 1270 1269 1268
f 1261 1268 1272 1271
f 1270 1261 1271 1273
f 1275 1274 1262 1276
f 1262 1278 1277 1276
f 1262 1274 1279 1278
f 1263 1282 1281 1280
f 1263 1284 1283 1282
f 1263 1280 1285 1284
f 1264 1288 1287 1286
f 1264 1286 1290 1289
f 1264 1289 1291 1288
f 1292 1295 1294 1293
f 1265 1298 1297 1296
f 1265 1296 1300 1299
f 1265 1299 1301 1298
f 1266 1304 1303 1302
f 1266 1302 1306 1305
f 1266 1305 1307 1304
f 1267 1310 1309 1308
f 1267 1312 1311 1310
f 1312 1314 1313 1311
f 1312 1316 1315 1314
f 1312 1267 1308 1316
f 1316 1318 1317 1315
f 1316 1308 1319 1318
f 1319 1321 1320 1318
f 1319 1323 1322 1321
f 1319 1308 1309 1323
f 1323 1325 1324 1322
f 1323 1309 1326 1325
f 1326 1329 1328 1327
f 1326 1309 1310 1329
f 1326 1327 1330 1325
f 1330 1327 1332 1331
f 1330 1333 1324 1325
f 1330 1331 1334 1333
f 1334 1336 1335 1333
f 1334 1338 1337 1336
f 1334 1331 1339 1338
f 1339 1342 1341 1340
f 1339 1331 1332 1342
f 1339 1340 1343 1338
f 1343 1340 1345 1344
f 1343 1346 1337 1338
f 1343 1344 1347 1346
f 1347 1344 1349 1348
f 1347 1351 1350 1346
f 1347 1348 1352 1351
f 1352 1348 1354 1353
f 1352 1356 1355 1351
f 1352 1353 1357 1356
f 1357 1353 1359 1358
f 1357 1361 1360 1356
f 1357 1358 1362 1361
f 1362 1364 1363 1361
f 1362 1366 1365 1364
f 1362 1358 1367 1366
f 1367 1370 1369 1368
f 1367 1358 1359 1370
f 1367 1368 1371 1366
f 1371 1368 1373 1372
f 1371 1374 1365 1366
f 1371 1372 1375 1374
f 1375 1372 1377 1376
f 1375 1379 1378 1374
f 1375 1376 1380 1379
f 1380 1381 1275 1379
f 1380 1383 1382 1381
f 1380 1376 1384 1383
f 1384 1376 1377 1385
f 1384 1387 1386 1383
f 1384 1385 1388 1387
f 1388 1385 1390 1389
f 1388 1392 1391 1387
f 1388 1389 1393 1392
f 1393 1389 1395 1394
f 1393 1397 1396 1392
f 1393 1394 1398 1397
f 1398 1394 1400 1399
f 1398 1402 1401 1397
f 1398 1399 1403 1402
f 1403 1399 1405 1404
f 1403 1407 1406 1402
f 1403 1404 1408 1407
f 1408 1404 1410 1409
f 1408 1412 1411 1407
f 1408 1409 1413 1412
f 1413 1409 1415 1414
f 1413 1417 1416 1412
f 1413 1414 1418 1417
f 1418 1414 1420 1419
f 1418 1422 1421 1417
f 1418 1419 1423 1422
f 1423 1419 1425 1424
f 1423 1427 1426 1422
f 1423 1424 1428 1427
f 1428 1430 1429 1427
f 1428 1432 1431 1430
f 1428 1424 1433 1432
f 1433 1436 1435 1434
f 1433 1424 1425 1436
f 1433 1434 1437 1432
f 1437 1438 1431 1432
f 1437 1440 1439 1438
f 1437 1434 1441 1440
f 1441 1443 1442 1294
f 1441 1434 1435 1443
f 1441 1294 1295 1440
f 1443 1445 1444 1442
f 1443 1435 1446 1445
f 1446 1448 1447 1445
f 1446 1450 1449 1448
f 1446 1435 1436 1450
f 1450 1452 1451 1449
f 1450 1436 1425 1452
f 1452 1420 1453 1451
f 1452 1425 1419 1420
f 1453 1455 1454 1451
f 1453 1415 1456 1455
f 1453 1420 1414 1415
f 1456 1458 1457 1455
f 1456 1410 1459 1458
f 1456 1415 1409 1410
f 1459 1461 1460 1458
f 1459 1405 1462 1461
f 1459 1410 1404 1405
f 1462 1464 1463 1461
f 1462 1400 1465 1464
f 1462 1405 1399 1400
f 1465 1467 1466 1464
f 1465 1395 1468 1467
f 1465 1400 1394 1395
f 1468 1470 1469 1467
f 1468 1390 1471 1470
f 1468 1395 1389 1390
f 1471 1373 1472 1470
f 1471 1377 1372 1373
f 1471 1390 1385 1377
f 1472 1473 1469 1470
f 1472 1369 1474 1473
f 1472 1373 1368 1369
f 1474 1476 1475 1473
f 1474 1478 1477 1476
f 1474 1369 1370 1478
f 1478 1480 1479 1477
f 1478 1370 1359 1480
f 1480 1354 1481 1479
f 1480 1359 1353 1354
f 1481 1483 1482 1479
f 1481 1349 1484 1483
f 1481 1354 1348 1349
f 1484 1486 1485 1483
f 1484 1345 1487 1486
f 1484 1349 1344 1345
f 1487 1489 1488 1486
f 1487 1341 1490 1489
f 1487 1345 1340 1341
f 1490 1492 1491 1489
f 1490 1494 1493 1492
f 1490 1341 1342 1494
f 1494 1496 1495 1493
f 1494 1342 1332 1496
f 1496 1328 1497 1495
f 1496 1332 1327 1328
f 1497 1499 1498 1495
f 1497 1501 1500 1499
f 1497 1328 1329 1501
f 1501 1311 1313 1500
f 1501 1329 1310 1311
f 1500 1503 1502 1499
f 1500 1313 1504 1503
f 1504 1506 1505 1503
f 1504 1508 1507 1506
f 1504 1313 1314 1508
f 1508 1510 1509 1507
f 1508 1314 1315 1510
f 1510 1512 1511 1509
f 1510 1315 1317 1512
f 1512 1514 1513 1511
f 1512 1317 1515 1514
f 1515 1517 1516 1514
f 1515 1320 1518 1517
f 1515 1317 1318 1320
f 1518 1520 1519 1517
f 1518 1522 1521 1520
f 1518 1320 1321 1522
f 1522 1524 1523 1521
f 1522 1321 1322 1524
f 1524 1526 1525 1523
f 1524 1322 1324 1526
f 1526 1335 1527 1525
f 1526 1324 1333 1335
f 1527 1529 1528 1525
f 1527 1531 1530 1529
f 1527 1335 1336 1531
f 1531 1533 1532 1530
f 1531 1336 1337 1533
f 1533 1350 1534 1532
f 1533 1337 1346 1350
f 1534 1536 1535 1532
f 1534 1355 1537 1536
f 1534 1350 1351 1355
f 1537 1539 1538 1536
f 1537 1360 1540 1539
f 1537 1355 1356 1360
f 1540 1542 1541 1539
f 1540 1363 1543 1542
f 1540 1360 1361 1363
f 1543 1545 1544 1542
f 1543 1547 1546 1545
f 1543 1363 1364 1547
f 1547 1548 1277 1546
f 1547 1364 1365 1548
f 1548 1378 1276 1277
f 1548 1365 1374 1378
f 1546 1550 1549 1545
f 1546 1277 1278 1550
f 1550 1552 1551 1549
f 1550 1278 1279 1552
f 1552 1554 1553 1551
f 1552 1279 1555 1554
f 1555 1279 1274 1556
f 1555 1558 1557 1554
f 1555 1556 1559 1558
f 1559 1556 1381 1382
f 1559 1561 1560 1558
f 1559 1382 1562 1561
f 1562 1382 1383 1386
f 1562 1564 1563 1561
f 1562 1386 1565 1564
f 1565 1386 1387 1391
f 1565 1567 1566 1564
f 1565 1391 1568 1567
f 1568 1391 1392 1396
f 1568 1570 1569 1567
f 1568 1396 1571 1570
f 1571 1396 1397 1401
f 1571 1573 1572 1570
f 1571 1401 1574 1573
f 1574 1401 1402 1406
f 1574 1576 1575 1573
f 1574 1406 1577 1576
f 1577 1406 1407 1411
f 1577 1579 1578 1576
f 1577 1411 1580 1579
f 1580 1411 1412 1416
f 1580 1582 1581 1579
f 1580 1416 1583 1582
f 1583 1416 1417 1421
f 1583 1585 1584 1582
f 1583 1421 1586 1585
f 1586 1421 1422 1426
f 1586 1588 1587 1585
f 1586 1426 1589 1588
f 1589 1591 1590 1588
f 1589 1429 1592 1591
f 1589 1426 1427 1429
f 1592 1594 1593 1591
f 1592 1596 1595 1594
f 1592 1429 1430 1596
f 1596 1598 1597 1595
f 1596 1430 1431 1598
f 1598 1600 1599 1597
f 1598 1431 1438 1600
f 1600 1602 1601 1599
f 1600 1438 1439 1602
f 1602 1604 1603 1601
f 1602 1439 1605 1604
f 1605 1439 1440 1295
f 1605 1607 1606 1604
f 1605 1295 1292 1607
f 1607 1609 1608 1606
f 1607 1292 1293 1609
f 1609 1611 1610 1608
f 1609 1293 1612 1611
f 1612 1293 1294 1442
f 1612 1614 1613 1611
f 1612 1442 1444 1614
f 1614 1616 1615 1613
f 1614 1444 1617 1616
f 1617 1444 1445 1447
f 1617 1619 1618 1616
f 1617 1447 1620 1619
f 1620 1447 1448 1621
f 1620 1623 1622 1619
f 1620 1621 1624 1623
f 1624 1287 1288 1623
f 1624 1626 1625 1287
f 1624 1621 1627 1626
f 1627 1454 1628 1626
f 1627 1449 1451 1454
f 1627 1621 1448 1449
f 1628 1629 1625 1626
f 1628 1457 1630 1629
f 1628 1454 1455 1457
f 1630 1632 1631 1629
f 1630 1460 1633 1632
f 1630 1457 1458 1460
f 1633 1635 1634 1632
f 1633 1463 1636 1635
f 1633 1460 1461 1463
f 1636 1638 1637 1635
f 1636 1466 1639 1638
f 1636 1463 1464 1466
f 1639 1475 1640 1638
f 1639 1469 1473 1475
f 1639 1466 1467 1469
f 1640 1641 1637 1638
f 1640 1643 1642 1641
f 1640 1475 1476 1643
f 1643 1645 1644 1642
f 1643 1476 1477 1645
f 1645 1482 1646 1644
f 1645 1477 1479 1482
f 1646 1648 1647 1644
f 1646 1485 1649 1648
f 1646 1482 1483 1485
f 1649 1651 1650 1648
f 1649 1488 1652 1651
f 1649 1485 1486 1488
f 1652 1654 1653 1651
f 1652 1491 1655 1654
f 1652 1488 1489 1491
f 1655 1657 1656 1654
f 1655 1659 1658 1657
f 1655 1491 1492 1659
f 1659 1661 1660 1658
f 1659 1492 1493 1661
f 1661 1498 1662 1660
f 1661 1493 1495 1498
f 1662 1664 1663 1660
f 1662 1502 1665 1664
f 1662 1498 1499 1502
f 1665 1667 1666 1664
f 1665 1505 1668 1667
f 1665 1502 1503 1505
f 1668 1670 1669 1667
f 1668 1672 1671 1670
f 1668 1505 1506 1672
f 1672 1674 1673 1671
f 1672 1506 1507 1674
f 1674 1676 1675 1673
f 1674 1507 1509 1676
f 1676 1678 1677 1675
f 1676 1509 1511 1678
f 1678 1680 1679 1677
f 1678 1511 1513 1680
f 1680 1682 1681 1679
f 1680 1513 1683 1682
f 1683 1685 1684 1682
f 1683 1516 1686 1685
f 1683 1513 1514 1516
f 1686 1688 1687 1685
f 1686 1519 1689 1688
f 1686 1516 1517 1519
f 1689 1691 1690 1688
f 1689 1693 1692 1691
f 1689 1519 1520 1693
f 1693 1695 1694 1692
f 1693 1520 1521 1695
f 1695 1697 1696 1694
f 1695 1521 1523 1697
f 1697 1528 1698 1696
f 1697 1523 1525 1528
f 1698 1700 1699 1696
f 1698 1702 1701 1700
f 1698 1528 1529 1702
f 1702 1704 1703 1701
f 1702 1529 1530 1704
f 1704 1535 1705 1703
f 1704 1530 1532 1535
f 1705 1707 1706 1703
f 1705 1538 1708 1707
f 1705 1535 1536 1538
f 1708 1710 1709 1707
f 1708 1541 1711 1710
f 1708 1538 1539 1541
f 1711 1713 1712 1710
f 1711 1544 1714 1713
f 1711 1541 1542 1544
f 1714 1716 1715 1713
f 1714 1549 1551 1716
f 1714 1544 1545 1549
f 1716 1718 1717 1715
f 1716 1551 1553 1718
f 1718 1720 1719 1717
f 1718 1553 1721 1720
f 1721 1723 1722 1720
f 1721 1557 1724 1723
f 1721 1553 1554 1557
f 1724 1557 1558 1560
f 1724 1726 1725 1723
f 1724 1560 1727 1726
f 1727 1560 1561 1563
f 1727 1729 1728 1726
f 1727 1563 1730 1729
f 1730 1563 1564 1566
f 1730 1732 1731 1729
f 1730 1566 1733 1732
f 1733 1566 1567 1569
f 1733 1735 1734 1732
f 1733 1569 1736 1735
f 1736 1569 1570 1572
f 1736 1738 1737 1735
f 1736 1572 1739 1738
f 1739 1572 1573 1575
f 1739 1741 1740 1738
f 1739 1575 1742 1741
f 1742 1575 1576 1578
f 1742 1744 1743 1741
f 1742 1578 1745 1744
f 1745 1578 1579 1581
f 1745 1747 1746 1744
f 1745 1581 1748 1747
f 1748 1581 1582 1584
f 1748 1750 1749 1747
f 1748 1584 1751 1750
f 1751 1584 1585 1587
f 1751 1753 1752 1750
f 1751 1587 1754 1753
f 1754 1756 1755 1753
f 1754 1590 1757 1756
f 1754 1587 1588 1590
f 1757 1759 1758 1756
f 1757 1593 1760 1759
f 1757 1590 1591 1593
f 1760 1762 1761 1759
f 1760 1764 1763 1762
f 1760 1593 1594 1764
f 1764 1766 1765 1763
f 1764 1594 1595 1766
f 1766 1768 1767 1765
f 1766 1595 1597 1768
f 1768 1770 1769 1767
f 1768 1597 1599 1770
f 1770 1772 1771 1769
f 1770 1599 1601 1772
f 1772 1774 1773 1771
f 1772 1601 1603 1774
f 1774 1776 1775 1773
f 1774 1603 1777 1776
f 1777 1603 1604 1606
f 1777 1779 1778 1776
f 1777 1606 1608 1779
f 1779 1781 1780 1778
f 1779 1608 1610 1781
f 1781 1783 1782 1780
f 1781 1610 1784 1783
f 1784 1610 1611 1613
f 1784 1786 1785 1783
f 1784 1613 1615 1786
f 1786 1788 1787 1785
f 1786 1615 1789 1788
f 1789 1615 1616 1618
f 1789 1791 1790 1788
f 1789 1618 1792 1791
f 1792 1618 1619 1622
f 1792 1794 1793 1791
f 1792 1622 1291 1794
f 1794 1796 1795 1793
f 1794 1291 1289 1796
f 1796 1798 1797 1795
f 1796 1289 1290 1798
f 1798 1800 1799 1797
f 1798 1290 1801 1800
f 1801 1290 1286 1802
f 1801 1804 1803 1800
f 1801 1802 1631 1804
f 1804 1634 1805 1803
f 1804 1631 1632 1634
f 1805 1807 1806 1803
f 1805 1637 1641 1807
f 1805 1634 1635 1637
f 1807 1809 1808 1806
f 1807 1641 1642 1809
f 1809 1647 1810 1808
f 1809 1642 1644 1647
f 1810 1812 1811 1808
f 1810 1650 1813 1812
f 1810 1647 1648 1650
f 1813 1815 1814 1812
f 1813 1653 1816 1815
f 1813 1650 1651 1653
f 1816 1818 1817 1815
f 1816 1656 1819 1818
f 1816 1653 1654 1656
f 1819 1821 1820 1818
f 1819 1823 1822 1821
f 1819 1656 1657 1823
f 1823 1825 1824 1822
f 1823 1657 1658 1825
f 1825 1663 1826 1824
f 1825 1658 1660 1663
f 1826 1828 1827 1824
f 1826 1666 1829 1828
f 1826 1663 1664 1666
f 1829 1831 1830 1828
f 1829 1669 1832 1831
f 1829 1666 1667 1669
f 1832 1834 1833 1831
f 1832 1836 1835 1834
f 1832 1669 1670 1836
f 1836 1838 1837 1835
f 1836 1670 1671 1838
f 1838 1840 1839 1837
f 1838 1671 1673 1840
f 1840 1842 1841 1839
f 1840 1673 1675 1842
f 1842 1844 1843 1841
f 1842 1675 1677 1844
f 1844 1846 1845 1843
f 1844 1677 1679 1846
f 1846 1848 1847 1845
f 1846 1679 1681 1848
f 1848 1850 1849 1847
f 1848 1681 1851 1850
f 1851 1853 1852 1850
f 1851 1684 1854 1853
f 1851 1681 1682 1684
f 1854 1856 1855 1853
f 1854 1687 1857 1856
f 1854 1684 1685 1687
f 1857 1859 1858 1856
f 1857 1690 1860 1859
f 1857 1687 1688 1690
f 1860 1862 1861 1859
f 1860 1864 1863 1862
f 1860 1690 1691 1864
f 1864 1866 1865 1863
f 1864 1691 1692 1866
f 1866 1868 1867 1865
f 1866 1692 1694 1868
f 1868 1699 1869 1867
f 1868 1694 1696 1699
f 1869 1871 1870 1867
f 1869 1873 1872 1871
f 1869 1699 1700 1873
f 1873 1875 1874 1872
f 1873 1700 1701 1875
f 1875 1706 1876 1874
f 1875 1701 1703 1706
f 1876 1878 1877 1874
f 1876 1709 1879 1878
f 1876 1706 1707 1709
f 1879 1881 1880 1878
f 1879 1712 1882 1881
f 1879 1709 1710 1712
f 1882 1884 1883 1881
f 1882 1715 1717 1884
f 1882 1712 1713 1715
f 1884 1886 1885 1883
f 1884 1717 1719 1886
f 1886 1888 1887 1885
f 1886 1719 1889 1888
f 1889 1891 1890 1888
f 1889 1722 1892 1891
f 1889 1719 1720 1722
f 1892 1894 1893 1891
f 1892 1725 1895 1894
f 1892 1722 1723 1725
f 1895 1725 1726 1728
f 1895 1897 1896 1894
f 1895 1728 1898 1897
f 1898 1728 1729 1731
f 1898 1900 1899 1897
f 1898 1731 1901 1900
f 1901 1731 1732 1734
f 1901 1903 1902 1900
f 1901 1734 1904 1903
f 1904 1734 1735 1737
f 1904 1906 1905 1903
f 1904 1737 1907 1906
f 1907 1737 1738 1740
f 1907 1909 1908 1906
f 1907 1740 1910 1909
f 1910 1740 1741 1743
f 1910 1912 1911 1909
f 1910 1743 1913 1912
f 1913 1743 1744 1746
f 1913 1915 1914 1912
f 1913 1746 1916 1915
f 1916 1746 1747 1749
f 1916 1918 1917 1915
f 1916 1749 1919 1918
f 1919 1749 1750 1752
f 1919 1921 1920 1918
f 1919 1752 1922 1921
f 1922 1924 1923 1921
f 1922 1755 1925 1924
f 1922 1752 1753 1755
f 1925 1927 1926 1924
f 1925 1758 1928 1927
f 1925 1755 1756 1758
f 1928 1930 1929 1927
f 1928 1761 1931 1930
f 1928 1758 1759 1761
f 1931 1933 1932 1930
f 1931 1935 1934 1933
f 1931 1761 1762 1935
f 1935 1937 1936 1934
f 1935 1762 1763 1937
f 1937 1939 1938 1936
f 1937 1763 1765 1939
f 1939 1941 1940 1938
f 1939 1765 1767 1941
f 1941 1943 1942 1940
f 1941 1767 1769 1943
f 1943 1945 1944 1942
f 1943 1769 1771 1945
f 1945 1947 1946 1944
f 1945 1771 1773 1947
f 1947 1949 1948 1946
f 1947 1773 1775 1949
f 1949 1951 1950 1948
f 1949 1775 1952 1951
f 1952 1775 1776 1778
f 1952 1954 1953 1951
f 1952 1778 1780 1954
f 1954 1956 1955 1953
f 1954 1780 1782 1956
f 1956 1958 1957 1955
f 1956 1782 1959 1958
f 1959 1782 1783 1785
f 1959 1961 1960 1958
f 1959 1785 1787 1961
f 1961 1963 1962 1960
f 1961 1787 1964 1963
f 1964 1787 1788 1790
f 1964 1966 1965 1963
f 1964 1790 1967 1966
f 1967 1790 1791 1793
f 1967 1969 1968 1966
f 1967 1793 1795 1969
f 1969 1970 1814 1968
f 1969 1795 1797 1970
f 1970 1811 1812 1814
f 1970 1797 1799 1811
f 1968 1817 1965 1966
f 1968 1814 1815 1817
f 1965 1820 1962 1963
f 1965 1817 1818 1820
f 1962 1972 1971 1960
f 1962 1820 1821 1972
f 1972 1974 1973 1971
f 1972 1821 1822 1974
f 1974 1827 1975 1973
f 1974 1822 1824 1827
f 1975 1977 1976 1973
f 1975 1830 1978 1977
f 1975 1827 1828 1830
f 1978 1980 1979 1977
f 1978 1833 1981 1980
f 1978 1830 1831 1833
f 1981 1983 1982 1980
f 1981 1985 1984 1983
f 1981 1833 1834 1985
f 1985 1987 1986 1984
f 1985 1834 1835 1987
f 1987 1989 1988 1986
f 1987 1835 1837 1989
f 1989 1991 1990 1988
f 1989 1837 1839 1991
f 1991 1993 1992 1990
f 1991 1839 1841 1993
f 1993 1995 1994 1992
f 1993 1841 1843 1995
f 1995 1997 1996 1994
f 1995 1843 1845 1997
f 1997 1999 1998 1996
f 1997 1845 1847 1999
f 1999 2001 2000 1998
f 1999 1847 1849 2001
f 2001 2003 2002 2000
f 2001 1849 2004 2003
f 2004 2006 2005 2003
f 2004 1852 2007 2006
f 2004 1849 1850 1852
f 2007 2009 2008 2006
f 2007 1855 2010 2009
f 2007 1852 1853 1855
f 2010 1297 1298 2009
f 2010 1858 2011 1297
f 2010 1855 1856 1858
f 2011 2012 1296 1297
f 2011 1861 2013 2012
f 2011 1858 1859 1861
f 2013 2015 2014 2012
f 2013 2017 2016 2015
f 2013 1861 1862 2017
f 2017 2019 2018 2016
f 2017 1862 1863 2019
f 2019 2021 2020 2018
f 2019 1863 1865 2021
f 2021 1870 2022 2020
f 2021 1865 1867 1870
f 2022 2024 2023 2020
f 2022 2026 2025 2024
f 2022 1870 1871 2026
f 2026 2028 2027 2025
f 2026 1871 1872 2028
f 2028 1877 2029 2027
f 2028 1872 1874 1877
f 2029 2031 2030 2027
f 2029 1880 2032 2031
f 2029 1877 1878 1880
f 2032 2034 2033 2031
f 2032 1883 1885 2034
f 2032 1880 1881 1883
f 2034 2036 2035 2033
f 2034 1885 1887 2036
f 2036 2038 2037 2035
f 2036 1887 2039 2038
f 2039 2041 2040 2038
f 2039 1890 2042 2041
f 2039 1887 1888 1890
f 2042 2044 2043 2041
f 2042 1893 2045 2044
f 2042 1890 1891 1893
f 2045 1893 1894 1896
f 2045 2047 2046 2044
f 2045 1896 2048 2047
f 2048 1896 1897 1899
f 2048 2050 2049 2047
f 2048 1899 2051 2050
f 2051 1899 1900 1902
f 2051 2053 2052 2050
f 2051 1902 2054 2053
f 2054 1902 1903 1905
f 2054 2056 2055 2053
f 2054 1905 2057 2056
f 2057 1905 1906 1908
f 2057 2059 2058 2056
f 2057 1908 2060 2059
f 2060 1908 1909 1911
f 2060 2062 2061 2059
f 2060 1911 2063 2062
f 2063 1911 1912 1914
f 2063 2065 2064 2062
f 2063 1914 2066 2065
f 2066 1914 1915 1917
f 2066 2068 2067 2065
f 2066 1917 2069 2068
f 2069 1917 1918 1920
f 2069 2071 2070 2068
f 2069 1920 2072 2071
f 2072 1920 1921 1923
f 2072 2074 2073 2071
f 2072 1923 2075 2074
f 2075 2076 1283 2074
f 2075 1926 2077 2076
f 2075 1923 1924 1926
f 2077 2079 2078 2076
f 2077 1929 2080 2079
f 2077 1926 1927 1929
f 2080 2082 2081 2079
f 2080 1932 2083 2082
f 2080 1929 1930 1932
f 2083 2085 2084 2082
f 2083 2087 2086 2085
f 2083 1932 1933 2087
f 2087 2089 2088 2086
f 2087 1933 1934 2089
f 2089 2091 2090 2088
f 2089 1934 1936 2091
f 2091 2093 2092 2090
f 2091 1936 1938 2093
f 2093 2095 2094 2092
f 2093 1938 1940 2095
f 2095 2097 2096 2094
f 2095 1940 1942 2097
f 2097 2099 2098 2096
f 2097 1942 1944 2099
f 2099 2101 2100 2098
f 2099 1944 1946 2101
f 2101 2103 2102 2100
f 2101 1946 1948 2103
f 2103 2105 2104 2102
f 2103 1948 1950 2105
f 2105 2106 1982 2104
f 2105 1950 2107 2106
f 2107 1950 1951 1953
f 2107 2108 1979 2106
f 2107 1953 1955 2108
f 2108 1976 1977 1979
f 2108 1955 1957 1976
f 2106 1979 1980 1982
f 2104 2110 2109 2102
f 2104 1982 1983 2110
f 2110 2112 2111 2109
f 2110 1983 1984 2112
f 2112 2114 2113 2111
f 2112 1984 1986 2114
f 2114 2116 2115 2113
f 2114 1986 1988 2116
f 2116 2118 2117 2115
f 2116 1988 1990 2118
f 2118 2120 2119 2117
f 2118 1990 1992 2120
f 2120 2122 2121 2119
f 2120 1992 1994 2122
f 2122 2124 2123 2121
f 2122 1994 1996 2124
f 2124 2126 2125 2123
f 2124 1996 1998 2126
f 2126 2128 2127 2125
f 2126 1998 2000 2128
f 2128 2130 2129 2127
f 2128 2000 2002 2130
f 2130 2132 2131 2129
f 2130 2002 2133 2132
f 2133 2135 2134 2132
f 2133 2005 2136 2135
f 2133 2002 2003 2005
f 2136 2138 2137 2135
f 2136 2008 1301 2138
f 2136 2005 2006 2008
f 2138 2140 2139 2137
f 2138 1301 1299 2140
f 2140 2142 2141 2139
f 2140 1299 1300 2142
f 2142 2144 2143 2141
f 2142 1300 2014 2144
f 2144 2146 2145 2143
f 2144 2014 2015 2146
f 2146 2148 2147 2145
f 2146 2015 2016 2148
f 2148 2150 2149 2147
f 2148 2016 2018 2150
f 2150 2023 2151 2149
f 2150 2018 2020 2023
f 2151 2153 2152 2149
f 2151 2155 2154 2153
f 2151 2023 2024 2155
f 2155 2157 2156 2154
f 2155 2024 2025 2157
f 2157 2030 2158 2156
f 2157 2025 2027 2030
f 2158 2160 2159 2156
f 2158 2033 2035 2160
f 2158 2030 2031 2033
f 2160 2162 2161 2159
f 2160 2035 2037 2162
f 2162 2164 2163 2161
f 2162 2037 2165 2164
f 2165 2167 2166 2164
f 2165 2040 2168 2167
f 2165 2037 2038 2040
f 2168 2170 2169 2167
f 2168 2043 2171 2170
f 2168 2040 2041 2043
f 2171 2043 2044 2046
f 2171 2173 2172 2170
f 2171 2046 2174 2173
f 2174 2046 2047 2049
f 2174 2176 2175 2173
f 2174 2049 2177 2176
f 2177 2049 2050 2052
f 2177 2179 2178 2176
f 2177 2052 2180 2179
f 2180 2052 2053 2055
f 2180 2182 2181 2179
f 2180 2055 2183 2182
f 2183 2055 2056 2058
f 2183 2185 2184 2182
f 2183 2058 2186 2185
f 2186 2058 2059 2061
f 2186 2188 2187 2185
f 2186 2061 2189 2188
f 2189 2061 2062 2064
f 2189 2191 2190 2188
f 2189 2064 2192 2191
f 2192 2064 2065 2067
f 2192 2194 2193 2191
f 2192 2067 2195 2194
f 2195 2067 2068 2070
f 2195 2197 2196 2194
f 2195 2070 2198 2197
f 2198 2070 2071 2073
f 2198 1285 2199 2197
f 2198 2073 1284 1285
f 2199 2200 2196 2197
f 2199 2202 2201 2200
f 2199 1285 1280 2202
f 2202 2204 2203 2201
f 2202 1280 1281 2204
f 2204 2206 2205 2203
f 2204 1281 2207 2206
f 2207 1281 1282 2078
f 2207 2081 2208 2206
f 2207 2078 2079 2081
f 2208 2209 2205 2206
f 2208 2084 2210 2209
f 2208 2081 2082 2084
f 2210 2212 2211 2209
f 2210 2214 2213 2212
f 2210 2084 2085 2214
f 2214 2216 2215 2213
f 2214 2085 2086 2216
f 2216 2218 2217 2215
f 2216 2086 2088 2218
f 2218 2220 2219 2217
f 2218 2088 2090 2220
f 2220 2222 2221 2219
f 2220 2090 2092 2222
f 2222 2224 2223 2221
f 2222 2092 2094 2224
f 2224 2226 2225 2223
f 2224 2094 2096 2226
f 2226 2228 2227 2225
f 2226 2096 2098 2228
f 2228 2230 2229 2227
f 2228 2098 2100 2230
f 2230 2109 2111 2229
f 2230 2100 2102 2109
f 2229 2232 2231 2227
f 2229 2111 2113 2232
f 2232 2234 2233 2231
f 2232 2113 2115 2234
f 2234 2236 2235 2233
f 2234 2115 2117 2236
f 2236 2238 2237 2235
f 2236 2117 2119 2238
f 2238 2240 2239 2237
f 2238 2119 2121 2240
f 2240 2242 2241 2239
f 2240 2121 2123 2242
f 2242 2244 2243 2241
f 2242 2123 2125 2244
f 2244 2246 2245 2243
f 2244 2125 2127 2246
f 2246 2248 2247 2245
f 2246 2127 2129 2248
f 2248 2250 2249 2247
f 2248 2129 2131 2250
f 2250 2252 2251 2249
f 2250 2131 2253 2252
f 2253 2255 2254 2252
f 2253 2134 2256 2255
f 2253 2131 2132 2134
f 2256 2258 2257 2255
f 2256 2137 2139 2258
f 2256 2134 2135 2137
f 2258 2260 2259 2257
f 2258 2139 2141 2260
f 2260 2262 2261 2259
f 2260 2141 2143 2262
f 2262 2264 2263 2261
f 2262 2143 2145 2264
f 2264 2266 2265 2263
f 2264 2145 2147 2266
f 2266 2152 2267 2265
f 2266 2147 2149 2152
f 2267 2269 2268 2265
f 2267 2271 2270 2269
f 2267 2152 2153 2271
f 2271 2273 2272 2270
f 2271 2153 2154 2273
f 2273 2159 2161 2272
f 2273 2154 2156 2159
f 2272 2275 2274 2270
f 2272 2161 2163 2275
f 2275 2277 2276 2274
f 2275 2163 2278 2277
f 2278 2280 2279 2277
f 2278 2166 2281 2280
f 2278 2163 2164 2166
f 2281 2283 2282 2280
f 2281 2169 2284 2283
f 2281 2166 2167 2169
f 2284 2286 2285 2283
f 2284 2172 2287 2286
f 2284 2169 2170 2172
f 2287 2172 2173 2175
f 2287 2289 2288 2286
f 2287 2175 2290 2289
f 2290 2175 2176 2178
f 2290 2292 2291 2289
f 2290 2178 2293 2292
f 2293 2178 2179 2181
f 2293 2295 2294 2292
f 2293 2181 2296 2295
f 2296 2181 2182 2184
f 2296 2298 2297 2295
f 2296 2184 2299 2298
f 2299 2184 2185 2187
f 2299 2301 2300 2298
f 2299 2187 2302 2301
f 2302 2187 2188 2190
f 2302 2304 2303 2301
f 2302 2190 2305 2304
f 2305 2190 2191 2193
f 2305 2307 2306 2304
f 2305 2193 2308 2307
f 2308 2193 2194 2196
f 2308 2310 2309 2307
f 2308 2196 2200 2310
f 2310 2312 2311 2309
f 2310 2200 2201 2312
f 2312 2314 2313 2311
f 2312 2201 2203 2314
f 2314 2316 2315 2313
f 2314 2203 2205 2316
f 2316 2211 2317 2315
f 2316 2205 2209 2211
f 2317 2319 2318 2315
f 2317 2321 2320 2319
f 2317 2211 2212 2321
f 2321 2323 2322 2320
f 2321 2212 2213 2323
f 2323 2325 2324 2322
f 2323 2213 2215 2325
f 2325 2327 2326 2324
f 2325 2215 2217 2327
f 2327 2329 2328 2326
f 2327 2217 2219 2329
f 2329 2331 2330 2328
f 2329 2219 2221 2331
f 2331 2333 2332 2330
f 2331 2221 2223 2333
f 2333 2335 2334 2332
f 2333 2223 2225 2335
f 2335 2231 2233 2334
f 2335 2225 2227 2231
f 2334 2337 2336 2332
f 2334 2233 2235 2337
f 2337 2339 2338 2336
f 2337 2235 2237 2339
f 2339 2341 2340 2338
f 2339 2237 2239 2341
f 2341 2343 2342 2340
f 2341 2239 2241 2343
f 2343 2345 2344 2342
f 2343 2241 2243 2345
f 2345 2347 2346 2344
f 2345 2243 2245 2347
f 2347 2349 2348 2346
f 2347 2245 2247 2349
f 2349 2351 2350 2348
f 2349 2247 2249 2351
f 2351 2353 2352 2350
f 2351 2249 2251 2353
f 2353 2355 2354 2352
f 2353 2251 2356 2355
f 2356 2358 2357 2355
f 2356 2254 2359 2358
f 2356 2251 2252 2254
f 2359 2361 2360 2358
f 2359 2257 2259 2361
f 2359 2254 2255 2257
f 2361 2363 2362 2360
f 2361 2259 2261 2363
f 2363 2365 2364 2362
f 2363 2261 2263 2365
f 2365 2268 2366 2364
f 2365 2263 2265 2268
f 2366 2368 2367 2364
f 2366 2370 2369 2368
f 2366 2268 2269 2370
f 2370 2274 2276 2369
f 2370 2269 2270 2274
f 2369 2372 2371 2368
f 2369 2276 2373 2372
f 2373 2375 2374 2372
f 2373 2279 2376 2375
f 2373 2276 2277 2279
f 2376 2378 2377 2375
f 2376 2282 2379 2378
f 2376 2279 2280 2282
f 2379 1270 1273 2378
f 2379 2285 1269 1270
f 2379 2282 2283 2285
f 2378 1273 2380 2377
f 2380 1273 1271 2381
f 2380 2383 2382 2377
f 2380 2381 2384 2383
f 2384 2381 2386 2385
f 2384 2388 2387 2383
f 2384 2385 2389 2388
f 2389 2385 2391 2390
f 2389 2393 2392 2388
f 2389 2390 2394 2393
f 2394 2390 2396 2395
f 2394 2398 2397 2393
f 2394 2395 2399 2398
f 2399 2395 2401 2400
f 2399 2403 2402 2398
f 2399 2400 2404 2403
f 2404 2400 2406 2405
f 2404 2408 2407 2403
f 2404 2405 2409 2408
f 2409 2405 2411 2410
f 2409 2413 2412 2408
f 2409 2410 2414 2413
f 2414 2410 2416 2415
f 2414 2418 2417 2413
f 2414 2415 2419 2418
f 2419 2415 2318 2319
f 2419 2421 2420 2418
f 2419 2319 2320 2421
f 2421 2423 2422 2420
f 2421 2320 2322 2423
f 2423 2425 2424 2422
f 2423 2322 2324 2425
f 2425 2427 2426 2424
f 2425 2324 2326 2427
f 2427 2429 2428 2426
f 2427 2326 2328 2429
f 2429 2431 2430 2428
f 2429 2328 2330 2431
f 2431 2336 2338 2430
f 2431 2330 2332 2336
f 2430 2433 2432 2428
f 2430 2338 2340 2433
f 2433 2435 2434 2432
f 2433 2340 2342 2435
f 2435 2437 2436 2434
f 2435 2342 2344 2437
f 2437 2439 2438 2436
f 2437 2344 2346 2439
f 2439 2441 2440 2438
f 2439 2346 2348 2441
f 2441 2443 2442 2440
f 2441 2348 2350 2443
f 2443 2445 2444 2442
f 2443 2350 2352 2445
f 2445 2447 2446 2444
f 2445 2352 2354 2447
f 2447 2449 2448 2446
f 2447 2354 2450 2449
f 2450 2452 2451 2449
f 2450 2357 2453 2452
f 2450 2354 2355 2357
f 2453 2455 2454 2452
f 2453 2360 2362 2455
f 2453 2357 2358 2360
f 2455 2367 2456 2454
f 2455 2362 2364 2367
f 2456 2458 2457 2454
f 2456 2371 2459 2458
f 2456 2367 2368 2371
f 2459 2461 2460 2458
f 2459 2374 2382 2461
f 2459 2371 2372 2374
f 2461 2387 2462 2460
f 2461 2382 2383 2387
f 2462 2392 2464 2463
f 2462 2387 2388 2392
f 2462 2463 2465 2460
f 2465 2463 2467 2466
f 2465 2457 2458 2460
f 2465 2466 2451 2457
f 2467 2470 2469 2468
f 2467 2463 2464 2470
f 2467 2468 2448 2466
f 2470 2472 2471 2469
f 2470 2464 2397 2472
f 2472 2397 2398 2402
f 2472 2402 2473 2471
f 2473 2402 2403 2407
f 2473 2475 2474 2471
f 2473 2407 2476 2475
f 2476 2407 2408 2412
f 2476 2478 2477 2475
f 2476 2412 2479 2478
f 2479 2412 2413 2417
f 2479 2481 2480 2478
f 2479 2417 2482 2481
f 2482 2417 2418 2420
f 2482 2484 2483 2481
f 2482 2420 2422 2484
f 2484 2486 2485 2483
f 2484 2422 2424 2486
f 2486 2488 2487 2485
f 2486 2424 2426 2488
f 2488 2432 2434 2487
f 2488 2426 2428 2432
f 2487 2490 2489 2485
f 2487 2434 2436 2490
f 2490 2491 1303 2489
f 2490 2436 2438 2491
f 2491 2492 1302 1303
f 2491 2438 2440 2492
f 2492 2493 1306 1302
f 2492 2440 2442 2493
f 2493 2495 2494 1306
f 2493 2442 2444 2495
f 2495 2497 2496 2494
f 2495 2444 2446 2497
f 2497 2468 2469 2496
f 2497 2446 2448 2468
f 2496 2474 2498 2494
f 2496 2469 2471 2474
f 2498 2474 2475 2477
f 2498 1305 1306 2494
f 2498 2477 1307 1305
f 2489 2499 2483 2485
f 2489 1303 1304 2499
f 2499 2480 2481 2483
f 2499 1304 1307 2480
f 2480 1307 2477 2478
f 2466 2448 2449 2451
f 2464 2392 2393 2397
f 2457 2451 2452 2454
f 2416 2502 2501 2500
f 2416 2410 2411 2502
f 2416 2500 2318 2415
f 2502 2504 2503 2501
f 2502 2411 2505 2504
f 2505 2507 2506 2504
f 2505 2406 2508 2507
f 2505 2411 2405 2406
f 2508 2510 2509 2507
f 2508 2401 2511 2510
f 2508 2406 2400 2401
f 2511 2513 2512 2510
f 2511 2396 2514 2513
f 2511 2401 2395 2396
f 2514 2516 2515 2513
f 2514 2391 2517 2516
f 2514 2396 2390 2391
f 2517 2519 2518 2516
f 2517 2386 1272 2519
f 2517 2391 2385 2386
f 2519 2520 2291 2518
f 2519 1272 1268 2520
f 2520 2288 2289 2291
f 2520 1268 1269 2288
f 2518 2291 2292 2294
f 2518 2294 2515 2516
f 2515 2294 2295 2297
f 2515 2297 2512 2513
f 2512 2297 2298 2300
f 2512 2300 2509 2510
f 2509 2300 2301 2303
f 2509 2303 2506 2507
f 2506 2303 2304 2306
f 2506 2306 2503 2504
f 2503 2306 2307 2309
f 2503 2309 2311 2501
f 2501 2311 2313 2500
f 2500 2313 2315 2318
f 2386 2381 1271 1272
f 2382 2374 2375 2377
f 2288 1269 2285 2286
f 2078 1282 1283 2076
f 2074 1283 1284 2073
f 2014 1300 1296 2012
f 2009 1298 1301 2008
f 1976 1957 1971 1973
f 1971 1957 1958 1960
f 1811 1799 1806 1808
f 1806 1799 1800 1803
f 1802 1286 1287 1625
f 1802 1625 1629 1631
f 1623 1288 1291 1622
f 1556 1274 1275 1381
f 1379 1275 1276 1378

 