# File exported by ZBrush version 2026
# www.zbrush.com
g ZBrushPolyMesh3D
#Vertex Count 2286
#Face Count 2286
#Auto scale x=1.000000 y=1.000000 z=1.000000
#Auto offset x=0.000000 y=0.000000 z=0.000000
v -1.82294893 -5.94412231 -0.29315835
v -1.48887372 -5.95249033 -1.38676881
v -1.68876004 -6.02136659 -1.14835596
v -1.69182658 -5.90730285 -0.04741786
v -1.88308954 -5.94937324 -0.59385275
v -1.88176775 -6.13883066 -0.56779992
v -1.82028853 -6.15860939 -0.28327092
v -1.84858691 -5.78293895 -0.39119193
v -1.88237404 -5.80890083 -0.6256693
v -1.76526975 -5.82090568 -0.16199803
v -1.79602503 -5.71902942 -0.23594984
v -1.69120776 -6.01444673 -0.04366651
v -1.67113626 -6.14485931 -0.02295434
v -1.43630099 -5.81259822 -1.45970654
v -1.33599472 -5.91066932 -1.50049102
v -1.46834445 -6.05200672 -1.38185644
v -1.61853921 -5.87076711 -1.27837622
v -1.54640448 -5.71809101 -1.39249539
v -1.83434498 -6.10700798 -0.84881472
v -1.84012484 -5.950737 -0.85672766
v -1.74752104 -5.88110971 -1.0746653
v -1.68436527 -5.76273918 -1.21001374
v -1.5580455 -5.88364601 0.1141274
v -1.62919676 -5.77742481 0.04039606
v -1.69893527 -5.68539953 -0.04342807
v -1.62925255 -5.52710056 0.07170774
v -1.66762852 -5.46339225 0.03556542
v -1.73445296 -5.60525989 -0.09966615
v -1.56539988 -5.59979343 0.12810936
v -1.49539506 -5.43027734 0.22254863
v -1.54982924 -5.36802387 0.18704229
v -1.47340333 -5.68614435 0.19936552
v -1.41008961 -5.50752306 0.27294105
v -1.34073603 -5.33808422 0.34518146
v -1.41249895 -5.26800251 0.31540405
v -1.38136804 -5.79372644 0.26061242
v -1.29582107 -5.60477066 0.33128503
v -1.22654914 -5.43358182 0.39356067
v -1.15584242 -5.27030277 0.46253445
v -1.25717067 -5.17509555 0.42785659
v -1.1921184 -5.71209812 0.37461116
v -1.10187947 -5.54245376 0.4369806
v -1.02779579 -5.38255119 0.49844676
v -0.94661033 -5.23444986 0.55816555
v -1.06328821 -5.11897754 0.53513139
v -0.99708902 -5.64598894 0.46714624
v -0.90187251 -5.49022579 0.52732425
v -0.81313014 -5.34048128 0.58206248
v -0.72178357 -5.18907642 0.63928872
v -0.84992957 -5.08509635 0.62294328
v -0.79898232 -5.57983589 0.54594671
v -0.69355934 -5.42773914 0.60167819
v -0.59124273 -5.27467393 0.65512907
v -0.48870533 -5.1171441 0.70652842
v -0.61984485 -5.03247213 0.69451224
v -0.61312997 -5.49525833 0.6094039
v -0.49644929 -5.34350204 0.66268855
v -0.38460966 -5.18741416 0.71203994
v -0.2722592 -5.02801942 0.76012867
v -0.38294667 -4.95460176 0.75623393
v -0.43648442 -5.39357662 0.66429275
v -0.3223921 -5.2354784 0.71278113
v -0.20843733 -5.07569646 0.75980383
v -0.09688165 -4.91429138 0.80559796
v -0.16416232 -4.86578989 0.80660885
v -0.2687529 -5.27854824 0.71218884
v -0.15368756 -5.11803627 0.75834316
v -0.04064648 -4.95642042 0.80389803
v 0.06839206 -4.79268693 0.84588635
v 0.01064149 -4.75078296 0.84848707
v -0.10506501 -5.1555314 0.75541919
v 0.00876567 -4.99321126 0.80052298
v 0.11861166 -4.82927036 0.84284442
v 0.22518123 -4.66495657 0.87842541
v 0.17420932 -4.62833213 0.88113176
v 0.0521543 -5.02409267 0.79122883
v 0.16258209 -4.86066913 0.83637392
v 0.27097183 -4.69739294 0.87307757
v 0.37978354 -4.53692722 0.90159541
v 0.33266735 -4.50337839 0.90666931
v 0.19464883 -4.8749547 0.79480552
v 0.30512493 -4.71494054 0.83416801
v 0.4156948 -4.55728912 0.86520355
v 0.52892226 -4.40123558 0.88910651
v 0.49234327 -4.37930679 0.92462366
v 0.32493516 -4.71888923 0.77906429
v 0.43579521 -4.56302356 0.80955547
v 0.54800242 -4.40763235 0.83246052
v 0.66287088 -4.25129032 0.84786564
v 0.64465904 -4.24364614 0.90547561
v 0.43847265 -4.55477714 0.74663829
v 0.54924237 -4.40017461 0.76858681
v 0.66176903 -4.2443695 0.782974
v 0.77413398 -4.08585071 0.79011279
v 0.77784657 -4.09138107 0.85531157
v 0.53110104 -4.37817812 0.70115506
v 0.64136242 -4.22343349 0.71581172
v 0.75035071 -4.06580591 0.72467881
v 0.85896092 -3.9060142 0.72756272
v 0.8855285 -3.92396974 0.79063677
v 0.60228186 -4.18923807 0.65274685
v 0.70927679 -4.03334093 0.66342568
v 0.81616485 -3.87580442 0.66803187
v 0.9218328 -3.71558165 0.66602778
v 0.96676778 -3.74346637 0.72407543
v 0.65114939 -3.98919415 0.60849791
v 0.75643783 -3.83354139 0.61396342
v 0.85942733 -3.67580843 0.61268925
v 0.95708853 -3.51540255 0.60725665
v 1.02179825 -3.55261445 0.66011828
v 0.67658376 -3.77795863 0.56641387
v 0.77739197 -3.62265658 0.56555396
v 0.8734973 -3.46535539 0.56112957
v 0.96616393 -3.30834889 0.55207175
v 1.05084013 -3.35568046 0.59799999
v 0.66514772 -3.5494709 0.52797818
v 0.75923723 -3.39513897 0.52418953
v 0.84978491 -3.24048876 0.51486712
v 0.93965691 -3.08810925 0.49905645
v 1.05747795 -3.15442323 0.53737169
v 0.62085628 -3.30864048 0.50725376
v 0.71018934 -3.15571212 0.49754208
v 0.79884243 -3.00404262 0.48161283
v 0.88824385 -2.8557167 0.45914983
v 1.02987015 -2.93953323 0.47560998
v 0.56702798 -3.06591486 0.5063256
v 0.65553039 -2.91396045 0.49064573
v 0.74489581 -2.76488661 0.46847581
v 0.83490127 -2.61960601 0.43909987
v 0.97850465 -2.71176505 0.4287475
v 0.5365535 -2.8359375 0.5215429
v 0.6257556 -2.68443179 0.49959901
v 0.71608281 -2.53656983 0.47073304
v 0.80686593 -2.39209699 0.43545359
v 0.92513215 -2.47820663 0.40173089
v 0.5321595 -2.61820554 0.54363888
v 0.62354177 -2.46743416 0.51479363
v 0.7147904 -2.3203485 0.47964853
v 0.8042767 -2.17620968 0.43878671
v 0.89611005 -2.25095176 0.39209789
v 0.55268234 -2.41151905 0.56564325
v 0.64453887 -2.26217508 0.53064012
v 0.73558944 -2.11623454 0.49063059
v 0.82118207 -1.97383844 0.4426721
v 0.88888162 -2.03565812 0.38994154
v 0.59125649 -2.2143135 0.58852142
v 0.68375134 -2.06639099 0.54666274
v 0.77097642 -1.92248678 0.49745628
v 0.85058856 -1.78213512 0.43946921
v 0.89837229 -1.83394181 0.38663861
v 0.64976072 -2.0273149 0.60352069
v 0.73842549 -1.88196444 0.55283492
v 0.81915557 -1.7401328 0.49411684
v 0.8884958 -1.59931731 0.42412209
v 0.9190402 -1.64391923 0.3689877
v 0.72104859 -1.85078036 0.60671848
v 0.80178749 -1.70675492 0.54762309
v 0.87047344 -1.5625714 0.47850042
v 0.92813754 -1.4181478 0.39064899
v 0.94625848 -1.45957303 0.33668604
v 0.79505622 -1.68009412 0.59900623
v 0.86266732 -1.53197252 0.53100973
v 0.9204635 -1.38224649 0.44270581
v 0.9740315 -1.23401391 0.32532709
v 0.98035156 -1.27594041 0.27719441
v 0.86456465 -1.50704336 0.58245122
v 0.92496693 -1.35175216 0.49378877
v 0.97818929 -1.19714832 0.3721154
v 1.02881479 -1.04711222 0.21626126
v 1.02576649 -1.09163355 0.17784851
v 0.94974869 -1.33094668 0.54094451
v 0.99755722 -1.16858601 0.41302096
v 1.04698431 -1.01392114 0.25023877
v 1.10359895 -0.87159717 0.06305485
v 1.08288788 -0.91149818 0.03348505
v 1.05018818 -1.17900872 0.42001065
v 1.09571135 -1.02867162 0.25300875
v 1.15059101 -0.89784383 0.05959141
v 1.21048009 -0.78687363 -0.15412914
v 1.16350626 -0.76882755 -0.15826676
v 1.15525877 -1.0594666 0.24481783
v 1.20434403 -0.92931121 0.05578966
v 1.26277852 -0.82039839 -0.15264338
v 1.32247245 -0.75183671 -0.38006171
v 1.27076637 -0.72118687 -0.38650569
v 1.26714587 -0.96796369 0.05121156
v 1.3214097 -0.86005222 -0.15100112
v 1.37933051 -0.78797215 -0.37194126
v 1.41568315 -0.76257145 -0.61387348
v 1.35778367 -0.735641 -0.62184953
v 1.39366126 -0.90990632 -0.14770184
v 1.44975316 -0.8334918 -0.3600535
v 1.4833635 -0.79624444 -0.60290217
v 1.4707508 -0.82029992 -0.86817371
v 1.40835952 -0.79456305 -0.86876279
v 1.55103433 -0.89493286 -0.3536036
v 1.57096993 -0.84049654 -0.59931188
v 1.55388498 -0.85514926 -0.86735868
v 1.51994538 -0.94922083 -1.10529923
v 1.42601704 -0.91062116 -1.10848748
v 1.68719041 -0.89514279 -0.6118077
v 1.67456698 -0.90832078 -0.86771953
v 1.64568698 -1.00236058 -1.09383094
v 1.59632396 -1.15177714 -1.26557397
v 1.46852505 -1.09632885 -1.28169965
v 1.82105565 -0.97596472 -0.86456459
v 1.79092395 -1.07243406 -1.08136141
v 1.73793602 -1.22209715 -1.2511878
v 1.66138982 -1.39010155 -1.38438761
v 1.52407252 -1.3183614 -1.39339244
v 1.92636227 -1.14845979 -1.07358038
v 1.85985064 -1.29443657 -1.24416327
v 1.77575075 -1.4588896 -1.37898659
v 1.69004118 -1.62470603 -1.48166096
v 1.5777744 -1.55802118 -1.48851323
v 1.94285523 -1.35515916 -1.23995256
v 1.85334527 -1.51358556 -1.37158513
v 1.76604938 -1.6743009 -1.47349286
v 1.6813209 -1.83762359 -1.55691838
v 1.60719645 -1.79091382 -1.56628048
v 1.91292846 -1.56072592 -1.36115586
v 1.8282783 -1.71933758 -1.46080982
v 1.74488842 -1.88040554 -1.54451489
v 1.65975427 -2.04210877 -1.61770606
v 1.59591817 -2.00117945 -1.63026726
v 1.87776684 -1.76050174 -1.44414389
v 1.79559481 -1.91893303 -1.52764189
v 1.71155607 -2.07874131 -1.60083675
v 1.62733709 -2.23837351 -1.66759753
v 1.57449209 -2.20359253 -1.68410515
v 1.83331573 -1.95456862 -1.50316715
v 1.75002217 -2.11158371 -1.57694959
v 1.66656875 -2.26909756 -1.64422547
v 1.58490991 -2.42677974 -1.70690178
v 1.54432058 -2.39740157 -1.73005008
v 1.77243089 -2.14102602 -1.54246413
v 1.69074702 -2.2967019 -1.61001706
v 1.6106956 -2.45338416 -1.67191791
v 1.53142952 -2.61124682 -1.73286962
v 1.50483477 -2.58532238 -1.76751017
v 1.69565177 -2.31797599 -1.56759893
v 1.61629533 -2.47362303 -1.62776458
v 1.53814947 -2.6306827 -1.68949759
v 1.45959579 -2.79109501 -1.75202763
v 1.45564842 -2.77292037 -1.79673528
v 1.59073638 -2.47743272 -1.58668446
v 1.51507687 -2.63552093 -1.64639329
v 1.43517065 -2.79441952 -1.70926487
v 1.35380959 -2.95828127 -1.77099216
v 1.37876427 -2.95541763 -1.81620752
v 1.4768449 -2.63083577 -1.60889983
v 1.39888227 -2.79076218 -1.66934657
v 1.31789946 -2.95359706 -1.73027765
v 1.23522663 -3.11663413 -1.78984165
v 1.27006888 -3.12179207 -1.83244836
v 1.35019028 -2.77888584 -1.63490879
v 1.27046394 -2.94089937 -1.69468128
v 1.18791782 -3.10236311 -1.75326919
v 1.10261142 -3.26226067 -1.80643427
v 1.1496762 -3.27770948 -1.84589314
v 1.21127224 -2.91976881 -1.66386055
v 1.12957608 -3.07999944 -1.72070241
v 1.0440272 -3.23805999 -1.77153921
v 0.95431643 -3.39395046 -1.81306755
v 1.01328957 -3.4205892 -1.85062146
v 1.05945527 -3.04819273 -1.69362223
v 0.97406256 -3.204144 -1.74255132
v 0.88448983 -3.35747218 -1.78203535
v 0.79113858 -3.50908184 -1.8112595
v 0.86069273 -3.54822564 -1.84342742
v 0.89148318 -3.1600418 -1.72148418
v 0.80194294 -3.31079435 -1.75957632
v 0.70913046 -3.46000766 -1.7877115
v 0.61443924 -3.60985231 -1.80382788
v 0.69576132 -3.66127514 -1.82841289
v 0.69607317 -3.24683523 -1.74773812
v 0.60543251 -3.39500665 -1.77548003
v 0.51153034 -3.54288411 -1.79122769
v 0.4157325 -3.69094991 -1.79663419
v 0.5177949 -3.75999116 -1.8097918
v 0.48316645 -3.31587743 -1.7817322
v 0.39071866 -3.46332097 -1.79662418
v 0.29497987 -3.61008119 -1.80143153
v 0.19583365 -3.75588583 -1.79835689
v 0.31814217 -3.83910059 -1.7937994
v 0.28193047 -3.39163899 -1.81885075
v 0.18474139 -3.53771781 -1.82385182
v 0.08431244 -3.68296265 -1.82159221
v -0.01872859 -3.82708358 -1.81213045
v 0.09447344 -3.90109181 -1.78811383
v 0.1001922 -3.48331189 -1.85583114
v 0.00036396 -3.62984156 -1.85355114
v -0.10180696 -3.77513241 -1.84489095
v -0.20651987 -3.91880273 -1.828341
v -0.12344487 -3.96999383 -1.79501962
v -0.0674548 -3.58798074 -1.89067876
v -0.1688836 -3.73466348 -1.88316774
v -0.27334448 -3.87937712 -1.86686849
v -0.38023904 -4.02320671 -1.84184408
v -0.31314754 -4.06161975 -1.80307841
v -0.22351707 -3.70239877 -1.92519509
v -0.32786938 -3.84839463 -1.90977633
v -0.4353393 -3.99339222 -1.8859179
v -0.54386276 -4.13811683 -1.85838019
v -0.4892278 -4.16728735 -1.81286537
v -0.37035059 -3.82522344 -1.95539319
v -0.4783521 -3.97120165 -1.93290031
v -0.58711391 -4.11682844 -1.90602123
v -0.69614625 -4.26374101 -1.87583184
v -0.65329098 -4.28321409 -1.82692754
v -0.50821697 -3.95763063 -1.98037719
v -0.61620569 -4.10508203 -1.95375049
v -0.7253791 -4.25334024 -1.92402732
v -0.83305513 -4.40274763 -1.88981354
v -0.80394566 -4.41038179 -1.84018945
v -0.63212889 -4.10203743 -2.00021886
v -0.74285775 -4.25052166 -1.97072768
v -0.85149228 -4.40189313 -1.93639862
v -0.95662564 -4.55271339 -1.89445853
v -0.9366855 -4.55181217 -1.84941279
v -0.74734646 -4.25675582 -2.01664733
v -0.85889816 -4.40846014 -1.98112368
v -0.96742457 -4.55931091 -1.93869602
v -1.07561314 -4.70601368 -1.88822281
v -1.06190919 -4.69802475 -1.84455788
v -0.84336173 -4.42918586 -2.01678466
v -0.95459431 -4.5802226 -1.97397971
v -1.06530857 -4.72819423 -1.92140638
v -1.17196083 -4.87437439 -1.85483586
v -1.18298411 -4.84906673 -1.82583785
v -0.92344337 -4.60982894 -1.99213993
v -1.03477835 -4.75901126 -1.93821704
v -1.14342117 -4.90624904 -1.87217462
v -1.24794423 -5.05022811 -1.79342198
v -1.2753551 -5.01644802 -1.77729201
v -0.99699825 -4.79075479 -1.94462835
v -1.10657262 -4.93887233 -1.8795185
v -1.21227967 -5.08515453 -1.80181944
v -1.31501722 -5.22676181 -1.71184873
v -1.35072171 -5.18808937 -1.70268666
v -1.06213438 -4.97477388 -1.88361215
v -1.16783511 -5.12393713 -1.80716514
v -1.26909673 -5.27106142 -1.71998393
v -1.36791932 -5.41566944 -1.62304437
v -1.41677749 -5.36310911 -1.60962164
v -1.11425745 -5.16779899 -1.8134545
v -1.21319317 -5.32066583 -1.72989285
v -1.30298209 -5.47472572 -1.63868355
v -1.38116014 -5.63588905 -1.54596996
v -1.46308159 -5.56183767 -1.51319992
v -1.1309998 -5.38282251 -1.74311196
v -1.20800125 -5.54872798 -1.66329479
v -1.27085971 -5.72224474 -1.58348083
v -1.09172618 -5.63677263 -1.68567907
v -1.17276406 -5.80999374 -1.60668778
v -1.27323281 -5.99336624 -1.51484549
v -1.43482589 -6.15353298 -1.38779008
v -1.09992015 -5.88552951 -1.6165744
v -1.22924542 -6.05709362 -1.52317297
v -1.40794563 -6.21383571 -1.39385497
v -1.628564 -6.32677459 -1.16509878
v -1.65730381 -6.2258892 -1.14778184
v -1.19450724 -6.11131572 -1.52968144
v -1.38350057 -6.26422786 -1.39995324
v -1.6034733 -6.38657426 -1.17898905
v -1.78306877 -6.4606986 -0.8749296
v -1.80103981 -6.3907237 -0.85865247
v -1.36154007 -6.307518 -1.40406334
v -1.58296132 -6.43441152 -1.18888294
v -1.7656207 -6.51642704 -0.88835078
v -1.84795999 -6.56009578 -0.551463
v -1.85976636 -6.49779987 -0.54672938
v -1.56268286 -6.48021554 -1.19578635
v -1.74980258 -6.56486797 -0.89751952
v -1.83308172 -6.61547708 -0.55442559
v -1.75987923 -6.58769559 -0.2122444
v -1.76978576 -6.53827238 -0.21957667
v -1.73241949 -6.60402202 -0.90426027
v -1.79367935 -6.65150022 -0.560642
v -1.72532689 -6.62925863 -0.21984824
v -1.53851008 -6.52213382 0.05080178
v -1.57124388 -6.48100805 0.05912907
v -1.75628662 -6.63303947 -0.56330865
v -1.6935023 -6.61103582 -0.24029548
v -1.50765311 -6.52222251 0.01812933
v -1.28773367 -6.38474559 0.20128142
v -1.32105803 -6.36419296 0.23136647
v -1.67061066 -6.57359695 -0.26061019
v -1.48959672 -6.49509525 -0.01513464
v -1.26859021 -6.37175273 0.15855249
v -1.0728563 -6.22544956 0.28569072
v -1.0900886 -6.22844409 0.32515549
v -1.47230625 -6.45924472 -0.05238478
v -1.26030194 -6.34191131 0.11693617
v -1.06596553 -6.20365238 0.24051538
v -0.88697677 -6.07489919 0.33215069
v -0.89342683 -6.09091758 0.37970852
v -1.25200569 -6.30511426 0.06964658
v -1.0643413 -6.17184686 0.19377183
v -0.88681834 -6.04852104 0.28396287
v -0.71818959 -5.92706918 0.35539364
v -0.71699327 -5.94928598 0.40740093
v -1.06747949 -6.12782383 0.14204338
v -0.89245206 -6.00938892 0.22980089
v -0.72644943 -5.89522934 0.29765439
v -0.56599789 -5.77167463 0.35715091
v -0.55756998 -5.7982583 0.4182406
v -0.90571963 -5.95663452 0.16798099
v -0.74529916 -5.84770631 0.23303622
v -0.58536225 -5.73222684 0.29100436
v -0.43147578 -5.60384464 0.34506025
v -0.4122065 -5.63793134 0.41271942
v -0.77222317 -5.78485012 0.16540452
v -0.61637717 -5.67780351 0.22275041
v -0.46245667 -5.55666732 0.27795428
v -0.31422278 -5.41898727 0.33434391
v -0.2863563 -5.46169424 0.40063411
v -0.6565383 -5.59954166 0.15006019
v -0.50349897 -5.48798561 0.20905979
v -0.3535425 -5.35835552 0.26918318
v -0.21802471 -5.21228885 0.33315265
v -0.17801709 -5.26793098 0.39370226
v -0.55703431 -5.38379621 0.14099471
v -0.41065496 -5.26675701 0.20810805
v -0.27669453 -5.13141584 0.27719831
v -0.15736411 -4.98327732 0.34165713
v -0.09585586 -5.05728483 0.39498746
v -0.48911821 -5.1392312 0.15982256
v -0.36229929 -5.01836538 0.23211589
v -0.24824455 -4.88239049 0.29724758
v -0.14300236 -4.73921823 0.35261192
v -0.04927829 -4.83142852 0.39469865
v -0.47922733 -4.88566541 0.2132696
v -0.37140548 -4.76172685 0.27644798
v -0.26839149 -4.62811851 0.33014348
v -0.16808058 -4.48916578 0.37523868
v -0.04192463 -4.59332704 0.39821475
v -0.51113545 -4.64652776 0.28699502
v -0.41029483 -4.51893138 0.33757442
v -0.31029006 -4.38505411 0.3817408
v -0.20964935 -4.24679899 0.41888636
v -0.06904761 -4.34720277 0.41318768
v -0.53482329 -4.43729162 0.36978912
v -0.43496161 -4.3043704 0.4123837
v -0.33375272 -4.16666984 0.44890886
v -0.2312697 -4.02588939 0.47942081
v -0.10820365 -4.10566139 0.45025065
v -0.53351914 -4.24811792 0.45517441
v -0.4309456 -4.11027431 0.49153748
v -0.32739237 -3.96804618 0.52130341
v -0.22334742 -3.82358264 0.54543513
v -0.12787976 -3.88265943 0.50428634
v -0.5073781 -4.06981086 0.53993773
v -0.40117034 -3.92678999 0.56880432
v -0.29593583 -3.78098964 0.59192282
v -0.19071929 -3.63463878 0.61071956
v -0.11835896 -3.6788783 0.56433618
v -0.46022552 -3.8963027 0.62104105
v -0.35292795 -3.74962759 0.64350235
v -0.24611745 -3.60192298 0.66133546
v -0.14168472 -3.4553821 0.67541879
v -0.08691528 -3.48878502 0.62471026
v -0.3945879 -3.72859764 0.69769036
v -0.28604957 -3.57954144 0.71416771
v -0.18057948 -3.43265271 0.72841763
v -0.08191537 -3.28572058 0.73880404
v -0.04337105 -3.30831456 0.68516188
v -0.31179735 -3.56684351 0.76690298
v -0.20473532 -3.42006087 0.78109145
v -0.10544394 -3.27301073 0.79078126
v -0.01385157 -3.12186741 0.79508477
v 0.00937119 -3.13487219 0.74334025
v -0.21746866 -3.41504669 0.83118653
v -0.11757586 -3.26776027 0.84035867
v -0.02561264 -3.11597108 0.844621
v 0.06383667 -2.95902061 0.84573793
v 0.07486002 -2.96571588 0.79618018
v -0.11878863 -3.26964068 0.88843971
v -0.02565895 -3.11717367 0.8931458
v 0.06523951 -2.95978069 0.89327395
v 0.15447719 -2.79496645 0.89152741
v 0.15190924 -2.79570508 0.84306532
v -0.00247743 -3.1320014 0.9304735
v 0.08833941 -2.97263622 0.93029612
v 0.17872701 -2.80690312 0.92831671
v 0.2729831 -2.63899755 0.91971635
v 0.25001463 -2.62925815 0.88163608
v 0.1273996 -2.99475765 0.94425326
v 0.21858984 -2.8285191 0.94260948
v 0.31227538 -2.65948152 0.93517404
v 0.40686458 -2.48837947 0.91863757
v 0.36666345 -2.46890234 0.90476822
v 0.26351147 -2.85322642 0.95116722
v 0.35771796 -2.6836667 0.94290846
v 0.45286858 -2.51244044 0.92680746
v 0.54939156 -2.34124684 0.9003995
v 0.50212663 -2.31621837 0.89226454
v 0.41155946 -2.71250534 0.94925916
v 0.50769323 -2.5415225 0.93322545
v 0.60589629 -2.37155127 0.90767616
v 0.70713597 -2.20311355 0.87227362
v 0.6497032 -2.17257857 0.8653413
v 0.57302385 -2.57637214 0.94002687
v 0.67178905 -2.40683865 0.91482573
v 0.77191811 -2.23777771 0.8792805
v 0.87458634 -2.07013583 0.83320289
v 0.80957377 -2.03762698 0.82713657
v 0.75575083 -2.45297265 0.92337948
v 0.85470998 -2.28359818 0.88788884
v 0.9585933 -2.11445379 0.84126466
v 1.0656625 -1.94728231 0.78382647
v 0.97442495 -1.90484774 0.77807396
v 0.98048067 -2.35619235 0.90133637
v 1.08489298 -2.18800377 0.85361242
v 1.19450533 -2.02045965 0.79154634
v 1.29708647 -1.8544147 0.70814114
v 1.16433274 -1.78214061 0.71150207
v 1.23142755 -2.2784748 0.86329937
v 1.33713889 -2.11219334 0.7974801
v 1.44019568 -1.94578957 0.70626509
v 1.53197598 -1.7857269 0.58870661
v 1.38525307 -1.6928817 0.60113054
v 1.47687912 -2.20287942 0.79133671
v 1.57680368 -2.0379498 0.69459956
v 1.67230141 -1.88001179 0.5761128
v 1.75607514 -1.73236775 0.44170022
v 1.61038601 -1.63744139 0.45656681
v 1.68475687 -2.10807371 0.68037247
v 1.77726054 -1.95097053 0.56301474
v 1.8611269 -1.80369162 0.42823001
v 1.93082833 -1.66135239 0.28155335
v 1.82417547 -1.59289121 0.29560777
v 1.85231292 -2.00338125 0.54877293
v 1.93522334 -1.85715138 0.41587275
v 2.00522947 -1.71367788 0.26919737
v 2.06092762 -1.57476294 0.11311563
v 1.98564255 -1.52465701 0.12638098
v 1.99565088 -1.90585994 0.39940777
v 2.06561493 -1.76243329 0.2527154
v 2.12097406 -1.62099421 0.09689537
v 2.1619668 -1.48651719 -0.06858817
v 2.10285615 -1.44227945 -0.05188698
v 2.1065545 -1.80909907 0.2284867
v 2.16213369 -1.66644382 0.0741391
v 2.20332026 -1.53065931 -0.08947011
v 2.2291274 -1.41269278 -0.26523715
v 2.19072842 -1.36756146 -0.24682535
v 2.18010354 -1.71236431 0.04275186
v 2.2214477 -1.57838904 -0.11770445
v 2.2392385 -1.46388614 -0.28963497
v 2.24569845 -1.38212788 -0.47274261
v 2.23876428 -1.32753121 -0.45716694
v 2.20438718 -1.62061655 -0.14894498
v 2.22117304 -1.50954198 -0.31228807
v 2.22463083 -1.43096315 -0.48481294
v 2.21606493 -1.39632344 -0.66423493
v 2.24076485 -1.34208285 -0.66436862
v 2.17700719 -1.54100048 -0.32941719
v 2.18115711 -1.46681451 -0.49282687
v 2.17257428 -1.43521869 -0.66066592
v 2.14942359 -1.453354 -0.82256817
v 2.19166016 -1.41188466 -0.83979058
v 2.12675595 -1.49212074 -0.49707993
v 2.11886167 -1.4628961 -0.65542215
v 2.09555459 -1.48026835 -0.80724751
v 2.05403709 -1.54158628 -0.94590205
v 2.10708785 -1.51881718 -0.97032898
v 2.05870318 -1.47962033 -0.64932566
v 2.03572201 -1.49572527 -0.79378402
v 1.99478387 -1.55181515 -0.92635774
v 1.94002783 -1.64127063 -1.0441116
v 1.99820649 -1.63640856 -1.06857287
v 1.96581363 -1.49945843 -0.78165525
v 1.92780375 -1.55216062 -0.91030097
v 1.8749932 -1.63648724 -1.0247972
v 1.8119359 -1.74403822 -1.12481617
v 1.87745523 -1.75362432 -1.14718377
v 1.84755849 -1.5417236 -0.89571309
v 1.79864084 -1.62216603 -1.00837206
v 1.73811888 -1.72640729 -1.10655021
v 1.66963625 -1.84634494 -1.19350481
v 1.74434542 -1.86784076 -1.21290028
v 1.70757043 -1.5943129 -0.99602884
v 1.65187621 -1.69681572 -1.09352469
v 1.58612382 -1.8153094 -1.17971324
v 1.51255464 -1.94440054 -1.2564677
v 1.59700405 -1.97804486 -1.27095413
v 1.54492366 -1.64941763 -1.08711278
v 1.48341953 -1.76778042 -1.1733644
v 1.41431677 -1.89789819 -1.25015234
v 1.3399868 -2.03656959 -1.31970787
v 1.43595838 -2.08270859 -1.32575357
v 1.35712826 -1.69823694 -1.18022513
v 1.29042172 -1.83013653 -1.25728476
v 1.21928012 -1.97144973 -1.32685291
v 1.14481663 -2.11938715 -1.39086043
v 1.26321089 -2.18229603 -1.38356149
v 1.17282784 -1.75719106 -1.27987837
v 1.10486435 -1.90285706 -1.34927845
v 1.03080225 -2.05243039 -1.41354751
v 0.95454585 -2.20450663 -1.47465765
v 1.06763529 -2.27059459 -1.45090687
v 1.01597929 -1.84330916 -1.37996268
v 0.94290196 -1.99428141 -1.44539248
v 0.86686205 -2.1467421 -1.50704002
v 0.79020243 -2.29941558 -1.56599605
v 0.87725251 -2.35737729 -1.53292238
v 0.87528359 -1.94328403 -1.48289752
v 0.79973578 -2.09524059 -1.54552066
v 0.7221679 -2.24708652 -1.60492587
v 0.6435399 -2.39815211 -1.66264975
v 0.71297258 -2.45077371 -1.62321317
v 0.74805897 -2.04929232 -1.58732783
v 0.6696853 -2.20001053 -1.64840424
v 0.58929163 -2.3513236 -1.70680022
v 0.50864017 -2.50236344 -1.76222705
v 0.56437391 -2.5479145 -1.71813082
v 0.63104891 -2.15998172 -1.69287204
v 0.5497446 -2.31171393 -1.75277519
v 0.46746677 -2.46440482 -1.80778431
v 0.38541495 -2.61677599 -1.85857546
v 0.42767226 -2.65277934 -1.81322181
v 0.52365422 -2.2800405 -1.79732108
v 0.43994924 -2.4342029 -1.8525089
v 0.35664409 -2.5884087 -1.90359628
v 0.27263882 -2.74271416 -1.94823503
v 0.30198708 -2.76897573 -1.90295362
v 0.42453843 -2.41032838 -1.89786112
v 0.34043118 -2.56648826 -1.94968211
v 0.25571867 -2.72325086 -1.99399578
v 0.16710068 -2.87943768 -2.02633285
v 0.18388065 -2.89653635 -1.98070812
v 0.33836942 -2.55175304 -1.99711394
v 0.25366923 -2.71151495 -2.04143261
v 0.16556602 -2.87089061 -2.07319235
v 0.07374604 -3.02924585 -2.09410786
v 0.07594549 -3.0355637 -2.04838681
v 0.27831375 -2.71637249 -2.07870721
v 0.18963497 -2.87825107 -2.11012005
v 0.0964521 -3.03826594 -2.1303873
v 0.00101391 -3.19826769 -2.14039635
v -0.0207467 -3.18742322 -2.10660553
v 0.23155778 -2.89877772 -2.12501239
v 0.13685637 -3.05946874 -2.14680075
v 0.03872775 -3.21938276 -2.15897393
v -0.06113399 -3.37852883 -2.16463923
v -0.09742219 -3.35669779 -2.14583063
v 0.18358351 -3.08538389 -2.15128111
v 0.08422847 -3.24566412 -2.16604781
v -0.01694502 -3.40522122 -2.17292022
v -0.11868268 -3.56429767 -2.17359733
v -0.16169646 -3.5368793 -2.16504192
v 0.13894806 -3.27768826 -2.16770482
v 0.03835867 -3.4386146 -2.17592167
v -0.06410107 -3.59868049 -2.17738032
v -0.16808706 -3.75697684 -2.17141532
v -0.22138419 -3.7219367 -2.16760253
v 0.10264922 -3.47738194 -2.17602157
v 0.00064508 -3.63914394 -2.17812323
v -0.10430216 -3.79856205 -2.17226386
v -0.21185529 -3.95621156 -2.15932297
v -0.27415841 -3.91404891 -2.15863108
v 0.07570391 -3.68627548 -2.17690372
v -0.0295877 -3.84696197 -2.17128324
v -0.13615243 -4.00681495 -2.15827035
v -0.24665068 -4.1645236 -2.13858556
v -0.32242977 -4.11205291 -2.13976407
v 0.06710017 -3.91027307 -2.16942381
v -0.04232817 -4.06986379 -2.1565721
v -0.1535733 -4.22913312 -2.13661837
v -0.26962709 -4.38406419 -2.11040854
v -0.36247792 -4.31724691 -2.11270499
v 0.08314572 -4.15784072 -2.15262317
v -0.03804544 -4.3110075 -2.13256883
v -0.15647603 -4.46568822 -2.10601949
v -0.27214852 -4.6206932 -2.0748353
v -0.38888087 -4.53446483 -2.07936692
v 0.06213574 -4.38387918 -2.12789893
v -0.05327041 -4.54030227 -2.10144901
v -0.16496953 -4.69845867 -2.07034611
v -0.27554255 -4.85548591 -2.0345149
v -0.38597998 -4.77545452 -2.0389018
v 0.01383016 -4.58853817 -2.0977118
v -0.09770625 -4.74516868 -2.06637549
v -0.20779325 -4.90140914 -2.03107357
v -0.3157809 -5.05648517 -1.99134922
v -0.38351285 -5.01006841 -1.99409723
v -0.03999845 -4.78498458 -2.0622859
v -0.1505555 -4.93959713 -2.02705216
v -0.25814381 -5.09531354 -1.98770999
v -0.36504957 -5.2525053 -1.94302606
v -0.42325159 -5.2127819 -1.94646585
v -0.10020592 -4.97252225 -2.0199294
v -0.20709213 -5.12850379 -1.98064398
v -0.31344112 -5.28678607 -1.93535411
v -0.42345213 -5.4458127 -1.88555765
v -0.47457051 -5.41045522 -1.89361453
v -0.16121658 -5.15506219 -1.96288025
v -0.2673875 -5.31430912 -1.91682231
v -0.37774822 -5.47289228 -1.86451387
v -0.49106276 -5.63387155 -1.8095479
v -0.535694 -5.60584783 -1.83122885
v -0.23049323 -5.3291707 -1.88016915
v -0.34215751 -5.48629665 -1.82516336
v -0.45947402 -5.64438486 -1.76631128
v -0.58669078 -5.80340957 -1.70435142
v -0.61385214 -5.79450988 -1.74753081
v -0.32105445 -5.48468923 -1.77464604
v -0.43801406 -5.6433196 -1.71459364
v -0.56993693 -5.79999446 -1.65168595
v -0.71996098 -5.95055151 -1.58540046
v -0.73073953 -5.95752763 -1.63520205
v -0.43073922 -5.62811803 -1.6563059
v -0.56407755 -5.78380918 -1.59151601
v -0.72079801 -5.92802095 -1.5279181
v -0.89734429 -6.0561347 -1.46125197
v -0.89432454 -6.08371353 -1.51167535
v -0.57180732 -5.75382471 -1.52948391
v -0.73218554 -5.89332962 -1.46770894
v -0.9077599 -6.01452112 -1.40455281
v -1.08964443 -6.12599515 -1.32690799
v -1.08307683 -6.1732912 -1.37750375
v -0.75157797 -5.84883165 -1.40963459
v -0.92474263 -5.96299028 -1.34625518
v -1.09542965 -6.0641098 -1.2700212
v -1.27793061 -6.16046571 -1.16529691
v -1.28359544 -6.23198413 -1.22025013
v -0.94100433 -5.89181947 -1.28737902
v -1.09764349 -5.97919368 -1.20716035
v -1.25758171 -6.05767154 -1.10089981
v -1.39558816 -6.11313438 -0.9551931
v -1.43829643 -6.22815704 -1.00364673
v -1.09362494 -5.86566734 -1.14327907
v -1.2195847 -5.92689371 -1.03710532
v -1.31932461 -5.95671987 -0.91129499
v -1.38319075 -5.96805143 -0.76608997
v -1.46804785 -6.12934827 -0.78521424
v -1.20103836 -5.7787261 -0.99463671
v -1.27731025 -5.81061363 -0.88062036
v -1.3315711 -5.82431411 -0.75228959
v -1.35755252 -5.82969617 -0.61537611
v -1.41027009 -5.97408914 -0.611135
v -1.28774273 -5.67831277 -0.86765325
v -1.32635617 -5.69838094 -0.74741399
v -1.34657776 -5.70630312 -0.62095344
v -1.34271144 -5.70275592 -0.49171465
v -1.34495723 -5.83214616 -0.4736866
v -1.36574304 -5.59585905 -0.75053066
v -1.37822949 -5.60348844 -0.63024669
v -1.37371492 -5.59588909 -0.51133668
v -1.34386467 -5.56564807 -0.40070179
v -1.30867362 -5.6792531 -0.37389677
v -1.43602764 -5.52689647 -0.64034277
v -1.42703056 -5.51490688 -0.52555352
v -1.39891922 -5.48109436 -0.41715714
v -1.34764814 -5.4237256 -0.31937071
v -1.28715086 -5.51291084 -0.30590054
v -1.49481582 -5.46436929 -0.53126412
v -1.46619236 -5.42873716 -0.42004516
v -1.41855275 -5.36915874 -0.31526112
v -1.3506304 -5.28789758 -0.21687865
v -1.27310073 -5.34840774 -0.23048442
v -1.53712332 -5.40300893 -0.41356882
v -1.49147987 -5.34141969 -0.3007723
v -1.42699813 -5.25648641 -0.19247783
v -1.34478986 -5.15478992 -0.09088898
v -1.26235973 -5.19144535 -0.12544204
v -1.56275546 -5.33398819 -0.28086242
v -1.50007689 -5.24568271 -0.16332168
v -1.42305803 -5.14036846 -0.05285589
v -1.33531391 -5.02710104 0.04974329
v -1.25315523 -5.04698467 0.00280688
v -1.56888949 -5.25083875 -0.13317999
v -1.49362301 -5.14159774 -0.01409957
v -1.40650177 -5.02353143 0.0971494
v -1.30561697 -4.90806484 0.19765099
v -1.23607468 -4.9160676 0.14333997
v -1.55316805 -5.15513229 0.02504475
v -1.46257972 -5.03273487 0.14334584
v -1.35753762 -4.91250324 0.24868696
v -1.24205601 -4.79863309 0.33762702
v -1.19480896 -4.79756927 0.28348219
v -1.50572514 -5.04916 0.18598629
v -1.39643299 -4.92468071 0.29541835
v -1.27612423 -4.80700254 0.38641187
v -1.1600995 -4.6946268 0.46422594
v -1.128623 -4.68844366 0.41410541
v -1.42352211 -4.94542408 0.34088966
v -1.30219733 -4.82243633 0.43473094
v -1.18351197 -4.70718717 0.51345974
v -1.07506728 -4.58506107 0.58096349
v -1.05288255 -4.57556343 0.53153169
v -1.31205821 -4.84826517 0.47580927
v -1.19473695 -4.72800207 0.55861991
v -1.08432233 -4.60356712 0.62659752
v -0.97943103 -4.46875286 0.68503809
v -0.97223609 -4.4523282 0.63767242
v -1.16856288 -4.7642951 0.57273864
v -1.05879676 -4.63743972 0.64592677
v -0.95408296 -4.5001297 0.70785313
v -0.84980875 -4.35390996 0.75871366
v -0.87608569 -4.32269382 0.73001223
v -1.02310836 -4.67408466 0.65578532
v -0.91763973 -4.53536987 0.71858197
v -0.81159138 -4.38896846 0.77111488
v -0.70348125 -4.23853921 0.81583714
v -0.7416917 -4.20472145 0.80186659
v -0.87343108 -4.57408475 0.72269332
v -0.76735919 -4.42619609 0.77555304
v -0.65875244 -4.27483606 0.82109367
v -0.54921311 -4.12197876 0.85932922
v -0.59441977 -4.08591604 0.85261184
v -0.71369981 -4.47043991 0.77928489
v -0.60435539 -4.31813192 0.82485169
v -0.49445641 -4.16494321 0.86428648
v -0.3840211 -4.00900507 0.89531672
v -0.43962007 -3.96647882 0.88920003
v -0.53960472 -4.37004423 0.82861453
v -0.42997944 -4.2162528 0.86941671
v -0.32010009 -4.05856084 0.90168774
v -0.21032074 -3.89710998 0.92477738
v -0.27302664 -3.85000848 0.91750782
v -0.33718106 -4.29160308 0.87525379
v -0.22908946 -4.13058996 0.90994983
v -0.1197713 -3.96683788 0.93460357
v -0.01126437 -3.80360293 0.95279735
v -0.10254556 -3.73546361 0.94166606
v -0.11276257 -4.21670436 0.91839969
v -0.00667627 -4.05093145 0.94434559
v 0.10142897 -3.88614988 0.96391439
v 0.2083905 -3.72086787 0.97829294
v 0.09308174 -3.64086532 0.96577352
v 0.12950067 -4.13977241 0.9476751
v 0.23648975 -3.9756031 0.96688723
v 0.34408429 -3.81020689 0.98239219
v 0.44840228 -3.64248085 0.99371951
v 0.30972814 -3.55422878 0.98796886
v 0.36373981 -4.05518817 0.95986807
v 0.4744113 -3.89271736 0.97469919
v 0.58153283 -3.72541618 0.98541438
v 0.68403935 -3.55591273 0.98961067
v 0.54681277 -3.47185111 0.99938917
v 0.55918663 -3.94738292 0.96837949
v 0.66982072 -3.78131055 0.97748798
v 0.77535355 -3.61275267 0.98039114
v 0.87667232 -3.44410991 0.97957801
v 0.78318262 -3.38592004 0.99016046
v 0.73339116 -3.82285285 0.9719178
v 0.84077882 -3.65434455 0.97362566
v 0.94308435 -3.48596262 0.97181117
v 1.04390025 -3.31932759 0.96631342
v 0.97720503 -3.27657866 0.97512698
v 0.89976686 -3.69221353 0.96616512
v 1.00293016 -3.52411484 0.96297758
v 1.10405969 -3.35778713 0.95583862
v 1.20728218 -3.19412803 0.94639182
v 1.14699053 -3.15444254 0.95740211
v 1.05496525 -3.55727839 0.94352889
v 1.15478301 -3.39096331 0.93459534
v 1.25870955 -3.22946095 0.92462825
v 1.3666886 -3.06973671 0.90567082
v 1.31446683 -3.032269 0.9290831
v 1.19142103 -3.41660738 0.89377182
v 1.29744911 -3.25841069 0.88608527
v 1.40389883 -3.10058498 0.86344599
v 1.50916039 -2.94007682 0.8315739
v 1.47715997 -2.90956711 0.87804508
v 1.30356335 -3.26888561 0.82430476
v 1.40592312 -3.11150479 0.80230492
v 1.50964057 -2.9535849 0.77006328
v 1.61381673 -2.79354095 0.7292599
v 1.61962902 -2.7797985 0.79211348
v 1.39123833 -3.11252474 0.73806655
v 1.49204981 -2.95675587 0.70508772
v 1.59359085 -2.80052924 0.66218829
v 1.68321991 -2.6384592 0.61104399
v 1.70953619 -2.62808418 0.67595672
v 1.45663023 -2.94931197 0.64017242
v 1.55361938 -2.79555058 0.59703362
v 1.63942992 -2.637928 0.54859983
v 1.71948623 -2.48532486 0.48419767
v 1.76552438 -2.48162722 0.54250407
v 1.49457728 -2.77851939 0.53779339
v 1.57898736 -2.62634706 0.48922276
v 1.65746021 -2.47804307 0.42877793
v 1.73601484 -2.3354721 0.35302379
v 1.79760897 -2.34034919 0.40269944
v 1.50314652 -2.60364627 0.43643891
v 1.58189177 -2.45892524 0.37779727
v 1.66102612 -2.31814956 0.30653399
v 1.73853004 -2.18112826 0.22181296
v 1.81552827 -2.19757914 0.26255127
v 1.4901992 -2.42507457 0.33491557
v 1.5716623 -2.28730511 0.26590824
v 1.65060508 -2.15207004 0.18703514
v 1.7253946 -2.01901316 0.09968985
v 1.81275355 -2.04530525 0.12903432
v 1.46196234 -2.2370572 0.23749828
v 1.54359912 -2.10551857 0.16302798
v 1.61920833 -1.97875118 0.07860141
v 1.68528938 -1.85780096 -0.01516952
v 1.79175877 -1.89257729 0.00229001
v 1.41297125 -2.03609728 0.15401199
v 1.48461806 -1.91312575 0.07022725
v 1.54669868 -1.79631996 -0.02237407
v 1.59778928 -1.68853855 -0.1233011
v 1.73836493 -1.74422872 -0.11958102
v 1.3369224 -1.82295036 0.08467482
v 1.39379489 -1.70847284 -0.00899837
v 1.44181382 -1.60299611 -0.10908539
v 1.4822117 -1.50955867 -0.21799127
v 1.63632726 -1.59152531 -0.23276026
v 1.25144732 -1.60680449 0.03037398
v 1.29642021 -1.49863791 -0.07450166
v 1.34012997 -1.4037131 -0.1902799
v 1.38084495 -1.32574057 -0.31715992
v 1.51531732 -1.43059814 -0.33721604
v 1.18752288 -1.39758718 -0.02925239
v 1.23342359 -1.29735672 -0.15554612
v 1.27886486 -1.21738803 -0.29366952
v 1.32149088 -1.16533684 -0.4435687
v 1.41309368 -1.26873385 -0.45389741
v 1.16985559 -1.21490454 -0.12368945
v 1.21813333 -1.12993216 -0.27276155
v 1.26486861 -1.07693564 -0.43560349
v 1.30013501 -1.06260538 -0.60815811
v 1.35171365 -1.14505803 -0.60408115
v 1.17942011 -1.05650568 -0.25389736
v 1.228006 -1.00127458 -0.42875117
v 1.26558566 -0.98968315 -0.61287772
v 1.26683044 -1.01546585 -0.79371285
v 1.30153155 -1.0843687 -0.780514
v 1.2093085 -0.9348334 -0.42340666
v 1.24708819 -0.93047046 -0.61801177
v 1.24674773 -0.95885467 -0.80562514
v 1.19978141 -1.01957178 -0.97935962
v 1.22378897 -1.07700705 -0.95878189
v 1.23758125 -0.87162554 -0.62265819
v 1.23495721 -0.90341949 -0.818089
v 1.18418085 -0.96650975 -0.99981057
v 1.10486221 -1.06526076 -1.16067016
v 1.12391626 -1.11490273 -1.13023543
v 1.22996699 -0.84893059 -0.8313961
v 1.17879974 -0.91566807 -1.02310979
v 1.09654104 -1.0192871 -1.19327557
v 1.01973307 -1.16350591 -1.33840775
v 1.02979135 -1.20151519 -1.29692971
v 1.18084061 -0.86711537 -1.04802417
v 1.09795665 -0.97614473 -1.23083496
v 1.02349698 -1.12877667 -1.38265037
v 0.96090507 -1.30227875 -1.49182844
v 0.9579643 -1.32910966 -1.44462382
v 1.11761999 -0.94153302 -1.2681576
v 1.0441457 -1.10545444 -1.42223382
v 0.98620617 -1.28970217 -1.52756118
v 0.9304471 -1.46978235 -1.60267531
v 0.8986541 -1.47272396 -1.57053911
v 1.09626913 -1.11863398 -1.43093085
v 1.03638839 -1.30437588 -1.53066253
v 0.97830867 -1.48322725 -1.60992443
v 0.91175955 -1.64679515 -1.68008339
v 0.86438244 -1.63010466 -1.67139112
v 1.09168803 -1.32577228 -1.53073477
v 1.03133285 -1.50242388 -1.61072385
v 0.96300262 -1.66855084 -1.68122947
v 0.88562244 -1.82640886 -1.74629378
v 0.83564072 -1.80250632 -1.74552905
v 1.09038722 -1.52725482 -1.60620355
v 1.019526 -1.69530606 -1.67711734
v 0.94085174 -1.85525226 -1.74184858
v 0.85763543 -2.01038169 -1.80391001
v 0.8031941 -1.9800347 -1.80859243
v 1.08088731 -1.72546851 -1.67157566
v 1.00196898 -1.88751995 -1.73655414
v 0.91899353 -2.04483604 -1.79836607
v 0.83377242 -2.20049023 -1.85911071
v 0.77188313 -2.1640315 -1.86516678
v 1.08926999 -1.93418681 -1.72953295
v 1.00484156 -2.09378457 -1.79106521
v 0.91887116 -2.25104165 -1.85118055
v 0.83279013 -2.40737962 -1.91059219
v 0.74814146 -2.35645222 -1.91919553
v 1.11226391 -2.15511345 -1.78293168
v 1.02419495 -2.31296205 -1.84240889
v 0.93850928 -2.47070431 -1.90111792
v 0.85541874 -2.62951779 -1.95892167
v 0.74564141 -2.56262135 -1.96884024
v 1.15275156 -2.38686132 -1.83234667
v 1.06860041 -2.54617404 -1.89024281
v 0.98489576 -2.70617485 -1.948251
v 0.89956301 -2.86692977 -2.0056405
v 0.7701224 -2.7883234 -2.01505875
v 1.18326866 -2.60944867 -1.87967038
v 1.09938561 -2.77039504 -1.9382013
v 1.01566696 -2.9326663 -1.99668514
v 0.93082481 -3.09676861 -2.0530529
v 0.81208646 -3.0279417 -2.05965113
v 1.17776227 -2.81331014 -1.93010926
v 1.09207248 -2.97516393 -1.98992753
v 1.00524723 -3.13870906 -2.0482192
v 0.9132955 -3.3049035 -2.09628176
v 0.84013152 -3.26213026 -2.09978079
v 1.1554234 -3.01108336 -1.98257696
v 1.06848871 -3.17487716 -2.04218983
v 0.97583246 -3.34136986 -2.09159612
v 0.8763014 -3.50931716 -2.12830638
v 0.81469142 -3.47153163 -2.13204264
v 1.12167954 -3.20692086 -2.03178286
v 1.0282762 -3.37334179 -2.0828154
v 0.92818009 -3.54205346 -2.12078189
v 0.81963795 -3.7103126 -2.14346051
v 0.76872664 -3.6767106 -2.15054893
v 1.07149326 -3.40185761 -2.06654024
v 0.97140175 -3.57103109 -2.10559225
v 0.86236083 -3.73950648 -2.12832808
v 0.74779111 -3.90680718 -2.1380155
v 0.70532149 -3.8770225 -2.15369463
v 1.0054332 -3.59580063 -2.08093071
v 0.89611631 -3.76396703 -2.10203242
v 0.78195405 -3.93111467 -2.11092853
v 0.66631561 -4.09540224 -2.11053705
v 0.63168591 -4.07132864 -2.1383512
v 0.90223622 -3.77272987 -2.0541625
v 0.79142999 -3.93906307 -2.06376719
v 0.6773293 -4.10192918 -2.06422472
v 0.562047 -4.26158762 -2.05635952
v 0.54907077 -4.25574445 -2.10134911
v 0.78307557 -3.93513512 -2.01066446
v 0.67087334 -4.09582328 -2.01154232
v 0.55701792 -4.25331926 -2.0046029
v 0.44415518 -4.40789794 -1.9885801
v 0.44674727 -4.41702127 -2.03920841
v 0.64817476 -4.07810354 -1.96031189
v 0.5371856 -4.23407793 -1.95409119
v 0.42623826 -4.38729047 -1.93771338
v 0.31625437 -4.53741025 -1.91276025
v 0.33139646 -4.55840683 -1.96432244
v 0.50198382 -4.20363855 -1.90479469
v 0.39288914 -4.35524368 -1.8882364
v 0.2839995 -4.50443506 -1.86298537
v 0.1754608 -4.65187549 -1.83440887
v 0.20522028 -4.68498849 -1.88488066
v 0.34621962 -4.31379699 -1.84346783
v 0.23862983 -4.46182584 -1.81821012
v 0.1321997 -4.60925436 -1.78810155
v 0.02829333 -4.75606727 -1.75424182
v 0.06971527 -4.79988241 -1.80107224
v 0.1818922 -4.41154336 -1.7805829
v 0.07545864 -4.55725908 -1.74989402
v -0.02694256 -4.70265865 -1.71423709
v -0.12767717 -4.84859848 -1.67368924
v -0.07468161 -4.90317058 -1.71511912
v 0.00353306 -4.49493551 -1.72106933
v -0.09903007 -4.63860988 -1.68390083
v -0.19888161 -4.78225183 -1.64123654
v -0.29728761 -4.92600727 -1.59157967
v -0.22671084 -4.99502277 -1.62566077
v -0.19693657 -4.55903816 -1.66622209
v -0.29799115 -4.70028352 -1.62287247
v -0.39698401 -4.84083414 -1.57231593
v -0.49544814 -4.97952747 -1.51440048
v -0.3952611 -5.06963872 -1.53392934
v -0.42530244 -4.60884904 -1.62833046
v -0.52440762 -4.74757623 -1.5789479
v -0.62168997 -4.88311815 -1.52276492
v -0.71931296 -5.01215457 -1.46061945
v -0.59563225 -5.11442565 -1.44908595
v -0.63870406 -4.6767807 -1.60938572
v -0.73408538 -4.81129789 -1.55412221
v -0.82921481 -4.93729591 -1.49360275
v -0.9270904 -5.05217647 -1.43049442
v -0.81990075 -5.12931776 -1.39495992
v -0.82428574 -4.76358318 -1.59548604
v -0.91994172 -4.88795471 -1.53695762
v -1.01647889 -5.00309419 -1.47428548
v -1.11408555 -5.11086845 -1.40613448
v -1.02750098 -5.15670728 -1.36461293
v -0.99736952 -4.85532474 -1.58716321
v -1.0927869 -4.97423267 -1.52384197
v -1.18976593 -5.08505582 -1.45181059
v -1.28633236 -5.18752813 -1.36910128
v -1.21168935 -5.2102952 -1.3283596
v -1.15772616 -4.9603486 -1.57590448
v -1.25515317 -5.07377767 -1.49967968
v -1.35181903 -5.17980051 -1.41232669
v -1.44036424 -5.27329921 -1.30725622
v -1.37360703 -5.27827453 -1.26948881
v -1.30749487 -5.07360982 -1.54619002
v -1.40466642 -5.18204975 -1.45392906
v -1.49632906 -5.27874994 -1.34311163
v -1.5752213 -5.35530901 -1.21551811
v -1.5166105 -5.34784317 -1.18641161
v -1.44388806 -5.19214725 -1.49103033
v -1.53946125 -5.29115486 -1.37610554
v -1.62527346 -5.37137317 -1.24445843
v -1.69729352 -5.43416452 -1.10212111
v -1.64263021 -5.41170215 -1.07845616
v -1.57357335 -5.31282043 -1.40810823
v -1.66067898 -5.4023118 -1.27197349
v -1.73594057 -5.47223234 -1.12432706
v -1.79631578 -5.52326202 -0.97438013
v -1.75356173 -5.47740459 -0.95567369
v -1.67415165 -5.44844055 -1.29518485
v -1.75003075 -5.52991342 -1.14405155
v -1.80842709 -5.58857345 -0.99129444
v -1.85514164 -5.62290382 -0.83145964
v -1.83431446 -5.55380106 -0.81603628
v -1.73925256 -5.59699535 -1.15951097
v -1.79905438 -5.66711568 -1.00944137
v -1.85411191 -5.70412778 -0.85027754
v -1.87924671 -5.70977878 -0.63820403
v -1.87266516 -5.63144636 -0.64224159
v -1.78021681 -5.75966596 -1.03667485
v -1.84291279 -5.80474805 -0.8619194
v -1.71887135 -5.67318487 -1.17874193
v -1.66559362 -5.50235176 -1.31246483
v -1.64315915 -5.56348466 -1.32936084
v -1.60924661 -5.63461208 -1.35241901
v -1.55447661 -5.44161891 -1.47487235
v -1.51598727 -5.49898719 -1.49175083
v -1.4540205 -5.31723117 -1.59762775
v -1.57932043 -5.39244031 -1.45926785
v -1.48014009 -5.27543926 -1.58312213
v -1.37726533 -5.15063095 -1.68736016
v -1.49201202 -5.23665952 -1.5618354
v -1.38849866 -5.11558723 -1.66155076
v -1.28694176 -4.9861164 -1.74927628
v -1.37105512 -5.09654998 -1.62633991
v -1.27016401 -4.97069215 -1.71103417
v -1.16707956 -4.83766746 -1.78409981
v -1.24473428 -4.96075916 -1.67017293
v -1.14257323 -4.83181572 -1.74099457
v -1.03914463 -4.69584417 -1.80041885
v -1.1078341 -4.8321104 -1.69511938
v -1.00714051 -4.69864559 -1.75327384
v -0.90695273 -4.55653047 -1.80014908
v -0.96247547 -4.70798969 -1.69928729
v -0.86290919 -4.57001161 -1.7465744
v -0.76019311 -4.42797946 -1.78936851
v -0.80179572 -4.5955162 -1.69478035
v -0.70119524 -4.45469236 -1.74097275
v -0.59757071 -4.3106327 -1.78023946
v -0.62920039 -4.48929977 -1.69655156
v -0.52676439 -4.3470726 -1.73613143
v -0.42067107 -4.20491027 -1.77140462
v -0.44013771 -4.39592504 -1.69925487
v -0.3356052 -4.25394582 -1.73596906
v -0.22940111 -4.11204624 -1.76849377
v -0.21987749 -4.32761478 -1.70943701
v -0.11441716 -4.18673276 -1.74251532
v -0.00904214 -4.04482269 -1.76952815
v 0.01086481 -4.27559375 -1.73746752
v 0.11503407 -4.13206148 -1.76477921
v 0.21797184 -3.9865098 -1.78330802
v 0.21318461 -4.20562744 -1.77924203
v 0.31649005 -4.05842924 -1.79744923
v 0.41846117 -3.90979027 -1.80761015
v 0.39180547 -4.1156187 -1.82376229
v 0.49528843 -3.96535635 -1.83320438
v 0.59718108 -3.81375122 -1.8350799
v 0.5589292 -4.01185846 -1.86850965
v 0.66291022 -3.85784196 -1.86938202
v 0.76374942 -3.70275163 -1.86165213
v 0.71647852 -3.89303612 -1.91139471
v 0.82008183 -3.73545479 -1.90275979
v 0.91904777 -3.57771801 -1.88341701
v 0.86361968 -3.75882124 -1.94964909
v 0.96436762 -3.597579 -1.92886316
v 1.05979037 -3.43791103 -1.89340627
v 0.99428439 -3.60703206 -1.97918307
v 1.09191656 -3.4453125 -1.94115078
v 1.18267262 -3.28327727 -1.89040732
v 1.10785889 -3.44141101 -1.99230504
v 1.20030355 -3.27802634 -1.9397434
v 1.29289341 -3.11819219 -1.88004863
v 1.19882488 -3.26233744 -1.98809075
v 1.28703725 -3.09940767 -1.92650175
v 1.37347757 -2.93626713 -1.86261653
v 1.25315356 -3.07243704 -1.95327603
v 1.33925294 -2.90892672 -1.89080596
v 1.42444849 -2.74594497 -1.82896173
v 1.2947545 -2.87977957 -1.90957558
v 1.37915742 -2.71703529 -1.84796726
v 1.46227407 -2.55657649 -1.78897607
v 1.32410776 -2.68545341 -1.86126339
v 1.4074136 -2.52477407 -1.80303311
v 1.49043059 -2.36457157 -1.7449181
v 1.34203708 -2.48943138 -1.81312584
v 1.42476546 -2.32794952 -1.75525474
v 1.50962209 -2.16487121 -1.69573402
v 1.35153591 -2.2883799 -1.76376843
v 1.43690693 -2.12379121 -1.7034384
v 1.52264833 -1.95718514 -1.63891577
v 1.32573533 -2.06225562 -1.71238493
v 1.41198611 -1.89453828 -1.64685535
v 1.49562656 -1.72606706 -1.57392299
v 1.284065 -1.82623863 -1.65554893
v 1.36368525 -1.65490758 -1.58216476
v 1.44306111 -1.48422551 -1.49611461
v 1.24023258 -1.59524834 -1.59207737
v 1.31654024 -1.42373037 -1.50730788
v 1.39424014 -1.25760328 -1.4068849
v 1.22255396 -1.38169503 -1.51682722
v 1.29432296 -1.21028375 -1.41773426
v 1.36633038 -1.04888927 -1.290802
v 1.21786117 -1.17346572 -1.42422044
v 1.29058897 -1.00934433 -1.28889322
v 1.35934245 -0.87974023 -1.10338747
v 1.22806417 -0.978688 -1.28502142
v 1.29888379 -0.85300815 -1.09498202
v 1.34881103 -0.77149301 -0.86726456
v 1.2413268 -0.83219897 -1.08557033
v 1.29383719 -0.75330746 -0.86471253
v 1.30322444 -0.71429467 -0.62762731
v 1.2477194 -0.75548344 -0.85799956
v 1.25616836 -0.71581673 -0.63079339
v 1.22277677 -0.7149055 -0.39419931
v 1.24019169 -0.76096397 -0.62956893
v 1.20447886 -0.75844615 -0.40222328
v 1.14549732 -0.80812043 -0.17543801
v 1.19870364 -0.81420904 -0.41120591
v 1.14098835 -0.86198473 -0.19454748
v 1.08167982 -0.96220439 0.00402644
v 1.14335775 -0.92197942 -0.21423789
v 1.08522987 -1.01752424 -0.02676308
v 1.0319035 -1.14040207 0.13752883
v 1.09990525 -1.07800781 -0.05895114
v 1.04719436 -1.19495904 0.09509788
v 0.99764961 -1.32378816 0.22758074
v 1.07732355 -1.25531351 0.05222049
v 1.02810394 -1.37969541 0.17635951
v 0.97670871 -1.50917589 0.28195205
v 1.07261192 -1.43973088 0.12915217
v 1.02099096 -1.56438839 0.23194821
v 0.9639039 -1.69569492 0.31798443
v 1.08990752 -1.63348293 0.18008504
v 1.03219962 -1.76184213 0.26411756
v 0.96550655 -1.89705991 0.33345973
v 1.13679873 -1.84888637 0.20834189
v 1.06354475 -1.9781202 0.28111806
v 0.98211514 -2.11239957 0.34194567
v 1.19147658 -2.07255768 0.24236443
v 1.10574197 -2.20455837 0.30538389
v 1.01582276 -2.34010672 0.35753324
v 1.24626386 -2.29782414 0.29046621
v 1.15807914 -2.43400931 0.34430238
v 1.06870532 -2.57168579 0.39014554
v 1.29411375 -2.51201009 0.35821703
v 1.20821499 -2.6525681 0.40528601
v 1.11980557 -2.79464721 0.4444876
v 1.32655525 -2.71172356 0.43970504
v 1.24006617 -2.85782551 0.48101997
v 1.14928841 -3.00467634 0.51414734
v 1.33090961 -2.90041232 0.52690458
v 1.23759746 -3.04923415 0.56062769
v 1.14373183 -3.20019173 0.58374959
v 1.30683684 -3.08137822 0.61382204
v 1.21085202 -3.23350954 0.63741231
v 1.11682319 -3.39071512 0.65069228
v 1.26070666 -3.25660491 0.69715535
v 1.16544449 -3.41534018 0.70956319
v 1.06893551 -3.57818317 0.71787381
v 1.19484615 -3.42832946 0.77245128
v 1.09858048 -3.59316062 0.77947759
v 0.9955734 -3.76012206 0.78579795
v 1.10900712 -3.59571623 0.84321391
v 1.005764 -3.76415848 0.85032844
v 0.89334648 -3.92914009 0.85521656
v 0.99059379 -3.75193333 0.90996182
v 0.87766414 -3.91850662 0.91427469
v 0.76108533 -4.08228778 0.91387456
v 0.84295666 -3.89499497 0.95781493
v 0.72677552 -4.06034851 0.95413702
v 0.60860973 -4.22137165 0.94203984
v 0.67663633 -4.02622079 0.95971214
v 0.55975848 -4.18729829 0.94668245
v 0.44422531 -4.34506416 0.92872995
v 0.50619828 -4.14998149 0.9499495
v 0.391593 -4.30786132 0.9319536
v 0.28085234 -4.46641922 0.90971511
v 0.33317899 -4.2673006 0.93588244
v 0.22229392 -4.42536068 0.91347271
v 0.1157238 -4.58683729 0.88473779
v 0.14420232 -4.37448453 0.9185819
v 0.04051097 -4.53736496 0.88866889
v -0.06090096 -4.70180082 0.849774
v -0.07917847 -4.46761465 0.88914644
v -0.17993593 -4.63071203 0.84748596
v -0.2801077 -4.79255914 0.80327314
v -0.31828841 -4.54511547 0.83985006
v -0.41741818 -4.70579719 0.79507505
v -0.51576823 -4.86853265 0.74703627
v -0.54590117 -4.60799312 0.78824687
v -0.64275336 -4.77154779 0.73891192
v -0.74399006 -4.93132734 0.68467366
v -0.75073659 -4.67956399 0.73292642
v -0.85046744 -4.83084678 0.67602968
v -0.95598167 -4.97750377 0.60836976
v -0.92446512 -4.76267814 0.66699332
v -1.03678619 -4.89661884 0.59597194
v -1.15015983 -5.02905225 0.51490128
v -1.08870124 -4.84755611 0.58803308
v -1.20204746 -4.97662687 0.50395083
v -1.31371665 -5.11438989 0.41034221
v -1.24621999 -4.93020963 0.49535527
v -1.36014199 -5.06326055 0.39882263
v -1.46394634 -5.21076059 0.29638156
v -1.39923012 -5.01783275 0.38921883
v -1.50434339 -5.16103649 0.28130486
v -1.5914545 -5.31317758 0.16214394
v -1.53829228 -5.11509227 0.26567506
v -1.6282165 -5.26455164 0.14327165
v -1.6960318 -5.40610933 0.00756184
v -1.62665605 -5.21649646 0.1062885
v -1.70045769 -5.34921932 -0.02738671
v -1.7589842 -5.46645355 -0.16700993
v -1.75528347 -5.53295564 -0.13537746
v -1.81083405 -5.55821943 -0.30946695
v -1.81039381 -5.63097715 -0.28030929
v -1.85162925 -5.61137199 -0.46125999
v -1.85436332 -5.6873393 -0.43562933
v -1.78761601 -5.49049949 -0.3375259
v -1.82864236 -5.54087877 -0.48079413
v -1.84835517 -5.55938291 -0.64447546
v -1.77879929 -5.48654508 -0.49910488
v -1.79777848 -5.50646829 -0.64790612
v -1.78873717 -5.50269985 -0.80430418
v -1.73144245 -5.47379922 -0.65111249
v -1.72494661 -5.47167825 -0.79449236
v -1.69353747 -5.45051622 -0.93750202
v -1.65192699 -5.45635604 -0.78516709
v -1.62632215 -5.43784761 -0.92035812
v -1.58034324 -5.40163469 -1.0549103
v -1.55349457 -5.43805551 -0.90349721
v -1.51136851 -5.40242195 -1.03042984
v -1.44943058 -5.35128164 -1.15510141
v -1.43905139 -5.42058134 -1.00803768
v -1.37938714 -5.3688116 -1.12586009
v -1.30247294 -5.29719305 -1.2353357
v -1.30178761 -5.40746164 -1.1000992
v -1.22212719 -5.33577299 -1.20371997
v -1.12826788 -5.25189161 -1.29080164
v -1.13482761 -5.40644359 -1.17949116
v -1.03326904 -5.32526207 -1.26119291
v -0.92536228 -5.23292779 -1.33049941
v -0.93371218 -5.43833303 -1.24869656
v -0.81560123 -5.34800815 -1.31673038
v -0.70133096 -5.24011945 -1.38124716
v -0.72427797 -5.47854566 -1.33177423
v -0.60280478 -5.35360908 -1.39957249
v -0.49492764 -5.21322441 -1.46858954
v -0.53462386 -5.44329929 -1.43805182
v -0.42541185 -5.29199028 -1.50582814
v -0.32539615 -5.14294052 -1.5697087
v -0.37641373 -5.35429191 -1.55267155
v -0.27517747 -5.20190858 -1.61530375
v -0.17537173 -5.05155038 -1.66876649
v -0.23744499 -5.25038719 -1.66713607
v -0.13621191 -5.09823894 -1.71886599
v -0.03441383 -4.94808292 -1.76307988
v -0.11134829 -5.1337099 -1.77239155
v -0.00712893 -4.98306608 -1.81487381
v 0.09799934 -4.83364009 -1.8523997
v 0.00433098 -5.0061717 -1.86762309
v 0.11225561 -4.85671758 -1.90417397
v 0.21953716 -4.70631361 -1.93622863
v 0.11062358 -4.86816406 -1.9567275
v 0.2197161 -4.71670293 -1.9877882
v 0.33015942 -4.56624507 -2.01443934
v 0.20082175 -4.71173906 -2.03448081
v 0.31156042 -4.55966806 -2.05912399
v 0.4300211 -4.41033601 -2.08362889
v 0.27924719 -4.5408926 -2.09189438
v 0.39636775 -4.38846778 -2.11369013
v 0.51430571 -4.23219203 -2.12958622
v 0.35488918 -4.3593111 -2.13124346
v 0.47234448 -4.2021861 -2.14627766
v 0.58925521 -4.04113626 -2.15465188
v 0.42296645 -4.16586494 -2.15460515
v 0.5393871 -4.00517892 -2.16249394
v 0.6551072 -3.84215974 -2.16100025
v 0.48142695 -3.96315383 -2.166718
v 0.59633326 -3.80149078 -2.16482853
v 0.70870727 -3.63760662 -2.15406632
v 0.52789795 -3.7542355 -2.16705465
v 0.63858825 -3.591789 -2.15629029
v 0.74271994 -3.42720198 -2.13449597
v 0.52388471 -3.5163002 -2.15881061
v 0.62353277 -3.35191297 -2.13801193
v 0.71985864 -3.18905305 -2.10503172
v 0.49067452 -3.26695895 -2.1423788
v 0.58774441 -3.10546779 -2.11066842
v 0.68102443 -2.94655489 -2.06713438
v 0.47621542 -3.03602504 -2.11642527
v 0.57072722 -2.87720894 -2.07464957
v 0.65964865 -2.71930623 -2.02418184
v 0.48607748 -2.82713389 -2.08241653
v 0.57502114 -2.66899156 -2.03340077
v 0.6621477 -2.51258277 -1.97783577
v 0.51112449 -2.63233566 -2.04111743
v 0.59778916 -2.47465467 -1.98547148
v 0.684785 -2.3186016 -1.92608869
v 0.54208248 -2.44215464 -1.99133718
v 0.62943899 -2.28589439 -1.93157696
v 0.71724879 -2.13230824 -1.87013948
v 0.58081162 -2.25879335 -1.93266856
v 0.66842377 -2.10537481 -1.87109959
v 0.75462102 -1.95434713 -1.8093574
v 0.62156993 -2.08387041 -1.86112725
v 0.70920586 -1.93474137 -1.79926347
v 0.78933823 -1.78387546 -1.73673212
v 0.67529004 -1.93071901 -1.76674592
v 0.75558298 -1.78156638 -1.70415449
v 0.83153897 -1.63033521 -1.63889896
v 0.75552696 -1.80281627 -1.65725064
v 0.82969129 -1.65088057 -1.59297776
v 0.89616125 -1.49392747 -1.52440285
v 0.84134715 -1.67778718 -1.54752779
v 0.90699791 -1.52117633 -1.47898745
v 0.9670403 -1.3597362 -1.39974081
v 0.92836493 -1.55363524 -1.43374872
v 0.98912882 -1.39623987 -1.35466003
v 1.0509237 -1.24447906 -1.25611758
v 1.02536499 -1.43915295 -1.31138467
v 1.08645415 -1.29425561 -1.21659457
v 1.15580534 -1.17251098 -1.0992676
v 1.13636422 -1.35192728 -1.18038451
v 1.20026993 -1.23382127 -1.07195878
v 1.26366698 -1.14288175 -0.93811184
v 1.26303112 -1.30453741 -1.04339134
v 1.31968331 -1.2174406 -0.91654193
v 1.35360789 -1.16245389 -0.76687866
v 1.40341508 -1.30476808 -0.89516478
v 1.43256998 -1.25447738 -0.75304263
v 1.43342638 -1.2417438 -0.60050976
v 1.54496955 -1.34766113 -0.74564182
v 1.55155658 -1.33990943 -0.60281384
v 1.53988266 -1.36984527 -0.46505385
v 1.68374037 -1.41490137 -0.61233609
v 1.6799798 -1.4463495 -0.47798329
v 1.66350722 -1.50833427 -0.35123238
v 1.8061589 -1.48994565 -0.48857027
v 1.79663336 -1.5529263 -0.35777136
v 1.77498006 -1.64010632 -0.23456755
v 1.90327131 -1.57291472 -0.3583821
v 1.88276922 -1.66364836 -0.22865866
v 1.8450942 -1.77243828 -0.10773873
v 1.96843338 -1.67263007 -0.21930049
v 1.93115544 -1.78634965 -0.09167656
v 1.87832331 -1.91259169 0.02497188
v 2.00641751 -1.79011488 -0.0713946
v 1.95465934 -1.92161595 0.05284586
v 1.88945663 -2.05994963 0.16371256
v 2.01925945 -1.92188203 0.08171739
v 1.95424628 -2.06281995 0.20053486
v 1.87734723 -2.20122551 0.30778268
v 2.00458765 -2.05285668 0.2424325
v 1.92609584 -2.193017 0.35698801
v 1.84595489 -2.3335402 0.45667263
v 1.95916187 -2.17167735 0.40993562
v 1.87752068 -2.31549739 0.51312744
v 1.7958132 -2.46754097 0.6027705
v 1.88632881 -2.28466033 0.56879574
v 1.81165051 -2.44481587 0.66257768
v 1.72345078 -2.61249613 0.73852539
v 1.78613436 -2.40761709 0.71000063
v 1.69128298 -2.57740879 0.78269511
v 1.58652734 -2.74613261 0.83810222
v 1.63965892 -2.53639006 0.81387925
v 1.53432488 -2.70477914 0.86762511
v 1.42464685 -2.86991334 0.90470206
v 1.46790659 -2.65897011 0.88252717
v 1.35991382 -2.82522416 0.91778898
v 1.25283491 -2.99020075 0.94238215
v 1.28740274 -2.77647209 0.92820555
v 1.18393778 -2.94418025 0.95239442
v 1.08018231 -3.11054682 0.96651494
v 1.07745337 -2.87399077 0.96527421
v 0.97782087 -3.04396891 0.97924846
v 0.88047683 -3.21511149 0.98710131
v 0.83405596 -2.95334625 0.98840194
v 0.73658323 -3.12583565 0.99738949
v 0.64141285 -3.2990396 1.00106823
v 0.59088677 -3.03859901 0.98899656
v 0.49783372 -3.21223735 0.99355423
v 0.40518841 -3.38454651 0.99316144
v 0.37381056 -3.13850069 0.97980165
v 0.28320571 -3.30895805 0.97950756
v 0.19063207 -3.47653794 0.97481131
v 0.19355303 -3.25323629 0.96759164
v 0.10040874 -3.4167304 0.96279209
v 0.00186909 -3.57660794 0.95408612
v 0.03841128 -3.37533831 0.95429903
v -0.05988204 -3.53281354 0.94603502
v -0.1640923 -3.69040727 0.93399822
v -0.11322156 -3.49513149 0.93861025
v -0.21847337 -3.65048551 0.92718076
v -0.32878258 -3.80849194 0.91114997
v -0.26458436 -3.61629533 0.91885989
v -0.37547174 -3.77343869 0.90311133
v -0.48571708 -3.93093609 0.88165265
v -0.41419109 -3.74297046 0.88653987
v -0.5243451 -3.8992815 0.86502176
v -0.63241422 -4.05338573 0.83632463
v -0.5481013 -3.87537193 0.83078992
v -0.6570881 -4.02717971 0.8031975
v -0.76652061 -4.17642021 0.77035623
v -0.6540302 -4.01828384 0.75700968
v -0.76229786 -4.16606473 0.72385984
v -0.86812597 -4.31160831 0.68412911
v -0.74526846 -4.16346073 0.67357605
v -0.84942722 -4.30722761 0.63431721
v -0.95133256 -4.44540691 0.58775353
v -0.82080465 -4.30899953 0.58178639
v -0.92097336 -4.44497489 0.53613895
v -1.02188062 -4.57235288 0.48075091
v -0.87580978 -4.45370388 0.47956907
v -0.97714275 -4.57737541 0.42477443
v -1.08307755 -4.69012546 0.35914284
v -0.91406619 -4.59486293 0.36598786
v -1.01951444 -4.70389652 0.29977116
v -1.12900733 -4.8089571 0.22586095
v -0.93755048 -4.7349143 0.24338722
v -1.0451492 -4.83753204 0.16975563
v -1.15222847 -4.94045114 0.09021496
v -0.9465245 -4.88811063 0.12170933
v -1.05670607 -4.98732852 0.04347555
v -1.16336584 -5.08901596 -0.03891604
v -0.95093572 -5.0680294 0.0078238
v -1.06806004 -5.16304111 -0.06928376
v -1.17702388 -5.2584505 -0.14747482
v -0.97803413 -5.27414846 -0.07488283
v -1.0996828 -5.36044168 -0.14540441
v -1.20450854 -5.44135284 -0.22296614
v -1.03851401 -5.49240541 -0.11412356
v -1.15206897 -5.56878185 -0.18843485
v -1.24434852 -5.63419485 -0.27304184
v -1.1164447 -5.72234439 -0.12904386
v -1.22235071 -5.78772687 -0.22483272
v -1.29940092 -5.82226467 -0.33935517
v -1.22430539 -5.95575428 -0.16459485
v -1.3265686 -5.99047994 -0.3015331
v -1.39247882 -5.98275136 -0.45316734
v -1.37576496 -6.14617157 -0.25593674
v -1.46731007 -6.14624452 -0.42515668
v -1.49495959 -6.13752222 -0.6043663
v -1.53329587 -6.28890609 -0.38747698
v -1.57067501 -6.28701162 -0.5882579
v -1.54180002 -6.27782392 -0.80039888
v -1.62851178 -6.40372371 -0.57738024
v -1.58810675 -6.38385057 -0.82275348
v -1.46761047 -6.32498359 -1.0528289
v -1.61494898 -6.44963359 -0.84189808
v -1.48046708 -6.38013792 -1.08667659
v -1.28519785 -6.28052902 -1.2621082
v -1.49102163 -6.42666435 -1.1150316
v -1.28710401 -6.31880426 -1.29828
v -1.0797857 -6.20588207 -1.41942048
v -1.28936886 -6.35129022 -1.33273291
v -1.07905602 -6.23237943 -1.45990037
v -0.89682155 -6.10034751 -1.55598855
v -1.08327388 -6.25017881 -1.49735808
v -0.90883714 -6.10389852 -1.59516942
v -0.75297838 -5.94966983 -1.67552292
v -0.93723142 -6.08053398 -1.61764335
v -0.78640103 -5.92265033 -1.69651484
v -0.65461254 -5.76531457 -1.76847338
v -0.82605987 -5.88497543 -1.70544242
v -0.70103877 -5.72632646 -1.77550852
v -0.58580118 -5.56814336 -1.83835041
v -0.7525084 -5.68111801 -1.77632391
v -0.64105677 -5.52462577 -1.84011054
v -0.53190207 -5.36930179 -1.89614105
v -0.70404696 -5.47593975 -1.84025454
v -0.59884834 -5.32149171 -1.89714586
v -0.49111276 -5.16606617 -1.94823193
v -0.70468998 -5.24497556 -1.89666843
v -0.60197424 -5.08785867 -1.94927036
v -0.49656024 -4.93025541 -1.9969815
v -0.72562784 -4.99539279 -1.95020461
v -0.62012165 -4.83855438 -2.00014543
v -0.50775069 -4.68356132 -2.04275751
v -0.72233974 -4.76174163 -2.00123667
v -0.60345101 -4.61167335 -2.04521703
v -0.482239 -4.46537447 -2.08191442
v -0.67135429 -4.56230115 -2.04613804
v -0.55370116 -4.41350317 -2.0834217
v -0.43657565 -4.2641859 -2.11412954
v -0.61110228 -4.37199592 -2.08333873
v -0.49587473 -4.22168874 -2.11401343
v -0.38342696 -4.06944513 -2.13935208
v -0.54541111 -4.18572998 -2.11113095
v -0.43483838 -4.03296423 -2.13598537
v -0.32673007 -3.87806725 -2.15507865
v -0.47549623 -4.00303459 -2.12673544
v -0.36831283 -3.84894919 -2.14606857
v -0.26339709 -3.69386124 -2.15863299
v -0.401091 -3.8244183 -2.12559032
v -0.29704651 -3.6704843 -2.13860106
v -0.196561 -3.51428628 -2.14532709
v -0.3167988 -3.65520596 -2.10467982
v -0.21627861 -3.5008769 -2.11102628
v -0.11813439 -3.34445715 -2.1120131
v -0.21352277 -3.50123882 -2.06714558
v -0.11495874 -3.34694719 -2.06790685
v -0.01785035 -3.19181489 -2.06206917
v -0.0976904 -3.35812926 -2.02380538
v -0.00098857 -3.20454287 -2.01790618
v 0.09270709 -3.05027174 -2.00339531
v 0.02879208 -3.22502088 -1.97339749
v 0.12254939 -3.07259607 -1.95875859
v 0.21366556 -2.92087602 -1.93565464
v 0.16707003 -3.10363674 -1.9134649
v 0.25771719 -2.9534831 -1.88993501
v 0.34473687 -2.80303883 -1.85692095
v 0.31528639 -2.99412345 -1.84691774
v 0.40137794 -2.84510254 -1.81333518
v 0.48412269 -2.69660282 -1.76983749
v 0.47121158 -2.89493584 -1.77477836
v 0.55438369 -2.74767398 -1.73097002
v 0.63465327 -2.60005307 -1.6788783
v 0.63694047 -2.8043375 -1.69890928
v 0.71851247 -2.65708923 -1.64698445
v 0.79862028 -2.50858235 -1.59028255
v 0.82696801 -2.72461271 -1.62245106
v 0.90823847 -2.57478952 -1.56623208
v 0.98875743 -2.42300319 -1.50933754
v 1.02897596 -2.6405704 -1.55703902
v 1.10693371 -2.48582077 -1.50098133
v 1.18542957 -2.3328948 -1.44318997
v 1.20788931 -2.53428745 -1.50771546
v 1.28269708 -2.37926459 -1.44976472
v 1.35861539 -2.22808289 -1.38948655
v 1.36771261 -2.41565322 -1.4654237
v 1.44380581 -2.2643001 -1.40497613
v 1.52086091 -2.11813378 -1.34078681
v 1.51844656 -2.29168272 -1.42773759
v 1.59597337 -2.14435124 -1.3633126
v 1.67227304 -2.00251007 -1.29225385
v 1.65961086 -2.16187071 -1.39131403
v 1.73675501 -2.01862287 -1.31839764
v 1.80955541 -1.88156783 -1.23720443
v 1.78846526 -2.02567935 -1.34900414
v 1.86259138 -1.88568425 -1.26737558
v 1.93280196 -1.7539581 -1.17510187
v 1.90321099 -1.87986552 -1.30306232
v 1.97478449 -1.74341595 -1.20894181
v 2.04619073 -1.62014591 -1.10013675
v 2.0029118 -1.72177279 -1.24838769
v 2.07782292 -1.59183669 -1.13620042
v 2.1448965 -1.4825083 -0.99862557
v 2.09289407 -1.55165183 -1.17421734
v 2.16234779 -1.43481826 -1.02834749
v 2.21395897 -1.35758018 -0.8554117
v 2.15415072 -1.38108789 -1.0517658
v 2.21047139 -1.2991805 -0.86581635
v 2.23841166 -1.2833563 -0.65994286
v 2.18594908 -1.24124681 -0.86974418
v 2.21155214 -1.22513473 -0.65205985
v 2.2094562 -1.27419138 -0.44099569
v 2.16188931 -1.17028558 -0.6424452
v 2.15376162 -1.22277295 -0.42524442
v 2.13316869 -1.32052612 -0.22928898
v 2.07626891 -1.17006039 -0.41036328
v 2.05661487 -1.27268517 -0.21311317
v 2.02690029 -1.39476764 -0.03698119
v 1.94375252 -1.21170079 -0.19409257
v 1.91484546 -1.33243393 -0.01894697
v 1.87622451 -1.45968973 0.14204509
v 1.75261819 -1.24809837 0.00538084
v 1.71550178 -1.36950302 0.16453711
v 1.67035782 -1.50005936 0.31432887
v 1.54857444 -1.27875518 0.18733017
v 1.5065937 -1.4068886 0.33650374
v 1.45466685 -1.54366457 0.47451612
v 1.36560571 -1.33033168 0.36054867
v 1.31194436 -1.46900463 0.49844873
v 1.24663364 -1.62003004 0.61688017
v 1.20465171 -1.41938734 0.51837277
v 1.14142298 -1.57691192 0.62847477
v 1.0646671 -1.74021875 0.7125867
v 1.07163763 -1.55063223 0.63800805
v 0.99616098 -1.71545088 0.71274238
v 0.90724718 -1.8766185 0.77429926
v 0.93571162 -1.69301223 0.71121561
v 0.84877979 -1.85086119 0.76996499
v 0.75170338 -2.00881409 0.82151442
v 0.79671603 -1.82802152 0.76299303
v 0.70195317 -1.98464286 0.81385189
v 0.60164302 -2.14786958 0.85630178
v 0.65752673 -1.96519482 0.7994976
v 0.55883687 -2.12682986 0.84435331
v 0.45937499 -2.29436898 0.88637834
v 0.53046172 -2.12031245 0.80718189
v 0.43176162 -2.28677773 0.84513467
v 0.34416389 -2.46161007 0.86594718
v 0.43004882 -2.29514884 0.79393696
v 0.33828154 -2.4635868 0.81742852
v 0.24392306 -2.6300323 0.83313971
v 0.3449724 -2.47377705 0.76625782
v 0.25183412 -2.63887023 0.78331035
v 0.16269883 -2.8041296 0.79310876
v 0.27438134 -2.6563158 0.72829002
v 0.1858567 -2.81988358 0.74010449
v 0.09775766 -2.97968626 0.74429839
v 0.22428974 -2.84496808 0.68262863
v 0.13660846 -3.00323343 0.68847841
v 0.04810105 -3.15767955 0.68897587
v 0.19348384 -3.03809285 0.63369071
v 0.10441692 -3.19159102 0.63565391
v 0.01204007 -3.34188127 0.63345187
v 0.17867809 -3.23734521 0.58792626
v 0.0849162 -3.38695693 0.58625996
v -0.01451096 -3.53389096 0.57799017
v 0.17734944 -3.44552826 0.54578638
v 0.078053 -3.59276151 0.53748154
v -0.02440112 -3.73823261 0.52355265
v 0.19444714 -3.66858291 0.50887149
v 0.09415358 -3.81581759 0.49498042
v -0.00674367 -3.9617207 0.47556629
v 0.23114226 -3.909487 0.48855355
v 0.13065297 -4.05689001 0.46977877
v 0.03050252 -4.20302391 0.44456964
v 0.25970262 -4.15202522 0.48968643
v 0.15824432 -4.29986524 0.46610632
v 0.0580593 -4.44696521 0.43557572
v 0.25907 -4.38154602 0.5062927
v 0.15568384 -4.53031778 0.47693911
v 0.0534232 -4.68004798 0.43925565
v 0.22668761 -4.59514808 0.52617031
v 0.12208768 -4.74701595 0.48918005
v 0.01583116 -4.90109968 0.44683206
v 0.17129488 -4.7993803 0.54812341
v 0.05989069 -4.95390081 0.50586032
v -0.05522513 -5.11087322 0.4532009
v 0.08713781 -4.99261617 0.56879776
v -0.0278631 -5.15162038 0.51608377
v -0.15096011 -5.30907249 0.4589205
v -0.01546291 -5.17893171 0.58021616
v -0.13781268 -5.33758974 0.52523249
v -0.26989027 -5.49230623 0.46923384
v -0.13703768 -5.35400819 0.5862351
v -0.26617541 -5.51033544 0.53178423
v -0.40569561 -5.65970802 0.47647464
v -0.27485442 -5.5165987 0.59004128
v -0.41032302 -5.66963958 0.53441536
v -0.55654597 -5.81539011 0.47389116
v -0.42716106 -5.66706895 0.58670592
v -0.56887537 -5.81781101 0.52546733
v -0.72573095 -5.95855426 0.45710861
v -0.60031598 -5.79378795 0.55808073
v -0.75100541 -5.94048261 0.49181121
v -0.91405141 -6.08419132 0.41978344
v -0.78489261 -5.89981985 0.49956181
v -0.9443798 -6.04790115 0.42982718
v -1.11950349 -6.19966888 0.34234279
v -0.97730314 -6.00267744 0.43010166
v -1.14994108 -6.15787267 0.34658157
v -1.35117077 -6.32310533 0.23837149
v -1.18102026 -6.10875892 0.34323823
v -1.37790691 -6.27438163 0.23496568
v -1.59166288 -6.43289327 0.05267143
v -1.40402615 -6.21931123 0.22543092
v -1.61191153 -6.37718725 0.0421002
v -1.78428554 -6.47772026 -0.22599087
v -1.62936651 -6.31688404 0.02539365
v -1.79855394 -6.40305709 -0.24029542
v -1.86978697 -6.41848373 -0.54377138
v -1.8108356 -6.30166816 -0.26127833
v -1.87778949 -6.30225658 -0.54966837
v -1.81886315 -6.28730011 -0.84605157
v -1.65092814 -6.24320268 0.00449393
v -1.46470713 -6.08732605 0.18985632
v -1.5048033 -5.99267673 0.15860261
v -1.43175888 -6.15838909 0.21066752
v -1.25797367 -5.98125839 0.31942901
v -1.31048846 -5.89790296 0.29641139
v -1.21626591 -6.04996585 0.33493423
v -1.05642867 -5.88822937 0.41675359
v -1.11392056 -5.81038665 0.40190601
v -1.01351034 -5.95031976 0.42475774
v -0.8657664 -5.79743433 0.4928694
v -0.9179303 -5.73297643 0.48399126
v -0.82302826 -5.85191059 0.49839267
v -0.68392086 -5.70087194 0.55839842
v -0.73411595 -5.64528942 0.55306977
v -0.63977986 -5.75014066 0.55949151
v -0.50717735 -5.59685659 0.61475145
v -0.55598431 -5.54905462 0.61261093
v -0.46385708 -5.63859939 0.61302423
v -0.33854782 -5.47813987 0.66128665
v -0.38485389 -5.43842887 0.66495883
v -0.29714721 -5.50955438 0.64104008
v -0.1776413 -5.3479371 0.69148755
v -0.2206722 -5.31681442 0.70796853
v -0.15007583 -5.35812902 0.64352566
v -0.03211375 -5.19711446 0.6964457
v -0.06142453 -5.18660354 0.74250477
v -0.0165192 -5.19428873 0.64065349
v 0.1000881 -5.03484487 0.69261223
v 0.08335021 -5.03661298 0.74833577
v 0.10058304 -5.0195899 0.63216179
v 0.21491353 -4.86324358 0.67853564
v 0.21304144 -4.87598419 0.73989963
v 0.20099501 -4.83746719 0.61321377
v 0.31244728 -4.68444728 0.64973795
v 0.32761833 -4.70888185 0.7168166
v 0.27918714 -4.64662075 0.58361911
v 0.38613072 -4.49440193 0.61371576
v 0.42157024 -4.5313735 0.67918074
v 0.33246231 -4.44482088 0.55625021
v 0.43906837 -4.29469919 0.5794608
v 0.49404007 -4.3425641 0.63676476
v 0.36384326 -4.23315334 0.52959954
v 0.46875107 -4.08332061 0.54758
v 0.54545074 -4.1429305 0.59665739
v 0.36213645 -4.00354385 0.5082342
v 0.46470862 -3.85358357 0.52088016
v 0.57309967 -3.93155074 0.55997538
v 0.3316372 -3.7608838 0.50190281
v 0.43148049 -3.6113336 0.50954645
v 0.56631857 -3.70223593 0.52724808
v 0.2928355 -3.51994848 0.51738524
v 0.38726803 -3.36986804 0.51914137
v 0.52843052 -3.46068739 0.51075488
v 0.2713772 -3.29589009 0.54764032
v 0.36128404 -3.14381265 0.54463088
v 0.47814029 -3.21841597 0.51558899
v 0.26794385 -3.08454155 0.58493399
v 0.35520356 -2.92940688 0.57782501
v 0.44890311 -2.99006223 0.53560471
v 0.28142893 -2.88171291 0.62732809
v 0.36999383 -2.7237761 0.61433267
v 0.44321954 -2.77345085 0.56510829
v 0.31341132 -2.68438768 0.66929322
v 0.40450888 -2.52416324 0.64892435
v 0.46049252 -2.56560468 0.59341287
v 0.3656235 -2.49349999 0.70980304
v 0.46050334 -2.33384752 0.68401587
v 0.4968194 -2.36668539 0.62294751
v 0.44004321 -2.31093812 0.7409594
v 0.53908038 -2.15270209 0.70558089
v 0.55811554 -2.17892599 0.64927572
v 0.52942484 -2.13303279 0.75761449
v 0.62567508 -1.97718715 0.71113914
v 0.63270258 -1.99879932 0.65908926
v 0.62687826 -1.96061706 0.76147848
v 0.71435558 -1.80693411 0.70693826
v 0.71312212 -1.82622468 0.65711325
v 0.74789595 -1.8089416 0.74780654
v 0.83063334 -1.65704774 0.69005948
v 0.79697704 -1.65874648 0.64895927
v 0.88127106 -1.67315864 0.7053036
v 0.95139271 -1.51224303 0.63629609
v 0.89818161 -1.49903845 0.62520605
v 1.00869822 -1.52917969 0.64092475
v 1.06539309 -1.36314308 0.54530233
v 1.00569343 -1.34489405 0.5457257
v 1.13062942 -1.3890146 0.53329563
v 1.17878675 -1.23574817 0.39881327
v 1.11106813 -1.20452225 0.41228607
v 1.25649261 -1.27372145 0.38182386
v 1.30017793 -1.13932132 0.22340481
v 1.22207403 -1.09608912 0.23579573
v 1.40953052 -1.20103454 0.20671002
v 1.45137393 -1.08211946 0.03773557
v 1.34173655 -1.01528358 0.04681488
v 1.58863401 -1.16096615 0.02495946
v 1.63436782 -1.05456364 -0.15435729
v 1.50072825 -0.97985553 -0.14516131
v 1.78750658 -1.13288426 -0.17261397
v 1.81705367 -1.0279622 -0.38164958
v 1.67463171 -0.95730441 -0.36611926
v 1.96439719 -1.10488569 -0.39535641
v 1.97567367 -1.04109263 -0.62261235
v 1.83028256 -0.96347165 -0.61934185
v 2.08676052 -1.1098355 -0.63127297
v 2.07175445 -1.12341225 -0.86300987
v 1.96611571 -1.05378639 -0.86056548
v 2.14189386 -1.18525314 -0.8684414
v 2.08286714 -1.27348852 -1.07071363
v 2.02059769 -1.21574223 -1.0715425
v 2.12558603 -1.32638633 -1.06494808
v 2.04551696 -1.45540916 -1.22289621
v 2.00131321 -1.40766549 -1.23457372
v 2.07809281 -1.50335645 -1.20402109
v 1.99586379 -1.6475135 -1.32407987
v 1.96036481 -1.60469281 -1.3462069
v 2.01194143 -1.68843972 -1.28991663
v 1.93276715 -1.83491396 -1.38550972
v 1.91447615 -1.79932785 -1.42022371
v 1.92934417 -1.86356651 -1.34374988
v 1.85592293 -2.01264357 -1.42677164
v 1.8542993 -1.9864726 -1.46890163
v 1.8282361 -2.02363443 -1.38515377
v 1.74864351 -2.17173314 -1.45891845
v 1.77525973 -2.16396832 -1.50042688
v 1.70987534 -2.17097544 -1.42256271
v 1.63081371 -2.32075762 -1.48850286
v 1.66901791 -2.3232944 -1.52556729
v 1.58102011 -2.3100872 -1.45672106
v 1.50351643 -2.46247005 -1.51682078
v 1.55292904 -2.47371244 -1.54947197
v 1.44136893 -2.44315528 -1.48842382
v 1.36568152 -2.59911751 -1.54734671
v 1.42705082 -2.61868882 -1.57613205
v 1.29274308 -2.57130575 -1.52374517
v 1.21759951 -2.72974824 -1.58136224
v 1.28959691 -2.75862097 -1.60557806
v 1.13316667 -2.69182372 -1.56456315
v 1.05723977 -2.85053277 -1.62032699
v 1.14044201 -2.88970279 -1.63855195
v 0.9500727 -2.79509067 -1.61182594
v 0.86886709 -2.94762539 -1.66410541
v 0.97684997 -3.00677728 -1.67396473
v 0.74475932 -2.87341308 -1.67408156
v 0.66043275 -3.02127623 -1.71903312
v 0.78419494 -3.09801483 -1.71032369
v 0.55294841 -2.95105361 -1.74320876
v 0.46574053 -3.09771394 -1.77877163
v 0.57303625 -3.16848754 -1.75533664
v 0.38465228 -3.04236316 -1.80945825
v 0.29343503 -3.18971824 -1.83481037
v 0.3753395 -3.24471092 -1.8042618
v 0.22452989 -3.14293122 -1.8715192
v 0.12963847 -3.29159593 -1.88716208
v 0.19822843 -3.33657217 -1.85040092
v 0.07306879 -3.25441861 -1.92851662
v -0.02401191 -3.40471673 -1.93400847
v 0.03210596 -3.44009923 -1.89266777
v -0.06782898 -3.37708997 -1.97877693
v -0.166215 -3.52827549 -1.97706461
v -0.12280175 -3.55433344 -1.93239128
v -0.19651794 -3.51055312 -2.02253794
v -0.29617899 -3.66197872 -2.01607489
v -0.26598322 -3.67813968 -1.97040939
v -0.31349405 -3.65412998 -2.06083464
v -0.41747078 -3.80412149 -2.04749059
v -0.40017879 -3.8105123 -2.00220894
v -0.42051014 -3.80726099 -2.09149742
v -0.52527302 -3.95938897 -2.0701859
v -0.52396023 -3.95365047 -2.02663183
v -0.50714844 -3.97743368 -2.10503196
v -0.61665594 -4.1276226 -2.08082532
v -0.63347053 -4.10896253 -2.04481267
v -0.58583742 -4.15472602 -2.10307908
v -0.6987915 -4.30499315 -2.0730853
v -0.73039853 -4.27685403 -2.05224251
v -0.65893 -4.33644437 -2.08092117
v -0.77279955 -4.48827695 -2.04413723
v -0.81169033 -4.45768213 -2.036695
v -0.72625368 -4.52266645 -2.04591059
v -0.84028285 -4.67464447 -2.00044846
v -0.88514703 -4.64083814 -1.99847996
v -0.78790497 -4.71324825 -2.00115895
v -0.90046793 -4.86375522 -1.94869911
v -0.95247054 -4.82517719 -1.94723165
v -0.83399677 -4.91329383 -1.95058822
v -0.94120031 -5.06525802 -1.89045345
v -1.00937867 -5.01486253 -1.88640642
v -0.82823026 -5.15034341 -1.89405262
v -0.92470848 -5.30896902 -1.83145022
v -1.04180467 -5.22215938 -1.82118785
v -0.80187177 -5.40203952 -1.83632636
v -0.89595598 -5.56093072 -1.76988852
v -1.01062965 -5.47095155 -1.76104962
v -0.81044077 -5.63117218 -1.7745589
v -0.92386323 -5.7863574 -1.70199787
v -0.99311792 -5.72120475 -1.69671988
v -0.87155026 -5.83873891 -1.70524275
v -1.0059061 -5.99998569 -1.62521874
v -1.04795265 -5.94697094 -1.622913
v -0.97005403 -6.04423427 -1.62519955
v -1.13706147 -6.19797134 -1.53273868
v -1.16474366 -6.15733194 -1.53268826
v -1.10801839 -6.23460578 -1.52528834
v -1.31208324 -6.38525772 -1.39909136
v -1.33938288 -6.34854078 -1.40635824
v -1.2927587 -6.37954807 -1.36543893
v -1.51176691 -6.50118351 -1.16623413
v -1.53124821 -6.51949167 -1.18874204
v -1.50140893 -6.46613073 -1.14118897
v -1.66277515 -6.55020761 -0.87271112
v -1.68687653 -6.59196519 -0.8869977
v -1.63990175 -6.50651979 -0.85921013
v -1.7005316 -6.54640388 -0.57005375
v -1.72839927 -6.59254503 -0.56613701
v -1.66840052 -6.48524713 -0.57335418
v -1.61761844 -6.47587871 -0.31097343
v -1.64500498 -6.53061962 -0.28487005
v -1.58121025 -6.39895248 -0.34311449
v -1.43664991 -6.35411357 -0.14058573
v -1.45548439 -6.41453599 -0.09353653
v -1.41350793 -6.27161169 -0.1942176
v -1.24060547 -6.19105291 -0.03589187
v -1.2456671 -6.25549745 0.01778172
v -1.23364055 -6.09612798 -0.09652118
v -1.07836055 -5.99131584 0.0239178
v -1.07165837 -6.07031774 0.08549878
v -1.09362089 -5.87276077 -0.0522613
v -0.95441216 -5.78566312 0.02707335
v -0.92542892 -5.88743734 0.10276925
v -0.99135589 -5.64566087 -0.05216946
v -0.8527413 -5.56689691 0.01336434
v -0.80751526 -5.69691896 0.09140058
v -0.90743261 -5.4122262 -0.04721949
v -0.76923239 -5.32992219 0.02069657
v -0.70681035 -5.48144197 0.07649466
v -0.84986317 -5.18519258 -0.00445178
v -0.71915781 -5.09448957 0.06797039
v -0.62691617 -5.24165487 0.08805954
v -0.83289909 -4.97196579 0.08471461
v -0.71979647 -4.87222003 0.15870979
v -0.59456187 -4.99667453 0.14267514
v -0.83841723 -4.78715944 0.19540976
v -0.73478454 -4.68022203 0.26275253
v -0.61356276 -4.7645483 0.22725191
v -0.83412224 -4.62701988 0.31061971
v -0.73367142 -4.50862598 0.36712729
v -0.63439494 -4.56322813 0.32085505
v -0.81348216 -4.47386598 0.4213719
v -0.714437 -4.34365606 0.46663436
v -0.6343131 -4.38177013 0.41434547
v -0.77658206 -4.32028913 0.5248236
v -0.67447453 -4.18175363 0.56237149
v -0.6124438 -4.20873165 0.50517225
v -0.71783906 -4.16737079 0.61998873
v -0.61194658 -4.02299499 0.65137839
v -0.568116 -4.04036808 0.59408634
v -0.63926553 -4.0166583 0.70600676
v -0.53064519 -3.8687148 0.7323122
v -0.50359726 -3.8769896 0.6771934
v -0.54514336 -3.86841583 0.78373551
v -0.43416288 -3.71633839 0.80351722
v -0.42071095 -3.71820855 0.75187945
v -0.43684795 -3.72147178 0.85140103
v -0.32643055 -3.56646251 0.86633998
v -0.32549649 -3.56231951 0.81823283
v -0.30291065 -3.58688283 0.90153223
v -0.19507582 -3.4363389 0.91132479
v -0.22025357 -3.41647052 0.87737792
v -0.15775968 -3.46350622 0.92892497
v -0.05791417 -3.31133174 0.93778234
v -0.09589374 -3.28618788 0.92487293
v -0.01398257 -3.34053993 0.94653886
v 0.08008468 -3.18303442 0.95134252
v 0.03607543 -3.15583801 0.9431982
v 0.13175301 -3.21492838 0.95907193
v 0.22323654 -3.05029225 0.96062773
v 0.17148584 -3.02019739 0.95295614
v 0.284689 -3.08618831 0.9685384
v 0.37870326 -2.917243 0.96540409
v 0.3165006 -2.88263011 0.9579963
v 0.46638661 -2.96670126 0.97542929
v 0.56247478 -2.79505801 0.96596509
v 0.47539752 -2.74704456 0.9564954
v 0.68597692 -2.86519217 0.97924578
v 0.78360807 -2.69369959 0.96227836
v 0.65911489 -2.62345624 0.94918918
v 0.93326973 -2.78227853 0.97256201
v 1.03321492 -2.61327529 0.94701147
v 0.88187563 -2.5241568 0.93655622
v 1.17859208 -2.70496344 0.94116926
v 1.27879428 -2.53584718 0.90744304
v 1.13185548 -2.44559168 0.91188901
v 1.39019048 -2.60738158 0.89427191
v 1.4909321 -2.44084549 0.84645372
v 1.37652969 -2.36904382 0.85977387
v 1.57305932 -2.4921832 0.83272224
v 1.67051148 -2.32340192 0.76058495
v 1.58908367 -2.27410244 0.77622425
v 1.73742926 -2.36620521 0.74288618
v 1.82582163 -2.20349812 0.64537513
v 1.76236367 -2.15828728 0.66460406
v 1.86805033 -2.24599957 0.6138702
v 1.95415306 -2.09546494 0.50335735
v 1.9135847 -2.0508089 0.53136986
v 1.97233033 -2.13869667 0.46173813
v 2.05099344 -1.9957664 0.33432066
v 2.03712463 -1.95129716 0.37454226
v 2.04310107 -2.0333805 0.28801104
v 2.11265349 -1.89112055 0.15345279
v 2.12425875 -1.85416221 0.19421879
v 2.07164382 -1.91146194 0.11534955
v 2.12450814 -1.77397012 -0.02413227
v 2.16704988 -1.75116932 0.00706555
v 2.07066822 -1.78633844 -0.04967501
v 2.10483455 -1.66275513 -0.19141365
v 2.15973448 -1.64727687 -0.17342785
v 2.04156708 -1.67108988 -0.20656555
v 2.06006407 -1.57427203 -0.34967795
v 2.12271213 -1.56167495 -0.34123656
v 1.98917436 -1.57890689 -0.3556208
v 1.99582207 -1.51375532 -0.49742278
v 2.0656805 -1.50748503 -0.49833649
v 1.90912091 -1.50935649 -0.49439707
v 1.90265977 -1.48004961 -0.63367247
v 1.98819744 -1.48549115 -0.64212703
v 1.80310356 -1.45950615 -0.6241315
v 1.7855978 -1.46806323 -0.75897246
v 1.88270664 -1.49161553 -0.76985436
v 1.67065846 -1.42189681 -0.74938279
v 1.64143276 -1.4682151 -0.87796706
v 1.75308847 -1.51524567 -0.88419139
v 1.51738262 -1.39432227 -0.88076823
v 1.47299408 -1.47468674 -0.99640864
v 1.59839665 -1.54741108 -0.98981499
v 1.35523104 -1.38828146 -1.01561689
v 1.29713904 -1.49602341 -1.1159209
v 1.41816961 -1.57860648 -1.0940001
v 1.20310652 -1.41809117 -1.1470052
v 1.14390218 -1.55003976 -1.2341907
v 1.2357887 -1.61982226 -1.20317292
v 1.07630634 -1.49006676 -1.27075398
v 1.01477491 -1.63931822 -1.34777021
v 1.08312785 -1.69388508 -1.31047165
v 0.96364373 -1.59273552 -1.38945794
v 0.89724594 -1.74650871 -1.45914626
v 0.94800794 -1.79141676 -1.41732597
v 0.86252439 -1.70902633 -1.50277721
v 0.78864216 -1.86083948 -1.56697547
v 0.82440406 -1.89854669 -1.52432096
v 0.76600217 -1.82921254 -1.61103594
v 0.68812567 -1.97879934 -1.67429983
v 0.71067917 -2.01040339 -1.62994384
v 0.67617833 -1.95209574 -1.71990799
v 0.59237486 -2.10155272 -1.78118634
v 0.60565334 -2.12778806 -1.73643195
v 0.58903479 -2.08099103 -1.82520353
v 0.5064314 -2.23599124 -1.88635456
v 0.50828629 -2.25439429 -1.84146893
v 0.53486114 -2.2376945 -1.9222821
v 0.44933682 -2.395437 -1.97994661
v 0.42287373 -2.39351749 -1.94418966
v 0.4937964 -2.41542124 -1.99215173
v 0.4076693 -2.57449722 -2.04731845
v 0.36355641 -2.55423855 -2.03478455
v 0.4560053 -2.60104155 -2.04641246
v 0.36916896 -2.76201319 -2.09324765
v 0.32133039 -2.73635578 -2.09263277
v 0.42328932 -2.7921462 -2.0888288
v 0.33249819 -2.95375323 -2.12551116
v 0.27879491 -2.92403483 -2.12788271
v 0.39418467 -2.98802161 -2.12136173
v 0.29858321 -3.15061068 -2.148916
v 0.23742525 -3.11586928 -2.15103197
v 0.37792721 -3.1973555 -2.14590907
v 0.27935951 -3.36086154 -2.16453027
v 0.20142144 -3.31426048 -2.16667032
v 0.38984656 -3.42938423 -2.16165351
v 0.28482872 -3.5909264 -2.17193365
v 0.17934256 -3.52430057 -2.17433667
v 0.42098581 -3.68110466 -2.16897678
v 0.31442356 -3.84422087 -2.17186069
v 0.17665746 -3.75113272 -2.17481327
v 0.41487324 -3.91506528 -2.16936469
v 0.29955452 -4.07399892 -2.16240954
v 0.20167043 -4.00323772 -2.16578173
v 0.36541524 -4.12299251 -2.15930461
v 0.24781449 -4.27958822 -2.14460396
v 0.18113116 -4.22962236 -2.14824628
v 0.30559423 -4.32300138 -2.13969111
v 0.1877623 -4.47674179 -2.11909341
v 0.12953367 -4.43364143 -2.12389564
v 0.23744429 -4.51269674 -2.11073112
v 0.12259838 -4.66536474 -2.08564424
v 0.07222933 -4.63031482 -2.09328675
v 0.16665627 -4.69369173 -2.06858706
v 0.05489554 -4.84695625 -2.03814411
v 0.01033935 -4.81898212 -2.05487823
v 0.09011111 -4.86454582 -2.00444436
v -0.01985679 -5.01586008 -1.96802973
v -0.05542447 -4.99948501 -2.0026319
v 0.00051545 -5.01760768 -1.91982102
v -0.1040525 -5.17076015 -1.87921798
v -0.12457261 -5.17025518 -1.92773985
v -0.10115739 -5.15773868 -1.82630574
v -0.20511983 -5.3132286 -1.77696442
v -0.20910444 -5.32839965 -1.83101284
v -0.2150049 -5.28689765 -1.72179603
v -0.32347419 -5.44245719 -1.66213059
v -0.31427618 -5.46998262 -1.71912646
v -0.34398269 -5.40385961 -1.60567128
v -0.45742031 -5.55948734 -1.53658843
v -0.4379079 -5.59965038 -1.59552753
v -0.48757597 -5.5095973 -1.48432648
v -0.62109565 -5.65984201 -1.41900384
v -0.59134727 -5.71264076 -1.47049105
v -0.66255921 -5.58560657 -1.3708831
v -0.80844003 -5.70081472 -1.3025614
v -0.77677094 -5.79040765 -1.35545063
v -0.85584753 -5.57530164 -1.2646898
v -0.98694759 -5.65382623 -1.18728554
v -0.95498061 -5.78807163 -1.23018384
v -1.0489813 -5.51775074 -1.17050969
v -1.15210425 -5.58517074 -1.08085465
v -1.10562658 -5.72268486 -1.09666466
v -1.22236824 -5.47649765 -1.08379495
v -1.28894054 -5.53316068 -0.97724133
v -1.23085486 -5.63962841 -0.9775961
v -1.3629148 -5.4633255 -0.98949658
v -1.40403914 -5.50107383 -0.87424898
v -1.33461463 -5.57302904 -0.8655352
v -1.47941267 -5.45741748 -0.88757234
v -1.50183188 -5.47669267 -0.76671916
v -1.42824649 -5.52154111 -0.75728148
v -1.57664382 -5.45704031 -0.77616578
v -1.58071064 -5.45832586 -0.6509903
v -1.50631737 -5.47855901 -0.64730322
v -1.65662789 -5.45747184 -0.65225654
v -1.64123058 -5.43852329 -0.52394175
v -1.56706178 -5.44114494 -0.53011792
v -1.71298122 -5.45341062 -0.51354801
v -1.67869448 -5.40984249 -0.38342449
v -1.60934817 -5.39752054 -0.40069568
v -1.74155187 -5.44000482 -0.36225962
v -1.69230341 -5.36600875 -0.22977317
v -1.63088917 -5.34293842 -0.25684914
v -1.73682856 -5.40891981 -0.19917394
v -1.67860925 -5.30162811 -0.06429557
v -1.62978863 -5.26877784 -0.10140826
v -1.59805905 -5.17867755 0.06434354
v -1.53485655 -5.07697773 0.23014928
v -1.4335612 -4.97654724 0.38126084
v -1.28366673 -4.88707637 0.48606625
v -1.1325227 -4.80442142 0.58123278
v -0.97887462 -4.7145276 0.66076135
v -0.81927096 -4.62065076 0.72739362
v -0.64848935 -4.52392864 0.78300875
v -0.44330504 -4.44855976 0.83368033
v -0.21671645 -4.38226509 0.88186556
v 0.02395938 -4.30357074 0.92312872
v 0.25245252 -4.21462678 0.94135117
v 0.44656771 -4.10917472 0.95403927
v 0.62118566 -3.98869276 0.96401596
v 0.79087197 -3.86089086 0.96652698
v 0.95179092 -3.7258625 0.94902932
v 1.09373843 -3.58292913 0.90260177
v 1.20509171 -3.4295082 0.83584189
v 1.29149401 -3.26841116 0.76031893
v 1.35835039 -3.1024723 0.67405837
v 1.40246522 -2.93031835 0.58005082
v 1.42020976 -2.75171589 0.48483994
v 1.40894973 -2.56703233 0.3918142
v 1.37849068 -2.37308788 0.3023954
v 1.33226347 -2.16485786 0.22724632
v 1.26935923 -1.94496285 0.16879813
v 1.19934845 -1.72459006 0.12469378
v 1.14049208 -1.51129388 0.0822699
v 1.12142789 -1.3212006 0.01028475
v 1.12844264 -1.14393329 -0.09197387
v 1.15441525 -0.98512536 -0.23346154
v 1.20055735 -0.87396609 -0.41817128
v 1.23459732 -0.81518232 -0.62651199
v 1.23525691 -0.79826319 -0.84498369
v 1.19046998 -0.82653021 -1.07188952
v 1.16955173 -0.95345842 -1.28042149
v 1.1542567 -1.1432929 -1.42834758
v 1.15358066 -1.35182201 -1.52452158
v 1.15433144 -1.55540895 -1.60036504
v 1.16671955 -1.76770734 -1.66474247
v 1.20015144 -1.99382305 -1.72130119
v 1.2389369 -2.22645521 -1.77356529
v 1.26744604 -2.44965338 -1.8218683
v 1.26086115 -2.65119886 -1.87088131
v 1.24017775 -2.84783554 -1.92180419
v 1.2093414 -3.04341602 -1.97101867
v 1.16511523 -3.23555421 -2.0149002
v 1.1046611 -3.42691254 -2.04089117
v 1.00737857 -3.60571718 -2.03173399
v 0.8920077 -3.77170658 -2.0010755
v 0.75723004 -3.91923284 -1.95908141
v 0.61021876 -4.04959726 -1.91159927
v 0.45318687 -4.16381883 -1.86023378
v 0.28742316 -4.26450347 -1.80638718
v 0.10864852 -4.350955 -1.75291466
v -0.09372215 -4.41770839 -1.70464599
v -0.3239066 -4.46857881 -1.67162942
v -0.54122936 -4.53686523 -1.65723121
v -0.72789824 -4.62984418 -1.64928329
v -0.90079379 -4.72932863 -1.64408659
v -1.06036198 -4.83845138 -1.64266073
v -1.20884382 -4.95682764 -1.625952
v -1.3455224 -5.08121776 -1.58763063
v -1.47343194 -5.21024465 -1.52728796
v -1.59199929 -5.34520053 -1.43865847
f 1 5 6 7
f 1 8 9 5
f 10 11 8 1
f 4 10 1 12
f 1 7 13 12
f 2 14 15 16
f 2 17 18 14
f 2 16 3 17
f 3 19 20 21
f 3 21 22 17
f 4 12 23 24
f 4 24 25 10
f 25 26 27 28
f 25 28 11 10
f 25 24 29 26
f 29 30 31 26
f 29 24 23 32
f 29 32 33 30
f 33 34 35 30
f 33 32 36 37
f 33 37 38 34
f 38 39 40 34
f 38 37 41 42
f 38 42 43 39
f 43 44 45 39
f 43 42 46 47
f 43 47 48 44
f 48 49 50 44
f 48 47 51 52
f 48 52 53 49
f 53 54 55 49
f 53 52 56 57
f 53 57 58 54
f 58 59 60 54
f 58 57 61 62
f 58 62 63 59
f 63 64 65 59
f 63 62 66 67
f 63 67 68 64
f 68 69 70 64
f 68 67 71 72
f 68 72 73 69
f 73 74 75 69
f 73 72 76 77
f 73 77 78 74
f 78 79 80 74
f 78 77 81 82
f 78 82 83 79
f 83 84 85 79
f 83 82 86 87
f 83 87 88 84
f 88 89 90 84
f 88 87 91 92
f 88 92 93 89
f 93 94 95 89
f 93 92 96 97
f 93 97 98 94
f 98 99 100 94
f 98 97 101 102
f 98 102 103 99
f 103 104 105 99
f 103 102 106 107
f 103 107 108 104
f 108 109 110 104
f 108 107 111 112
f 108 112 113 109
f 113 114 115 109
f 113 112 116 117
f 113 117 118 114
f 118 119 120 114
f 118 117 121 122
f 118 122 123 119
f 123 124 125 119
f 123 122 126 127
f 123 127 128 124
f 128 129 130 124
f 128 127 131 132
f 128 132 133 129
f 133 134 135 129
f 133 132 136 137
f 133 137 138 134
f 138 139 140 134
f 138 137 141 142
f 138 142 143 139
f 143 144 145 139
f 143 142 146 147
f 143 147 148 144
f 148 149 150 144
f 148 147 151 152
f 148 152 153 149
f 153 154 155 149
f 153 152 156 157
f 153 157 158 154
f 158 159 160 154
f 158 157 161 162
f 158 162 163 159
f 163 164 165 159
f 163 162 166 167
f 163 167 168 164
f 168 169 170 164
f 168 167 171 172
f 168 172 173 169
f 173 174 175 169
f 173 172 176 177
f 173 177 178 174
f 178 179 180 174
f 178 177 181 182
f 178 182 183 179
f 183 184 185 179
f 183 182 186 187
f 183 187 188 184
f 188 189 190 184
f 188 187 191 192
f 188 192 193 189
f 193 194 195 189
f 193 192 196 197
f 193 197 198 194
f 198 199 200 194
f 198 197 201 202
f 198 202 203 199
f 203 204 205 199
f 203 202 206 207
f 203 207 208 204
f 208 209 210 204
f 208 207 211 212
f 208 212 213 209
f 213 214 215 209
f 213 212 216 217
f 213 217 218 214
f 218 219 220 214
f 218 217 221 222
f 218 222 223 219
f 223 224 225 219
f 223 222 226 227
f 223 227 228 224
f 228 229 230 224
f 228 227 231 232
f 228 232 233 229
f 233 234 235 229
f 233 232 236 237
f 233 237 238 234
f 238 239 240 234
f 238 237 241 242
f 238 242 243 239
f 243 244 245 239
f 243 242 246 247
f 243 247 248 244
f 248 249 250 244
f 248 247 251 252
f 248 252 253 249
f 253 254 255 249
f 253 252 256 257
f 253 257 258 254
f 258 259 260 254
f 258 257 261 262
f 258 262 263 259
f 263 264 265 259
f 263 262 266 267
f 263 267 268 264
f 268 269 270 264
f 268 267 271 272
f 268 272 273 269
f 273 274 275 269
f 273 272 276 277
f 273 277 278 274
f 278 279 280 274
f 278 277 281 282
f 278 282 283 279
f 283 284 285 279
f 283 282 286 287
f 283 287 288 284
f 288 289 290 284
f 288 287 291 292
f 288 292 293 289
f 293 294 295 289
f 293 292 296 297
f 293 297 298 294
f 298 299 300 294
f 298 297 301 302
f 298 302 303 299
f 303 304 305 299
f 303 302 306 307
f 303 307 308 304
f 308 309 310 304
f 308 307 311 312
f 308 312 313 309
f 313 314 315 309
f 313 312 316 317
f 313 317 318 314
f 318 319 320 314
f 318 317 321 322
f 318 322 323 319
f 323 324 325 319
f 323 322 326 327
f 323 327 328 324
f 328 329 330 324
f 328 327 331 332
f 328 332 333 329
f 333 334 335 329
f 333 332 336 337
f 333 337 338 334
f 338 339 340 334
f 338 337 341 342
f 338 342 343 339
f 343 344 345 339
f 343 342 346 347
f 343 347 348 344
f 348 349 350 344
f 348 347 351 352
f 348 352 353 349
f 353 15 14 349
f 353 352 354 355
f 353 355 356 15
f 356 357 16 15
f 356 355 358 359
f 356 359 360 357
f 360 361 362 357
f 360 359 363 364
f 360 364 365 361
f 365 366 367 361
f 365 364 368 369
f 365 369 370 366
f 370 371 372 366
f 370 369 373 374
f 370 374 375 371
f 375 376 377 371
f 375 374 378 379
f 375 379 380 376
f 380 381 382 376
f 380 379 383 384
f 380 384 385 381
f 385 386 387 381
f 385 384 388 389
f 385 389 390 386
f 390 391 392 386
f 390 389 393 394
f 390 394 395 391
f 395 396 397 391
f 395 394 398 399
f 395 399 400 396
f 400 401 402 396
f 400 399 403 404
f 400 404 405 401
f 405 406 407 401
f 405 404 408 409
f 405 409 410 406
f 410 411 412 406
f 410 409 413 414
f 410 414 415 411
f 415 416 417 411
f 415 414 418 419
f 415 419 420 416
f 420 421 422 416
f 420 419 423 424
f 420 424 425 421
f 425 426 427 421
f 425 424 428 429
f 425 429 430 426
f 430 431 432 426
f 430 429 433 434
f 430 434 435 431
f 435 436 437 431
f 435 434 438 439
f 435 439 440 436
f 440 441 442 436
f 440 439 443 444
f 440 444 445 441
f 445 446 447 441
f 445 444 448 449
f 445 449 450 446
f 450 451 452 446
f 450 449 453 454
f 450 454 455 451
f 455 456 457 451
f 455 454 458 459
f 455 459 460 456
f 460 461 462 456
f 460 459 463 464
f 460 464 465 461
f 465 466 467 461
f 465 464 468 469
f 465 469 470 466
f 470 471 472 466
f 470 469 473 474
f 470 474 475 471
f 475 476 477 471
f 475 474 478 479
f 475 479 480 476
f 480 481 482 476
f 480 479 483 484
f 480 484 485 481
f 485 486 487 481
f 485 484 488 489
f 485 489 490 486
f 490 491 492 486
f 490 489 493 494
f 490 494 495 491
f 495 496 497 491
f 495 494 498 499
f 495 499 500 496
f 500 501 502 496
f 500 499 503 504
f 500 504 505 501
f 505 506 507 501
f 505 504 508 509
f 505 509 510 506
f 510 511 512 506
f 510 509 513 514
f 510 514 515 511
f 515 516 517 511
f 515 514 518 519
f 515 519 520 516
f 520 521 522 516
f 520 519 523 524
f 520 524 525 521
f 525 526 527 521
f 525 524 528 529
f 525 529 530 526
f 530 531 532 526
f 530 529 533 534
f 530 534 535 531
f 535 536 537 531
f 535 534 538 539
f 535 539 540 536
f 540 541 542 536
f 540 539 543 544
f 540 544 545 541
f 545 546 547 541
f 545 544 548 549
f 545 549 550 546
f 550 551 552 546
f 550 549 553 554
f 550 554 555 551
f 555 556 557 551
f 555 554 558 559
f 555 559 560 556
f 560 561 562 556
f 560 559 563 564
f 560 564 565 561
f 565 566 567 561
f 565 564 568 569
f 565 569 570 566
f 570 571 572 566
f 570 569 573 574
f 570 574 575 571
f 575 576 577 571
f 575 574 578 579
f 575 579 580 576
f 580 581 582 576
f 580 579 583 584
f 580 584 585 581
f 585 586 587 581
f 585 584 588 589
f 585 589 590 586
f 590 591 592 586
f 590 589 593 594
f 590 594 595 591
f 595 596 597 591
f 595 594 598 599
f 595 599 600 596
f 600 601 602 596
f 600 599 603 604
f 600 604 605 601
f 605 606 607 601
f 605 604 608 609
f 605 609 610 606
f 610 611 612 606
f 610 609 613 614
f 610 614 615 611
f 615 616 617 611
f 615 614 618 619
f 615 619 620 616
f 620 621 622 616
f 620 619 623 624
f 620 624 625 621
f 625 626 627 621
f 625 624 628 629
f 625 629 630 626
f 630 631 632 626
f 630 629 633 634
f 630 634 635 631
f 635 636 637 631
f 635 634 638 639
f 635 639 640 636
f 640 641 642 636
f 640 639 643 644
f 640 644 645 641
f 645 646 647 641
f 645 644 648 649
f 645 649 650 646
f 650 651 652 646
f 650 649 653 654
f 650 654 655 651
f 655 656 657 651
f 655 654 658 659
f 655 659 660 656
f 660 661 662 656
f 660 659 663 664
f 660 664 665 661
f 665 666 667 661
f 665 664 668 669
f 665 669 670 666
f 670 671 672 666
f 670 669 673 674
f 670 674 675 671
f 675 676 677 671
f 675 674 678 679
f 675 679 680 676
f 680 681 682 676
f 680 679 683 684
f 680 684 685 681
f 685 686 687 681
f 685 684 688 689
f 685 689 690 686
f 690 691 692 686
f 690 689 693 694
f 690 694 695 691
f 695 696 697 691
f 695 694 698 699
f 695 699 700 696
f 700 701 702 696
f 700 699 703 704
f 700 704 705 701
f 705 706 707 701
f 705 704 708 709
f 705 709 710 706
f 710 711 712 706
f 710 709 713 714
f 710 714 715 711
f 715 716 717 711
f 715 714 718 719
f 715 719 720 716
f 720 721 722 716
f 720 719 723 724
f 720 724 725 721
f 725 726 727 721
f 725 724 728 729
f 725 729 730 726
f 730 731 732 726
f 730 729 733 734
f 730 734 735 731
f 735 736 737 731
f 735 734 738 739
f 735 739 740 736
f 740 741 742 736
f 740 739 743 744
f 740 744 745 741
f 745 746 747 741
f 745 744 748 749
f 745 749 750 746
f 750 751 752 746
f 750 749 753 754
f 750 754 755 751
f 755 756 757 751
f 755 754 758 759
f 755 759 760 756
f 760 761 762 756
f 760 759 763 764
f 760 764 765 761
f 765 766 767 761
f 765 764 768 769
f 765 769 770 766
f 770 771 772 766
f 770 769 773 774
f 770 774 775 771
f 775 776 777 771
f 775 774 778 779
f 775 779 780 776
f 780 781 782 776
f 780 779 783 784
f 780 784 785 781
f 785 786 787 781
f 785 784 788 789
f 785 789 790 786
f 790 791 792 786
f 790 789 793 794
f 790 794 795 791
f 795 796 797 791
f 795 794 798 799
f 795 799 800 796
f 800 801 802 796
f 800 799 803 804
f 800 804 805 801
f 805 806 807 801
f 805 804 808 809
f 805 809 810 806
f 810 811 812 806
f 810 809 813 814
f 810 814 815 811
f 815 816 817 811
f 815 814 818 819
f 815 819 820 816
f 820 821 822 816
f 820 819 823 824
f 820 824 825 821
f 825 826 827 821
f 825 824 828 829
f 825 829 830 826
f 830 831 832 826
f 830 829 833 834
f 830 834 835 831
f 835 836 837 831
f 835 834 838 839
f 835 839 840 836
f 840 841 842 836
f 840 839 843 844
f 840 844 845 841
f 845 846 847 841
f 845 844 848 849
f 845 849 850 846
f 850 851 852 846
f 850 849 853 854
f 850 854 855 851
f 855 856 857 851
f 855 854 858 859
f 855 859 860 856
f 860 861 862 856
f 860 859 863 864
f 860 864 865 861
f 865 866 867 861
f 865 864 868 869
f 865 869 870 866
f 870 871 872 866
f 870 869 873 874
f 870 874 875 871
f 875 876 877 871
f 875 874 878 879
f 875 879 880 876
f 880 881 882 876
f 880 879 883 884
f 880 884 885 881
f 885 886 887 881
f 885 884 888 889
f 885 889 890 886
f 890 891 892 886
f 890 889 893 894
f 890 894 895 891
f 895 896 897 891
f 895 894 898 899
f 895 899 900 896
f 900 901 902 896
f 900 899 903 904
f 900 904 905 901
f 905 906 907 901
f 905 904 908 909
f 905 909 910 906
f 910 911 912 906
f 910 909 913 914
f 910 914 915 911
f 915 916 917 911
f 915 914 918 919
f 915 919 920 916
f 920 921 922 916
f 920 919 923 924
f 920 924 925 921
f 925 926 927 921
f 925 924 928 929
f 925 929 930 926
f 930 931 932 926
f 930 929 933 934
f 930 934 935 931
f 935 936 937 931
f 935 934 938 939
f 935 939 940 936
f 940 941 942 936
f 940 939 943 944
f 940 944 945 941
f 945 946 947 941
f 945 944 948 949
f 945 949 950 946
f 950 951 952 946
f 950 949 953 954
f 950 954 955 951
f 955 956 957 951
f 955 954 958 959
f 955 959 960 956
f 960 961 962 956
f 960 959 963 964
f 960 964 965 961
f 965 966 967 961
f 965 964 968 969
f 965 969 970 966
f 970 971 972 966
f 970 969 973 974
f 970 974 975 971
f 975 976 977 971
f 975 974 978 979
f 975 979 980 976
f 980 981 982 976
f 980 979 983 984
f 980 984 985 981
f 985 986 987 981
f 985 984 988 989
f 985 989 990 986
f 990 991 992 986
f 990 989 993 994
f 990 994 995 991
f 995 996 997 991
f 995 994 998 999
f 995 999 1000 996
f 1000 1001 1002 996
f 1000 999 1003 1004
f 1000 1004 1005 1001
f 1005 1006 1007 1001
f 1005 1004 1008 1009
f 1005 1009 1010 1006
f 1010 1011 1012 1006
f 1010 1009 1013 1014
f 1010 1014 1015 1011
f 1015 1016 1017 1011
f 1015 1014 1018 1019
f 1015 1019 1020 1016
f 1020 1021 1022 1016
f 1020 1019 1023 1024
f 1020 1024 1025 1021
f 1025 1026 1027 1021
f 1025 1024 1028 1029
f 1025 1029 1030 1026
f 1030 1031 1032 1026
f 1030 1029 1033 1034
f 1030 1034 1035 1031
f 1035 1036 1037 1031
f 1035 1034 1038 1039
f 1035 1039 1040 1036
f 1040 1041 1042 1036
f 1040 1039 1043 1044
f 1040 1044 1045 1041
f 1045 1046 1047 1041
f 1045 1044 1048 1049
f 1045 1049 1050 1046
f 1050 1051 1052 1046
f 1050 1049 1053 1054
f 1050 1054 1055 1051
f 1055 1056 1057 1051
f 1055 1054 1058 1059
f 1055 1059 1060 1056
f 1060 1061 1062 1056
f 1060 1059 1063 1064
f 1060 1064 1065 1061
f 1065 1066 1067 1061
f 1065 1064 1068 1069
f 1065 1069 1070 1066
f 1070 1071 1072 1066
f 1070 1069 1073 1074
f 1070 1074 1075 1071
f 1075 1076 1077 1071
f 1075 1074 1078 1079
f 1075 1079 1080 1076
f 1080 1081 1082 1076
f 1080 1079 1083 1084
f 1080 1084 1085 1081
f 1085 1086 1087 1081
f 1085 1084 1088 1089
f 1085 1089 1090 1086
f 1090 1091 1092 1086
f 1090 1089 1093 1094
f 1090 1094 1095 1091
f 1095 1096 1097 1091
f 1095 1094 1098 1099
f 1095 1099 1100 1096
f 1100 1101 1102 1096
f 1100 1099 1103 1104
f 1100 1104 1105 1101
f 1105 1106 1107 1101
f 1105 1104 1108 1109
f 1105 1109 1110 1106
f 1110 1111 1112 1106
f 1110 1109 1113 1114
f 1110 1114 9 1111
f 1114 1113 21 20
f 1114 20 5 9
f 1113 1109 1108 1115
f 1113 1115 22 21
f 1115 1108 1116 1117
f 1115 1117 1118 22
f 1118 1117 1119 1120
f 1118 1120 350 18
f 1118 18 17 22
f 1120 1119 1121 345
f 1120 345 344 350
f 1121 1119 1122 1123
f 1121 1123 1124 340
f 1121 340 339 345
f 1124 1123 1125 1126
f 1124 1126 1127 335
f 1124 335 334 340
f 1127 1126 1128 1129
f 1127 1129 1130 330
f 1127 330 329 335
f 1130 1129 1131 1132
f 1130 1132 1133 325
f 1130 325 324 330
f 1133 1132 1134 1135
f 1133 1135 1136 320
f 1133 320 319 325
f 1136 1135 1137 1138
f 1136 1138 1139 315
f 1136 315 314 320
f 1139 1138 1140 1141
f 1139 1141 1142 310
f 1139 310 309 315
f 1142 1141 1143 1144
f 1142 1144 1145 305
f 1142 305 304 310
f 1145 1144 1146 1147
f 1145 1147 1148 300
f 1145 300 299 305
f 1148 1147 1149 1150
f 1148 1150 1151 295
f 1148 295 294 300
f 1151 1150 1152 1153
f 1151 1153 1154 290
f 1151 290 289 295
f 1154 1153 1155 1156
f 1154 1156 1157 285
f 1154 285 284 290
f 1157 1156 1158 1159
f 1157 1159 1160 280
f 1157 280 279 285
f 1160 1159 1161 1162
f 1160 1162 1163 275
f 1160 275 274 280
f 1163 1162 1164 1165
f 1163 1165 1166 270
f 1163 270 269 275
f 1166 1165 1167 1168
f 1166 1168 1169 265
f 1166 265 264 270
f 1169 1168 1170 1171
f 1169 1171 1172 260
f 1169 260 259 265
f 1172 1171 1173 1174
f 1172 1174 1175 255
f 1172 255 254 260
f 1175 1174 1176 1177
f 1175 1177 1178 250
f 1175 250 249 255
f 1178 1177 1179 1180
f 1178 1180 1181 245
f 1178 245 244 250
f 1181 1180 1182 1183
f 1181 1183 1184 240
f 1181 240 239 245
f 1184 1183 1185 1186
f 1184 1186 1187 235
f 1184 235 234 240
f 1187 1186 1188 1189
f 1187 1189 1190 230
f 1187 230 229 235
f 1190 1189 1191 1192
f 1190 1192 1193 225
f 1190 225 224 230
f 1193 1192 1194 1195
f 1193 1195 1196 220
f 1193 220 219 225
f 1196 1195 1197 1198
f 1196 1198 1199 215
f 1196 215 214 220
f 1199 1198 1200 1201
f 1199 1201 1202 210
f 1199 210 209 215
f 1202 1201 1203 1204
f 1202 1204 1205 205
f 1202 205 204 210
f 1205 1204 1206 1207
f 1205 1207 1208 200
f 1205 200 199 205
f 1208 1207 1209 1210
f 1208 1210 1211 195
f 1208 195 194 200
f 1211 1210 1212 1213
f 1211 1213 1214 190
f 1211 190 189 195
f 1214 1213 1215 1216
f 1214 1216 1217 185
f 1214 185 184 190
f 1217 1216 1218 1219
f 1217 1219 1220 180
f 1217 180 179 185
f 1220 1219 1221 1222
f 1220 1222 1223 175
f 1220 175 174 180
f 1223 1222 1224 1225
f 1223 1225 1226 170
f 1223 170 169 175
f 1226 1225 1227 1228
f 1226 1228 1229 165
f 1226 165 164 170
f 1229 1228 1230 1231
f 1229 1231 1232 160
f 1229 160 159 165
f 1232 1231 1233 1234
f 1232 1234 1235 155
f 1232 155 154 160
f 1235 1234 1236 1237
f 1235 1237 1238 150
f 1235 150 149 155
f 1238 1237 1239 1240
f 1238 1240 1241 145
f 1238 145 144 150
f 1241 1240 1242 1243
f 1241 1243 1244 140
f 1241 140 139 145
f 1244 1243 1245 1246
f 1244 1246 1247 135
f 1244 135 134 140
f 1247 1246 1248 1249
f 1247 1249 1250 130
f 1247 130 129 135
f 1250 1249 1251 1252
f 1250 1252 1253 125
f 1250 125 124 130
f 1253 1252 1254 1255
f 1253 1255 1256 120
f 1253 120 119 125
f 1256 1255 1257 1258
f 1256 1258 1259 115
f 1256 115 114 120
f 1259 1258 1260 1261
f 1259 1261 1262 110
f 1259 110 109 115
f 1262 1261 1263 1264
f 1262 1264 1265 105
f 1262 105 104 110
f 1265 1264 1266 1267
f 1265 1267 1268 100
f 1265 100 99 105
f 1268 1267 1269 1270
f 1268 1270 1271 95
f 1268 95 94 100
f 1271 1270 1272 1273
f 1271 1273 1274 90
f 1271 90 89 95
f 1274 1273 1275 1276
f 1274 1276 1277 85
f 1274 85 84 90
f 1277 1276 1278 1279
f 1277 1279 1280 80
f 1277 80 79 85
f 1280 1279 1281 1282
f 1280 1282 1283 75
f 1280 75 74 80
f 1283 1282 1284 1285
f 1283 1285 1286 70
f 1283 70 69 75
f 1286 1285 1287 1288
f 1286 1288 1289 65
f 1286 65 64 70
f 1289 1288 1290 1291
f 1289 1291 1292 60
f 1289 60 59 65
f 1292 1291 1293 1294
f 1292 1294 1295 55
f 1292 55 54 60
f 1295 1294 1296 1297
f 1295 1297 1298 50
f 1295 50 49 55
f 1298 1297 1299 1300
f 1298 1300 1301 45
f 1298 45 44 50
f 1301 1300 1302 1303
f 1301 1303 1304 40
f 1301 40 39 45
f 1304 1303 1305 1306
f 1304 1306 1307 35
f 1304 35 34 40
f 1307 1306 1308 1309
f 1307 1309 1310 31
f 1307 31 30 35
f 1310 1309 1311 1312
f 1310 1312 1313 27
f 1310 27 26 31
f 1313 1312 1314 1315
f 1313 1315 1316 1317
f 1313 1317 28 27
f 1317 1316 1318 1319
f 1317 1319 11 28
f 1319 1318 1320 1321
f 1319 1321 8 11
f 1321 1320 1112 1111
f 1321 1111 9 8
f 1320 1318 1322 1323
f 1320 1323 1324 1112
f 1324 1323 1325 1326
f 1324 1326 1327 1107
f 1324 1107 1106 1112
f 1327 1326 1328 1329
f 1327 1329 1330 1102
f 1327 1102 1101 1107
f 1330 1329 1331 1332
f 1330 1332 1333 1097
f 1330 1097 1096 1102
f 1333 1332 1334 1335
f 1333 1335 1336 1092
f 1333 1092 1091 1097
f 1336 1335 1337 1338
f 1336 1338 1339 1087
f 1336 1087 1086 1092
f 1339 1338 1340 1341
f 1339 1341 1342 1082
f 1339 1082 1081 1087
f 1342 1341 1343 1344
f 1342 1344 1345 1077
f 1342 1077 1076 1082
f 1345 1344 1346 1347
f 1345 1347 1348 1072
f 1345 1072 1071 1077
f 1348 1347 1349 1350
f 1348 1350 1351 1067
f 1348 1067 1066 1072
f 1351 1350 1352 1353
f 1351 1353 1354 1062
f 1351 1062 1061 1067
f 1354 1353 1355 1356
f 1354 1356 1357 1057
f 1354 1057 1056 1062
f 1357 1356 1358 1359
f 1357 1359 1360 1052
f 1357 1052 1051 1057
f 1360 1359 1361 1362
f 1360 1362 1363 1047
f 1360 1047 1046 1052
f 1363 1362 1364 1365
f 1363 1365 1366 1042
f 1363 1042 1041 1047
f 1366 1365 1367 1368
f 1366 1368 1369 1037
f 1366 1037 1036 1042
f 1369 1368 1370 1371
f 1369 1371 1372 1032
f 1369 1032 1031 1037
f 1372 1371 1373 1374
f 1372 1374 1375 1027
f 1372 1027 1026 1032
f 1375 1374 1376 1377
f 1375 1377 1378 1022
f 1375 1022 1021 1027
f 1378 1377 1379 1380
f 1378 1380 1381 1017
f 1378 1017 1016 1022
f 1381 1380 1382 1383
f 1381 1383 1384 1012
f 1381 1012 1011 1017
f 1384 1383 1385 1386
f 1384 1386 1387 1007
f 1384 1007 1006 1012
f 1387 1386 1388 1389
f 1387 1389 1390 1002
f 1387 1002 1001 1007
f 1390 1389 1391 1392
f 1390 1392 1393 997
f 1390 997 996 1002
f 1393 1392 1394 1395
f 1393 1395 1396 992
f 1393 992 991 997
f 1396 1395 1397 1398
f 1396 1398 1399 987
f 1396 987 986 992
f 1399 1398 1400 1401
f 1399 1401 1402 982
f 1399 982 981 987
f 1402 1401 1403 1404
f 1402 1404 1405 977
f 1402 977 976 982
f 1405 1404 1406 1407
f 1405 1407 1408 972
f 1405 972 971 977
f 1408 1407 1409 1410
f 1408 1410 1411 967
f 1408 967 966 972
f 1411 1410 1412 1413
f 1411 1413 1414 962
f 1411 962 961 967
f 1414 1413 1415 1416
f 1414 1416 1417 957
f 1414 957 956 962
f 1417 1416 1418 1419
f 1417 1419 1420 952
f 1417 952 951 957
f 1420 1419 1421 1422
f 1420 1422 1423 947
f 1420 947 946 952
f 1423 1422 1424 1425
f 1423 1425 1426 942
f 1423 942 941 947
f 1426 1425 1427 1428
f 1426 1428 1429 937
f 1426 937 936 942
f 1429 1428 1430 1431
f 1429 1431 1432 932
f 1429 932 931 937
f 1432 1431 1433 1434
f 1432 1434 1435 927
f 1432 927 926 932
f 1435 1434 1436 1437
f 1435 1437 1438 922
f 1435 922 921 927
f 1438 1437 1439 1440
f 1438 1440 1441 917
f 1438 917 916 922
f 1441 1440 1442 1443
f 1441 1443 1444 912
f 1441 912 911 917
f 1444 1443 1445 1446
f 1444 1446 1447 907
f 1444 907 906 912
f 1447 1446 1448 1449
f 1447 1449 1450 902
f 1447 902 901 907
f 1450 1449 1451 1452
f 1450 1452 1453 897
f 1450 897 896 902
f 1453 1452 1454 1455
f 1453 1455 1456 892
f 1453 892 891 897
f 1456 1455 1457 1458
f 1456 1458 1459 887
f 1456 887 886 892
f 1459 1458 1460 1461
f 1459 1461 1462 882
f 1459 882 881 887
f 1462 1461 1463 1464
f 1462 1464 1465 877
f 1462 877 876 882
f 1465 1464 1466 1467
f 1465 1467 1468 872
f 1465 872 871 877
f 1468 1467 1469 1470
f 1468 1470 1471 867
f 1468 867 866 872
f 1471 1470 1472 1473
f 1471 1473 1474 862
f 1471 862 861 867
f 1474 1473 1475 1476
f 1474 1476 1477 857
f 1474 857 856 862
f 1477 1476 1478 1479
f 1477 1479 1480 852
f 1477 852 851 857
f 1480 1479 1481 1482
f 1480 1482 1483 847
f 1480 847 846 852
f 1483 1482 1484 1485
f 1483 1485 1486 842
f 1483 842 841 847
f 1486 1485 1487 1488
f 1486 1488 1489 837
f 1486 837 836 842
f 1489 1488 1490 1491
f 1489 1491 1492 832
f 1489 832 831 837
f 1492 1491 1493 1494
f 1492 1494 1495 827
f 1492 827 826 832
f 1495 1494 1496 1497
f 1495 1497 1498 822
f 1495 822 821 827
f 1498 1497 1499 1500
f 1498 1500 1501 817
f 1498 817 816 822
f 1501 1500 1502 1503
f 1501 1503 1504 812
f 1501 812 811 817
f 1504 1503 1505 1506
f 1504 1506 1507 807
f 1504 807 806 812
f 1507 1506 1508 1509
f 1507 1509 1510 802
f 1507 802 801 807
f 1510 1509 1511 1512
f 1510 1512 1513 797
f 1510 797 796 802
f 1513 1512 1514 1515
f 1513 1515 1516 792
f 1513 792 791 797
f 1516 1515 1517 1518
f 1516 1518 1519 787
f 1516 787 786 792
f 1519 1518 1520 1521
f 1519 1521 1522 782
f 1519 782 781 787
f 1522 1521 1523 1524
f 1522 1524 1525 777
f 1522 777 776 782
f 1525 1524 1526 1527
f 1525 1527 1528 772
f 1525 772 771 777
f 1528 1527 1529 1530
f 1528 1530 1531 767
f 1528 767 766 772
f 1531 1530 1532 1533
f 1531 1533 1534 762
f 1531 762 761 767
f 1534 1533 1535 1536
f 1534 1536 1537 757
f 1534 757 756 762
f 1537 1536 1538 1539
f 1537 1539 1540 752
f 1537 752 751 757
f 1540 1539 1541 1542
f 1540 1542 1543 747
f 1540 747 746 752
f 1543 1542 1544 1545
f 1543 1545 1546 742
f 1543 742 741 747
f 1546 1545 1547 1548
f 1546 1548 1549 737
f 1546 737 736 742
f 1549 1548 1550 1551
f 1549 1551 1552 732
f 1549 732 731 737
f 1552 1551 1553 1554
f 1552 1554 1555 727
f 1552 727 726 732
f 1555 1554 1556 1557
f 1555 1557 1558 722
f 1555 722 721 727
f 1558 1557 1559 1560
f 1558 1560 1561 717
f 1558 717 716 722
f 1561 1560 1562 1563
f 1561 1563 1564 712
f 1561 712 711 717
f 1564 1563 1565 1566
f 1564 1566 1567 707
f 1564 707 706 712
f 1567 1566 1568 1569
f 1567 1569 1570 702
f 1567 702 701 707
f 1570 1569 1571 1572
f 1570 1572 1573 697
f 1570 697 696 702
f 1573 1572 1574 1575
f 1573 1575 1576 692
f 1573 692 691 697
f 1576 1575 1577 1578
f 1576 1578 1579 687
f 1576 687 686 692
f 1579 1578 1580 1581
f 1579 1581 1582 682
f 1579 682 681 687
f 1582 1581 1583 1584
f 1582 1584 1585 677
f 1582 677 676 682
f 1585 1584 1586 1587
f 1585 1587 1588 672
f 1585 672 671 677
f 1588 1587 1589 1590
f 1588 1590 1591 667
f 1588 667 666 672
f 1591 1590 1592 1593
f 1591 1593 1594 662
f 1591 662 661 667
f 1594 1593 1595 1596
f 1594 1596 1597 657
f 1594 657 656 662
f 1597 1596 1598 1599
f 1597 1599 1600 652
f 1597 652 651 657
f 1600 1599 1601 1602
f 1600 1602 1603 647
f 1600 647 646 652
f 1603 1602 1604 1605
f 1603 1605 1606 642
f 1603 642 641 647
f 1606 1605 1607 1608
f 1606 1608 1609 637
f 1606 637 636 642
f 1609 1608 1610 1611
f 1609 1611 1612 632
f 1609 632 631 637
f 1612 1611 1613 1614
f 1612 1614 1615 627
f 1612 627 626 632
f 1615 1614 1616 1617
f 1615 1617 1618 622
f 1615 622 621 627
f 1618 1617 1619 1620
f 1618 1620 1621 617
f 1618 617 616 622
f 1621 1620 1622 1623
f 1621 1623 1624 612
f 1621 612 611 617
f 1624 1623 1625 1626
f 1624 1626 1627 607
f 1624 607 606 612
f 1627 1626 1628 1629
f 1627 1629 1630 602
f 1627 602 601 607
f 1630 1629 1631 1632
f 1630 1632 1633 597
f 1630 597 596 602
f 1633 1632 1634 1635
f 1633 1635 1636 592
f 1633 592 591 597
f 1636 1635 1637 1638
f 1636 1638 1639 587
f 1636 587 586 592
f 1639 1638 1640 1641
f 1639 1641 1642 582
f 1639 582 581 587
f 1642 1641 1643 1644
f 1642 1644 1645 577
f 1642 577 576 582
f 1645 1644 1646 1647
f 1645 1647 1648 572
f 1645 572 571 577
f 1648 1647 1649 1650
f 1648 1650 1651 567
f 1648 567 566 572
f 1651 1650 1652 1653
f 1651 1653 1654 562
f 1651 562 561 567
f 1654 1653 1655 1656
f 1654 1656 1657 557
f 1654 557 556 562
f 1657 1656 1658 1659
f 1657 1659 1660 552
f 1657 552 551 557
f 1660 1659 1661 1662
f 1660 1662 1663 547
f 1660 547 546 552
f 1663 1662 1664 1665
f 1663 1665 1666 542
f 1663 542 541 547
f 1666 1665 1667 1668
f 1666 1668 1669 537
f 1666 537 536 542
f 1669 1668 1670 1671
f 1669 1671 1672 532
f 1669 532 531 537
f 1672 1671 1673 1674
f 1672 1674 1675 527
f 1672 527 526 532
f 1675 1674 1676 1677
f 1675 1677 1678 522
f 1675 522 521 527
f 1678 1677 1679 1680
f 1678 1680 1681 517
f 1678 517 516 522
f 1681 1680 1682 1683
f 1681 1683 1684 512
f 1681 512 511 517
f 1684 1683 1685 1686
f 1684 1686 1687 507
f 1684 507 506 512
f 1687 1686 1688 1689
f 1687 1689 1690 502
f 1687 502 501 507
f 1690 1689 1691 1692
f 1690 1692 1693 497
f 1690 497 496 502
f 1693 1692 1694 1695
f 1693 1695 1696 492
f 1693 492 491 497
f 1696 1695 1697 1698
f 1696 1698 1699 487
f 1696 487 486 492
f 1699 1698 1700 1701
f 1699 1701 1702 482
f 1699 482 481 487
f 1702 1701 1703 1704
f 1702 1704 1705 477
f 1702 477 476 482
f 1705 1704 1706 1707
f 1705 1707 1708 472
f 1705 472 471 477
f 1708 1707 1709 1710
f 1708 1710 1711 467
f 1708 467 466 472
f 1711 1710 1712 1713
f 1711 1713 1714 462
f 1711 462 461 467
f 1714 1713 1715 1716
f 1714 1716 1717 457
f 1714 457 456 462
f 1717 1716 1718 1719
f 1717 1719 1720 452
f 1717 452 451 457
f 1720 1719 1721 1722
f 1720 1722 1723 447
f 1720 447 446 452
f 1723 1722 1724 1725
f 1723 1725 1726 442
f 1723 442 441 447
f 1726 1725 1727 1728
f 1726 1728 1729 437
f 1726 437 436 442
f 1729 1728 1730 1731
f 1729 1731 1732 432
f 1729 432 431 437
f 1732 1731 1733 1734
f 1732 1734 1735 427
f 1732 427 426 432
f 1735 1734 1736 1737
f 1735 1737 1738 422
f 1735 422 421 427
f 1738 1737 1739 1740
f 1738 1740 1741 417
f 1738 417 416 422
f 1741 1740 1742 1743
f 1741 1743 1744 412
f 1741 412 411 417
f 1744 1743 1745 1746
f 1744 1746 1747 407
f 1744 407 406 412
f 1747 1746 1748 1749
f 1747 1749 1750 402
f 1747 402 401 407
f 1750 1749 1751 1752
f 1750 1752 1753 397
f 1750 397 396 402
f 1753 1752 1754 1755
f 1753 1755 1756 392
f 1753 392 391 397
f 1756 1755 1757 1758
f 1756 1758 1759 387
f 1756 387 386 392
f 1759 1758 1760 1761
f 1759 1761 1762 382
f 1759 382 381 387
f 1762 1761 1763 1764
f 1762 1764 1765 377
f 1762 377 376 382
f 1765 1764 1766 1767
f 1765 1767 1768 372
f 1765 372 371 377
f 1768 1767 1769 1770
f 1768 1770 1771 367
f 1768 367 366 372
f 1771 1770 6 19
f 1771 19 3 362
f 1771 362 361 367
f 1770 1769 7 6
f 1769 1772 13 7
f 1769 1767 1766 1772
f 1772 1773 1774 13
f 1772 1766 1775 1773
f 1775 1776 1777 1773
f 1775 1766 1764 1763
f 1775 1763 1778 1776
f 1778 1779 1780 1776
f 1778 1763 1761 1760
f 1778 1760 1781 1779
f 1781 1782 1783 1779
f 1781 1760 1758 1757
f 1781 1757 1784 1782
f 1784 1785 1786 1782
f 1784 1757 1755 1754
f 1784 1754 1787 1785
f 1787 1788 1789 1785
f 1787 1754 1752 1751
f 1787 1751 1790 1788
f 1790 1791 1792 1788
f 1790 1751 1749 1748
f 1790 1748 1793 1791
f 1793 1794 1795 1791
f 1793 1748 1746 1745
f 1793 1745 1796 1794
f 1796 1797 1798 1794
f 1796 1745 1743 1742
f 1796 1742 1799 1797
f 1799 1800 1801 1797
f 1799 1742 1740 1739
f 1799 1739 1802 1800
f 1802 1803 1804 1800
f 1802 1739 1737 1736
f 1802 1736 1805 1803
f 1805 1806 1807 1803
f 1805 1736 1734 1733
f 1805 1733 1808 1806
f 1808 1809 1810 1806
f 1808 1733 1731 1730
f 1808 1730 1811 1809
f 1811 1812 1813 1809
f 1811 1730 1728 1727
f 1811 1727 1814 1812
f 1814 1815 1816 1812
f 1814 1727 1725 1724
f 1814 1724 1817 1815
f 1817 1818 1819 1815
f 1817 1724 1722 1721
f 1817 1721 1820 1818
f 1820 1821 1822 1818
f 1820 1721 1719 1718
f 1820 1718 1823 1821
f 1823 1824 1825 1821
f 1823 1718 1716 1715
f 1823 1715 1826 1824
f 1826 1827 1828 1824
f 1826 1715 1713 1712
f 1826 1712 1829 1827
f 1829 1830 1831 1827
f 1829 1712 1710 1709
f 1829 1709 1832 1830
f 1832 1833 1834 1830
f 1832 1709 1707 1706
f 1832 1706 1835 1833
f 1835 1836 1837 1833
f 1835 1706 1704 1703
f 1835 1703 1838 1836
f 1838 1839 1840 1836
f 1838 1703 1701 1700
f 1838 1700 1841 1839
f 1841 1842 1843 1839
f 1841 1700 1698 1697
f 1841 1697 1844 1842
f 1844 1845 1846 1842
f 1844 1697 1695 1694
f 1844 1694 1847 1845
f 1847 1848 1849 1845
f 1847 1694 1692 1691
f 1847 1691 1850 1848
f 1850 1851 1852 1848
f 1850 1691 1689 1688
f 1850 1688 1853 1851
f 1853 1854 1855 1851
f 1853 1688 1686 1685
f 1853 1685 1856 1854
f 1856 1857 1858 1854
f 1856 1685 1683 1682
f 1856 1682 1859 1857
f 1859 1860 1861 1857
f 1859 1682 1680 1679
f 1859 1679 1862 1860
f 1862 1863 1864 1860
f 1862 1679 1677 1676
f 1862 1676 1865 1863
f 1865 1866 1867 1863
f 1865 1676 1674 1673
f 1865 1673 1868 1866
f 1868 1869 1870 1866
f 1868 1673 1671 1670
f 1868 1670 1871 1869
f 1871 1872 1873 1869
f 1871 1670 1668 1667
f 1871 1667 1874 1872
f 1874 1875 1876 1872
f 1874 1667 1665 1664
f 1874 1664 1877 1875
f 1877 1878 1879 1875
f 1877 1664 1662 1661
f 1877 1661 1880 1878
f 1880 1881 1882 1878
f 1880 1661 1659 1658
f 1880 1658 1883 1881
f 1883 1884 1885 1881
f 1883 1658 1656 1655
f 1883 1655 1886 1884
f 1886 1887 1888 1884
f 1886 1655 1653 1652
f 1886 1652 1889 1887
f 1889 1890 1891 1887
f 1889 1652 1650 1649
f 1889 1649 1892 1890
f 1892 1893 1894 1890
f 1892 1649 1647 1646
f 1892 1646 1895 1893
f 1895 1896 1897 1893
f 1895 1646 1644 1643
f 1895 1643 1898 1896
f 1898 1899 1900 1896
f 1898 1643 1641 1640
f 1898 1640 1901 1899
f 1901 1902 1903 1899
f 1901 1640 1638 1637
f 1901 1637 1904 1902
f 1904 1905 1906 1902
f 1904 1637 1635 1634
f 1904 1634 1907 1905
f 1907 1908 1909 1905
f 1907 1634 1632 1631
f 1907 1631 1910 1908
f 1910 1911 1912 1908
f 1910 1631 1629 1628
f 1910 1628 1913 1911
f 1913 1914 1915 1911
f 1913 1628 1626 1625
f 1913 1625 1916 1914
f 1916 1917 1918 1914
f 1916 1625 1623 1622
f 1916 1622 1919 1917
f 1919 1920 1921 1917
f 1919 1622 1620 1619
f 1919 1619 1922 1920
f 1922 1923 1924 1920
f 1922 1619 1617 1616
f 1922 1616 1925 1923
f 1925 1926 1927 1923
f 1925 1616 1614 1613
f 1925 1613 1928 1926
f 1928 1929 1930 1926
f 1928 1613 1611 1610
f 1928 1610 1931 1929
f 1931 1932 1933 1929
f 1931 1610 1608 1607
f 1931 1607 1934 1932
f 1934 1935 1936 1932
f 1934 1607 1605 1604
f 1934 1604 1937 1935
f 1937 1938 1939 1935
f 1937 1604 1602 1601
f 1937 1601 1940 1938
f 1940 1941 1942 1938
f 1940 1601 1599 1598
f 1940 1598 1943 1941
f 1943 1944 1945 1941
f 1943 1598 1596 1595
f 1943 1595 1946 1944
f 1946 1947 1948 1944
f 1946 1595 1593 1592
f 1946 1592 1949 1947
f 1949 1950 1951 1947
f 1949 1592 1590 1589
f 1949 1589 1952 1950
f 1952 1953 1954 1950
f 1952 1589 1587 1586
f 1952 1586 1955 1953
f 1955 1956 1957 1953
f 1955 1586 1584 1583
f 1955 1583 1958 1956
f 1958 1959 1960 1956
f 1958 1583 1581 1580
f 1958 1580 1961 1959
f 1961 1962 1963 1959
f 1961 1580 1578 1577
f 1961 1577 1964 1962
f 1964 1965 1966 1962
f 1964 1577 1575 1574
f 1964 1574 1967 1965
f 1967 1968 1969 1965
f 1967 1574 1572 1571
f 1967 1571 1970 1968
f 1970 1971 1972 1968
f 1970 1571 1569 1568
f 1970 1568 1973 1971
f 1973 1974 1975 1971
f 1973 1568 1566 1565
f 1973 1565 1976 1974
f 1976 1977 1978 1974
f 1976 1565 1563 1562
f 1976 1562 1979 1977
f 1979 1980 1981 1977
f 1979 1562 1560 1559
f 1979 1559 1982 1980
f 1982 1983 1984 1980
f 1982 1559 1557 1556
f 1982 1556 1985 1983
f 1985 1986 1987 1983
f 1985 1556 1554 1553
f 1985 1553 1988 1986
f 1988 1989 1990 1986
f 1988 1553 1551 1550
f 1988 1550 1991 1989
f 1991 1992 1993 1989
f 1991 1550 1548 1547
f 1991 1547 1994 1992
f 1994 1995 1996 1992
f 1994 1547 1545 1544
f 1994 1544 1997 1995
f 1997 1998 1999 1995
f 1997 1544 1542 1541
f 1997 1541 2000 1998
f 2000 2001 2002 1998
f 2000 1541 1539 1538
f 2000 1538 2003 2001
f 2003 2004 2005 2001
f 2003 1538 1536 1535
f 2003 1535 2006 2004
f 2006 2007 2008 2004
f 2006 1535 1533 1532
f 2006 1532 2009 2007
f 2009 2010 2011 2007
f 2009 1532 1530 1529
f 2009 1529 2012 2010
f 2012 2013 2014 2010
f 2012 1529 1527 1526
f 2012 1526 2015 2013
f 2015 2016 2017 2013
f 2015 1526 1524 1523
f 2015 1523 2018 2016
f 2018 2019 2020 2016
f 2018 1523 1521 1520
f 2018 1520 2021 2019
f 2021 2022 2023 2019
f 2021 1520 1518 1517
f 2021 1517 2024 2022
f 2024 2025 2026 2022
f 2024 1517 1515 1514
f 2024 1514 2027 2025
f 2027 2028 2029 2025
f 2027 1514 1512 1511
f 2027 1511 2030 2028
f 2030 2031 2032 2028
f 2030 1511 1509 1508
f 2030 1508 2033 2031
f 2033 2034 2035 2031
f 2033 1508 1506 1505
f 2033 1505 2036 2034
f 2036 2037 2038 2034
f 2036 1505 1503 1502
f 2036 1502 2039 2037
f 2039 2040 2041 2037
f 2039 1502 1500 1499
f 2039 1499 2042 2040
f 2042 2043 2044 2040
f 2042 1499 1497 1496
f 2042 1496 2045 2043
f 2045 2046 2047 2043
f 2045 1496 1494 1493
f 2045 1493 2048 2046
f 2048 2049 2050 2046
f 2048 1493 1491 1490
f 2048 1490 2051 2049
f 2051 2052 2053 2049
f 2051 1490 1488 1487
f 2051 1487 2054 2052
f 2054 2055 2056 2052
f 2054 1487 1485 1484
f 2054 1484 2057 2055
f 2057 2058 2059 2055
f 2057 1484 1482 1481
f 2057 1481 2060 2058
f 2060 2061 2062 2058
f 2060 1481 1479 1478
f 2060 1478 2063 2061
f 2063 2064 2065 2061
f 2063 1478 1476 1475
f 2063 1475 2066 2064
f 2066 2067 2068 2064
f 2066 1475 1473 1472
f 2066 1472 2069 2067
f 2069 2070 2071 2067
f 2069 1472 1470 1469
f 2069 1469 2072 2070
f 2072 2073 2074 2070
f 2072 1469 1467 1466
f 2072 1466 2075 2073
f 2075 2076 2077 2073
f 2075 1466 1464 1463
f 2075 1463 2078 2076
f 2078 2079 2080 2076
f 2078 1463 1461 1460
f 2078 1460 2081 2079
f 2081 2082 2083 2079
f 2081 1460 1458 1457
f 2081 1457 2084 2082
f 2084 2085 2086 2082
f 2084 1457 1455 1454
f 2084 1454 2087 2085
f 2087 2088 2089 2085
f 2087 1454 1452 1451
f 2087 1451 2090 2088
f 2090 2091 2092 2088
f 2090 1451 1449 1448
f 2090 1448 2093 2091
f 2093 2094 2095 2091
f 2093 1448 1446 1445
f 2093 1445 2096 2094
f 2096 2097 2098 2094
f 2096 1445 1443 1442
f 2096 1442 2099 2097
f 2099 2100 2101 2097
f 2099 1442 1440 1439
f 2099 1439 2102 2100
f 2102 2103 2104 2100
f 2102 1439 1437 1436
f 2102 1436 2105 2103
f 2105 2106 2107 2103
f 2105 1436 1434 1433
f 2105 1433 2108 2106
f 2108 2109 2110 2106
f 2108 1433 1431 1430
f 2108 1430 2111 2109
f 2111 2112 2113 2109
f 2111 1430 1428 1427
f 2111 1427 2114 2112
f 2114 2115 2116 2112
f 2114 1427 1425 1424
f 2114 1424 2117 2115
f 2117 2118 2119 2115
f 2117 1424 1422 1421
f 2117 1421 2120 2118
f 2120 2121 2122 2118
f 2120 1421 1419 1418
f 2120 1418 2123 2121
f 2123 2124 2125 2121
f 2123 1418 1416 1415
f 2123 1415 2126 2124
f 2126 2127 2128 2124
f 2126 1415 1413 1412
f 2126 1412 2129 2127
f 2129 2130 2131 2127
f 2129 1412 1410 1409
f 2129 1409 2132 2130
f 2132 2133 2134 2130
f 2132 1409 1407 1406
f 2132 1406 2135 2133
f 2135 2136 2137 2133
f 2135 1406 1404 1403
f 2135 1403 2138 2136
f 2138 2139 2140 2136
f 2138 1403 1401 1400
f 2138 1400 2141 2139
f 2141 2142 2143 2139
f 2141 1400 1398 1397
f 2141 1397 2144 2142
f 2144 2145 2146 2142
f 2144 1397 1395 1394
f 2144 1394 2147 2145
f 2147 2148 2149 2145
f 2147 1394 1392 1391
f 2147 1391 2150 2148
f 2150 2151 2152 2148
f 2150 1391 1389 1388
f 2150 1388 2153 2151
f 2153 2154 2155 2151
f 2153 1388 1386 1385
f 2153 1385 2156 2154
f 2156 2157 2158 2154
f 2156 1385 1383 1382
f 2156 1382 2159 2157
f 2159 2160 2161 2157
f 2159 1382 1380 1379
f 2159 1379 2162 2160
f 2162 2163 2164 2160
f 2162 1379 1377 1376
f 2162 1376 2165 2163
f 2165 2166 2167 2163
f 2165 1376 1374 1373
f 2165 1373 2168 2166
f 2168 2169 2170 2166
f 2168 1373 1371 1370
f 2168 1370 2171 2169
f 2171 2172 2173 2169
f 2171 1370 1368 1367
f 2171 1367 2174 2172
f 2174 2175 2176 2172
f 2174 1367 1365 1364
f 2174 1364 2177 2175
f 2177 2178 2179 2175
f 2177 1364 1362 1361
f 2177 1361 2180 2178
f 2180 2181 2182 2178
f 2180 1361 1359 1358
f 2180 1358 2183 2181
f 2183 2184 2185 2181
f 2183 1358 1356 1355
f 2183 1355 2186 2184
f 2186 2187 2188 2184
f 2186 1355 1353 1352
f 2186 1352 2189 2187
f 2189 2190 2191 2187
f 2189 1352 1350 1349
f 2189 1349 2192 2190
f 2192 2193 2194 2190
f 2192 1349 1347 1346
f 2192 1346 2195 2193
f 2195 2196 2197 2193
f 2195 1346 1344 1343
f 2195 1343 2198 2196
f 2198 2199 2200 2196
f 2198 1343 1341 1340
f 2198 1340 2201 2199
f 2201 2202 2203 2199
f 2201 1340 1338 1337
f 2201 1337 2204 2202
f 2204 2205 2206 2202
f 2204 1337 1335 1334
f 2204 1334 2207 2205
f 2207 2208 2209 2205
f 2207 1334 1332 1331
f 2207 1331 2210 2208
f 2210 2211 2212 2208
f 2210 1331 1329 1328
f 2210 1328 2213 2211
f 2213 2214 2215 2211
f 2213 1328 1326 1325
f 2213 1325 2216 2214
f 2216 2217 2218 2214
f 2216 1325 1323 1322
f 2216 1322 2219 2217
f 2219 2220 2221 2217
f 2219 1322 1318 1316
f 2219 1316 1315 2220
f 2221 778 774 773
f 2221 773 2218 2217
f 2221 2220 2222 778
f 2222 783 779 778
f 2222 2220 1315 1314
f 2222 1314 2223 783
f 2223 788 784 783
f 2223 1314 1312 1311
f 2223 1311 2224 788
f 2224 793 789 788
f 2224 1311 1309 1308
f 2224 1308 2225 793
f 2225 798 794 793
f 2225 1308 1306 1305
f 2225 1305 2226 798
f 2226 803 799 798
f 2226 1305 1303 1302
f 2226 1302 2227 803
f 2227 808 804 803
f 2227 1302 1300 1299
f 2227 1299 2228 808
f 2228 813 809 808
f 2228 1299 1297 1296
f 2228 1296 2229 813
f 2229 818 814 813
f 2229 1296 1294 1293
f 2229 1293 2230 818
f 2230 823 819 818
f 2230 1293 1291 1290
f 2230 1290 2231 823
f 2231 828 824 823
f 2231 1290 1288 1287
f 2231 1287 2232 828
f 2232 833 829 828
f 2232 1287 1285 1284
f 2232 1284 2233 833
f 2233 838 834 833
f 2233 1284 1282 1281
f 2233 1281 2234 838
f 2234 843 839 838
f 2234 1281 1279 1278
f 2234 1278 2235 843
f 2235 848 844 843
f 2235 1278 1276 1275
f 2235 1275 2236 848
f 2236 853 849 848
f 2236 1275 1273 1272
f 2236 1272 2237 853
f 2237 858 854 853
f 2237 1272 1270 1269
f 2237 1269 2238 858
f 2238 863 859 858
f 2238 1269 1267 1266
f 2238 1266 2239 863
f 2239 868 864 863
f 2239 1266 1264 1263
f 2239 1263 2240 868
f 2240 873 869 868
f 2240 1263 1261 1260
f 2240 1260 2241 873
f 2241 878 874 873
f 2241 1260 1258 1257
f 2241 1257 2242 878
f 2242 883 879 878
f 2242 1257 1255 1254
f 2242 1254 2243 883
f 2243 888 884 883
f 2243 1254 1252 1251
f 2243 1251 2244 888
f 2244 893 889 888
f 2244 1251 1249 1248
f 2244 1248 2245 893
f 2245 898 894 893
f 2245 1248 1246 1245
f 2245 1245 2246 898
f 2246 903 899 898
f 2246 1245 1243 1242
f 2246 1242 2247 903
f 2247 908 904 903
f 2247 1242 1240 1239
f 2247 1239 2248 908
f 2248 913 909 908
f 2248 1239 1237 1236
f 2248 1236 2249 913
f 2249 918 914 913
f 2249 1236 1234 1233
f 2249 1233 2250 918
f 2250 923 919 918
f 2250 1233 1231 1230
f 2250 1230 2251 923
f 2251 928 924 923
f 2251 1230 1228 1227
f 2251 1227 2252 928
f 2252 933 929 928
f 2252 1227 1225 1224
f 2252 1224 2253 933
f 2253 938 934 933
f 2253 1224 1222 1221
f 2253 1221 2254 938
f 2254 943 939 938
f 2254 1221 1219 1218
f 2254 1218 2255 943
f 2255 948 944 943
f 2255 1218 1216 1215
f 2255 1215 2256 948
f 2256 953 949 948
f 2256 1215 1213 1212
f 2256 1212 2257 953
f 2257 958 954 953
f 2257 1212 1210 1209
f 2257 1209 2258 958
f 2258 963 959 958
f 2258 1209 1207 1206
f 2258 1206 2259 963
f 2259 968 964 963
f 2259 1206 1204 1203
f 2259 1203 2260 968
f 2260 973 969 968
f 2260 1203 1201 1200
f 2260 1200 2261 973
f 2261 978 974 973
f 2261 1200 1198 1197
f 2261 1197 2262 978
f 2262 983 979 978
f 2262 1197 1195 1194
f 2262 1194 2263 983
f 2263 988 984 983
f 2263 1194 1192 1191
f 2263 1191 2264 988
f 2264 993 989 988
f 2264 1191 1189 1188
f 2264 1188 2265 993
f 2265 998 994 993
f 2265 1188 1186 1185
f 2265 1185 2266 998
f 2266 1003 999 998
f 2266 1185 1183 1182
f 2266 1182 2267 1003
f 2267 1008 1004 1003
f 2267 1182 1180 1179
f 2267 1179 2268 1008
f 2268 1013 1009 1008
f 2268 1179 1177 1176
f 2268 1176 2269 1013
f 2269 1018 1014 1013
f 2269 1176 1174 1173
f 2269 1173 2270 1018
f 2270 1023 1019 1018
f 2270 1173 1171 1170
f 2270 1170 2271 1023
f 2271 1028 1024 1023
f 2271 1170 1168 1167
f 2271 1167 2272 1028
f 2272 1033 1029 1028
f 2272 1167 1165 1164
f 2272 1164 2273 1033
f 2273 1038 1034 1033
f 2273 1164 1162 1161
f 2273 1161 2274 1038
f 2274 1043 1039 1038
f 2274 1161 1159 1158
f 2274 1158 2275 1043
f 2275 1048 1044 1043
f 2275 1158 1156 1155
f 2275 1155 2276 1048
f 2276 1053 1049 1048
f 2276 1155 1153 1152
f 2276 1152 2277 1053
f 2277 1058 1054 1053
f 2277 1152 1150 1149
f 2277 1149 2278 1058
f 2278 1063 1059 1058
f 2278 1149 1147 1146
f 2278 1146 2279 1063
f 2279 1068 1064 1063
f 2279 1146 1144 1143
f 2279 1143 2280 1068
f 2280 1073 1069 1068
f 2280 1143 1141 1140
f 2280 1140 2281 1073
f 2281 1078 1074 1073
f 2281 1140 1138 1137
f 2281 1137 2282 1078
f 2282 1083 1079 1078
f 2282 1137 1135 1134
f 2282 1134 2283 1083
f 2283 1088 1084 1083
f 2283 1134 1132 1131
f 2283 1131 2284 1088
f 2284 1093 1089 1088
f 2284 1131 1129 1128
f 2284 1128 2285 1093
f 2285 1098 1094 1093
f 2285 1128 1126 1125
f 2285 1125 2286 1098
f 2286 1103 1099 1098
f 2286 1125 1123 1122
f 2286 1122 1116 1103
f 2218 773 769 768
f 2218 768 2215 2214
f 2215 768 764 763
f 2215 763 2212 2211
f 2212 763 759 758
f 2212 758 2209 2208
f 2209 758 754 753
f 2209 753 2206 2205
f 2206 753 749 748
f 2206 748 2203 2202
f 2203 748 744 743
f 2203 743 2200 2199
f 2200 743 739 738
f 2200 738 2197 2196
f 2197 738 734 733
f 2197 733 2194 2193
f 2194 733 729 728
f 2194 728 2191 2190
f 2191 728 724 723
f 2191 723 2188 2187
f 2188 723 719 718
f 2188 718 2185 2184
f 2185 718 714 713
f 2185 713 2182 2181
f 2182 713 709 708
f 2182 708 2179 2178
f 2179 708 704 703
f 2179 703 2176 2175
f 2176 703 699 698
f 2176 698 2173 2172
f 2173 698 694 693
f 2173 693 2170 2169
f 2170 693 689 688
f 2170 688 2167 2166
f 2167 688 684 683
f 2167 683 2164 2163
f 2164 683 679 678
f 2164 678 2161 2160
f 2161 678 674 673
f 2161 673 2158 2157
f 2158 673 669 668
f 2158 668 2155 2154
f 2155 668 664 663
f 2155 663 2152 2151
f 2152 663 659 658
f 2152 658 2149 2148
f 2149 658 654 653
f 2149 653 2146 2145
f 2146 653 649 648
f 2146 648 2143 2142
f 2143 648 644 643
f 2143 643 2140 2139
f 2140 643 639 638
f 2140 638 2137 2136
f 2137 638 634 633
f 2137 633 2134 2133
f 2134 633 629 628
f 2134 628 2131 2130
f 2131 628 624 623
f 2131 623 2128 2127
f 2128 623 619 618
f 2128 618 2125 2124
f 2125 618 614 613
f 2125 613 2122 2121
f 2122 613 609 608
f 2122 608 2119 2118
f 2119 608 604 603
f 2119 603 2116 2115
f 2116 603 599 598
f 2116 598 2113 2112
f 2113 598 594 593
f 2113 593 2110 2109
f 2110 593 589 588
f 2110 588 2107 2106
f 2107 588 584 583
f 2107 583 2104 2103
f 2104 583 579 578
f 2104 578 2101 2100
f 2101 578 574 573
f 2101 573 2098 2097
f 2098 573 569 568
f 2098 568 2095 2094
f 2095 568 564 563
f 2095 563 2092 2091
f 2092 563 559 558
f 2092 558 2089 2088
f 2089 558 554 553
f 2089 553 2086 2085
f 2086 553 549 548
f 2086 548 2083 2082
f 2083 548 544 543
f 2083 543 2080 2079
f 2080 543 539 538
f 2080 538 2077 2076
f 2077 538 534 533
f 2077 533 2074 2073
f 2074 533 529 528
f 2074 528 2071 2070
f 2071 528 524 523
f 2071 523 2068 2067
f 2068 523 519 518
f 2068 518 2065 2064
f 2065 518 514 513
f 2065 513 2062 2061
f 2062 513 509 508
f 2062 508 2059 2058
f 2059 508 504 503
f 2059 503 2056 2055
f 2056 503 499 498
f 2056 498 2053 2052
f 2053 498 494 493
f 2053 493 2050 2049
f 2050 493 489 488
f 2050 488 2047 2046
f 2047 488 484 483
f 2047 483 2044 2043
f 2044 483 479 478
f 2044 478 2041 2040
f 2041 478 474 473
f 2041 473 2038 2037
f 2038 473 469 468
f 2038 468 2035 2034
f 2035 468 464 463
f 2035 463 2032 2031
f 2032 463 459 458
f 2032 458 2029 2028
f 2029 458 454 453
f 2029 453 2026 2025
f 2026 453 449 448
f 2026 448 2023 2022
f 2023 448 444 443
f 2023 443 2020 2019
f 2020 443 439 438
f 2020 438 2017 2016
f 2017 438 434 433
f 2017 433 2014 2013
f 2014 433 429 428
f 2014 428 2011 2010
f 2011 428 424 423
f 2011 423 2008 2007
f 2008 423 419 418
f 2008 418 2005 2004
f 2005 418 414 413
f 2005 413 2002 2001
f 2002 413 409 408
f 2002 408 1999 1998
f 1999 408 404 403
f 1999 403 1996 1995
f 1996 403 399 398
f 1996 398 1993 1992
f 1993 398 394 393
f 1993 393 1990 1989
f 1990 393 389 388
f 1990 388 1987 1986
f 1987 388 384 383
f 1987 383 1984 1983
f 1984 383 379 378
f 1984 378 1981 1980
f 1981 378 374 373
f 1981 373 1978 1977
f 1978 373 369 368
f 1978 368 1975 1974
f 1975 368 364 363
f 1975 363 1972 1971
f 1972 363 359 358
f 1972 358 1969 1968
f 1969 358 355 354
f 1969 354 1966 1965
f 1966 354 352 351
f 1966 351 1963 1962
f 1963 351 347 346
f 1963 346 1960 1959
f 1960 346 342 341
f 1960 341 1957 1956
f 1957 341 337 336
f 1957 336 1954 1953
f 1954 336 332 331
f 1954 331 1951 1950
f 1951 331 327 326
f 1951 326 1948 1947
f 1948 326 322 321
f 1948 321 1945 1944
f 1945 321 317 316
f 1945 316 1942 1941
f 1942 316 312 311
f 1942 311 1939 1938
f 1939 311 307 306
f 1939 306 1936 1935
f 1936 306 302 301
f 1936 301 1933 1932
f 1933 301 297 296
f 1933 296 1930 1929
f 1930 296 292 291
f 1930 291 1927 1926
f 1927 291 287 286
f 1927 286 1924 1923
f 1924 286 282 281
f 1924 281 1921 1920
f 1921 281 277 276
f 1921 276 1918 1917
f 1918 276 272 271
f 1918 271 1915 1914
f 1915 271 267 266
f 1915 266 1912 1911
f 1912 266 262 261
f 1912 261 1909 1908
f 1909 261 257 256
f 1909 256 1906 1905
f 1906 256 252 251
f 1906 251 1903 1902
f 1903 251 247 246
f 1903 246 1900 1899
f 1900 246 242 241
f 1900 241 1897 1896
f 1897 241 237 236
f 1897 236 1894 1893
f 1894 236 232 231
f 1894 231 1891 1890
f 1891 231 227 226
f 1891 226 1888 1887
f 1888 226 222 221
f 1888 221 1885 1884
f 1885 221 217 216
f 1885 216 1882 1881
f 1882 216 212 211
f 1882 211 1879 1878
f 1879 211 207 206
f 1879 206 1876 1875
f 1876 206 202 201
f 1876 201 1873 1872
f 1873 201 197 196
f 1873 196 1870 1869
f 1870 196 192 191
f 1870 191 1867 1866
f 1867 191 187 186
f 1867 186 1864 1863
f 1864 186 182 181
f 1864 181 1861 1860
f 1861 181 177 176
f 1861 176 1858 1857
f 1858 176 172 171
f 1858 171 1855 1854
f 1855 171 167 166
f 1855 166 1852 1851
f 1852 166 162 161
f 1852 161 1849 1848
f 1849 161 157 156
f 1849 156 1846 1845
f 1846 156 152 151
f 1846 151 1843 1842
f 1843 151 147 146
f 1843 146 1840 1839
f 1840 146 142 141
f 1840 141 1837 1836
f 1837 141 137 136
f 1837 136 1834 1833
f 1834 136 132 131
f 1834 131 1831 1830
f 1831 131 127 126
f 1831 126 1828 1827
f 1828 126 122 121
f 1828 121 1825 1824
f 1825 121 117 116
f 1825 116 1822 1821
f 1822 116 112 111
f 1822 111 1819 1818
f 1819 111 107 106
f 1819 106 1816 1815
f 1816 106 102 101
f 1816 101 1813 1812
f 1813 101 97 96
f 1813 96 1810 1809
f 1810 96 92 91
f 1810 91 1807 1806
f 1807 91 87 86
f 1807 86 1804 1803
f 1804 86 82 81
f 1804 81 1801 1800
f 1801 81 77 76
f 1801 76 1798 1797
f 1798 76 72 71
f 1798 71 1795 1794
f 1795 71 67 66
f 1795 66 1792 1791
f 1792 66 62 61
f 1792 61 1789 1788
f 1789 61 57 56
f 1789 56 1786 1785
f 1786 56 52 51
f 1786 51 1783 1782
f 1783 51 47 46
f 1783 46 1780 1779
f 1780 46 42 41
f 1780 41 1777 1776
f 1777 41 37 36
f 1777 36 1774 1773
f 1774 36 32 23
f 1774 23 12 13
f 1122 1119 1117 1116
f 1116 1108 1104 1103
f 362 3 16 357
f 350 349 14 18
f 20 19 6 5

 