# File exported by ZBrush version 2026
# www.zbrush.com
g ZBrushPolyMesh3D
#Vertex Count 2749
#Face Count 2749
#Auto scale x=1.000000 y=1.000000 z=1.000000
#Auto offset x=0.000000 y=0.000000 z=0.000000
v 1.9025588 -6.12872219 -0.98559296
v 1.96998 -5.99539995 -0.85028457
v 1.83810353 -5.83500814 -0.26387202
v 1.90679884 -5.94494152 -1.07136845
v 1.97190666 -5.80095863 -0.98731023
v 1.91538643 -6.3120222 -0.83265894
v 1.84101343 -6.29202461 -1.0434184
v 1.82149958 -6.04854917 -1.18118333
v 2.00271129 -5.70669031 -0.95384484
v 2.01431393 -5.78881835 -0.82751107
v 2.01546859 -5.84966325 -0.64682352
v 1.97890126 -6.05287504 -0.61724221
v 1.78571558 -5.74857091 -0.18569195
v 1.68679773 -5.67076683 -0.06600731
v 1.62547659 -5.77348232 -0.0438786
v 1.94927847 -5.7262721 -0.3723469
v 1.85833728 -5.66663122 -0.2400054
v 1.97285831 -5.86122369 -0.45068928
v 2.00894999 -5.74369049 -0.49479514
v 1.7190231 -6.04532051 -0.18232695
v 1.90177989 -6.07346534 -0.38424751
v 1.64651835 -6.17745447 -0.14554506
v 1.84820783 -6.25864124 -0.35338577
v 1.9359368 -6.2925024 -0.59692394
v 1.80593848 -6.37878179 -0.33467346
v 1.90100669 -6.44874143 -0.59248465
v 1.87674641 -6.4651761 -0.85163492
v 1.87463402 -6.54560041 -0.5875529
v 1.84580373 -6.53939914 -0.87427228
v 1.76644814 -6.40626955 -1.1169554
v 1.79982781 -6.36079883 -1.08900117
v 1.69121253 -6.1624732 -1.29534125
v 1.74691402 -6.10677051 -1.2558366
v 1.6400839 -5.89560031 -1.41664004
v 1.72879338 -5.84036207 -1.35856783
v 1.82386112 -5.79436731 -1.27028942
v 1.70612955 -5.62567234 -1.43919706
v 1.80914342 -5.58692884 -1.35898506
v 1.88099515 -5.53814697 -1.29343271
v 1.90611052 -5.72704792 -1.17582023
v 1.92375481 -5.4855237 -1.25475549
v 1.95615696 -5.64478349 -1.1218698
v 1.95129525 -5.44000148 -1.22900855
v 1.984133 -5.58283281 -1.09407305
v 1.96938407 -5.40106248 -1.20697653
v 2.00275325 -5.53134346 -1.0748955
v 2.0203011 -5.63870048 -0.93673515
v 2.03132438 -5.7055459 -0.80882257
v 2.01050901 -5.4885354 -1.05803144
v 2.02535295 -5.58559942 -0.92572403
v 2.03525447 -5.64619207 -0.79739069
v 2.03665304 -5.67877531 -0.66063916
v 2.03140449 -5.7417674 -0.65892195
v 2.02253794 -5.54236793 -0.91570961
v 2.0300343 -5.60091733 -0.7915017
v 2.0335803 -5.63327884 -0.66324317
v 2.02272987 -5.62570095 -0.53234136
v 2.0209968 -5.67575216 -0.51704722
v 2.01865744 -5.55984306 -0.78677135
v 2.02175664 -5.58626937 -0.66641527
v 2.01454496 -5.58104085 -0.54590922
v 1.99239158 -5.54569339 -0.42776837
v 1.99180007 -5.59161806 -0.41224458
v 2.00271987 -5.55107212 -0.669905
v 1.99535942 -5.54428005 -0.55745762
v 1.97507071 -5.50842189 -0.44452008
v 1.93212795 -5.44214487 -0.32302615
v 1.93638241 -5.48078537 -0.30322179
v 1.96655178 -5.51613426 -0.56738179
v 1.94872593 -5.48062467 -0.45952925
v 1.91045153 -5.41344261 -0.34451481
v 1.85968709 -5.32144022 -0.22977116
v 1.87848615 -5.35090637 -0.20312823
v 1.91136705 -5.46265316 -0.47321897
v 1.87600219 -5.39639759 -0.36419221
v 1.82609295 -5.30326795 -0.25457617
v 1.76919734 -5.19120407 -0.14183129
v 1.80252718 -5.21140813 -0.11209543
v 1.83380389 -5.38715744 -0.38246995
v 1.7834903 -5.29344987 -0.27745047
v 1.72363102 -5.18188381 -0.16894193
v 1.6517446 -5.06338167 -0.04863203
v 1.69990038 -5.07012319 -0.01930596
v 1.73113036 -5.29269695 -0.29887783
v 1.66806042 -5.18270158 -0.19368481
v 1.59432113 -5.06505298 -0.07732003
v 1.5067693 -4.95424985 0.05013581
v 1.56526339 -4.94795513 0.08180014
v 1.60341608 -5.19590711 -0.21567371
v 1.52716291 -5.08015441 -0.10208331
v 1.43836343 -4.97382068 0.0206851
v 1.33839476 -4.87990284 0.14302454
v 1.40672326 -4.85656166 0.17679497
v 1.45302355 -5.11275816 -0.12325871
v 1.36183536 -5.01157426 -0.00402258
v 1.2628231 -4.92093086 0.11391662
v 1.1571207 -4.83447599 0.22246266
v 1.23214137 -4.79002761 0.25396847
v 1.28038096 -5.06977176 -0.02465369
v 1.17960047 -4.9830966 0.08737694
v 1.07423114 -4.89865589 0.19197645
v 0.96712845 -4.80729818 0.28536343
v 1.04858899 -4.74272823 0.31668657
v 1.086784 -5.08229064 0.06616665
v 0.97853726 -4.99721574 0.16500946
v 0.8688544 -4.90526676 0.25781211
v 0.75878447 -4.80778217 0.34583112
v 0.86084222 -4.71082639 0.37580165
v 0.88246303 -5.12406683 0.15257372
v 0.7689718 -5.03041791 0.24391941
v 0.65491181 -4.93085002 0.3285934
v 0.5413711 -4.83169078 0.41178673
v 0.64752376 -4.70906162 0.43176797
v 0.68228417 -5.16108322 0.24756899
v 0.56627291 -5.06115007 0.32909202
v 0.45124796 -4.96152401 0.40819168
v 0.33326384 -4.86314535 0.48079672
v 0.42584654 -4.73364114 0.48846089
v 0.50474929 -5.16545486 0.34389641
v 0.38847187 -5.06558513 0.42034015
v 0.26843655 -4.96658277 0.48981276
v 0.14666862 -4.86897754 0.55516028
v 0.21407708 -4.76675987 0.55042082
v 0.34200847 -5.14900684 0.44153797
v 0.21906617 -5.05163765 0.50939679
v 0.09576354 -4.95277309 0.57168161
v -0.02942335 -4.84640932 0.62507623
v 0.02215706 -4.76861143 0.61328965
v 0.18006728 -5.12232685 0.53587788
v 0.05449174 -5.02174234 0.59640783
v -0.07239549 -4.91398525 0.64697516
v -0.20111897 -4.7951436 0.68926262
v -0.15623533 -4.73288631 0.67058348
v 0.02238542 -5.08104801 0.62824749
v -0.10733673 -4.96956729 0.67700266
v -0.23904287 -4.8477354 0.71536976
v -0.37100759 -4.71800422 0.74312436
v -0.33033907 -4.6678338 0.71879762
v -0.13347609 -5.01409244 0.71127969
v -0.26859208 -4.89097213 0.74744725
v -0.40345203 -4.75911283 0.77463537
v -0.5377385 -4.61767435 0.78716361
v -0.50182855 -4.57908821 0.75580757
v -0.28824025 -4.92411279 0.78498554
v -0.42696598 -4.79135894 0.8110159
v -0.56506353 -4.64840459 0.82390606
v -0.69888055 -4.4964075 0.8231368
v -0.66784727 -4.46864843 0.7860642
v -0.43995276 -4.81343555 0.85349285
v -0.58290141 -4.67018652 0.86605626
v -0.71832233 -4.51429128 0.86631351
v -0.84721791 -4.35280656 0.85688448
v -0.82500612 -4.33691406 0.81325548
v -0.58408737 -4.67628526 0.91404712
v -0.72204828 -4.51895427 0.91347771
v -0.85349667 -4.35676527 0.90548646
v -0.97002047 -4.18771028 0.89269298
v -0.96751576 -4.18816995 0.84387135
v -0.70365697 -4.50520801 0.95392072
v -0.83513331 -4.34260368 0.94844913
v -0.95358097 -4.17478513 0.93634194
v -1.06126236 -4.00652837 0.92462152
v -1.07912588 -4.02006435 0.88223445
v -0.79827261 -4.31578779 0.97330713
v -0.9166395 -4.14902448 0.9640389
v -1.02521526 -3.98231911 0.9530825
v -1.12660467 -3.81675076 0.9429363
v -1.1619991 -3.83990955 0.91506731
v -0.86980128 -4.11753034 0.98075658
v -0.97926771 -3.95258784 0.97130453
v -1.08208918 -3.78847479 0.96077209
v -1.18200492 -3.6242702 0.95070898
v -1.22629058 -3.65216803 0.93436855
v -0.9261322 -3.91866517 0.98433369
v -1.03032445 -3.75592207 0.97411185
v -1.13100945 -3.59254431 0.96335208
v -1.22903907 -3.42739224 0.95172005
v -1.28087174 -3.4590106 0.94062256
v -0.97219032 -3.71941161 0.98655611
v -1.0727818 -3.55633974 0.97554749
v -1.1699109 -3.39148736 0.96311628
v -1.26470232 -3.22436285 0.9481107
v -1.32408654 -3.25926446 0.93760198
v -0.99646294 -3.50918555 0.99077189
v -1.09384405 -3.34585928 0.97753948
v -1.18814039 -3.18063592 0.96164351
v -1.27639019 -3.01391768 0.94287365
v -1.35590755 -3.05595016 0.92992746
v -0.99116098 -3.28690576 0.99635183
v -1.08324718 -3.12451696 0.97987002
v -1.16791474 -2.96065998 0.96067291
v -1.24403595 -2.79564833 0.93768274
v -1.3568027 -2.84738898 0.9206596
v -0.95051837 -3.05745887 1.00304675
v -1.0324893 -2.89741516 0.98337924
v -1.1085819 -2.7347877 0.95934355
v -1.17992746 -2.56989336 0.9290238
v -1.31440961 -2.62925934 0.90850263
v -0.90522795 -2.83517003 1.00500476
v -0.98211014 -2.6752758 0.98028928
v -1.05347502 -2.51233935 0.94944196
v -1.12056648 -2.34808921 0.91109818
v -1.247527 -2.40389204 0.89123022
v -0.87992709 -2.62326884 0.99693083
v -0.9491446 -2.46274113 0.96597933
v -1.01485884 -2.30082488 0.92756921
v -1.0790553 -2.13871145 0.88044852
v -1.18536698 -2.18424272 0.86330068
v -0.87883573 -2.42717528 0.97666895
v -0.9445551 -2.26842999 0.93845331
v -1.00722444 -2.10784363 0.89213353
v -1.06817078 -1.94678223 0.83564561
v -1.14169502 -1.97743034 0.82346338
v -0.89149272 -2.24362063 0.94632208
v -0.95289468 -2.08462405 0.90068548
v -1.01244676 -1.9235785 0.84461146
v -1.06977546 -1.76332342 0.77530729
v -1.12685954 -1.78674626 0.76730108
v -0.90285754 -2.06364536 0.90743345
v -0.96122169 -1.90300416 0.85093969
v -1.01724135 -1.74317812 0.7800641
v -1.06865 -1.58654117 0.69484502
v -1.12231481 -1.60649824 0.69137656
v -0.91405534 -1.88576793 0.85248768
v -0.96950167 -1.72733199 0.77990013
v -1.02053976 -1.57281136 0.69147181
v -1.06653094 -1.4253335 0.59084183
v -1.1146332 -1.43760621 0.59489494
v -0.92544132 -1.71322107 0.7779237
v -0.97696429 -1.56211352 0.68567842
v -1.0227617 -1.41754639 0.5826987
v -1.06499302 -1.27801549 0.47031384
v -1.10921227 -1.28334641 0.47987413
v -0.94366061 -1.56419718 0.66521912
v -0.98684769 -1.42139554 0.56306082
v -1.02672302 -1.28313458 0.45130339
v -1.0655657 -1.14701569 0.33194783
v -1.10422647 -1.14048242 0.35073694
v -0.97751355 -1.4400196 0.53410464
v -1.01787602 -1.30264675 0.42538991
v -1.05853307 -1.169052 0.30755236
v -1.10292208 -1.04233467 0.1815969
v -1.10758972 -1.01529657 0.20573005
v -1.04099261 -1.33062839 0.40029242
v -1.08210396 -1.19941198 0.28471168
v -1.12522006 -1.07604169 0.16154208
v -1.1700592 -0.96930885 0.03172226
v -1.1529504 -0.93226862 0.04929428
v -1.11102962 -1.22923696 0.26459151
v -1.1529597 -1.10896182 0.1442811
v -1.19373941 -1.00576233 0.01676482
v -1.22424876 -0.92592889 -0.11848763
v -1.20414495 -0.88707292 -0.10657241
v -1.18728911 -1.14306759 0.12858746
v -1.22486126 -1.04284727 0.00333927
v -1.25180912 -0.96564894 -0.1299213
v -1.25748324 -0.91521108 -0.27335116
v -1.2329272 -0.87326926 -0.26532048
v -1.26202237 -1.08188378 -0.01036729
v -1.28675985 -1.00694716 -0.14156681
v -1.29060685 -0.9592511 -0.28214043
v -1.26592755 -0.94674623 -0.42740181
v -1.23236572 -0.8993538 -0.42292419
v -1.33390581 -1.05236566 -0.15412768
v -1.33741879 -1.00779223 -0.29284545
v -1.31388306 -0.99797427 -0.43482336
v -1.2683711 -1.0213027 -0.57056814
v -1.21883976 -0.96891659 -0.56683021
v -1.40257108 -1.06039011 -0.30573576
v -1.38034176 -1.05142319 -0.44622764
v -1.33719468 -1.07627642 -0.57997506
v -1.28088486 -1.12899863 -0.70170956
v -1.20938217 -1.07250976 -0.69496762
v -1.47156012 -1.1065942 -0.46262276
v -1.43094122 -1.13391685 -0.59633356
v -1.37864983 -1.1894983 -0.71747362
v -1.31956982 -1.26406955 -0.82710123
v -1.21836292 -1.20199132 -0.8114717
v -1.54820931 -1.18822455 -0.61935603
v -1.49937522 -1.24660193 -0.74197453
v -1.4433304 -1.32558405 -0.85253953
v -1.37939262 -1.41769778 -0.95229083
v -1.25365185 -1.35395348 -0.92540824
v -1.62166297 -1.29022383 -0.76855903
v -1.56791448 -1.37364208 -0.88306915
v -1.50545883 -1.47172915 -0.98576015
v -1.43402767 -1.57863903 -1.07692563
v -1.30805826 -1.52003705 -1.04096341
v -1.67366337 -1.40606439 -0.91221964
v -1.61103665 -1.50854671 -1.01961302
v -1.53657662 -1.62059831 -1.11401009
v -1.45035386 -1.73704171 -1.19470787
v -1.35274803 -1.69183909 -1.15677523
v -1.69148051 -1.5311445 -1.04933238
v -1.61364388 -1.64664876 -1.14675521
v -1.52395558 -1.76665532 -1.23015642
v -1.4244672 -1.89022088 -1.30057346
v -1.35399568 -1.85737526 -1.26361179
v -1.67643213 -1.66333389 -1.17930316
v -1.58546948 -1.78854775 -1.26692247
v -1.48484087 -1.91589093 -1.34078145
v -1.3779999 -2.04537749 -1.40352344
v -1.32046115 -2.01749229 -1.36196577
v -1.6391009 -1.80271267 -1.30659985
v -1.53636574 -1.93467533 -1.38411402
v -1.42585158 -2.06586909 -1.44849312
v -1.31334638 -2.19773125 -1.50293624
v -1.26767551 -2.17560458 -1.45812034
v -1.57659351 -1.94403004 -1.42896091
v -1.46373724 -2.07817125 -1.49545908
v -1.34936463 -2.21184945 -1.55016863
v -1.23344731 -2.3448193 -1.59647214
v -1.19955742 -2.33007144 -1.54891932
v -1.49124515 -2.08234143 -1.54128933
v -1.37349557 -2.21645832 -1.59650778
v -1.2557975 -2.35005116 -1.64288222
v -1.13811123 -2.48357033 -1.68087649
v -1.11729645 -2.47709059 -1.63481628
v -1.38691544 -2.21231341 -1.64084792
v -1.26785731 -2.34701633 -1.68728411
v -1.14729702 -2.48057675 -1.72442591
v -1.03075361 -2.61471104 -1.75448727
v -1.02204573 -2.61585736 -1.7115699
v -1.26653039 -2.33387613 -1.72626781
v -1.14364016 -2.46784806 -1.76189744
v -1.02700758 -2.6035428 -1.79354119
v -0.91017061 -2.73727083 -1.81353521
v -0.9161908 -2.74808692 -1.77590191
v -1.12625396 -2.44540333 -1.78929901
v -1.00842583 -2.58154654 -1.82197427
v -0.89120477 -2.71663832 -1.84164905
v -0.77849233 -2.8531301 -1.85802483
v -0.79900932 -2.87358641 -1.83031284
v -0.97877728 -2.55379223 -1.83076369
v -0.86207485 -2.68948864 -1.85339856
v -0.74863636 -2.82676482 -1.86939764
v -0.63654744 -2.96502184 -1.88207364
v -0.66702312 -2.99130654 -1.86994004
v -0.82637333 -2.65839695 -1.85556113
v -0.71257114 -2.79605913 -1.87265694
v -0.60019391 -2.93454456 -1.88511836
v -0.48743459 -3.07241916 -1.89347279
v -0.52371722 -3.10252261 -1.8913517
v -0.6688773 -2.75939846 -1.87044251
v -0.55602175 -2.89798998 -1.88314223
v -0.4440509 -3.0366764 -1.89159405
v -0.33177778 -3.17369222 -1.89715385
v -0.37395608 -3.20845198 -1.89898479
v -0.50474572 -2.85574936 -1.87772488
v -0.39305958 -2.99470901 -1.88702428
v -0.28263834 -3.13318967 -1.89352119
v -0.17213703 -3.27042484 -1.8983103
v -0.21940729 -3.3092339 -1.90147018
v -0.32801726 -2.94180178 -1.88088095
v -0.21861596 -3.081115 -1.88818478
v -0.1090259 -3.21900057 -1.89336609
v 0.00155014 -3.35559916 -1.89698624
v -0.06031364 -3.4056034 -1.90163004
v -0.13038653 -3.01145672 -1.8812946
v -0.02293383 -3.15078473 -1.8868097
v 0.0844504 -3.29005098 -1.89080417
v 0.19100435 -3.42859053 -1.89340937
v 0.11221506 -3.4910109 -1.89940094
v 0.08596572 -3.06908035 -1.87963962
v 0.19008049 -3.20973372 -1.88356053
v 0.29285952 -3.35300707 -1.88620734
v 0.39497119 -3.49863481 -1.88790535
v 0.29854559 -3.56794238 -1.89490008
v 0.28931063 -3.14146852 -1.87753963
v 0.38897222 -3.28812623 -1.8799293
v 0.48712289 -3.43772435 -1.8812164
v 0.58548808 -3.58879566 -1.88162457
v 0.49577024 -3.64684915 -1.88864219
v 0.46702086 -3.23642158 -1.87463712
v 0.56376373 -3.38740396 -1.87553441
v 0.66162586 -3.53939652 -1.87543499
v 0.76213711 -3.6902666 -1.87385296
v 0.68536782 -3.73917031 -1.88050758
v 0.62342208 -3.34674191 -1.87055981
v 0.72135734 -3.49884009 -1.87002348
v 0.82232272 -3.65006971 -1.86792457
v 0.9252215 -3.79972362 -1.86384892
v 0.86502796 -3.83904337 -1.87012243
v 0.77367973 -3.46242904 -1.86339616
v 0.87385553 -3.61469459 -1.8608886
v 0.9758113 -3.7657361 -1.85610926
v 1.07732677 -3.91627907 -1.84704828
v 1.02733004 -3.94870567 -1.85552072
v 0.91936004 -3.58325123 -1.85028433
v 1.02003777 -3.73572611 -1.8457787
v 1.12040853 -3.88793659 -1.83673131
v 1.21944034 -4.040627 -1.82327354
v 1.17716002 -4.06745481 -1.83329951
v 1.05746984 -3.70988106 -1.83123123
v 1.15677714 -3.86336994 -1.82329988
v 1.25516343 -4.01728344 -1.81037116
v 1.35008454 -4.17232513 -1.78789389
v 1.3155266 -4.19462871 -1.80195307
v 1.18641996 -3.84236979 -1.80298304
v 1.28432929 -3.9969449 -1.78950083
v 1.37753272 -4.15300369 -1.76632595
v 1.47029292 -4.30911016 -1.7385348
v 1.44408297 -4.32841157 -1.76125192
v 1.29701292 -3.98510217 -1.75513601
v 1.3888688 -4.14135694 -1.7333275
v 1.47850835 -4.29787778 -1.70468354
v 1.56708264 -4.45446395 -1.67057144
v 1.55922794 -4.46673154 -1.70254969
v 1.38076448 -4.14052772 -1.69617319
v 1.47077179 -4.29531621 -1.66842758
v 1.55740106 -4.45085239 -1.63553559
v 1.64043653 -4.60750913 -1.59437942
v 1.65289437 -4.61219978 -1.62823545
v 1.44768655 -4.30220508 -1.63677132
v 1.53392076 -4.45562219 -1.60427296
v 1.61731851 -4.60906457 -1.56323802
v 1.69595229 -4.76154947 -1.51155924
v 1.71873474 -4.76334857 -1.54099082
v 1.50248718 -4.46544838 -1.57601869
v 1.58524143 -4.61630106 -1.53538274
v 1.66424524 -4.76482152 -1.48410499
v 1.73712885 -4.90842533 -1.41970777
v 1.7691921 -4.90858984 -1.44437587
v 1.54416823 -4.62857818 -1.50834298
v 1.6227957 -4.77343654 -1.45805072
v 1.69607794 -4.91269254 -1.39540696
v 1.76488208 -5.04514884 -1.31926655
v 1.80432629 -5.0452032 -1.34040641
v 1.57154226 -4.78784608 -1.43343448
v 1.64526057 -4.92309522 -1.37260234
v 1.71558344 -5.05092716 -1.29821467
v 1.78020346 -5.1708312 -1.2095685
v 1.82867074 -5.16912126 -1.22514748
v 1.58538651 -4.94110155 -1.35180831
v 1.65533101 -5.06618118 -1.27992904
v 1.72054386 -5.18257474 -1.19615232
v 1.77446496 -5.28739166 -1.09891378
v 1.8316276 -5.27882909 -1.10572433
v 1.58509564 -5.09352779 -1.26815104
v 1.65333402 -5.20742797 -1.18702316
v 1.71175241 -5.30883073 -1.09649384
v 1.75529277 -5.39255428 -0.99827599
v 1.81266295 -5.37342929 -0.99534714
v 1.5773462 -5.24763965 -1.18623304
v 1.64296138 -5.34641218 -1.100865
v 1.69365274 -5.4283266 -1.00808906
v 1.72848105 -5.4880414 -0.91105312
v 1.78536021 -5.45326471 -0.89842397
v 1.56535697 -5.40591287 -1.11651134
v 1.62534737 -5.48597002 -1.02680695
v 1.66958534 -5.54560422 -0.93319124
v 1.6964662 -5.5825839 -0.83209103
v 1.74920606 -5.52665185 -0.81290233
v 1.55640852 -5.57031917 -1.05795574
v 1.6124562 -5.62925386 -0.96230429
v 1.64951169 -5.66317129 -0.85523557
v 1.66021251 -5.67158508 -0.73797321
v 1.70372486 -5.59444379 -0.72530973
v 1.56047856 -5.74534368 -0.99800449
v 1.60651075 -5.77639341 -0.88140255
v 1.62134122 -5.7799735 -0.75157183
v 1.59846746 -5.76056957 -0.62640863
v 1.64163017 -5.65392923 -0.62463289
v 1.57606184 -5.91728353 -0.90427392
v 1.59480953 -5.91982221 -0.76544493
v 1.56795179 -5.90246152 -0.62816512
v 1.50488054 -5.86280345 -0.50653916
v 1.54586541 -5.71630382 -0.51751691
v 1.58214724 -6.07305812 -0.77836823
v 1.55620396 -6.05822515 -0.63005912
v 1.48474645 -6.02002716 -0.49302414
v 1.38467192 -5.94896173 -0.37086013
v 1.4213289 -5.79536294 -0.39951908
v 1.55554354 -6.20623445 -0.6280989
v 1.48044204 -6.16625738 -0.47604894
v 1.36545276 -6.08213043 -0.33616957
v 1.24576962 -5.97177648 -0.22331814
v 1.27657616 -5.85657024 -0.26344016
v 1.48023116 -6.27509212 -0.45287483
v 1.35624671 -6.17546892 -0.30265399
v 1.22701764 -6.05403709 -0.18607413
v 1.10794699 -5.934978 -0.09014198
v 1.13306176 -5.8601427 -0.12732499
v 1.35324633 -6.24885988 -0.27024766
v 1.21575534 -6.12066173 -0.14848326
v 1.08790218 -5.99742317 -0.04978348
v 0.97216397 -5.88499975 0.03652296
v 0.99698442 -5.82436561 -0.00306711
v 1.20989286 -6.17389249 -0.11092866
v 1.07630026 -6.04636001 -0.00890969
v 0.95651251 -5.93363285 0.07870078
v 0.84242558 -5.82728338 0.15927921
v 0.85980755 -5.77808523 0.11768094
v 1.07220077 -6.08379316 0.03209093
v 0.95063638 -5.97021579 0.12118176
v 0.8360843 -5.86465454 0.2023314
v 0.72257262 -5.76365518 0.28025427
v 0.72926354 -5.72492361 0.23766847
v 0.95230734 -5.99652862 0.16213965
v 0.83998942 -5.89002323 0.24494567
v 0.72864174 -5.78854799 0.32421755
v 0.61472255 -5.68957948 0.40255639
v 0.60831224 -5.66431713 0.35830611
v 0.85400062 -5.90319252 0.28683444
v 0.74487102 -5.80077743 0.36696597
v 0.63177406 -5.70193386 0.44606235
v 0.51525604 -5.60234689 0.52228379
v 0.49789094 -5.59077787 0.47877922
v 0.76903361 -5.79760599 0.40108028
v 0.65700209 -5.69751501 0.47969085
v 0.54107165 -5.596879 0.55600929
v 0.41909164 -5.49564266 0.62915247
v 0.39306533 -5.5023508 0.5952757
v 0.68858283 -5.66727256 0.48883494
v 0.57198721 -5.56547737 0.5626086
v 0.45011329 -5.46422386 0.63653117
v 0.32255995 -5.36367511 0.7109977
v 0.29188644 -5.39413881 0.70017355
v 0.60570013 -5.52915573 0.56641203
v 0.48399615 -5.42760992 0.64162391
v 0.3562597 -5.32662344 0.71792465
v 0.22225208 -5.22423648 0.79012751
v 0.18826498 -5.26198387 0.78143531
v 0.52162969 -5.38675355 0.64632159
v 0.39361679 -5.28473377 0.72359031
v 0.26039204 -5.18040084 0.7953813
v 0.12343089 -5.07132768 0.85762906
v 0.08365689 -5.11505031 0.8501178
v 0.43425917 -5.23842716 0.72822016
v 0.30214887 -5.13194894 0.79957646
v 0.16749005 -5.02203083 0.86418473
v 0.03036812 -4.90658474 0.92213076
v -0.01569397 -4.95547962 0.91320997
v 0.35858324 -5.06502008 0.80609554
v 0.22823551 -4.95212507 0.87535989
v 0.09554462 -4.8331294 0.93433797
v -0.04114228 -4.70818758 0.97605115
v -0.1090635 -4.78176975 0.96209466
v 0.31521678 -4.8466506 0.88991004
v 0.18472696 -4.72643232 0.94768542
v 0.05141091 -4.60219574 0.99044948
v -0.08301428 -4.47497606 1.02211594
v -0.17898181 -4.57759857 1.00320303
v 0.29028189 -4.60056734 0.96354717
v 0.16018205 -4.47726678 1.01006913
v 0.02946263 -4.35122919 1.04221582
v -0.09759615 -4.2230854 1.06112492
v -0.21474295 -4.34285736 1.03888058
v 0.26907849 -4.35856008 1.02823531
v 0.14201384 -4.23289966 1.06190753
v 0.01827837 -4.10528564 1.0813502
v -0.10306809 -3.97738122 1.09180975
v -0.22123707 -4.09241581 1.06791472
v 0.23550057 -4.14013099 1.07783556
v 0.11321944 -4.01230764 1.09940898
v -0.00540831 -3.88458848 1.11046707
v -0.11887439 -3.75616097 1.11229693
v -0.21839574 -3.84772896 1.09226799
v 0.19196803 -3.93901896 1.11366605
v 0.07345659 -3.81236767 1.12518286
v -0.04142503 -3.68651366 1.1278131
v -0.1529693 -3.56026101 1.12383616
v -0.22742474 -3.6252017 1.10864126
v 0.12864209 -3.76463174 1.13510346
v 0.01452831 -3.63785886 1.13828313
v -0.09621996 -3.51148939 1.13494086
v -0.2030249 -3.38452434 1.12719214
v -0.25909888 -3.43190527 1.11588537
v 0.06028825 -3.5984385 1.1460576
v -0.04949484 -3.47129416 1.14294457
v -0.1545189 -3.34328556 1.13574552
v -0.25544801 -3.21424913 1.12546801
v -0.30539196 -3.25539159 1.11636591
v -0.0056782 -3.43348932 1.14614927
v -0.11013571 -3.30574131 1.13936042
v -0.21038956 -3.17744922 1.12990486
v -0.30683469 -3.04830861 1.11602234
v -0.35294082 -3.08368372 1.11182332
v -0.06974081 -3.27193641 1.13523495
v -0.16960923 -3.14491939 1.12735998
v -0.26594829 -3.01736569 1.11420929
v -0.36008951 -2.88817071 1.0971868
v -0.40171864 -2.91715359 1.09875643
v -0.13823553 -3.12176108 1.10011553
v -0.23481407 -2.99651861 1.08777582
v -0.32956668 -2.87058448 1.06846725
v -0.42075678 -2.73865032 1.04720354
v -0.45171514 -2.75419259 1.07609593
v -0.23760509 -3.00354695 1.03992748
v -0.33133512 -2.87820792 1.02290403
v -0.42089858 -2.7463541 1.0016514
v -0.5068264 -2.61081004 0.97756421
v -0.50808101 -2.60288476 1.02212047
v -0.35030248 -2.89769911 0.97708106
v -0.43982327 -2.76622843 0.95629221
v -0.52486974 -2.63040185 0.93343663
v -0.60398304 -2.49212479 0.90837031
v -0.58634281 -2.47288298 0.95120763
v -0.46805629 -2.79156589 0.91445154
v -0.5522018 -2.65513825 0.89224731
v -0.63032394 -2.51587581 0.86829245
v -0.70134609 -2.37487483 0.84078788
v -0.67529076 -2.35252094 0.87917709
v -0.58947593 -2.6854794 0.85322868
v -0.66599977 -2.54448461 0.82978463
v -0.73605132 -2.40136742 0.80351615
v -0.79916614 -2.25580072 0.77124959
v -0.76433104 -2.23040318 0.8068692
v -0.71134644 -2.57768893 0.79262006
v -0.78009676 -2.43232774 0.76619285
v -0.84281754 -2.28502559 0.73464548
v -0.90078997 -2.13649201 0.69601023
v -0.8565253 -2.10758066 0.73089319
v -0.83380627 -2.46612548 0.7307769
v -0.89728987 -2.3175497 0.6989476
v -0.95589911 -2.16862368 0.6606847
v -1.01033735 -2.01980543 0.6137439
v -0.95607233 -1.98771095 0.64721792
v -0.96285361 -2.35290718 0.66525638
v -1.0216906 -2.20306539 0.62712431
v -1.0759958 -2.05412817 0.58118045
v -1.12803518 -1.90713346 0.52575713
v -1.06228196 -1.87170147 0.55541259
v -1.11747467 -2.24794077 0.59319382
v -1.17076396 -2.09839963 0.54875385
v -1.22264695 -1.95238399 0.49506065
v -1.27307617 -1.81041359 0.43031379
v -1.17900037 -1.76431596 0.45792594
v -1.30001556 -2.15275502 0.52260786
v -1.35068261 -2.00658655 0.47086787
v -1.39977765 -1.86464762 0.4076499
v -1.44584298 -1.72849082 0.33220058
v -1.319821 -1.67427921 0.35299584
v -1.48576378 -2.05744504 0.46117991
v -1.53470587 -1.91469562 0.39824828
v -1.5813446 -1.77798652 0.32284486
v -1.62429201 -1.64918553 0.23581032
v -1.48858666 -1.60064733 0.24615357
v -1.6450448 -1.95022702 0.40089732
v -1.6916517 -1.81213533 0.32401037
v -1.73444855 -1.68157684 0.23460452
v -1.77131712 -1.55867707 0.13529072
v -1.66155886 -1.529271 0.1394777
v -1.77669513 -1.83496463 0.33038637
v -1.82107281 -1.7028203 0.23886726
v -1.85994494 -1.57749939 0.13599278
v -1.88954126 -1.46205174 0.02332026
v -1.79890716 -1.44529581 0.02665615
v -1.88718509 -1.71658742 0.24410729
v -1.92729044 -1.58948504 0.13881456
v -1.95958828 -1.47174477 0.02282779
v -1.98205149 -1.3691504 -0.10448996
v -1.91105818 -1.36151135 -0.10059914
v -1.9842323 -1.59838044 0.14261138
v -2.01566171 -1.47758483 0.0235255
v -2.03664922 -1.37289238 -0.10669694
v -2.04411649 -1.2923628 -0.24829769
v -1.99299919 -1.29005491 -0.24280518
v -2.06577682 -1.48301661 0.02401368
v -2.0844798 -1.3771075 -0.10979875
v -2.09087157 -1.29582607 -0.25428775
v -2.08526325 -1.25121104 -0.40708825
v -2.03807187 -1.24861145 -0.40026184
v -2.12776136 -1.38386392 -0.11554766
v -2.13440227 -1.30081987 -0.26047641
v -2.12908935 -1.25226807 -0.4133788
v -2.10956096 -1.24508845 -0.57325369
v -2.06619811 -1.24620819 -0.56544297
v -2.17769408 -1.30485785 -0.26616549
v -2.1720817 -1.25141871 -0.41906499
v -2.15236377 -1.24096906 -0.58079683
v -2.11627173 -1.27107763 -0.74407535
v -2.07509541 -1.27808201 -0.73242896
v -2.20015502 -1.23723721 -0.41990813
v -2.17980146 -1.22337997 -0.5855751
v -2.14270257 -1.25144338 -0.75420188
v -2.08848404 -1.31641304 -0.91585844
v -2.06594252 -1.3385148 -0.89932805
v -2.17407298 -1.1817348 -0.58344185
v -2.12853765 -1.21347594 -0.75771445
v -2.0787971 -1.2792797 -0.92786848
v -2.02168083 -1.37090563 -1.08792161
v -2.02390503 -1.40633428 -1.06753134
v -2.1051948 -1.17402446 -0.75925236
v -2.05472564 -1.24215447 -0.9346162
v -1.99726724 -1.33567166 -1.09899115
v -1.92799687 -1.44755542 -1.2545073
v -1.95418846 -1.48288464 -1.24006521
v -2.02315473 -1.2018398 -0.94009089
v -1.96287393 -1.29714453 -1.10734868
v -1.89129459 -1.41032421 -1.26436972
v -1.80188417 -1.54209184 -1.40570366
v -1.8400855 -1.57830619 -1.39671468
v -1.918455 -1.25468134 -1.1142857
v -1.84422934 -1.37174975 -1.27012348
v -1.75325131 -1.50693225 -1.4059205
v -1.64407014 -1.65051257 -1.51434648
v -1.69248056 -1.68693852 -1.51967692
v -1.78757357 -1.33206665 -1.27247202
v -1.69475054 -1.46881735 -1.40258479
v -1.58894097 -1.61255443 -1.504444
v -1.46723496 -1.75583636 -1.58511829
v -1.51880574 -1.79591631 -1.59646379
v -1.62004673 -1.42490851 -1.39270281
v -1.5149188 -1.56487762 -1.48972809
v -1.39843618 -1.70506191 -1.56950104
v -1.27421903 -1.84381449 -1.63491749
v -1.33830201 -1.89409518 -1.64978635
v -1.40290665 -1.49636828 -1.46654629
v -1.29326093 -1.63358867 -1.5465579
v -1.1733762 -1.77117562 -1.61425304
v -1.05093491 -1.90692186 -1.67323792
v -1.1481589 -1.97898399 -1.69122803
v -1.1663357 -1.55597341 -1.52321934
v -1.05257225 -1.69273579 -1.59349763
v -0.93274283 -1.82725846 -1.65423023
v -0.81214594 -1.96200239 -1.70630919
v -0.92888939 -2.04291558 -1.72315311
v -0.93450897 -1.61736476 -1.57433748
v -0.81890273 -1.75109946 -1.63646316
v -0.70115512 -1.88438606 -1.69120466
v -0.58257567 -2.01807379 -1.73824429
v -0.69192224 -2.09671139 -1.75060534
v -0.72643345 -1.68531084 -1.62062907
v -0.61114817 -1.81777441 -1.67712783
v -0.49447915 -1.95096314 -1.726637
v -0.37796297 -2.08647275 -1.76688969
v -0.46504175 -2.15338087 -1.77618455
v -0.55190581 -1.77180087 -1.66569519
v -0.4351218 -1.90322411 -1.71670866
v -0.31837481 -2.03836441 -1.75847077
v -0.20319725 -2.17708563 -1.79268026
v -0.26271522 -2.22458481 -1.79919397
v -0.3852573 -1.86412715 -1.70454931
v -0.26864278 -1.99908745 -1.74745178
v -0.15335738 -2.13785648 -1.78340184
v -0.04128642 -2.28058052 -1.81098103
v -0.09127704 -2.31923008 -1.81875944
v -0.22770884 -1.96879291 -1.73389554
v -0.1124883 -2.10729765 -1.77104497
v -0.00013835 -2.25000381 -1.79979562
v 0.10896606 -2.3953967 -1.82154011
v 0.06714059 -2.42582607 -1.83179569
v -0.07682237 -2.0823853 -1.75374114
v 0.03533621 -2.22516608 -1.78278887
v 0.14499002 -2.37028479 -1.80533635
v 0.25182148 -2.51643037 -1.82136738
v 0.21527288 -2.54158043 -1.83708643
v 0.06167006 -2.21008443 -1.75328505
v 0.17206215 -2.3537414 -1.77693796
v 0.27930355 -2.49913144 -1.79359901
v 0.38420721 -2.64532518 -1.80424571
v 0.35661602 -2.6630342 -1.83158946
v 0.18172915 -2.35216403 -1.73638546
v 0.289108 -2.49591898 -1.75298988
v 0.39311784 -2.64166331 -1.76409351
v 0.49523669 -2.78799486 -1.77114617
v 0.48634704 -2.79263424 -1.81003367
v 0.2802042 -2.50677228 -1.71042144
v 0.38382431 -2.65120363 -1.72192502
v 0.48536825 -2.79660797 -1.72973024
v 0.58568662 -2.94188404 -1.73416292
v 0.59606397 -2.93409609 -1.77478814
v 0.36464023 -2.66791272 -1.68104946
v 0.46518066 -2.8125174 -1.69024741
v 0.5651223 -2.95702385 -1.69558548
v 0.66457206 -3.1018939 -1.69738292
v 0.68531912 -3.08741712 -1.73570752
v 0.43458557 -2.83585691 -1.65064895
v 0.53406655 -2.97957968 -1.65700018
v 0.63269799 -3.12425828 -1.65977418
v 0.7298783 -3.27134442 -1.66229271
v 0.76230216 -3.24902939 -1.69811439
v 0.49037832 -3.01102447 -1.61884045
v 0.58901375 -3.1549561 -1.62368142
v 0.6873523 -3.30084943 -1.62776637
v 0.7867304 -3.44763135 -1.63079869
v 0.82856363 -3.419528 -1.66392457
v 0.53663468 -3.19274926 -1.59112763
v 0.63620102 -3.33691167 -1.59681618
v 0.73617506 -3.48220515 -1.60114741
v 0.83772516 -3.62760567 -1.60480547
v 0.88820534 -3.59450435 -1.63327574
v 0.5752049 -3.38060426 -1.57070112
v 0.67659485 -3.52393364 -1.57601583
v 0.77848237 -3.66771078 -1.58003807
v 0.88082087 -3.81065034 -1.58045637
v 0.94096797 -3.77176642 -1.60446476
v 0.60423332 -3.57589912 -1.5568726
v 0.70688039 -3.71787738 -1.56140017
v 0.8081907 -3.85980057 -1.56272602
v 0.90857398 -4.00058603 -1.55949783
v 0.98175656 -3.95320749 -1.57723319
v 0.61290454 -3.78524446 -1.55290877
v 0.71525627 -3.92474007 -1.55511176
v 0.81501191 -4.06417226 -1.55199861
v 0.91240239 -4.20287895 -1.54339039
v 1.00522232 -4.1422677 -1.55025875
v 0.60874396 -4.00133752 -1.56602823
v 0.70875245 -4.13928127 -1.5632503
v 0.8056274 -4.27686309 -1.55482292
v 0.89929747 -4.41450309 -1.5399214
v 1.00617802 -4.34234714 -1.5277605
v 0.61994576 -4.20397138 -1.58962941
v 0.71392583 -4.34300994 -1.58255779
v 0.80361574 -4.4828124 -1.56914675
v 0.88958686 -4.62334871 -1.54811441
v 0.9880414 -4.5532484 -1.51684641
v 0.64457362 -4.39401054 -1.61810278
v 0.73327446 -4.53497123 -1.60662615
v 0.81831282 -4.67688942 -1.58742499
v 0.9004026 -4.81935834 -1.55962407
v 0.97288829 -4.76395988 -1.518718
v 0.6811437 -4.57437372 -1.64688992
v 0.7660796 -4.71717166 -1.62862539
v 0.84747946 -4.86114549 -1.6019715
v 0.92781662 -5.00541257 -1.5677061
v 0.98144501 -4.96150207 -1.52366852
v 0.72487676 -4.74793243 -1.66841483
v 0.80655992 -4.89269542 -1.64460003
v 0.88622736 -5.03893566 -1.61258828
v 0.96658283 -5.18404674 -1.56893348
v 1.00849032 -5.14812517 -1.52331864
v 0.77568346 -4.91640853 -1.68533146
v 0.85637348 -5.06349563 -1.65546834
v 0.93621307 -5.21134376 -1.61461997
v 1.01653003 -5.35828399 -1.56118142
v 1.04974103 -5.32743549 -1.51431703
v 0.83559531 -5.0823946 -1.69602489
v 0.91336584 -5.2326641 -1.65644347
v 0.99088317 -5.38330316 -1.60438823
v 1.07269072 -5.53398227 -1.54273378
v 1.10013985 -5.5049901 -1.49607372
v 0.89751738 -5.24992752 -1.69675064
v 0.97425144 -5.40317916 -1.64669883
v 1.05265951 -5.55758237 -1.58626222
v 1.13632261 -5.71335887 -1.51784658
v 1.1571778 -5.68481111 -1.47305822
v 0.96447718 -5.41919231 -1.68853771
v 1.04137659 -5.57640886 -1.62909281
v 1.12517678 -5.73531723 -1.56063783
v 1.21995091 -5.89938211 -1.47759664
v 1.2301718 -5.87112712 -1.43780565
v 1.04293549 -5.58872556 -1.67179358
v 1.12701666 -5.74991226 -1.60220992
v 1.21696507 -5.92070865 -1.51696646
v 1.32155633 -6.0982294 -1.40744423
v 1.32410705 -6.07203769 -1.37075233
v 1.14477086 -5.75375938 -1.63970351
v 1.23011326 -5.93021535 -1.55421865
v 1.32811331 -6.1170063 -1.44335734
v 1.44284272 -6.31636858 -1.29173672
v 1.43592393 -6.2886095 -1.26066839
v 1.26303029 -5.92088556 -1.5752958
v 1.35299587 -6.12166929 -1.47476816
v 1.4592123 -6.33843088 -1.32457435
v 1.56339561 -6.52556705 -1.13228797
v 1.54634285 -6.49509239 -1.10747838
v 1.39219045 -6.10551548 -1.48728489
v 1.49545466 -6.33909654 -1.34688282
v 1.59570121 -6.54216289 -1.15527498
v 1.67317736 -6.67819643 -0.90023499
v 1.64080357 -6.65149211 -0.88874191
v 1.53592205 -6.32184171 -1.35091912
v 1.63654029 -6.54149961 -1.16960096
v 1.71357917 -6.68721199 -0.9093309
v 1.73734486 -6.71086216 -0.57335799
v 1.68799138 -6.69399976 -0.58113336
v 1.67525208 -6.51907348 -1.16689217
v 1.76233685 -6.67223358 -0.91342479
v 1.7777152 -6.69321584 -0.57325977
v 1.66613698 -6.57547235 -0.27754777
v 1.62691855 -6.5956974 -0.2825455
v 1.79857373 -6.63578701 -0.90761333
v 1.82151579 -6.65566539 -0.5765118
v 1.70276665 -6.54078674 -0.28564435
v 1.51159381 -6.37802934 -0.09263206
v 1.48070287 -6.41018533 -0.08596226
v 1.847507 -6.60775804 -0.5824939
v 1.73563849 -6.50201559 -0.30039811
v 1.54147326 -6.34240531 -0.10328553
v 1.36113512 -6.16994333 0.05195627
v 1.33336305 -6.20873355 0.05829068
v 1.77032792 -6.4526515 -0.31590268
v 1.57332086 -6.30120849 -0.11505246
v 1.39138412 -6.12528991 0.04443857
v 1.2588582 -5.9623661 0.16506296
v 1.22422587 -6.01136541 0.17105254
v 1.60611879 -6.25173044 -0.12818028
v 1.42305934 -6.07423067 0.03658149
v 1.30117011 -5.90438985 0.15904668
v 1.21346545 -5.75302362 0.25529944
v 1.15716731 -5.82387924 0.26241359
v 1.46354639 -6.0038495 0.02564157
v 1.36239254 -5.8223834 0.14249329
v 1.2914009 -5.65914106 0.24310289
v 1.21850836 -5.52151823 0.33326914
v 1.13511288 -5.62294054 0.3411577
v 1.43614018 -5.72966909 0.11951048
v 1.38134384 -5.55910539 0.22215776
v 1.31529891 -5.40992116 0.32091233
v 1.22554242 -5.28177928 0.41739928
v 1.12681663 -5.39913463 0.42087692
v 1.4789654 -5.46107959 0.1857949
v 1.41835629 -5.30778121 0.29958602
v 1.32684159 -5.17689704 0.41070321
v 1.21778547 -5.0587964 0.51407629
v 1.12191486 -5.16234254 0.51389461
v 1.506006 -5.22773075 0.27593237
v 1.41108822 -5.10163927 0.40219652
v 1.29787039 -4.98314666 0.51291227
v 1.17919969 -4.8694148 0.61332464
v 1.10146009 -4.94646453 0.61258775
v 1.47116839 -5.04812336 0.3941437
v 1.35652804 -4.93151283 0.5117672
v 1.23519647 -4.81789684 0.6122902
v 1.11463463 -4.70852041 0.7055695
v 1.05978238 -4.75901508 0.70471131
v 1.40560877 -4.88351774 0.50792473
v 1.28263878 -4.77139091 0.6101095
v 1.16125524 -4.66282129 0.70449554
v 1.03861331 -4.55459356 0.78930991
v 0.9918971 -4.59953975 0.78870016
v 1.31881201 -4.73050499 0.60321515
v 1.19824123 -4.621984 0.69870883
v 1.07800126 -4.51377344 0.78662383
v 0.95455473 -4.40574026 0.8665052
v 0.9142341 -4.44693279 0.86850321
v 1.22524309 -4.58294773 0.68354868
v 1.10830164 -4.47462415 0.7747578
v 0.98714739 -4.3666768 0.85710656
v 0.86535978 -4.25931596 0.93598765
v 0.83024448 -4.29702186 0.94155848
v 1.11611497 -4.43988943 0.73896127
v 0.99715143 -4.33250331 0.82229763
v 0.87732416 -4.22503233 0.89964348
v 0.75829237 -4.11284923 0.96817481
v 0.74145925 -4.14538908 1.00060963
v 0.97807884 -4.31959867 0.77480489
v 0.85856264 -4.21519184 0.85101443
v 0.7397136 -4.1071062 0.91919112
v 0.62250691 -3.99257636 0.97709423
v 0.63827627 -3.9957726 1.02613234
v 0.82644724 -4.22031164 0.80530309
v 0.7082141 -4.1156249 0.87364971
v 0.59262913 -4.00391578 0.93081098
v 0.48037123 -3.88677835 0.97442269
v 0.50838661 -3.87289953 1.02096581
v 0.66849577 -4.13509035 0.83330482
v 0.55433523 -4.02574491 0.89043813
v 0.44305154 -3.91130971 0.93478852
v 0.33521267 -3.79140949 0.96470111
v 0.37043613 -3.76573443 1.0043497
v 0.50835186 -4.05654096 0.85454607
v 0.39888036 -3.94355511 0.90005707
v 0.29198694 -3.82517409 0.92916399
v 0.18806235 -3.70103001 0.94439482
v 0.22981637 -3.66666078 0.98047769
v 0.34867319 -3.98240637 0.86814832
v 0.24311907 -3.86436915 0.89633584
v 0.13933491 -3.74206471 0.91129356
v 0.03588968 -3.61749267 0.9142189
v 0.08409221 -3.57543778 0.94844913
v 0.18189486 -3.91532301 0.86265897
v 0.0791298 -3.79402232 0.87803775
v -0.02112399 -3.66794157 0.8790543
v -0.12224771 -3.54139709 0.87085139
v -0.06710691 -3.49179554 0.90678507
v -0.00490377 -3.86769986 0.83977329
v -0.10490172 -3.74296188 0.83804345
v -0.20391997 -3.61634826 0.82633125
v -0.30456614 -3.48982834 0.81005603
v -0.22463862 -3.41668105 0.85670965
v -0.22422879 -3.84913301 0.78983283
v -0.32340818 -3.72341823 0.77489078
v -0.42190578 -3.59435749 0.75673747
v -0.5190978 -3.45784854 0.73882174
v -0.40476387 -3.36254072 0.79474151
v -0.45855611 -3.83403039 0.7311005
v -0.55606061 -3.69642233 0.71066653
v -0.65152716 -3.54916524 0.69243997
v -0.74411231 -3.39678812 0.68095618
v -0.61201179 -3.31427717 0.72805714
v -0.68322491 -3.78092002 0.68175351
v -0.77879411 -3.6262207 0.66410851
v -0.87225669 -3.46774339 0.65279507
v -0.96263307 -3.30798769 0.64563155
v -0.83179944 -3.24266147 0.67282146
v -0.8790428 -3.68442964 0.65548098
v -0.97744679 -3.52390027 0.6448034
v -1.07267701 -3.36165189 0.63965094
v -1.16102051 -3.19852113 0.63499558
v -1.046736 -3.14750599 0.6393423
v -1.06424856 -3.57043504 0.65416026
v -1.16167199 -3.40652751 0.65046739
v -1.25095367 -3.24032378 0.64659786
v -1.32906186 -3.07292723 0.64276808
v -1.2396171 -3.03454756 0.62995296
v -1.22967362 -3.44227886 0.67039275
v -1.31927359 -3.27364492 0.6681202
v -1.39922511 -3.10450339 0.66515123
v -1.46952056 -2.93685483 0.65719801
v -1.3967415 -2.90654373 0.63497215
v -1.37623608 -3.3028264 0.69794005
v -1.45899713 -3.13242602 0.69433295
v -1.53159463 -2.9624834 0.68617773
v -1.59407246 -2.793473 0.6691665
v -1.5310105 -2.77092552 0.64235168
v -1.50617694 -3.15432834 0.72883045
v -1.58129489 -2.98195982 0.71809715
v -1.64562368 -2.81030297 0.69900906
v -1.70370507 -2.6419568 0.67120039
v -1.65047633 -2.62685298 0.64358615
v -1.61939621 -2.99557399 0.75327783
v -1.6864413 -2.82196641 0.73140472
v -1.74657893 -2.65227556 0.70026981
v -1.80336248 -2.4858179 0.65969938
v -1.75911653 -2.47730255 0.63329958
v -1.71790278 -2.82838749 0.7682482
v -1.78029334 -2.65774846 0.73353129
v -1.84082973 -2.49066495 0.68854439
v -1.89413988 -2.32886171 0.63000154
v -1.85598743 -2.3245716 0.60577261
v -1.79661798 -2.65486812 0.77171027
v -1.86537778 -2.48977685 0.72188115
v -1.92134392 -2.32628607 0.66030615
v -1.97454881 -2.17037391 0.58232283
v -1.94414734 -2.17228841 0.55702048
v -1.84577155 -2.47159481 0.75599813
v -1.90422964 -2.30824136 0.69082999
v -1.95190286 -2.15101862 0.60575932
v -1.99273276 -2.00161743 0.51201778
v -2.0212264 -2.02174282 0.495516
v -1.86243903 -2.28683996 0.70733183
v -1.9129951 -2.1277585 0.62469553
v -1.95806121 -1.97719883 0.53160363
v -2.00129532 -1.83485293 0.42723602
v -2.03275036 -1.86074888 0.40754926
v -1.86853408 -2.10426735 0.64165365
v -1.91752398 -1.95161068 0.55035364
v -1.96492636 -1.80753111 0.44719898
v -2.0106759 -1.67107665 0.33351251
v -2.04409122 -1.69975721 0.31302276
v -1.86774194 -1.92509317 0.56634616
v -1.91871869 -1.77962505 0.46441447
v -1.96889555 -1.64074027 0.35374635
v -2.01289224 -1.50591135 0.2314701
v -2.05176782 -1.53801405 0.20933722
v -1.86521327 -1.75006866 0.4813584
v -1.91778791 -1.6107552 0.37153193
v -1.96410393 -1.47352981 0.25313267
v -1.99854159 -1.33700096 0.12386237
v -2.04625034 -1.37343084 0.09893477
v -1.84800922 -1.57567346 0.39263579
v -1.89486801 -1.43752527 0.2784186
v -1.9296801 -1.29692137 0.1553279
v -1.956079 -1.15874826 0.02062189
v -2.02542257 -1.2053684 -0.01492109
v -1.77910041 -1.39091301 0.31163945
v -1.81698894 -1.25007879 0.19655965
v -1.84730732 -1.10414826 0.06741761
v -1.87304341 -0.96378862 -0.09380573
v -1.97533381 -1.03379094 -0.13641227
v -1.66778719 -1.19207525 0.22997339
v -1.70925748 -1.04647874 0.09989348
v -1.74152314 -0.90100336 -0.06087984
v -1.74854707 -0.80610483 -0.27365949
v -1.8785938 -0.86705398 -0.29789379
v -1.57837534 -0.99247002 0.11389602
v -1.61037969 -0.8552069 -0.05127782
v -1.61741268 -0.76343721 -0.26112943
v -1.60492956 -0.7377519 -0.49785643
v -1.73335099 -0.78377765 -0.51340669
v -1.50554084 -0.82646906 -0.04833288
v -1.51180243 -0.74217438 -0.2556456
v -1.49676597 -0.70698761 -0.4829587
v -1.45424532 -0.72921371 -0.70080542
v -1.56474781 -0.77138257 -0.72280812
v -1.43445885 -0.72967141 -0.25044328
v -1.41520404 -0.68996423 -0.46794262
v -1.36925149 -0.69985473 -0.67990285
v -1.30313408 -0.76335787 -0.8714922
v -1.38692295 -0.79777497 -0.89380329
v -1.35180366 -0.68022459 -0.45400685
v -1.30389237 -0.68437916 -0.66051983
v -1.23774826 -0.74117994 -0.8507452
v -1.16503393 -0.84037292 -1.01350641
v -1.22806572 -0.86592733 -1.03213465
v -1.24553203 -0.67931366 -0.64062267
v -1.18039465 -0.72905933 -0.83002996
v -1.10992896 -0.82494598 -0.99395471
v -1.0346502 -0.94438588 -1.12909174
v -1.08810138 -0.96153903 -1.1489439
v -1.13313734 -0.7320885 -0.80832058
v -1.06332087 -0.82457953 -0.97032928
v -0.98857379 -0.93756055 -1.10537457
v -0.90766394 -1.05724656 -1.22099113
v -0.95358616 -1.06863701 -1.24464941
v -1.02656579 -0.83875793 -0.94136405
v -0.95039087 -0.94329291 -1.0759052
v -0.86964589 -1.05730915 -1.19196951
v -0.78738963 -1.17813122 -1.29165077
v -0.8235172 -1.18065559 -1.32169914
v -0.92846727 -0.96617955 -1.04158663
v -0.84864234 -1.07757234 -1.15424335
v -0.76754164 -1.19547665 -1.25174725
v -0.68043589 -1.31390512 -1.33694171
v -0.69853013 -1.29946577 -1.37786853
v -0.84111273 -1.10693085 -1.11707353
v -0.76091951 -1.22260606 -1.2114433
v -0.67454576 -1.33872842 -1.29512071
v -0.58038681 -1.45560646 -1.37063479
v -0.58427053 -1.43287932 -1.41271948
v -0.76856279 -1.25753676 -1.17455494
v -0.68250739 -1.37255179 -1.25575375
v -0.59012651 -1.48844432 -1.32997334
v -0.49177479 -1.60580611 -1.39945817
v -0.4803873 -1.57482779 -1.43987286
v -0.70510429 -1.41362023 -1.22182428
v -0.61424708 -1.52934598 -1.2944777
v -0.51677048 -1.64573657 -1.36273968
v -0.41199874 -1.76344037 -1.42296075
v -0.38717743 -1.72505927 -1.46117734
v -0.65067446 -1.57522761 -1.26621186
v -0.55314832 -1.69168472 -1.33132791
v -0.44990289 -1.80967903 -1.38899827
v -0.34435546 -1.93017196 -1.44031918
v -0.30496633 -1.88421893 -1.47610473
v -0.60109204 -1.74168598 -1.30664169
v -0.4997901 -1.86010789 -1.36216986
v -0.39526301 -1.9808948 -1.41194379
v -0.28776073 -2.10440564 -1.45295369
v -0.23613116 -2.05387735 -1.48453891
v -0.56343269 -1.91506218 -1.3432883
v -0.45961812 -2.03631305 -1.39144051
v -0.35280588 -2.16020679 -1.42891538
v -0.24741217 -2.28748202 -1.46073901
v -0.18085418 -2.23169469 -1.48630428
v -0.54099422 -2.09895491 -1.37912011
v -0.43689301 -2.22504568 -1.41483354
v -0.33178854 -2.35301184 -1.4439454
v -0.22738255 -2.48312974 -1.46888101
v -0.14165031 -2.41753339 -1.48700594
v -0.53713494 -2.29734301 -1.4138416
v -0.4341849 -2.42778444 -1.44233787
v -0.33139535 -2.55939006 -1.46558594
v -0.22846041 -2.69242739 -1.48363447
v -0.1233496 -2.61548686 -1.48806333
v -0.54388386 -2.50624799 -1.45673024
v -0.44021636 -2.6381421 -1.47970295
v -0.33657234 -2.77157306 -1.49603343
v -0.23248288 -2.905972 -1.50924217
v -0.12425139 -2.82630515 -1.49680066
v -0.53304195 -2.70486617 -1.50568985
v -0.42883989 -2.83890724 -1.52252495
v -0.32544687 -2.97457742 -1.53618657
v -0.22199755 -3.1113305 -1.54755401
v -0.12847036 -3.04153347 -1.52031338
v -0.50181233 -2.89190101 -1.55691123
v -0.39751219 -3.0278306 -1.5706973
v -0.29298535 -3.16430568 -1.58170378
v -0.1871407 -3.30026078 -1.59162485
v -0.1178852 -3.24825096 -1.55784082
v -0.45534744 -3.07029509 -1.60957431
v -0.34982165 -3.2064135 -1.62023901
v -0.24271053 -3.3419528 -1.63005042
v -0.13526883 -3.47762703 -1.63836038
v -0.08078531 -3.43645286 -1.60034298
v -0.39546749 -3.24024391 -1.66180872
v -0.28743073 -3.37590026 -1.67123615
v -0.1790599 -3.51097106 -1.67901563
v -0.07051764 -3.64578795 -1.68456316
v -0.02739464 -3.61301899 -1.64458692
v -0.32142096 -3.40159893 -1.71344614
v -0.2123038 -3.53641676 -1.72038602
v -0.10352837 -3.67067909 -1.72511172
v 0.00548461 -3.80422473 -1.73031711
v 0.03851112 -3.77969861 -1.68991971
v -0.23527155 -3.5536344 -1.76008451
v -0.12607407 -3.68746304 -1.76435518
v -0.01751488 -3.82101941 -1.76932442
v 0.0901005 -3.95490765 -1.77476942
v 0.11352449 -3.93805837 -1.73539388
v -0.13959842 -3.69729352 -1.80334293
v -0.0304091 -3.83003783 -1.80789578
v 0.07686895 -3.96408462 -1.81309914
v 0.18352322 -4.09917068 -1.81556952
v 0.19652675 -4.09022283 -1.77746915
v -0.03248904 -3.83069729 -1.84656024
v 0.07391239 -3.96528649 -1.8511939
v 0.17963931 -4.10134315 -1.85320699
v 0.28385356 -4.23745822 -1.85089039
v 0.28805011 -4.2346692 -1.814314
v 0.08322115 -3.95712781 -1.8837465
v 0.18778905 -4.09459829 -1.88515615
v 0.29056772 -4.23274612 -1.88292479
v 0.38593033 -4.37505579 -1.88209748
v 0.38040766 -4.37801027 -1.84794437
v 0.21196603 -4.07623958 -1.90145289
v 0.31272867 -4.21709632 -1.90254116
v 0.41056126 -4.35939168 -1.90002739
v 0.50720775 -4.50275564 -1.89409732
v 0.48065835 -4.51850366 -1.8752923
v 0.34468603 -4.19430208 -1.90565729
v 0.44293355 -4.33773136 -1.90157008
v 0.53952169 -4.48262834 -1.89474153
v 0.63386321 -4.62791061 -1.88627266
v 0.60004925 -4.64769125 -1.88574695
v 0.47988939 -4.31291818 -1.90035665
v 0.576496 -4.45944356 -1.89341294
v 0.67101043 -4.60604906 -1.88435924
v 0.76193887 -4.75349426 -1.87186324
v 0.7242614 -4.77461481 -1.87407684
v 0.61996227 -4.43214416 -1.89108824
v 0.71365219 -4.58076858 -1.88108468
v 0.80408293 -4.72966814 -1.86762905
v 0.89101088 -4.88134002 -1.84757316
v 0.84835565 -4.90442848 -1.85322809
v 0.76345992 -4.55147981 -1.87708807
v 0.85231858 -4.70250368 -1.86276197
v 0.93820518 -4.85567808 -1.84079313
v 1.02155995 -5.01044845 -1.81350207
v 0.97343325 -5.03604984 -1.82129144
v 0.91208899 -4.66754436 -1.85591483
v 0.99712872 -4.82249975 -1.831658
v 1.08141076 -4.97718668 -1.80211043
v 1.16326057 -5.13304996 -1.7673968
v 1.10187518 -5.16664505 -1.78001964
v 1.08450353 -4.76857185 -1.81733298
v 1.17045581 -4.92385864 -1.78586852
v 1.25274026 -5.08016443 -1.74874079
v 1.33104121 -5.23592472 -1.7056514
v 1.24188637 -5.28795766 -1.72636318
v 1.27511918 -4.85638141 -1.76683354
v 1.36035704 -5.0136466 -1.72713887
v 1.43977224 -5.1717906 -1.67798447
v 1.50622534 -5.33339357 -1.62474072
v 1.39924931 -5.39212322 -1.6556102
v 1.46543526 -4.95170354 -1.70423519
v 1.55123543 -5.11275672 -1.64879012
v 1.62282383 -5.28092622 -1.58139956
v 1.67240941 -5.44987058 -1.51136815
v 1.55540716 -5.50025892 -1.56582164
v 1.6296997 -5.07282114 -1.62623202
v 1.70783472 -5.24129056 -1.54782843
v 1.76896643 -5.41043186 -1.45389926
v 1.76707756 -5.20385265 -1.519526
v 1.83359599 -5.36833763 -1.41173052
v 1.81456041 -5.16793823 -1.49611556
v 1.87633848 -5.32622623 -1.38224375
v 1.84699451 -5.13733243 -1.47389435
v 1.90766251 -5.28968668 -1.35799324
v 1.86965668 -5.111207 -1.45291733
v 1.92723286 -5.2581439 -1.33588337
v 1.88129603 -5.0874052 -1.43011868
v 1.94099962 -5.22955656 -1.3149451
v 1.97926652 -5.36658096 -1.18632555
v 1.94794678 -5.20135641 -1.29286527
v 1.98299741 -5.33533859 -1.16717219
v 2.00881409 -5.44986772 -1.04047989
v 1.97775077 -5.30956983 -1.15089905
v 2.00706958 -5.41926097 -1.02752959
v 2.01391315 -5.5062313 -0.90585839
v 1.98215735 -5.39571285 -1.01482391
v 1.995314 -5.47468853 -0.89798587
v 2.00038933 -5.52739048 -0.78422385
v 1.9664402 -5.45397234 -0.89353007
v 1.97138702 -5.50250387 -0.78290522
v 1.97242033 -5.52165317 -0.67361724
v 1.93667674 -5.48662328 -0.78450185
v 1.93704736 -5.50509882 -0.67879688
v 1.92909658 -5.49769449 -0.57622069
v 1.89795017 -5.49682378 -0.68529421
v 1.88893187 -5.48894882 -0.5850057
v 1.86907494 -5.45346307 -0.48561671
v 1.84522271 -5.48990535 -0.59413242
v 1.82273507 -5.45375156 -0.49732926
v 1.78481257 -5.38532877 -0.40002545
v 1.77091872 -5.4640007 -0.50883406
v 1.72880327 -5.39503955 -0.41514706
v 1.67129468 -5.30321025 -0.31832611
v 1.66733884 -5.41971826 -0.42712852
v 1.605044 -5.32935094 -0.33377814
v 1.53387677 -5.22314214 -0.23391053
v 1.53356766 -5.37717342 -0.34155589
v 1.45768046 -5.27413511 -0.2440318
v 1.37484848 -5.16773748 -0.1375456
v 1.37735652 -5.35485744 -0.24533307
v 1.28832125 -5.25675439 -0.14290015
v 1.19105291 -5.16554164 -0.0382538
v 1.20110607 -5.3835721 -0.13611957
v 1.10247957 -5.29667425 -0.03727742
v 0.99447178 -5.21148204 0.05795091
v 1.02156531 -5.43928766 -0.01714184
v 0.91170829 -5.34990882 0.0725653
v 0.79759287 -5.25718593 0.1602343
v 0.84649103 -5.46687364 0.09968375
v 0.73439174 -5.36741113 0.18338614
v 0.62052589 -5.26620912 0.26520457
v 0.69152355 -5.44835138 0.20996807
v 0.57673221 -5.34722518 0.28914272
v 0.46054551 -5.24746418 0.36656579
v 0.54236763 -5.41673374 0.31923931
v 0.42477613 -5.3179655 0.39601662
v 0.30460766 -5.21958828 0.46899032
v 0.39781233 -5.37741613 0.43040534
v 0.27555179 -5.27963876 0.50134646
v 0.15009573 -5.18258333 0.56789296
v 0.2560994 -5.32945203 0.53822553
v 0.12950573 -5.23140192 0.60487383
v -0.00023038 -5.12759542 0.66401356
v 0.11971578 -5.26773357 0.64513224
v -0.0138743 -5.16348266 0.70328664
v -0.14902409 -5.04777002 0.74944973
v -0.01692976 -5.18797874 0.7467212
v -0.15487307 -5.07034778 0.792212
v -0.29681092 -4.94595336 0.82725799
v -0.14905391 -5.07869243 0.83684778
v -0.29130613 -4.95271539 0.87279409
v -0.43746274 -4.81993341 0.89972084
v -0.26881083 -4.93854618 0.91089367
v -0.41627419 -4.80576324 0.93840551
v -0.56338274 -4.66132974 0.95359504
v -0.38299989 -4.77639913 0.96076697
v -0.52909624 -4.63257741 0.97443068
v -0.66908198 -4.47832441 0.97768908
v -0.48751959 -4.59669208 0.98656672
v -0.62492847 -4.4437561 0.99082595
v -0.75211906 -4.28269815 0.98849755
v -0.57314473 -4.40327405 1.00109911
v -0.69889104 -4.24469089 0.99930942
v -0.81626105 -4.082026 0.99245703
v -0.64216685 -4.2040143 1.00987708
v -0.7594366 -4.04431963 1.0040456
v -0.86827194 -3.881747 0.99612313
v -0.68204778 -3.99193358 1.01890623
v -0.79132568 -3.83257389 1.01154303
v -0.89549738 -3.67132473 1.00214469
v -0.68985867 -3.76683545 1.03113162
v -0.79572212 -3.60908842 1.02149629
v -0.89530313 -3.44868087 1.01002788
v -0.66646212 -3.52626729 1.0463227
v -0.76628863 -3.37224769 1.03427624
v -0.86128753 -3.21583128 1.01993596
v -0.63976669 -3.29248786 1.0582056
v -0.73400968 -3.14331197 1.04325509
v -0.82276344 -2.99097943 1.02562058
v -0.63083839 -3.07909178 1.0620886
v -0.72255402 -2.93350577 1.04337406
v -0.80525177 -2.78103232 1.02202105
v -0.64486265 -2.88413882 1.05754339
v -0.72982472 -2.73598241 1.03495419
v -0.80795091 -2.58336949 1.00826299
v -0.67611384 -2.7014985 1.04326975
v -0.75438964 -2.55171966 1.01602292
v -0.82584053 -2.3992176 0.9842289
v -0.70484781 -2.52256965 1.02212607
v -0.77674239 -2.3736298 0.9904766
v -0.84238594 -2.22102236 0.95270645
v -0.73159533 -2.35114932 0.9933567
v -0.79691672 -2.20118522 0.95550578
v -0.85668081 -2.04525804 0.91074949
v -0.75360083 -2.18409085 0.95273488
v -0.81269705 -2.02947616 0.90933853
v -0.86964219 -1.87022507 0.85214155
v -0.78111225 -2.02618479 0.88412171
v -0.83822071 -1.86931157 0.82820105
v -0.8935309 -1.71427667 0.75479453
v -0.83492803 -1.88476216 0.78887331
v -0.88917857 -1.73104286 0.71922272
v -0.93624246 -1.58191919 0.63248115
v -0.90521562 -1.75454247 0.68388533
v -0.95480662 -1.60684716 0.60138052
v -0.99984121 -1.46597719 0.50706177
v -0.98125553 -1.63343298 0.57182037
v -1.02702927 -1.49310588 0.48059812
v -1.06959164 -1.35836577 0.37763011
v -1.0623089 -1.52250063 0.45446285
v -1.10501694 -1.38794302 0.35549932
v -1.14625263 -1.26054322 0.24599988
v -1.14846348 -1.42051649 0.3330703
v -1.18802714 -1.29409718 0.22736294
v -1.22684884 -1.17907011 0.11278025
v -1.23775577 -1.33000707 0.20911189
v -1.27580797 -1.21843457 0.09687095
v -1.3103038 -1.12468254 -0.02445499
v -1.34387552 -1.26569497 0.07949563
v -1.37761092 -1.17412543 -0.03949567
v -1.39982092 -1.10349297 -0.16788421
v -1.4687196 -1.22898936 -0.05472632
v -1.49008667 -1.15793776 -0.18279182
v -1.49261605 -1.11493516 -0.32089054
v -1.60785043 -1.21098196 -0.19752208
v -1.60847163 -1.16466319 -0.33792799
v -1.5866692 -1.15959227 -0.48316568
v -1.72093558 -1.20091998 -0.35558185
v -1.70057487 -1.19512128 -0.50219374
v -1.66622149 -1.22851014 -0.64174002
v -1.80265498 -1.21943593 -0.51916754
v -1.77089738 -1.25390529 -0.66213357
v -1.72743892 -1.31900918 -0.79326796
v -1.86003387 -1.26899778 -0.6809681
v -1.81435191 -1.33583962 -0.81592959
v -1.75847196 -1.42552769 -0.93895632
v -1.88187837 -1.34532618 -0.83475446
v -1.82389116 -1.43628215 -0.96190655
v -1.75642621 -1.54437351 -1.07741165
v -1.87882792 -1.44150745 -0.98308354
v -1.81165361 -1.55166113 -1.10391593
v -1.73148584 -1.67299783 -1.21313214
v -1.8593502 -1.55302667 -1.13012373
v -1.77861201 -1.67707574 -1.24516439
v -1.68266809 -1.80826985 -1.34642779
v -1.8170855 -1.67425906 -1.2777971
v -1.71950674 -1.80947887 -1.38431763
v -1.60777437 -1.94580566 -1.47353863
v -1.7473967 -1.80248928 -1.42406451
v -1.6299107 -1.94200849 -1.51472854
v -1.50603628 -2.07694482 -1.5844134
v -1.63941156 -1.92719411 -1.55629026
v -1.5086143 -2.06198501 -1.6247462
v -1.38725256 -2.19831228 -1.68019104
v -1.49811732 -2.03824544 -1.65714812
v -1.37055087 -2.17321944 -1.70828735
v -1.248582 -2.30936694 -1.7542237
v -1.3411858 -2.14340186 -1.71719169
v -1.21895849 -2.28004264 -1.76263439
v -1.09796154 -2.41738724 -1.79996311
v -1.18350923 -2.24787235 -1.76362848
v -1.0626285 -2.38529729 -1.8018099
v -0.94299167 -2.52203702 -1.83200144
v -1.02008175 -2.34783601 -1.79865562
v -0.90051728 -2.48501873 -1.82924115
v -0.78352814 -2.62195086 -1.85304582
v -0.85149836 -2.44276428 -1.82307708
v -0.73411703 -2.5802052 -1.84710121
v -0.61853259 -2.71746063 -1.86473321
v -0.66873061 -2.52651858 -1.83807683
v -0.55310231 -2.66402554 -1.85692405
v -0.43899503 -2.80239081 -1.87068545
v -0.45972004 -2.59195208 -1.8468939
v -0.34822523 -2.73217487 -1.86219406
v -0.23856285 -2.87195634 -1.87338483
v -0.23326623 -2.64799404 -1.85309112
v -0.1247289 -2.78792548 -1.8650757
v -0.01907067 -2.92857337 -1.87371647
v -0.01989771 -2.71201658 -1.8585515
v 0.08637786 -2.85290646 -1.86750054
v 0.1883043 -2.99653506 -1.87366259
v 0.16730859 -2.79537224 -1.86346435
v 0.2694984 -2.94053602 -1.86919617
v 0.36932653 -3.08755135 -1.87268292
v 0.32822334 -2.90007281 -1.86611342
v 0.428952 -3.04707455 -1.86884987
v 0.52689707 -3.1958034 -1.87019276
v 0.48165789 -3.01115346 -1.86347913
v 0.5799734 -3.15942001 -1.8644042
v 0.67640996 -3.30997991 -1.86419594
v 0.62387925 -3.12928724 -1.85461247
v 0.72179818 -3.27833032 -1.85374856
v 0.81982308 -3.43008327 -1.85264217
v 0.75776493 -3.25322222 -1.83715605
v 0.85711336 -3.40376472 -1.83589959
v 0.9570468 -3.55690312 -1.83397436
v 0.88538926 -3.38363814 -1.81031405
v 0.98589813 -3.53623914 -1.80841648
v 1.08802008 -3.6880629 -1.81120848
v 1.00038492 -3.52493071 -1.77345168
v 1.10249984 -3.67638421 -1.77581489
v 1.19959414 -3.83093929 -1.76822173
v 1.09120738 -3.68139624 -1.73498082
v 1.19150888 -3.83280158 -1.72933685
v 1.2885003 -3.9858427 -1.71686315
v 1.16854703 -3.84429931 -1.69328224
v 1.26535701 -3.99599456 -1.68258118
v 1.35824239 -4.14884996 -1.66326427
v 1.23372113 -4.01156997 -1.65062129
v 1.32727253 -4.16258621 -1.63314557
v 1.41655373 -4.31407403 -1.60818171
v 1.28626895 -4.18231678 -1.60391879
v 1.37604928 -4.33151197 -1.58001565
v 1.46179831 -4.48063659 -1.54858648
v 1.32387685 -4.35586261 -1.55273091
v 1.41010844 -4.50226497 -1.52249062
v 1.49294245 -4.64678907 -1.48313832
v 1.3491286 -4.52971696 -1.49825549
v 1.43245744 -4.67103242 -1.45991349
v 1.51128077 -4.80902576 -1.41178727
v 1.35869336 -4.70582294 -1.44224691
v 1.43803906 -4.8410902 -1.39529609
v 1.51339006 -4.97089338 -1.33722674
v 1.34424161 -4.89256334 -1.38878881
v 1.42301273 -5.01951122 -1.3318957
v 1.50136256 -5.13802528 -1.26427364
v 1.32105934 -5.08897209 -1.34485328
v 1.40639078 -5.20446682 -1.27665245
v 1.49022436 -5.31030845 -1.20018529
v 1.3134154 -5.28625011 -1.30962514
v 1.40264296 -5.39177942 -1.2304064
v 1.48573005 -5.48812246 -1.14617776
v 1.32674801 -5.47704029 -1.27306199
v 1.41203045 -5.58319521 -1.19014811
v 1.49069285 -5.67643928 -1.09903419
v 1.35056853 -5.67236375 -1.24390351
v 1.43442654 -5.78847646 -1.14877235
v 1.51861107 -5.87744236 -1.03413486
v 1.39433288 -5.88144159 -1.20140743
v 1.49083995 -6.00348568 -1.07408237
v 1.55722403 -6.0627408 -0.92850428
v 1.46732926 -6.10438346 -1.12259709
v 1.55100166 -6.19587612 -0.95371443
v 1.57884824 -6.21760797 -0.78831452
v 1.54285693 -6.29617118 -0.9901635
v 1.58264637 -6.34182453 -0.80421292
v 1.5615071 -6.33499527 -0.62362796
v 1.58598542 -6.44044446 -0.82537126
v 1.56880426 -6.43602418 -0.61621701
v 1.4815092 -6.36394929 -0.4233835
v 1.57921183 -6.51535034 -0.60999876
v 1.48997998 -6.43014097 -0.39944776
v 1.35381221 -6.30897283 -0.23568542
v 1.50409233 -6.48730373 -0.37427932
v 1.36035537 -6.35422897 -0.20341761
v 1.20913708 -6.21485853 -0.07417175
v 1.37180161 -6.39063262 -0.17184691
v 1.21462249 -6.24463272 -0.03842958
v 1.07483995 -6.11160373 0.07039538
v 1.22530639 -6.2670021 -0.00342991
v 1.0848031 -6.12988424 0.10795337
v 0.96240222 -6.01308393 0.20309077
v 1.10429275 -6.13505125 0.14333881
v 0.9838441 -6.01344442 0.23938708
v 0.87671423 -5.9017663 0.32225725
v 1.01467251 -5.99259185 0.26075118
v 0.90873014 -5.87700367 0.33933255
v 0.80102407 -5.77000427 0.41433686
v 0.94155633 -5.84239864 0.34421533
v 0.8346973 -5.73411369 0.41840836
v 0.72239202 -5.63098764 0.49224221
v 0.87214535 -5.69290494 0.42006376
v 0.76077258 -5.58981323 0.49479976
v 0.64380008 -5.48831749 0.57004201
v 0.8035528 -5.54392051 0.49733284
v 0.68574446 -5.44342184 0.57355457
v 0.56275773 -5.34178018 0.65077668
v 0.74252891 -5.38057851 0.57863593
v 0.61805045 -5.27904462 0.657296
v 0.4890421 -5.17409229 0.73405593
v 0.69580149 -5.18205928 0.66830092
v 0.56959801 -5.0734806 0.74460917
v 0.44281372 -4.96121025 0.81854623
v 0.66640496 -4.95040941 0.75981414
v 0.5430603 -4.83712816 0.83503902
v 0.41848647 -4.72172832 0.90702384
v 0.64716267 -4.71620798 0.8489359
v 0.52375781 -4.60141515 0.92012804
v 0.39722698 -4.48103189 0.97857755
v 0.61636364 -4.50321054 0.92961061
v 0.48873528 -4.38587379 0.99057614
v 0.36076849 -4.26513671 1.04210043
v 0.56398594 -4.31274223 0.99870169
v 0.43766298 -4.19124031 1.05205476
v 0.31353178 -4.06604576 1.08964312
v 0.49094572 -4.14358806 1.05770897
v 0.36771109 -4.01835155 1.09702324
v 0.24670393 -3.89165043 1.12219536
v 0.41445931 -3.97817468 1.10187399
v 0.29298758 -3.85247087 1.12850201
v 0.17471356 -3.72552585 1.14264595
v 0.33570179 -3.81533646 1.13032746
v 0.217836 -3.68833446 1.14565122
v 0.10356608 -3.56088995 1.1495105
v 0.25755539 -3.65329098 1.14167153
v 0.14365434 -3.52579069 1.14551484
v 0.03461914 -3.39867329 1.14234519
v 0.17600734 -3.49743533 1.12011301
v 0.06726556 -3.37111902 1.1164962
v -0.03793731 -3.24614596 1.10953784
v 0.07060023 -3.36951661 1.06844031
v -0.03648834 -3.24728488 1.06135642
v -0.13900545 -3.1255424 1.05186069
v -0.05448693 -3.26454091 1.01390659
v -0.15739969 -3.14366745 1.00463497
v -0.25640684 -3.02281165 0.99317163
v -0.18659897 -3.17028093 0.96276319
v -0.28501084 -3.04884433 0.95101267
v -0.37880611 -2.9232583 0.93492502
v -0.32350754 -3.08215117 0.91053628
v -0.41723632 -2.95555305 0.89449322
v -0.50608944 -2.82299614 0.87474072
v -0.4633671 -2.99305892 0.85529232
v -0.55204194 -2.85912251 0.83656877
v -0.63533812 -2.72044134 0.81562364
v -0.60547757 -2.89919257 0.7989999
v -0.68796718 -2.75786304 0.77961009
v -0.76406288 -2.61305189 0.75721865
v -0.75656002 -2.80330538 0.7408452
v -0.83070462 -2.65424776 0.720501
v -0.89912039 -2.50363707 0.69540864
v -0.93049877 -2.71027994 0.67829704
v -0.99754858 -2.55533671 0.65574389
v -1.05978798 -2.40091276 0.62753605
v -1.12735188 -2.61478734 0.62236213
v -1.18963301 -2.45818471 0.59620058
v -1.24701988 -2.30357003 0.56337833
v -1.32484924 -2.51173329 0.58290195
v -1.38136041 -2.35604763 0.55166721
v -1.43482911 -2.20438742 0.51210713
v -1.48814714 -2.3947339 0.55664789
v -1.54329597 -2.24234747 0.51684141
v -1.59517657 -2.09389638 0.46531641
v -1.62814438 -2.26934027 0.52869594
v -1.68017649 -2.11902213 0.47619029
v -1.72976326 -1.97386193 0.40999901
v -1.74748563 -2.13719224 0.48870953
v -1.79522442 -1.99020195 0.42025589
v -1.84129118 -1.85006833 0.33844652
v -1.85311353 -2.00339055 0.43149545
v -1.89836382 -1.86211085 0.34739181
v -1.94307017 -1.72726452 0.25098997
v -1.9484663 -1.87222909 0.35604998
v -1.99289166 -1.73660588 0.25705862
v -2.03381896 -1.60646843 0.14539767
v -2.03682684 -1.74689626 0.26036492
v -2.07784295 -1.61632633 0.14556846
v -2.10995817 -1.4920212 0.02017232
v -2.12212681 -1.62701559 0.14526195
v -2.1541624 -1.50264108 0.014965
v -2.17254805 -1.39240241 -0.12225171
v -2.17343592 -1.49363899 0.02346924
v -2.19539332 -1.37893581 -0.11439089
v -2.20451331 -1.29090559 -0.26254269
v -2.17184662 -1.35201931 -0.10042692
v -2.18724513 -1.25897312 -0.24947832
v -2.1916933 -1.19884049 -0.41047471
v -2.15912747 -1.22413122 -0.23424346
v -2.16324162 -1.16179931 -0.39977669
v -2.14557957 -1.14363586 -0.57767635
v -2.13145589 -1.11767888 -0.38650643
v -2.11586642 -1.09722113 -0.57104563
v -2.07595038 -1.13071489 -0.75942599
v -2.07903814 -1.04724443 -0.56259542
v -2.03947091 -1.08167791 -0.75869554
v -1.9821484 -1.15737128 -0.94438749
v -1.99375855 -1.03057849 -0.75780785
v -1.93584227 -1.10989856 -0.94883739
v -1.86510038 -1.21102905 -1.1191194
v -1.86666381 -1.05308616 -0.9514324
v -1.7937442 -1.15989804 -1.1230905
v -1.71251297 -1.2872982 -1.26995253
v -1.68661642 -1.09639716 -1.11855173
v -1.60122561 -1.22543048 -1.25890612
v -1.50582826 -1.35985863 -1.37243044
v -1.46253323 -1.15186357 -1.23461902
v -1.36855697 -1.2832359 -1.34575629
v -1.26969778 -1.41881346 -1.44164383
v -1.23205685 -1.20856881 -1.31981003
v -1.13954293 -1.34520411 -1.41770362
v -1.04219603 -1.48274397 -1.50197124
v -1.03832554 -1.28566956 -1.39715695
v -0.94189477 -1.42005157 -1.48220026
v -0.83798515 -1.55284011 -1.55512297
v -0.87981432 -1.38035512 -1.46706056
v -0.77703362 -1.51113903 -1.54112672
v -0.66681832 -1.64153075 -1.60763514
v -0.72320485 -1.4761517 -1.52571618
v -0.61436849 -1.60499942 -1.5923804
v -0.50093269 -1.73353791 -1.6520797
v -0.56894391 -1.57632291 -1.57497835
v -0.45772513 -1.70432257 -1.63514936
v -0.34368971 -1.83433127 -1.68898415
v -0.42052528 -1.68238151 -1.61377692
v -0.30768707 -1.81125152 -1.66870558
v -0.19230298 -1.94480311 -1.71482765
v -0.2796112 -1.79937589 -1.6374253
v -0.16527903 -1.93177402 -1.68414008
v -0.05024198 -2.06835651 -1.7232685
v -0.1534655 -1.93481874 -1.64413404
v -0.03971394 -2.07017779 -1.6824938
v 0.07170515 -2.20999813 -1.71298098
v -0.04559259 -2.08570575 -1.64042544
v 0.06465847 -2.223778 -1.67076885
v 0.17349363 -2.36449456 -1.6940968
v 0.04897765 -2.24417138 -1.62966561
v 0.15563759 -2.38404417 -1.65327489
v 0.26117456 -2.52518129 -1.66956389
v 0.12671083 -2.41206932 -1.61205577
v 0.23119029 -2.55171012 -1.62896478
v 0.33410581 -2.69283676 -1.64074754
v 0.18793198 -2.58802986 -1.5884372
v 0.29035651 -2.72737789 -1.6009258
v 0.39095699 -2.86857605 -1.6113553
v 0.23513115 -2.7701888 -1.56515336
v 0.33607161 -2.90983891 -1.57597327
v 0.43628522 -3.05060124 -1.58442378
v 0.2708441 -2.95876002 -1.54760861
v 0.37240377 -3.098104 -1.55646729
v 0.47415208 -3.23858213 -1.56364011
v 0.29280597 -3.15710043 -1.53585898
v 0.39734232 -3.29498362 -1.54314196
v 0.50087815 -3.43474292 -1.55083739
v 0.29704475 -3.36902022 -1.53438472
v 0.40276432 -3.50689911 -1.54150354
v 0.50847709 -3.64578223 -1.5478878
v 0.29248797 -3.58898592 -1.55307161
v 0.3997786 -3.72611618 -1.55870151
v 0.50551527 -3.86352825 -1.56386971
v 0.30956915 -3.7932074 -1.58599913
v 0.41664946 -3.929044 -1.59045422
v 0.52059102 -4.0660696 -1.59131443
v 0.34982982 -3.97840857 -1.62358129
v 0.45356604 -4.11539125 -1.62421882
v 0.55172538 -4.25412607 -1.62299215
v 0.40025666 -4.1541686 -1.66066157
v 0.49796703 -4.29304313 -1.66059756
v 0.59150517 -4.43321466 -1.65701794
v 0.45557063 -4.32329559 -1.69978654
v 0.55011713 -4.46319007 -1.69594061
v 0.6401028 -4.60461521 -1.68588364
v 0.51848405 -4.48595809 -1.73324966
v 0.6082558 -4.62787246 -1.7228775
v 0.69366294 -4.77117586 -1.70709121
v 0.58737689 -4.64419841 -1.75972247
v 0.67315334 -4.7879529 -1.74508225
v 0.75525879 -4.93392276 -1.72454667
v 0.65963268 -4.80039167 -1.78253293
v 0.74143827 -4.94747543 -1.76287698
v 0.82029908 -5.09774637 -1.73476159
v 0.73304247 -4.95773792 -1.80125701
v 0.8122555 -5.10918378 -1.7746303
v 0.88860648 -5.26345109 -1.7376939
v 0.81911301 -5.11246013 -1.81323599
v 0.89701253 -5.26816272 -1.77777934
v 0.96802657 -5.42859458 -1.73051405
v 0.92458528 -5.25937223 -1.79988658
v 0.99690699 -5.42063856 -1.75526857
v 1.07045269 -5.58414554 -1.70356917
v 1.03859126 -5.40090274 -1.76178157
v 1.11069774 -5.565104 -1.71200645
v 1.18247818 -5.738173 -1.65422201
v 1.15472841 -5.54112815 -1.71191453
v 1.22548747 -5.71274519 -1.65483534
v 1.3027718 -5.89882659 -1.58039403
v 1.27159392 -5.68229961 -1.64838671
v 1.34609377 -5.8693614 -1.57778894
v 1.43249654 -6.07916355 -1.48524332
v 1.39430868 -5.8326087 -1.569157
v 1.47362411 -6.04583549 -1.47669494
v 1.57112979 -6.29550313 -1.34349405
v 1.52033007 -6.00326347 -1.46361708
v 1.6070497 -6.26068782 -1.33098352
v 1.70464658 -6.48721313 -1.1539247
v 1.64617168 -6.21721363 -1.31650865
v 1.73282659 -6.45028162 -1.13714897
v 1.82300925 -6.59255361 -0.89437919
v 1.57422673 -5.95236825 -1.44467616
v 1.44984066 -5.78900528 -1.55439949
v 1.51383554 -5.73836708 -1.53266501
v 1.59901535 -5.67805624 -1.49778473
v 1.45851767 -5.55821228 -1.60139656
v 1.3842206 -5.60688543 -1.62165772
v 1.31488883 -5.44380807 -1.67744576
v 1.32345664 -5.64734172 -1.63665723
v 1.25352692 -5.48179388 -1.6931324
v 1.17892861 -5.32349205 -1.74002587
v 1.20126688 -5.51337146 -1.70424163
v 1.12821686 -5.35165119 -1.74967372
v 1.05223 -5.19300794 -1.78913474
v 1.08213865 -5.37751388 -1.75816416
v 1.00734341 -5.21726322 -1.79754328
v 0.9297291 -5.05932855 -1.82825696
v 0.96506935 -5.23951911 -1.80201733
v 0.88922107 -5.08063316 -1.83320128
v 0.80941897 -4.92531681 -1.85696268
v 0.84998548 -5.09999418 -1.83108818
v 0.77157908 -4.94499683 -1.85605585
v 0.68836343 -4.79441785 -1.87301325
v 0.74279451 -4.95760345 -1.83697879
v 0.65963286 -4.8085885 -1.85553455
v 0.57282882 -4.66246557 -1.86705386
v 0.65164196 -4.80936098 -1.82046568
v 0.56611406 -4.66367816 -1.83308041
v 0.4747492 -4.52039718 -1.84239065
v 0.57338458 -4.6560564 -1.79590749
v 0.48166188 -4.51391267 -1.80459451
v 0.38688677 -4.37302827 -1.81057894
v 0.49625742 -4.50247383 -1.7690016
v 0.40083274 -4.36270284 -1.77443099
v 0.30091771 -4.22556591 -1.77734792
v 0.42324885 -4.34646034 -1.73799216
v 0.32367724 -4.20931911 -1.73899328
v 0.22002759 -4.07350683 -1.73800063
v 0.35705667 -4.18533659 -1.69965958
v 0.25379148 -4.04896926 -1.69802689
v 0.14683562 -3.9138081 -1.69471526
v 0.29677912 -4.01747608 -1.65927231
v 0.18961417 -3.88233327 -1.65565478
v 0.08135757 -3.7476871 -1.65041589
v 0.24246272 -3.8431499 -1.61933124
v 0.13439002 -3.70784783 -1.61349809
v 0.02627258 -3.57231926 -1.60700285
v 0.20122908 -3.65754723 -1.57984566
v 0.09337572 -3.52160215 -1.57319521
v -0.01245666 -3.38475346 -1.56645596
v 0.18569627 -3.45206594 -1.54586243
v 0.08029513 -3.31484937 -1.53905463
v -0.02429157 -3.17793345 -1.53019809
v 0.19147305 -3.23200678 -1.52710247
v 0.08568105 -3.09601092 -1.5182954
v -0.01964293 -2.96087384 -1.50800216
v 0.18817202 -3.02021789 -1.52658212
v 0.08420557 -2.88407182 -1.51534998
v -0.01976751 -2.74920034 -1.50320541
v 0.16881407 -2.82070612 -1.53667938
v 0.06582772 -2.68463444 -1.52355444
v -0.03706617 -2.55006456 -1.50726354
v 0.132759 -2.63249826 -1.55257499
v 0.02963292 -2.49656105 -1.5353744
v -0.07493293 -2.36277055 -1.51349127
v 0.08416338 -2.45029711 -1.57111287
v -0.02034217 -2.31437754 -1.54719865
v -0.12733849 -2.18207001 -1.51929438
v 0.02143391 -2.27386832 -1.58813715
v -0.0867066 -2.13960146 -1.55886876
v -0.19723838 -2.0099678 -1.52263689
v -0.05977886 -2.10747766 -1.59980678
v -0.17125415 -1.97593033 -1.56221354
v -0.28006845 -1.84834694 -1.51511573
v -0.15772074 -1.95181429 -1.60240459
v -0.26812306 -1.82240653 -1.55578696
v -0.37612366 -1.69681525 -1.50188398
v -0.26628914 -1.80407714 -1.59737074
v -0.37618228 -1.67746305 -1.54333794
v -0.48151496 -1.55322647 -1.48145771
v -0.39130654 -1.67176199 -1.58298742
v -0.49917778 -1.5465672 -1.52132892
v -0.60150849 -1.42182445 -1.45345497
v -0.52979922 -1.55538463 -1.55297362
v -0.63457101 -1.4292593 -1.48493456
v -0.73275971 -1.30426001 -1.40916204
v -0.67598021 -1.44864261 -1.5080645
v -0.77604782 -1.32218802 -1.4318062
v -0.86804467 -1.19503819 -1.34512758
v -0.82475954 -1.3470627 -1.45127427
v -0.9186505 -1.21802616 -1.36440694
v -1.00602114 -1.08877289 -1.26462233
v -0.97519499 -1.24822282 -1.38179779
v -1.06419193 -1.11702954 -1.28168046
v -1.14875018 -0.9881199 -1.16669547
v -1.13004386 -1.15193557 -1.29884743
v -1.21947288 -1.0229367 -1.18484282
v -1.30627167 -0.90154832 -1.05217897
v -1.32442927 -1.0775541 -1.20795846
v -1.41520547 -0.95552766 -1.0755558
v -1.49827969 -0.84765917 -0.91683363
v -1.55088281 -1.02617287 -1.09984445
v -1.63205301 -0.91293412 -0.93682473
v -1.69582653 -0.82642215 -0.74249744
v -1.76355457 -0.98427879 -0.94962728
v -1.82439684 -0.89616006 -0.75375914
v -1.86168754 -0.84636724 -0.52934014
v -1.92645072 -0.96837425 -0.75769585
v -1.96459806 -0.92165654 -0.54400682
v -1.98231864 -0.94594079 -0.32788389
v -2.03172683 -0.9911732 -0.55254834
v -2.04735159 -1.01416289 -0.35327097
v -2.0419116 -1.09158372 -0.17161835
v -2.0934875 -1.06970143 -0.37139082
v -2.08849954 -1.14077913 -0.19631464
v -2.07264232 -1.24606013 -0.04071663
v -2.12672352 -1.18542099 -0.21693277
v -2.11150336 -1.284783 -0.06316123
v -2.08456659 -1.40771746 0.07644214
v -2.14359951 -1.31993508 -0.08290803
v -2.11751818 -1.43945717 0.05616034
v -2.08418846 -1.56811201 0.18846155
v -2.1467216 -1.46868622 0.03794105
v -2.11322784 -1.59588396 0.17005874
v -2.07376551 -1.726668 0.29384854
v -2.13880491 -1.62060868 0.15435124
v -2.09865236 -1.7512331 0.2769182
v -2.05816674 -1.88352453 0.39007461
v -2.08106017 -1.75795304 0.26387691
v -2.03748297 -1.89075434 0.37207135
v -1.99442946 -2.02845549 0.47115713
v -1.99281859 -1.88169467 0.36351585
v -1.94870519 -2.0220344 0.45604929
v -1.90422785 -2.1686089 0.53695493
v -1.90409266 -2.01364803 0.4439004
v -1.85955369 -2.16129469 0.52014809
v -1.81163752 -2.31635928 0.58364629
v -1.80737972 -2.15108251 0.50375688
v -1.7584871 -2.30461525 0.56212204
v -1.70511901 -2.46422863 0.60878121
v -1.6969304 -2.2887187 0.54438728
v -1.64256346 -2.44635772 0.58712953
v -1.58696329 -2.60672736 0.61902964
v -1.57189166 -2.42337155 0.56964927
v -1.51343393 -2.58110165 0.59949272
v -1.45642578 -2.74250841 0.6211937
v -1.42850613 -2.55031871 0.58643394
v -1.3690406 -2.70959639 0.60772049
v -1.3083074 -2.87114572 0.62124913
v -1.26254355 -2.66925501 0.60495978
v -1.1955347 -2.82744479 0.62157273
v -1.12374651 -2.98727846 0.6316874
v -1.06018531 -2.77228379 0.64050972
v -0.98876214 -2.92968034 0.6549288
v -0.91287016 -3.08687448 0.66475272
v -0.85843724 -2.86449289 0.69496703
v -0.78142964 -3.01722383 0.70819121
v -0.69923514 -3.16725373 0.71905601
v -0.67626637 -2.94963359 0.7569139
v -0.59114217 -3.09224963 0.77071195
v -0.50100755 -3.23066783 0.78270936
v -0.5178011 -3.03618097 0.81558096
v -0.42479142 -3.16777324 0.83025187
v -0.32636079 -3.2932856 0.84268212
v -0.3696168 -3.12133908 0.87097573
v -0.2713733 -3.2449646 0.88318723
v -0.16964592 -3.36736178 0.89434677
v -0.22543941 -3.20460438 0.92260438
v -0.12368616 -3.32640504 0.93276912
v -0.02007049 -3.45015025 0.94239854
v -0.08422865 -3.29140639 0.97224205
v 0.02021645 -3.41477704 0.98096221
v 0.12550503 -3.53981447 0.98482835
v 0.05172124 -3.38697147 1.02105343
v 0.15751408 -3.51270985 1.02475523
v 0.26274499 -3.64050173 1.02082622
v 0.17806512 -3.49539327 1.07189714
v 0.28590157 -3.62343001 1.0674206
v 0.3963755 -3.74956607 1.05082571
v 0.28851601 -3.62439513 1.11608266
v 0.40341338 -3.75069809 1.10024428
v 0.52082663 -3.87439703 1.07095408
v 0.37495064 -3.78007268 1.12635326
v 0.49606043 -3.90444564 1.09951221
v 0.61878323 -4.02671003 1.05889773
v 0.45721876 -3.94027638 1.10303509
v 0.58067739 -4.0627141 1.06148898
v 0.70515924 -4.18268442 1.0058726
v 0.53813016 -4.10171461 1.06096208
v 0.6632995 -4.22250795 1.0060513
v 0.78894263 -4.33762931 0.94202488
v 0.61591774 -4.26567459 1.00320696
v 0.7419871 -4.38165855 0.93973195
v 0.8677867 -4.49147844 0.86703473
v 0.69118773 -4.42899656 0.93625533
v 0.81602215 -4.54045343 0.8640986
v 0.93833118 -4.65027809 0.78661459
v 0.74101847 -4.61572551 0.85816824
v 0.86215066 -4.72678279 0.7817375
v 0.98231458 -4.8369112 0.70172202
v 0.76897424 -4.82793521 0.77322495
v 0.89033287 -4.93863821 0.69434702
v 1.00931441 -5.04908466 0.60861635
v 0.78869956 -5.06150865 0.68236136
v 0.90907096 -5.17091321 0.59878498
v 1.02287304 -5.28290033 0.51069033
v 0.81959354 -5.2869811 0.58756595
v 0.93460947 -5.39362192 0.5049327
v 1.04170978 -5.50605392 0.42374509
v 0.85922473 -5.48241806 0.50073128
v 0.96792674 -5.59014987 0.42291733
v 1.06488466 -5.70312023 0.34456294
v 0.91484421 -5.64708757 0.42158317
v 1.01728951 -5.75608444 0.34467321
v 1.11602664 -5.87467575 0.26427936
v 0.97684198 -5.80153989 0.34417033
v 1.07911288 -5.91976404 0.26569488
v 1.19243657 -6.05452776 0.1750095
v 1.04674863 -5.9603095 0.26799309
v 1.16304254 -6.09149932 0.17592519
v 1.30550956 -6.24273395 0.06198302
v 1.13281846 -6.12043714 0.16663137
v 1.27441334 -6.26961612 0.05577977
v 1.44672882 -6.43528556 -0.08824496
v 1.24653589 -6.27551221 0.02971596
v 1.41360974 -6.43579769 -0.11241275
v 1.5853852 -6.58767843 -0.30550223
v 1.38970172 -6.41833829 -0.14144806
v 1.55343997 -6.56496572 -0.32774883
v 1.65193879 -6.66690635 -0.58837419
v 1.52566289 -6.53325128 -0.34949442
v 1.61998915 -6.62915229 -0.59502291
v 1.61692822 -6.617949 -0.8761596
v 1.59514725 -6.5771327 -0.60217934
v 1.60067331 -6.56920719 -0.86108702
v 1.53703391 -6.45663642 -1.08128678
v 1.59105575 -6.51015043 -0.84499251
v 1.53387653 -6.41118717 -1.0538944
v 1.43691313 -6.25372028 -1.22936499
v 1.53654098 -6.36096048 -1.02605521
v 1.44255805 -6.21403932 -1.19635987
v 1.33319675 -6.04002761 -1.33259916
v 1.45360291 -6.1660285 -1.16124415
v 1.34706306 -6.00172472 -1.29232704
v 1.24680221 -5.83662796 -1.39483249
v 1.36787474 -5.94951057 -1.24835574
v 1.27192592 -5.7941699 -1.34714877
v 1.18542778 -5.64968013 -1.42452085
v 1.30557894 -5.74073314 -1.29638588
v 1.22233665 -5.60590505 -1.37430787
v 1.13560986 -5.46950912 -1.44796812
v 1.26785826 -5.54978132 -1.32359111
v 1.1796056 -5.42395734 -1.39970374
v 1.09202861 -5.28900814 -1.46740686
v 1.23726773 -5.36245966 -1.35263323
v 1.14858782 -5.23685646 -1.42161858
v 1.06353581 -5.10157299 -1.47833943
v 1.22415828 -5.16848945 -1.37829554
v 1.13864076 -5.03939962 -1.43534541
v 1.05547738 -4.90314722 -1.48156154
v 1.23723518 -4.96372366 -1.40175116
v 1.15461278 -4.83065462 -1.44858908
v 1.07231056 -4.69270134 -1.48634505
v 1.26381814 -4.75931406 -1.43571853
v 1.1811645 -4.62193059 -1.47389078
v 1.0956031 -4.48240375 -1.50454902
v 1.27508378 -4.56743717 -1.48041987
v 1.18804907 -4.42682218 -1.51149785
v 1.09814894 -4.28464841 -1.53482794
v 1.26228427 -4.38639545 -1.52877461
v 1.17243623 -4.24166965 -1.55245518
v 1.07915258 -4.09686422 -1.5682224
v 1.23406469 -4.20872211 -1.57570755
v 1.14033401 -4.0615859 -1.59195172
v 1.04250788 -3.91593813 -1.60110652
v 1.19198525 -4.03340864 -1.62026739
v 1.09381115 -3.88583326 -1.6293962
v 0.99217695 -3.73981547 -1.63230907
v 1.13590323 -3.8620398 -1.66038012
v 1.03425562 -3.71420002 -1.66381204
v 0.93047517 -3.567384 -1.66457438
v 1.06711351 -3.69485306 -1.69795978
v 0.96379911 -3.54644179 -1.69841706
v 0.86105185 -3.39796996 -1.69864141
v 0.98767405 -3.53191161 -1.73490119
v 0.88410842 -3.38290762 -1.73531734
v 0.78401291 -3.23421931 -1.73574972
v 0.89616918 -3.37545824 -1.77454841
v 0.79489737 -3.22704672 -1.77555334
v 0.69527167 -3.08053302 -1.77589833
v 0.78518235 -3.23406887 -1.81177568
v 0.6864466 -3.08657836 -1.8129816
v 0.58752179 -2.93953847 -1.81315076
v 0.65951621 -3.10493636 -1.83916914
v 0.56043571 -2.95771956 -1.83888828
v 0.45952385 -2.81025338 -1.83664166
v 0.52468097 -2.98189425 -1.85388481
v 0.42361784 -2.83460044 -1.85187542
v 0.32017603 -2.68779373 -1.84690141
v 0.38058054 -2.86404728 -1.86118316
v 0.27727028 -2.7175939 -1.85621595
v 0.17294101 -2.57167625 -1.84662282
v 0.22573044 -2.75393366 -1.8608396
v 0.12265697 -2.6082797 -1.85137021
v 0.01696003 -2.46333456 -1.83785128
v 0.06375184 -2.65128898 -1.85435926
v -0.04217723 -2.50798773 -1.84134256
v -0.150651 -2.36568641 -1.82339823
v -0.12763592 -2.57123494 -1.84623694
v -0.23704998 -2.43045783 -1.828974
v -0.34945488 -2.29070496 -1.80592286
v -0.34414243 -2.50792908 -1.83669686
v -0.45711848 -2.36881327 -1.81520295
v -0.57328671 -2.23209786 -1.78684318
v -0.57354986 -2.45314717 -1.82651877
v -0.6899361 -2.31547594 -1.80007207
v -0.80835902 -2.17877578 -1.76543521
v -0.78585922 -2.3886075 -1.81283724
v -0.90418124 -2.25063252 -1.77984809
v -1.02468383 -2.1142714 -1.73922073
v -0.97076481 -2.305233 -1.79142832
v -1.09183561 -2.16862845 -1.75154149
v -1.21398019 -2.0318551 -1.70468676
v -1.14109671 -2.21083307 -1.75963389
v -1.26341664 -2.07376694 -1.71359825
v -1.38912034 -1.93633699 -1.65991878
v -1.30587399 -2.11085438 -1.71831965
v -1.43285501 -1.97383737 -1.66589224
v -1.56464195 -1.83360278 -1.60260462
v -1.4692353 -2.00750732 -1.66572809
v -1.60328877 -1.86915683 -1.60149848
v -1.73194468 -1.7235974 -1.5134406
v -1.63228964 -1.90125286 -1.5916208
v -1.75967133 -1.75766265 -1.4985553
v -1.86756658 -1.61399638 -1.37957644
v -1.76430833 -1.7866497 -1.4648385
v -1.86982393 -1.64593398 -1.34753131
v -1.95447754 -1.5167886 -1.21298539
v -1.84959518 -1.6658988 -1.31175875
v -1.93346273 -1.53710722 -1.18464791
v -2.0048511 -1.42926418 -1.04573464
v -1.89970612 -1.54921329 -1.1560353
v -1.96728777 -1.43761301 -1.02425217
v -2.02642011 -1.34661316 -0.88285493
v -1.92635881 -1.44206154 -1.00351882
v -1.9843775 -1.3496859 -0.86752533
v -2.03221178 -1.2803204 -0.7213574
v -1.93657708 -1.34918272 -0.8517251
v -1.98375225 -1.28027606 -0.70935231
v -2.01844883 -1.24456119 -0.55686998
v -1.92997229 -1.27752971 -0.69638806
v -1.96616935 -1.24133014 -0.54739981
v -1.98800385 -1.24484741 -0.39302942
v -1.89451968 -1.23358774 -0.53491264
v -1.91576337 -1.23771488 -0.38335067
v -1.92158639 -1.28356242 -0.23636752
v -1.82195878 -1.22378802 -0.37049356
v -1.82646298 -1.26970291 -0.22647891
v -1.81717395 -1.34664034 -0.09354037
v -1.72437298 -1.24764263 -0.21333174
v -1.71475565 -1.32372641 -0.08279465
v -1.69221961 -1.41962862 0.03370999
v -1.58964169 -1.2838509 -0.06865676
v -1.5608797 -1.37669289 0.04634328
v -1.52692508 -1.48297381 0.15057067
v -1.43726038 -1.31993472 0.06219339
v -1.40004527 -1.4260348 0.16873882
v -1.36134481 -1.54505002 0.26570114
v -1.30593466 -1.37405037 0.18876193
v -1.26718699 -1.49597358 0.2887814
v -1.22560346 -1.6268866 0.37860903
v -1.19846975 -1.45447731 0.31184521
v -1.15710854 -1.58763122 0.40385198
v -1.11199331 -1.7270739 0.48532527
v -1.10657835 -1.55447769 0.42858761
v -1.06113743 -1.69457316 0.51315438
v -1.01016914 -1.83956265 0.58588659
v -1.01683151 -1.66271829 0.54256337
v -0.9659813 -1.80852222 0.61814153
v -0.91177302 -1.95793533 0.68093258
v -0.93096596 -1.78024637 0.65068054
v -0.87718766 -1.93104326 0.71523255
v -0.82199865 -2.08187246 0.76594042
v -0.851085 -1.90649974 0.75080966
v -0.79644733 -2.05923485 0.80304533
v -0.7388733 -2.20875573 0.84438371
v -0.7796514 -2.03965354 0.84265995
v -0.72166031 -2.18991923 0.8853358
v -0.65766853 -2.33364367 0.9210655
v -0.72249412 -2.17837834 0.92732113
v -0.65794283 -2.32312703 0.96405524
v -0.58676976 -2.46348643 0.99533349
v -0.68860393 -2.3312776 0.99050617
v -0.6167832 -2.47403645 1.02208185
v -0.53789079 -2.61552166 1.05048906
v -0.65948212 -2.49672174 1.02524173
v -0.58036345 -2.64075207 1.05301487
v -0.49408158 -2.78161692 1.07763719
v -0.62615644 -2.66938591 1.04976797
v -0.54038506 -2.81261873 1.07407426
v -0.44844698 -2.95044088 1.09478008
v -0.59090894 -2.84727859 1.06665003
v -0.49956738 -2.98758292 1.08643031
v -0.40393236 -3.12334251 1.102862
v -0.55376613 -3.02690458 1.07634055
v -0.45791068 -3.16492152 1.09240078
v -0.35955688 -3.2995851 1.10556113
v -0.53255671 -3.21964383 1.07825088
v -0.43234258 -3.3569374 1.09139585
v -0.33108753 -3.49169349 1.10154104
v -0.54135632 -3.43876719 1.07055723
v -0.43766719 -3.57985758 1.08062982
v -0.32949885 -3.71532511 1.08814764
v -0.56134957 -3.67745709 1.05604732
v -0.45162916 -3.82106828 1.06348252
v -0.33918798 -3.95857667 1.06788849
v -0.57959961 -3.92025589 1.03838598
v -0.46449795 -4.06635475 1.0430504
v -0.34227535 -4.20720624 1.04400813
v -0.56602782 -4.14686346 1.02381229
v -0.44327196 -4.29702138 1.02415299
v -0.31395414 -4.4401865 1.01865708
v -0.51755809 -4.35957145 1.01040816
v -0.38673818 -4.50851631 1.00540542
v -0.24943971 -4.64904308 0.98959791
v -0.43915519 -4.55458164 0.99609756
v -0.29907742 -4.69651413 0.98053056
v -0.15654037 -4.83006906 0.95360201
v -0.34419038 -4.73959732 0.9714871
v -0.19940346 -4.87307071 0.9443283
v -0.05679525 -4.99851322 0.90412902
v -0.23651614 -4.90955257 0.93260353
v -0.09275405 -5.03514289 0.89246475
v 0.04841192 -5.15323925 0.8413859
v -0.1251001 -5.06428146 0.87209922
v 0.01483208 -5.18752527 0.82711947
v 0.15824815 -5.29255294 0.76758641
v -0.00986009 -5.19993543 0.79008132
v 0.13339586 -5.30272579 0.73102158
v 0.26625776 -5.40208768 0.66488939
v 0.12056151 -5.29264354 0.68733257
v 0.25125044 -5.39163398 0.62147468
v 0.37667438 -5.49115085 0.55170816
v 0.24816004 -5.36670255 0.57857924
v 0.37190085 -5.46576786 0.50835055
v 0.49215319 -5.56509971 0.434937
v 0.37960341 -5.42704916 0.46785068
v 0.49890977 -5.5261712 0.39334589
v 0.61507862 -5.62506866 0.31603115
v 0.51635605 -5.47640037 0.35475349
v 0.63240724 -5.57519483 0.27682206
v 0.74737852 -5.67505502 0.19815416
v 0.65837055 -5.51589965 0.24084119
v 0.77233475 -5.61691713 0.16048844
v 0.88498866 -5.71908235 0.0789974
v 0.80433827 -5.54945659 0.12829986
v 0.91546618 -5.65090227 0.0456846
v 1.02505707 -5.75392913 -0.03835981
v 0.95691335 -5.56493091 0.01517784
v 1.06271898 -5.66040515 -0.07501756
v 1.16930103 -5.75798225 -0.16697493
v 1.12324726 -5.52768755 -0.11264775
v 1.2249937 -5.61893224 -0.20699432
v 1.32527279 -5.71052217 -0.30163848
v 1.2958368 -5.47553062 -0.23398664
v 1.38762605 -5.5660429 -0.32984739
v 1.47323226 -5.64939451 -0.42169216
v 1.46146643 -5.45191526 -0.34099561
v 1.53621637 -5.53898429 -0.43330511
v 1.59903371 -5.60952091 -0.52321821
v 1.60156309 -5.46657943 -0.43379959
v 1.65550744 -5.53634071 -0.52376586
v 1.69007837 -5.57990932 -0.62048339
v 1.71448779 -5.48896884 -0.51862484
v 1.74334001 -5.53002357 -0.61334973
v 1.75433754 -5.54135227 -0.71274256
v 1.79644477 -5.50195741 -0.60415387
v 1.80603337 -5.50954151 -0.70164006
v 1.80268883 -5.49300193 -0.79976826
v 1.85458445 -5.49706554 -0.69257658
v 1.85236024 -5.47955894 -0.79212272
v 1.8387202 -5.43748569 -0.89290177
v 1.89713084 -5.4789772 -0.78761565
v 1.88734185 -5.43428754 -0.89109414
v 1.86722838 -5.36727237 -0.99681496
v 1.9298321 -5.43992996 -0.89098578
v 1.91251194 -5.37088489 -1.00116646
v 1.87844407 -5.2802 -1.11581695
v 1.95027327 -5.38037729 -1.00694501
v 1.91643631 -5.28617715 -1.12679886
v 1.86601531 -5.17329073 -1.24168312
v 1.95005536 -5.2945528 -1.13763451
v 1.89834678 -5.18053245 -1.25856947
v 1.83636391 -5.04885768 -1.36127126
v 1.92728281 -5.19032716 -1.27634573
v 1.86503839 -5.0543046 -1.38294541
v 1.79395902 -4.91265153 -1.47014355
v 1.88388657 -5.06590986 -1.4063425
v 1.81021702 -4.92242002 -1.49964165
v 1.73393094 -4.76983881 -1.57322025
v 1.81240165 -4.93823051 -1.52853167
v 1.73459065 -4.78300046 -1.60488247
v 1.64795243 -4.62512922 -1.65967929
v 1.71437192 -4.80328512 -1.6289618
v 1.62466383 -4.64488124 -1.68272554
v 1.53484809 -4.48599052 -1.72588682
v 1.59294533 -4.66647148 -1.69812166
v 1.50157237 -4.50779771 -1.74021732
v 1.40946829 -4.35042381 -1.77426612
v 1.46153652 -4.53231954 -1.75115227
v 1.36864185 -4.37536907 -1.78490853
v 1.27422285 -4.22024774 -1.81245267
v 1.31987226 -4.40445184 -1.79501771
v 1.22472155 -4.25021696 -1.82196748
v 1.1272006 -4.0985074 -1.84209644
v 1.16784811 -4.28434944 -1.8308891
v 1.06861805 -4.13447141 -1.85023188
v 0.96778696 -3.98651909 -1.86291229
v 0.98989397 -4.18273925 -1.85976994
v 0.8889364 -4.03489923 -1.87068486
v 0.78714889 -3.88777208 -1.87710928
v 0.79939347 -4.0919671 -1.87914025
v 0.69818282 -3.94428396 -1.88471984
v 0.59657478 -3.79593873 -1.88776695
v 0.61150211 -4.00330877 -1.89092958
v 0.51079428 -3.85451483 -1.89397931
v 0.40576383 -3.70963907 -1.89533269
v 0.43631112 -3.90851593 -1.89930963
v 0.330866 -3.76571869 -1.900761
v 0.22213159 -3.62703847 -1.90068352
v 0.26978832 -3.8124876 -1.90521848
v 0.16166308 -3.67478632 -1.90517962
v 0.0513996 -3.53980898 -1.90391361
v 0.11165157 -3.71434593 -1.90824234
v 0.00284166 -3.57896924 -1.90686857
v -0.1075197 -3.4441123 -1.9045856
v -0.03937213 -3.61312317 -1.90817904
v -0.14909832 -3.47820711 -1.90597593
v -0.2608926 -3.34337258 -1.90304029
v -0.18453553 -3.50742554 -1.90454995
v -0.2965188 -3.37283372 -1.90161001
v -0.40991166 -3.23822522 -1.89748048
v -0.32833173 -3.39943361 -1.8931458
v -0.44191327 -3.26508593 -1.88844513
v -0.55498158 -3.12900447 -1.88032329
v -0.46691423 -3.28665208 -1.8672086
v -0.57905411 -3.15001726 -1.85796475
v -0.68969833 -3.01209425 -1.84534394
v -0.58520054 -3.15785574 -1.81890404
v -0.69504636 -3.02035498 -1.80665051
v -0.80518508 -2.88340711 -1.79233992
v -0.68830984 -3.0192368 -1.7649244
v -0.79848086 -2.88333582 -1.75060188
v -0.90951061 -2.74899077 -1.7336359
v -0.78115779 -2.87472987 -1.70815348
v -0.89141166 -2.74081611 -1.69004511
v -1.00228393 -2.60790801 -1.66673564
v -0.86247718 -2.72418212 -1.64515578
v -0.97176045 -2.59107613 -1.62096917
v -1.0850079 -2.4609425 -1.58771741
v -0.93151193 -2.5665214 -1.57503736
v -1.04264533 -2.43637371 -1.5418818
v -1.15573763 -2.30665516 -1.50300633
v -0.99080741 -2.4039371 -1.4997971
v -1.10251855 -2.27534079 -1.46053731
v -1.213068 -2.1465981 -1.41505134
v -1.03724455 -2.23552274 -1.42064464
v -1.14558947 -2.10814094 -1.37511694
v -1.25102925 -1.98133373 -1.32305741
v -1.06233573 -2.0584011 -1.33831262
v -1.16498804 -1.93340277 -1.28593897
v -1.26241636 -1.81082594 -1.22579467
v -1.05060768 -1.86561226 -1.25126481
v -1.14363849 -1.74509811 -1.19037056
v -1.22977078 -1.62988662 -1.1198045
v -1.02059829 -1.67376256 -1.16777443
v -1.10464811 -1.56051719 -1.09548723
v -1.18208324 -1.4535427 -1.01459848
v -1.00434649 -1.4988234 -1.08525216
v -1.08076369 -1.3909235 -1.00296294
v -1.15097129 -1.29091322 -0.9113295
v -1.00669217 -1.3368138 -1.00275838
v -1.07828497 -1.2357347 -0.90988934
v -1.14509165 -1.1454426 -0.80706793
v -1.02195143 -1.18369185 -0.91659867
v -1.09235048 -1.09331321 -0.81099438
v -1.15805482 -1.01977276 -0.69463825
v -1.05128097 -1.04162895 -0.82154798
v -1.12027788 -0.96671199 -0.70040512
v -1.18288195 -0.9182502 -0.56735885
v -1.09173727 -0.91465246 -0.71097886
v -1.15764474 -0.86876338 -0.57063269
v -1.20843124 -0.85494661 -0.42012897
v -1.1411159 -0.82183355 -0.57580125
v -1.19216251 -0.81098568 -0.41847223
v -1.21532571 -0.83294093 -0.25800719
v -1.1840763 -0.76637065 -0.41769832
v -1.20665812 -0.79108494 -0.24994693
v -1.19268906 -0.84795504 -0.09305864
v -1.20716404 -0.74989026 -0.24233405
v -1.19320583 -0.8096202 -0.07805707
v -1.15475726 -0.8993982 0.07046065
v -1.21845722 -0.78544062 -0.06377576
v -1.18552899 -0.88414543 0.08791817
v -1.14440894 -1.00682294 0.22415386
v -1.23014843 -0.89029473 0.09366978
v -1.18935525 -1.01123094 0.23325961
v -1.1492846 -1.14520227 0.36031448
v -1.23788595 -1.01858115 0.24150118
v -1.19749331 -1.15464234 0.36680236
v -1.15719544 -1.29435861 0.48468679
v -1.25162148 -1.16962635 0.36971318
v -1.21146559 -1.31109821 0.48535981
v -1.16895592 -1.45591568 0.59371888
v -1.27226495 -1.33246254 0.48345506
v -1.22876298 -1.47838223 0.58969879
v -1.18069839 -1.62968063 0.68534499
v -1.30110418 -1.50849533 0.58148807
v -1.25275945 -1.6596868 0.67487269
v -1.20022654 -1.81714451 0.7554453
v -1.3602395 -1.70434737 0.65797168
v -1.30776238 -1.86122107 0.7378807
v -1.24829435 -2.02174878 0.805983
v -1.4393624 -1.91624677 0.71700918
v -1.37698423 -2.07596898 0.78556162
v -1.31277918 -2.23888588 0.84334862
v -1.50913536 -2.13263988 0.76689344
v -1.4452815 -2.29598665 0.82404595
v -1.38087415 -2.46192288 0.87118387
v -1.55811226 -2.34487485 0.80944907
v -1.49547851 -2.51207923 0.85478282
v -1.42903959 -2.68022871 0.89178842
v -1.57737505 -2.54799604 0.84383904
v -1.51174211 -2.71803093 0.8796975
v -1.43948137 -2.88742327 0.90796852
v -1.5689547 -2.74496269 0.87210488
v -1.49723398 -2.91715955 0.89936608
v -1.41491127 -3.08895587 0.92042905
v -1.54967129 -2.94411921 0.89111489
v -1.46751153 -3.11856603 0.91103136
v -1.37682199 -3.29044461 0.92733383
v -1.51375687 -3.14451527 0.90062189
v -1.42258727 -3.31755447 0.91476345
v -1.32616996 -3.48675775 0.92616742
v -1.45909571 -3.33961129 0.89342588
v -1.3610425 -3.50860738 0.90152466
v -1.26125192 -3.67484617 0.90815007
v -1.37947332 -3.52103853 0.86312109
v -1.28035056 -3.68798852 0.86827129
v -1.18089973 -3.85352516 0.87387204
v -1.27936852 -3.68894052 0.82224571
v -1.17925429 -3.85469102 0.82653355
v -1.07556331 -4.02035236 0.83428639
v -1.16062355 -3.84533572 0.78184533
v -1.05504858 -4.00968647 0.78988313
v -0.94413989 -4.17419433 0.80035901
v -1.02155959 -3.99030017 0.75084841
v -0.90986716 -4.152359 0.7628442
v -0.7921037 -4.31261539 0.77651268
v -0.86666947 -4.12395429 0.73125994
v -0.75036269 -4.2811017 0.74694848
v -0.62799119 -4.43310546 0.75678348
v -0.6991086 -4.24219751 0.72621047
v -0.57970625 -4.38998603 0.73568064
v -0.45754849 -4.53258657 0.73281407
v -0.52474838 -4.33993005 0.72239792
v -0.40617352 -4.47794103 0.71822023
v -0.28340709 -4.60943746 0.70122569
v -0.34874105 -4.41687393 0.71381163
v -0.23000568 -4.54516172 0.69468575
v -0.10471853 -4.66238594 0.66113805
v -0.14816749 -4.45040845 0.70007199
v -0.02828469 -4.56307697 0.66200292
v 0.09288258 -4.66794967 0.61053693
v 0.07692308 -4.43814897 0.68043822
v 0.19282828 -4.53919315 0.62460047
v 0.30986541 -4.63715362 0.56164676
v 0.30712366 -4.41654443 0.65631347
v 0.42079192 -4.51369047 0.58735668
v 0.5345236 -4.61101007 0.51195108
v 0.52820175 -4.41667509 0.62202531
v 0.64070886 -4.51418972 0.54475927
v 0.75182569 -4.61205577 0.46209728
v 0.72099101 -4.45149278 0.57860159
v 0.83059549 -4.55078315 0.49516573
v 0.93947035 -4.64953899 0.40829983
v 0.89901971 -4.50453376 0.52924168
v 1.01049971 -4.60287427 0.44282642
v 1.1222018 -4.69758319 0.35173052
v 1.07545769 -4.56752491 0.48025745
v 1.18829131 -4.66601038 0.38987353
v 1.29972994 -4.76036739 0.28900563
v 1.24523377 -4.64560222 0.42934659
v 1.35739994 -4.744596 0.32707858
v 1.46532321 -4.84411478 0.21086065
v 1.40297389 -4.74139118 0.36594289
v 1.5130769 -4.84392261 0.2469045
v 1.6138724 -4.95196437 0.11444173
v 1.55056858 -4.85405731 0.28373754
v 1.65204775 -4.96675729 0.14891965
v 1.73657035 -5.0880928 0.01292782
v 1.67341566 -4.9952321 0.18401357
v 1.75500583 -5.11979055 0.04658141
v 1.81823074 -5.24329614 -0.08154956
v 1.75209522 -5.16007089 0.07572833
v 1.81388211 -5.28320741 -0.05487541
v 1.87486577 -5.39163494 -0.17881734
v 1.79245722 -5.32859468 -0.03291763
v 1.85564553 -5.43775558 -0.15873919
v 1.92647194 -5.52753448 -0.28571695
v 1.82174718 -5.49241876 -0.14064319
v 1.90344333 -5.58522796 -0.26842993
v 1.97963857 -5.64760303 -0.39898264
v 1.77075874 -5.56685257 -0.11382612
v 1.70149898 -5.44005298 0.00224313
v 1.62682104 -5.52288436 0.03695929
v 1.75342595 -5.37882804 -0.01707582
v 1.68948614 -5.25138759 0.11122694
v 1.63929581 -5.30527257 0.12567111
v 1.72784221 -5.20340633 0.09568499
v 1.65119242 -5.0774455 0.23428987
v 1.61481988 -5.12171649 0.24753239
v 1.67151176 -5.03444576 0.2133767
v 1.57361531 -4.91517305 0.35247862
v 1.55388593 -4.95628595 0.37281233
v 1.57242584 -4.87843608 0.32057324
v 1.45947611 -4.76749181 0.4437747
v 1.45712328 -4.80205774 0.47536554
v 1.43807363 -4.74846601 0.40529191
v 1.32446456 -4.64156627 0.51037013
v 1.34517049 -4.65850257 0.55209749
v 1.29075312 -4.63716173 0.46908631
v 1.17696762 -4.53241443 0.56180548
v 1.21015155 -4.53422832 0.60466581
v 1.13209962 -4.54359579 0.52059739
v 1.01776862 -4.44078779 0.60636889
v 1.06186771 -4.42720651 0.64829427
v 0.96215498 -4.46773338 0.56641143
v 0.84783017 -4.36817741 0.6494717
v 0.90125203 -4.3397789 0.6886599
v 0.78716272 -4.40555048 0.61246573
v 0.67541056 -4.30574417 0.69126969
v 0.73348593 -4.26832342 0.72710114
v 0.61059421 -4.35188818 0.65749728
v 0.50064718 -4.24966001 0.72789448
v 0.56482327 -4.20218038 0.76160645
v 0.41621968 -4.31770992 0.6926102
v 0.30660972 -4.2147541 0.75129658
v 0.39210131 -4.14409875 0.78808617
v 0.19492225 -4.31510257 0.71146512
v 0.08538764 -4.20716047 0.75526458
v 0.19970229 -4.10514402 0.79508906
v -0.03738417 -4.32979965 0.72228759
v -0.14833958 -4.21352195 0.74519288
v -0.0202618 -4.09237432 0.7824561
v -0.26414257 -4.32919502 0.72129482
v -0.37557843 -4.20106554 0.72743058
v -0.25491443 -4.09121942 0.75301027
v -0.4622848 -4.28129768 0.71886515
v -0.57209748 -4.14128351 0.71073389
v -0.48251634 -4.06817531 0.71987956
v -0.64078211 -4.19662761 0.71333205
v -0.75085008 -4.04607629 0.6959266
v -0.67727148 -3.99473309 0.6932742
v -0.81267333 -4.08809089 0.70828831
v -0.92186623 -3.93098092 0.69017535
v -0.85719674 -3.8906393 0.67657822
v -0.97730088 -3.96421909 0.71681845
v -1.08435154 -3.80249953 0.7074272
v -1.02938616 -3.77108502 0.67894566
v -1.12849283 -3.82754159 0.74252802
v -1.23116385 -3.66318202 0.73821443
v -1.1878643 -3.63890862 0.7028324
v -1.26178205 -3.67988967 0.77794957
v -1.36025977 -3.51297617 0.77521556
v -1.3294171 -3.49644088 0.73576676
v -1.37786841 -3.52173066 0.81860464
v -1.4740895 -3.35193371 0.81308174
v -1.45414578 -3.34267354 0.77151542
v -1.47834813 -3.35234546 0.85667288
v -1.57429814 -3.18111014 0.84815228
v -1.56469047 -3.17906832 0.8056373
v -1.55302238 -3.16717505 0.88283687
v -1.63842523 -2.99081325 0.86502587
v -1.66266918 -3.00625038 0.8336026
v -1.59638977 -2.96828389 0.88134992
v -1.66907012 -2.79163599 0.85612779
v -1.71256399 -2.81260633 0.83991581
v -1.62152147 -2.76952719 0.86490875
v -1.68890702 -2.59749436 0.82931661
v -1.73620748 -2.61886549 0.82033622
v -1.63535094 -2.57378673 0.83630478
v -1.69940507 -2.4056344 0.79090452
v -1.75467157 -2.42912817 0.78283983
v -1.63961482 -2.38015389 0.7986648
v -1.69959902 -2.21452379 0.74157214
v -1.76021909 -2.2397871 0.73240065
v -1.61910975 -2.18037247 0.75219863
v -1.68019974 -2.02012682 0.68282061
v -1.75650918 -2.05304741 0.66984856
v -1.57218706 -1.97339284 0.69805139
v -1.63309824 -1.81903553 0.61663609
v -1.74009871 -1.86494958 0.59838336
v -1.49624705 -1.76121592 0.63671016
v -1.54363143 -1.61149907 0.54608649
v -1.68788874 -1.6702094 0.52268195
v -1.40462255 -1.55313825 0.56685429
v -1.44618153 -1.4078803 0.4655596
v -1.58343696 -1.46679174 0.44673088
v -1.34699523 -1.36325109 0.47705322
v -1.38917255 -1.22160112 0.36567446
v -1.48936438 -1.26817357 0.35747233
v -1.31298577 -1.19035685 0.36979323
v -1.35452735 -1.05275833 0.24857315
v -1.4322561 -1.0840044 0.24779345
v -1.29281961 -1.03285503 0.24597279
v -1.33424055 -0.90573442 0.10885562
v -1.39650332 -0.92276626 0.11385551
v -1.27855825 -0.89514601 0.10200309
v -1.30930066 -0.79258871 -0.05804574
v -1.36526846 -0.79805737 -0.0524367
v -1.26106929 -0.79027468 -0.06263557
v -1.2698791 -0.718683 -0.23910845
v -1.31777346 -0.71914184 -0.24163413
v -1.22844755 -0.72344249 -0.23776903
v -1.2058165 -0.69065976 -0.42126086
v -1.24787557 -0.68427175 -0.43026351
v -1.18602907 -0.72227358 -0.41811549
v -1.13840937 -0.73209345 -0.59460884
v -1.15992379 -0.70062446 -0.60691911
v -1.13412678 -0.77724248 -0.58370804
v -1.06806743 -0.82320416 -0.74030727
v -1.07234418 -0.78067916 -0.76139813
v -1.07382714 -0.86715185 -0.72369158
v -1.00183975 -0.9429962 -0.85928839
v -0.9962303 -0.90066009 -0.88351512
v -1.02007865 -0.99005019 -0.83849316
v -0.946159 -1.08359217 -0.95190686
v -0.92657035 -1.03794789 -0.97811597
v -0.97802895 -1.13269376 -0.93094801
v -0.9023965 -1.23500073 -1.02847552
v -0.86949849 -1.18794024 -1.05276167
v -0.94741654 -1.28463339 -1.01140141
v -0.86952519 -1.39367151 -1.09735286
v -0.82360518 -1.34512662 -1.11589849
v -0.93004274 -1.44528949 -1.08704447
v -0.84736955 -1.55892026 -1.1633073
v -0.78724873 -1.50756847 -1.1755011
v -0.9214819 -1.61215484 -1.15971553
v -0.83359515 -1.73113215 -1.22525715
v -0.75865078 -1.67656159 -1.23131907
v -0.93016207 -1.79299473 -1.23024821
v -0.83591449 -1.9161148 -1.28638172
v -0.74091553 -1.85312581 -1.28224825
v -0.95340263 -1.99043667 -1.30556309
v -0.85371196 -2.11756801 -1.35373294
v -0.73868656 -2.04113459 -1.33613932
v -0.95716232 -2.18535924 -1.38441872
v -0.85053193 -2.31306624 -1.42413091
v -0.75151538 -2.24579024 -1.39528381
v -0.9275887 -2.36337876 -1.46012282
v -0.81959569 -2.49302101 -1.49247229
v -0.74367827 -2.441854 -1.45697915
v -0.88141834 -2.53422236 -1.53170406
v -0.77368688 -2.66580724 -1.55752396
v -0.71319872 -2.62430763 -1.5184462
v -0.82308322 -2.69904351 -1.60024428
v -0.71521532 -2.83252787 -1.6207571
v -0.66658544 -2.79908871 -1.57879138
v -0.75343632 -2.85779357 -1.66463542
v -0.64453262 -2.99257516 -1.68105852
v -0.60802817 -2.96768999 -1.63805604
v -0.67093098 -3.00948476 -1.72344136
v -0.56262016 -3.14623761 -1.7355988
v -0.53697699 -3.12889647 -1.69406783
v -0.57906192 -3.15618157 -1.77675521
v -0.46932482 -3.2927618 -1.78659653
v -0.45425859 -3.28281474 -1.7458111
v -0.47466453 -3.29494118 -1.82841026
v -0.36252892 -3.42981481 -1.8354634
v -0.35874241 -3.42839193 -1.79413771
v -0.3538306 -3.4212265 -1.87316358
v -0.24212347 -3.55557584 -1.87699103
v -0.25173232 -3.56443977 -1.84037959
v -0.2162155 -3.53379368 -1.89643907
v -0.10581726 -3.66753411 -1.89715588
v -0.13169223 -3.68926453 -1.8790909
v -0.0747958 -3.64193534 -1.90636074
v 0.0327157 -3.77704429 -1.90769755
v 0.00255386 -3.80139017 -1.89798152
v 0.06845019 -3.74857759 -1.90959775
v 0.17498266 -3.88547968 -1.91009616
v 0.13842542 -3.91385531 -1.90906965
v 0.21910314 -3.85138797 -1.9084053
v 0.32444822 -3.99204325 -1.90680241
v 0.27986508 -4.02540063 -1.9088124
v 0.37550458 -3.95382618 -1.90358638
v 0.47686731 -4.09971332 -1.90015721
v 0.42564609 -4.13650655 -1.90329694
v 0.53660988 -4.05662775 -1.8961482
v 0.63357484 -4.20905494 -1.89102745
v 0.57457393 -4.24935722 -1.89501011
v 0.70951509 -4.15486288 -1.88580572
v 0.80755084 -4.30669498 -1.87773132
v 0.72982865 -4.36208915 -1.88327777
v 0.89994943 -4.24082851 -1.86993491
v 0.99919748 -4.39195871 -1.85431397
v 0.90492981 -4.45889043 -1.86448371
v 1.08985149 -4.33229923 -1.84176564
v 1.18837189 -4.48407411 -1.81643521
v 1.09513866 -4.5459752 -1.82993161
v 1.2648797 -4.43685531 -1.8042494
v 1.35930097 -4.59248542 -1.77162337
v 1.28317236 -4.63817501 -1.78437709
v 1.41354429 -4.56074094 -1.76149261
v 1.50657987 -4.71802759 -1.7210133
v 1.45202672 -4.74922609 -1.73278033
v 1.55391013 -4.69041061 -1.7097851
v 1.6462624 -4.84956359 -1.65860652
v 1.59865069 -4.8776741 -1.67229342
v 1.68430829 -4.82518672 -1.645123
v 1.77148604 -4.98266077 -1.57188165
v 1.735435 -5.00894022 -1.58885312
v 1.79760277 -4.95943975 -1.55274236
v 1.688205 -5.04012107 -1.60805797
v 1.54238224 -4.90878057 -1.68562281
v 1.37494337 -4.79416942 -1.74771726
v 1.18684971 -4.70005846 -1.80094003
v 0.9971162 -4.61333799 -1.84468531
v 0.8235532 -4.51464748 -1.87212777
v 0.67034047 -4.40063905 -1.88760864
v 0.52362269 -4.28348112 -1.89816355
v 0.38147538 -4.16812133 -1.90539264
v 0.24295599 -4.05301904 -1.90801322
v 0.1082545 -3.93747043 -1.90080225
v -0.02254564 -3.82189679 -1.88009917
v -0.14210619 -3.69847297 -1.84340584
v -0.24884019 -3.56327199 -1.7995187
v -0.34468311 -3.4186697 -1.75415921
v -0.43025359 -3.26582884 -1.70411407
v -0.50174963 -3.10395073 -1.6515026
v -0.5606448 -2.93423986 -1.59606075
v -0.60690552 -2.75722956 -1.54018807
v -0.6381638 -2.57258129 -1.48335504
v -0.64793843 -2.37549066 -1.42867589
v -0.63896554 -2.16818809 -1.37937438
v -0.64301538 -1.97563457 -1.33318007
v -0.66322672 -1.79540562 -1.2900002
v -0.69804167 -1.6240971 -1.24528372
v -0.7404102 -1.45915901 -1.19508707
v -0.78989017 -1.29936301 -1.14192557
v -0.84865456 -1.1445353 -1.08276557
v -0.91961062 -0.99823623 -1.00781893
v -1.00199663 -0.86393863 -0.91138982
v -1.09527909 -0.74786603 -0.78503936
v -1.19652736 -0.68298488 -0.62283551
v -1.29609656 -0.6786862 -0.44064042
v -1.37361013 -0.72298967 -0.24521403
v -1.42695665 -0.80837386 -0.0488965
v -1.47439146 -0.95021402 0.11648482
v -1.5341953 -1.1309216 0.24327194
v -1.62398099 -1.32909011 0.34146907
v -1.73532652 -1.5280683 0.41996425
v -1.7955501 -1.71643936 0.49981427
v -1.81111645 -1.89743185 0.58156764
v -1.81514442 -2.07940411 0.65615177
v -1.81485533 -2.26450896 0.71997678
v -1.80301904 -2.45050334 0.7722488
v -1.7760204 -2.63914823 0.80256891
v -1.73673915 -2.82843947 0.80792307
v -1.64689147 -3.00379109 0.79272145
v -1.54076302 -3.16944217 0.76601326
v -1.42164945 -3.32634758 0.73363494
v -1.28553605 -3.47244787 0.70023709
v -1.13260543 -3.60799241 0.67383891
v -0.96230518 -3.7320652 0.66227346
v -0.77893781 -3.84182047 0.67261332
v -0.58496803 -3.92880892 0.7023006
v -0.35839188 -3.96499896 0.74742704
v -0.12299766 -3.97240948 0.79387295
v 0.09642716 -3.98878359 0.82509183
v 0.28558394 -4.03293609 0.83307391
v 0.45596334 -4.09459018 0.82162165
v 0.62015461 -4.1646161 0.79632502
v 0.78488349 -4.23812341 0.76427716
v 0.9446156 -4.32317161 0.72977227
v 1.09558379 -4.42581224 0.69230842
v 1.23029303 -4.54963684 0.64856046
v 1.34384298 -4.69155311 0.58766418
v 1.43922638 -4.84143877 0.497253
v 1.51840949 -4.99880313 0.38364824
v 1.56620061 -5.17082929 0.25981268
v 1.57489419 -5.3706088 0.14747862
v 1.52839148 -5.62581491 0.0813139
v 1.52206432 -5.90877914 0.0028979
f 1 4 5 2
f 1 2 6 7
f 7 8 4 1
f 9 10 2 5
f 2 10 11 12
f 3 13 14 15
f 3 16 17 13
f 3 18 19 16
f 3 20 21 18
f 21 20 22 23
f 21 23 24 12
f 21 12 11 18
f 24 23 25 26
f 24 26 27 6
f 24 6 2 12
f 27 26 28 29
f 27 29 30 31
f 27 31 7 6
f 31 30 32 33
f 31 33 8 7
f 33 32 34 35
f 33 35 36 8
f 36 35 37 38
f 36 38 39 40
f 36 40 4 8
f 40 39 41 42
f 40 42 5 4
f 42 41 43 44
f 42 44 9 5
f 44 43 45 46
f 44 46 47 9
f 47 48 10 9
f 47 46 49 50
f 47 50 51 48
f 51 52 53 48
f 51 50 54 55
f 51 55 56 52
f 56 57 58 52
f 56 55 59 60
f 56 60 61 57
f 61 62 63 57
f 61 60 64 65
f 61 65 66 62
f 66 67 68 62
f 66 65 69 70
f 66 70 71 67
f 71 72 73 67
f 71 70 74 75
f 71 75 76 72
f 76 77 78 72
f 76 75 79 80
f 76 80 81 77
f 81 82 83 77
f 81 80 84 85
f 81 85 86 82
f 86 87 88 82
f 86 85 89 90
f 86 90 91 87
f 91 92 93 87
f 91 90 94 95
f 91 95 96 92
f 96 97 98 92
f 96 95 99 100
f 96 100 101 97
f 101 102 103 97
f 101 100 104 105
f 101 105 106 102
f 106 107 108 102
f 106 105 109 110
f 106 110 111 107
f 111 112 113 107
f 111 110 114 115
f 111 115 116 112
f 116 117 118 112
f 116 115 119 120
f 116 120 121 117
f 121 122 123 117
f 121 120 124 125
f 121 125 126 122
f 126 127 128 122
f 126 125 129 130
f 126 130 131 127
f 131 132 133 127
f 131 130 134 135
f 131 135 136 132
f 136 137 138 132
f 136 135 139 140
f 136 140 141 137
f 141 142 143 137
f 141 140 144 145
f 141 145 146 142
f 146 147 148 142
f 146 145 149 150
f 146 150 151 147
f 151 152 153 147
f 151 150 154 155
f 151 155 156 152
f 156 157 158 152
f 156 155 159 160
f 156 160 161 157
f 161 162 163 157
f 161 160 164 165
f 161 165 166 162
f 166 167 168 162
f 166 165 169 170
f 166 170 171 167
f 171 172 173 167
f 171 170 174 175
f 171 175 176 172
f 176 177 178 172
f 176 175 179 180
f 176 180 181 177
f 181 182 183 177
f 181 180 184 185
f 181 185 186 182
f 186 187 188 182
f 186 185 189 190
f 186 190 191 187
f 191 192 193 187
f 191 190 194 195
f 191 195 196 192
f 196 197 198 192
f 196 195 199 200
f 196 200 201 197
f 201 202 203 197
f 201 200 204 205
f 201 205 206 202
f 206 207 208 202
f 206 205 209 210
f 206 210 211 207
f 211 212 213 207
f 211 210 214 215
f 211 215 216 212
f 216 217 218 212
f 216 215 219 220
f 216 220 221 217
f 221 222 223 217
f 221 220 224 225
f 221 225 226 222
f 226 227 228 222
f 226 225 229 230
f 226 230 231 227
f 231 232 233 227
f 231 230 234 235
f 231 235 236 232
f 236 237 238 232
f 236 235 239 240
f 236 240 241 237
f 241 242 243 237
f 241 240 244 245
f 241 245 246 242
f 246 247 248 242
f 246 245 249 250
f 246 250 251 247
f 251 252 253 247
f 251 250 254 255
f 251 255 256 252
f 256 257 258 252
f 256 255 259 260
f 256 260 261 257
f 261 262 263 257
f 261 260 264 265
f 261 265 266 262
f 266 267 268 262
f 266 265 269 270
f 266 270 271 267
f 271 272 273 267
f 271 270 274 275
f 271 275 276 272
f 276 277 278 272
f 276 275 279 280
f 276 280 281 277
f 281 282 283 277
f 281 280 284 285
f 281 285 286 282
f 286 287 288 282
f 286 285 289 290
f 286 290 291 287
f 291 292 293 287
f 291 290 294 295
f 291 295 296 292
f 296 297 298 292
f 296 295 299 300
f 296 300 301 297
f 301 302 303 297
f 301 300 304 305
f 301 305 306 302
f 306 307 308 302
f 306 305 309 310
f 306 310 311 307
f 311 312 313 307
f 311 310 314 315
f 311 315 316 312
f 316 317 318 312
f 316 315 319 320
f 316 320 321 317
f 321 322 323 317
f 321 320 324 325
f 321 325 326 322
f 326 327 328 322
f 326 325 329 330
f 326 330 331 327
f 331 332 333 327
f 331 330 334 335
f 331 335 336 332
f 336 337 338 332
f 336 335 339 340
f 336 340 341 337
f 341 342 343 337
f 341 340 344 345
f 341 345 346 342
f 346 347 348 342
f 346 345 349 350
f 346 350 351 347
f 351 352 353 347
f 351 350 354 355
f 351 355 356 352
f 356 357 358 352
f 356 355 359 360
f 356 360 361 357
f 361 362 363 357
f 361 360 364 365
f 361 365 366 362
f 366 367 368 362
f 366 365 369 370
f 366 370 371 367
f 371 372 373 367
f 371 370 374 375
f 371 375 376 372
f 376 377 378 372
f 376 375 379 380
f 376 380 381 377
f 381 382 383 377
f 381 380 384 385
f 381 385 386 382
f 386 387 388 382
f 386 385 389 390
f 386 390 391 387
f 391 392 393 387
f 391 390 394 395
f 391 395 396 392
f 396 397 398 392
f 396 395 399 400
f 396 400 401 397
f 401 402 403 397
f 401 400 404 405
f 401 405 406 402
f 406 407 408 402
f 406 405 409 410
f 406 410 411 407
f 411 412 413 407
f 411 410 414 415
f 411 415 416 412
f 416 417 418 412
f 416 415 419 420
f 416 420 421 417
f 421 422 423 417
f 421 420 424 425
f 421 425 426 422
f 426 427 428 422
f 426 425 429 430
f 426 430 431 427
f 431 432 433 427
f 431 430 434 435
f 431 435 436 432
f 436 437 438 432
f 436 435 439 440
f 436 440 441 437
f 441 442 443 437
f 441 440 444 445
f 441 445 446 442
f 446 447 448 442
f 446 445 449 450
f 446 450 451 447
f 451 452 453 447
f 451 450 454 455
f 451 455 456 452
f 456 457 458 452
f 456 455 459 460
f 456 460 461 457
f 461 462 463 457
f 461 460 464 465
f 461 465 466 462
f 466 467 468 462
f 466 465 469 470
f 466 470 471 467
f 471 472 473 467
f 471 470 474 475
f 471 475 476 472
f 476 477 478 472
f 476 475 479 480
f 476 480 481 477
f 481 482 483 477
f 481 480 484 485
f 481 485 486 482
f 486 487 488 482
f 486 485 489 490
f 486 490 491 487
f 491 492 493 487
f 491 490 494 495
f 491 495 496 492
f 496 497 498 492
f 496 495 499 500
f 496 500 501 497
f 501 502 503 497
f 501 500 504 505
f 501 505 506 502
f 506 507 508 502
f 506 505 509 510
f 506 510 511 507
f 511 512 513 507
f 511 510 514 515
f 511 515 516 512
f 516 517 518 512
f 516 515 519 520
f 516 520 521 517
f 521 522 523 517
f 521 520 524 525
f 521 525 526 522
f 526 527 528 522
f 526 525 529 530
f 526 530 531 527
f 531 532 533 527
f 531 530 534 535
f 531 535 536 532
f 536 537 538 532
f 536 535 539 540
f 536 540 541 537
f 541 542 543 537
f 541 540 544 545
f 541 545 546 542
f 546 547 548 542
f 546 545 549 550
f 546 550 551 547
f 551 552 553 547
f 551 550 554 555
f 551 555 556 552
f 556 557 558 552
f 556 555 559 560
f 556 560 561 557
f 561 562 563 557
f 561 560 564 565
f 561 565 566 562
f 566 567 568 562
f 566 565 569 570
f 566 570 571 567
f 571 572 573 567
f 571 570 574 575
f 571 575 576 572
f 576 577 578 572
f 576 575 579 580
f 576 580 581 577
f 581 582 583 577
f 581 580 584 585
f 581 585 586 582
f 586 587 588 582
f 586 585 589 590
f 586 590 591 587
f 591 592 593 587
f 591 590 594 595
f 591 595 596 592
f 596 597 598 592
f 596 595 599 600
f 596 600 601 597
f 601 602 603 597
f 601 600 604 605
f 601 605 606 602
f 606 607 608 602
f 606 605 609 610
f 606 610 611 607
f 611 612 613 607
f 611 610 614 615
f 611 615 616 612
f 616 617 618 612
f 616 615 619 620
f 616 620 621 617
f 621 622 623 617
f 621 620 624 625
f 621 625 626 622
f 626 627 628 622
f 626 625 629 630
f 626 630 631 627
f 631 632 633 627
f 631 630 634 635
f 631 635 636 632
f 636 637 638 632
f 636 635 639 640
f 636 640 641 637
f 641 642 643 637
f 641 640 644 645
f 641 645 646 642
f 646 647 648 642
f 646 645 649 650
f 646 650 651 647
f 651 652 653 647
f 651 650 654 655
f 651 655 656 652
f 656 657 658 652
f 656 655 659 660
f 656 660 661 657
f 661 662 663 657
f 661 660 664 665
f 661 665 666 662
f 666 667 668 662
f 666 665 669 670
f 666 670 671 667
f 671 672 673 667
f 671 670 674 675
f 671 675 676 672
f 676 677 678 672
f 676 675 679 680
f 676 680 681 677
f 681 682 683 677
f 681 680 684 685
f 681 685 686 682
f 686 687 688 682
f 686 685 689 690
f 686 690 691 687
f 691 692 693 687
f 691 690 694 695
f 691 695 696 692
f 696 697 698 692
f 696 695 699 700
f 696 700 701 697
f 701 702 703 697
f 701 700 704 705
f 701 705 706 702
f 706 707 708 702
f 706 705 709 710
f 706 710 711 707
f 711 712 713 707
f 711 710 714 715
f 711 715 716 712
f 716 717 718 712
f 716 715 719 720
f 716 720 721 717
f 721 722 723 717
f 721 720 724 725
f 721 725 726 722
f 726 727 728 722
f 726 725 729 730
f 726 730 731 727
f 731 732 733 727
f 731 730 734 735
f 731 735 736 732
f 736 737 738 732
f 736 735 739 740
f 736 740 741 737
f 741 742 743 737
f 741 740 744 745
f 741 745 746 742
f 746 747 748 742
f 746 745 749 750
f 746 750 751 747
f 751 752 753 747
f 751 750 754 755
f 751 755 756 752
f 756 757 758 752
f 756 755 759 760
f 756 760 761 757
f 761 762 763 757
f 761 760 764 765
f 761 765 766 762
f 766 767 768 762
f 766 765 769 770
f 766 770 771 767
f 771 772 773 767
f 771 770 774 775
f 771 775 776 772
f 776 777 778 772
f 776 775 779 780
f 776 780 781 777
f 781 782 783 777
f 781 780 784 785
f 781 785 786 782
f 786 787 788 782
f 786 785 789 790
f 786 790 791 787
f 791 792 793 787
f 791 790 794 795
f 791 795 796 792
f 796 797 798 792
f 796 795 799 800
f 796 800 801 797
f 801 802 803 797
f 801 800 804 805
f 801 805 806 802
f 806 807 808 802
f 806 805 809 810
f 806 810 811 807
f 811 812 813 807
f 811 810 814 815
f 811 815 816 812
f 816 817 818 812
f 816 815 819 820
f 816 820 821 817
f 821 822 823 817
f 821 820 824 825
f 821 825 826 822
f 826 827 828 822
f 826 825 829 830
f 826 830 831 827
f 831 832 833 827
f 831 830 834 835
f 831 835 836 832
f 836 837 838 832
f 836 835 839 840
f 836 840 841 837
f 841 842 843 837
f 841 840 844 845
f 841 845 846 842
f 846 847 848 842
f 846 845 849 850
f 846 850 851 847
f 851 852 853 847
f 851 850 854 855
f 851 855 856 852
f 856 857 858 852
f 856 855 859 860
f 856 860 861 857
f 861 862 863 857
f 861 860 864 865
f 861 865 866 862
f 866 867 868 862
f 866 865 869 870
f 866 870 871 867
f 871 872 873 867
f 871 870 874 875
f 871 875 876 872
f 876 877 878 872
f 876 875 879 880
f 876 880 881 877
f 881 882 883 877
f 881 880 884 885
f 881 885 886 882
f 886 887 888 882
f 886 885 889 890
f 886 890 891 887
f 891 892 893 887
f 891 890 894 895
f 891 895 896 892
f 896 897 898 892
f 896 895 899 900
f 896 900 901 897
f 901 902 903 897
f 901 900 904 905
f 901 905 906 902
f 906 907 908 902
f 906 905 909 910
f 906 910 911 907
f 911 912 913 907
f 911 910 914 915
f 911 915 916 912
f 916 917 918 912
f 916 915 919 920
f 916 920 921 917
f 921 922 923 917
f 921 920 924 925
f 921 925 926 922
f 926 927 928 922
f 926 925 929 930
f 926 930 931 927
f 931 932 933 927
f 931 930 934 935
f 931 935 936 932
f 936 937 938 932
f 936 935 939 940
f 936 940 941 937
f 941 942 943 937
f 941 940 944 945
f 941 945 946 942
f 946 947 948 942
f 946 945 949 950
f 946 950 951 947
f 951 952 953 947
f 951 950 954 955
f 951 955 956 952
f 956 957 958 952
f 956 955 959 960
f 956 960 961 957
f 961 962 963 957
f 961 960 964 965
f 961 965 966 962
f 966 967 968 962
f 966 965 969 970
f 966 970 971 967
f 971 972 973 967
f 971 970 974 975
f 971 975 976 972
f 976 977 978 972
f 976 975 979 980
f 976 980 981 977
f 981 982 983 977
f 981 980 984 985
f 981 985 986 982
f 986 987 988 982
f 986 985 989 990
f 986 990 991 987
f 991 992 993 987
f 991 990 994 995
f 991 995 996 992
f 996 997 998 992
f 996 995 999 1000
f 996 1000 1001 997
f 1001 1002 1003 997
f 1001 1000 1004 1005
f 1001 1005 1006 1002
f 1006 1007 1008 1002
f 1006 1005 1009 1010
f 1006 1010 1011 1007
f 1011 1012 1013 1007
f 1011 1010 1014 1015
f 1011 1015 1016 1012
f 1016 1017 1018 1012
f 1016 1015 1019 1020
f 1016 1020 1021 1017
f 1021 1022 1023 1017
f 1021 1020 1024 1025
f 1021 1025 1026 1022
f 1026 1027 1028 1022
f 1026 1025 1029 1030
f 1026 1030 1031 1027
f 1031 1032 1033 1027
f 1031 1030 1034 1035
f 1031 1035 1036 1032
f 1036 1037 1038 1032
f 1036 1035 1039 1040
f 1036 1040 1041 1037
f 1041 1042 1043 1037
f 1041 1040 1044 1045
f 1041 1045 1046 1042
f 1046 1047 1048 1042
f 1046 1045 1049 1050
f 1046 1050 1051 1047
f 1051 1052 1053 1047
f 1051 1050 1054 1055
f 1051 1055 1056 1052
f 1056 1057 1058 1052
f 1056 1055 1059 1060
f 1056 1060 1061 1057
f 1061 1062 1063 1057
f 1061 1060 1064 1065
f 1061 1065 1066 1062
f 1066 1067 1068 1062
f 1066 1065 1069 1070
f 1066 1070 1071 1067
f 1071 1072 1073 1067
f 1071 1070 1074 1075
f 1071 1075 1076 1072
f 1076 1077 1078 1072
f 1076 1075 1079 1080
f 1076 1080 1081 1077
f 1081 1082 1083 1077
f 1081 1080 1084 1085
f 1081 1085 1086 1082
f 1086 1087 1088 1082
f 1086 1085 1089 1090
f 1086 1090 1091 1087
f 1091 1092 1093 1087
f 1091 1090 1094 1095
f 1091 1095 1096 1092
f 1096 1097 1098 1092
f 1096 1095 1099 1100
f 1096 1100 1101 1097
f 1101 1102 1103 1097
f 1101 1100 1104 1105
f 1101 1105 1106 1102
f 1106 1107 1108 1102
f 1106 1105 1109 1110
f 1106 1110 1111 1107
f 1111 1112 1113 1107
f 1111 1110 1114 1115
f 1111 1115 1116 1112
f 1116 1117 1118 1112
f 1116 1115 1119 1120
f 1116 1120 1121 1117
f 1121 1122 1123 1117
f 1121 1120 1124 1125
f 1121 1125 1126 1122
f 1126 1127 1128 1122
f 1126 1125 1129 1130
f 1126 1130 1131 1127
f 1131 1132 1133 1127
f 1131 1130 1134 1135
f 1131 1135 1136 1132
f 1136 1137 1138 1132
f 1136 1135 1139 1140
f 1136 1140 1141 1137
f 1141 1142 1143 1137
f 1141 1140 1144 1145
f 1141 1145 1146 1142
f 1146 1147 1148 1142
f 1146 1145 1149 1150
f 1146 1150 1151 1147
f 1151 1152 1153 1147
f 1151 1150 1154 1155
f 1151 1155 1156 1152
f 1156 1157 1158 1152
f 1156 1155 1159 1160
f 1156 1160 1161 1157
f 1161 1162 1163 1157
f 1161 1160 1164 1165
f 1161 1165 1166 1162
f 1166 1167 1168 1162
f 1166 1165 1169 1170
f 1166 1170 1171 1167
f 1171 1172 1173 1167
f 1171 1170 1174 1175
f 1171 1175 1176 1172
f 1176 1177 1178 1172
f 1176 1175 1179 1180
f 1176 1180 1181 1177
f 1181 1182 1183 1177
f 1181 1180 1184 1185
f 1181 1185 1186 1182
f 1186 1187 1188 1182
f 1186 1185 1189 1190
f 1186 1190 1191 1187
f 1191 1192 1193 1187
f 1191 1190 1194 1195
f 1191 1195 1196 1192
f 1196 1197 1198 1192
f 1196 1195 1199 1200
f 1196 1200 1201 1197
f 1201 1202 1203 1197
f 1201 1200 1204 1205
f 1201 1205 1206 1202
f 1206 1207 1208 1202
f 1206 1205 1209 1210
f 1206 1210 1211 1207
f 1211 1212 1213 1207
f 1211 1210 1214 1215
f 1211 1215 1216 1212
f 1216 1217 1218 1212
f 1216 1215 1219 1220
f 1216 1220 1221 1217
f 1221 1222 1223 1217
f 1221 1220 1224 1225
f 1221 1225 1226 1222
f 1226 1227 1228 1222
f 1226 1225 1229 1230
f 1226 1230 1231 1227
f 1231 1232 1233 1227
f 1231 1230 1234 1235
f 1231 1235 1236 1232
f 1236 1237 1238 1232
f 1236 1235 1239 1240
f 1236 1240 1241 1237
f 1241 1242 1243 1237
f 1241 1240 1244 1245
f 1241 1245 1246 1242
f 1246 38 37 1242
f 1246 1245 1247 1248
f 1246 1248 39 38
f 1248 1247 1249 1250
f 1248 1250 41 39
f 1250 1249 1251 1252
f 1250 1252 43 41
f 1252 1251 1253 1254
f 1252 1254 45 43
f 1254 1253 1255 1256
f 1254 1256 1257 45
f 1257 49 46 45
f 1257 1256 1258 1259
f 1257 1259 1260 49
f 1260 54 50 49
f 1260 1259 1261 1262
f 1260 1262 1263 54
f 1263 59 55 54
f 1263 1262 1264 1265
f 1263 1265 1266 59
f 1266 64 60 59
f 1266 1265 1267 1268
f 1266 1268 1269 64
f 1269 69 65 64
f 1269 1268 1270 1271
f 1269 1271 1272 69
f 1272 74 70 69
f 1272 1271 1273 1274
f 1272 1274 1275 74
f 1275 79 75 74
f 1275 1274 1276 1277
f 1275 1277 1278 79
f 1278 84 80 79
f 1278 1277 1279 1280
f 1278 1280 1281 84
f 1281 89 85 84
f 1281 1280 1282 1283
f 1281 1283 1284 89
f 1284 94 90 89
f 1284 1283 1285 1286
f 1284 1286 1287 94
f 1287 99 95 94
f 1287 1286 1288 1289
f 1287 1289 1290 99
f 1290 104 100 99
f 1290 1289 1291 1292
f 1290 1292 1293 104
f 1293 109 105 104
f 1293 1292 1294 1295
f 1293 1295 1296 109
f 1296 114 110 109
f 1296 1295 1297 1298
f 1296 1298 1299 114
f 1299 119 115 114
f 1299 1298 1300 1301
f 1299 1301 1302 119
f 1302 124 120 119
f 1302 1301 1303 1304
f 1302 1304 1305 124
f 1305 129 125 124
f 1305 1304 1306 1307
f 1305 1307 1308 129
f 1308 134 130 129
f 1308 1307 1309 1310
f 1308 1310 1311 134
f 1311 139 135 134
f 1311 1310 1312 1313
f 1311 1313 1314 139
f 1314 144 140 139
f 1314 1313 1315 1316
f 1314 1316 1317 144
f 1317 149 145 144
f 1317 1316 1318 1319
f 1317 1319 1320 149
f 1320 154 150 149
f 1320 1319 1321 1322
f 1320 1322 1323 154
f 1323 159 155 154
f 1323 1322 1324 1325
f 1323 1325 1326 159
f 1326 164 160 159
f 1326 1325 1327 1328
f 1326 1328 1329 164
f 1329 169 165 164
f 1329 1328 1330 1331
f 1329 1331 1332 169
f 1332 174 170 169
f 1332 1331 1333 1334
f 1332 1334 1335 174
f 1335 179 175 174
f 1335 1334 1336 1337
f 1335 1337 1338 179
f 1338 184 180 179
f 1338 1337 1339 1340
f 1338 1340 1341 184
f 1341 189 185 184
f 1341 1340 1342 1343
f 1341 1343 1344 189
f 1344 194 190 189
f 1344 1343 1345 1346
f 1344 1346 1347 194
f 1347 199 195 194
f 1347 1346 1348 1349
f 1347 1349 1350 199
f 1350 204 200 199
f 1350 1349 1351 1352
f 1350 1352 1353 204
f 1353 209 205 204
f 1353 1352 1354 1355
f 1353 1355 1356 209
f 1356 214 210 209
f 1356 1355 1357 1358
f 1356 1358 1359 214
f 1359 219 215 214
f 1359 1358 1360 1361
f 1359 1361 1362 219
f 1362 224 220 219
f 1362 1361 1363 1364
f 1362 1364 1365 224
f 1365 229 225 224
f 1365 1364 1366 1367
f 1365 1367 1368 229
f 1368 234 230 229
f 1368 1367 1369 1370
f 1368 1370 1371 234
f 1371 239 235 234
f 1371 1370 1372 1373
f 1371 1373 1374 239
f 1374 244 240 239
f 1374 1373 1375 1376
f 1374 1376 1377 244
f 1377 249 245 244
f 1377 1376 1378 1379
f 1377 1379 1380 249
f 1380 254 250 249
f 1380 1379 1381 1382
f 1380 1382 1383 254
f 1383 259 255 254
f 1383 1382 1384 1385
f 1383 1385 1386 259
f 1386 264 260 259
f 1386 1385 1387 1388
f 1386 1388 1389 264
f 1389 269 265 264
f 1389 1388 1390 1391
f 1389 1391 1392 269
f 1392 274 270 269
f 1392 1391 1393 1394
f 1392 1394 1395 274
f 1395 279 275 274
f 1395 1394 1396 1397
f 1395 1397 1398 279
f 1398 284 280 279
f 1398 1397 1399 1400
f 1398 1400 1401 284
f 1401 289 285 284
f 1401 1400 1402 1403
f 1401 1403 1404 289
f 1404 294 290 289
f 1404 1403 1405 1406
f 1404 1406 1407 294
f 1407 299 295 294
f 1407 1406 1408 1409
f 1407 1409 1410 299
f 1410 304 300 299
f 1410 1409 1411 1412
f 1410 1412 1413 304
f 1413 309 305 304
f 1413 1412 1414 1415
f 1413 1415 1416 309
f 1416 314 310 309
f 1416 1415 1417 1418
f 1416 1418 1419 314
f 1419 319 315 314
f 1419 1418 1420 1421
f 1419 1421 1422 319
f 1422 324 320 319
f 1422 1421 1423 1424
f 1422 1424 1425 324
f 1425 329 325 324
f 1425 1424 1426 1427
f 1425 1427 1428 329
f 1428 334 330 329
f 1428 1427 1429 1430
f 1428 1430 1431 334
f 1431 339 335 334
f 1431 1430 1432 1433
f 1431 1433 1434 339
f 1434 344 340 339
f 1434 1433 1435 1436
f 1434 1436 1437 344
f 1437 349 345 344
f 1437 1436 1438 1439
f 1437 1439 1440 349
f 1440 354 350 349
f 1440 1439 1441 1442
f 1440 1442 1443 354
f 1443 359 355 354
f 1443 1442 1444 1445
f 1443 1445 1446 359
f 1446 364 360 359
f 1446 1445 1447 1448
f 1446 1448 1449 364
f 1449 369 365 364
f 1449 1448 1450 1451
f 1449 1451 1452 369
f 1452 374 370 369
f 1452 1451 1453 1454
f 1452 1454 1455 374
f 1455 379 375 374
f 1455 1454 1456 1457
f 1455 1457 1458 379
f 1458 384 380 379
f 1458 1457 1459 1460
f 1458 1460 1461 384
f 1461 389 385 384
f 1461 1460 1462 1463
f 1461 1463 1464 389
f 1464 394 390 389
f 1464 1463 1465 1466
f 1464 1466 1467 394
f 1467 399 395 394
f 1467 1466 1468 1469
f 1467 1469 1470 399
f 1470 404 400 399
f 1470 1469 1471 1472
f 1470 1472 1473 404
f 1473 409 405 404
f 1473 1472 1474 1475
f 1473 1475 1476 409
f 1476 414 410 409
f 1476 1475 1477 1478
f 1476 1478 1479 414
f 1479 419 415 414
f 1479 1478 1480 1481
f 1479 1481 1482 419
f 1482 424 420 419
f 1482 1481 1483 1484
f 1482 1484 1485 424
f 1485 429 425 424
f 1485 1484 1486 1487
f 1485 1487 1488 429
f 1488 434 430 429
f 1488 1487 1489 1490
f 1488 1490 1491 434
f 1491 439 435 434
f 1491 1490 1492 1493
f 1491 1493 1494 439
f 1494 444 440 439
f 1494 1493 1495 1496
f 1494 1496 1497 444
f 1497 449 445 444
f 1497 1496 1498 1499
f 1497 1499 1500 449
f 1500 454 450 449
f 1500 1499 1501 1502
f 1500 1502 1503 454
f 1503 459 455 454
f 1503 1502 1504 1505
f 1503 1505 1506 459
f 1506 464 460 459
f 1506 1505 1507 1508
f 1506 1508 1509 464
f 1509 469 465 464
f 1509 1508 1510 1511
f 1509 1511 1512 469
f 1512 474 470 469
f 1512 1511 1513 1514
f 1512 1514 1515 474
f 1515 479 475 474
f 1515 1514 1516 1517
f 1515 1517 1518 479
f 1518 484 480 479
f 1518 1517 1519 1520
f 1518 1520 1521 484
f 1521 489 485 484
f 1521 1520 1522 1523
f 1521 1523 1524 489
f 1524 494 490 489
f 1524 1523 1525 1526
f 1524 1526 1527 494
f 1527 499 495 494
f 1527 1526 1528 1529
f 1527 1529 1530 499
f 1530 504 500 499
f 1530 1529 1531 1532
f 1530 1532 1533 504
f 1533 509 505 504
f 1533 1532 1534 1535
f 1533 1535 1536 509
f 1536 514 510 509
f 1536 1535 1537 1538
f 1536 1538 1539 514
f 1539 519 515 514
f 1539 1538 1540 1541
f 1539 1541 1542 519
f 1542 524 520 519
f 1542 1541 1543 1544
f 1542 1544 1545 524
f 1545 529 525 524
f 1545 1544 1546 1547
f 1545 1547 1548 529
f 1548 534 530 529
f 1548 1547 1549 1550
f 1548 1550 1551 534
f 1551 539 535 534
f 1551 1550 1552 1553
f 1551 1553 1554 539
f 1554 544 540 539
f 1554 1553 1555 1556
f 1554 1556 1557 544
f 1557 549 545 544
f 1557 1556 1558 1559
f 1557 1559 1560 549
f 1560 554 550 549
f 1560 1559 1561 1562
f 1560 1562 1563 554
f 1563 559 555 554
f 1563 1562 1564 1565
f 1563 1565 1566 559
f 1566 564 560 559
f 1566 1565 1567 1568
f 1566 1568 1569 564
f 1569 569 565 564
f 1569 1568 1570 1571
f 1569 1571 1572 569
f 1572 574 570 569
f 1572 1571 1573 1574
f 1572 1574 1575 574
f 1575 579 575 574
f 1575 1574 1576 1577
f 1575 1577 1578 579
f 1578 584 580 579
f 1578 1577 1579 1580
f 1578 1580 1581 584
f 1581 589 585 584
f 1581 1580 1582 1583
f 1581 1583 1584 589
f 1584 594 590 589
f 1584 1583 1585 1586
f 1584 1586 1587 594
f 1587 599 595 594
f 1587 1586 1588 1589
f 1587 1589 1590 599
f 1590 604 600 599
f 1590 1589 1591 1592
f 1590 1592 1593 604
f 1593 609 605 604
f 1593 1592 1594 1595
f 1593 1595 1596 609
f 1596 614 610 609
f 1596 1595 1597 1598
f 1596 1598 1599 614
f 1599 619 615 614
f 1599 1598 1600 1601
f 1599 1601 1602 619
f 1602 624 620 619
f 1602 1601 1603 1604
f 1602 1604 1605 624
f 1605 629 625 624
f 1605 1604 1606 1607
f 1605 1607 1608 629
f 1608 634 630 629
f 1608 1607 1609 1610
f 1608 1610 1611 634
f 1611 639 635 634
f 1611 1610 1612 1613
f 1611 1613 1614 639
f 1614 644 640 639
f 1614 1613 1615 1616
f 1614 1616 1617 644
f 1617 649 645 644
f 1617 1616 1618 1619
f 1617 1619 1620 649
f 1620 654 650 649
f 1620 1619 1621 1622
f 1620 1622 1623 654
f 1623 659 655 654
f 1623 1622 1624 1625
f 1623 1625 1626 659
f 1626 664 660 659
f 1626 1625 1627 1628
f 1626 1628 1629 664
f 1629 669 665 664
f 1629 1628 1630 1631
f 1629 1631 1632 669
f 1632 674 670 669
f 1632 1631 1633 1634
f 1632 1634 1635 674
f 1635 679 675 674
f 1635 1634 1636 1637
f 1635 1637 1638 679
f 1638 684 680 679
f 1638 1637 1639 1640
f 1638 1640 1641 684
f 1641 689 685 684
f 1641 1640 1642 1643
f 1641 1643 1644 689
f 1644 694 690 689
f 1644 1643 1645 1646
f 1644 1646 1647 694
f 1647 699 695 694
f 1647 1646 1648 1649
f 1647 1649 1650 699
f 1650 704 700 699
f 1650 1649 1651 1652
f 1650 1652 1653 704
f 1653 709 705 704
f 1653 1652 1654 1655
f 1653 1655 1656 709
f 1656 714 710 709
f 1656 1655 1657 1658
f 1656 1658 1659 714
f 1659 719 715 714
f 1659 1658 1660 1661
f 1659 1661 1662 719
f 1662 724 720 719
f 1662 1661 1663 1664
f 1662 1664 1665 724
f 1665 729 725 724
f 1665 1664 1666 1667
f 1665 1667 1668 729
f 1668 734 730 729
f 1668 1667 1669 1670
f 1668 1670 1671 734
f 1671 739 735 734
f 1671 1670 1672 1673
f 1671 1673 1674 739
f 1674 744 740 739
f 1674 1673 1675 1676
f 1674 1676 1677 744
f 1677 749 745 744
f 1677 1676 1678 1679
f 1677 1679 1680 749
f 1680 754 750 749
f 1680 1679 1681 1682
f 1680 1682 1683 754
f 1683 759 755 754
f 1683 1682 1684 1685
f 1683 1685 1686 759
f 1686 764 760 759
f 1686 1685 1687 1688
f 1686 1688 1689 764
f 1689 769 765 764
f 1689 1688 1690 1691
f 1689 1691 1692 769
f 1692 774 770 769
f 1692 1691 1693 1694
f 1692 1694 1695 774
f 1695 779 775 774
f 1695 1694 1696 1697
f 1695 1697 1698 779
f 1698 784 780 779
f 1698 1697 1699 1700
f 1698 1700 1701 784
f 1701 789 785 784
f 1701 1700 1702 1703
f 1701 1703 1704 789
f 1704 794 790 789
f 1704 1703 1705 1706
f 1704 1706 1707 794
f 1707 799 795 794
f 1707 1706 1708 1709
f 1707 1709 1710 799
f 1710 804 800 799
f 1710 1709 1711 1712
f 1710 1712 1713 804
f 1713 809 805 804
f 1713 1712 1714 1715
f 1713 1715 1716 809
f 1716 814 810 809
f 1716 1715 1717 1718
f 1716 1718 1719 814
f 1719 819 815 814
f 1719 1718 1720 1721
f 1719 1721 1722 819
f 1722 824 820 819
f 1722 1721 1723 1724
f 1722 1724 1725 824
f 1725 829 825 824
f 1725 1724 1726 1727
f 1725 1727 1728 829
f 1728 834 830 829
f 1728 1727 1729 1730
f 1728 1730 1731 834
f 1731 839 835 834
f 1731 1730 1732 1733
f 1731 1733 1734 839
f 1734 844 840 839
f 1734 1733 1735 1736
f 1734 1736 1737 844
f 1737 849 845 844
f 1737 1736 1738 1739
f 1737 1739 1740 849
f 1740 854 850 849
f 1740 1739 1741 1742
f 1740 1742 1743 854
f 1743 859 855 854
f 1743 1742 1744 1745
f 1743 1745 1746 859
f 1746 864 860 859
f 1746 1745 1747 1748
f 1746 1748 1749 864
f 1749 869 865 864
f 1749 1748 1750 1751
f 1749 1751 1752 869
f 1752 874 870 869
f 1752 1751 1753 1754
f 1752 1754 1755 874
f 1755 879 875 874
f 1755 1754 30 29
f 1755 29 28 879
f 1754 1753 32 30
f 1753 1751 1750 1756
f 1753 1756 34 32
f 1756 1750 1757 1758
f 1756 1758 1759 34
f 1759 1758 1760 1243
f 1759 1243 1242 37
f 1759 37 35 34
f 1760 1758 1757 1761
f 1760 1761 1762 1238
f 1760 1238 1237 1243
f 1762 1761 1763 1764
f 1762 1764 1765 1233
f 1762 1233 1232 1238
f 1765 1764 1766 1767
f 1765 1767 1768 1228
f 1765 1228 1227 1233
f 1768 1767 1769 1770
f 1768 1770 1771 1223
f 1768 1223 1222 1228
f 1771 1770 1772 1773
f 1771 1773 1774 1218
f 1771 1218 1217 1223
f 1774 1773 1775 1776
f 1774 1776 1777 1213
f 1774 1213 1212 1218
f 1777 1776 1778 1779
f 1777 1779 1780 1208
f 1777 1208 1207 1213
f 1780 1779 1781 1782
f 1780 1782 1783 1203
f 1780 1203 1202 1208
f 1783 1782 1784 1785
f 1783 1785 1786 1198
f 1783 1198 1197 1203
f 1786 1785 1787 1788
f 1786 1788 1789 1193
f 1786 1193 1192 1198
f 1789 1788 1790 1791
f 1789 1791 1792 1188
f 1789 1188 1187 1193
f 1792 1791 1793 1794
f 1792 1794 1795 1183
f 1792 1183 1182 1188
f 1795 1794 1796 1797
f 1795 1797 1798 1178
f 1795 1178 1177 1183
f 1798 1797 1799 1800
f 1798 1800 1801 1173
f 1798 1173 1172 1178
f 1801 1800 1802 1803
f 1801 1803 1804 1168
f 1801 1168 1167 1173
f 1804 1803 1805 1806
f 1804 1806 1807 1163
f 1804 1163 1162 1168
f 1807 1806 1808 1809
f 1807 1809 1810 1158
f 1807 1158 1157 1163
f 1810 1809 1811 1812
f 1810 1812 1813 1153
f 1810 1153 1152 1158
f 1813 1812 1814 1815
f 1813 1815 1816 1148
f 1813 1148 1147 1153
f 1816 1815 1817 1818
f 1816 1818 1819 1143
f 1816 1143 1142 1148
f 1819 1818 1820 1821
f 1819 1821 1822 1138
f 1819 1138 1137 1143
f 1822 1821 1823 1824
f 1822 1824 1825 1133
f 1822 1133 1132 1138
f 1825 1824 1826 1827
f 1825 1827 1828 1128
f 1825 1128 1127 1133
f 1828 1827 1829 1830
f 1828 1830 1831 1123
f 1828 1123 1122 1128
f 1831 1830 1832 1833
f 1831 1833 1834 1118
f 1831 1118 1117 1123
f 1834 1833 1835 1836
f 1834 1836 1837 1113
f 1834 1113 1112 1118
f 1837 1836 1838 1839
f 1837 1839 1840 1108
f 1837 1108 1107 1113
f 1840 1839 1841 1842
f 1840 1842 1843 1103
f 1840 1103 1102 1108
f 1843 1842 1844 1845
f 1843 1845 1846 1098
f 1843 1098 1097 1103
f 1846 1845 1847 1848
f 1846 1848 1849 1093
f 1846 1093 1092 1098
f 1849 1848 1850 1851
f 1849 1851 1852 1088
f 1849 1088 1087 1093
f 1852 1851 1853 1854
f 1852 1854 1855 1083
f 1852 1083 1082 1088
f 1855 1854 1856 1857
f 1855 1857 1858 1078
f 1855 1078 1077 1083
f 1858 1857 1859 1860
f 1858 1860 1861 1073
f 1858 1073 1072 1078
f 1861 1860 1862 1863
f 1861 1863 1864 1068
f 1861 1068 1067 1073
f 1864 1863 1865 1866
f 1864 1866 1867 1063
f 1864 1063 1062 1068
f 1867 1866 1868 1869
f 1867 1869 1870 1058
f 1867 1058 1057 1063
f 1870 1869 1871 1872
f 1870 1872 1873 1053
f 1870 1053 1052 1058
f 1873 1872 1874 1875
f 1873 1875 1876 1048
f 1873 1048 1047 1053
f 1876 1875 1877 1878
f 1876 1878 1879 1043
f 1876 1043 1042 1048
f 1879 1878 1880 1881
f 1879 1881 1882 1038
f 1879 1038 1037 1043
f 1882 1881 1883 1884
f 1882 1884 1885 1033
f 1882 1033 1032 1038
f 1885 1884 1886 1887
f 1885 1887 1888 1028
f 1885 1028 1027 1033
f 1888 1887 1889 1890
f 1888 1890 1891 1023
f 1888 1023 1022 1028
f 1891 1890 1892 1893
f 1891 1893 1894 1018
f 1891 1018 1017 1023
f 1894 1893 1895 1896
f 1894 1896 1897 1013
f 1894 1013 1012 1018
f 1897 1896 1898 1899
f 1897 1899 1900 1008
f 1897 1008 1007 1013
f 1900 1899 1901 1902
f 1900 1902 1903 1003
f 1900 1003 1002 1008
f 1903 1902 1904 1905
f 1903 1905 1906 998
f 1903 998 997 1003
f 1906 1905 1907 1908
f 1906 1908 1909 993
f 1906 993 992 998
f 1909 1908 1910 1911
f 1909 1911 1912 988
f 1909 988 987 993
f 1912 1911 1913 1914
f 1912 1914 1915 983
f 1912 983 982 988
f 1915 1914 1916 1917
f 1915 1917 1918 978
f 1915 978 977 983
f 1918 1917 1919 1920
f 1918 1920 1921 973
f 1918 973 972 978
f 1921 1920 1922 1923
f 1921 1923 1924 968
f 1921 968 967 973
f 1924 1923 1925 1926
f 1924 1926 1927 963
f 1924 963 962 968
f 1927 1926 1928 1929
f 1927 1929 1930 958
f 1927 958 957 963
f 1930 1929 1931 1932
f 1930 1932 1933 953
f 1930 953 952 958
f 1933 1932 1934 1935
f 1933 1935 1936 948
f 1933 948 947 953
f 1936 1935 1937 1938
f 1936 1938 1939 943
f 1936 943 942 948
f 1939 1938 1940 1941
f 1939 1941 1942 938
f 1939 938 937 943
f 1942 1941 1943 1944
f 1942 1944 1945 933
f 1942 933 932 938
f 1945 1944 1946 1947
f 1945 1947 1948 928
f 1945 928 927 933
f 1948 1947 1949 1950
f 1948 1950 1951 923
f 1948 923 922 928
f 1951 1950 1952 1953
f 1951 1953 1954 918
f 1951 918 917 923
f 1954 1953 1955 1956
f 1954 1956 1957 913
f 1954 913 912 918
f 1957 1956 1958 1959
f 1957 1959 1960 908
f 1957 908 907 913
f 1960 1959 1961 1962
f 1960 1962 1963 903
f 1960 903 902 908
f 1963 1962 1964 1965
f 1963 1965 1966 898
f 1963 898 897 903
f 1966 1965 1967 1968
f 1966 1968 1969 893
f 1966 893 892 898
f 1969 1968 1970 1971
f 1969 1971 1972 888
f 1969 888 887 893
f 1972 1971 1973 1974
f 1972 1974 1975 883
f 1972 883 882 888
f 1975 1974 1976 1977
f 1975 1977 1978 878
f 1975 878 877 883
f 1978 1977 1979 1980
f 1978 1980 1981 873
f 1978 873 872 878
f 1981 1980 1982 1983
f 1981 1983 1984 868
f 1981 868 867 873
f 1984 1983 1985 1986
f 1984 1986 1987 863
f 1984 863 862 868
f 1987 1986 1988 1989
f 1987 1989 1990 858
f 1987 858 857 863
f 1990 1989 1991 1992
f 1990 1992 1993 853
f 1990 853 852 858
f 1993 1992 1994 1995
f 1993 1995 1996 848
f 1993 848 847 853
f 1996 1995 1997 1998
f 1996 1998 1999 843
f 1996 843 842 848
f 1999 1998 2000 2001
f 1999 2001 2002 838
f 1999 838 837 843
f 2002 2001 2003 2004
f 2002 2004 2005 833
f 2002 833 832 838
f 2005 2004 2006 2007
f 2005 2007 2008 828
f 2005 828 827 833
f 2008 2007 2009 2010
f 2008 2010 2011 823
f 2008 823 822 828
f 2011 2010 2012 2013
f 2011 2013 2014 818
f 2011 818 817 823
f 2014 2013 2015 2016
f 2014 2016 2017 813
f 2014 813 812 818
f 2017 2016 2018 2019
f 2017 2019 2020 808
f 2017 808 807 813
f 2020 2019 2021 2022
f 2020 2022 2023 803
f 2020 803 802 808
f 2023 2022 2024 2025
f 2023 2025 2026 798
f 2023 798 797 803
f 2026 2025 2027 2028
f 2026 2028 2029 793
f 2026 793 792 798
f 2029 2028 2030 2031
f 2029 2031 2032 788
f 2029 788 787 793
f 2032 2031 2033 2034
f 2032 2034 2035 783
f 2032 783 782 788
f 2035 2034 2036 2037
f 2035 2037 2038 778
f 2035 778 777 783
f 2038 2037 2039 2040
f 2038 2040 2041 773
f 2038 773 772 778
f 2041 2040 2042 2043
f 2041 2043 2044 768
f 2041 768 767 773
f 2044 2043 2045 2046
f 2044 2046 2047 763
f 2044 763 762 768
f 2047 2046 2048 2049
f 2047 2049 2050 758
f 2047 758 757 763
f 2050 2049 2051 2052
f 2050 2052 2053 753
f 2050 753 752 758
f 2053 2052 2054 2055
f 2053 2055 2056 748
f 2053 748 747 753
f 2056 2055 2057 2058
f 2056 2058 2059 743
f 2056 743 742 748
f 2059 2058 2060 2061
f 2059 2061 2062 738
f 2059 738 737 743
f 2062 2061 2063 2064
f 2062 2064 2065 733
f 2062 733 732 738
f 2065 2064 2066 2067
f 2065 2067 2068 728
f 2065 728 727 733
f 2068 2067 2069 2070
f 2068 2070 2071 723
f 2068 723 722 728
f 2071 2070 2072 2073
f 2071 2073 2074 718
f 2071 718 717 723
f 2074 2073 2075 2076
f 2074 2076 2077 713
f 2074 713 712 718
f 2077 2076 2078 2079
f 2077 2079 2080 708
f 2077 708 707 713
f 2080 2079 2081 2082
f 2080 2082 2083 703
f 2080 703 702 708
f 2083 2082 2084 2085
f 2083 2085 2086 698
f 2083 698 697 703
f 2086 2085 2087 2088
f 2086 2088 2089 693
f 2086 693 692 698
f 2089 2088 2090 2091
f 2089 2091 2092 688
f 2089 688 687 693
f 2092 2091 2093 2094
f 2092 2094 2095 683
f 2092 683 682 688
f 2095 2094 2096 2097
f 2095 2097 2098 678
f 2095 678 677 683
f 2098 2097 2099 2100
f 2098 2100 2101 673
f 2098 673 672 678
f 2101 2100 2102 2103
f 2101 2103 2104 668
f 2101 668 667 673
f 2104 2103 2105 2106
f 2104 2106 2107 663
f 2104 663 662 668
f 2107 2106 2108 2109
f 2107 2109 2110 658
f 2107 658 657 663
f 2110 2109 2111 2112
f 2110 2112 2113 653
f 2110 653 652 658
f 2113 2112 2114 2115
f 2113 2115 2116 648
f 2113 648 647 653
f 2116 2115 2117 2118
f 2116 2118 2119 643
f 2116 643 642 648
f 2119 2118 2120 2121
f 2119 2121 2122 638
f 2119 638 637 643
f 2122 2121 2123 2124
f 2122 2124 2125 633
f 2122 633 632 638
f 2125 2124 2126 2127
f 2125 2127 2128 628
f 2125 628 627 633
f 2128 2127 2129 2130
f 2128 2130 2131 623
f 2128 623 622 628
f 2131 2130 2132 2133
f 2131 2133 2134 618
f 2131 618 617 623
f 2134 2133 2135 2136
f 2134 2136 2137 613
f 2134 613 612 618
f 2137 2136 2138 2139
f 2137 2139 2140 608
f 2137 608 607 613
f 2140 2139 2141 2142
f 2140 2142 2143 603
f 2140 603 602 608
f 2143 2142 2144 2145
f 2143 2145 2146 598
f 2143 598 597 603
f 2146 2145 2147 2148
f 2146 2148 2149 593
f 2146 593 592 598
f 2149 2148 2150 2151
f 2149 2151 2152 588
f 2149 588 587 593
f 2152 2151 2153 2154
f 2152 2154 2155 583
f 2152 583 582 588
f 2155 2154 2156 2157
f 2155 2157 2158 578
f 2155 578 577 583
f 2158 2157 2159 2160
f 2158 2160 2161 573
f 2158 573 572 578
f 2161 2160 2162 2163
f 2161 2163 2164 568
f 2161 568 567 573
f 2164 2163 2165 2166
f 2164 2166 2167 563
f 2164 563 562 568
f 2167 2166 2168 2169
f 2167 2169 2170 558
f 2167 558 557 563
f 2170 2169 2171 2172
f 2170 2172 2173 553
f 2170 553 552 558
f 2173 2172 2174 2175
f 2173 2175 2176 548
f 2173 548 547 553
f 2176 2175 2177 2178
f 2176 2178 2179 543
f 2176 543 542 548
f 2179 2178 2180 2181
f 2179 2181 2182 538
f 2179 538 537 543
f 2182 2181 2183 2184
f 2182 2184 2185 533
f 2182 533 532 538
f 2185 2184 2186 2187
f 2185 2187 2188 528
f 2185 528 527 533
f 2188 2187 2189 2190
f 2188 2190 2191 523
f 2188 523 522 528
f 2191 2190 2192 2193
f 2191 2193 2194 518
f 2191 518 517 523
f 2194 2193 2195 2196
f 2194 2196 2197 513
f 2194 513 512 518
f 2197 2196 2198 2199
f 2197 2199 2200 508
f 2197 508 507 513
f 2200 2199 2201 2202
f 2200 2202 2203 503
f 2200 503 502 508
f 2203 2202 2204 2205
f 2203 2205 2206 498
f 2203 498 497 503
f 2206 2205 2207 2208
f 2206 2208 2209 493
f 2206 493 492 498
f 2209 2208 2210 2211
f 2209 2211 2212 488
f 2209 488 487 493
f 2212 2211 2213 2214
f 2212 2214 2215 483
f 2212 483 482 488
f 2215 2214 2216 2217
f 2215 2217 2218 478
f 2215 478 477 483
f 2218 2217 2219 2220
f 2218 2220 2221 473
f 2218 473 472 478
f 2221 2220 2222 2223
f 2221 2223 2224 468
f 2221 468 467 473
f 2224 2223 2225 2226
f 2224 2226 2227 463
f 2224 463 462 468
f 2227 2226 2228 2229
f 2227 2229 2230 458
f 2227 458 457 463
f 2230 2229 2231 2232
f 2230 2232 2233 453
f 2230 453 452 458
f 2233 2232 2234 2235
f 2233 2235 2236 448
f 2233 448 447 453
f 2236 2235 2237 2238
f 2236 2238 2239 443
f 2236 443 442 448
f 2239 2238 2240 2241
f 2239 2241 2242 438
f 2239 438 437 443
f 2242 2241 2243 2244
f 2242 2244 2245 433
f 2242 433 432 438
f 2245 2244 2246 2247
f 2245 2247 2248 428
f 2245 428 427 433
f 2248 2247 2249 2250
f 2248 2250 2251 423
f 2248 423 422 428
f 2251 2250 2252 2253
f 2251 2253 2254 418
f 2251 418 417 423
f 2254 2253 2255 2256
f 2254 2256 2257 413
f 2254 413 412 418
f 2257 2256 2258 2259
f 2257 2259 2260 408
f 2257 408 407 413
f 2260 2259 2261 2262
f 2260 2262 2263 403
f 2260 403 402 408
f 2263 2262 2264 2265
f 2263 2265 2266 398
f 2263 398 397 403
f 2266 2265 2267 2268
f 2266 2268 2269 393
f 2266 393 392 398
f 2269 2268 2270 2271
f 2269 2271 2272 388
f 2269 388 387 393
f 2272 2271 2273 2274
f 2272 2274 2275 383
f 2272 383 382 388
f 2275 2274 2276 2277
f 2275 2277 2278 378
f 2275 378 377 383
f 2278 2277 2279 2280
f 2278 2280 2281 373
f 2278 373 372 378
f 2281 2280 2282 2283
f 2281 2283 2284 368
f 2281 368 367 373
f 2284 2283 2285 2286
f 2284 2286 2287 363
f 2284 363 362 368
f 2287 2286 2288 2289
f 2287 2289 2290 358
f 2287 358 357 363
f 2290 2289 2291 2292
f 2290 2292 2293 353
f 2290 353 352 358
f 2293 2292 2294 2295
f 2293 2295 2296 348
f 2293 348 347 353
f 2296 2295 2297 2298
f 2296 2298 2299 343
f 2296 343 342 348
f 2299 2298 2300 2301
f 2299 2301 2302 338
f 2299 338 337 343
f 2302 2301 2303 2304
f 2302 2304 2305 333
f 2302 333 332 338
f 2305 2304 2306 2307
f 2305 2307 2308 328
f 2305 328 327 333
f 2308 2307 2309 2310
f 2308 2310 2311 323
f 2308 323 322 328
f 2311 2310 2312 2313
f 2311 2313 2314 318
f 2311 318 317 323
f 2314 2313 2315 2316
f 2314 2316 2317 313
f 2314 313 312 318
f 2317 2316 2318 2319
f 2317 2319 2320 308
f 2317 308 307 313
f 2320 2319 2321 2322
f 2320 2322 2323 303
f 2320 303 302 308
f 2323 2322 2324 2325
f 2323 2325 2326 298
f 2323 298 297 303
f 2326 2325 2327 2328
f 2326 2328 2329 293
f 2326 293 292 298
f 2329 2328 2330 2331
f 2329 2331 2332 288
f 2329 288 287 293
f 2332 2331 2333 2334
f 2332 2334 2335 283
f 2332 283 282 288
f 2335 2334 2336 2337
f 2335 2337 2338 278
f 2335 278 277 283
f 2338 2337 2339 2340
f 2338 2340 2341 273
f 2338 273 272 278
f 2341 2340 2342 2343
f 2341 2343 2344 268
f 2341 268 267 273
f 2344 2343 2345 2346
f 2344 2346 2347 263
f 2344 263 262 268
f 2347 2346 2348 2349
f 2347 2349 2350 258
f 2347 258 257 263
f 2350 2349 2351 2352
f 2350 2352 2353 253
f 2350 253 252 258
f 2353 2352 2354 2355
f 2353 2355 2356 248
f 2353 248 247 253
f 2356 2355 2357 2358
f 2356 2358 2359 243
f 2356 243 242 248
f 2359 2358 2360 2361
f 2359 2361 2362 238
f 2359 238 237 243
f 2362 2361 2363 2364
f 2362 2364 2365 233
f 2362 233 232 238
f 2365 2364 2366 2367
f 2365 2367 2368 228
f 2365 228 227 233
f 2368 2367 2369 2370
f 2368 2370 2371 223
f 2368 223 222 228
f 2371 2370 2372 2373
f 2371 2373 2374 218
f 2371 218 217 223
f 2374 2373 2375 2376
f 2374 2376 2377 213
f 2374 213 212 218
f 2377 2376 2378 2379
f 2377 2379 2380 208
f 2377 208 207 213
f 2380 2379 2381 2382
f 2380 2382 2383 203
f 2380 203 202 208
f 2383 2382 2384 2385
f 2383 2385 2386 198
f 2383 198 197 203
f 2386 2385 2387 2388
f 2386 2388 2389 193
f 2386 193 192 198
f 2389 2388 2390 2391
f 2389 2391 2392 188
f 2389 188 187 193
f 2392 2391 2393 2394
f 2392 2394 2395 183
f 2392 183 182 188
f 2395 2394 2396 2397
f 2395 2397 2398 178
f 2395 178 177 183
f 2398 2397 2399 2400
f 2398 2400 2401 173
f 2398 173 172 178
f 2401 2400 2402 2403
f 2401 2403 2404 168
f 2401 168 167 173
f 2404 2403 2405 2406
f 2404 2406 2407 163
f 2404 163 162 168
f 2407 2406 2408 2409
f 2407 2409 2410 158
f 2407 158 157 163
f 2410 2409 2411 2412
f 2410 2412 2413 153
f 2410 153 152 158
f 2413 2412 2414 2415
f 2413 2415 2416 148
f 2413 148 147 153
f 2416 2415 2417 2418
f 2416 2418 2419 143
f 2416 143 142 148
f 2419 2418 2420 2421
f 2419 2421 2422 138
f 2419 138 137 143
f 2422 2421 2423 2424
f 2422 2424 2425 133
f 2422 133 132 138
f 2425 2424 2426 2427
f 2425 2427 2428 128
f 2425 128 127 133
f 2428 2427 2429 2430
f 2428 2430 2431 123
f 2428 123 122 128
f 2431 2430 2432 2433
f 2431 2433 2434 118
f 2431 118 117 123
f 2434 2433 2435 2436
f 2434 2436 2437 113
f 2434 113 112 118
f 2437 2436 2438 2439
f 2437 2439 2440 108
f 2437 108 107 113
f 2440 2439 2441 2442
f 2440 2442 2443 103
f 2440 103 102 108
f 2443 2442 2444 2445
f 2443 2445 2446 98
f 2443 98 97 103
f 2446 2445 2447 2448
f 2446 2448 2449 93
f 2446 93 92 98
f 2449 2448 2450 2451
f 2449 2451 2452 88
f 2449 88 87 93
f 2452 2451 2453 2454
f 2452 2454 2455 83
f 2452 83 82 88
f 2455 2454 2456 2457
f 2455 2457 2458 78
f 2455 78 77 83
f 2458 2457 2459 2460
f 2458 2460 2461 73
f 2458 73 72 78
f 2461 2460 2462 2463
f 2461 2463 2464 68
f 2461 68 67 73
f 2464 2463 2465 2466
f 2464 2466 2467 63
f 2464 63 62 68
f 2467 2466 17 16
f 2467 16 19 58
f 2467 58 57 63
f 2466 2465 2468 17
f 2468 2469 2470 14
f 2468 14 13 17
f 2468 2465 2471 2469
f 2471 2472 2473 2469
f 2471 2465 2463 2462
f 2471 2462 2474 2472
f 2474 2475 2476 2472
f 2474 2462 2460 2459
f 2474 2459 2477 2475
f 2477 2478 2479 2475
f 2477 2459 2457 2456
f 2477 2456 2480 2478
f 2480 2481 2482 2478
f 2480 2456 2454 2453
f 2480 2453 2483 2481
f 2483 2484 2485 2481
f 2483 2453 2451 2450
f 2483 2450 2486 2484
f 2486 2487 2488 2484
f 2486 2450 2448 2447
f 2486 2447 2489 2487
f 2489 2490 2491 2487
f 2489 2447 2445 2444
f 2489 2444 2492 2490
f 2492 2493 2494 2490
f 2492 2444 2442 2441
f 2492 2441 2495 2493
f 2495 2496 2497 2493
f 2495 2441 2439 2438
f 2495 2438 2498 2496
f 2498 2499 2500 2496
f 2498 2438 2436 2435
f 2498 2435 2501 2499
f 2501 2502 2503 2499
f 2501 2435 2433 2432
f 2501 2432 2504 2502
f 2504 2505 2506 2502
f 2504 2432 2430 2429
f 2504 2429 2507 2505
f 2507 2508 2509 2505
f 2507 2429 2427 2426
f 2507 2426 2510 2508
f 2510 2511 2512 2508
f 2510 2426 2424 2423
f 2510 2423 2513 2511
f 2513 2514 2515 2511
f 2513 2423 2421 2420
f 2513 2420 2516 2514
f 2516 2517 2518 2514
f 2516 2420 2418 2417
f 2516 2417 2519 2517
f 2519 2520 2521 2517
f 2519 2417 2415 2414
f 2519 2414 2522 2520
f 2522 2523 2524 2520
f 2522 2414 2412 2411
f 2522 2411 2525 2523
f 2525 2526 2527 2523
f 2525 2411 2409 2408
f 2525 2408 2528 2526
f 2528 2529 2530 2526
f 2528 2408 2406 2405
f 2528 2405 2531 2529
f 2531 2532 2533 2529
f 2531 2405 2403 2402
f 2531 2402 2534 2532
f 2534 2535 2536 2532
f 2534 2402 2400 2399
f 2534 2399 2537 2535
f 2537 2538 2539 2535
f 2537 2399 2397 2396
f 2537 2396 2540 2538
f 2540 2541 2542 2538
f 2540 2396 2394 2393
f 2540 2393 2543 2541
f 2543 2544 2545 2541
f 2543 2393 2391 2390
f 2543 2390 2546 2544
f 2546 2547 2548 2544
f 2546 2390 2388 2387
f 2546 2387 2549 2547
f 2549 2550 2551 2547
f 2549 2387 2385 2384
f 2549 2384 2552 2550
f 2552 2553 2554 2550
f 2552 2384 2382 2381
f 2552 2381 2555 2553
f 2555 2556 2557 2553
f 2555 2381 2379 2378
f 2555 2378 2558 2556
f 2558 2559 2560 2556
f 2558 2378 2376 2375
f 2558 2375 2561 2559
f 2561 2562 2563 2559
f 2561 2375 2373 2372
f 2561 2372 2564 2562
f 2564 2565 2566 2562
f 2564 2372 2370 2369
f 2564 2369 2567 2565
f 2567 2568 2569 2565
f 2567 2369 2367 2366
f 2567 2366 2570 2568
f 2570 2571 2572 2568
f 2570 2366 2364 2363
f 2570 2363 2573 2571
f 2573 2574 2575 2571
f 2573 2363 2361 2360
f 2573 2360 2576 2574
f 2576 2577 2578 2574
f 2576 2360 2358 2357
f 2576 2357 2579 2577
f 2579 2580 2581 2577
f 2579 2357 2355 2354
f 2579 2354 2582 2580
f 2582 2583 2584 2580
f 2582 2354 2352 2351
f 2582 2351 2585 2583
f 2585 2586 2587 2583
f 2585 2351 2349 2348
f 2585 2348 2588 2586
f 2588 2589 2590 2586
f 2588 2348 2346 2345
f 2588 2345 2591 2589
f 2591 2592 2593 2589
f 2591 2345 2343 2342
f 2591 2342 2594 2592
f 2594 2595 2596 2592
f 2594 2342 2340 2339
f 2594 2339 2597 2595
f 2597 2598 2599 2595
f 2597 2339 2337 2336
f 2597 2336 2600 2598
f 2600 2601 2602 2598
f 2600 2336 2334 2333
f 2600 2333 2603 2601
f 2603 2604 2605 2601
f 2603 2333 2331 2330
f 2603 2330 2606 2604
f 2606 2607 2608 2604
f 2606 2330 2328 2327
f 2606 2327 2609 2607
f 2609 2610 2611 2607
f 2609 2327 2325 2324
f 2609 2324 2612 2610
f 2612 2613 2614 2610
f 2612 2324 2322 2321
f 2612 2321 2615 2613
f 2615 2616 2617 2613
f 2615 2321 2319 2318
f 2615 2318 2618 2616
f 2618 2619 2620 2616
f 2618 2318 2316 2315
f 2618 2315 2621 2619
f 2621 2622 2623 2619
f 2621 2315 2313 2312
f 2621 2312 2624 2622
f 2624 2625 2626 2622
f 2624 2312 2310 2309
f 2624 2309 2627 2625
f 2627 2628 2629 2625
f 2627 2309 2307 2306
f 2627 2306 2630 2628
f 2630 2631 2632 2628
f 2630 2306 2304 2303
f 2630 2303 2633 2631
f 2633 2634 2635 2631
f 2633 2303 2301 2300
f 2633 2300 2636 2634
f 2636 2637 2638 2634
f 2636 2300 2298 2297
f 2636 2297 2639 2637
f 2639 2640 2641 2637
f 2639 2297 2295 2294
f 2639 2294 2642 2640
f 2642 2643 2644 2640
f 2642 2294 2292 2291
f 2642 2291 2645 2643
f 2645 2646 2647 2643
f 2645 2291 2289 2288
f 2645 2288 2648 2646
f 2648 2649 2650 2646
f 2648 2288 2286 2285
f 2648 2285 2651 2649
f 2651 2652 2653 2649
f 2651 2285 2283 2282
f 2651 2282 2654 2652
f 2654 2655 2656 2652
f 2654 2282 2280 2279
f 2654 2279 2657 2655
f 2657 2658 2659 2655
f 2657 2279 2277 2276
f 2657 2276 2660 2658
f 2660 2661 2662 2658
f 2660 2276 2274 2273
f 2660 2273 2663 2661
f 2663 2664 2665 2661
f 2663 2273 2271 2270
f 2663 2270 2666 2664
f 2666 2667 2668 2664
f 2666 2270 2268 2267
f 2666 2267 2669 2667
f 2669 2670 2671 2667
f 2669 2267 2265 2264
f 2669 2264 2672 2670
f 2672 2673 2674 2670
f 2672 2264 2262 2261
f 2672 2261 2675 2673
f 2675 2676 2677 2673
f 2675 2261 2259 2258
f 2675 2258 2678 2676
f 2678 1253 1251 2676
f 2678 2258 2256 2255
f 2678 2255 1255 1253
f 2677 1249 1247 2679
f 2677 2679 2674 2673
f 2677 2676 1251 1249
f 2679 1247 1245 1244
f 2679 1244 2680 2674
f 2680 1244 1240 1239
f 2680 1239 2681 2671
f 2680 2671 2670 2674
f 2681 1239 1235 1234
f 2681 1234 2682 2668
f 2681 2668 2667 2671
f 2682 1234 1230 1229
f 2682 1229 2683 2665
f 2682 2665 2664 2668
f 2683 1229 1225 1224
f 2683 1224 2684 2662
f 2683 2662 2661 2665
f 2684 1224 1220 1219
f 2684 1219 2685 2659
f 2684 2659 2658 2662
f 2685 1219 1215 1214
f 2685 1214 2686 2656
f 2685 2656 2655 2659
f 2686 1214 1210 1209
f 2686 1209 2687 2653
f 2686 2653 2652 2656
f 2687 1209 1205 1204
f 2687 1204 2688 2650
f 2687 2650 2649 2653
f 2688 1204 1200 1199
f 2688 1199 2689 2647
f 2688 2647 2646 2650
f 2689 1199 1195 1194
f 2689 1194 2690 2644
f 2689 2644 2643 2647
f 2690 1194 1190 1189
f 2690 1189 2691 2641
f 2690 2641 2640 2644
f 2691 1189 1185 1184
f 2691 1184 2692 2638
f 2691 2638 2637 2641
f 2692 1184 1180 1179
f 2692 1179 2693 2635
f 2692 2635 2634 2638
f 2693 1179 1175 1174
f 2693 1174 2694 2632
f 2693 2632 2631 2635
f 2694 1174 1170 1169
f 2694 1169 2695 2629
f 2694 2629 2628 2632
f 2695 1169 1165 1164
f 2695 1164 2696 2626
f 2695 2626 2625 2629
f 2696 1164 1160 1159
f 2696 1159 2697 2623
f 2696 2623 2622 2626
f 2697 1159 1155 1154
f 2697 1154 2698 2620
f 2697 2620 2619 2623
f 2698 1154 1150 1149
f 2698 1149 2699 2617
f 2698 2617 2616 2620
f 2699 1149 1145 1144
f 2699 1144 2700 2614
f 2699 2614 2613 2617
f 2700 1144 1140 1139
f 2700 1139 2701 2611
f 2700 2611 2610 2614
f 2701 1139 1135 1134
f 2701 1134 2702 2608
f 2701 2608 2607 2611
f 2702 1134 1130 1129
f 2702 1129 2703 2605
f 2702 2605 2604 2608
f 2703 1129 1125 1124
f 2703 1124 2704 2602
f 2703 2602 2601 2605
f 2704 1124 1120 1119
f 2704 1119 2705 2599
f 2704 2599 2598 2602
f 2705 1119 1115 1114
f 2705 1114 2706 2596
f 2705 2596 2595 2599
f 2706 1114 1110 1109
f 2706 1109 2707 2593
f 2706 2593 2592 2596
f 2707 1109 1105 1104
f 2707 1104 2708 2590
f 2707 2590 2589 2593
f 2708 1104 1100 1099
f 2708 1099 2709 2587
f 2708 2587 2586 2590
f 2709 1099 1095 1094
f 2709 1094 2710 2584
f 2709 2584 2583 2587
f 2710 1094 1090 1089
f 2710 1089 2711 2581
f 2710 2581 2580 2584
f 2711 1089 1085 1084
f 2711 1084 2712 2578
f 2711 2578 2577 2581
f 2712 1084 1080 1079
f 2712 1079 2713 2575
f 2712 2575 2574 2578
f 2713 1079 1075 1074
f 2713 1074 2714 2572
f 2713 2572 2571 2575
f 2714 1074 1070 1069
f 2714 1069 2715 2569
f 2714 2569 2568 2572
f 2715 1069 1065 1064
f 2715 1064 2716 2566
f 2715 2566 2565 2569
f 2716 1064 1060 1059
f 2716 1059 2717 2563
f 2716 2563 2562 2566
f 2717 1059 1055 1054
f 2717 1054 2718 2560
f 2717 2560 2559 2563
f 2718 1054 1050 1049
f 2718 1049 2719 2557
f 2718 2557 2556 2560
f 2719 1049 1045 1044
f 2719 1044 2720 2554
f 2719 2554 2553 2557
f 2720 1044 1040 1039
f 2720 1039 2721 2551
f 2720 2551 2550 2554
f 2721 1039 1035 1034
f 2721 1034 2722 2548
f 2721 2548 2547 2551
f 2722 1034 1030 1029
f 2722 1029 2723 2545
f 2722 2545 2544 2548
f 2723 1029 1025 1024
f 2723 1024 2724 2542
f 2723 2542 2541 2545
f 2724 1024 1020 1019
f 2724 1019 2725 2539
f 2724 2539 2538 2542
f 2725 1019 1015 1014
f 2725 1014 2726 2536
f 2725 2536 2535 2539
f 2726 1014 1010 1009
f 2726 1009 2727 2533
f 2726 2533 2532 2536
f 2727 1009 1005 1004
f 2727 1004 2728 2530
f 2727 2530 2529 2533
f 2728 1004 1000 999
f 2728 999 2729 2527
f 2728 2527 2526 2530
f 2729 999 995 994
f 2729 994 2730 2524
f 2729 2524 2523 2527
f 2730 994 990 989
f 2730 989 2731 2521
f 2730 2521 2520 2524
f 2731 989 985 984
f 2731 984 2732 2518
f 2731 2518 2517 2521
f 2732 984 980 979
f 2732 979 2733 2515
f 2732 2515 2514 2518
f 2733 979 975 974
f 2733 974 2734 2512
f 2733 2512 2511 2515
f 2734 974 970 969
f 2734 969 2735 2509
f 2734 2509 2508 2512
f 2735 969 965 964
f 2735 964 2736 2506
f 2735 2506 2505 2509
f 2736 964 960 959
f 2736 959 2737 2503
f 2736 2503 2502 2506
f 2737 959 955 954
f 2737 954 2738 2500
f 2737 2500 2499 2503
f 2738 954 950 949
f 2738 949 2739 2497
f 2738 2497 2496 2500
f 2739 949 945 944
f 2739 944 2740 2494
f 2739 2494 2493 2497
f 2740 944 940 939
f 2740 939 2741 2491
f 2740 2491 2490 2494
f 2741 939 935 934
f 2741 934 2742 2488
f 2741 2488 2487 2491
f 2742 934 930 929
f 2742 929 2743 2485
f 2742 2485 2484 2488
f 2743 929 925 924
f 2743 924 2744 2482
f 2743 2482 2481 2485
f 2744 924 920 919
f 2744 919 2745 2479
f 2744 2479 2478 2482
f 2745 919 915 914
f 2745 914 2746 2476
f 2745 2476 2475 2479
f 2746 914 910 909
f 2746 909 2747 2473
f 2746 2473 2472 2476
f 2747 909 905 904
f 2747 904 2748 2470
f 2747 2470 2469 2473
f 2748 904 900 899
f 2748 899 2749 15
f 2748 15 14 2470
f 2749 899 895 894
f 2749 894 22 20
f 2749 20 3 15
f 2255 2253 2252 1255
f 2252 1258 1256 1255
f 2252 2250 2249 1258
f 2249 1261 1259 1258
f 2249 2247 2246 1261
f 2246 1264 1262 1261
f 2246 2244 2243 1264
f 2243 1267 1265 1264
f 2243 2241 2240 1267
f 2240 1270 1268 1267
f 2240 2238 2237 1270
f 2237 1273 1271 1270
f 2237 2235 2234 1273
f 2234 1276 1274 1273
f 2234 2232 2231 1276
f 2231 1279 1277 1276
f 2231 2229 2228 1279
f 2228 1282 1280 1279
f 2228 2226 2225 1282
f 2225 1285 1283 1282
f 2225 2223 2222 1285
f 2222 1288 1286 1285
f 2222 2220 2219 1288
f 2219 1291 1289 1288
f 2219 2217 2216 1291
f 2216 1294 1292 1291
f 2216 2214 2213 1294
f 2213 1297 1295 1294
f 2213 2211 2210 1297
f 2210 1300 1298 1297
f 2210 2208 2207 1300
f 2207 1303 1301 1300
f 2207 2205 2204 1303
f 2204 1306 1304 1303
f 2204 2202 2201 1306
f 2201 1309 1307 1306
f 2201 2199 2198 1309
f 2198 1312 1310 1309
f 2198 2196 2195 1312
f 2195 1315 1313 1312
f 2195 2193 2192 1315
f 2192 1318 1316 1315
f 2192 2190 2189 1318
f 2189 1321 1319 1318
f 2189 2187 2186 1321
f 2186 1324 1322 1321
f 2186 2184 2183 1324
f 2183 1327 1325 1324
f 2183 2181 2180 1327
f 2180 1330 1328 1327
f 2180 2178 2177 1330
f 2177 1333 1331 1330
f 2177 2175 2174 1333
f 2174 1336 1334 1333
f 2174 2172 2171 1336
f 2171 1339 1337 1336
f 2171 2169 2168 1339
f 2168 1342 1340 1339
f 2168 2166 2165 1342
f 2165 1345 1343 1342
f 2165 2163 2162 1345
f 2162 1348 1346 1345
f 2162 2160 2159 1348
f 2159 1351 1349 1348
f 2159 2157 2156 1351
f 2156 1354 1352 1351
f 2156 2154 2153 1354
f 2153 1357 1355 1354
f 2153 2151 2150 1357
f 2150 1360 1358 1357
f 2150 2148 2147 1360
f 2147 1363 1361 1360
f 2147 2145 2144 1363
f 2144 1366 1364 1363
f 2144 2142 2141 1366
f 2141 1369 1367 1366
f 2141 2139 2138 1369
f 2138 1372 1370 1369
f 2138 2136 2135 1372
f 2135 1375 1373 1372
f 2135 2133 2132 1375
f 2132 1378 1376 1375
f 2132 2130 2129 1378
f 2129 1381 1379 1378
f 2129 2127 2126 1381
f 2126 1384 1382 1381
f 2126 2124 2123 1384
f 2123 1387 1385 1384
f 2123 2121 2120 1387
f 2120 1390 1388 1387
f 2120 2118 2117 1390
f 2117 1393 1391 1390
f 2117 2115 2114 1393
f 2114 1396 1394 1393
f 2114 2112 2111 1396
f 2111 1399 1397 1396
f 2111 2109 2108 1399
f 2108 1402 1400 1399
f 2108 2106 2105 1402
f 2105 1405 1403 1402
f 2105 2103 2102 1405
f 2102 1408 1406 1405
f 2102 2100 2099 1408
f 2099 1411 1409 1408
f 2099 2097 2096 1411
f 2096 1414 1412 1411
f 2096 2094 2093 1414
f 2093 1417 1415 1414
f 2093 2091 2090 1417
f 2090 1420 1418 1417
f 2090 2088 2087 1420
f 2087 1423 1421 1420
f 2087 2085 2084 1423
f 2084 1426 1424 1423
f 2084 2082 2081 1426
f 2081 1429 1427 1426
f 2081 2079 2078 1429
f 2078 1432 1430 1429
f 2078 2076 2075 1432
f 2075 1435 1433 1432
f 2075 2073 2072 1435
f 2072 1438 1436 1435
f 2072 2070 2069 1438
f 2069 1441 1439 1438
f 2069 2067 2066 1441
f 2066 1444 1442 1441
f 2066 2064 2063 1444
f 2063 1447 1445 1444
f 2063 2061 2060 1447
f 2060 1450 1448 1447
f 2060 2058 2057 1450
f 2057 1453 1451 1450
f 2057 2055 2054 1453
f 2054 1456 1454 1453
f 2054 2052 2051 1456
f 2051 1459 1457 1456
f 2051 2049 2048 1459
f 2048 1462 1460 1459
f 2048 2046 2045 1462
f 2045 1465 1463 1462
f 2045 2043 2042 1465
f 2042 1468 1466 1465
f 2042 2040 2039 1468
f 2039 1471 1469 1468
f 2039 2037 2036 1471
f 2036 1474 1472 1471
f 2036 2034 2033 1474
f 2033 1477 1475 1474
f 2033 2031 2030 1477
f 2030 1480 1478 1477
f 2030 2028 2027 1480
f 2027 1483 1481 1480
f 2027 2025 2024 1483
f 2024 1486 1484 1483
f 2024 2022 2021 1486
f 2021 1489 1487 1486
f 2021 2019 2018 1489
f 2018 1492 1490 1489
f 2018 2016 2015 1492
f 2015 1495 1493 1492
f 2015 2013 2012 1495
f 2012 1498 1496 1495
f 2012 2010 2009 1498
f 2009 1501 1499 1498
f 2009 2007 2006 1501
f 2006 1504 1502 1501
f 2006 2004 2003 1504
f 2003 1507 1505 1504
f 2003 2001 2000 1507
f 2000 1510 1508 1507
f 2000 1998 1997 1510
f 1997 1513 1511 1510
f 1997 1995 1994 1513
f 1994 1516 1514 1513
f 1994 1992 1991 1516
f 1991 1519 1517 1516
f 1991 1989 1988 1519
f 1988 1522 1520 1519
f 1988 1986 1985 1522
f 1985 1525 1523 1522
f 1985 1983 1982 1525
f 1982 1528 1526 1525
f 1982 1980 1979 1528
f 1979 1531 1529 1528
f 1979 1977 1976 1531
f 1976 1534 1532 1531
f 1976 1974 1973 1534
f 1973 1537 1535 1534
f 1973 1971 1970 1537
f 1970 1540 1538 1537
f 1970 1968 1967 1540
f 1967 1543 1541 1540
f 1967 1965 1964 1543
f 1964 1546 1544 1543
f 1964 1962 1961 1546
f 1961 1549 1547 1546
f 1961 1959 1958 1549
f 1958 1552 1550 1549
f 1958 1956 1955 1552
f 1955 1555 1553 1552
f 1955 1953 1952 1555
f 1952 1558 1556 1555
f 1952 1950 1949 1558
f 1949 1561 1559 1558
f 1949 1947 1946 1561
f 1946 1564 1562 1561
f 1946 1944 1943 1564
f 1943 1567 1565 1564
f 1943 1941 1940 1567
f 1940 1570 1568 1567
f 1940 1938 1937 1570
f 1937 1573 1571 1570
f 1937 1935 1934 1573
f 1934 1576 1574 1573
f 1934 1932 1931 1576
f 1931 1579 1577 1576
f 1931 1929 1928 1579
f 1928 1582 1580 1579
f 1928 1926 1925 1582
f 1925 1585 1583 1582
f 1925 1923 1922 1585
f 1922 1588 1586 1585
f 1922 1920 1919 1588
f 1919 1591 1589 1588
f 1919 1917 1916 1591
f 1916 1594 1592 1591
f 1916 1914 1913 1594
f 1913 1597 1595 1594
f 1913 1911 1910 1597
f 1910 1600 1598 1597
f 1910 1908 1907 1600
f 1907 1603 1601 1600
f 1907 1905 1904 1603
f 1904 1606 1604 1603
f 1904 1902 1901 1606
f 1901 1609 1607 1606
f 1901 1899 1898 1609
f 1898 1612 1610 1609
f 1898 1896 1895 1612
f 1895 1615 1613 1612
f 1895 1893 1892 1615
f 1892 1618 1616 1615
f 1892 1890 1889 1618
f 1889 1621 1619 1618
f 1889 1887 1886 1621
f 1886 1624 1622 1621
f 1886 1884 1883 1624
f 1883 1627 1625 1624
f 1883 1881 1880 1627
f 1880 1630 1628 1627
f 1880 1878 1877 1630
f 1877 1633 1631 1630
f 1877 1875 1874 1633
f 1874 1636 1634 1633
f 1874 1872 1871 1636
f 1871 1639 1637 1636
f 1871 1869 1868 1639
f 1868 1642 1640 1639
f 1868 1866 1865 1642
f 1865 1645 1643 1642
f 1865 1863 1862 1645
f 1862 1648 1646 1645
f 1862 1860 1859 1648
f 1859 1651 1649 1648
f 1859 1857 1856 1651
f 1856 1654 1652 1651
f 1856 1854 1853 1654
f 1853 1657 1655 1654
f 1853 1851 1850 1657
f 1850 1660 1658 1657
f 1850 1848 1847 1660
f 1847 1663 1661 1660
f 1847 1845 1844 1663
f 1844 1666 1664 1663
f 1844 1842 1841 1666
f 1841 1669 1667 1666
f 1841 1839 1838 1669
f 1838 1672 1670 1669
f 1838 1836 1835 1672
f 1835 1675 1673 1672
f 1835 1833 1832 1675
f 1832 1678 1676 1675
f 1832 1830 1829 1678
f 1829 1681 1679 1678
f 1829 1827 1826 1681
f 1826 1684 1682 1681
f 1826 1824 1823 1684
f 1823 1687 1685 1684
f 1823 1821 1820 1687
f 1820 1690 1688 1687
f 1820 1818 1817 1690
f 1817 1693 1691 1690
f 1817 1815 1814 1693
f 1814 1696 1694 1693
f 1814 1812 1811 1696
f 1811 1699 1697 1696
f 1811 1809 1808 1699
f 1808 1702 1700 1699
f 1808 1806 1805 1702
f 1805 1705 1703 1702
f 1805 1803 1802 1705
f 1802 1708 1706 1705
f 1802 1800 1799 1708
f 1799 1711 1709 1708
f 1799 1797 1796 1711
f 1796 1714 1712 1711
f 1796 1794 1793 1714
f 1793 1717 1715 1714
f 1793 1791 1790 1717
f 1790 1720 1718 1717
f 1790 1788 1787 1720
f 1787 1723 1721 1720
f 1787 1785 1784 1723
f 1784 1726 1724 1723
f 1784 1782 1781 1726
f 1781 1729 1727 1726
f 1781 1779 1778 1729
f 1778 1732 1730 1729
f 1778 1776 1775 1732
f 1775 1735 1733 1732
f 1775 1773 1772 1735
f 1772 1738 1736 1735
f 1772 1770 1769 1738
f 1769 1741 1739 1738
f 1769 1767 1766 1741
f 1766 1744 1742 1741
f 1766 1764 1763 1744
f 1763 1747 1745 1744
f 1763 1761 1757 1747
f 1757 1750 1748 1747
f 894 890 889 22
f 889 885 884 25
f 889 25 23 22
f 884 880 879 28
f 884 28 26 25
f 58 19 53 52
f 53 19 18 11
f 53 11 10 48

 