# File exported by ZBrush version 2026
# www.zbrush.com
g ZBrushPolyMesh3D
#Vertex Count 2122
#Face Count 2114
#Auto scale x=1.000000 y=1.000000 z=1.000000
#Auto offset x=0.000000 y=0.000000 z=0.000000
v 0.51188099 1.40481495 -0.30309015
v 0.55644321 1.32900273 -0.19699505
v 0.57391202 1.37752044 -0.21748814
v 0.58647811 1.36784339 -0.26841276
v 0.6290909 1.35752534 -0.3294872
v 0.42105662 0.31325241 -0.35671454
v 0.66203898 0.23268313 -0.26810967
v 0.30826672 0.06740376 -0.70414018
v 0.49406772 -0.14101818 -0.53728067
v 0.46491539 -0.14377874 -0.56966632
v 0.57199156 1.33936703 -0.340265
v 0.37466764 0.07203507 -0.69987219
v 0.54147201 1.33800351 -0.36259445
v 0.61366772 1.36988115 -0.29431501
v 0.39979961 0.36902687 -0.52851307
v 0.67264282 0.2690455 -0.31201556
v 0.32557526 0.06572563 -0.65929359
v 0.31738826 0.05506633 -0.71644103
v 0.51553505 1.39093732 -0.28745752
v 0.53313142 1.39808332 -0.29029694
v 0.52472174 1.39623546 -0.3065406
v 0.51068645 1.38443136 -0.32781028
v 0.50069361 1.37581121 -0.31748545
v 0.49971053 1.36157155 -0.30137705
v 0.55161511 1.33707439 -0.20702113
v 0.53035879 1.2999469 -0.20434118
v 0.54651582 1.29645144 -0.19973397
v 0.56204217 1.29602158 -0.20769727
v 0.56894999 1.33495783 -0.20740163
v 0.56666874 1.35604119 -0.20671686
v 0.55985099 1.36217451 -0.21896612
v 0.57666736 1.35793995 -0.2190402
v 0.57207596 1.37885117 -0.2319979
v 0.5533837 1.36880004 -0.23083514
v 0.58287495 1.36001706 -0.2336715
v 0.56321424 1.38503265 -0.26115125
v 0.56821531 1.3816899 -0.24622094
v 0.5858832 1.36267781 -0.24972806
v 0.57386857 1.37725758 -0.28917413
v 0.55443978 1.38854253 -0.27944681
v 0.60200029 1.36903274 -0.28179013
v 0.58922773 1.37220561 -0.29971709
v 0.59901827 1.343647 -0.26617905
v 0.60686284 1.34737646 -0.28129231
v 0.59394228 1.34092593 -0.25023478
v 0.61587172 1.35660719 -0.32735553
v 0.62174248 1.36420261 -0.31257781
v 0.62394261 1.3438096 -0.31687983
v 0.62902224 1.30380857 -0.33031338
v 0.63074529 1.3146944 -0.34716126
v 0.61879748 1.32230699 -0.35218733
v 0.43565452 0.35867413 -0.36693415
v 0.42076039 0.33871132 -0.40358936
v 0.41617897 0.28605321 -0.38363286
v 0.44648349 0.30324891 -0.33171129
v 0.46860152 0.36158222 -0.33387237
v 0.43937507 0.2588391 -0.36038321
v 0.66343987 0.30456686 -0.28087374
v 0.64415717 0.23955127 -0.26329004
v 0.62429475 0.17836435 -0.30262768
v 0.6416347 0.17707511 -0.31176891
v 0.64782798 0.1898358 -0.34116482
v 0.33389309 0.01190061 -0.70711147
v 0.33050197 0.0178 -0.68777382
v 0.33241635 0.02586722 -0.66724765
v 0.31627544 0.06340414 -0.67769134
v 0.31335267 0.11132651 -0.67771613
v 0.30679646 0.12282854 -0.70312672
v 0.51516854 -0.12090059 -0.5081259
v 0.49708735 -0.12415402 -0.50337529
v 0.51080989 -0.11759388 -0.52570247
v 0.49122422 -0.13128697 -0.54970645
v 0.50532352 -0.10869982 -0.54068785
v 0.47565698 -0.13332317 -0.53440928
v 0.47560223 -0.14045247 -0.55020535
v 0.47238111 -0.13675744 -0.56605666
v 0.46302023 -0.13475397 -0.55636715
v 0.44666531 -0.13112467 -0.58387225
v 0.45797923 -0.12126628 -0.58627599
v 0.4432533 -0.11783396 -0.56736403
v 0.55041599 1.37065851 -0.32012808
v 0.56271094 1.37756931 -0.30573836
v 0.581514 1.36562311 -0.31563437
v 0.59983843 1.35780453 -0.32272791
v 0.59728467 1.32881295 -0.34750956
v 0.59953016 1.27998423 -0.37816014
v 0.576029 1.28708636 -0.38296663
v 0.5523619 1.3377093 -0.34442493
v 0.53782522 1.36369037 -0.32805639
v 0.56128943 1.29738867 -0.39260539
v 0.37746423 0.09432546 -0.69735455
v 0.40111342 0.08601778 -0.67573547
v 0.38940912 0.05934556 -0.68293494
v 0.37820577 0.03975742 -0.69419533
v 0.3612208 0.06593651 -0.70795559
v 0.35756182 0.09644489 -0.70950871
v 0.53884261 1.31014788 -0.40611818
v 0.5188952 1.31589448 -0.41088342
v 0.52881097 1.35413169 -0.35594862
v 0.61525338 1.35390615 -0.29759854
v 0.60632592 1.36592662 -0.3077842
v 0.3974342 0.39976826 -0.5893653
v 0.36420226 0.30387225 -0.61463183
v 0.36549678 0.27435356 -0.57871574
v 0.43508312 0.50141137 -0.54837328
v 0.43448588 0.50771176 -0.59393674
v 0.36240115 0.22111937 -0.54600447
v 0.38953879 0.27502128 -0.48747801
v 0.41813528 0.39248216 -0.47207361
v 0.44438788 0.50562632 -0.50512719
v 0.4084568 0.30988144 -0.44233378
v 0.64870971 0.1972482 -0.37322044
v 0.67308419 0.27262342 -0.354873
v 0.33914163 0.0431918 -0.64859998
v 0.34008139 0.07611071 -0.63256973
v 0.32315906 0.09754706 -0.65272051
v 0.32463184 0.09144925 -0.7300536
v 0.3295418 0.05983552 -0.72983449
v 0.34269148 0.09627414 -0.72465902
v 0.34694421 0.06066772 -0.72254508
v 0.36512076 0.02482261 -0.70681685
v 0.34896567 0.01297103 -0.71770596
v 0.38887953 -0.00198584 -0.67957991
v 0.37539589 -0.02103127 -0.68875765
v 0.36127355 -0.02973343 -0.68570792
v 0.35558855 -0.01917578 -0.66765993
v 0.4051291 -0.04517921 -0.65400421
v 0.39335218 -0.05960981 -0.65614086
v 0.3840596 -0.05382675 -0.64135241
v 0.38315501 -0.03760198 -0.62290877
v 0.3554134 -0.00455641 -0.6484667
v 0.42018789 -0.08309013 -0.62898033
v 0.40724504 -0.08386255 -0.61758953
v 0.40706753 -0.0680838 -0.59894657
v 0.42681074 -0.10864988 -0.59960532
v 0.42656061 -0.09408523 -0.58146089
v 0.42914256 -0.07810665 -0.56366813
v 0.41018036 -0.05125293 -0.58138293
v 0.38609167 -0.0186622 -0.6052013
v 0.41426625 -0.03407911 -0.56282705
v 0.39022892 0.00136297 -0.58685994
v 0.36377757 0.04130353 -0.61257827
v 0.35973426 0.01545629 -0.63046765
v 0.39504221 0.02275185 -0.56693345
v 0.36523482 0.07384507 -0.59436011
v 0.33979499 0.12005379 -0.61570817
v 0.36932694 0.10895354 -0.57066935
v 0.34569746 0.16455601 -0.5905022
v 0.34069916 0.20026993 -0.61854815
v 0.32714191 0.14431472 -0.64111393
v 0.33848986 0.21994738 -0.64625984
v 0.32117506 0.15795821 -0.66766345
v 0.33601221 0.23491661 -0.67454308
v 0.3184053 0.16971279 -0.69450289
v 0.34063702 0.24563206 -0.70219624
v 0.32555463 0.1778614 -0.71775037
v 0.32225954 0.1306961 -0.72346782
v 0.34696221 0.17634108 -0.71445083
v 0.34399515 0.13120205 -0.7207911
v 0.37162289 0.17306219 -0.70796954
v 0.36189189 0.12879821 -0.70816528
v 0.39738428 0.16628243 -0.69035887
v 0.38432091 0.12527257 -0.69281739
v 0.42731449 0.15750314 -0.66817235
v 0.41213727 0.11777209 -0.67156493
v 0.46412697 0.14474909 -0.63722378
v 0.44630757 0.10093487 -0.64328599
v 0.43014887 0.06904473 -0.64986813
v 0.41545897 0.04169874 -0.6572318
v 0.48743239 0.07953567 -0.60543656
v 0.46615225 0.04380315 -0.61763334
v 0.44703194 0.01579483 -0.62758988
v 0.43113511 -0.00580196 -0.63574796
v 0.40102303 0.01879522 -0.66760659
v 0.50013154 0.02180622 -0.58277207
v 0.47830927 -0.0067291 -0.59696823
v 0.46111872 -0.0290853 -0.60773217
v 0.44581165 -0.04820473 -0.61540883
v 0.41700115 -0.0255284 -0.64505285
v 0.50043171 -0.02270607 -0.5714088
v 0.48382535 -0.04751326 -0.58309513
v 0.46885371 -0.06788217 -0.59239488
v 0.45434057 -0.08630614 -0.60028827
v 0.43240287 -0.06681908 -0.6231262
v 0.49907997 -0.06112956 -0.56342208
v 0.48470774 -0.08340638 -0.57324302
v 0.47101557 -0.10336703 -0.58054149
v 0.44000056 -0.10423266 -0.60693335
v 0.49674135 -0.09691096 -0.55584293
v 0.48386803 -0.11918485 -0.56303054
v 0.51103937 -0.07272385 -0.54542529
v 0.52022838 -0.08303175 -0.52707386
v 0.52784925 -0.04466445 -0.53114211
v 0.53728103 -0.05488864 -0.51117688
v 0.54492855 -0.06515026 -0.4910078
v 0.52684652 -0.09297951 -0.50978332
v 0.54295665 -0.07244794 -0.46886131
v 0.52708005 -0.10313866 -0.49034965
v 0.52313339 -0.06547243 -0.458615
v 0.508255 -0.09836375 -0.48128604
v 0.50214892 -0.05319718 -0.45979064
v 0.48909464 -0.08667452 -0.48430323
v 0.47901475 -0.11361845 -0.50754934
v 0.47111141 -0.07256979 -0.49239891
v 0.4639118 -0.09867468 -0.51652586
v 0.4604783 -0.1192155 -0.5387603
v 0.44944429 -0.08128487 -0.52923327
v 0.4455854 -0.1006364 -0.5494371
v 0.43320947 -0.06076943 -0.54451566
v 0.45455068 -0.05691195 -0.50516521
v 0.4385488 -0.03915265 -0.52098649
v 0.41981256 -0.01576149 -0.54082572
v 0.44552871 -0.00679328 -0.49019816
v 0.42738515 0.01263679 -0.51099151
v 0.40164497 0.04999687 -0.54073482
v 0.43507334 0.05627072 -0.47292709
v 0.41258963 0.0895636 -0.50174433
v 0.38356095 0.14847028 -0.52754104
v 0.4210616 0.15125946 -0.44473287
v 0.4018656 0.20294491 -0.46724206
v 0.42904084 0.20849981 -0.39632141
v 0.40957683 0.25049987 -0.41884189
v 0.4441308 0.11952578 -0.42401954
v 0.45762893 0.18482926 -0.37881326
v 0.47246545 0.24245218 -0.33816048
v 0.48888301 0.16610038 -0.36340895
v 0.50883507 0.22643622 -0.32125732
v 0.52371829 0.28109699 -0.28496286
v 0.48398721 0.29369363 -0.30455026
v 0.54402399 0.34972605 -0.28511464
v 0.5051164 0.3575029 -0.30654308
v 0.567918 0.43072077 -0.30399155
v 0.52965581 0.43551081 -0.32376775
v 0.49387794 0.43680429 -0.35215175
v 0.56238609 0.51984101 -0.35234439
v 0.52975821 0.52167487 -0.37864843
v 0.49759343 0.52007448 -0.41439926
v 0.46057263 0.43160918 -0.38610833
v 0.46779316 0.51307976 -0.45780217
v 0.43524843 0.41447454 -0.42723006
v 0.53077679 0.60826379 -0.43428778
v 0.50463545 0.6069628 -0.47681158
v 0.48260864 0.60630232 -0.52406257
v 0.52147394 0.69883966 -0.47923067
v 0.50162243 0.70067405 -0.52428269
v 0.49029615 0.70341956 -0.56625163
v 0.47187495 0.60684716 -0.56604933
v 0.48575258 0.70677006 -0.6034972
v 0.46657365 0.60875344 -0.60512036
v 0.48968651 0.71015965 -0.63839304
v 0.47157073 0.60915869 -0.64345169
v 0.44058299 0.51050478 -0.63579839
v 0.40444031 0.41437074 -0.634799
v 0.48491329 0.60767751 -0.67763721
v 0.45602652 0.50922936 -0.67191517
v 0.41759559 0.41921058 -0.67108881
v 0.37507247 0.32981848 -0.68310719
v 0.36313968 0.32202708 -0.65135049
v 0.47956711 0.50310617 -0.69560754
v 0.43807447 0.4160518 -0.6989333
v 0.39573568 0.32935801 -0.70762121
v 0.36168879 0.24468535 -0.71243798
v 0.46798577 0.40543147 -0.7090184
v 0.42647844 0.31951189 -0.70712417
v 0.39201492 0.23708435 -0.70527195
v 0.45652532 0.30843392 -0.69321709
v 0.4202539 0.22909714 -0.68760198
v 0.48682454 0.29721021 -0.67031949
v 0.4503602 0.2206161 -0.66402381
v 0.52326977 0.28531834 -0.63633036
v 0.48707824 0.20990911 -0.63132
v 0.56894141 0.27476975 -0.59009081
v 0.53454244 0.1988952 -0.58588743
v 0.51065421 0.13057497 -0.59391504
v 0.58158737 0.19251121 -0.53895956
v 0.55079996 0.12065884 -0.54966509
v 0.52333641 0.06246483 -0.56648057
v 0.58025425 0.11634711 -0.51648318
v 0.54630255 0.05476697 -0.53691923
v 0.52071613 0.01000583 -0.55606329
v 0.56496256 0.04730625 -0.50994765
v 0.53627073 0.00043203 -0.53403842
v 0.51559311 -0.03424473 -0.55070263
v 0.54896575 -0.00986008 -0.51198583
v 0.5805906 0.03896962 -0.4834721
v 0.58883369 0.03315316 -0.46048098
v 0.55882436 -0.01932038 -0.49071821
v 0.59054553 0.02739184 -0.43458226
v 0.56505554 -0.02775 -0.46780705
v 0.58404529 0.02494995 -0.41036668
v 0.56007248 -0.03163963 -0.44386887
v 0.56449383 0.03380058 -0.39686465
v 0.54074215 -0.0235943 -0.43203404
v 0.54199171 0.04851602 -0.3943234
v 0.51929014 -0.01008798 -0.43154421
v 0.51992809 0.06402701 -0.39543473
v 0.49850624 0.00424035 -0.43505492
v 0.48204132 -0.03897534 -0.46582359
v 0.47809723 0.02050633 -0.44111731
v 0.46391147 -0.02285958 -0.47559532
v 0.45651784 0.03720099 -0.45326188
v 0.49756178 0.08100859 -0.39989289
v 0.47100907 0.09896348 -0.40864345
v 0.51931631 0.14870837 -0.35310131
v 0.54580587 0.13310882 -0.34934097
v 0.57309216 0.19803713 -0.3048715
v 0.54335761 0.2109725 -0.31022095
v 0.59318274 0.25769287 -0.2655681
v 0.56098836 0.26869195 -0.27309083
v 0.61333459 0.33260962 -0.26927208
v 0.58102762 0.34093686 -0.27393576
v 0.63815969 0.41766324 -0.29334998
v 0.60450136 0.42478334 -0.29393047
v 0.66310334 0.50667411 -0.32567095
v 0.62966048 0.51245534 -0.32493501
v 0.59551841 0.51690745 -0.33386778
v 0.64925956 0.60356098 -0.34746947
v 0.61743158 0.60653913 -0.35616245
v 0.58786636 0.60811692 -0.37414446
v 0.62715214 0.69588285 -0.36244881
v 0.59932458 0.69666856 -0.38015586
v 0.57228851 0.69692719 -0.40494287
v 0.55873853 0.60885572 -0.39913657
v 0.54618406 0.6977216 -0.43815141
v 0.56748116 0.78651875 -0.39115008
v 0.54066133 0.78820151 -0.42345139
v 0.51468288 0.79090488 -0.46494767
v 0.5215429 0.87808346 -0.40114972
v 0.49298313 0.88215261 -0.444076
v 0.47059217 0.88853788 -0.48989298
v 0.49392807 0.79516935 -0.51041966
v 0.45762532 0.89663934 -0.53235542
v 0.48247739 0.80038362 -0.55208635
v 0.45467734 0.9060859 -0.57099026
v 0.47926324 0.8060131 -0.58933615
v 0.45941242 0.91583299 -0.60634982
v 0.48303404 0.81208115 -0.62389195
v 0.47468379 0.92625826 -0.63633674
v 0.49783459 0.81868916 -0.65293496
v 0.50239533 0.71345913 -0.66984999
v 0.52169048 0.82484912 -0.67599737
v 0.52460295 0.71531474 -0.69618856
v 0.50855964 0.6028918 -0.70381718
v 0.55374556 0.71502149 -0.71222859
v 0.53733396 0.5972144 -0.7196564
v 0.50840234 0.49417743 -0.71064323
v 0.57329142 0.58968329 -0.7229188
v 0.54084605 0.48178818 -0.71153205
v 0.4998421 0.392055 -0.70197659
v 0.57550287 0.46707275 -0.69923996
v 0.53149366 0.37740024 -0.68214368
v 0.60853624 0.4542979 -0.67571324
v 0.56478589 0.3629736 -0.65072244
v 0.64246481 0.44706288 -0.64306885
v 0.60637587 0.35223153 -0.60768789
v 0.68244957 0.45001316 -0.59626674
v 0.65431147 0.35260596 -0.55770814
v 0.61683094 0.26905939 -0.54011064
v 0.68971765 0.35660412 -0.51211583
v 0.65202724 0.2683137 -0.49756735
v 0.6165815 0.19082041 -0.50018537
v 0.67527717 0.26696401 -0.45400252
v 0.64269399 0.1924079 -0.46071153
v 0.60391873 0.11342802 -0.48205447
v 0.64959234 0.19737204 -0.41295692
v 0.61811149 0.11327487 -0.44768768
v 0.62119722 0.11221124 -0.41633498
v 0.6197949 0.10873253 -0.38861253
v 0.61381572 0.10324074 -0.3626374
v 0.59443014 0.10559243 -0.35078445
v 0.59993302 0.18736945 -0.30277806
v 0.57023078 0.11879649 -0.34842765
v 0.62173932 0.24811238 -0.26321652
v 0.64185965 0.32253271 -0.27228033
v 0.69418996 0.39338111 -0.31957262
v 0.66963356 0.40926608 -0.30102741
v 0.72062736 0.49121362 -0.35579615
v 0.69405293 0.4994592 -0.33591193
v 0.73794484 0.59210878 -0.37691587
v 0.71181142 0.59578883 -0.35812592
v 0.68169128 0.59974509 -0.34821167
v 0.71847128 0.69543176 -0.36326649
v 0.68919199 0.69496643 -0.3537338
v 0.65799498 0.69518482 -0.3535293
v 0.68345618 0.78994196 -0.34118041
v 0.65398293 0.7874372 -0.34250235
v 0.62368083 0.7860248 -0.35139477
v 0.6402145 0.87997353 -0.32112911
v 0.61087322 0.87744498 -0.33046665
v 0.58161646 0.87664985 -0.34636634
v 0.59496229 0.78592628 -0.36785414
v 0.55164659 0.87657153 -0.36870744
v 0.56502306 0.96567219 -0.32344251
v 0.5333473 0.96489703 -0.34566569
v 0.50118523 0.9675337 -0.37846139
v 0.51849627 1.04985547 -0.3204737
v 0.48692941 1.05457723 -0.35116326
v 0.45831108 1.06617546 -0.38557216
v 0.47059178 0.97469991 -0.42015671
v 0.43536493 1.08173787 -0.42013824
v 0.44683602 0.98504352 -0.46351894
v 0.4226197 1.10135209 -0.45297679
v 0.43362647 0.99824094 -0.5051518
v 0.41518053 1.12145233 -0.48309564
v 0.42912104 1.01182186 -0.54142385
v 0.41922801 1.13821542 -0.51036572
v 0.43359476 1.02674901 -0.57338178
v 0.43002131 1.15384924 -0.53284823
v 0.44652989 1.04185259 -0.5994085
v 0.44879114 1.16618251 -0.55159503
v 0.46708139 1.05542039 -0.62080174
v 0.49830386 0.93676775 -0.65838861
v 0.49385735 1.06775951 -0.63528913
v 0.5283575 0.94684177 -0.67232692
v 0.55094075 0.82949143 -0.69146472
v 0.55964392 0.9540053 -0.67628872
v 0.58433216 0.83222889 -0.69656783
v 0.58849293 0.71270871 -0.71619015
v 0.61909216 0.83411181 -0.69211304
v 0.62430423 0.70897549 -0.70918113
v 0.60991519 0.58236217 -0.71484291
v 0.65705001 0.70538115 -0.69165331
v 0.64378052 0.5759468 -0.69520872
v 0.68741524 0.70197933 -0.66290533
v 0.67338961 0.57147723 -0.66635346
v 0.71524554 0.6995368 -0.62353915
v 0.70362848 0.57003873 -0.62415152
v 0.74116677 0.69924479 -0.57221883
v 0.73359996 0.57355845 -0.56771403
v 0.71680676 0.4615184 -0.54295039
v 0.75297194 0.57941693 -0.51669764
v 0.73689276 0.46815529 -0.49363991
v 0.71086293 0.35682264 -0.46598723
v 0.74430114 0.47198158 -0.45327028
v 0.7154805 0.36044725 -0.42005378
v 0.67521876 0.27379924 -0.39976131
v 0.71113628 0.36610791 -0.377137
v 0.74375313 0.47645968 -0.41611355
v 0.73611706 0.48257306 -0.38510581
v 0.70866709 0.37299302 -0.34721878
v 0.76183176 0.5855782 -0.43719303
v 0.75432461 0.58864057 -0.40422752
v 0.76809394 0.69932818 -0.44062468
v 0.76029068 0.69834983 -0.40828815
v 0.74297261 0.6968106 -0.38169315
v 0.74586701 0.80743461 -0.3960534
v 0.73460578 0.80097138 -0.36752539
v 0.71181768 0.79439133 -0.34918731
v 0.71145516 0.89855927 -0.34840828
v 0.69377625 0.89065843 -0.3283236
v 0.66849058 0.88413131 -0.31905502
v 0.67358893 0.98482686 -0.30789813
v 0.65125697 0.97716301 -0.29647919
v 0.62389326 0.97181892 -0.29891133
v 0.6335169 1.06784999 -0.27597725
v 0.608195 1.0607804 -0.27782741
v 0.5804609 1.05487787 -0.28480407
v 0.59496688 0.9676432 -0.30679997
v 0.55046808 1.05112159 -0.29933521
v 0.56695759 1.13396942 -0.25782641
v 0.53803378 1.12858009 -0.26867789
v 0.5086928 1.12852633 -0.28812405
v 0.53084093 1.19289171 -0.24021713
v 0.50774776 1.19457042 -0.25179597
v 0.48614895 1.20549929 -0.26713973
v 0.48206806 1.1357361 -0.31152099
v 0.46724441 1.21650552 -0.28125661
v 0.45884963 1.14991903 -0.3341723
v 0.45476907 1.23379361 -0.30122068
v 0.44224128 1.16914284 -0.35833752
v 0.45763513 1.24937522 -0.32290002
v 0.43256464 1.18831956 -0.3833355
v 0.46088266 1.26578557 -0.34410986
v 0.43422365 1.20732986 -0.40758574
v 0.46471792 1.28362798 -0.36490035
v 0.43888247 1.22481572 -0.43029296
v 0.47019848 1.29929626 -0.38352292
v 0.44735407 1.2398175 -0.45076102
v 0.48077279 1.31183135 -0.4002653
v 0.46183547 1.25220012 -0.46879676
v 0.49830669 1.31726729 -0.40994647
v 0.48296323 1.25967943 -0.48012024
v 0.47435733 1.17448043 -0.56226432
v 0.5092144 1.2598083 -0.48270329
v 0.50601822 1.1784451 -0.56244379
v 0.52559661 1.07623016 -0.63780582
v 0.53739839 1.17910289 -0.55697953
v 0.55968737 1.08038485 -0.6305533
v 0.59358471 0.95884949 -0.67140203
v 0.59448033 1.08067905 -0.61462283
v 0.62628597 0.96015143 -0.65615177
v 0.65144264 0.83337819 -0.67534202
v 0.65469622 0.95786786 -0.62958347
v 0.680417 0.83125972 -0.6482914
v 0.677598 0.95306497 -0.59268611
v 0.70627284 0.82889431 -0.61105644
v 0.6994341 0.94579762 -0.54326123
v 0.72908449 0.82675081 -0.56192761
v 0.71656984 0.93491441 -0.48922559
v 0.74464964 0.8242551 -0.50936377
v 0.75908166 0.69967663 -0.52033311
v 0.75147807 0.81952512 -0.46536934
v 0.76738089 0.69990348 -0.47837269
v 0.76151877 0.58277893 -0.47522705
v 0.75168097 0.81359279 -0.42848801
v 0.72507107 0.92400628 -0.44373917
v 0.72567641 0.91515755 -0.40698105
v 0.72142595 0.90684205 -0.37579381
v 0.70235467 1.00974845 -0.38329583
v 0.69922852 1.0016278 -0.35276314
v 0.68993461 0.99333167 -0.32741749
v 0.67371588 1.09523022 -0.33080366
v 0.66811662 1.0868678 -0.30619901
v 0.65340638 1.07726609 -0.28799492
v 0.6436612 1.16995453 -0.28981021
v 0.63450884 1.16089284 -0.26939582
v 0.61595594 1.15075159 -0.25691413
v 0.61938881 1.22603797 -0.25734469
v 0.60324215 1.21670997 -0.24240133
v 0.58233362 1.20554459 -0.23098911
v 0.59339439 1.14128577 -0.25229966
v 0.55687385 1.1977446 -0.23351532
v 0.57720011 1.25640809 -0.22193527
v 0.55466169 1.25020325 -0.2127233
v 0.53498613 1.25049209 -0.21526682
v 0.51313608 1.25233018 -0.21847859
v 0.52257168 1.30401325 -0.21862861
v 0.4957261 1.26041102 -0.23116391
v 0.51520216 1.3123939 -0.23609089
v 0.49011594 1.27028942 -0.24978721
v 0.50964546 1.32299578 -0.2527402
v 0.48544332 1.28262484 -0.2695291
v 0.50513804 1.33480477 -0.26934859
v 0.48206049 1.29697394 -0.2885895
v 0.50167101 1.34813237 -0.28545573
v 0.48160198 1.31046104 -0.30777284
v 0.48283815 1.32517242 -0.32565179
v 0.48666828 1.34136319 -0.34214595
v 0.49651187 1.35432052 -0.35517305
v 0.52591669 1.37714827 -0.32665514
v 0.51286405 1.35856962 -0.35955306
v 0.5367822 1.38509345 -0.31171485
v 0.54656946 1.3891232 -0.29705587
v 0.53939884 1.39558875 -0.27252611
v 0.51950264 1.37651252 -0.27344036
v 0.52389729 1.36337077 -0.25903013
v 0.5418865 1.38571012 -0.25546518
v 0.52904897 1.35282802 -0.24541783
v 0.54728794 1.37646472 -0.24296537
v 0.53573298 1.34575414 -0.23202353
v 0.54334169 1.34060823 -0.21896977
v 0.57832431 1.29838573 -0.2188165
v 0.59591734 1.26546657 -0.23552857
v 0.59081322 1.30386436 -0.23288919
v 0.58667147 1.33650457 -0.2337822
v 0.57843136 1.33460378 -0.21946124
v 0.5999161 1.31132161 -0.25072577
v 0.60707449 1.27357482 -0.25335571
v 0.61501896 1.27999603 -0.27279618
v 0.60646182 1.31686258 -0.26791927
v 0.61977964 1.28671729 -0.29248282
v 0.61223912 1.32310724 -0.28485941
v 0.62372285 1.29522621 -0.31192025
v 0.61807346 1.33214259 -0.30183517
v 0.63341671 1.24769222 -0.32528016
v 0.63368576 1.25624716 -0.34742292
v 0.63089084 1.24002492 -0.30300247
v 0.64871907 1.17796456 -0.3146702
v 0.65064716 1.18504321 -0.34008768
v 0.6269133 1.23317241 -0.27952203
v 0.6755777 1.10321462 -0.35943123
v 0.67311751 1.11119198 -0.39069113
v 0.64891129 1.1938405 -0.36663767
v 0.66787481 1.12081944 -0.42476087
v 0.64610445 1.20273757 -0.39457207
v 0.63293325 1.26672148 -0.36869651
v 0.63320434 1.21339201 -0.41703948
v 0.62440156 1.27619814 -0.38233014
v 0.60839712 1.22133266 -0.42981207
v 0.62542903 1.15048861 -0.49439698
v 0.59840422 1.16634738 -0.52254772
v 0.58579695 1.23552429 -0.44975242
v 0.65105289 1.13476073 -0.46173447
v 0.67223244 1.04541611 -0.5091871
v 0.64719194 1.0615369 -0.55327147
v 0.69205689 1.02909207 -0.45938268
v 0.70038265 1.01786243 -0.41735556
v 0.62155127 1.07381224 -0.58823078
v 0.5693506 1.17615938 -0.54461622
v 0.53531342 1.25628554 -0.47768744
v 0.56177151 1.24864363 -0.46646729
v -0.04320327 1.39731097 -0.1104059
v -0.1823897 1.48932933 0.02271784
v -0.40467071 -0.28782331 -0.62362378
v -0.40902835 -0.29509684 -0.62106537
v -0.41792187 -0.27667444 -0.59101218
v -0.39527455 -0.27810883 -0.5937832
v -0.17496916 1.38874542 0.00293862
v -0.15909521 1.49415266 -0.13631731
v -0.06715674 1.3796451 -0.07785195
v -0.0666309 1.33534216 -0.12117794
v -0.03426967 1.37197041 -0.15036438
v -0.04039035 1.43804967 -0.1049764
v -0.07765651 1.42474591 -0.05500271
v -0.01854995 1.41414964 -0.17483717
v -0.17504683 1.47038924 0.02751788
v -0.14497965 1.49961698 0.00626922
v -0.16013382 1.51084733 -0.0029928
v -0.17858867 1.49194467 -0.02720425
v -0.20435389 1.46504283 -0.00117816
v -0.20880055 1.43867313 0.01949338
v -0.40018388 -0.27268964 -0.62842899
v -0.39590928 -0.27593559 -0.62580537
v -0.40525186 -0.29018634 -0.62001258
v -0.40636703 -0.27181175 -0.62747448
v -0.41044515 -0.29394999 -0.61751669
v -0.41096612 -0.27246579 -0.62277424
v -0.4184795 -0.28081256 -0.59886151
v -0.41301113 -0.28831011 -0.60421264
v -0.41051197 -0.28437498 -0.59850889
v -0.41824376 -0.24556441 -0.57008773
v -0.42637142 -0.24327795 -0.58025801
v -0.40837505 -0.2469704 -0.56512427
v -0.38008466 -0.24691306 -0.57049745
v -0.39652338 -0.24729219 -0.56476843
v -0.40448772 -0.28373792 -0.59988504
v -0.39819631 -0.28326726 -0.60255658
v -0.36785373 -0.24615715 -0.58554011
v -0.4067921 -0.28739273 -0.6047455
v -0.19199237 1.41139698 0.01293262
v -0.21180264 1.38367652 -0.01308073
v -0.17948906 1.3677442 -0.01502584
v -0.13951133 1.37462484 -0.01176513
v -0.1473592 1.41182351 0.00414354
v -0.16261869 1.44218528 0.01759762
v -0.16797773 1.48122584 -0.18286623
v -0.20722094 1.45364821 -0.15841339
v -0.18628704 1.47630059 -0.11026815
v -0.1322913 1.51387393 -0.12626834
v -0.13144321 1.50329434 -0.19621834
v -0.164462 1.49744606 -0.08085632
v -0.21896839 1.45011746 -0.08630279
v -0.19912906 1.47286343 -0.0538728
v -0.14194394 1.5166198 -0.05977658
v -0.1050228 1.53214502 -0.11996018
v -0.09884382 1.52061939 -0.20732115
v -0.12265912 1.53308868 -0.04115578
v -0.07935013 1.54820442 -0.11393553
v -0.06725861 1.53280341 -0.21783141
v -0.08849977 1.49003541 -0.30692157
v -0.12048001 1.48852789 -0.29289379
v -0.05710226 1.53908956 -0.10647814
v -0.04133102 1.51408076 -0.21434192
v -0.06204155 1.46911621 -0.30453264
v -0.09309665 1.42397904 -0.39252591
v -0.12102869 1.44576263 -0.39501613
v -0.02737474 1.4846369 -0.20486399
v -0.04153514 1.44125974 -0.29520028
v -0.06983523 1.39402616 -0.38241797
v -0.09817402 1.33971571 -0.4726381
v -0.12505008 1.37091803 -0.48526167
v -0.02930295 1.40738177 -0.27804312
v -0.05479846 1.35748267 -0.3640902
v -0.08114718 1.30243289 -0.45100712
v -0.10426413 1.23821032 -0.53327179
v -0.1226811 1.27505362 -0.56020522
v -0.05195324 1.31654548 -0.33738842
v -0.07745424 1.26045692 -0.42018309
v -0.09954549 1.19674289 -0.49726766
v -0.11978577 1.12630116 -0.56801164
v -0.12480574 1.16510403 -0.60867428
v -0.09209954 1.21815025 -0.3816995
v -0.11394627 1.1547352 -0.45354786
v -0.13471148 1.08671104 -0.51938313
v -0.15213139 1.01409125 -0.57879316
v -0.13651001 1.04874563 -0.63231921
v -0.14999131 1.12242245 -0.40983045
v -0.17176567 1.05651438 -0.47101202
v -0.19026207 0.98667055 -0.52488207
v -0.20770046 0.91447389 -0.57180351
v -0.16935984 0.93564027 -0.62916398
v -0.22141984 1.04154026 -0.43231606
v -0.24151404 0.97345542 -0.48255795
v -0.25967246 0.90448683 -0.52686715
v -0.27574554 0.83160567 -0.56027603
v -0.22425657 0.8357054 -0.60641068
v -0.29722049 0.97390866 -0.45609992
v -0.31567004 0.90582156 -0.4995709
v -0.33120825 0.83507442 -0.53198516
v -0.34371042 0.75574266 -0.54121017
v -0.28731134 0.74938076 -0.57094162
v -0.3717992 0.91708344 -0.49093365
v -0.38704162 0.84477508 -0.52200526
v -0.40065014 0.76533478 -0.53243756
v -0.41468584 0.6781367 -0.52970117
v -0.35660213 0.66988372 -0.53876429
v -0.43891614 0.86003899 -0.53276252
v -0.45375478 0.77726215 -0.54456609
v -0.46938872 0.6861726 -0.54038399
v -0.48081678 0.58968472 -0.53896492
v -0.42694547 0.58562696 -0.52867198
v -0.49499732 0.78910017 -0.57697057
v -0.5114001 0.69251447 -0.57399392
v -0.5243209 0.59199428 -0.57104957
v -0.53057992 0.49161005 -0.56486517
v -0.48757979 0.49330756 -0.53301376
v -0.53330642 0.69591116 -0.62166494
v -0.54729574 0.59268057 -0.6193307
v -0.55549579 0.48831906 -0.61307215
v -0.55564874 0.38367638 -0.59702503
v -0.52822119 0.39081218 -0.55230045
v -0.55028879 0.59210282 -0.67424541
v -0.55981504 0.48438471 -0.66781896
v -0.56227666 0.37587976 -0.65061593
v -0.5541442 0.27056136 -0.6258291
v -0.54619789 0.280184 -0.57516318
v -0.5454449 0.47883191 -0.7241081
v -0.54666996 0.36799415 -0.70497119
v -0.5408439 0.26094964 -0.67806792
v -0.53318667 0.15826575 -0.64876961
v -0.54527211 0.16753222 -0.59830552
v -0.51410299 0.35803502 -0.75676792
v -0.51235479 0.25060829 -0.7260341
v -0.50803679 0.14949557 -0.69225579
v -0.49607938 0.05502572 -0.65954738
v -0.51674389 0.05999436 -0.62149655
v -0.47301754 0.23978602 -0.76188176
v -0.47213187 0.14085818 -0.72481757
v -0.464971 0.05118318 -0.68819248
v -0.45052558 -0.03322557 -0.66235476
v -0.47218012 -0.03390582 -0.63918513
v -0.43068927 0.13379903 -0.74442571
v -0.42831742 0.0476013 -0.70500677
v -0.42143443 -0.03257297 -0.67588192
v -0.40895381 -0.11336924 -0.65905326
v -0.42935317 -0.11632024 -0.64714455
v -0.38873979 0.04603983 -0.70872664
v -0.38912832 -0.03167406 -0.67886954
v -0.38538762 -0.1112416 -0.662988
v -0.38403156 -0.18312889 -0.65127492
v -0.40069466 -0.18338824 -0.64610713
v -0.35802638 -0.02987551 -0.66842705
v -0.36180904 -0.10966855 -0.65453136
v -0.3665325 -0.18306395 -0.64742529
v -0.379004 -0.23862528 -0.63837653
v -0.38970112 -0.23742644 -0.64079904
v -0.34499338 -0.10871449 -0.63668304
v -0.35373786 -0.18322683 -0.63402366
v -0.37051436 -0.24030274 -0.62992531
v -0.39405134 -0.27874127 -0.62183576
v -0.34579342 -0.18431673 -0.61740392
v -0.36564108 -0.24187053 -0.61984819
v -0.3947438 -0.28003671 -0.6166327
v -0.40483248 -0.28953966 -0.61365854
v -0.40473136 -0.28946864 -0.6169604
v -0.3633486 -0.24353766 -0.60900712
v -0.39562463 -0.28102985 -0.61197215
v -0.40535491 -0.28986769 -0.61048817
v -0.3971849 -0.28237482 -0.6069256
v -0.40663933 -0.28844615 -0.60779362
v -0.41302642 -0.28959879 -0.60720413
v -0.41235306 -0.2905088 -0.61051982
v -0.41186612 -0.29164803 -0.61324363
v -0.41774213 -0.27689087 -0.60740655
v -0.41625216 -0.27545824 -0.61243867
v -0.41412696 -0.27452644 -0.61737424
v -0.41098859 -0.29362773 -0.61540716
v -0.41916218 -0.23836965 -0.60939979
v -0.41459667 -0.23725417 -0.6179077
v -0.4090127 -0.23725095 -0.62717038
v -0.4226171 -0.18575513 -0.62053149
v -0.41359251 -0.18428701 -0.63454365
v -0.40130421 -0.23699711 -0.6357755
v -0.44243422 -0.11698052 -0.62784296
v -0.42887729 -0.18735227 -0.60629588
v -0.45072934 -0.11682797 -0.60373526
v -0.48572248 -0.03321736 -0.60653114
v -0.45757603 -0.1189568 -0.58218532
v -0.49080967 -0.03228869 -0.57228899
v -0.52580404 0.0655649 -0.57604938
v -0.48965671 -0.0330098 -0.53818297
v -0.52115392 0.06994376 -0.53259253
v -0.53897219 0.17669084 -0.54905176
v -0.50230383 0.07532863 -0.49260202
v -0.51531392 0.18553465 -0.50655126
v -0.52278626 0.28950601 -0.53127336
v -0.47724148 0.1931526 -0.47705993
v -0.48446711 0.2974697 -0.49961128
v -0.4873639 0.39630907 -0.52152317
v -0.4354223 0.30236285 -0.48636248
v -0.43683013 0.39859488 -0.50936037
v -0.43448185 0.49248305 -0.52215826
v -0.38342168 0.39740422 -0.51621729
v -0.37916082 0.48913916 -0.53107553
v -0.37018513 0.58006525 -0.53798019
v -0.32714337 0.4823789 -0.55836623
v -0.3160133 0.57282197 -0.56734734
v -0.3000645 0.66240578 -0.56990617
v -0.27007073 0.56370234 -0.61460167
v -0.25100171 0.65537405 -0.61970001
v -0.23617845 0.74740505 -0.61977088
v -0.21797585 0.64999258 -0.67930185
v -0.20069715 0.75005507 -0.67986607
v -0.18601179 0.84750449 -0.66450333
v -0.18472263 0.75560373 -0.73877239
v -0.16786029 0.86373645 -0.72281354
v -0.15283481 0.96215945 -0.68571549
v -0.17083929 0.88047176 -0.77564531
v -0.15603545 0.98903751 -0.7376464
v -0.14154112 1.08390164 -0.67897564
v -0.17676472 1.01276767 -0.78089457
v -0.16210351 1.11412918 -0.71651285
v -0.14450556 1.20015776 -0.64142018
v -0.19666971 1.13936746 -0.74423915
v -0.17571373 1.22901177 -0.66350567
v -0.15254692 1.30625939 -0.5779556
v -0.21832788 1.2477709 -0.67097973
v -0.19015261 1.3277533 -0.58371889
v -0.15726402 1.39389693 -0.48911097
v -0.23276643 1.33015012 -0.56988221
v -0.19499589 1.39548444 -0.47564598
v -0.15532963 1.44568252 -0.38130965
v -0.23379285 1.3885622 -0.45314082
v -0.19009809 1.43544614 -0.35996633
v -0.15318143 1.47539544 -0.27349644
v -0.229497 1.41765511 -0.33085256
v -0.19118346 1.45533907 -0.24831412
v -0.27187708 1.39111232 -0.29676076
v -0.23293936 1.42602837 -0.21754153
v -0.3045859 1.3604418 -0.26730835
v -0.26743534 1.39555704 -0.19032202
v -0.24067913 1.4259063 -0.13061521
v -0.29013073 1.36440551 -0.16707597
v -0.26388052 1.39739131 -0.1075607
v -0.24347989 1.42052435 -0.06476917
v -0.26365712 1.36138892 -0.08980507
v -0.24673178 1.38586914 -0.04863266
v -0.23216852 1.41027033 -0.01280486
v -0.22629489 1.44340968 -0.03034759
v -0.22344827 1.3593949 -0.0420254
v -0.23839815 1.33158826 -0.0823425
v -0.20178565 1.31112825 -0.08023179
v -0.18703728 1.34282541 -0.03856714
v -0.15687981 1.30301916 -0.08466013
v -0.14496414 1.34283292 -0.04160701
v -0.10976356 1.31121194 -0.09751796
v -0.10295634 1.35540843 -0.05227338
v -0.10902872 1.40052747 -0.02793857
v -0.08660449 1.46437454 -0.04017145
v -0.12212993 1.43885099 -0.0118167
v -0.09579139 1.49856305 -0.03330646
v -0.13452443 1.47060465 0.0000778
v -0.10741089 1.52619338 -0.03212002
v -0.04934046 1.50954413 -0.1069699
v -0.04287426 1.47703003 -0.10384268
v -0.01850332 1.45229995 -0.19188605
v -0.02737278 1.36859226 -0.25343158
v -0.04170667 1.32545173 -0.22155579
v -0.06563296 1.2742747 -0.30330684
v -0.07747528 1.28745544 -0.18820607
v -0.10086126 1.23824405 -0.26612553
v -0.12649729 1.18320834 -0.34142267
v -0.14892542 1.21771931 -0.2359485
v -0.17450283 1.16488623 -0.30965557
v -0.19851931 1.10605418 -0.37521985
v -0.22719636 1.16364741 -0.29001447
v -0.2520568 1.10576117 -0.3527818
v -0.27588895 1.0417931 -0.40777275
v -0.30437621 1.12068843 -0.34523564
v -0.32975328 1.05554878 -0.399567
v -0.3527978 0.98666924 -0.44763717
v -0.37729024 1.08129215 -0.4093928
v -0.40303826 1.01008915 -0.45860731
v -0.42303088 0.93671017 -0.50210964
v -0.44052684 1.04064011 -0.48806288
v -0.46229246 0.96191328 -0.53362757
v -0.47971221 0.87884491 -0.56529659
v -0.48478597 0.98780745 -0.58026707
v -0.50280726 0.8961097 -0.61267083
v -0.51745015 0.79730969 -0.62359249
v -0.50706595 0.9097054 -0.6682074
v -0.52202367 0.80237585 -0.67743259
v -0.53608369 0.69668626 -0.67588102
v -0.50514924 0.80400484 -0.73454701
v -0.51842522 0.69557642 -0.73281198
v -0.53389704 0.58908665 -0.7315827
v -0.47944358 0.69218277 -0.79171448
v -0.49675899 0.58325845 -0.78984868
v -0.51046299 0.47026667 -0.78041631
v -0.44419851 0.57359898 -0.8379352
v -0.46194937 0.45864218 -0.82515335
v -0.47002783 0.34611755 -0.7960965
v -0.41169577 0.44699624 -0.85138058
v -0.42246258 0.33540526 -0.81855696
v -0.42799806 0.23089255 -0.78138047
v -0.37359866 0.32751199 -0.8252629
v -0.38113117 0.22538027 -0.78637015
v -0.38599997 0.13048239 -0.74814689
v -0.33489364 0.22511303 -0.77486974
v -0.34159624 0.1312032 -0.73692274
v -0.3490726 0.0470558 -0.69833499
v -0.30444657 0.13768403 -0.70943141
v -0.31538873 0.05184293 -0.67305684
v -0.33184561 -0.02829041 -0.64685058
v -0.29314285 0.06053439 -0.63635027
v -0.31452053 -0.02510376 -0.61531364
v -0.33286568 -0.10945528 -0.61276519
v -0.30659836 -0.02327075 -0.58160948
v -0.32708758 -0.11222422 -0.58931392
v -0.34337803 -0.18653236 -0.59964108
v -0.32834598 -0.11608512 -0.5642665
v -0.34604406 -0.18924883 -0.58159321
v -0.36431911 -0.24475415 -0.5976538
v -0.35409796 -0.19151595 -0.56427103
v -0.33916941 -0.11848398 -0.54307222
v -0.35816639 -0.11975917 -0.52724969
v -0.36804598 -0.19297838 -0.55030918
v -0.38174316 -0.12018586 -0.51857394
v -0.38622435 -0.19323055 -0.54345893
v -0.40799582 -0.12058296 -0.51703393
v -0.40485569 -0.19342547 -0.54325026
v -0.43095368 -0.12210001 -0.52262949
v -0.42078405 -0.19382113 -0.54756367
v -0.45019704 -0.12415282 -0.53533256
v -0.43501296 -0.19273819 -0.55990833
v -0.45803427 -0.12168487 -0.55828577
v -0.43621635 -0.19101616 -0.57623034
v -0.42652922 -0.24158595 -0.59060174
v -0.41870695 -0.2783752 -0.60242271
v -0.43313965 -0.18930597 -0.59194499
v -0.42326349 -0.24029037 -0.60063493
v -0.4752013 -0.03183578 -0.50888645
v -0.44884929 -0.02964232 -0.48892808
v -0.46786788 0.08080747 -0.46533471
v -0.41569119 -0.02805129 -0.47777372
v -0.42431426 0.08523107 -0.45184838
v -0.43079444 0.19912643 -0.46222776
v -0.37763342 0.08761695 -0.45355805
v -0.37969404 0.2017038 -0.465155
v -0.38324716 0.30291926 -0.49358713
v -0.33248472 0.19893805 -0.48800826
v -0.33581161 0.29849845 -0.51839351
v -0.3338114 0.39137268 -0.54235863
v -0.29763731 0.28856566 -0.55724912
v -0.29366502 0.38072255 -0.58402884
v -0.28425046 0.4721682 -0.60251331
v -0.26655316 0.36686363 -0.63511395
v -0.25563249 0.45962429 -0.6566112
v -0.23939605 0.55365842 -0.67153251
v -0.24477048 0.44760415 -0.71238541
v -0.22668841 0.54513502 -0.728522
v -0.20419062 0.64759451 -0.73761099
v -0.23144136 0.53972965 -0.78225034
v -0.20801964 0.64813745 -0.79175061
v -0.18741445 0.76327371 -0.79212367
v -0.22872956 0.6519218 -0.83760821
v -0.20848184 0.77279996 -0.83776587
v -0.19241657 0.89642161 -0.82191509
v -0.24770428 0.78352087 -0.86893957
v -0.23207788 0.91057974 -0.85361462
v -0.21510136 1.03242838 -0.81149077
v -0.28394618 0.92073279 -0.86470305
v -0.26579159 1.04602623 -0.82219892
v -0.24341994 1.15469431 -0.75258773
v -0.32051006 1.05225431 -0.81391871
v -0.29490652 1.15985059 -0.74197316
v -0.26632207 1.25140857 -0.65887659
v -0.34878996 1.15844094 -0.71828728
v -0.31603866 1.24892342 -0.6354444
v -0.27720561 1.3264873 -0.54726713
v -0.36781653 1.24063289 -0.60102653
v -0.32488471 1.3166604 -0.51457738
v -0.27559968 1.37396872 -0.42168265
v -0.36600351 1.29494571 -0.47509354
v -0.31696414 1.34879875 -0.38504049
v -0.38946801 1.26155245 -0.4381439
v -0.34690395 1.31722617 -0.35367319
v -0.39327758 1.22309923 -0.40571242
v -0.35704395 1.28064739 -0.32781717
v -0.32347077 1.32712888 -0.24369473
v -0.34713146 1.24130094 -0.30595973
v -0.31721836 1.28781962 -0.22561444
v -0.28909716 1.32770478 -0.14806705
v -0.29205754 1.25299596 -0.21330268
v -0.26251554 1.29651629 -0.13911952
v -0.25169941 1.22682416 -0.20900073
v -0.22400187 1.27278292 -0.13701997
v -0.20142139 1.21459138 -0.21664519
v -0.17599752 1.26113009 -0.14472869
v -0.12506675 1.26534307 -0.16175939
v -0.27738472 1.17847108 -0.28385248
v -0.31918799 1.20601499 -0.29095652
v -0.34973612 1.14716458 -0.35379427
v -0.38069188 1.18364119 -0.37664461
v -0.41175013 1.11550295 -0.43645298
v -0.42872884 1.15285968 -0.47392499
v -0.45947763 1.07310056 -0.53224253
v -0.42861405 1.18891406 -0.51518654
v -0.46131682 1.10378849 -0.58222776
v -0.48743093 1.01120901 -0.63590145
v -0.44342556 1.13135922 -0.63343954
v -0.4704802 1.0314008 -0.69373542
v -0.49087509 0.91901284 -0.72709715
v -0.43107691 1.04535424 -0.7475323
v -0.4527108 0.92489439 -0.78449142
v -0.46575617 0.80311572 -0.79346293
v -0.39722195 0.92760753 -0.83094877
v -0.40970051 0.80127567 -0.84283763
v -0.42377024 0.68569159 -0.84159541
v -0.35242003 0.79800915 -0.87147587
v -0.368575 0.67736399 -0.86981535
v -0.39138984 0.5626648 -0.8648194
v -0.3162713 0.66830188 -0.87929886
v -0.34023547 0.55254715 -0.87226814
v -0.3608382 0.43767997 -0.8577131
v -0.29153239 0.54379046 -0.8616597
v -0.31337165 0.43246379 -0.84416943
v -0.32563784 0.32471656 -0.81511426
v -0.27498272 0.43273288 -0.81179094
v -0.28689265 0.32987865 -0.78335905
v -0.29627046 0.23060019 -0.74743664
v -0.26510584 0.33956241 -0.73957842
v -0.27153089 0.24223358 -0.70605796
v -0.28055921 0.14931678 -0.66891384
v -0.26480993 0.25758853 -0.65718948
v -0.27091354 0.16378521 -0.6218869
v -0.28258118 0.07048577 -0.59302616
v -0.27742719 0.17936042 -0.57312369
v -0.28819087 0.07948465 -0.54917782
v -0.308007 -0.0224731 -0.54647487
v -0.30641025 0.08502527 -0.50950259
v -0.32194784 -0.02315011 -0.51749754
v -0.33613926 0.08754896 -0.47629913
v -0.34588974 -0.02447074 -0.49210241
v -0.37893363 -0.02660503 -0.47877752
v -0.29839736 0.191669 -0.52657246
v -0.27308356 0.27360376 -0.6062327
v -0.2573736 0.35252171 -0.68866652
v -0.25260049 0.43854773 -0.76511633
v -0.25335988 0.53892767 -0.82945287
v -0.26725497 0.65918284 -0.86893296
v -0.29794135 0.79226332 -0.88014817
v -0.33934411 0.92637085 -0.85713142
v -0.37651148 1.05190265 -0.78956532
v -0.40224421 1.15008401 -0.68096792
v -0.40954089 1.22026526 -0.55892133
v 0.14030799 1.38479304 -0.19811873
v -0.28207531 0.19941808 -0.60368335
v -0.22160214 -0.21163258 -0.90352809
v -0.14917069 -0.21947701 -0.82526511
v -0.15336185 -0.26564633 -0.87072062
v 0.09602057 1.35851633 -0.19990871
v 0.15264613 1.41563916 -0.21487505
v 0.11686307 1.44907701 -0.22960571
v -0.14290265 -0.14699026 -0.88606673
v -0.28069466 0.10140355 -0.64606487
v 0.12859281 1.38769102 -0.19206328
v 0.1171337 1.36021602 -0.20020964
v 0.12297812 1.36098134 -0.21721731
v 0.14521011 1.39605689 -0.20016251
v 0.12653023 1.39758634 -0.19763322
v 0.12961559 1.36418402 -0.23235507
v 0.16411358 1.44655156 -0.21736113
v 0.16916525 1.43461263 -0.23523455
v 0.16744308 1.44408071 -0.25209808
v 0.16305396 1.45016169 -0.23857523
v -0.29627811 0.17122638 -0.65085429
v -0.25471645 0.18738368 -0.58181023
v -0.27726602 0.28403189 -0.59786808
v -0.30300724 0.27559626 -0.63423335
v -0.21237422 -0.21596029 -0.9008851
v -0.20174725 -0.23881043 -0.89960724
v -0.2038618 -0.21780404 -0.89722591
v -0.22929611 -0.17559537 -0.89548671
v -0.22705742 -0.17310544 -0.89815098
v -0.209836 -0.17247572 -0.89021492
v -0.14643682 -0.18788926 -0.80034661
v -0.17039902 -0.18774086 -0.80998951
v -0.16297514 -0.22230097 -0.83772361
v -0.13895568 -0.23403443 -0.83412098
v -0.1247527 -0.19227103 -0.80115199
v -0.15636383 -0.24157732 -0.8538683
v -0.15334586 -0.25571182 -0.87804704
v -0.11836828 -0.23837746 -0.86612141
v -0.11721197 -0.24741683 -0.85070049
v -0.15365454 -0.25501549 -0.86299538
v -0.16429814 -0.25307792 -0.87904804
v -0.12844584 -0.24280892 -0.83913266
v 0.03650553 1.32000052 -0.22583223
v 0.05515975 1.31308233 -0.24185207
v 0.09622117 1.37551915 -0.19939917
v 0.01927777 1.34045803 -0.21710479
v 0.15014238 1.41058886 -0.20951265
v 0.14189623 1.38025331 -0.25698825
v 0.14628514 1.39061725 -0.26789316
v 0.12167586 1.42552566 -0.21451276
v 0.12216569 1.41554105 -0.20947559
v 0.14036567 1.43829596 -0.21625454
v 0.12171717 1.43823909 -0.22084973
v 0.16018147 1.42077958 -0.22348506
v 0.1512302 1.44021976 -0.21319034
v 0.15089128 1.40549063 -0.27880412
v 0.13194288 1.4490602 -0.23033732
v 0.09341142 1.45240902 -0.24816985
v 0.08575619 1.44340336 -0.23488596
v 0.10449468 1.45429575 -0.26130616
v -0.12850919 -0.11091388 -0.88755095
v -0.10457287 -0.11715099 -0.87733882
v -0.13289558 -0.16411136 -0.88151627
v -0.15659786 -0.18283776 -0.88480132
v -0.16411072 -0.15537259 -0.88840484
v -0.16137519 -0.10849328 -0.89371871
v -0.30264416 0.08311234 -0.69766998
v -0.26718202 -0.00268624 -0.741355
v -0.24510991 -0.00079494 -0.70580297
v -0.32979974 0.15762914 -0.69171226
v -0.20668447 0.00247144 -0.68725842
v -0.22833663 0.09374917 -0.63281619
v -0.23008313 0.18685489 -0.59199357
v -0.24472408 0.2855744 -0.59345001
v -0.1785926 0.09454855 -0.63031864
v -0.19029142 0.18751773 -0.59194654
v -0.20415653 0.29391697 -0.58948016
v -0.22121366 0.40960946 -0.61808472
v -0.26892975 0.3970839 -0.62475115
v -0.13685181 0.19427307 -0.59250187
v -0.15216669 0.30498099 -0.59421223
v -0.16584508 0.41863575 -0.62182515
v -0.17256066 0.51714038 -0.65447157
v -0.23378333 0.5135138 -0.65395921
v -0.09452307 0.31539455 -0.61093574
v -0.10988403 0.42326057 -0.63731586
v -0.11804357 0.51949495 -0.66706115
v -0.1231965 0.61029887 -0.68975162
v -0.17550571 0.6070348 -0.67819052
v -0.0612625 0.42724674 -0.66415453
v -0.07279582 0.52103245 -0.69293218
v -0.07966823 0.61239391 -0.71320724
v -0.08356399 0.70268356 -0.72166001
v -0.12680321 0.69875329 -0.69979625
v -0.03925943 0.52085459 -0.7303102
v -0.04727682 0.6132338 -0.74905002
v -0.0527037 0.70669335 -0.75644797
v -0.05776957 0.79979836 -0.74763745
v -0.08693395 0.79114884 -0.71448969
v -0.0333399 0.61287313 -0.79494208
v -0.03920937 0.7109794 -0.79996347
v -0.04453288 0.80964785 -0.78830641
v -0.05504002 0.90196919 -0.76113134
v -0.06611365 0.88770496 -0.72322309
v -0.04470057 0.71491551 -0.84732979
v -0.05265276 0.81965559 -0.83382666
v -0.0648792 0.91638302 -0.80332928
v -0.07876256 1.00161659 -0.76244616
v -0.06810022 0.98412972 -0.72502112
v -0.07837768 0.8278597 -0.87853765
v -0.09147802 0.93047446 -0.84581434
v -0.10310135 1.01982224 -0.80050402
v -0.10804773 1.10016834 -0.75241774
v -0.08256012 1.078938 -0.71916627
v -0.13416311 0.94358766 -0.88897448
v -0.14615991 1.0408566 -0.84176081
v -0.14724792 1.12620413 -0.7859658
v -0.13402245 1.20279741 -0.71894413
v -0.10242568 1.17273795 -0.69606483
v -0.20680303 1.06451213 -0.88058388
v -0.19969146 1.15809857 -0.81471896
v -0.17343461 1.23537683 -0.73730397
v -0.12817403 1.2953726 -0.65158522
v -0.0942744 1.26794576 -0.65165251
v -0.26237154 1.1831839 -0.82781314
v -0.22701168 1.26270222 -0.7380681
v -0.16984717 1.32539606 -0.64656931
v -0.10510267 1.37536776 -0.56571066
v -0.07121149 1.34651231 -0.5766704
v -0.27834802 1.28071808 -0.7269352
v -0.21149218 1.34852993 -0.63590896
v -0.14010925 1.40124833 -0.55003327
v -0.06294225 1.44062352 -0.48199307
v -0.03962107 1.41454792 -0.49615812
v -0.25161051 1.35653901 -0.61384367
v -0.17326134 1.41153216 -0.52644324
v -0.08737264 1.44506835 -0.4522511
v -0.00588215 1.45848798 -0.38711109
v 0.01571575 1.45905959 -0.41212508
v -0.20425942 1.41302311 -0.49974122
v -0.11292111 1.44641339 -0.4218769
v -0.02566922 1.45812106 -0.36121323
v 0.04791513 1.46095907 -0.30459713
v 0.06447813 1.46304535 -0.32332244
v -0.1350173 1.44339597 -0.39374131
v -0.04404997 1.45850873 -0.33271133
v 0.03553271 1.4584198 -0.28229665
v -0.05863529 1.45917868 -0.30699178
v 0.02669416 1.45361757 -0.26042127
v -0.06481033 1.43548369 -0.29128626
v 0.02068014 1.43367624 -0.25043168
v 0.08253615 1.42785584 -0.22662298
v 0.01661298 1.41150283 -0.24199254
v 0.08213311 1.41428577 -0.21928824
v 0.01602522 1.38889622 -0.23407761
v 0.0837516 1.40064132 -0.21242176
v 0.12355759 1.40606856 -0.20411704
v 0.14789494 1.40343987 -0.20495498
v 0.0883872 1.38699531 -0.20531977
v 0.01757098 1.36527764 -0.22544296
v -0.06582073 1.37395799 -0.27499988
v -0.06251582 1.33976757 -0.26869633
v -0.05400019 1.31055533 -0.26937657
v -0.14408074 1.31834518 -0.32582262
v -0.12785378 1.28563344 -0.33361363
v -0.1015089 1.25623226 -0.34479093
v -0.03426063 1.28896725 -0.28247201
v -0.06805851 1.23616218 -0.36126568
v -0.00908357 1.27507567 -0.29999458
v -0.03032584 1.22844481 -0.38143715
v 0.01802469 1.26829981 -0.31800562
v 0.07197085 1.31217503 -0.26017972
v 0.04767768 1.27381646 -0.33947724
v 0.08956196 1.31881344 -0.27941992
v 0.07348371 1.28563833 -0.36022207
v 0.10483633 1.32918667 -0.29564091
v 0.13568913 1.37113916 -0.24485506
v 0.11785264 1.34546506 -0.31260076
v 0.09186189 1.30312132 -0.38144508
v 0.10244596 1.32397389 -0.40193915
v 0.12688294 1.36270797 -0.32803061
v 0.10311933 1.34847629 -0.42012691
v 0.13050425 1.38278079 -0.34382563
v 0.088662 1.37612247 -0.43285548
v 0.12560933 1.40417075 -0.35447499
v 0.15325313 1.41947042 -0.28601047
v 0.16644342 1.42700195 -0.22981217
v 0.11728961 1.42415428 -0.35859561
v 0.15326613 1.43408501 -0.29032728
v 0.10804816 1.44711995 -0.35856148
v 0.15027388 1.44828891 -0.29096043
v 0.09815239 1.46633243 -0.35207527
v 0.14243699 1.45766151 -0.28776028
v 0.08203099 1.46485745 -0.3393183
v 0.12910784 1.45673537 -0.27986115
v 0.15297977 1.44968736 -0.23522566
v 0.15968337 1.44281292 -0.21119697
v 0.11674225 1.45573449 -0.27193737
v 0.14272761 1.44941902 -0.23306864
v 0.03358969 1.44963789 -0.42766478
v 0.05370568 1.42728507 -0.43651157
v -0.01117993 1.38946914 -0.50745236
v 0.07303582 1.40205454 -0.43810582
v 0.01708704 1.36268115 -0.51371198
v -0.04014249 1.31782472 -0.5830757
v 0.03905918 1.33241403 -0.50974756
v -0.02091064 1.28589403 -0.57540166
v -0.07435062 1.23425197 -0.63536435
v -0.00844755 1.25500297 -0.55994248
v -0.05892522 1.20509231 -0.61635959
v -0.08231023 1.14686501 -0.67011046
v -0.04849546 1.17814803 -0.59573465
v -0.07349693 1.12418103 -0.64315903
v -0.07254733 1.05916905 -0.68644219
v -0.0790979 1.10610163 -0.61720514
v -0.07862377 1.04191219 -0.65514457
v -0.07376551 0.96838992 -0.69038718
v -0.10270693 1.02827704 -0.62986433
v -0.09916958 0.95576983 -0.66335052
v -0.09307381 0.87600773 -0.69307929
v -0.13701218 0.94650989 -0.64332598
v -0.13277024 0.86751377 -0.67226266
v -0.12904201 0.78451198 -0.69311761
v -0.18205754 0.86204421 -0.66219884
v -0.17924706 0.77982783 -0.68399953
v -0.17748974 0.6946842 -0.68975979
v -0.23709866 0.77662384 -0.68618494
v -0.23698967 0.69015139 -0.69177448
v -0.2366662 0.60209745 -0.6787821
v -0.29976698 0.6861633 -0.70760417
v -0.30212953 0.5944736 -0.69351559
v -0.29609739 0.50434064 -0.66537576
v -0.35952502 0.58741748 -0.71486383
v -0.35115796 0.48733425 -0.68398469
v -0.31314373 0.38643911 -0.63856208
v -0.39805513 0.47113919 -0.70643264
v -0.35517832 0.36671608 -0.66528707
v -0.43127617 0.46017843 -0.73569917
v -0.38583752 0.34736096 -0.70584887
v -0.34101 0.25234833 -0.66783773
v -0.41534152 0.33388239 -0.74361133
v -0.36845237 0.23868581 -0.71542793
v -0.43265831 0.32431599 -0.78278923
v -0.38411825 0.22741949 -0.76053041
v -0.34422117 0.15037579 -0.74222093
v -0.38142797 0.22658656 -0.80811744
v -0.34226292 0.15146371 -0.7976436
v -0.31117436 0.08106547 -0.80335223
v -0.31060913 0.08154071 -0.74852967
v -0.27679264 0.00606078 -0.82533943
v -0.27431789 0.0008458 -0.78378742
v -0.24394567 -0.06225116 -0.85248291
v -0.24214731 -0.06895833 -0.82022804
v -0.2366314 -0.07777258 -0.78580874
v -0.21594013 -0.12601566 -0.85244298
v -0.21297505 -0.1340525 -0.82161849
v -0.2016752 -0.14119875 -0.79425144
v -0.2191139 -0.08186133 -0.75415355
v -0.17716412 -0.13981097 -0.77523535
v -0.18776145 -0.0761775 -0.73523545
v -0.14563944 -0.1345961 -0.76672601
v -0.14947657 -0.06957536 -0.7276107
v -0.16074913 0.00807035 -0.681028
v -0.10885977 -0.0635638 -0.73020029
v -0.11050137 0.01521692 -0.68492013
v -0.1216574 0.09937869 -0.63516688
v -0.06366068 0.01830617 -0.69988215
v -0.06435159 0.1070823 -0.64948505
v -0.07631411 0.20690508 -0.60584098
v -0.01550438 0.11580285 -0.67278915
v -0.0240929 0.21978707 -0.63631635
v -0.04510194 0.32534581 -0.64077013
v 0.01040426 0.231128 -0.67385351
v -0.00793899 0.33293381 -0.68009805
v -0.02633326 0.42824381 -0.7051596
v 0.00965201 0.33314973 -0.73246383
v -0.00918235 0.42515626 -0.75504958
v -0.0229268 0.51791012 -0.77817648
v -0.01254878 0.41823333 -0.80887597
v -0.02624889 0.51293969 -0.82957387
v -0.03742072 0.61191606 -0.84382998
v -0.04909139 0.50697648 -0.87754523
v -0.06023431 0.60970169 -0.89036667
v -0.0687914 0.71790361 -0.89249771
v -0.09942204 0.60493892 -0.93379265
v -0.10955508 0.71773415 -0.93604648
v -0.12040977 0.83302801 -0.92246145
v -0.16876107 0.71174639 -0.97915369
v -0.18171754 0.83502614 -0.96678257
v -0.19631159 0.95571094 -0.93331915
v -0.25022089 0.83364778 -0.9973545
v -0.26413279 0.96175932 -0.9609065
v -0.27308443 1.08087098 -0.90293997
v -0.32784074 0.959764 -0.96156323
v -0.33643218 1.08287847 -0.89842438
v -0.32416406 1.19456863 -0.82054889
v -0.38819503 1.07987582 -0.88482123
v -0.37268677 1.19660747 -0.80356544
v -0.32280927 1.28867173 -0.7095409
v -0.41418984 1.1924442 -0.78265917
v -0.35929557 1.28553903 -0.68501883
v -0.28347393 1.35521364 -0.58959585
v -0.38459354 1.2695676 -0.65435499
v -0.30859503 1.34243774 -0.56024128
v -0.22910332 1.40697658 -0.47068563
v -0.32447832 1.32403767 -0.53212726
v -0.24684578 1.39319479 -0.44329851
v -0.15154427 1.4336065 -0.36814755
v -0.25687208 1.37208712 -0.42008009
v -0.15929679 1.4145174 -0.34838414
v -0.2533338 1.34341108 -0.40351948
v -0.15860872 1.38596952 -0.33471489
v -0.06587787 1.40534925 -0.28330442
v -0.15293674 1.3528949 -0.32563325
v -0.24362853 1.31338501 -0.39343497
v -0.22499357 1.28324592 -0.39357349
v -0.31900516 1.25081908 -0.47176104
v -0.29204446 1.22500276 -0.4690296
v -0.26037833 1.1972382 -0.46900585
v -0.19600318 1.25227427 -0.40146037
v -0.22284059 1.16931831 -0.47168815
v -0.16298416 1.22279775 -0.41066011
v -0.17533731 1.14437878 -0.48011052
v -0.12328749 1.19531893 -0.4218221
v -0.13186602 1.13273739 -0.49750337
v -0.08116225 1.18149507 -0.44082555
v -0.0957329 1.13278281 -0.52054381
v -0.04708851 1.17878854 -0.46287211
v 0.00411604 1.22852289 -0.40335217
v -0.02144311 1.18722796 -0.48946824
v 0.03080642 1.2376939 -0.42853933
v -0.00556761 1.20283877 -0.51582783
v 0.04888734 1.25258886 -0.45384487
v 0.00047736 1.2256478 -0.54148989
v 0.05406649 1.27581059 -0.4766823
v 0.04952027 1.30232071 -0.49434608
v -0.05344092 1.15706563 -0.5704748
v -0.0688741 1.14076793 -0.54470616
v -0.09797281 1.09137034 -0.59250515
v -0.12870773 1.08409512 -0.57378357
v -0.13787312 1.01900363 -0.61043721
v -0.16846796 1.08254015 -0.55510032
v -0.18280436 1.01492428 -0.59606379
v -0.18484877 0.94130295 -0.6311295
v -0.23688234 1.01687467 -0.58733612
v -0.24127011 0.9405716 -0.62795466
v -0.23863215 0.8597877 -0.66247934
v -0.30245396 0.94440287 -0.6348887
v -0.29956692 0.8614335 -0.67380082
v -0.29804649 0.77603822 -0.70057696
v -0.35101398 0.86614382 -0.69141328
v -0.34901556 0.77806174 -0.72005224
v -0.35265508 0.68472892 -0.7285093
v -0.38976708 0.78120321 -0.73990577
v -0.39357024 0.6854431 -0.74966543
v -0.40361627 0.5830422 -0.73813903
v -0.42450445 0.68717402 -0.77423232
v -0.4363805 0.58019697 -0.76337146
v -0.45082557 0.68952536 -0.80124694
v -0.4641717 0.57833445 -0.78884917
v -0.45915505 0.45288789 -0.76335322
v -0.46957501 0.57497847 -0.82385659
v -0.46533098 0.44814109 -0.80239057
v -0.46456506 0.57153207 -0.86235433
v -0.46263688 0.44655147 -0.83914649
v -0.43478602 0.32203725 -0.82346278
v -0.44589686 0.44606992 -0.87577682
v -0.41922804 0.32941386 -0.8624826
v -0.37177202 0.23303996 -0.85546213
v -0.38536563 0.34235456 -0.89890533
v -0.34643501 0.24804271 -0.89437222
v -0.31150367 0.16328567 -0.88718456
v -0.33305341 0.15619114 -0.84462726
v -0.2839165 0.09001566 -0.87390691
v -0.30463096 0.08274916 -0.84083348
v -0.26734486 0.01186057 -0.8760069
v -0.28155097 0.0094395 -0.85640895
v -0.25270324 -0.05867673 -0.88341695
v -0.26032093 -0.06084113 -0.8709802
v -0.23976387 -0.12046811 -0.89187181
v -0.24330289 -0.12248342 -0.88410735
v -0.22168572 -0.11994365 -0.8787325
v -0.19483901 -0.17237277 -0.87538898
v -0.1884202 -0.21118509 -0.88731306
v -0.1800955 -0.21007773 -0.87132716
v -0.19410666 -0.17766533 -0.85125201
v -0.17643013 -0.21663811 -0.85262888
v -0.18820813 -0.18432964 -0.827582
v -0.17623998 -0.23758719 -0.88409733
v -0.16761933 -0.23888182 -0.86953789
v -0.17427142 -0.25375676 -0.88675123
v -0.18046219 -0.24295549 -0.89133262
v -0.16402028 -0.23246187 -0.88513922
v -0.15848518 -0.24471032 -0.88188666
v -0.18789696 -0.23756851 -0.89082634
v -0.18938258 -0.22967958 -0.89465814
v -0.19828701 -0.20464217 -0.89641368
v -0.18121768 -0.19367182 -0.88785475
v -0.17222879 -0.2155167 -0.88762056
v -0.14705832 -0.20023517 -0.88116246
v -0.1369504 -0.2147461 -0.87695479
v -0.10242659 -0.18568645 -0.86742782
v -0.08881933 -0.19712951 -0.85840892
v -0.12720209 -0.22659623 -0.87231892
v -0.11718171 -0.17503844 -0.87540668
v -0.08325143 -0.12635652 -0.86557716
v -0.06257592 -0.13710881 -0.85237157
v -0.01349274 -0.06559054 -0.83145332
v 0.00084348 -0.0753092 -0.80553019
v -0.04451693 -0.14819292 -0.83760976
v -0.04149383 -0.05480799 -0.85118728
v -0.00618535 0.0367571 -0.83397299
v 0.02339465 0.0287691 -0.8033958
v -0.07092163 -0.0467625 -0.86903476
v -0.04231416 0.04083029 -0.86252206
v -0.03444732 0.13036714 -0.8642432
v 0.00784419 0.13814698 -0.82042884
v -0.10564046 -0.04394936 -0.88706219
v -0.09105059 0.03707944 -0.89081203
v -0.09332422 0.11631642 -0.90138012
v -0.10825257 0.20279273 -0.91579645
v -0.04599265 0.21569949 -0.87775939
v -0.14261108 0.02548325 -0.91174936
v -0.15242815 0.1051674 -0.92375385
v -0.17124147 0.19132435 -0.9381572
v -0.18973761 0.2825331 -0.95273453
v -0.12331703 0.29371771 -0.93087363
v -0.20461237 0.09632063 -0.9275735
v -0.22499834 0.18179529 -0.94286459
v -0.24927324 0.27273902 -0.95489406
v -0.27136382 0.36526247 -0.96848034
v -0.20511043 0.37642931 -0.9682495
v -0.2708202 0.17334163 -0.92109096
v -0.3021765 0.26326236 -0.92920345
v -0.33450841 0.35488989 -0.93806809
v -0.35763257 0.45198133 -0.95319974
v -0.28969684 0.46165368 -0.98355794
v -0.40872773 0.44755673 -0.91495382
v -0.41745135 0.56425106 -0.94274139
v -0.36818635 0.56347376 -0.97769874
v -0.448695 0.56794387 -0.90126955
v -0.43932882 0.68912792 -0.91609102
v -0.41542196 0.68856787 -0.96080327
v -0.45205336 0.68991452 -0.87521362
v -0.44894066 0.8032605 -0.87090402
v -0.43943387 0.80984091 -0.91497141
v -0.45663815 0.69010043 -0.83607387
v -0.4516735 0.7966665 -0.82969754
v -0.45641967 0.90373361 -0.80349606
v -0.45525381 0.91813808 -0.84520655
v -0.44718062 0.79012978 -0.79089599
v -0.45181244 0.88991189 -0.76426869
v -0.46108886 0.9915688 -0.71618199
v -0.46624037 1.01350724 -0.75331813
v -0.4205966 0.78560555 -0.76503694
v -0.42739015 0.88008278 -0.73580211
v -0.43666008 0.97495168 -0.68827861
v -0.42962825 1.07680296 -0.6228227
v -0.45492607 1.09752035 -0.64275169
v -0.39321234 0.87181145 -0.71079736
v -0.40090444 0.96195924 -0.66566962
v -0.3952707 1.056867 -0.60719966
v -0.35582193 1.14859104 -0.53891682
v -0.38476857 1.17262101 -0.54908627
v -0.35616943 0.9522295 -0.64879608
v -0.35154616 1.04064774 -0.59659439
v -0.31854301 1.1251831 -0.53441155
v -0.29732781 1.02652645 -0.588799
v -0.27036359 1.10317397 -0.53433501
v -0.21584163 1.0869373 -0.54035419
v -0.33315718 1.27687096 -0.4840483
v -0.40437492 1.19781446 -0.56589412
v -0.33278384 1.30193686 -0.50670474
v -0.40832364 1.22277307 -0.59143197
v -0.4585748 1.12389326 -0.67782408
v -0.40004956 1.24705016 -0.62223297
v -0.45329755 1.15031015 -0.71380215
v -0.46508777 1.03636598 -0.79406648
v -0.44092264 1.17454195 -0.7500559
v -0.45713329 1.05701351 -0.83372277
v -0.44734475 0.93311649 -0.8882693
v -0.43036383 1.072793 -0.86655485
v -0.4218451 0.94467115 -0.92240226
v -0.41409838 0.8167659 -0.95446473
v -0.37988057 0.95302128 -0.9444257
v -0.37007972 0.82242167 -0.97976476
v -0.36882406 0.69075483 -0.99089539
v -0.31607028 0.82848548 -0.99768781
v -0.3100706 0.69612181 -1.00862133
v -0.30371135 0.56967109 -1.00116753
v -0.24102054 0.7036736 -1.00797665
v -0.23098264 0.58255761 -1.00107371
v -0.21885836 0.47511425 -0.98413753
v -0.15737214 0.59593457 -0.97474741
v -0.14704236 0.48835942 -0.96089303
v -0.13570199 0.38840535 -0.94626647
v -0.08862755 0.49930414 -0.92202341
v -0.07533673 0.39982321 -0.90719878
v -0.06115375 0.30593833 -0.89170885
v -0.03491813 0.40960535 -0.860282
v -0.01886815 0.31776669 -0.8423953
v -0.00203629 0.2283535 -0.82596755
v 0.00554086 0.32753974 -0.78947293
v 0.02202127 0.23723949 -0.77326905
v 0.0352737 0.13777981 -0.77732569
v 0.02707405 0.2390943 -0.7202745
v 0.04815254 0.13322247 -0.73434525
v 0.03599534 0.02122958 -0.76860624
v 0.02751025 0.12199816 -0.69395715
v 0.01117095 0.02119943 -0.7470389
v -0.01652388 -0.07126579 -0.7874903
v -0.02300399 0.01974441 -0.72243934
v -0.04230099 -0.0668321 -0.7641102
v -0.06456307 -0.14310339 -0.79664051
v -0.04667387 -0.14994576 -0.81698918
v -0.08788903 -0.20566712 -0.82273596
v -0.07957931 -0.20682489 -0.84380835
v -0.08798398 -0.1375153 -0.77904373
v -0.10536375 -0.19858737 -0.80865401
v -0.114339 -0.13363564 -0.76887029
v -0.07373402 -0.06349037 -0.74252039
v -0.2501491 0.09120548 -0.90927904
v -0.19339685 0.01857489 -0.91349196
v -0.23432464 0.0145355 -0.89778494
v -0.1909662 -0.05152734 -0.90155947
v -0.2240993 -0.05573353 -0.89271211
v -0.19290836 -0.11118596 -0.89357507
v -0.21842911 -0.11600723 -0.896299
v -0.18835982 -0.16003277 -0.88963019
v -0.20897735 -0.16687314 -0.89728719
v -0.1489937 -0.04746393 -0.90140503
v 0.53716826 1.51053571 -0.21612876
v 0.07381565 0.26525121 -0.61783772
v 0.20421968 -0.13802583 -0.89389705
v 0.13586762 -0.14499691 -0.91523069
v 0.21079821 -0.15362978 -0.83621704
v 0.20300842 -0.20244899 -0.88650691
v 0.2063986 -0.20569264 -0.88331657
v 0.07285961 0.16672557 -0.66048681
v 0.53617245 1.50800967 -0.21477824
v 0.52952379 1.49982333 -0.23561473
v 0.5312435 1.50651204 -0.23527042
v 0.52459466 1.51298809 -0.22983788
v 0.51685524 1.51243782 -0.22616958
v 0.53172099 1.51427328 -0.23826804
v 0.05455229 0.2375646 -0.66835367
v 0.10023352 0.2527126 -0.59258031
v 0.06924485 0.34567898 -0.61517161
v 0.04909997 0.33815306 -0.64982825
v 0.21862942 -0.10608362 -0.89361232
v 0.23666052 -0.1155819 -0.88706332
v 0.20877949 -0.15388128 -0.89123487
v 0.18889761 -0.14059364 -0.89744705
v 0.19735628 -0.09849189 -0.89833074
v 0.19086967 -0.15934757 -0.89718914
v 0.14530271 -0.15092855 -0.91228753
v 0.15392869 -0.17188485 -0.91170239
v 0.15136559 -0.15012474 -0.90943205
v 0.12596552 -0.11037802 -0.90772467
v 0.13218431 -0.10688433 -0.90839636
v 0.14364655 -0.10670155 -0.90259271
v 0.21684584 -0.12354226 -0.81209242
v 0.19529651 -0.12117514 -0.81576222
v 0.19888915 -0.15656383 -0.84580689
v 0.21941067 -0.16823013 -0.84582871
v 0.23643529 -0.12947577 -0.8153513
v 0.20399458 -0.17375341 -0.86039316
v 0.20321902 -0.19125579 -0.88937425
v 0.23690345 -0.17480242 -0.87724411
v 0.2388475 -0.18187621 -0.86283648
v 0.19190099 -0.19232869 -0.89161545
v 0.20666067 -0.184833 -0.87048518
v 0.1976802 -0.18494099 -0.87764936
v 0.19078721 -0.18070732 -0.88876801
v 0.49748858 1.4653027 -0.21733705
v 0.50855553 1.46818411 -0.2180169
v 0.52008193 1.48150908 -0.20512136
v 0.50061839 1.4767251 -0.2125073
v 0.49733635 1.52471113 -0.30465528
v 0.50076812 1.52148211 -0.28045916
v 0.51557576 1.50975668 -0.29062873
v 0.05299395 0.14908543 -0.71619451
v 0.08783862 0.06397469 -0.76152622
v 0.10544011 0.06420249 -0.72283804
v 0.0246019 0.22278994 -0.70936477
v 0.14029201 0.06728068 -0.70163947
v 0.12195467 0.15837267 -0.6462661
v 0.1233749 0.25149461 -0.60228318
v 0.10510173 0.35020494 -0.60583788
v 0.16838026 0.1584002 -0.64336663
v 0.15840911 0.25410392 -0.60362422
v 0.1437693 0.3577778 -0.60172736
v 0.12484121 0.47133052 -0.63020205
v 0.0783983 0.46006664 -0.63813561
v 0.20654103 0.25801023 -0.60303884
v 0.19133104 0.36752501 -0.60325056
v 0.17814202 0.4819526 -0.63136112
v 0.171147 0.58148115 -0.66484797
v 0.10947806 0.57712566 -0.6673991
v 0.24868412 0.37849316 -0.61572295
v 0.23446731 0.48749044 -0.64304351
v 0.22681652 0.58435463 -0.67397087
v 0.22240404 0.67465865 -0.69710141
v 0.16824765 0.67105871 -0.6886971
v 0.28408286 0.49169522 -0.66859102
v 0.27416902 0.58611059 -0.69636893
v 0.26806113 0.67691856 -0.71735197
v 0.26444271 0.76635283 -0.72606927
v 0.21932473 0.76267892 -0.70775389
v 0.31012582 0.58623331 -0.73163038
v 0.30262926 0.67792046 -0.75066375
v 0.29772931 0.77012014 -0.7585355
v 0.29289704 0.86158227 -0.75050628
v 0.26089838 0.85356062 -0.71934539
v 0.3216578 0.67779582 -0.79449856
v 0.31568813 0.77435904 -0.8005616
v 0.31054136 0.8712877 -0.79010397
v 0.30104515 0.96235358 -0.76369786
v 0.2853266 0.948789 -0.72799021
v 0.31527602 0.77839821 -0.84733033
v 0.30773332 0.88136094 -0.83478623
v 0.29574811 0.97694635 -0.80526012
v 0.2824372 1.0610156 -0.76622122
v 0.28966787 1.0439955 -0.72903436
v 0.28657439 0.89001321 -0.8795706
v 0.27365317 0.99082016 -0.84761035
v 0.26134738 1.07901823 -0.80405813
v 0.25658822 1.15871501 -0.75807774
v 0.27842173 1.13822901 -0.72518891
v 0.23530502 1.0037688 -0.89089721
v 0.22320222 1.09872388 -0.84432894
v 0.22102321 1.18254494 -0.79113149
v 0.23016606 1.25906634 -0.72780191
v 0.25980192 1.23008883 -0.70373994
v 0.16700777 1.1217544 -0.88476574
v 0.17089302 1.21359908 -0.82192212
v 0.19388625 1.29021167 -0.74799704
v 0.23561328 1.35294663 -0.6670469
v 0.26647391 1.32410693 -0.66318577
v 0.11057876 1.24101483 -0.84054362
v 0.14153808 1.3203032 -0.75443172
v 0.19493569 1.38211607 -0.6639074
v 0.256859 1.43275129 -0.5827375
v 0.2908177 1.40471947 -0.59349304
v 0.08984631 1.3399409 -0.74600255
v 0.15371926 1.40804874 -0.65572345
v 0.22274574 1.46096968 -0.57017964
v 0.29665443 1.50008297 -0.50024253
v 0.32040324 1.47342121 -0.5132966
v 0.11243192 1.41920113 -0.63562196
v 0.18823419 1.47417902 -0.54769277
v 0.27160149 1.51062095 -0.47333529
v 0.3536944 1.52447795 -0.40595153
v 0.37405327 1.525074 -0.42951843
v 0.15637674 1.47762489 -0.52174216
v 0.2464545 1.51217937 -0.44398737
v 0.33362463 1.52412045 -0.38070002
v 0.4106822 1.527727 -0.32044693
v 0.42739558 1.52965605 -0.3380872
v 0.22229422 1.51016545 -0.41482383
v 0.31395289 1.52434968 -0.35201069
v 0.39655733 1.52521145 -0.29872399
v 0.46666312 1.51785039 -0.25564223
v 0.47415727 1.51899957 -0.26316556
v 0.29825514 1.52502644 -0.32515767
v 0.38789612 1.52233457 -0.27727311
v 0.45917356 1.51408195 -0.24369582
v 0.50752955 1.50547993 -0.22230994
v 0.51147007 1.51010084 -0.22412608
v 0.38061133 1.50514388 -0.26404678
v 0.45472711 1.50122988 -0.2372192
v 0.50493115 1.50067162 -0.22006468
v 0.53239393 1.4985038 -0.20951305
v 0.53363168 1.5015254 -0.21116198
v 0.45332321 1.48971152 -0.23141053
v 0.50314831 1.49560427 -0.21768137
v 0.53109735 1.49509048 -0.20761741
v 0.5208317 1.47991573 -0.23004418
v 0.523193 1.48491799 -0.23155045
v 0.50140756 1.48977613 -0.21496693
v 0.52967798 1.49144482 -0.20564761
v 0.51752829 1.47423577 -0.22703471
v 0.52826517 1.48786056 -0.20373013
v 0.51379823 1.47005808 -0.22305882
v 0.4860678 1.43555343 -0.23724766
v 0.49165123 1.43884277 -0.24968318
v 0.49755609 1.44458663 -0.26188176
v 0.44409263 1.38377058 -0.28888276
v 0.4595049 1.3929969 -0.30642867
v 0.47305661 1.40859639 -0.32374209
v 0.50175792 1.45273804 -0.27083864
v 0.4832066 1.42738306 -0.33858108
v 0.50687849 1.46378111 -0.27956801
v 0.52508801 1.48952984 -0.23395876
v 0.51063859 1.47530865 -0.28548708
v 0.52701121 1.49423587 -0.23565186
v 0.53493505 1.50484216 -0.21299114
v 0.51376885 1.488011 -0.28852146
v 0.48823595 1.44636786 -0.35168704
v 0.48462835 1.46774625 -0.36328566
v 0.47741389 1.4862684 -0.36730825
v 0.51545101 1.49869704 -0.28888106
v 0.4685015 1.5081619 -0.36771598
v 0.43205192 1.4611026 -0.45199376
v 0.41216871 1.48741161 -0.45109131
v 0.39373692 1.50839304 -0.44479689
v 0.46200862 1.52657651 -0.36601084
v 0.44571721 1.53143107 -0.35338991
v 0.48659041 1.52018344 -0.27134215
v 0.34969842 1.44824302 -0.52424991
v 0.37677121 1.42058265 -0.52873086
v 0.31981158 1.3754667 -0.59767538
v 0.39548915 1.38900077 -0.52126574
v 0.3363173 1.34248137 -0.58655536
v 0.28495025 1.29060351 -0.64484733
v 0.34839561 1.31189215 -0.57075673
v 0.29901877 1.26224339 -0.62555575
v 0.27747669 1.20506906 -0.67739981
v 0.30612173 1.2368896 -0.60343217
v 0.28455582 1.18401944 -0.65065908
v 0.28485333 1.1190865 -0.6922369
v 0.27356174 1.16665351 -0.6247732
v 0.27368679 1.10255694 -0.66216194
v 0.27820611 1.0292257 -0.69663572
v 0.2467383 1.08986139 -0.63789147
v 0.24983722 1.01726841 -0.67074257
v 0.25573748 0.9378609 -0.69945031
v 0.21059398 1.00889563 -0.65233653
v 0.21386376 0.93007731 -0.6812269
v 0.21688814 0.84769004 -0.70161026
v 0.16306002 0.92532414 -0.67364198
v 0.16507847 0.84331953 -0.69561278
v 0.16651117 0.75831997 -0.70094972
v 0.1057704 0.84065824 -0.70109063
v 0.10541595 0.75372761 -0.706541
v 0.10557022 0.66543418 -0.69295233
v 0.04325534 0.750117 -0.7232263
v 0.04078977 0.65776306 -0.70864725
v 0.04844974 0.56707978 -0.67951059
v -0.01478058 0.65088361 -0.73175996
v -0.00471708 0.54895597 -0.69975888
v 0.03452497 0.44789505 -0.65421909
v -0.04951357 0.53326791 -0.72388321
v -0.00461907 0.42832523 -0.68264329
v -0.08111149 0.52286225 -0.75363588
v -0.03381687 0.40991893 -0.72551757
v 0.00964595 0.31645855 -0.68629348
v -0.06425365 0.3957194 -0.76168119
v -0.0148863 0.30186122 -0.7347328
v -0.07651168 0.38918161 -0.80132126
v -0.02663905 0.29289659 -0.78160804
v 0.01160966 0.2155136 -0.76457274
v -0.0239974 0.29345604 -0.82986307
v 0.01583979 0.21855279 -0.81984841
v 0.04594168 0.14988021 -0.82337349
v 0.04467276 0.14773561 -0.76993995
v 0.07975588 0.07513188 -0.84397774
v 0.08120036 0.06852703 -0.80437195
v 0.1123332 0.00675246 -0.86867052
v 0.11368789 -0.00082813 -0.8403722
v 0.11777729 -0.00941986 -0.80636942
v 0.1402335 -0.05783122 -0.87059003
v 0.14262956 -0.06526532 -0.84219801
v 0.14931973 -0.0734405 -0.81475544
v 0.13015665 -0.01528214 -0.77366858
v 0.16915421 -0.07462418 -0.79410082
v 0.158157 -0.01308618 -0.75178843
v 0.19649504 -0.07015027 -0.78104662
v 0.19399182 -0.00608652 -0.74105614
v 0.18399612 0.07140316 -0.69422215
v 0.23454092 -0.00003092 -0.74074506
v 0.23273068 0.07829064 -0.69555729
v 0.22180584 0.16316084 -0.64551281
v 0.28029477 0.08276283 -0.70710152
v 0.27810972 0.16962364 -0.65644604
v 0.26738169 0.26814562 -0.61427265
v 0.32814261 0.17860026 -0.67740142
v 0.32181987 0.28243669 -0.63843828
v 0.29961475 0.38861757 -0.64367044
v 0.35837477 0.29478371 -0.67595601
v 0.3399637 0.39691066 -0.68055284
v 0.32222816 0.49371421 -0.7053194
v 0.36504516 0.40019735 -0.72854727
v 0.34496769 0.4920504 -0.75265073
v 0.33146148 0.5840438 -0.77698773
v 0.34680691 0.48583513 -0.80575519
v 0.3333328 0.57959771 -0.82768124
v 0.32218685 0.67695987 -0.84296816
v 0.31550723 0.57382512 -0.87646973
v 0.30387431 0.67512607 -0.89021414
v 0.29581144 0.78149229 -0.89283889
v 0.26935303 0.67118704 -0.93418854
v 0.25978341 0.78237581 -0.93629437
v 0.2492759 0.89576542 -0.92323505
v 0.20538634 0.77798891 -0.97967577
v 0.19222712 0.89805203 -0.96786356
v 0.1776162 1.01631498 -0.93550908
v 0.12495136 0.89782089 -1.00437045
v 0.11033578 1.02475822 -0.97058963
v 0.10209778 1.14126908 -0.91334366
v 0.04525643 1.02436149 -0.97706538
v 0.03551285 1.14615297 -0.9154129
v 0.04721391 1.25504744 -0.83835285
v -0.02016734 1.14338374 -0.9024809
v -0.00599004 1.25903379 -0.82240444
v 0.0430728 1.35027837 -0.72946804
v -0.04869904 1.2577933 -0.8040567
v 0.00515823 1.35037481 -0.70761805
v 0.07767926 1.420439 -0.61137265
v -0.02384705 1.33946681 -0.67948848
v 0.05115091 1.41082584 -0.5839318
v 0.12977971 1.4730252 -0.49278953
v 0.03358186 1.39421725 -0.55663818
v 0.10966625 1.4608283 -0.46553683
v 0.20364721 1.50141382 -0.38773644
v 0.09871876 1.44064092 -0.44117814
v 0.19425106 1.48482024 -0.36679494
v 0.28916361 1.50702953 -0.30617815
v 0.19316132 1.45697987 -0.35101971
v 0.28808811 1.47734546 -0.29814511
v 0.37545132 1.48292839 -0.25496935
v 0.28820645 1.44453084 -0.28927528
v 0.37495261 1.46127569 -0.24681185
v 0.45402884 1.47934389 -0.22626315
v 0.37810978 1.43594062 -0.23608201
v 0.45691636 1.46586835 -0.21946822
v 0.50067305 1.48370969 -0.21317131
v 0.4634934 1.45426499 -0.21482722
v 0.38145482 1.4133259 -0.22701361
v 0.3919357 1.39167642 -0.22765576
v 0.47335907 1.44215917 -0.21817912
v 0.41025811 1.38083016 -0.2504926
v 0.4801146 1.43735659 -0.22494389
v 0.42746898 1.37881064 -0.26945808
v 0.3396466 1.34242355 -0.30977767
v 0.36638206 1.33357441 -0.32803776
v 0.39634826 1.33608317 -0.34910979
v 0.31547048 1.29325234 -0.39263847
v 0.3503218 1.29168558 -0.41388607
v 0.37885305 1.29828071 -0.43801111
v 0.4220938 1.3466165 -0.37016484
v 0.39928573 1.31177341 -0.46346741
v 0.44418448 1.36271262 -0.39280661
v 0.40695494 1.33359551 -0.48727083
v 0.45542857 1.38386678 -0.41377115
v 0.40452578 1.36005067 -0.5062254
v 0.45926469 1.40650951 -0.43185865
v 0.44786781 1.43325817 -0.44445756
v 0.35405892 1.28332376 -0.55007374
v 0.34524375 1.26256847 -0.52448678
v 0.2985872 1.21710741 -0.57830846
v 0.32771047 1.2485392 -0.49814689
v 0.28089571 1.20268237 -0.55321013
v 0.25219151 1.15352261 -0.60157471
v 0.25259643 1.19586181 -0.52984428
v 0.21954283 1.147318 -0.5833379
v 0.21038246 1.08147049 -0.61965596
v 0.17837287 1.14704668 -0.56566053
v 0.16372163 1.07848882 -0.6067996
v 0.16083602 1.00457429 -0.64236104
v 0.10784607 1.08184123 -0.60067981
v 0.1027964 1.0048362 -0.64178317
v 0.1047591 0.92410922 -0.6771081
v 0.04125915 1.00910484 -0.64993709
v 0.04464251 0.92638933 -0.68963342
v 0.04577534 0.8405863 -0.71613401
v -0.00436285 0.93157041 -0.70824265
v -0.00224563 0.84324848 -0.73664218
v -0.00648457 0.74927562 -0.74491351
v -0.04055969 0.84656852 -0.75753378
v -0.0450325 0.75027674 -0.76599866
v -0.05483587 0.64728617 -0.75490301
v -0.07486131 0.75210368 -0.79250776
v -0.08687762 0.64460319 -0.78113913
v -0.10042881 0.75436765 -0.82149809
v -0.11301587 0.64225649 -0.80981123
v -0.10663943 0.51578384 -0.78487497
v -0.11272519 0.63890987 -0.84403175
v -0.1088625 0.51260882 -0.82183891
v -0.1045341 0.63516849 -0.88286072
v -0.1027552 0.51126188 -0.8591367
v -0.07551189 0.38868674 -0.84368687
v -0.07996834 0.51131582 -0.89758658
v -0.05638914 0.39795917 -0.88225644
v -0.01179801 0.30211797 -0.87654221
v -0.01594829 0.41108635 -0.92083025
v 0.02079995 0.31839776 -0.91614252
v 0.05499649 0.23186929 -0.90875226
v 0.02778417 0.22407686 -0.86802744
v 0.08201319 0.15470354 -0.89821511
v 0.0542194 0.15082813 -0.86534351
v 0.10032728 0.07979652 -0.89711248
v 0.07269045 0.07564342 -0.87650698
v 0.11316946 0.00885897 -0.89912861
v 0.09306646 0.00623332 -0.89062166
v 0.12381189 -0.05347362 -0.90048217
v 0.11159223 -0.05628685 -0.89613497
v 0.13102133 -0.05388948 -0.89127284
v 0.16153667 -0.10447783 -0.89090275
v 0.16637596 -0.14197681 -0.89960026
v 0.17491531 -0.13956005 -0.88558179
v 0.16204291 -0.10911528 -0.8696587
v 0.17717494 -0.14526194 -0.86926907
v 0.16504731 -0.11536343 -0.84738582
v 0.18535111 -0.15215577 -0.85561108
v 0.17677012 -0.11976172 -0.82836473
v 0.18594181 -0.1664503 -0.88204336
v 0.19242633 -0.17095996 -0.86994165
v 0.18022839 -0.16475619 -0.89506918
v 0.18008902 -0.18072009 -0.89705252
v 0.16809088 -0.16768418 -0.90242689
v 0.16992124 -0.18100945 -0.9041292
v 0.18060869 -0.17724351 -0.90080511
v 0.18645191 -0.186772 -0.89770484
v 0.19527119 -0.17042289 -0.8954547
v 0.19958683 -0.18041634 -0.89267861
v 0.21779406 -0.15982839 -0.88783538
v 0.22786171 -0.1664914 -0.88354659
v 0.26477432 -0.13327443 -0.87135636
v 0.2751891 -0.1421763 -0.85754835
v 0.2522192 -0.12450511 -0.87925797
v 0.28673648 -0.06950511 -0.86867398
v 0.30604517 -0.08066109 -0.8545016
v 0.26526403 -0.05881353 -0.88181966
v 0.3010244 0.01432335 -0.87155813
v 0.32812652 0.00469085 -0.85335445
v 0.24200007 -0.05027465 -0.89344704
v 0.26781475 0.02189357 -0.89052039
v 0.2857944 0.10332722 -0.89152443
v 0.33045905 0.10341885 -0.86193758
v 0.21325153 -0.04484586 -0.90219074
v 0.22750553 0.02134826 -0.90868312
v 0.23277524 0.09525638 -0.91647481
v 0.22255134 0.17435526 -0.9294694
v 0.28463453 0.18572738 -0.90181034
v 0.18190962 0.01752547 -0.91495841
v 0.18191638 0.08711022 -0.92674082
v 0.16900503 0.16534516 -0.94001597
v 0.1471562 0.25080141 -0.9543699
v 0.20320119 0.26070916 -0.94429367
v 0.13435421 0.0830505 -0.91651749
v 0.12036493 0.15857708 -0.92873066
v 0.09884292 0.24177749 -0.94029068
v 0.0687186 0.3317002 -0.9492681
v 0.12435209 0.34123671 -0.96789437
v 0.1039845 0.43372511 -0.98272228
v 0.17047932 0.44505885 -0.97542393
v 0.18537358 0.35111337 -0.95986443
v 0.03845527 0.42327708 -0.95938855
v 0.01655681 0.51921808 -0.9736734
v 0.08681666 0.53012299 -0.99791652
v -0.04171437 0.51368773 -0.93568587
v -0.04939104 0.628237 -0.96355956
v 0.00461768 0.62834185 -0.99593347
v -0.08504387 0.63183325 -0.9226399
v -0.0786119 0.75283783 -0.93886107
v -0.0474249 0.75251722 -0.98130875
v -0.09325405 0.75397694 -0.89597255
v -0.09080831 0.86878192 -0.8932439
v -0.07815744 0.87530696 -0.93752741
v -0.09955085 0.75429183 -0.85723012
v -0.09515206 0.86248767 -0.85216182
v -0.10013737 0.97084206 -0.8262006
v -0.09735433 0.98527562 -0.8684811
v -0.09332653 0.85622245 -0.81349599
v -0.09626761 0.95712816 -0.78659516
v -0.10549267 1.06024253 -0.73890042
v -0.10962366 1.08256375 -0.77722126
v -0.07078754 0.85120666 -0.78384196
v -0.07735795 0.94588512 -0.75469273
v -0.08747016 1.04163038 -0.70692724
v -0.07972516 1.14516484 -0.64283871
v -0.10394958 1.16921103 -0.66905069
v -0.04429131 0.93769669 -0.72907799
v -0.05218065 1.02843666 -0.68354624
v -0.04627981 1.12313067 -0.62311279
v -0.00694656 1.21575129 -0.55476015
v -0.03551489 1.24144899 -0.56750363
v -0.00965771 1.01781582 -0.66537839
v -0.00308249 1.10704207 -0.61185741
v 0.03036365 1.191738 -0.5492419
v 0.08737147 1.26577305 -0.48333418
v 0.05537369 1.29439175 -0.48400229
v 0.04741685 1.09185695 -0.60304361
v 0.07591714 1.16990578 -0.5476033
v 0.12293773 1.23819387 -0.48473796
v 0.18378767 1.29241323 -0.42337828
v 0.15154762 1.321913 -0.41515266
v 0.12993776 1.15326643 -0.55250328
v 0.16987964 1.21269071 -0.49236521
v 0.22191309 1.26466369 -0.43406474
v 0.27793029 1.30406236 -0.37297838
v 0.24634914 1.32579588 -0.35732409
v 0.21459135 1.19810581 -0.50738662
v 0.26501503 1.24653017 -0.45095422
v 0.30004683 1.24260258 -0.47237148
v 0.31516841 1.35730564 -0.29257825
v 0.29764488 1.38120257 -0.28237709
v 0.22120676 1.35672521 -0.34725838
v 0.29045578 1.41154587 -0.28268718
v 0.20601083 1.3901993 -0.33969423
v 0.1233517 1.3535074 -0.40740031
v 0.19755229 1.42540848 -0.34036859
v 0.10684564 1.38463676 -0.41078242
v 0.02958803 1.32081878 -0.48864847
v 0.09986013 1.41284763 -0.4228858
v 0.01886965 1.34895217 -0.50591224
v -0.05480023 1.26935195 -0.58773803
v 0.0218184 1.37220823 -0.52895396
v -0.052939 1.29481458 -0.61693036
v -0.10194316 1.19466471 -0.70323067
v -0.04085873 1.3183093 -0.64834421
v -0.09495752 1.22135937 -0.74036252
v -0.10735115 1.1047604 -0.81791794
v -0.07937543 1.24404537 -0.77507519
v -0.09554576 1.12479341 -0.85770416
v -0.08583186 0.99936294 -0.91056823
v -0.06403523 1.13741028 -0.88520324
v -0.05435671 1.00991189 -0.94151544
v -0.04684687 0.88148468 -0.97389912
v -0.01087864 1.01782488 -0.96249979
v -0.00025629 0.88710862 -0.99725771
v 0.00257004 0.75557774 -1.00808036
v 0.05694547 0.89350354 -1.01285791
v 0.06361418 0.76173007 -1.02267432
v 0.072223 0.6369788 -1.01546788
v 0.13521552 0.76975554 -1.01519954
v 0.14582385 0.65085011 -1.00765383
v 0.15763931 0.54376471 -0.99107939
v 0.21650926 0.66339367 -0.97570931
v 0.22746428 0.55676704 -0.96261107
v 0.23973013 0.45730531 -0.94804257
v 0.28073209 0.56671869 -0.92180818
v 0.29478293 0.46829924 -0.90651661
v 0.30994892 0.37522602 -0.89032208
v 0.25322848 0.36305165 -0.93311089
v 0.32614296 0.28586337 -0.87520462
v 0.26870974 0.27263853 -0.91727465
v 0.33924207 0.19945296 -0.86271131
v 0.36385676 0.29843801 -0.8225882
v 0.37458118 0.20465733 -0.81821709
v 0.36505425 0.09822393 -0.83454757
v 0.39820024 0.20367598 -0.7749623
v 0.39034402 0.09077811 -0.80453592
v 0.35351061 -0.00678906 -0.83553302
v 0.38717302 0.08655668 -0.77448898
v 0.35201817 -0.00950685 -0.81205362
v 0.31392616 -0.08709985 -0.83558857
v 0.32938429 -0.00405811 -0.78935533
v 0.29807797 -0.08061724 -0.81550461
v 0.26942193 -0.14189212 -0.83754926
v 0.27800056 -0.07458858 -0.79672247
v 0.25417879 -0.13526241 -0.82307714
v 0.22871881 -0.17669662 -0.85108619
v 0.25301438 -0.07041011 -0.78439217
v 0.27084112 0.00281141 -0.74915963
v 0.22798755 -0.06849888 -0.77889293
v 0.30285015 0.00023015 -0.76664465
v 0.32231843 0.0850112 -0.72702676
v 0.35842663 0.08657608 -0.75195735
v 0.3721185 0.18847458 -0.69996559
v 0.40568122 0.19871544 -0.73276341
v 0.38388198 0.30513757 -0.7184183
v 0.38263079 0.30580422 -0.76922071
v 0.36566826 0.39577937 -0.78458344
v 0.34712669 0.38680177 -0.83958721
v 0.33032777 0.4776636 -0.85812628
v 0.1427585 0.01320593 -0.90873426
v 0.17767192 -0.04464347 -0.90592324
v 0.14729289 -0.04853684 -0.90385109
v 0.17250524 -0.09705293 -0.90242862
v 0.15179026 -0.10111179 -0.907175
v 0.1731663 -0.13893714 -0.90155345
v 0.15832789 -0.14334645 -0.90847414
v 0.17645306 -0.16056776 -0.90180254
v 0.16388091 -0.16812622 -0.90836364
f 1 19 20 21
f 1 21 22 23
f 23 24 19 1
f 26 27 2 25
f 2 27 28 29
f 2 29 30 25
f 3 31 30 32
f 3 33 34 31
f 3 32 35 33
f 4 36 37 38
f 4 39 40 36
f 4 41 42 39
f 4 43 44 41
f 4 38 45 43
f 5 46 47 48
f 5 48 49 50
f 5 50 51 46
f 6 52 53 54
f 6 55 56 52
f 6 54 57 55
f 7 16 58 59
f 7 59 60 61
f 7 61 62 16
f 8 18 63 64
f 8 64 65 66
f 8 66 67 68
f 9 72 73 71
f 9 74 75 72
f 10 76 75 77
f 10 78 79 76
f 10 77 80 78
f 11 81 82 83
f 11 83 84 85
f 11 85 86 87
f 11 88 89 81
f 11 87 90 88
f 12 91 92 93
f 12 93 94 95
f 12 95 96 91
f 13 88 90 97
f 13 97 98 99
f 13 99 89 88
f 14 41 44 100
f 14 101 42 41
f 14 100 47 101
f 15 102 103 104
f 15 105 106 102
f 15 104 107 108
f 15 109 110 105
f 15 108 111 109
f 16 62 112 113
f 17 114 115 116
f 17 116 67 66
f 17 66 65 114
f 18 8 117 118
f 118 117 119 120
f 118 120 121 122
f 118 122 63 18
f 122 121 123 124
f 122 124 125 63
f 125 126 64 63
f 125 124 127 128
f 125 128 129 126
f 129 130 131 126
f 129 128 132 133
f 129 133 134 130
f 134 133 135 136
f 134 136 137 138
f 134 138 139 130
f 139 138 140 141
f 139 141 142 143
f 139 143 131 130
f 143 142 115 114
f 143 114 65 131
f 142 141 144 145
f 142 145 146 115
f 146 145 147 148
f 146 148 149 150
f 146 150 116 115
f 150 149 151 152
f 150 152 67 116
f 152 151 153 154
f 152 154 68 67
f 154 153 155 156
f 154 156 157 68
f 157 117 8 68
f 157 156 158 159
f 157 159 119 117
f 159 158 160 161
f 159 161 96 119
f 161 160 162 163
f 161 163 91 96
f 163 162 164 165
f 163 165 92 91
f 165 164 166 167
f 165 167 168 92
f 168 169 93 92
f 168 167 170 171
f 168 171 172 169
f 172 173 174 169
f 172 171 175 176
f 172 176 177 173
f 177 178 179 173
f 177 176 180 181
f 177 181 182 178
f 182 183 184 178
f 182 181 185 186
f 182 186 187 183
f 187 79 188 183
f 187 186 189 190
f 187 190 76 79
f 190 189 73 72
f 190 72 75 76
f 189 186 185 191
f 189 191 192 73
f 192 191 193 194
f 192 194 195 196
f 192 196 71 73
f 196 195 197 198
f 196 198 69 71
f 198 197 199 200
f 198 200 70 69
f 200 199 201 202
f 200 202 203 70
f 203 74 9 70
f 203 202 204 205
f 203 205 206 74
f 206 77 75 74
f 206 205 207 208
f 206 208 80 77
f 208 207 209 137
f 208 137 136 80
f 209 207 210 211
f 209 211 212 140
f 209 140 138 137
f 212 211 213 214
f 212 214 215 144
f 212 144 141 140
f 215 214 216 217
f 215 217 218 147
f 215 147 145 144
f 218 217 219 220
f 218 220 108 107
f 218 107 148 147
f 220 219 221 222
f 220 222 111 108
f 222 221 57 54
f 222 54 53 111
f 221 219 223 224
f 221 224 225 57
f 225 224 226 227
f 225 227 228 229
f 225 229 55 57
f 229 228 230 231
f 229 231 56 55
f 231 230 232 233
f 231 233 234 56
f 234 233 235 236
f 234 236 237 238
f 234 238 52 56
f 238 237 239 240
f 238 240 53 52
f 240 239 110 109
f 240 109 111 53
f 239 237 241 242
f 239 242 243 110
f 243 242 244 245
f 243 245 246 247
f 243 247 105 110
f 247 246 248 249
f 247 249 106 105
f 249 248 250 251
f 249 251 252 106
f 252 253 102 106
f 252 251 254 255
f 252 255 256 253
f 256 257 258 253
f 256 255 259 260
f 256 260 261 257
f 261 262 155 257
f 261 260 263 264
f 261 264 265 262
f 265 160 158 262
f 265 264 266 267
f 265 267 162 160
f 267 266 268 269
f 267 269 164 162
f 269 268 270 271
f 269 271 166 164
f 271 270 272 273
f 271 273 274 166
f 274 170 167 166
f 274 273 275 276
f 274 276 277 170
f 277 175 171 170
f 277 276 278 279
f 277 279 280 175
f 280 180 176 175
f 280 279 281 282
f 280 282 283 180
f 283 185 181 180
f 283 282 284 193
f 283 193 191 185
f 284 282 281 285
f 284 285 286 287
f 284 287 194 193
f 287 286 288 289
f 287 289 195 194
f 289 288 290 291
f 289 291 197 195
f 291 290 292 293
f 291 293 199 197
f 293 292 294 295
f 293 295 201 199
f 295 294 296 297
f 295 297 298 201
f 298 204 202 201
f 298 297 299 300
f 298 300 210 204
f 300 299 301 213
f 300 213 211 210
f 301 299 302 303
f 301 303 223 216
f 301 216 214 213
f 303 302 304 226
f 303 226 224 223
f 304 302 296 305
f 304 305 306 307
f 304 307 227 226
f 307 306 308 309
f 307 309 228 227
f 309 308 310 311
f 309 311 230 228
f 311 310 312 313
f 311 313 232 230
f 313 312 314 315
f 313 315 316 232
f 316 315 317 318
f 316 318 319 235
f 316 235 233 232
f 319 318 320 321
f 319 321 322 323
f 319 323 236 235
f 323 322 324 241
f 323 241 237 236
f 324 322 325 326
f 324 326 327 244
f 324 244 242 241
f 327 326 328 329
f 327 329 330 331
f 327 331 245 244
f 331 330 332 333
f 331 333 246 245
f 333 332 334 335
f 333 335 248 246
f 335 334 336 337
f 335 337 250 248
f 337 336 338 339
f 337 339 340 250
f 340 254 251 250
f 340 339 341 342
f 340 342 343 254
f 343 259 255 254
f 343 342 344 345
f 343 345 346 259
f 346 263 260 259
f 346 345 347 348
f 346 348 349 263
f 349 266 264 263
f 349 348 350 351
f 349 351 268 266
f 351 350 352 353
f 351 353 270 268
f 353 352 354 355
f 353 355 272 270
f 355 354 356 357
f 355 357 358 272
f 358 275 273 272
f 358 357 359 360
f 358 360 361 275
f 361 278 276 275
f 361 360 362 363
f 361 363 364 278
f 364 281 279 278
f 364 363 365 366
f 364 366 285 281
f 366 365 112 367
f 366 367 286 285
f 367 112 62 368
f 367 368 288 286
f 368 62 61 369
f 368 369 290 288
f 369 61 60 370
f 369 370 292 290
f 370 60 371 372
f 370 372 294 292
f 372 371 306 305
f 372 305 296 294
f 371 60 59 373
f 371 373 308 306
f 373 59 58 374
f 373 374 310 308
f 374 58 375 376
f 374 376 312 310
f 376 375 377 378
f 376 378 314 312
f 378 377 379 380
f 378 380 381 314
f 381 380 382 383
f 381 383 384 317
f 381 317 315 314
f 384 383 385 386
f 384 386 387 320
f 384 320 318 317
f 387 386 388 389
f 387 389 390 391
f 387 391 321 320
f 391 390 392 325
f 391 325 322 321
f 392 390 393 394
f 392 394 395 328
f 392 328 326 325
f 395 394 396 397
f 395 397 398 399
f 395 399 329 328
f 399 398 400 401
f 399 401 330 329
f 401 400 402 403
f 401 403 332 330
f 403 402 404 405
f 403 405 334 332
f 405 404 406 407
f 405 407 336 334
f 407 406 408 409
f 407 409 338 336
f 409 408 410 411
f 409 411 412 338
f 412 341 339 338
f 412 411 413 414
f 412 414 415 341
f 415 344 342 341
f 415 414 416 417
f 415 417 418 344
f 418 347 345 344
f 418 417 419 420
f 418 420 421 347
f 421 350 348 347
f 421 420 422 423
f 421 423 352 350
f 423 422 424 425
f 423 425 354 352
f 425 424 426 427
f 425 427 356 354
f 427 426 428 429
f 427 429 430 356
f 430 359 357 356
f 430 429 431 432
f 430 432 433 359
f 433 362 360 359
f 433 432 434 435
f 433 435 436 362
f 436 365 363 362
f 436 435 437 113
f 436 113 112 365
f 437 435 434 438
f 437 438 439 440
f 437 440 16 113
f 440 439 377 375
f 440 375 58 16
f 439 438 441 442
f 439 442 379 377
f 442 441 443 444
f 442 444 445 379
f 445 444 446 447
f 445 447 448 382
f 445 382 380 379
f 448 447 449 450
f 448 450 451 385
f 448 385 383 382
f 451 450 452 453
f 451 453 454 388
f 451 388 386 385
f 454 453 455 456
f 454 456 457 458
f 454 458 389 388
f 458 457 459 393
f 458 393 390 389
f 459 457 460 461
f 459 461 462 396
f 459 396 394 393
f 462 461 463 464
f 462 464 465 466
f 462 466 397 396
f 466 465 467 468
f 466 468 398 397
f 468 467 469 470
f 468 470 400 398
f 470 469 471 472
f 470 472 402 400
f 472 471 473 474
f 472 474 404 402
f 474 473 475 476
f 474 476 406 404
f 476 475 477 478
f 476 478 408 406
f 478 477 479 480
f 478 480 410 408
f 480 479 481 482
f 480 482 483 410
f 483 413 411 410
f 483 482 484 485
f 483 485 486 413
f 486 416 414 413
f 486 485 487 488
f 486 488 489 416
f 489 419 417 416
f 489 488 490 491
f 489 491 492 419
f 492 422 420 419
f 492 491 493 494
f 492 494 424 422
f 494 493 495 496
f 494 496 426 424
f 496 495 497 498
f 496 498 428 426
f 498 497 499 500
f 498 500 501 428
f 501 431 429 428
f 501 500 502 503
f 501 503 504 431
f 504 434 432 431
f 504 503 443 441
f 504 441 438 434
f 503 502 505 443
f 505 502 506 507
f 505 507 508 446
f 505 446 444 443
f 508 507 509 510
f 508 510 511 449
f 508 449 447 446
f 511 510 512 513
f 511 513 514 452
f 511 452 450 449
f 514 513 515 516
f 514 516 517 455
f 514 455 453 452
f 517 516 518 519
f 517 519 520 521
f 517 521 456 455
f 521 520 522 460
f 521 460 457 456
f 522 520 523 524
f 522 524 525 463
f 522 463 461 460
f 525 524 28 27
f 525 27 26 526
f 525 526 464 463
f 526 26 527 528
f 526 528 465 464
f 528 527 529 530
f 528 530 467 465
f 530 529 531 532
f 530 532 469 467
f 532 531 533 534
f 532 534 471 469
f 534 533 535 536
f 534 536 473 471
f 536 535 24 537
f 536 537 475 473
f 537 24 23 538
f 537 538 477 475
f 538 23 22 539
f 538 539 479 477
f 539 22 540 541
f 539 541 481 479
f 541 540 89 99
f 541 99 98 481
f 540 22 21 542
f 540 542 81 89
f 542 21 20 543
f 542 543 82 81
f 543 20 544 40
f 543 40 39 82
f 544 545 546 547
f 544 547 36 40
f 544 20 19 545
f 547 546 548 549
f 547 549 37 36
f 549 548 550 34
f 549 34 33 37
f 550 529 527 551
f 550 551 31 34
f 550 548 531 529
f 551 527 26 25
f 551 25 30 31
f 548 546 533 531
f 546 545 535 533
f 545 19 24 535
f 524 523 552 28
f 552 523 553 554
f 552 554 555 556
f 552 556 29 28
f 556 555 35 32
f 556 32 30 29
f 555 554 557 45
f 555 45 38 35
f 557 558 559 560
f 557 560 43 45
f 557 554 553 558
f 560 559 561 562
f 560 562 44 43
f 562 561 563 564
f 562 564 100 44
f 564 563 49 48
f 564 48 47 100
f 563 565 566 49
f 563 561 567 565
f 567 568 569 565
f 567 561 559 570
f 567 570 515 568
f 570 559 558 518
f 570 518 516 515
f 569 571 572 573
f 569 573 566 565
f 569 568 512 571
f 573 572 574 575
f 573 575 576 566
f 576 575 577 578
f 576 578 51 50
f 576 50 49 566
f 578 577 579 86
f 578 86 85 51
f 579 580 581 582
f 579 582 87 86
f 579 577 583 580
f 583 584 585 580
f 583 577 575 574
f 583 574 586 584
f 586 499 497 584
f 586 574 572 587
f 586 587 506 499
f 587 572 571 509
f 587 509 507 506
f 585 495 493 588
f 585 588 581 580
f 585 584 497 495
f 588 493 491 490
f 588 490 589 581
f 589 490 488 487
f 589 487 590 591
f 589 591 582 581
f 591 590 97 90
f 591 90 87 582
f 590 487 485 484
f 590 484 98 97
f 571 512 510 509
f 568 515 513 512
f 558 553 519 518
f 553 523 520 519
f 506 502 500 499
f 484 482 481 98
f 302 299 297 296
f 262 158 156 155
f 258 153 151 103
f 258 103 102 253
f 258 257 155 153
f 223 219 217 216
f 210 207 205 204
f 188 135 133 132
f 188 132 184 183
f 188 79 78 135
f 184 132 128 127
f 184 127 179 178
f 179 127 124 123
f 179 123 174 173
f 174 123 121 94
f 174 94 93 169
f 151 149 104 103
f 149 148 107 104
f 136 135 78 80
f 131 65 64 126
f 121 120 95 94
f 120 119 96 95
f 101 47 46 84
f 101 84 83 42
f 85 84 46 51
f 83 82 39 42
f 38 37 33 35
f 9 71 69 70
f 592 600 601 602
f 592 603 604 600
f 592 602 605 603
f 593 606 607 608
f 593 608 609 610
f 593 610 611 606
f 594 612 613 614
f 594 595 615 612
f 594 614 616 595
f 595 616 617 615
f 596 618 619 620
f 596 621 622 618
f 596 620 623 621
f 597 624 625 626
f 597 627 628 624
f 597 626 629 627
f 598 630 631 632
f 598 632 633 634
f 598 634 635 630
f 599 636 637 638
f 599 639 640 636
f 599 638 641 639
f 641 638 642 643
f 641 643 609 644
f 641 644 645 639
f 645 646 640 639
f 645 644 647 648
f 645 648 649 646
f 649 650 651 646
f 649 648 652 653
f 649 653 654 650
f 654 655 656 650
f 654 653 657 658
f 654 658 659 655
f 659 660 661 655
f 659 658 662 663
f 659 663 664 660
f 664 665 666 660
f 664 663 667 668
f 664 668 669 665
f 669 670 671 665
f 669 668 672 673
f 669 673 674 670
f 674 675 676 670
f 674 673 677 678
f 674 678 679 675
f 679 680 681 675
f 679 678 682 683
f 679 683 684 680
f 684 685 686 680
f 684 683 687 688
f 684 688 689 685
f 689 690 691 685
f 689 688 692 693
f 689 693 694 690
f 694 695 696 690
f 694 693 697 698
f 694 698 699 695
f 699 700 701 695
f 699 698 702 703
f 699 703 704 700
f 704 705 706 700
f 704 703 707 708
f 704 708 709 705
f 709 710 711 705
f 709 708 712 713
f 709 713 714 710
f 714 715 716 710
f 714 713 717 718
f 714 718 719 715
f 719 720 721 715
f 719 718 722 723
f 719 723 724 720
f 724 725 726 720
f 724 723 727 728
f 724 728 729 725
f 729 730 731 725
f 729 728 732 733
f 729 733 734 730
f 734 735 736 730
f 734 733 737 738
f 734 738 739 735
f 739 740 741 735
f 739 738 742 743
f 739 743 744 740
f 744 745 746 740
f 744 743 747 748
f 744 748 749 745
f 749 750 613 745
f 749 748 751 752
f 749 752 753 750
f 753 754 755 750
f 753 752 756 757
f 753 757 758 754
f 758 757 759 760
f 758 760 761 762
f 758 762 763 754
f 763 762 764 765
f 763 765 766 767
f 763 767 755 754
f 767 766 617 616
f 767 616 614 755
f 766 765 768 769
f 766 769 770 617
f 770 769 771 772
f 770 772 741 773
f 770 773 615 617
f 773 741 740 746
f 773 746 612 615
f 772 771 774 736
f 772 736 735 741
f 774 771 775 776
f 774 776 777 731
f 774 731 730 736
f 777 776 778 779
f 777 779 780 726
f 777 726 725 731
f 780 779 781 782
f 780 782 783 721
f 780 721 720 726
f 783 782 784 785
f 783 785 786 716
f 783 716 715 721
f 786 785 787 788
f 786 788 789 711
f 786 711 710 716
f 789 788 790 791
f 789 791 792 706
f 789 706 705 711
f 792 791 793 794
f 792 794 795 701
f 792 701 700 706
f 795 794 796 797
f 795 797 798 696
f 795 696 695 701
f 798 797 799 800
f 798 800 801 691
f 798 691 690 696
f 801 800 802 803
f 801 803 804 686
f 801 686 685 691
f 804 803 805 806
f 804 806 807 681
f 804 681 680 686
f 807 806 808 809
f 807 809 810 676
f 807 676 675 681
f 810 809 811 812
f 810 812 813 671
f 810 671 670 676
f 813 812 814 815
f 813 815 816 666
f 813 666 665 671
f 816 815 817 818
f 816 818 819 661
f 816 661 660 666
f 819 818 820 821
f 819 821 822 656
f 819 656 655 661
f 822 821 823 824
f 822 824 825 651
f 822 651 650 656
f 825 824 826 827
f 825 827 636 640
f 825 640 646 651
f 827 826 828 829
f 827 829 637 636
f 829 828 830 831
f 829 831 832 637
f 832 831 833 834
f 832 834 835 642
f 832 642 638 637
f 835 834 836 837
f 835 837 838 839
f 835 839 643 642
f 839 838 611 610
f 839 610 609 643
f 838 837 840 631
f 838 631 630 611
f 840 841 842 843
f 840 843 632 631
f 840 837 836 841
f 843 842 844 845
f 843 845 633 632
f 845 844 846 847
f 845 847 848 633
f 848 604 849 850
f 848 850 634 633
f 848 847 600 604
f 850 849 851 852
f 850 852 635 634
f 852 851 853 607
f 852 607 606 635
f 853 652 648 647
f 853 647 608 607
f 853 851 854 652
f 854 657 653 652
f 854 851 849 855
f 854 855 856 657
f 856 662 658 657
f 856 855 603 605
f 856 605 857 662
f 857 667 663 662
f 857 605 602 858
f 857 858 859 667
f 859 672 668 667
f 859 858 860 861
f 859 861 862 672
f 862 677 673 672
f 862 861 863 864
f 862 864 865 677
f 865 682 678 677
f 865 864 866 867
f 865 867 868 682
f 868 687 683 682
f 868 867 869 870
f 868 870 871 687
f 871 692 688 687
f 871 870 872 873
f 871 873 874 692
f 874 697 693 692
f 874 873 875 876
f 874 876 877 697
f 877 702 698 697
f 877 876 878 879
f 877 879 880 702
f 880 707 703 702
f 880 879 881 882
f 880 882 883 707
f 883 712 708 707
f 883 882 884 885
f 883 885 886 712
f 886 717 713 712
f 886 885 887 888
f 886 888 889 717
f 889 722 718 717
f 889 888 890 891
f 889 891 892 722
f 892 727 723 722
f 892 891 893 894
f 892 894 895 727
f 895 732 728 727
f 895 894 896 897
f 895 897 898 732
f 898 737 733 732
f 898 897 899 900
f 898 900 901 737
f 901 742 738 737
f 901 900 902 903
f 901 903 904 742
f 904 747 743 742
f 904 903 905 906
f 904 906 907 747
f 907 751 748 747
f 907 906 908 909
f 907 909 910 751
f 910 756 752 751
f 910 909 911 912
f 910 912 913 756
f 913 759 757 756
f 913 912 914 628
f 913 628 627 759
f 914 912 911 915
f 914 915 916 917
f 914 917 624 628
f 917 916 918 919
f 917 919 625 624
f 919 918 920 921
f 919 921 623 625
f 921 920 922 923
f 921 923 621 623
f 923 922 924 925
f 923 925 622 621
f 925 924 926 927
f 925 927 928 622
f 928 929 618 622
f 928 927 930 931
f 928 931 764 929
f 931 930 775 768
f 931 768 765 764
f 930 927 926 778
f 930 778 776 775
f 929 761 619 618
f 929 764 762 761
f 926 924 932 781
f 926 781 779 778
f 932 924 922 933
f 932 933 934 784
f 932 784 782 781
f 934 933 935 936
f 934 936 937 787
f 934 787 785 784
f 937 936 938 939
f 937 939 940 790
f 937 790 788 787
f 940 939 941 942
f 940 942 943 793
f 940 793 791 790
f 943 942 944 945
f 943 945 946 796
f 943 796 794 793
f 946 945 947 948
f 946 948 949 799
f 946 799 797 796
f 949 948 950 951
f 949 951 952 802
f 949 802 800 799
f 952 951 953 954
f 952 954 955 805
f 952 805 803 802
f 955 954 956 957
f 955 957 958 808
f 955 808 806 805
f 958 957 959 960
f 958 960 961 811
f 958 811 809 808
f 961 960 962 963
f 961 963 964 814
f 961 814 812 811
f 964 963 965 966
f 964 966 967 817
f 964 817 815 814
f 967 966 968 969
f 967 969 970 820
f 967 820 818 817
f 970 969 971 972
f 970 972 973 823
f 970 823 821 820
f 973 972 974 975
f 973 975 828 826
f 973 826 824 823
f 975 974 976 977
f 975 977 830 828
f 977 976 978 979
f 977 979 980 830
f 980 979 981 982
f 980 982 983 833
f 980 833 831 830
f 983 982 984 985
f 983 985 841 836
f 983 836 834 833
f 985 984 986 987
f 985 987 842 841
f 987 986 988 989
f 987 989 844 842
f 989 988 863 990
f 989 990 846 844
f 990 863 861 860
f 990 860 601 846
f 988 866 864 863
f 988 986 991 866
f 991 869 867 866
f 991 986 984 992
f 991 992 993 869
f 993 872 870 869
f 993 992 981 994
f 993 994 995 872
f 995 875 873 872
f 995 994 978 996
f 995 996 997 875
f 997 878 876 875
f 997 996 998 999
f 997 999 1000 878
f 1000 881 879 878
f 1000 999 1001 1002
f 1000 1002 1003 881
f 1003 884 882 881
f 1003 1002 1004 1005
f 1003 1005 1006 884
f 1006 887 885 884
f 1006 1005 1007 1008
f 1006 1008 1009 887
f 1009 890 888 887
f 1009 1008 1010 1011
f 1009 1011 1012 890
f 1012 893 891 890
f 1012 1011 1013 1014
f 1012 1014 1015 893
f 1015 896 894 893
f 1015 1014 1016 1017
f 1015 1017 1018 896
f 1018 899 897 896
f 1018 1017 1019 1020
f 1018 1020 1021 899
f 1021 902 900 899
f 1021 1020 1022 1023
f 1021 1023 1024 902
f 1024 905 903 902
f 1024 1023 1025 1026
f 1024 1026 1027 905
f 1027 908 906 905
f 1027 1026 1028 1029
f 1027 1029 1030 908
f 1030 911 909 908
f 1030 1029 1031 1032
f 1030 1032 915 911
f 1032 1031 1033 1034
f 1032 1034 916 915
f 1034 1033 938 1035
f 1034 1035 918 916
f 1035 938 936 935
f 1035 935 920 918
f 1033 1031 1036 941
f 1033 941 939 938
f 1036 1031 1029 1028
f 1036 1028 1037 944
f 1036 944 942 941
f 1037 1028 1026 1025
f 1037 1025 1038 947
f 1037 947 945 944
f 1038 1025 1023 1022
f 1038 1022 1039 950
f 1038 950 948 947
f 1039 1022 1020 1019
f 1039 1019 1040 953
f 1039 953 951 950
f 1040 1019 1017 1016
f 1040 1016 1041 956
f 1040 956 954 953
f 1041 1016 1014 1013
f 1041 1013 1042 959
f 1041 959 957 956
f 1042 1013 1011 1010
f 1042 1010 1043 962
f 1042 962 960 959
f 1043 1010 1008 1007
f 1043 1007 1044 965
f 1043 965 963 962
f 1044 1007 1005 1004
f 1044 1004 1045 968
f 1044 968 966 965
f 1045 1004 1002 1001
f 1045 1001 1046 971
f 1045 971 969 968
f 1046 1001 999 998
f 1046 998 976 974
f 1046 974 972 971
f 998 996 978 976
f 994 981 979 978
f 992 984 982 981
f 935 933 922 920
f 860 858 602 601
f 855 849 604 603
f 847 846 601 600
f 775 771 769 768
f 761 760 629 619
f 760 759 627 629
f 755 614 613 750
f 746 745 613 612
f 647 644 609 608
f 635 606 611 630
f 629 626 620 619
f 626 625 623 620
f 1047 1057 1058 1059
f 1047 1060 1061 1057
f 1047 1059 1062 1060
f 1048 1067 1056 1068
f 1048 1068 1069 1070
f 1049 1071 1072 1073
f 1049 1074 1075 1071
f 1049 1073 1076 1074
f 1050 1077 1078 1079
f 1050 1080 1081 1077
f 1050 1079 1082 1080
f 1051 1083 1084 1085
f 1051 1086 1087 1083
f 1051 1085 1088 1086
f 1052 1089 1090 1058
f 1052 1091 1092 1089
f 1052 1058 1057 1091
f 1053 1093 1094 1095
f 1053 1096 1097 1093
f 1053 1098 1099 1096
f 1053 1100 1101 1098
f 1053 1095 1102 1100
f 1054 1099 1098 1103
f 1054 1104 1105 1099
f 1054 1103 1106 1104
f 1055 1107 1108 1109
f 1055 1109 1110 1111
f 1055 1111 1112 1107
f 1056 1113 1114 1115
f 1056 1067 1116 1113
f 1056 1115 1117 1118
f 1056 1118 1119 1068
f 1119 1120 1069 1068
f 1119 1118 1121 1122
f 1119 1122 1123 1120
f 1123 1124 1125 1120
f 1123 1122 1126 1127
f 1123 1127 1128 1124
f 1128 1129 1130 1124
f 1128 1127 1131 1132
f 1128 1132 1133 1129
f 1133 1134 1135 1129
f 1133 1132 1136 1137
f 1133 1137 1138 1134
f 1138 1139 1140 1134
f 1138 1137 1141 1142
f 1138 1142 1143 1139
f 1143 1144 1145 1139
f 1143 1142 1146 1147
f 1143 1147 1148 1144
f 1148 1149 1150 1144
f 1148 1147 1151 1152
f 1148 1152 1153 1149
f 1153 1154 1155 1149
f 1153 1152 1156 1157
f 1153 1157 1158 1154
f 1158 1159 1160 1154
f 1158 1157 1161 1162
f 1158 1162 1163 1159
f 1163 1164 1165 1159
f 1163 1162 1166 1167
f 1163 1167 1168 1164
f 1168 1169 1170 1164
f 1168 1167 1171 1172
f 1168 1172 1173 1169
f 1173 1174 1175 1169
f 1173 1172 1176 1177
f 1173 1177 1178 1174
f 1178 1179 1180 1174
f 1178 1177 1181 1182
f 1178 1182 1183 1179
f 1183 1184 1185 1179
f 1183 1182 1186 1187
f 1183 1187 1188 1184
f 1188 1189 1190 1184
f 1188 1187 1191 1192
f 1188 1192 1193 1189
f 1193 1104 1106 1189
f 1193 1192 1194 1195
f 1193 1195 1105 1104
f 1195 1194 1196 1197
f 1195 1197 1198 1105
f 1198 1096 1099 1105
f 1198 1197 1199 1200
f 1198 1200 1097 1096
f 1200 1199 1201 1202
f 1200 1202 1203 1097
f 1203 1204 1093 1097
f 1203 1202 1205 1061
f 1203 1061 1060 1204
f 1205 1202 1201 1206
f 1205 1206 1092 1091
f 1205 1091 1057 1061
f 1206 1201 1207 1208
f 1206 1208 1209 1092
f 1209 1208 1210 1211
f 1209 1211 1212 1213
f 1209 1213 1089 1092
f 1213 1212 1214 1215
f 1213 1215 1090 1089
f 1215 1214 1216 1217
f 1215 1217 1218 1090
f 1218 1059 1058 1090
f 1218 1217 1219 1220
f 1218 1220 1062 1059
f 1220 1219 1221 1222
f 1220 1222 1223 1062
f 1223 1204 1060 1062
f 1223 1222 1224 1094
f 1223 1094 1093 1204
f 1224 1222 1221 1225
f 1224 1225 1226 1227
f 1224 1227 1095 1094
f 1227 1226 1228 1229
f 1227 1229 1102 1095
f 1229 1228 1230 1231
f 1229 1231 1232 1102
f 1232 1233 1100 1102
f 1232 1231 1234 1235
f 1232 1235 1064 1233
f 1235 1234 1236 1237
f 1235 1237 1065 1064
f 1237 1236 1238 1239
f 1237 1239 1066 1065
f 1239 1238 1240 1241
f 1239 1241 1242 1066
f 1242 1243 1063 1066
f 1242 1241 1244 1245
f 1242 1245 1101 1243
f 1245 1244 1106 1103
f 1245 1103 1098 1101
f 1244 1241 1240 1190
f 1244 1190 1189 1106
f 1243 1233 1064 1063
f 1243 1101 1100 1233
f 1240 1238 1246 1185
f 1240 1185 1184 1190
f 1246 1238 1236 1247
f 1246 1247 1248 1180
f 1246 1180 1179 1185
f 1248 1247 1249 1250
f 1248 1250 1251 1175
f 1248 1175 1174 1180
f 1251 1250 1252 1253
f 1251 1253 1254 1170
f 1251 1170 1169 1175
f 1254 1253 1255 1256
f 1254 1256 1257 1165
f 1254 1165 1164 1170
f 1257 1256 1258 1259
f 1257 1259 1260 1160
f 1257 1160 1159 1165
f 1260 1259 1261 1262
f 1260 1262 1263 1155
f 1260 1155 1154 1160
f 1263 1262 1264 1265
f 1263 1265 1266 1150
f 1263 1150 1149 1155
f 1266 1265 1267 1268
f 1266 1268 1269 1145
f 1266 1145 1144 1150
f 1269 1268 1270 1271
f 1269 1271 1272 1140
f 1269 1140 1139 1145
f 1272 1271 1273 1274
f 1272 1274 1275 1135
f 1272 1135 1134 1140
f 1275 1274 1276 1277
f 1275 1277 1278 1130
f 1275 1130 1129 1135
f 1278 1277 1279 1280
f 1278 1280 1281 1125
f 1278 1125 1124 1130
f 1281 1280 1282 1283
f 1281 1283 1070 1069
f 1281 1069 1120 1125
f 1283 1282 1284 1285
f 1283 1285 1286 1070
f 1286 1285 1287 1288
f 1286 1288 1116 1067
f 1286 1067 1048 1070
f 1288 1287 1289 1290
f 1288 1290 1291 1116
f 1291 1290 1292 1293
f 1291 1293 1294 1295
f 1291 1295 1113 1116
f 1295 1294 1296 1297
f 1295 1297 1114 1113
f 1297 1296 1298 1299
f 1297 1299 1300 1114
f 1300 1299 1301 1302
f 1300 1302 1303 1304
f 1300 1304 1115 1114
f 1304 1303 1305 1306
f 1304 1306 1117 1115
f 1306 1305 1307 1308
f 1306 1308 1309 1117
f 1309 1121 1118 1117
f 1309 1308 1310 1311
f 1309 1311 1312 1121
f 1312 1126 1122 1121
f 1312 1311 1313 1314
f 1312 1314 1315 1126
f 1315 1131 1127 1126
f 1315 1314 1316 1317
f 1315 1317 1318 1131
f 1318 1136 1132 1131
f 1318 1317 1319 1320
f 1318 1320 1321 1136
f 1321 1141 1137 1136
f 1321 1320 1322 1323
f 1321 1323 1324 1141
f 1324 1146 1142 1141
f 1324 1323 1325 1326
f 1324 1326 1327 1146
f 1327 1151 1147 1146
f 1327 1326 1328 1329
f 1327 1329 1330 1151
f 1330 1156 1152 1151
f 1330 1329 1331 1332
f 1330 1332 1333 1156
f 1333 1161 1157 1156
f 1333 1332 1334 1335
f 1333 1335 1336 1161
f 1336 1166 1162 1161
f 1336 1335 1337 1338
f 1336 1338 1339 1166
f 1339 1171 1167 1166
f 1339 1338 1340 1341
f 1339 1341 1342 1171
f 1342 1176 1172 1171
f 1342 1341 1343 1344
f 1342 1344 1345 1176
f 1345 1181 1177 1176
f 1345 1344 1346 1347
f 1345 1347 1348 1181
f 1348 1186 1182 1181
f 1348 1347 1349 1350
f 1348 1350 1351 1186
f 1351 1191 1187 1186
f 1351 1350 1352 1353
f 1351 1353 1354 1191
f 1354 1194 1192 1191
f 1354 1353 1355 1356
f 1354 1356 1196 1194
f 1356 1355 1357 1358
f 1356 1358 1359 1196
f 1359 1199 1197 1196
f 1359 1358 1360 1207
f 1359 1207 1201 1199
f 1360 1358 1357 1361
f 1360 1361 1362 1210
f 1360 1210 1208 1207
f 1362 1361 1363 1364
f 1362 1364 1365 1366
f 1362 1366 1211 1210
f 1366 1365 1367 1368
f 1366 1368 1212 1211
f 1368 1367 1369 1370
f 1368 1370 1214 1212
f 1370 1369 1371 1372
f 1370 1372 1216 1214
f 1372 1371 1373 1374
f 1372 1374 1375 1216
f 1375 1219 1217 1216
f 1375 1374 1376 1377
f 1375 1377 1221 1219
f 1377 1376 1378 1379
f 1377 1379 1225 1221
f 1379 1378 1380 1381
f 1379 1381 1226 1225
f 1381 1380 1255 1382
f 1381 1382 1228 1226
f 1382 1255 1253 1252
f 1382 1252 1230 1228
f 1380 1378 1383 1258
f 1380 1258 1256 1255
f 1383 1378 1376 1384
f 1383 1384 1385 1261
f 1383 1261 1259 1258
f 1385 1384 1373 1386
f 1385 1386 1387 1264
f 1385 1264 1262 1261
f 1387 1386 1388 1389
f 1387 1389 1390 1267
f 1387 1267 1265 1264
f 1390 1389 1391 1392
f 1390 1392 1393 1270
f 1390 1270 1268 1267
f 1393 1392 1394 1395
f 1393 1395 1396 1273
f 1393 1273 1271 1270
f 1396 1395 1397 1398
f 1396 1398 1399 1276
f 1396 1276 1274 1273
f 1399 1398 1400 1401
f 1399 1401 1402 1279
f 1399 1279 1277 1276
f 1402 1401 1403 1404
f 1402 1404 1284 1282
f 1402 1282 1280 1279
f 1404 1403 1405 1406
f 1404 1406 1407 1284
f 1407 1406 1408 1409
f 1407 1409 1289 1287
f 1407 1287 1285 1284
f 1409 1408 1410 1411
f 1409 1411 1412 1289
f 1412 1411 1413 1414
f 1412 1414 1415 1292
f 1412 1292 1290 1289
f 1415 1414 1416 1417
f 1415 1417 1418 1419
f 1415 1419 1293 1292
f 1419 1418 1420 1421
f 1419 1421 1294 1293
f 1421 1420 1422 1423
f 1421 1423 1296 1294
f 1423 1422 1424 1425
f 1423 1425 1298 1296
f 1425 1424 1426 1427
f 1425 1427 1428 1298
f 1428 1427 1074 1076
f 1428 1076 1429 1301
f 1428 1301 1299 1298
f 1429 1076 1073 1430
f 1429 1430 1431 1432
f 1429 1432 1302 1301
f 1432 1431 1433 1434
f 1432 1434 1303 1302
f 1434 1433 1079 1078
f 1434 1078 1305 1303
f 1433 1431 1435 1436
f 1433 1436 1082 1079
f 1436 1435 1437 1087
f 1436 1087 1086 1082
f 1437 1438 1439 1440
f 1437 1440 1083 1087
f 1437 1435 1441 1438
f 1441 1430 1073 1072
f 1441 1072 1442 1438
f 1441 1435 1431 1430
f 1442 1443 1444 1445
f 1442 1445 1439 1438
f 1442 1072 1071 1443
f 1445 1444 1110 1446
f 1445 1446 1447 1439
f 1447 1448 1449 1450
f 1447 1450 1440 1439
f 1447 1446 1451 1448
f 1451 1452 1453 1448
f 1451 1446 1110 1109
f 1451 1109 1108 1452
f 1453 1454 1455 1456
f 1453 1456 1449 1448
f 1453 1452 1457 1454
f 1457 1458 1459 1454
f 1457 1452 1108 1460
f 1457 1460 1461 1458
f 1461 1462 1463 1458
f 1461 1460 1464 1465
f 1461 1465 1466 1462
f 1466 1467 1468 1462
f 1466 1465 1469 1470
f 1466 1470 1471 1467
f 1471 1472 1473 1467
f 1471 1470 1474 1475
f 1471 1475 1476 1472
f 1476 1477 1478 1472
f 1476 1475 1479 1480
f 1476 1480 1481 1477
f 1481 1482 1483 1477
f 1481 1480 1417 1416
f 1481 1416 1484 1482
f 1484 1485 1486 1482
f 1484 1416 1414 1413
f 1484 1413 1487 1485
f 1487 1488 1489 1485
f 1487 1413 1411 1410
f 1487 1410 1490 1488
f 1490 1491 1492 1488
f 1490 1410 1408 1493
f 1490 1493 1494 1491
f 1494 1495 1496 1491
f 1494 1493 1405 1497
f 1494 1497 1498 1495
f 1498 1499 1500 1495
f 1498 1497 1501 1502
f 1498 1502 1503 1499
f 1503 1504 1505 1499
f 1503 1502 1506 1507
f 1503 1507 1508 1504
f 1508 1509 1510 1504
f 1508 1507 1511 1512
f 1508 1512 1513 1509
f 1513 1365 1364 1509
f 1513 1512 1514 1515
f 1513 1515 1367 1365
f 1515 1514 1391 1516
f 1515 1516 1369 1367
f 1516 1391 1389 1388
f 1516 1388 1371 1369
f 1514 1512 1511 1394
f 1514 1394 1392 1391
f 1511 1507 1506 1397
f 1511 1397 1395 1394
f 1510 1363 1517 1518
f 1510 1518 1505 1504
f 1510 1509 1364 1363
f 1518 1517 1519 1520
f 1518 1520 1521 1505
f 1521 1520 1522 1523
f 1521 1523 1524 1500
f 1521 1500 1499 1505
f 1524 1523 1525 1526
f 1524 1526 1527 1496
f 1524 1496 1495 1500
f 1527 1526 1528 1529
f 1527 1529 1530 1492
f 1527 1492 1491 1496
f 1530 1529 1531 1532
f 1530 1532 1533 1489
f 1530 1489 1488 1492
f 1533 1532 1534 1535
f 1533 1535 1536 1486
f 1533 1486 1485 1489
f 1536 1535 1537 1538
f 1536 1538 1539 1483
f 1536 1483 1482 1486
f 1539 1538 1540 1541
f 1539 1541 1542 1478
f 1539 1478 1477 1483
f 1542 1541 1543 1544
f 1542 1544 1545 1473
f 1542 1473 1472 1478
f 1545 1544 1546 1547
f 1545 1547 1548 1468
f 1545 1468 1467 1473
f 1548 1547 1549 1550
f 1548 1550 1551 1463
f 1548 1463 1462 1468
f 1551 1550 1552 1553
f 1551 1553 1554 1459
f 1551 1459 1458 1463
f 1554 1553 1555 1556
f 1554 1556 1557 1455
f 1554 1455 1454 1459
f 1557 1556 1558 1559
f 1557 1559 1560 1561
f 1557 1561 1456 1455
f 1561 1560 1562 1563
f 1561 1563 1449 1456
f 1563 1562 1085 1084
f 1563 1084 1450 1449
f 1562 1560 1564 1565
f 1562 1565 1088 1085
f 1565 1564 1566 1081
f 1565 1081 1080 1088
f 1566 1310 1308 1307
f 1566 1307 1077 1081
f 1566 1564 1567 1310
f 1567 1313 1311 1310
f 1567 1564 1560 1559
f 1567 1559 1558 1313
f 1558 1316 1314 1313
f 1558 1556 1555 1316
f 1555 1319 1317 1316
f 1555 1553 1552 1319
f 1552 1322 1320 1319
f 1552 1550 1549 1322
f 1549 1325 1323 1322
f 1549 1547 1546 1325
f 1546 1328 1326 1325
f 1546 1544 1543 1328
f 1543 1331 1329 1328
f 1543 1541 1540 1331
f 1540 1334 1332 1331
f 1540 1538 1537 1334
f 1537 1337 1335 1334
f 1537 1535 1534 1337
f 1534 1340 1338 1337
f 1534 1532 1531 1340
f 1531 1343 1341 1340
f 1531 1529 1528 1343
f 1528 1346 1344 1343
f 1528 1526 1525 1346
f 1525 1349 1347 1346
f 1525 1523 1522 1349
f 1522 1352 1350 1349
f 1522 1520 1519 1352
f 1519 1355 1353 1352
f 1519 1517 1357 1355
f 1517 1363 1361 1357
f 1506 1502 1501 1400
f 1506 1400 1398 1397
f 1501 1497 1405 1403
f 1501 1403 1401 1400
f 1493 1408 1406 1405
f 1480 1479 1418 1417
f 1479 1475 1474 1568
f 1479 1568 1420 1418
f 1568 1474 1569 1570
f 1568 1570 1422 1420
f 1570 1569 1571 1572
f 1570 1572 1424 1422
f 1572 1571 1573 1574
f 1572 1574 1426 1424
f 1574 1573 1575 1576
f 1574 1576 1075 1426
f 1576 1575 1444 1443
f 1576 1443 1071 1075
f 1575 1573 1112 1111
f 1575 1111 1110 1444
f 1573 1571 1577 1112
f 1577 1469 1465 1464
f 1577 1464 1107 1112
f 1577 1571 1569 1469
f 1569 1474 1470 1469
f 1464 1460 1108 1107
f 1450 1084 1083 1440
f 1427 1426 1075 1074
f 1388 1386 1373 1371
f 1384 1376 1374 1373
f 1307 1305 1078 1077
f 1252 1250 1249 1230
f 1249 1234 1231 1230
f 1249 1247 1236 1234
f 1088 1080 1082 1086
f 1063 1064 1065 1066
f 1578 1586 1587 1588
f 1578 1589 1590 1586
f 1578 1588 1591 1589
f 1579 1592 1585 1593
f 1579 1593 1594 1595
f 1580 1596 1597 1598
f 1580 1599 1600 1596
f 1580 1598 1601 1599
f 1581 1602 1603 1604
f 1581 1605 1606 1602
f 1581 1604 1607 1605
f 1582 1608 1609 1610
f 1582 1611 1612 1608
f 1582 1610 1613 1611
f 1583 1614 1615 1616
f 1583 1584 1617 1614
f 1583 1618 1619 1584
f 1584 1619 1620 1617
f 1625 1626 1591 1627
f 1585 1628 1629 1630
f 1585 1592 1631 1628
f 1585 1630 1632 1633
f 1585 1633 1634 1593
f 1634 1635 1594 1593
f 1634 1633 1636 1637
f 1634 1637 1638 1635
f 1638 1639 1640 1635
f 1638 1637 1641 1642
f 1638 1642 1643 1639
f 1643 1644 1645 1639
f 1643 1642 1646 1647
f 1643 1647 1648 1644
f 1648 1649 1650 1644
f 1648 1647 1651 1652
f 1648 1652 1653 1649
f 1653 1654 1655 1649
f 1653 1652 1656 1657
f 1653 1657 1658 1654
f 1658 1659 1660 1654
f 1658 1657 1661 1662
f 1658 1662 1663 1659
f 1663 1664 1665 1659
f 1663 1662 1666 1667
f 1663 1667 1668 1664
f 1668 1669 1670 1664
f 1668 1667 1671 1672
f 1668 1672 1673 1669
f 1673 1674 1675 1669
f 1673 1672 1676 1677
f 1673 1677 1678 1674
f 1678 1679 1680 1674
f 1678 1677 1681 1682
f 1678 1682 1683 1679
f 1683 1684 1685 1679
f 1683 1682 1686 1687
f 1683 1687 1688 1684
f 1688 1689 1690 1684
f 1688 1687 1691 1692
f 1688 1692 1693 1689
f 1693 1694 1695 1689
f 1693 1692 1696 1697
f 1693 1697 1698 1694
f 1698 1699 1700 1694
f 1698 1697 1701 1702
f 1698 1702 1703 1699
f 1703 1704 1705 1699
f 1703 1702 1706 1707
f 1703 1707 1708 1704
f 1708 1709 1710 1704
f 1708 1707 1711 1712
f 1708 1712 1713 1709
f 1713 1714 1715 1709
f 1713 1712 1716 1717
f 1713 1717 1718 1714
f 1718 1719 1720 1714
f 1718 1717 1721 1722
f 1718 1722 1723 1719
f 1723 1724 1725 1719
f 1723 1722 1726 1727
f 1723 1727 1728 1724
f 1728 1727 1729 1730
f 1728 1730 1731 1732
f 1728 1732 1733 1724
f 1733 1732 1734 1735
f 1733 1735 1736 1737
f 1733 1737 1725 1724
f 1737 1736 1738 1739
f 1737 1739 1740 1725
f 1740 1720 1719 1725
f 1740 1739 1741 1742
f 1740 1742 1743 1720
f 1743 1715 1714 1720
f 1743 1742 1587 1586
f 1743 1586 1590 1715
f 1742 1741 1744 1587
f 1744 1741 1745 1746
f 1744 1746 1747 1748
f 1744 1748 1588 1587
f 1748 1747 1749 1627
f 1748 1627 1591 1588
f 1749 1747 1750 1751
f 1749 1751 1752 1753
f 1749 1753 1625 1627
f 1753 1752 1700 1754
f 1753 1754 1626 1625
f 1754 1700 1699 1705
f 1754 1705 1755 1626
f 1755 1589 1591 1626
f 1755 1705 1704 1710
f 1755 1710 1590 1589
f 1752 1751 1756 1695
f 1752 1695 1694 1700
f 1756 1751 1750 1757
f 1756 1757 1758 1690
f 1756 1690 1689 1695
f 1758 1757 1759 1760
f 1758 1760 1761 1685
f 1758 1685 1684 1690
f 1761 1760 1762 1763
f 1761 1763 1764 1680
f 1761 1680 1679 1685
f 1764 1763 1765 1766
f 1764 1766 1767 1675
f 1764 1675 1674 1680
f 1767 1766 1768 1769
f 1767 1769 1770 1670
f 1767 1670 1669 1675
f 1770 1769 1771 1772
f 1770 1772 1773 1665
f 1770 1665 1664 1670
f 1773 1772 1774 1775
f 1773 1775 1776 1660
f 1773 1660 1659 1665
f 1776 1775 1777 1778
f 1776 1778 1779 1655
f 1776 1655 1654 1660
f 1779 1778 1780 1781
f 1779 1781 1782 1650
f 1779 1650 1649 1655
f 1782 1781 1783 1784
f 1782 1784 1785 1645
f 1782 1645 1644 1650
f 1785 1784 1786 1787
f 1785 1787 1788 1640
f 1785 1640 1639 1645
f 1788 1787 1789 1790
f 1788 1790 1595 1594
f 1788 1594 1635 1640
f 1790 1789 1791 1792
f 1790 1792 1793 1595
f 1793 1792 1794 1795
f 1793 1795 1631 1592
f 1793 1592 1579 1595
f 1795 1794 1796 1797
f 1795 1797 1798 1631
f 1798 1797 1799 1800
f 1798 1800 1801 1802
f 1798 1802 1628 1631
f 1802 1801 1803 1804
f 1802 1804 1629 1628
f 1804 1803 1805 1806
f 1804 1806 1807 1629
f 1807 1806 1808 1809
f 1807 1809 1810 1811
f 1807 1811 1630 1629
f 1811 1810 1812 1813
f 1811 1813 1632 1630
f 1813 1812 1814 1815
f 1813 1815 1816 1632
f 1816 1636 1633 1632
f 1816 1815 1817 1818
f 1816 1818 1819 1636
f 1819 1641 1637 1636
f 1819 1818 1820 1821
f 1819 1821 1822 1641
f 1822 1646 1642 1641
f 1822 1821 1823 1824
f 1822 1824 1825 1646
f 1825 1651 1647 1646
f 1825 1824 1826 1827
f 1825 1827 1828 1651
f 1828 1656 1652 1651
f 1828 1827 1829 1830
f 1828 1830 1831 1656
f 1831 1661 1657 1656
f 1831 1830 1832 1833
f 1831 1833 1834 1661
f 1834 1666 1662 1661
f 1834 1833 1835 1836
f 1834 1836 1837 1666
f 1837 1671 1667 1666
f 1837 1836 1838 1839
f 1837 1839 1840 1671
f 1840 1676 1672 1671
f 1840 1839 1841 1842
f 1840 1842 1843 1676
f 1843 1681 1677 1676
f 1843 1842 1844 1845
f 1843 1845 1846 1681
f 1846 1686 1682 1681
f 1846 1845 1847 1848
f 1846 1848 1849 1686
f 1849 1691 1687 1686
f 1849 1848 1850 1851
f 1849 1851 1852 1691
f 1852 1696 1692 1691
f 1852 1851 1853 1854
f 1852 1854 1855 1696
f 1855 1701 1697 1696
f 1855 1854 1856 1857
f 1855 1857 1858 1701
f 1858 1706 1702 1701
f 1858 1857 1859 1860
f 1858 1860 1861 1706
f 1861 1711 1707 1706
f 1861 1860 1862 1863
f 1861 1863 1864 1711
f 1864 1716 1712 1711
f 1864 1863 1865 1866
f 1864 1866 1867 1716
f 1867 1721 1717 1716
f 1867 1866 1868 1869
f 1867 1869 1870 1721
f 1870 1726 1722 1721
f 1870 1869 1871 1872
f 1870 1872 1873 1726
f 1873 1729 1727 1726
f 1873 1872 1874 1624
f 1873 1624 1623 1729
f 1874 1872 1871 1875
f 1874 1875 1876 1877
f 1874 1877 1621 1624
f 1877 1876 1878 1879
f 1877 1879 1622 1621
f 1879 1878 1880 1731
f 1879 1731 1730 1622
f 1880 1878 1881 1882
f 1880 1882 1883 1734
f 1880 1734 1732 1731
f 1883 1882 1884 1885
f 1883 1885 1886 1887
f 1883 1887 1735 1734
f 1887 1886 1888 1889
f 1887 1889 1736 1735
f 1889 1888 1890 1891
f 1889 1891 1738 1736
f 1891 1890 1892 1893
f 1891 1893 1745 1738
f 1893 1892 1759 1894
f 1893 1894 1746 1745
f 1894 1759 1757 1750
f 1894 1750 1747 1746
f 1892 1890 1895 1762
f 1892 1762 1760 1759
f 1895 1890 1888 1896
f 1895 1896 1897 1765
f 1895 1765 1763 1762
f 1897 1896 1898 1899
f 1897 1899 1900 1768
f 1897 1768 1766 1765
f 1900 1899 1901 1902
f 1900 1902 1903 1771
f 1900 1771 1769 1768
f 1903 1902 1904 1905
f 1903 1905 1906 1774
f 1903 1774 1772 1771
f 1906 1905 1907 1908
f 1906 1908 1909 1777
f 1906 1777 1775 1774
f 1909 1908 1910 1911
f 1909 1911 1912 1780
f 1909 1780 1778 1777
f 1912 1911 1913 1914
f 1912 1914 1915 1783
f 1912 1783 1781 1780
f 1915 1914 1916 1917
f 1915 1917 1918 1786
f 1915 1786 1784 1783
f 1918 1917 1919 1920
f 1918 1920 1791 1789
f 1918 1789 1787 1786
f 1920 1919 1921 1922
f 1920 1922 1923 1791
f 1923 1922 1924 1925
f 1923 1925 1796 1794
f 1923 1794 1792 1791
f 1925 1924 1926 1927
f 1925 1927 1928 1796
f 1928 1927 1929 1930
f 1928 1930 1931 1799
f 1928 1799 1797 1796
f 1931 1930 1932 1933
f 1931 1933 1934 1935
f 1931 1935 1800 1799
f 1935 1934 1936 1937
f 1935 1937 1801 1800
f 1937 1936 1938 1939
f 1937 1939 1803 1801
f 1939 1938 1940 1941
f 1939 1941 1805 1803
f 1941 1940 1942 1943
f 1941 1943 1944 1805
f 1944 1943 1605 1607
f 1944 1607 1945 1808
f 1944 1808 1806 1805
f 1945 1607 1604 1946
f 1945 1946 1947 1948
f 1945 1948 1809 1808
f 1948 1947 1949 1950
f 1948 1950 1810 1809
f 1950 1949 1951 1952
f 1950 1952 1812 1810
f 1952 1951 1610 1609
f 1952 1609 1814 1812
f 1951 1949 1953 1954
f 1951 1954 1613 1610
f 1954 1953 1620 1619
f 1954 1619 1618 1613
f 1953 1949 1947 1955
f 1953 1955 1956 1620
f 1956 1955 1957 1958
f 1956 1958 1959 1960
f 1956 1960 1617 1620
f 1960 1959 1961 1962
f 1960 1962 1614 1617
f 1962 1961 1963 1964
f 1962 1964 1615 1614
f 1964 1965 1966 1615
f 1964 1963 1967 1965
f 1967 1968 1969 1965
f 1967 1963 1598 1597
f 1967 1597 1970 1968
f 1970 1971 1972 1968
f 1970 1597 1596 1973
f 1970 1973 1974 1971
f 1974 1975 1976 1971
f 1974 1973 1977 1978
f 1974 1978 1979 1975
f 1979 1980 1981 1975
f 1979 1978 1982 1983
f 1979 1983 1984 1980
f 1984 1985 1986 1980
f 1984 1983 1987 1988
f 1984 1988 1989 1985
f 1989 1990 1991 1985
f 1989 1988 1936 1934
f 1989 1934 1933 1990
f 1991 1992 1993 1994
f 1991 1994 1986 1985
f 1991 1990 1995 1992
f 1995 1996 1997 1992
f 1995 1990 1933 1932
f 1995 1932 1998 1996
f 1998 1999 2000 1996
f 1998 1932 1930 1929
f 1998 1929 2001 1999
f 2001 2002 2003 1999
f 2001 1929 1927 1926
f 2001 1926 2004 2002
f 2004 2005 2006 2002
f 2004 1926 1924 2007
f 2004 2007 2008 2005
f 2008 2009 2010 2005
f 2008 2007 1921 2011
f 2008 2011 2012 2009
f 2012 2013 2014 2009
f 2012 2011 2015 2016
f 2012 2016 2017 2013
f 2017 2018 2019 2013
f 2017 2016 2020 2021
f 2017 2021 2022 2018
f 2022 2023 2024 2018
f 2022 2021 2025 2026
f 2022 2026 2027 2023
f 2027 2028 2029 2023
f 2027 2026 2030 2031
f 2027 2031 2032 2028
f 2032 2033 2034 2028
f 2032 2031 2035 2036
f 2032 2036 2037 2033
f 2037 2038 2039 2033
f 2037 2036 2040 2041
f 2037 2041 1884 2038
f 2041 2040 1901 2042
f 2041 2042 1885 1884
f 2042 1901 1899 1898
f 2042 1898 1886 1885
f 2040 2036 2035 1904
f 2040 1904 1902 1901
f 2039 2043 2044 2045
f 2039 2045 2034 2033
f 2039 2038 1881 2043
f 2045 2044 2046 2047
f 2045 2047 2048 2034
f 2048 2047 2049 2050
f 2048 2050 2051 2029
f 2048 2029 2028 2034
f 2051 2050 2052 2053
f 2051 2053 2054 2024
f 2051 2024 2023 2029
f 2054 2053 2055 2056
f 2054 2056 2057 2019
f 2054 2019 2018 2024
f 2057 2056 2058 2059
f 2057 2059 2060 2014
f 2057 2014 2013 2019
f 2060 2059 2061 2062
f 2060 2062 2063 2010
f 2060 2010 2009 2014
f 2063 2062 2064 2065
f 2063 2065 2066 2006
f 2063 2006 2005 2010
f 2066 2065 2067 2068
f 2066 2068 2069 2003
f 2066 2003 2002 2006
f 2069 2068 2070 2071
f 2069 2071 2072 2000
f 2069 2000 1999 2003
f 2072 2071 2073 2074
f 2072 2074 2075 1997
f 2072 1997 1996 2000
f 2075 2074 2076 2077
f 2075 2077 2078 1993
f 2075 1993 1992 1997
f 2078 2077 2079 2080
f 2078 2080 2081 2082
f 2078 2082 1994 1993
f 2082 2081 2083 2084
f 2082 2084 1986 1994
f 2084 2083 2085 1981
f 2084 1981 1980 1986
f 2085 2083 2086 2087
f 2085 2087 2088 1976
f 2085 1976 1975 1981
f 2088 2087 2089 2090
f 2088 2090 2091 1972
f 2088 1972 1971 1976
f 2091 2090 2092 2093
f 2091 2093 2094 1969
f 2091 1969 1968 1972
f 2094 2093 2095 2096
f 2094 2096 2097 1966
f 2094 1966 1965 1969
f 2097 2096 2098 2099
f 2097 2099 2100 1616
f 2097 1616 1615 1966
f 2100 2099 1612 1611
f 2100 1611 1613 1618
f 2100 1618 1583 1616
f 2099 2098 2101 1612
f 2101 2102 1817 2103
f 2101 2103 1608 1612
f 2101 2098 2104 2102
f 2104 2105 1820 2102
f 2104 2098 2096 2095
f 2104 2095 2106 2105
f 2106 2107 1823 2105
f 2106 2095 2093 2092
f 2106 2092 2108 2107
f 2108 2109 1826 2107
f 2108 2092 2090 2089
f 2108 2089 2110 2109
f 2110 2111 1829 2109
f 2110 2089 2087 2086
f 2110 2086 2112 2111
f 2112 2113 1832 2111
f 2112 2086 2083 2081
f 2112 2081 2080 2113
f 2113 1835 1833 1832
f 2113 2080 2079 1835
f 2111 1832 1830 1829
f 2109 1829 1827 1826
f 2107 1826 1824 1823
f 2105 1823 1821 1820
f 2103 1817 1815 1814
f 2103 1814 1609 1608
f 2102 1820 1818 1817
f 2079 1838 1836 1835
f 2079 2077 2076 1838
f 2076 1841 1839 1838
f 2076 2074 2073 1841
f 2073 1844 1842 1841
f 2073 2071 2070 1844
f 2070 1847 1845 1844
f 2070 2068 2067 1847
f 2067 1850 1848 1847
f 2067 2065 2064 1850
f 2064 1853 1851 1850
f 2064 2062 2061 1853
f 2061 1856 1854 1853
f 2061 2059 2058 1856
f 2058 1859 1857 1856
f 2058 2056 2055 1859
f 2055 1862 1860 1859
f 2055 2053 2052 1862
f 2052 1865 1863 1862
f 2052 2050 2049 1865
f 2049 1868 1866 1865
f 2049 2047 2046 1868
f 2046 1871 1869 1868
f 2046 2044 1875 1871
f 2044 2043 1876 1875
f 2043 1881 1878 1876
f 2038 1884 1882 1881
f 2035 2031 2030 1907
f 2035 1907 1905 1904
f 2030 2026 2025 1910
f 2030 1910 1908 1907
f 2025 2021 2020 1913
f 2025 1913 1911 1910
f 2020 2016 2015 1916
f 2020 1916 1914 1913
f 2015 2011 1921 1919
f 2015 1919 1917 1916
f 2007 1924 1922 1921
f 1988 1987 1938 1936
f 1987 1983 1982 2114
f 1987 2114 1940 1938
f 2114 1982 2115 2116
f 2114 2116 1942 1940
f 2116 2115 2117 2118
f 2116 2118 1606 1942
f 2118 2117 2119 2120
f 2118 2120 1602 1606
f 2120 2119 2121 2122
f 2120 2122 1603 1602
f 2122 2121 1959 1958
f 2122 1958 1957 1603
f 2121 2119 1599 1601
f 2121 1601 1961 1959
f 2119 2117 1600 1599
f 2117 2115 1977 1600
f 2115 1982 1978 1977
f 1977 1973 1596 1600
f 1963 1961 1601 1598
f 1957 1946 1604 1603
f 1957 1955 1947 1946
f 1943 1942 1606 1605
f 1898 1896 1888 1886
f 1745 1741 1739 1738
f 1730 1729 1623 1622
f 1715 1590 1710 1709
f 1621 1622 1623 1624

 