# File exported by ZBrush version 2026
# www.zbrush.com
g ZBrushPolyMesh3D
#Vertex Count 3465
#Face Count 3465
#Auto scale x=1.000000 y=1.000000 z=1.000000
#Auto offset x=0.000000 y=0.000000 z=0.000000
v -2.49355649 -4.19200801 -0.02586375
v -2.53407526 -4.21538305 -0.02729716
v -2.48302221 -4.29747343 -0.03344894
v -2.44376897 -4.2758665 -0.03350108
v -2.54952478 -4.10885238 -0.02497688
v -2.59011602 -4.13423728 -0.02689046
v -2.458992 -4.17167806 -0.02840149
v -2.51505661 -4.08775186 -0.02720936
v -2.40774869 -4.25547885 -0.03682883
v -2.39603447 -4.358181 -0.04662368
v -2.36010623 -4.33774185 -0.05063435
v -2.32889223 -4.31807899 -0.06032603
v -2.37680411 -4.23625278 -0.04645658
v -2.42837929 -4.15284633 -0.03748504
v -2.48452568 -4.06888389 -0.03572033
v -2.35296225 -4.21948814 -0.06497494
v -2.40380168 -4.13677978 -0.05504752
v -2.45915103 -4.05339908 -0.05249775
v -2.51800727 -3.97052645 -0.05902695
v -2.54437542 -3.98568081 -0.04277916
v -2.38682174 -4.12485647 -0.08042324
v -2.44057989 -4.04249858 -0.07744672
v -2.49766969 -3.96083307 -0.08339028
v -2.55700182 -3.8811593 -0.10082981
v -2.57890248 -3.88992881 -0.07699356
v -2.43107438 -4.03764963 -0.10817802
v -2.48653554 -3.95827508 -0.11380478
v -2.54341316 -3.88104987 -0.1309707
v -2.60044217 -3.80795908 -0.15920841
v -2.61668133 -3.80620908 -0.12925423
v -2.48710131 -3.96452927 -0.14637281
v -2.54144287 -3.89084887 -0.16342826
v -2.59467124 -3.81963086 -0.19145047
v -2.64971208 -3.75441813 -0.22667101
v -2.65775942 -3.74040484 -0.19501739
v -2.54932355 -3.90749311 -0.19334512
v -2.60044646 -3.83943224 -0.22098401
v -2.65141987 -3.77629709 -0.25653541
v -2.70409297 -3.72012662 -0.29623967
v -2.70451283 -3.69597792 -0.26787668
v -2.61424565 -3.8644576 -0.24661916
v -2.66290974 -3.80439162 -0.28202608
v -2.71195912 -3.74979472 -0.32142731
v -2.75710463 -3.69886398 -0.36611449
v -2.75131273 -3.66676664 -0.34220808
v -2.68092227 -3.8364892 -0.3031592
v -2.72691106 -3.78463101 -0.34294825
v -2.76995468 -3.73602891 -0.38693061
v -2.80846953 -3.68951654 -0.43612602
v -2.79752707 -3.65017056 -0.41706073
v -2.74808955 -3.82345008 -0.3606244
v -2.78908538 -3.77687716 -0.40403261
v -2.82623434 -3.73343443 -0.45228454
v -2.85936307 -3.69305467 -0.50569164
v -2.84328985 -3.64602446 -0.49075603
v -2.81810689 -3.82596802 -0.41898238
v -2.85410022 -3.78574323 -0.4664517
v -2.88601088 -3.74896025 -0.51876866
v -2.91305637 -3.71546244 -0.57657504
v -2.88882207 -3.65616488 -0.56483268
v -2.8940227 -3.84561634 -0.47729528
v -2.92422795 -3.81119298 -0.52851402
v -2.94902396 -3.77977848 -0.5851891
v -2.96772956 -3.75294017 -0.64734917
v -2.93415236 -3.68656969 -0.64061766
v -2.97066521 -3.87110996 -0.53392249
v -2.99289202 -3.84141683 -0.59039658
v -3.00882983 -3.81678485 -0.65186464
v -3.01798129 -3.80186748 -0.71651214
v -2.97927975 -3.73542857 -0.71460586
v -3.03971505 -3.89392709 -0.59217149
v -3.05311536 -3.87184667 -0.65319687
v -3.06054043 -3.85963606 -0.71631741
v -3.06130886 -3.85777545 -0.78072851
v -3.02004313 -3.79856753 -0.78344231
v -3.0931766 -3.91228056 -0.65257197
v -3.09779453 -3.90239739 -0.71517497
v -3.09664225 -3.90249252 -0.77835542
v -3.08955621 -3.91218614 -0.84086418
v -3.05409264 -3.86699843 -0.84488439
v -3.12937879 -3.93187546 -0.71440953
v -3.12599682 -3.93238592 -0.77699637
v -3.11792659 -3.94232416 -0.8386895
v -3.10496902 -3.96174716 -0.89849197
v -3.07561731 -3.93136811 -0.90106344
v -3.15205001 -3.95259928 -0.77654838
v -3.14338827 -3.96304869 -0.83807772
v -3.13101005 -3.98290586 -0.89786714
v -3.11202168 -4.01155901 -0.95516759
v -3.08522701 -3.9899435 -0.95532363
v -3.16855001 -3.97675633 -0.83903658
v -3.15652632 -3.99708175 -0.89926153
v -3.13767528 -4.02673196 -0.9573121
v -3.10936331 -4.06374073 -1.01316142
v -3.08363843 -4.04744005 -1.0092616
v -3.18118906 -4.00408363 -0.90255755
v -3.1625278 -4.03539657 -0.96230733
v -3.13369011 -4.07387733 -1.02012217
v -3.09436798 -4.11696291 -1.07433521
v -3.07095551 -4.1051588 -1.06534957
v -3.18596577 -4.03752327 -0.96980357
v -3.15666914 -4.07878017 -1.02969288
v -3.11579752 -4.12348032 -1.08600366
v -3.0679028 -4.16919231 -1.13588154
v -3.04798436 -4.16178178 -1.12231767
v -3.17486405 -4.07479095 -1.04302573
v -3.13250899 -4.1211977 -1.10123682
v -3.08278107 -4.16728258 -1.15309333
v -3.03059911 -4.21289396 -1.19895982
v -3.01698374 -4.21412944 -1.18035554
v -3.13493824 -4.10512304 -1.11634838
v -3.08512258 -4.1527071 -1.16931319
v -3.03254818 -4.19931173 -1.21633362
v -2.97888279 -4.24599599 -1.2575761
v -2.97778892 -4.25881004 -1.23928916
v -3.07692456 -4.1322155 -1.18049407
v -3.02419924 -4.17935419 -1.2282778
v -2.97019362 -4.2266469 -1.27027046
v -2.91583204 -4.27571678 -1.30699372
v -2.92508411 -4.29445791 -1.2933011
v -3.01210856 -4.15691614 -1.23881256
v -2.95769977 -4.20470285 -1.28127706
v -2.90257644 -4.25437831 -1.31840932
v -2.84612536 -4.30622291 -1.34967458
v -2.86028432 -4.32689476 -1.33771717
v -2.94119858 -4.17916584 -1.29174983
v -2.88544535 -4.22964286 -1.32924807
v -2.82795214 -4.28223991 -1.36032128
v -2.76937985 -4.33726835 -1.38484644
v -2.78860449 -4.36037063 -1.37441408
v -2.86409831 -4.20092296 -1.33932578
v -2.80544853 -4.25451421 -1.36973083
v -2.74595689 -4.31040763 -1.39375317
v -2.68695759 -4.36969757 -1.411013
v -2.71141982 -4.39509964 -1.40195488
v -2.77672529 -4.21947813 -1.37836873
v -2.71609401 -4.27619981 -1.40242004
v -2.6560328 -4.33730793 -1.41927599
v -2.59694933 -4.40153646 -1.42707479
v -2.62951374 -4.43197631 -1.41960227
v -2.67224502 -4.22536468 -1.41277086
v -2.61020946 -4.28850555 -1.429183
v -2.54835152 -4.35496377 -1.43683314
v -2.4896872 -4.42383289 -1.43537151
v -2.5394957 -4.46682548 -1.42658615
v -2.55484819 -4.23155832 -1.43853712
v -2.49182295 -4.30213403 -1.44615197
v -2.43104457 -4.37323904 -1.4440571
v -2.37449455 -4.44387912 -1.43499684
v -2.43455672 -4.49206399 -1.42731213
v -2.43414664 -4.25081586 -1.45228481
v -2.37146568 -4.32313394 -1.45043981
v -2.31256556 -4.39552545 -1.44143605
v -2.25780916 -4.468822 -1.4257977
v -2.32174849 -4.51407957 -1.42000055
v -2.3232274 -4.28325319 -1.45362591
v -2.26170945 -4.35667419 -1.44472861
v -2.20512414 -4.43282604 -1.42900335
v -2.15301895 -4.51006794 -1.40517592
v -2.20710182 -4.54274702 -1.40350902
v -2.22590899 -4.32925319 -1.44573152
v -2.16724085 -4.40684604 -1.42970073
v -2.1133306 -4.4865098 -1.40534663
v -2.06646466 -4.56716966 -1.36744797
v -2.10725998 -4.58812284 -1.3710438
v -2.13894367 -4.38695526 -1.42882156
v -2.08353138 -4.46858978 -1.4033631
v -2.03657054 -4.54988956 -1.36214554
v -2.00117301 -4.62826728 -1.30518102
v -2.02945923 -4.64586019 -1.31356191
v -2.0577569 -4.45073795 -1.39709019
v -2.01177644 -4.5324378 -1.35360097
v -1.97872173 -4.61054849 -1.29481923
v -1.95705425 -4.68195104 -1.22535634
v -1.97841477 -4.70029163 -1.23583841
v -1.99382567 -4.51588821 -1.34187674
v -1.96167719 -4.59393739 -1.28331387
v -1.94008863 -4.66468668 -1.21521127
v -1.92585074 -4.72696065 -1.14110374
v -1.94388461 -4.74467945 -1.14950227
v -1.94473624 -4.5796132 -1.27447307
v -1.92592561 -4.64841461 -1.20497953
v -1.91168081 -4.70989465 -1.13223981
v -1.90190482 -4.76198768 -1.05592167
v -1.9169662 -4.77997493 -1.06383299
v -1.91478717 -4.63318967 -1.19438755
v -1.89967072 -4.69399404 -1.12308037
v -1.88876867 -4.74566698 -1.04854273
v -1.88216972 -4.78724575 -0.97246295
v -1.8955363 -4.8045845 -0.97887694
v -1.90381002 -4.67969751 -1.1116085
v -1.89248526 -4.72933435 -1.03914582
v -1.88568365 -4.76961803 -0.96481567
v -1.88318836 -4.80071926 -0.88807481
v -1.87886667 -4.82010269 -0.89409798
v -1.90846538 -4.71648454 -1.03037703
v -1.90125894 -4.75467872 -0.95793694
v -1.89908933 -4.78378105 -0.88351786
v -1.90428388 -4.80278205 -0.8067916
v -1.88728046 -4.82139873 -0.80833816
v -1.92244899 -4.74596548 -0.95370668
v -1.92063081 -4.772933 -0.88128042
v -1.92685008 -4.79021596 -0.80740624
v -1.94032645 -4.79716587 -0.73386764
v -1.91694808 -4.8108406 -0.72995144
v -1.94791626 -4.76959133 -0.88145965
v -1.95461213 -4.78570985 -0.81012338
v -1.96816599 -4.79231691 -0.73955315
v -1.9858849 -4.78883981 -0.67132735
v -1.95834565 -4.79392051 -0.6630615
v -1.98528051 -4.79047823 -0.81468379
v -1.99804437 -4.79642295 -0.74610287
v -2.01497626 -4.79248189 -0.67958003
v -2.03482174 -4.7789812 -0.61573684
v -2.00569939 -4.7760744 -0.60527175
v -2.02761721 -4.80725145 -0.75237464
v -2.04433751 -4.80299139 -0.68690311
v -2.06440138 -4.78923034 -0.62446522
v -2.08772087 -4.76702022 -0.56642788
v -2.05746054 -4.75721693 -0.5559796
v -2.077008 -4.8209505 -0.69393944
v -2.09738659 -4.80708456 -0.63205158
v -2.12136745 -4.78463697 -0.57467198
v -2.14892005 -4.75505733 -0.52266424
v -2.11472702 -4.73792982 -0.51374697
v -2.13436102 -4.83359575 -0.63854223
v -2.15887641 -4.81088876 -0.58083307
v -2.18712925 -4.78069782 -0.52846264
v -2.2183845 -4.74398136 -0.48133388
v -2.17943859 -4.71927928 -0.47574341
v -2.19887805 -4.84572124 -0.58432048
v -2.22802543 -4.8146615 -0.53081142
v -2.26074791 -4.77699947 -0.48276507
v -2.29546785 -4.73350763 -0.4397706
v -2.2515757 -4.70142889 -0.43895399
v -2.26901722 -4.85552454 -0.52924537
v -2.3032546 -4.81684398 -0.47969847
v -2.33974027 -4.77233314 -0.43538871
v -2.37748622 -4.72293376 -0.39585197
v -2.33137393 -4.68480682 -0.40146043
v -2.34140873 -4.85933733 -0.47224724
v -2.37949705 -4.81383609 -0.42607447
v -2.41883087 -4.76352071 -0.38495895
v -2.45913028 -4.70953512 -0.34950763
v -2.41637969 -4.66936063 -0.36207521
v -2.41052341 -4.85208845 -0.41360211
v -2.45115542 -4.80066871 -0.37077835
v -2.49275636 -4.7458949 -0.33372795
v -2.53485679 -4.68821144 -0.30256393
v -2.49975085 -4.65306043 -0.31870514
v -2.4759376 -4.83407497 -0.35396233
v -2.51915717 -4.77822589 -0.31540051
v -2.56249952 -4.7188611 -0.28374916
v -2.60604572 -4.65738487 -0.25877443
v -2.57722353 -4.62849998 -0.27762457
v -2.53932833 -4.80696582 -0.29466041
v -2.5839858 -4.74543714 -0.2623614
v -2.62844395 -4.6814866 -0.23756149
v -2.6726849 -4.61651516 -0.21919006
v -2.6495552 -4.59456729 -0.23986986
v -2.5989108 -4.76684808 -0.23990242
v -2.644387 -4.70036459 -0.21504609
v -2.68971943 -4.63351297 -0.19678209
v -2.73502898 -4.56752347 -0.18407216
v -2.71680665 -4.55170106 -0.20641352
v -2.65459299 -4.7146573 -0.19197619
v -2.70095276 -4.64612865 -0.17349311
v -2.74741554 -4.57890892 -0.16050584
v -2.79357552 -4.51308393 -0.15260171
v -2.78004717 -4.50282287 -0.17626306
v -2.70674657 -4.65456867 -0.15052406
v -2.75394821 -4.58588886 -0.13739094
v -2.80117583 -4.51881551 -0.1296285
v -2.84775543 -4.45369482 -0.12843799
v -2.83982729 -4.44952535 -0.15075379
v -2.75499892 -4.58874702 -0.11532619
v -2.80280447 -4.52011346 -0.10827348
v -2.85067749 -4.45406436 -0.10754485
v -2.8993175 -4.39094734 -0.11442536
v -2.89562583 -4.39194488 -0.13479414
v -2.79846787 -4.51702117 -0.08920522
v -2.84868192 -4.45072221 -0.08810273
v -2.89820098 -4.38620138 -0.09557212
v -2.94999933 -4.32466745 -0.11048939
v -2.95059776 -4.33110046 -0.12862098
v -2.83798193 -4.44112539 -0.07473352
v -2.88813185 -4.3751378 -0.08278825
v -2.94091796 -4.3122425 -0.0977285
v -2.99618959 -4.25135517 -0.12146151
v -3.00615429 -4.26621723 -0.13245014
v -2.87372112 -4.36114597 -0.07333882
v -2.92681479 -4.29667091 -0.08872043
v -2.98222589 -4.23428201 -0.11288402
v -3.03874087 -4.17428207 -0.14641825
v -3.05199384 -4.19262647 -0.15525484
v -2.90784478 -4.27772283 -0.08208555
v -2.96398234 -4.21429348 -0.10604598
v -3.02112531 -4.15350866 -0.13942334
v -3.07790541 -4.0953741 -0.18125294
v -3.09505295 -4.11706352 -0.18845906
v -2.94131946 -4.19090509 -0.10008405
v -2.99931788 -4.12970352 -0.13343706
v -3.05640983 -4.07076835 -0.17508307
v -3.11033749 -4.01336765 -0.22525867
v -3.13205432 -4.03933668 -0.23203404
v -2.96986746 -4.09793233 -0.12693557
v -3.0263915 -4.0366373 -0.16814783
v -3.07914376 -3.97699666 -0.21802482
v -3.1270194 -3.91990685 -0.2764602
v -3.15923523 -3.95850062 -0.28464216
v -2.98357272 -3.98715257 -0.15907353
v -3.03718614 -3.92668533 -0.20826636
v -3.086169 -3.86762809 -0.2654365
v -3.1288886 -3.8106718 -0.33222961
v -3.16859173 -3.8652935 -0.34369146
v -2.98872089 -3.86946463 -0.19657874
v -3.03820109 -3.80794715 -0.25380113
v -3.08404135 -3.74831438 -0.3194924
v -3.12406134 -3.69258761 -0.39686539
v -3.16397094 -3.75769519 -0.4096623
v -2.98851728 -3.74937844 -0.24030011
v -3.03729462 -3.68876647 -0.30758494
v -3.08018207 -3.63254046 -0.38592118
v -3.11184215 -3.58440733 -0.47835499
v -3.14986181 -3.64687109 -0.48866757
v -2.99574542 -3.64126753 -0.29681536
v -3.040838 -3.58533763 -0.37632927
v -3.0737667 -3.53659176 -0.46994537
v -3.08820247 -3.50351023 -0.57647973
v -3.12245893 -3.55317068 -0.58326995
v -3.00810861 -3.55120587 -0.36896204
v -3.04125285 -3.5019443 -0.46309435
v -3.05764913 -3.46790313 -0.57038742
v -3.05814218 -3.45409202 -0.68367719
v -3.08544993 -3.49027895 -0.6880182
v -3.01174426 -3.47687745 -0.45842275
v -3.02934956 -3.44329547 -0.5659793
v -3.03308796 -3.42800808 -0.68000876
v -3.02087068 -3.43324971 -0.79387658
v -3.04326057 -3.46019101 -0.7957974
v -2.99992156 -3.42497563 -0.56363368
v -3.00688028 -3.40895891 -0.67714917
v -2.99769234 -3.41269516 -0.79161363
v -2.97350382 -3.43252563 -0.90008199
v -2.99489855 -3.45358681 -0.90159356
v -2.98467183 -3.39046979 -0.67545533
v -2.97792673 -3.39380359 -0.79048413
v -2.95528554 -3.41271138 -0.89990311
v -2.91951322 -3.44345426 -0.99934124
v -2.93729066 -3.46334528 -0.99872547
v -2.95174169 -3.39108634 -0.78781169
v -2.93114709 -3.40711236 -0.89523017
v -2.89643287 -3.43620133 -0.99284613
v -2.84990024 -3.47620916 -1.07665813
v -2.8719902 -3.48360681 -1.08499217
v -2.9133811 -3.42539358 -0.88721245
v -2.88090491 -3.45409703 -0.98021566
v -2.83674931 -3.49250412 -1.0606749
v -2.78425931 -3.5381267 -1.12809634
v -2.79520368 -3.52320504 -1.14672935
v -2.87295675 -3.47856855 -0.96926099
v -2.83105397 -3.51603937 -1.04649341
v -2.78176999 -3.56049633 -1.1119771
v -2.7282288 -3.61076974 -1.16628611
v -2.72839021 -3.58999872 -1.18470954
v -2.83183884 -3.54301357 -1.03494632
v -2.78515195 -3.58640265 -1.09773862
v -2.73360896 -3.63527989 -1.15035152
v -2.6788032 -3.68710184 -1.19430697
v -2.67129826 -3.66353607 -1.21159732
v -2.7933731 -3.61553287 -1.08564662
v -2.74419236 -3.66373848 -1.13648307
v -2.69155192 -3.71495819 -1.17891621
v -2.63683915 -3.76889371 -1.21415793
v -2.62200021 -3.74173879 -1.2309488
v -2.75852966 -3.69538641 -1.12422013
v -2.70841431 -3.74618434 -1.16543173
v -2.65578365 -3.79925561 -1.19968712
v -2.60121512 -3.85456991 -1.22824275
v -2.58045482 -3.82559752 -1.24344945
v -2.73155164 -3.78483724 -1.15176761
v -2.68062377 -3.83604931 -1.18570983
v -2.62740325 -3.88891458 -1.21407973
v -2.57248711 -3.94436359 -1.23716545
v -2.54516506 -3.91209006 -1.25172722
v -2.71539449 -3.88402009 -1.17059874
v -2.66358733 -3.93424201 -1.19922661
v -2.60974121 -3.9866507 -1.22239732
v -2.55507874 -4.04208087 -1.2409439
v -2.51725745 -4.00240421 -1.2557882
v -2.71101498 -3.99243855 -1.18426406
v -2.65816283 -4.04184436 -1.20825564
v -2.60402584 -4.09389734 -1.2272017
v -2.54975438 -4.14882087 -1.24170458
v -2.50106215 -4.1004095 -1.25505113
v -2.70918488 -4.10200452 -1.19756269
v -2.65536093 -4.15120601 -1.21736955
v -2.60137939 -4.20302486 -1.23256981
v -2.54787659 -4.25785923 -1.24327087
v -2.49567008 -4.20661449 -1.25208604
v -2.7024939 -4.20542478 -1.21308171
v -2.64896416 -4.25502634 -1.22870051
v -2.59615182 -4.30750513 -1.23977708
v -2.54458618 -4.36251783 -1.24655854
v -2.49511313 -4.31496715 -1.24970138
v -2.68682074 -4.29601001 -1.22990739
v -2.63426971 -4.34682989 -1.24110376
v -2.58343458 -4.40059232 -1.24812734
v -2.53493619 -4.45641994 -1.25135397
v -2.49482178 -4.41918993 -1.24925422
v -2.66607022 -4.37860441 -1.24632358
v -2.6157906 -4.43166828 -1.25334584
v -2.56786203 -4.48683786 -1.2570579
v -2.52131819 -4.54262876 -1.25701224
v -2.48833704 -4.51281213 -1.25094294
v -2.64485883 -4.45836067 -1.26339554
v -2.59685087 -4.51295948 -1.26736474
v -2.54948377 -4.5679841 -1.26684141
v -2.50141048 -4.62198352 -1.26001584
v -2.47469496 -4.59699058 -1.25147199
v -2.62131381 -4.53435611 -1.28239047
v -2.57316446 -4.5898962 -1.28075957
v -2.52346372 -4.64406967 -1.27166986
v -2.47453618 -4.69476604 -1.25510799
v -2.45330381 -4.67316913 -1.24606668
v -2.5906589 -4.6073699 -1.29777801
v -2.53999948 -4.66258573 -1.28678381
v -2.49074411 -4.71369934 -1.26755583
v -2.44458413 -4.7611103 -1.24163031
v -2.42830205 -4.74248838 -1.23198068
v -2.55079722 -4.67724084 -1.30544066
v -2.50144338 -4.73003959 -1.28391611
v -2.4551289 -4.77810525 -1.25580465
v -2.41382503 -4.82423973 -1.22301816
v -2.40317726 -4.8073163 -1.21077144
v -2.50491809 -4.74242496 -1.30443584
v -2.45735001 -4.7914319 -1.27434635
v -2.41553354 -4.83771324 -1.23990106
v -2.38038635 -4.88368368 -1.20212328
v -2.3788867 -4.86979484 -1.18626415
v -2.44649887 -4.79350853 -1.29282522
v -2.40334773 -4.84038353 -1.25689327
v -2.36752152 -4.88754844 -1.2174375
v -2.33968329 -4.93601846 -1.17373573
v -2.35233378 -4.93008565 -1.15948653
v -2.3841722 -4.83470964 -1.26993393
v -2.34742999 -4.88364458 -1.2292453
v -2.31925725 -4.93441343 -1.18444132
v -2.29907918 -4.98709297 -1.13315594
v -2.31896781 -4.98597621 -1.12338078
v -2.32489037 -4.87714815 -1.23981905
v -2.29639649 -4.93018817 -1.19367265
v -2.27656245 -4.98543977 -1.14148843
v -2.26283454 -5.04243278 -1.07819044
v -2.28539562 -5.04221105 -1.07195532
v -2.26966023 -4.92251777 -1.20093381
v -2.25033116 -4.97936344 -1.14736533
v -2.23711419 -5.03791141 -1.08135509
v -2.22831678 -5.09537458 -1.00300335
v -2.25412678 -5.09876012 -1.00154852
v -2.21911239 -4.96895408 -1.15005433
v -2.20865392 -5.02861547 -1.08143198
v -2.2004292 -5.08627986 -1.00068998
v -2.19556951 -5.13366508 -0.90931713
v -2.2234385 -5.14329242 -0.91299605
v -2.17828178 -5.01585578 -1.07753229
v -2.17251062 -5.07219123 -0.99485367
v -2.16781997 -5.11873722 -0.90333086
v -2.16762542 -5.15149927 -0.80342698
v -2.19410181 -5.16775608 -0.80928045
v -2.14161849 -5.05472564 -0.98608458
v -2.13834047 -5.09910345 -0.89498549
v -2.14006424 -5.13003683 -0.79636192
v -2.14792752 -5.1474123 -0.69219374
v -2.1740067 -5.16995811 -0.69736081
v -2.10404753 -5.07355022 -0.88410186
v -2.10729646 -5.10216951 -0.78806895
v -2.11707806 -5.11746692 -0.68640673
v -2.13563489 -5.11595583 -0.58258009
v -2.16541552 -5.1464219 -0.58529627
v -2.06837797 -5.06766128 -0.77868312
v -2.08018994 -5.08033943 -0.6802206
v -2.09965729 -5.07701349 -0.57954984
v -2.12584304 -5.05950737 -0.48027983
v -2.16233396 -5.09720325 -0.48078167
v -2.03974747 -5.03761863 -0.67318505
v -2.05984711 -5.03327274 -0.57585018
v -2.08461046 -5.01626539 -0.47859081
v -2.11706042 -4.98838043 -0.38351795
v -2.1605215 -5.02840328 -0.38486096
v -2.02082395 -4.98901033 -0.57101845
v -2.04506611 -4.97166061 -0.47672766
v -2.07570886 -4.94570636 -0.38374149
v -2.11647534 -4.9057312 -0.29767307
v -2.16141033 -4.94431066 -0.29594484
v -2.01230979 -4.93375015 -0.47488504
v -2.04125332 -4.90813684 -0.3847216
v -2.08000326 -4.86926221 -0.30200517
v -2.12664675 -4.81411552 -0.23396812
v -2.16675639 -4.84556055 -0.22943206
v -2.01539468 -4.87779855 -0.38707605
v -2.0525906 -4.83808803 -0.30805987
v -2.09657692 -4.7859745 -0.24187146
v -2.1403265 -4.72183132 -0.18911986
v -2.17425155 -4.74634933 -0.18209101
v -2.03308391 -4.80869197 -0.31698641
v -2.07332897 -4.75771331 -0.25441506
v -2.11425828 -4.69573926 -0.20311862
v -2.15636134 -4.62629604 -0.16355624
v -2.18493866 -4.64958334 -0.15023423
v -2.05919838 -4.73010206 -0.27192258
v -2.09777069 -4.67045688 -0.22323527
v -2.13627862 -4.60325288 -0.18395094
v -2.17643594 -4.53139829 -0.1519169
v -2.19778204 -4.55250167 -0.13155739
v -2.0912702 -4.64726114 -0.2488897
v -2.12731933 -4.58227014 -0.2106859
v -2.16417336 -4.51239585 -0.17768368
v -2.20431494 -4.43936538 -0.14935311
v -2.21723365 -4.45655155 -0.1230375
v -2.12741661 -4.56516408 -0.23968151
v -2.16164732 -4.49660301 -0.20736849
v -2.2008202 -4.42581892 -0.1793349
v -2.24239778 -4.35228061 -0.15547582
v -2.24617815 -4.36380481 -0.12509721
v -2.16899347 -4.48574972 -0.23791445
v -2.20743036 -4.4171257 -0.21023947
v -2.24786353 -4.34557151 -0.18647256
v -2.28941321 -4.27106952 -0.16720329
v -2.2851634 -4.27598238 -0.13573591
v -2.22334051 -4.4141922 -0.2390598
v -2.26243114 -4.34432697 -0.21579997
v -2.30369639 -4.27239608 -0.19680783
v -2.34808659 -4.199162 -0.18145981
v -2.33408546 -4.19549751 -0.15211017
v -2.28554606 -4.34933757 -0.24068436
v -2.32657313 -4.27985429 -0.22124882
v -2.37019705 -4.20868539 -0.20630942
v -2.41586566 -4.13697671 -0.19764369
v -2.39480185 -4.12465047 -0.17255108
v -2.35550999 -4.29206514 -0.24095165
v -2.39826965 -4.22328615 -0.2267044
v -2.44294142 -4.15428829 -0.21846447
v -2.48962545 -4.08592796 -0.21762512
v -2.46374678 -4.06560802 -0.19639401
v -2.43208074 -4.24299669 -0.24339622
v -2.47544455 -4.17655897 -0.23556405
v -2.52019238 -4.11041069 -0.23475745
v -2.56622338 -4.04597806 -0.2425061
v -2.53780555 -4.0192666 -0.22499021
v -2.51380777 -4.20407295 -0.2493719
v -2.55787468 -4.14061546 -0.24892066
v -2.60319161 -4.07915067 -0.2575519
v -2.64818906 -4.02017688 -0.27555266
v -2.6125648 -3.98409223 -0.25970336
v -2.60482597 -4.17783689 -0.25989782
v -2.64998245 -4.11932849 -0.26884228
v -2.69453191 -4.06376171 -0.28737506
v -2.73808407 -4.01211786 -0.31404179
v -2.69284987 -3.96499562 -0.30199036
v -2.70419216 -4.16479873 -0.2740103
v -2.74842906 -4.11179494 -0.29261735
v -2.79150867 -4.06305313 -0.31928163
v -2.83324766 -4.01835537 -0.35254824
v -2.78045296 -3.96523547 -0.3475596
v -2.80336427 -4.15840292 -0.28967747
v -2.84661769 -4.11070823 -0.31599429
v -2.88814806 -4.0666933 -0.34944707
v -2.92740011 -4.02598619 -0.3887901
v -2.87285327 -3.97730851 -0.39167824
v -2.89630532 -4.14917421 -0.30565303
v -2.93883061 -4.10513734 -0.33955067
v -2.97837162 -4.06414699 -0.37994271
v -3.01384973 -4.02641153 -0.42605382
v -2.96333432 -3.98888063 -0.43347007
v -2.98150205 -4.13318395 -0.32644024
v -3.02207589 -4.09153461 -0.36798816
v -3.05769467 -4.0530014 -0.4159373
v -3.08650898 -4.01776933 -0.46949827
v -3.04371142 -3.99170374 -0.47706443
v -3.05736136 -4.10923194 -0.3546423
v -3.09382033 -4.06989574 -0.40434828
v -3.12286615 -4.03432321 -0.46050289
v -3.14255046 -4.00301551 -0.52162933
v -3.10734367 -3.98613977 -0.52757865
v -3.126441 -4.08014869 -0.3910976
v -3.15605974 -4.04373884 -0.45036584
v -3.17512607 -4.01273584 -0.51494294
v -3.18431663 -3.98816156 -0.58159387
v -3.15365457 -3.97754144 -0.5853706
v -3.18648004 -4.04656744 -0.43912839
v -3.20571351 -4.01539516 -0.5072155
v -3.21372699 -3.99163484 -0.57738274
v -3.21357226 -3.97590541 -0.6467089
v -3.18621707 -3.97138118 -0.64813941
v -3.2323513 -4.01142501 -0.49900186
v -3.2395451 -3.98736524 -0.57289665
v -3.23829507 -3.97189617 -0.64529782
v -3.23247313 -3.96528482 -0.7147957
v -3.20872998 -3.96880626 -0.71379661
v -3.26017451 -3.97604274 -0.56791013
v -3.25869345 -3.95981097 -0.64344412
v -3.25199246 -3.95303034 -0.71598684
v -3.24270582 -3.95596718 -0.78529673
v -3.22464633 -3.96791648 -0.78167247
v -3.27217984 -3.9411993 -0.64058637
v -3.26475477 -3.93381404 -0.71655786
v -3.25385189 -3.93672728 -0.78900694
v -3.2427361 -3.95048785 -0.85835802
v -3.23406529 -3.96982741 -0.8514834
v -3.26943016 -3.91018676 -0.71606218
v -3.25774502 -3.91327786 -0.79215514
v -3.24495029 -3.92773032 -0.86493885
v -3.22939276 -3.9536786 -0.93606466
v -3.23084235 -3.97611761 -0.92659181
v -3.25489544 -3.88684272 -0.79481566
v -3.24103641 -3.90198516 -0.87117034
v -3.22315979 -3.92882132 -0.94531649
v -3.1967659 -3.96694278 -1.01488316
v -3.20484924 -3.99081468 -1.00415897
v -3.23185372 -3.8736763 -0.87775409
v -3.21212816 -3.90181016 -0.95410102
v -3.18359565 -3.94055748 -1.02487313
v -3.14664053 -3.98644089 -1.08956003
v -3.161026 -4.01262903 -1.07944488
v -3.19742894 -3.87037253 -0.9630509
v -3.16652393 -3.91012716 -1.0345664
v -3.12809014 -3.95646381 -1.09917819
v -3.08235311 -4.00465774 -1.15735757
v -3.10115456 -4.03472042 -1.14757895
v -3.14275646 -3.86840343 -1.04583227
v -3.10270381 -3.91547918 -1.11066889
v -3.05654692 -3.96388554 -1.16900575
v -3.00531435 -4.01264524 -1.22206258
v -3.03106904 -4.05294561 -1.21057891
v -3.06770205 -3.85974669 -1.12377142
v -3.01997852 -3.90676665 -1.18293225
v -2.9679346 -3.95470261 -1.23591673
v -2.91194844 -4.00303936 -1.28335189
v -2.95066189 -4.0618453 -1.27017164
v -2.97496104 -3.83875346 -1.19591724
v -2.92140579 -3.88527989 -1.2487353
v -2.86419248 -3.93412089 -1.29559314
v -2.80412077 -3.98626446 -1.33601248
v -2.85337233 -4.05394601 -1.32434451
v -2.87054944 -3.81602239 -1.25998592
v -2.81142544 -3.86687636 -1.30598974
v -2.75006365 -3.92164039 -1.34588587
v -2.68787908 -3.98047757 -1.38064682
v -2.74301481 -4.04196596 -1.37052774
v -2.76341652 -3.81378173 -1.3134036
v -2.70231223 -3.87229204 -1.35314238
v -2.64040136 -3.93463611 -1.38682615
v -2.57777071 -3.99948835 -1.41410744
v -2.62530231 -4.04288625 -1.40841615
v -2.66685748 -3.83878517 -1.35765755
v -2.60437274 -3.9024713 -1.39079058
v -2.54113841 -3.96848154 -1.4166162
v -2.47897267 -4.03730249 -1.43691778
v -2.51494646 -4.06682968 -1.43509924
v -2.57477474 -3.87743592 -1.39134657
v -2.51144409 -3.94432044 -1.41656363
v -2.44966435 -4.01442146 -1.4368776
v -2.38924527 -4.08716297 -1.45069658
v -2.41755938 -4.10963583 -1.45087933
v -2.48416638 -3.92276287 -1.41348302
v -2.42240738 -3.99337315 -1.43415093
v -2.36306548 -4.06666088 -1.44779479
v -2.30203127 -4.13946676 -1.45295047
v -2.3267517 -4.15984439 -1.45641028
v -2.39901804 -3.97637105 -1.42546093
v -2.34055376 -4.05006933 -1.43812918
v -2.28116369 -4.12251806 -1.44331133
v -2.21806907 -4.19502925 -1.44252729
v -2.23840713 -4.21237373 -1.45077264
v -2.32288169 -4.03827142 -1.42193663
v -2.26533627 -4.11008215 -1.42806088
v -2.20037412 -4.17970275 -1.43400681
v -2.13704681 -4.25648021 -1.42490148
v -2.15475297 -4.27157878 -1.43344783
v -2.25617861 -4.10350036 -1.40638542
v -2.19402957 -4.17309856 -1.41003119
v -2.13328409 -4.24947452 -1.40336561
v -2.0735526 -4.32939243 -1.38644981
v -2.07628345 -4.33765029 -1.40692925
v -2.19606375 -4.17413377 -1.38357424
v -2.13697147 -4.2479248 -1.3779639
v -2.07899689 -4.32508897 -1.36249911
v -2.02570939 -4.40310764 -1.33660137
v -2.01635909 -4.40820312 -1.35915219
v -2.1468935 -4.25168943 -1.35349249
v -2.09147095 -4.32637596 -1.3398025
v -2.04128623 -4.40256595 -1.31598746
v -1.99761271 -4.47719049 -1.27903127
v -1.98093438 -4.48018693 -1.29739677
v -2.11102438 -4.33358907 -1.31889104
v -2.06175398 -4.40658187 -1.29718887
v -2.01870155 -4.47828912 -1.26270735
v -1.98467409 -4.54721164 -1.2150973
v -1.96305823 -4.54799604 -1.22836554
v -2.08708906 -4.41560888 -1.28062903
v -2.04460215 -4.48443365 -1.24915862
v -2.01122975 -4.55168342 -1.20484638
v -1.98616373 -4.61331129 -1.1503843
v -1.95945179 -4.61004304 -1.15749299
v -2.07504391 -4.49599218 -1.23771452
v -2.04106617 -4.56050586 -1.19723653
v -2.01628112 -4.62138843 -1.14579308
v -1.99766981 -4.67399168 -1.08646285
v -1.96781098 -4.66636943 -1.08850526
v -2.07631087 -4.57451772 -1.19152975
v -2.05001497 -4.63395929 -1.1432954
v -2.03015446 -4.68609571 -1.08646357
v -2.01622915 -4.72919416 -1.0234977
v -1.98494637 -4.71722269 -1.02162408
v -2.08981061 -4.65186595 -1.14285755
v -2.06729483 -4.70334386 -1.08854699
v -2.05148768 -4.7462902 -1.0271492
v -2.04271054 -4.78046941 -0.96171349
v -2.00875449 -4.76293611 -0.95696669
v -2.11093044 -4.72654962 -1.09227204
v -2.09281325 -4.76975536 -1.03278827
v -2.08254766 -4.80451965 -0.96844422
v -2.08040118 -4.83036041 -0.90160125
v -2.04169416 -4.80515098 -0.89418941
v -2.1402719 -4.79982328 -1.04014861
v -2.12878561 -4.83628034 -0.97726148
v -2.12529611 -4.86370039 -0.91087496
v -2.1286807 -4.88141775 -0.84253561
v -2.08575129 -4.84654951 -0.83359587
v -2.17682576 -4.87292289 -0.98761844
v -2.17136597 -4.9026575 -0.92173439
v -2.17231607 -4.92164659 -0.8522253
v -2.1795361 -4.92970371 -0.78147327
v -2.13834691 -4.88794517 -0.77386432
v -2.20973634 -4.93898582 -0.93197304
v -2.20883369 -4.96041059 -0.8610906
v -2.21469712 -4.97084045 -0.78785467
v -2.22766113 -4.96939754 -0.71506744
v -2.19328308 -4.92623186 -0.71179842
v -2.23709988 -4.99465751 -0.86900585
v -2.24216651 -5.00832223 -0.79307055
v -2.25468492 -5.00935316 -0.71680784
v -2.27444243 -4.99752378 -0.64377737
v -2.24760961 -4.95585298 -0.6457141
v -2.26220488 -5.0403409 -0.79714924
v -2.27401304 -5.04413032 -0.71731841
v -2.29347944 -5.03387117 -0.64065992
v -2.32114148 -5.01037025 -0.56947457
v -2.30174112 -4.97397375 -0.57607162
v -2.28720307 -5.07471227 -0.71696198
v -2.30611181 -5.06522464 -0.63602078
v -2.3339138 -5.04161214 -0.56186956
v -2.36922383 -5.00810861 -0.49489462
v -2.35556101 -4.97654914 -0.50565081
v -2.31368923 -5.09427309 -0.63064068
v -2.34175348 -5.07141161 -0.55251497
v -2.37767481 -5.03742694 -0.48213061
v -2.41792225 -4.99447441 -0.41931644
v -2.40872788 -4.96623849 -0.43499389
v -2.34430074 -5.09932375 -0.54213959
v -2.38062667 -5.06450319 -0.46774628
v -2.42169141 -5.02014017 -0.40221995
v -2.46609044 -4.96924972 -0.34413176
v -2.46119618 -4.94504118 -0.36357089
v -2.37805628 -5.08848238 -0.45295169
v -2.41995453 -5.04296016 -0.3840295
v -2.46538043 -4.98990345 -0.32357573
v -2.51358771 -4.93103456 -0.27095428
v -2.51289153 -4.91297864 -0.2930381
v -2.41229414 -5.06109094 -0.36566987
v -2.45892858 -5.0057435 -0.30303096
v -2.50886249 -4.94411277 -0.24914605
v -2.5602169 -4.87629556 -0.20525752
v -2.56311583 -4.86570167 -0.22765335
v -2.44685506 -5.01562595 -0.28365483
v -2.4987173 -4.9515376 -0.22881467
v -2.55174803 -4.88167667 -0.18420437
v -2.60348582 -4.80757474 -0.14975737
v -2.61059212 -4.80424547 -0.17126345
v -2.48361086 -4.95271539 -0.21109522
v -2.53806877 -4.88111352 -0.16613291
v -2.59052634 -4.80519008 -0.13152927
v -2.64028334 -4.72809219 -0.10671216
v -2.65323448 -4.73251676 -0.12453847
v -2.52026939 -4.87436723 -0.15285062
v -2.57284522 -4.79697513 -0.11941932
v -2.62255811 -4.71868944 -0.09515971
v -2.67166161 -4.64260911 -0.0781955
v -2.68906593 -4.65300369 -0.08936777
v -2.55208158 -4.784132 -0.11355413
v -2.60184955 -4.70553159 -0.08975771
v -2.65088081 -4.62878513 -0.07286089
v -2.70062184 -4.55466461 -0.06178889
v -2.72164702 -4.56930971 -0.06749121
v -2.57881021 -4.68989896 -0.08702071
v -2.6271677 -4.61252117 -0.0699442
v -2.6759119 -4.53733158 -0.05846867
v -2.72598171 -4.46382904 -0.05263255
v -2.75154042 -4.48249101 -0.0569106
v -2.6001079 -4.59356498 -0.06783822
v -2.64784097 -4.51740932 -0.05593833
v -2.69716119 -4.4425354 -0.04944562
v -2.74787735 -4.36908531 -0.04938546
v -2.7768464 -4.39177465 -0.05359303
v -2.60941529 -4.48939657 -0.05293243
v -2.65601325 -4.41104364 -0.04536222
v -2.70502615 -4.33411169 -0.04396028
v -2.7568109 -4.25903797 -0.04971519
v -2.80098414 -4.29784441 -0.05642304
v -2.60360097 -4.37154817 -0.04080764
v -2.65354871 -4.29297113 -0.03804304
v -2.706532 -4.21623277 -0.0422972
v -2.76270127 -4.14107847 -0.05516963
v -2.81189179 -4.18650245 -0.06366695
v -2.59382605 -4.25193405 -0.03195273
v -2.64778804 -4.17255353 -0.03434363
v -2.70496439 -4.0948553 -0.04447975
v -2.76419305 -4.01961469 -0.06526015
v -2.82031869 -4.06909275 -0.07693716
v -2.64939475 -4.0547676 -0.03615317
v -2.71111965 -3.97799372 -0.05646585
v -2.77182841 -3.90357375 -0.08529608
v -2.82420277 -3.94845485 -0.09495636
v -2.60911703 -4.0274949 -0.03356062
v -2.67131757 -3.94878912 -0.05262237
v -2.73324108 -3.87357926 -0.08110412
v -2.79458618 -3.80273199 -0.11846806
v -2.83221149 -3.83331561 -0.12249141
v -2.63742876 -3.92531609 -0.05351487
v -2.7002871 -3.84953498 -0.08159057
v -2.76214695 -3.77852821 -0.11888238
v -2.8221755 -3.71062493 -0.16486516
v -2.85450577 -3.73474741 -0.16475349
v -2.66892123 -3.82875227 -0.08901336
v -2.73086094 -3.75792765 -0.12557278
v -2.79044532 -3.69091892 -0.17105209
v -2.84662222 -3.62592673 -0.22600545
v -2.87894153 -3.64470529 -0.2203986
v -2.70121955 -3.74327659 -0.14142216
v -2.76006889 -3.67737603 -0.18575501
v -2.81499481 -3.61434102 -0.23944512
v -2.86588716 -3.55449628 -0.30257871
v -2.89850878 -3.5641365 -0.29086682
v -2.73327088 -3.6725068 -0.20844195
v -2.78661418 -3.61166715 -0.26015621
v -2.83576917 -3.55365252 -0.32064122
v -2.88159298 -3.50107193 -0.39079028
v -2.91227579 -3.49899959 -0.37606015
v -2.76529812 -3.62088275 -0.28712859
v -2.81136965 -3.56366968 -0.34424999
v -2.85710358 -3.51460099 -0.41062098
v -2.895262 -3.4704957 -0.48727673
v -2.92011475 -3.45548272 -0.47415614
v -2.79735994 -3.58597374 -0.37068557
v -2.8410623 -3.53804588 -0.43283209
v -2.87864756 -3.49497962 -0.50335121
v -2.90671825 -3.45863652 -0.58684277
v -2.9217534 -3.43209528 -0.57707315
v -2.83395576 -3.56927514 -0.4547216
v -2.86944103 -3.52750754 -0.52136391
v -2.89694237 -3.49101591 -0.59826058
v -2.91294503 -3.46912264 -0.68763214
v -2.92199564 -3.43781685 -0.68329531
v -2.86836385 -3.56501078 -0.53800869
v -2.89427375 -3.52994036 -0.61106687
v -2.91031098 -3.50698161 -0.69344842
v -2.91311979 -3.50257253 -0.78295397
v -2.91423726 -3.46688151 -0.782871
v -2.89905214 -3.57313299 -0.62174952
v -2.91432428 -3.5518589 -0.69950783
v -2.91769838 -3.54512262 -0.78359788
v -2.90675377 -3.55301809 -0.86802017
v -2.9008727 -3.51353883 -0.87185007
v -2.9260025 -3.60537171 -0.70537906
v -2.92930603 -3.59839606 -0.78429412
v -2.91973948 -3.60484695 -0.86383706
v -2.8975389 -3.6241641 -0.93854337
v -2.88230562 -3.57441234 -0.94645828
v -2.94977927 -3.65966963 -0.78523415
v -2.94158124 -3.66664195 -0.86027008
v -2.92157721 -3.68598294 -0.93096983
v -2.89138841 -3.71443796 -0.99467027
v -2.86506438 -3.65468263 -1.00506639
v -2.97450685 -3.73951387 -0.85573518
v -2.95651221 -3.75860405 -0.92286479
v -2.9292612 -3.78674817 -0.98344153
v -2.89470076 -3.82100367 -1.03619122
v -2.85365605 -3.7498629 -1.04967689
v -2.99695324 -3.82705617 -0.9143244
v -2.97267508 -3.85585117 -0.97236102
v -2.94136953 -3.89107346 -1.02351796
v -2.90375804 -3.92917752 -1.06840157
v -2.85428404 -3.85919523 -1.08125138
v -3.0176413 -3.9162743 -0.96296721
v -2.98780036 -3.95114231 -1.01419138
v -2.95046019 -3.98904252 -1.05987882
v -2.90710473 -4.02831411 -1.10088014
v -2.86042952 -3.96881628 -1.10820329
v -3.02560472 -3.99416208 -1.00960397
v -2.98839902 -4.03225565 -1.05660998
v -2.94476604 -4.07233905 -1.09883976
v -2.8964343 -4.11360216 -1.13589191
v -2.85930943 -4.06943368 -1.13684928
v -3.01903867 -4.06358337 -1.05656087
v -2.97457313 -4.10432577 -1.10016107
v -2.92587709 -4.14625453 -1.13822412
v -2.87503957 -4.18971395 -1.17055678
v -2.84562802 -4.15670537 -1.16732251
v -3.00069642 -4.12904739 -1.10445678
v -2.95206284 -4.1721239 -1.14372766
v -2.90144944 -4.21647262 -1.17723059
v -2.84999704 -4.26221942 -1.20491576
v -2.82303953 -4.23472547 -1.19720339
v -2.97665381 -4.19244813 -1.15276122
v -2.92612028 -4.23751211 -1.18785512
v -2.87492561 -4.28380966 -1.2172085
v -2.8230257 -4.33077526 -1.24146282
v -2.79800677 -4.30853843 -1.22759175
v -2.94748449 -4.25163793 -1.20224952
v -2.89611673 -4.29821586 -1.23354017
v -2.84378385 -4.34568166 -1.2591499
v -2.79108905 -4.39449977 -1.2779994
v -2.77096796 -4.37879419 -1.25924325
v -2.91333103 -4.30647611 -1.25233268
v -2.85935115 -4.35332632 -1.27976656
v -2.80555701 -4.40279245 -1.29965567
v -2.75212454 -4.45285224 -1.31211376
v -2.73908615 -4.44398021 -1.29029679
v -2.86968207 -4.35399246 -1.30247724
v -2.81459093 -4.40473699 -1.32345819
v -2.75905418 -4.45529222 -1.33610355
v -2.70727419 -4.50851249 -1.34325552
v -2.70127654 -4.50535059 -1.31949544
v -2.81425762 -4.39701843 -1.34535741
v -2.75731039 -4.44886684 -1.35815942
v -2.70437741 -4.50385665 -1.36530065
v -2.65553808 -4.56556987 -1.36887216
v -2.65905046 -4.5680437 -1.34612071
v -2.74662804 -4.43445205 -1.37536692
v -2.69310712 -4.49198103 -1.38326335
v -2.64125037 -4.55381679 -1.38586092
v -2.58760237 -4.61678552 -1.37895977
v -2.60329318 -4.6278696 -1.36276674
v -2.67708611 -4.47611284 -1.39887046
v -2.62371444 -4.53889656 -1.40076398
v -2.56911063 -4.60270881 -1.39253568
v -2.5137887 -4.66469717 -1.37592279
v -2.53290462 -4.67816352 -1.36329269
v -2.60113477 -4.51968431 -1.41124117
v -2.54661011 -4.5844841 -1.4025079
v -2.49134779 -4.64720726 -1.38592541
v -2.43640041 -4.70619869 -1.3614434
v -2.45930647 -4.72266101 -1.35160517
v -2.51946663 -4.56196737 -1.41068375
v -2.46487212 -4.62575578 -1.39455199
v -2.40994644 -4.68592357 -1.36999833
v -2.35667705 -4.74326086 -1.33882904
v -2.38411808 -4.76176595 -1.33016729
v -2.4301989 -4.59800338 -1.40354907
v -2.37648201 -4.6603651 -1.37867784
v -2.32413387 -4.72072362 -1.34714269
v -2.27649116 -4.77974271 -1.30878436
v -2.30858278 -4.79886007 -1.30108165
v -2.32974672 -4.6252799 -1.3889054
v -2.27903842 -4.68942356 -1.35653352
v -2.2323904 -4.75203371 -1.31709075
v -2.19311761 -4.81463193 -1.26821124
v -2.23556447 -4.83777475 -1.26323401
v -2.22257733 -4.65211582 -1.36607563
v -2.17769455 -4.71893739 -1.32450246
v -2.14189052 -4.78697919 -1.27040481
v -2.11804032 -4.85415554 -1.20457327
v -2.16491985 -4.87756061 -1.20915365
v -2.11960673 -4.68893528 -1.32579529
v -2.0890994 -4.76053667 -1.26552593
v -2.06883859 -4.82977247 -1.19499898
v -2.06000161 -4.89545059 -1.11835169
v -2.10667657 -4.92029094 -1.13224983
v -2.0423367 -4.73821973 -1.25585091
v -2.02557778 -4.80595731 -1.18207097
v -2.01817059 -4.8684597 -1.1033616
v -2.01753473 -4.92340755 -1.02399194
v -2.06027269 -4.95448064 -1.03984892
v -1.99067592 -4.78416442 -1.16980862
v -1.98427796 -4.84258079 -1.09038806
v -1.98191964 -4.89330387 -1.01131427
v -1.98075699 -4.93455171 -0.93204897
v -2.01857447 -4.96899366 -0.94420045
v -1.95764195 -4.81960153 -1.08035254
v -1.95319199 -4.86709499 -1.00161826
v -1.95067417 -4.9059081 -0.92262768
v -1.95011675 -4.93554687 -0.83951824
v -1.98146021 -4.96639442 -0.84878009
v -1.9300915 -4.8445692 -0.99359768
v -1.92662966 -4.88199758 -0.91458708
v -1.92583596 -4.91069221 -0.83156383
v -1.9318639 -4.92858839 -0.74330526
v -1.95586299 -4.95430326 -0.75055801
v -1.90690696 -4.86011028 -0.90718829
v -1.90680873 -4.88767337 -0.82427901
v -1.9131596 -4.90419101 -0.73692983
v -1.92749416 -4.90720319 -0.64856934
v -1.94615256 -4.93288707 -0.653113
v -1.89344906 -4.86432027 -0.81774216
v -1.90094745 -4.87867021 -0.73189759
v -1.91632664 -4.87989854 -0.64641672
v -1.93482196 -4.86937522 -0.56256848
v -1.94700384 -4.89777803 -0.56158822
v -1.89101779 -4.85516357 -0.72825586
v -1.91375517 -4.85303115 -0.64696526
v -1.93323123 -4.84096431 -0.56706732
v -1.95487284 -4.81952619 -0.48833859
v -1.95708417 -4.84879064 -0.48001581
v -1.92032599 -4.82822084 -0.6499499
v -1.9410299 -4.81559038 -0.57440096
v -1.96385467 -4.79418516 -0.50031888
v -1.99101316 -4.76394128 -0.43081095
v -1.98261189 -4.78931903 -0.41372916
v -1.95696377 -4.79497528 -0.58388292
v -1.97997891 -4.77416563 -0.51409709
v -2.00674271 -4.74439477 -0.44938758
v -2.03750395 -4.70733881 -0.39298659
v -2.02387476 -4.7263894 -0.37045434
v -2.00147581 -4.76087617 -0.52843654
v -2.02780962 -4.73164844 -0.46797311
v -2.05782818 -4.6950531 -0.41548499
v -2.08941674 -4.651865 -0.37053287
v -2.07022857 -4.66327619 -0.34525182
v -2.05401635 -4.72610282 -0.486047
v -2.08365058 -4.6902461 -0.43633872
v -2.1148293 -4.64791202 -0.39291244
v -2.14609193 -4.59928321 -0.35420906
v -2.12118101 -4.6021347 -0.331144
v -2.11329841 -4.69300556 -0.4536134
v -2.14459896 -4.65126514 -0.41098347
v -2.17619442 -4.6033163 -0.37288686
v -2.20778894 -4.54905509 -0.33918234
v -2.17744231 -4.54386186 -0.32001528
v -2.17688822 -4.66128492 -0.42439013
v -2.20965528 -4.61379957 -0.38676363
v -2.24219679 -4.56019496 -0.35338965
v -2.27579784 -4.50136852 -0.32415315
v -2.24066662 -4.48904609 -0.3095515
v -2.24567627 -4.63019418 -0.39610663
v -2.28018164 -4.57734346 -0.36310926
v -2.31537032 -4.51989078 -0.3342342
v -2.35189127 -4.45941209 -0.30837106
v -2.31171417 -4.4396944 -0.29787313
v -2.3216598 -4.60071468 -0.36824381
v -2.35801434 -4.54424905 -0.33920741
v -2.3958311 -4.48504734 -0.31395068
v -2.43521952 -4.42411232 -0.29347103
v -2.39057159 -4.39694881 -0.28669315
v -2.40554785 -4.57558059 -0.3388744
v -2.44466042 -4.51730251 -0.31429687
v -2.48537731 -4.45806264 -0.29376596
v -2.52740144 -4.39823389 -0.27830311
v -2.47598385 -4.3623867 -0.27691662
v -2.49614524 -4.55618667 -0.30698937
v -2.53830623 -4.49774599 -0.2870675
v -2.58109688 -4.4387393 -0.27168154
v -2.62481045 -4.37969207 -0.26171231
v -2.57074165 -4.33846855 -0.26772731
v -2.58358883 -4.5353918 -0.27423772
v -2.6271696 -4.47583389 -0.25918182
v -2.6715095 -4.41669845 -0.2496238
v -2.71603894 -4.35820055 -0.24607378
v -2.66923952 -4.32131004 -0.25763469
v -2.66387748 -4.50647783 -0.24392978
v -2.70802211 -4.44592666 -0.235034
v -2.75271248 -4.38680267 -0.23187139
v -2.79834723 -4.33000564 -0.2352119
v -2.76088476 -4.3012433 -0.2491361
v -2.73705792 -4.4691267 -0.218304
v -2.78181767 -4.40898799 -0.21571238
v -2.82786274 -4.35170173 -0.21943152
v -2.87519741 -4.29743814 -0.23031179
v -2.8448174 -4.27605056 -0.24610346
v -2.80606627 -4.42686128 -0.19653096
v -2.85237193 -4.36870384 -0.20084473
v -2.90016388 -4.3135724 -0.21205443
v -2.94907879 -4.26117515 -0.23123577
v -2.92310452 -4.24614191 -0.24917188
v -2.87267494 -4.38150024 -0.17904639
v -2.92084956 -4.32515716 -0.19116634
v -2.97057223 -4.27143144 -0.21120637
v -3.02084803 -4.2202773 -0.2397606
v -2.99780654 -4.21148729 -0.25898551
v -2.93614363 -4.33165979 -0.16960564
v -2.98676776 -4.27669763 -0.19089333
v -3.03846144 -4.22410488 -0.2205971
v -3.08930516 -4.17399835 -0.25903064
v -3.0697031 -4.17175674 -0.27720961
v -2.99807047 -4.27756929 -0.17087225
v -3.05151367 -4.22372961 -0.20156128
v -3.1038599 -4.1717472 -0.24109444
v -3.15288615 -4.12238597 -0.28919157
v -3.13691568 -4.12677192 -0.30587384
v -3.06032776 -4.21915292 -0.18237429
v -3.11399483 -4.16522264 -0.22299809
v -3.16469192 -4.11391067 -0.27228331
v -3.21056699 -4.06573247 -0.33250466
v -3.19720554 -4.0763421 -0.34715682
v -3.11589503 -4.15349292 -0.20776642
v -3.1671493 -4.10073185 -0.25909918
v -3.21346378 -4.05058479 -0.32082918
v -3.24896502 -4.00446128 -0.39337182
v -3.24598336 -4.02202129 -0.40365576
v -3.15860772 -4.08240842 -0.25008997
v -3.20491337 -4.03121566 -0.31210997
v -3.24179363 -3.98400545 -0.38440534
v -3.26532006 -3.94432902 -0.46451774
v -3.27129626 -3.96567988 -0.47281569
v -3.19531035 -4.01002454 -0.3022986
v -3.23352956 -3.96167683 -0.37422335
v -3.25837397 -3.92017436 -0.45479947
v -3.27073502 -3.8871324 -0.54004085
v -3.27648854 -3.91319966 -0.54819214
v -3.21973085 -3.93618917 -0.36382365
v -3.2468822 -3.8928771 -0.44433912
v -3.26011705 -3.85810852 -0.53134107
v -3.25802135 -3.83562064 -0.62082004
v -3.26778841 -3.8656466 -0.62679302
v -3.22804546 -3.85947203 -0.43372714
v -3.24263453 -3.8217411 -0.52177035
v -3.24331665 -3.79752039 -0.61425316
v -3.23483085 -3.78580832 -0.70790189
v -3.24896049 -3.82443523 -0.71045249
v -3.2169218 -3.77415299 -0.51105868
v -3.22134947 -3.74624633 -0.60659796
v -3.21391248 -3.73314929 -0.7048074
v -3.19895839 -3.73294353 -0.80277252
v -3.22107696 -3.78700208 -0.80098092
v -3.19226765 -3.68366336 -0.59861588
v -3.18523836 -3.66902804 -0.70122748
v -3.16956067 -3.66805791 -0.80359429
v -3.14347362 -3.68179416 -0.90165889
v -3.17713785 -3.74624252 -0.89754557
v -3.15167641 -3.60118365 -0.69713312
v -3.13425517 -3.600425 -0.80267262
v -3.10564851 -3.61521339 -0.9028657
v -3.06877517 -3.64344286 -0.99502337
v -3.10881447 -3.71005988 -0.99059522
v -3.09885025 -3.54173588 -0.80028712
v -3.06980156 -3.55801558 -0.90275561
v -3.03263807 -3.5863018 -0.99692386
v -2.9885137 -3.62352705 -1.08109235
v -3.0262115 -3.68106436 -1.07650542
v -3.04003143 -3.51358175 -0.90247273
v -3.00279402 -3.54296183 -0.99819725
v -2.95785617 -3.58048033 -1.08317112
v -2.90659833 -3.62335109 -1.15708732
v -2.93790221 -3.66495156 -1.15297019
v -2.97888946 -3.51032757 -0.9990614
v -2.93401145 -3.54886245 -1.08488822
v -2.8820486 -3.5929892 -1.15991127
v -2.82466411 -3.64201068 -1.22323918
v -2.8501029 -3.67072224 -1.21981871
v -2.91232085 -3.52337908 -1.08572483
v -2.85933041 -3.56795191 -1.16079115
v -2.80075883 -3.61847138 -1.223778
v -2.73923921 -3.67254304 -1.2759056
v -2.76416492 -3.69572258 -1.27591753
v -2.8364675 -3.54863953 -1.15777647
v -2.77775597 -3.5998342 -1.21962106
v -2.71635389 -3.65418124 -1.27165746
v -2.65310287 -3.71207189 -1.31530594
v -2.67610335 -3.7296648 -1.32062697
v -2.75625634 -3.58496379 -1.21403074
v -2.69494772 -3.63969039 -1.26471149
v -2.63225865 -3.69820022 -1.30658471
v -2.56857371 -3.76048946 -1.34144043
v -2.58903455 -3.77340531 -1.3520956
v -2.67582798 -3.63144421 -1.25288808
v -2.61409401 -3.69055104 -1.29281914
v -2.55167603 -3.75320673 -1.32601845
v -2.48852324 -3.81878876 -1.35090792
v -2.50446677 -3.82552981 -1.36948132
v -2.60954475 -3.7016437 -1.27039361
v -2.54863786 -3.76279044 -1.30246377
v -2.48793649 -3.82751655 -1.32828319
v -2.42713975 -3.8940823 -1.34942603
v -2.42662143 -3.88664031 -1.37276637
v -2.5532031 -3.77886629 -1.28065276
v -2.49324655 -3.84149551 -1.30585372
v -2.43347501 -3.906327 -1.32622015
v -2.37409615 -3.97337102 -1.34063148
v -2.36686635 -3.96259093 -1.36464929
v -2.50505209 -3.8606112 -1.28582978
v -2.44622802 -3.92359018 -1.30547606
v -2.38824319 -3.98957872 -1.31918895
v -2.33320474 -4.0578432 -1.32774674
v -2.31877827 -4.04383039 -1.35011124
v -2.46498632 -3.94566893 -1.28671562
v -2.40837812 -4.01002264 -1.30007433
v -2.35385584 -4.07666349 -1.30816531
v -2.29849433 -4.14345359 -1.3131361
v -2.27763629 -4.12557172 -1.33296954
v -2.43357706 -4.03450727 -1.28346991
v -2.37945342 -4.09971761 -1.2917509
v -2.32455182 -4.1654253 -1.29662108
v -2.2698431 -4.23057651 -1.29795718
v -2.24280285 -4.2095232 -1.31478798
v -2.40897822 -4.12660932 -1.27792227
v -2.35496902 -4.1911683 -1.28276181
v -2.3011384 -4.2552123 -1.28405547
v -2.24833893 -4.31883859 -1.28106319
v -2.21653127 -4.29614448 -1.29449105
v -2.39356613 -4.22413301 -1.26967465
v -2.34030437 -4.28647899 -1.27122485
v -2.28853082 -4.34834766 -1.2683829
v -2.23942947 -4.41025161 -1.26058065
v -2.19746518 -4.38289499 -1.27236807
v -2.38927817 -4.32661247 -1.25935518
v -2.33904719 -4.38669252 -1.25726413
v -2.29168844 -4.44643545 -1.25054633
v -2.24695706 -4.50515985 -1.23779511
v -2.19414806 -4.4724121 -1.24585056
v -2.39511179 -4.43156528 -1.25004303
v -2.34873461 -4.48897695 -1.2441858
v -2.30426144 -4.54491138 -1.23234307
v -2.26138901 -4.59966564 -1.21307158
v -2.20524406 -4.5634222 -1.21657609
v -2.40068507 -4.53147411 -1.24288225
v -2.35502433 -4.58532762 -1.23150014
v -2.31120181 -4.63766336 -1.21269929
v -2.27079105 -4.68954515 -1.18543934
v -2.22142505 -4.65368795 -1.18498456
v -2.39601898 -4.62043666 -1.23412787
v -2.35187292 -4.6716423 -1.21516251
v -2.31161022 -4.72215414 -1.18820202
v -2.27743244 -4.7721982 -1.15310406
v -2.23608088 -4.74040842 -1.14914941
v -2.38314771 -4.69926595 -1.21958982
v -2.3427093 -4.74845647 -1.19219136
v -2.30811762 -4.7974224 -1.15763235
v -2.28036451 -4.84568786 -1.11536562
v -2.2501378 -4.82095289 -1.10931789
v -2.36684727 -4.77003145 -1.19694721
v -2.33192253 -4.81792974 -1.16236352
v -2.30348658 -4.86563825 -1.12117552
v -2.28261566 -4.91193866 -1.07180869
v -2.26030969 -4.89173412 -1.06474423
v -2.35188961 -4.8362503 -1.16786003
v -2.32305169 -4.88308811 -1.12693989
v -2.30079531 -4.92949771 -1.07884311
v -2.28516125 -4.97459363 -1.02209878
v -2.2681992 -4.95601177 -1.01456189
v -2.33907508 -4.89944171 -1.13419091
v -2.31622505 -4.94604587 -1.08661699
v -2.29929614 -4.99229717 -1.03025496
v -2.28864526 -5.03542614 -0.96358752
v -2.27566051 -5.01554012 -0.95594871
v -2.32745289 -4.96239662 -1.09677946
v -2.30968976 -5.00970697 -1.03983449
v -2.29748225 -5.05421447 -0.97178345
v -2.2917819 -5.09129428 -0.89334774
v -2.28427577 -5.07059478 -0.88703
v -2.3134942 -5.02656269 -1.05173075
v -2.30105042 -5.07354784 -0.9816932
v -2.29475545 -5.1123352 -0.89986312
v -2.29295945 -5.13855791 -0.80985385
v -2.29207921 -5.11758279 -0.80664992
v -2.29436469 -5.08852338 -0.99075639
v -2.28887724 -5.13087129 -0.90633916
v -2.28516578 -5.15815544 -0.81296891
v -2.28989553 -5.1728115 -0.71388256
v -2.29807758 -5.15195179 -0.71441739
v -2.27085208 -5.14110851 -0.91119915
v -2.26945209 -5.17349052 -0.81498873
v -2.27416086 -5.18993663 -0.71178853
v -2.28970956 -5.18570518 -0.60749638
v -2.30556035 -5.16885232 -0.61357861
v -2.24725604 -5.18052482 -0.8155092
v -2.25146555 -5.19872808 -0.70939344
v -2.26747393 -5.19423008 -0.60126841
v -2.29615521 -5.1693654 -0.49987334
v -2.31731557 -5.16119098 -0.50978893
v -2.22553539 -5.197299 -0.70609504
v -2.24274539 -5.19315671 -0.59598571
v -2.27188777 -5.1690793 -0.49190437
v -2.31041097 -5.12792491 -0.39942243
v -2.3337028 -5.1289649 -0.40976095
v -2.21733641 -5.18344402 -0.59181153
v -2.24667382 -5.15981864 -0.48670294
v -2.28574204 -5.11974906 -0.39238739
v -2.33299231 -5.06764507 -0.31094065
v -2.35736608 -5.07627344 -0.31994217
v -2.22069191 -5.14557457 -0.48332518
v -2.25915145 -5.1062355 -0.38790163
v -2.30683088 -5.05344104 -0.30555766
v -2.3617773 -4.99124097 -0.23756082
v -2.38664913 -5.00643444 -0.24296179
v -2.2306323 -5.08872413 -0.38551479
v -2.27948451 -5.03566551 -0.30270442
v -2.33557272 -4.97232914 -0.23488006
v -2.39413428 -4.90226221 -0.18167576
v -2.41987657 -4.92200756 -0.18347585
v -2.24700045 -5.01158714 -0.3006137
v -2.30420875 -4.94816112 -0.23277062
v -2.36301302 -4.87788963 -0.17977535
v -2.41918897 -4.80264425 -0.13861019
v -2.45106291 -4.82711362 -0.14057514
v -2.26297879 -4.91628599 -0.23003551
v -2.31842565 -4.84372901 -0.17698052
v -2.37084078 -4.76645565 -0.13631615
v -2.41896605 -4.6883049 -0.10545018
v -2.47031974 -4.7257204 -0.10744038
v -2.26635742 -4.80665159 -0.17546984
v -2.31466984 -4.72957468 -0.13565337
v -2.36051559 -4.65095233 -0.10525459
v -2.40462589 -4.57263708 -0.0812402
v -2.46470522 -4.60963296 -0.08181218
v -2.26147341 -4.69776487 -0.13815966
v -2.30552911 -4.62066412 -0.10675512
v -2.34812331 -4.54156827 -0.08256103
v -2.39093852 -4.46113491 -0.06207431
v -2.44906401 -4.49305868 -0.06171513
v -2.2643013 -4.59754324 -0.11064523
v -2.30696797 -4.519454 -0.08489238
v -2.35061907 -4.43943405 -0.06379719
v -2.43584513 -4.37975311 -0.04513812
v -2.26995825 -4.49800443 -0.08999352
v -2.31421351 -4.41874504 -0.06798733
v -2.23951482 -4.47659444 -0.10260111
v -2.28321123 -4.39845228 -0.0788386
v -2.25962185 -4.37953901 -0.09804508
v -2.30522275 -4.30044174 -0.07956723
v -2.2904849 -4.28608179 -0.10559824
v -2.33739662 -4.20650816 -0.09040012
v -2.33063626 -4.19806957 -0.12037765
v -2.3791058 -4.1183381 -0.11108215
v -2.38193106 -4.11822176 -0.14297837
v -2.43225622 -4.04019546 -0.14050769
v -2.44384241 -4.04995584 -0.17075534
v -2.49691629 -3.9778006 -0.17663589
v -2.5142219 -3.99628186 -0.20289816
v -2.56468033 -3.92902302 -0.21951991
v -2.58603406 -3.95484924 -0.24177159
v -2.63394284 -3.89342975 -0.26830962
v -2.658813 -3.9257276 -0.28619223
v -2.70429825 -3.87240481 -0.32084479
v -2.73662781 -3.91481351 -0.33578637
v -2.77858209 -3.8688476 -0.37544414
v -2.8212943 -3.9223349 -0.3866828
v -2.85950207 -3.8826375 -0.43023604
v -2.90974235 -3.93920064 -0.43516597
v -2.94260358 -3.90388894 -0.48251244
v -2.99488806 -3.9540174 -0.48191735
v -3.02048921 -3.92197084 -0.53478378
v -3.06664776 -3.9596672 -0.53225171
v -3.082834 -3.93211126 -0.59104847
v -3.1208086 -3.95943999 -0.58864539
v -3.12787866 -3.94071316 -0.65127807
v -3.15807485 -3.95965433 -0.64970231
v -3.15718698 -3.95135426 -0.7136088
v -3.18330264 -3.96350121 -0.71333706
v -3.17709136 -3.96541261 -0.77712333
v -3.20162177 -3.97091603 -0.77882957
v -3.19285917 -3.98277068 -0.84140056
v -3.21604394 -3.98073053 -0.84552204
v -3.20426797 -4.00349617 -0.90810304
v -3.22270727 -3.99421238 -0.91647255
v -3.20466232 -4.03067541 -0.9807254
v -3.20990061 -4.0125432 -0.99357789
v -3.17777085 -4.05724477 -1.0574119
v -3.17055892 -4.0360322 -1.06835627
v -3.12680316 -4.08405637 -1.1270771
v -3.1163609 -4.06096792 -1.13787138
v -3.06558704 -4.10936784 -1.19094395
v -3.04999327 -4.08293962 -1.20074987
v -2.99600935 -4.13076305 -1.24891185
v -2.9765644 -4.10099458 -1.25905478
v -2.92080855 -4.14960193 -1.30202496
v -2.89405322 -4.11165189 -1.31235849
v -2.83633971 -4.16450119 -1.34839701
v -2.79399752 -4.10758543 -1.35955846
v -2.73344898 -4.16476535 -1.3894211
v -2.68111753 -4.10118198 -1.40035665
v -2.61789846 -4.16446209 -1.42309689
v -2.56233882 -4.10911655 -1.43094968
v -2.49844956 -4.17872285 -1.44603562
v -2.45191764 -4.13807392 -1.44963252
v -2.38762307 -4.21091365 -1.4557048
v -2.35388541 -4.18257141 -1.45693898
v -2.28882646 -4.25479459 -1.45483112
v -2.26230359 -4.23249006 -1.45432424
v -2.19902777 -4.30810022 -1.44519174
v -2.17496252 -4.28859186 -1.44160616
v -2.11396932 -4.36872625 -1.42434549
v -2.0936799 -4.35217762 -1.41508269
v -2.03862118 -4.43401813 -1.38550925
v -2.02151966 -4.42003202 -1.37740814
v -1.97688722 -4.50193119 -1.33318913
v -1.9698385 -4.48771524 -1.31721663
v -1.93586218 -4.56410026 -1.26079189
v -1.94583702 -4.55348825 -1.24401986
v -1.92084789 -4.62030792 -1.18077933
v -1.93781232 -4.61264658 -1.1676135
v -1.92015874 -4.66920042 -1.10091328
v -1.94146001 -4.66453266 -1.09319138
v -1.92965185 -4.70986795 -1.02456402
v -1.95538806 -4.71020412 -1.02177643
v -1.94849646 -4.74452018 -0.95227384
v -1.97818481 -4.75073099 -0.95361423
v -1.97836303 -4.77499866 -0.88419759
v -2.00866031 -4.78695154 -0.88853037
v -2.01525807 -4.80191659 -0.81997084
v -2.04807734 -4.82014036 -0.82610511
v -2.06034517 -4.82534217 -0.75896441
v -2.09741425 -4.85204553 -0.76617991
v -2.11374354 -4.84759092 -0.70073932
v -2.15356183 -4.88341808 -0.70689535
v -2.17393684 -4.86893272 -0.64330387
v -2.21329903 -4.91147041 -0.64577055
v -2.23873877 -4.88761758 -0.58455956
v -2.2738645 -4.93184709 -0.58159035
v -2.30578184 -4.89912605 -0.52384519
v -2.33471608 -4.94025087 -0.51562821
v -2.37140822 -4.89909696 -0.46179267
v -2.39332389 -4.9342761 -0.44938251
v -2.43374419 -4.88629484 -0.39882141
v -2.45069408 -4.91765546 -0.38174343
v -2.49458742 -4.86450958 -0.33471444
v -2.50666046 -4.89064741 -0.31443134
v -2.55291223 -4.83100843 -0.27288505
v -2.56070303 -4.85061025 -0.25032711
v -2.60801649 -4.78350305 -0.21701103
v -2.61192035 -4.79596614 -0.19397527
v -2.65962123 -4.72490835 -0.16892617
v -2.65954589 -4.73115921 -0.14615772
v -2.70723962 -4.65900611 -0.12796327
v -2.70141983 -4.65866327 -0.10677722
v -2.74994802 -4.58705329 -0.09490034
v -2.73843431 -4.58038187 -0.07833652
v -2.78825974 -4.5096054 -0.07363348
v -2.77247524 -4.49796867 -0.06323511
v -2.82293129 -4.42840576 -0.06515222
v -2.80276894 -4.41202879 -0.05868643
v -2.85425925 -4.34365558 -0.06669531
v -2.82911872 -4.32204151 -0.06125393
v -2.8839209 -4.25504255 -0.07648789
v -2.85592246 -4.22874069 -0.07130155
v -2.91251444 -4.16191721 -0.09464566
v -2.86866283 -4.11714935 -0.08641006
v -2.92655015 -4.05079746 -0.11805419
v -2.87877869 -4.00085115 -0.10821382
v -2.93550157 -3.93407869 -0.1480043
v -2.88215994 -3.87959742 -0.13379059
v -2.93676233 -3.8127489 -0.18273483
v -2.89052486 -3.76588082 -0.16996629
v -2.94466018 -3.70157361 -0.22890333
v -2.91079044 -3.66899943 -0.22150242
v -2.96267366 -3.60787558 -0.28926324
v -2.93144464 -3.58246803 -0.28644186
v -2.97779989 -3.52502298 -0.36454376
v -2.94533038 -3.50646281 -0.36644449
v -2.97970747 -3.45878386 -0.45817959
v -2.94848775 -3.45173978 -0.46412929
v -2.97225451 -3.40910863 -0.56350761
v -2.943367 -3.40986824 -0.56792938
v -2.95579838 -3.39016962 -0.67568033
v -2.93629097 -3.41122579 -0.67860472
v -2.93332505 -3.40964674 -0.78506541
v -2.92079138 -3.43627882 -0.78363603
v -2.90383076 -3.45097827 -0.88082647
v -2.90004372 -3.48046875 -0.87608736
v -2.87127995 -3.50684571 -0.96083563
v -2.8745985 -3.53797864 -0.95338654
v -2.83776307 -3.57299542 -1.02497375
v -2.84783697 -3.60748505 -1.01577937
v -2.80573701 -3.64879488 -1.07460904
v -2.82472014 -3.69231629 -1.06254327
v -2.77948546 -3.73593449 -1.11109006
v -2.81094646 -3.7904973 -1.09668767
v -2.76473426 -3.83579707 -1.13669812
v -2.80977988 -3.90043497 -1.12067103
v -2.76195716 -3.94488954 -1.15514898
v -2.81276965 -4.01061868 -1.14329934
v -2.76206851 -4.05512809 -1.17303931
v -2.80883669 -4.11283826 -1.16750252
v -2.75614595 -4.15814638 -1.1930257
v -2.79332137 -4.20156908 -1.19348204
v -2.74007248 -4.24787902 -1.21401977
v -2.77061963 -4.28085088 -1.2185471
v -2.71808433 -4.32862043 -1.2349174
v -2.74605107 -4.35617017 -1.24459195
v -2.69467997 -4.40583849 -1.25613474
v -2.7194767 -4.42797756 -1.27103507
v -2.66943025 -4.47982978 -1.27855885
v -2.68863129 -4.49590635 -1.2977525
v -2.63992714 -4.5508666 -1.30074083
v -2.65244197 -4.56218719 -1.32226038
v -2.60241341 -4.6204319 -1.31811082
v -2.60803103 -4.62862205 -1.34126579
v -2.55530118 -4.68749618 -1.32728982
v -2.54936575 -4.68846464 -1.34813427
v -2.49613237 -4.74366569 -1.32435631
v -2.47906422 -4.73490285 -1.33925914
v -2.42848992 -4.78627634 -1.30707919
v -2.40803384 -4.7762537 -1.31985342
v -2.36258506 -4.82651996 -1.28186893
v -2.33744072 -4.814682 -1.29236817
v -2.29879188 -4.86721324 -1.24895823
v -2.26916551 -4.85404348 -1.25667619
v -2.23835182 -4.91082143 -1.20668327
v -2.20493841 -4.89659166 -1.20989453
v -2.18592906 -4.95661497 -1.14845168
v -2.14944791 -4.94070482 -1.14260458
v -2.14517474 -5.00050735 -1.06892359
v -2.10572767 -4.98101186 -1.05618763
v -2.10495924 -5.0328679 -0.97407335
v -2.06239581 -5.00374555 -0.95912176
v -2.06407618 -5.04131746 -0.87169671
v -2.02042698 -5.00340557 -0.85958141
v -2.02588701 -5.02740907 -0.76884758
v -1.98715722 -4.9876275 -0.75911444
v -2.0010724 -4.99499082 -0.66568225
v -1.96934819 -4.95910644 -0.65872955
v -1.98882794 -4.95101738 -0.56663888
v -1.96653878 -4.92430591 -0.5635308
v -1.98884201 -4.90581941 -0.47437971
v -1.96942246 -4.87793254 -0.47577568
v -1.99690842 -4.84825754 -0.39181813
v -1.98514819 -4.81866216 -0.40060707
v -2.02067112 -4.77844953 -0.33061149
v -2.01830101 -4.75087785 -0.34905934
v -2.05499601 -4.70365333 -0.29447591
v -2.05875778 -4.68098163 -0.3194423
v -2.09314775 -4.62733745 -0.2764112
v -2.10307097 -4.61182689 -0.30443599
v -2.13590669 -4.55247068 -0.2689076
v -2.15293216 -4.54500341 -0.29630205
v -2.18565893 -4.48082637 -0.26636549
v -2.21033692 -4.4822483 -0.29044333
v -2.24685931 -4.41716289 -0.26351457
v -2.27653312 -4.42571783 -0.28292307
v -2.31516265 -4.35990762 -0.26027166
v -2.34994959 -4.37541008 -0.27536177
v -2.39025926 -4.30949878 -0.25700226
v -2.43056535 -4.33309412 -0.26928386
v -2.47162127 -4.26866197 -0.25650593
v -2.51785588 -4.30037975 -0.26523104
v -2.5606451 -4.23842477 -0.25951573
v -2.61483264 -4.2791233 -0.26249766
v -2.65937161 -4.22098207 -0.26419568
v -2.71383929 -4.26421785 -0.25993913
v -2.7587614 -4.20950222 -0.27042359
v -2.80620813 -4.24711418 -0.26001694
v -2.85169959 -4.1964693 -0.27915927
v -2.89151501 -4.22530031 -0.26502159
v -2.93751359 -4.17775535 -0.29190367
v -2.97039198 -4.19766902 -0.27640703
v -3.01562595 -4.15196085 -0.31179624
v -3.04484748 -4.16452074 -0.29523655
v -3.08839893 -4.12058496 -0.33940479
v -3.11531233 -4.12632417 -0.32280439
v -3.15542602 -4.08416557 -0.37671688
v -3.1791861 -4.08273601 -0.36193263
v -3.21235632 -4.04362201 -0.42727145
v -3.23235535 -4.03544473 -0.415463
v -3.25290489 -4.00141191 -0.49071747
v -3.26703286 -3.98566627 -0.48178389
v -3.27331519 -3.95829224 -0.5618909
v -3.27806544 -3.93674302 -0.55528551
v -3.27712607 -3.91821789 -0.63679528
v -3.27452564 -3.89270257 -0.63224178
v -3.26637387 -3.88381958 -0.71453553
v -3.25888419 -3.85501933 -0.71255397
v -3.24679374 -3.85753274 -0.79728317
v -3.23609542 -3.82622242 -0.79925209
v -3.21953249 -3.84190845 -0.88453209
v -3.20202088 -3.80023121 -0.89107793
v -3.17680788 -3.82782697 -0.97329378
v -3.14733314 -3.77424478 -0.98295337
v -3.11031866 -3.81431198 -1.05755293
v -3.06952023 -3.74871063 -1.06879532
v -3.02498054 -3.79279017 -1.13678717
v -2.97924423 -3.72403359 -1.1464982
v -2.92717838 -3.76890039 -1.20722246
v -2.88301301 -3.71016359 -1.21532571
v -2.82392549 -3.7599287 -1.26797843
v -2.79035329 -3.72294306 -1.27265369
v -2.72892022 -3.77853488 -1.31859266
v -2.70168805 -3.7524209 -1.32110452
v -2.63845229 -3.81334638 -1.35961818
v -2.61201167 -3.79071092 -1.35835814
v -2.54775857 -3.85539794 -1.38864874
v -2.52471709 -3.83824968 -1.38168442
v -2.46068286 -3.90552926 -1.40610301
v -2.4410274 -3.89306235 -1.39257454
v -2.37992024 -3.96419572 -1.41008949
v -2.36553621 -3.95701575 -1.38840818
v -2.31269145 -4.03329038 -1.39962291
v -2.31168246 -4.03547859 -1.3744595
v -2.25569486 -4.10473823 -1.38098657
v -2.26312637 -4.11248397 -1.35598397
v -2.20499134 -4.18062782 -1.35834908
v -2.22070717 -4.19251251 -1.33505654
v -2.16457939 -4.26165866 -1.33093178
v -2.18835234 -4.27683544 -1.31100976
v -2.1360476 -4.34595537 -1.30027437
v -2.16500353 -4.3627572 -1.28477251
v -2.11710214 -4.42986202 -1.26671171
v -2.15070581 -4.44766235 -1.2557528
v -2.10985374 -4.51213073 -1.22888195
v -2.15373301 -4.53435087 -1.22163415
v -2.11889863 -4.59465742 -1.18785822
v -2.16800689 -4.62082099 -1.18583667
v -2.13615083 -4.67598056 -1.14396941
v -2.18669748 -4.70625829 -1.1461116
v -2.15959858 -4.7558999 -1.09727394
v -2.20847868 -4.78954649 -1.10328853
v -2.18886756 -4.8343358 -1.04866516
v -2.23015618 -4.86651992 -1.05724287
v -2.21690368 -4.90693664 -0.9977616
v -2.24647593 -4.93432712 -1.00677382
v -2.23854398 -4.96973276 -0.94095581
v -2.25944066 -4.99456119 -0.94880735
v -2.2576487 -5.0231204 -0.87559282
v -2.27263236 -5.04747533 -0.88121032
v -2.27641749 -5.06824255 -0.80056399
v -2.28613209 -5.09316921 -0.80317193
v -2.2951765 -5.10125398 -0.71655094
v -2.29941296 -5.12746477 -0.71551948
v -2.31645345 -5.12064409 -0.62595754
v -2.31415772 -5.14628267 -0.61991399
v -2.3417449 -5.12344741 -0.5320484
v -2.33296608 -5.14548683 -0.52070277
v -2.36962699 -5.10838747 -0.43788412
v -2.35447073 -5.12227439 -0.42298141
v -2.39833927 -5.07302045 -0.3479973
v -2.37963986 -5.07807016 -0.33259412
v -2.42986679 -5.01881265 -0.26656198
v -2.40960311 -5.01587057 -0.25274553
v -2.46479582 -4.9480648 -0.19722083
v -2.44350504 -4.93770647 -0.1880023
v -2.49963831 -4.86236238 -0.14562426
v -2.47684431 -4.84653043 -0.14247089
v -2.5293219 -4.76858997 -0.11079499
v -2.50335359 -4.75000095 -0.10907626
v -2.552598 -4.6715064 -0.085245
v -2.51859664 -4.64719963 -0.08366625
v -2.56439614 -4.56806516 -0.06572853
v -2.50902104 -4.52962064 -0.06309738
v -2.55510449 -4.45025968 -0.0491138
v -2.49515128 -4.41238308 -0.04626619
v -2.54325771 -4.3320918 -0.03629251
v -2.22760796 -4.57485199 -0.11809074
v -2.22030806 -4.67309188 -0.14277769
v -2.21592187 -4.77341127 -0.17743665
v -2.21430206 -4.88031673 -0.22808995
v -2.20767092 -4.98033618 -0.29870939
v -2.19759964 -5.06330585 -0.38444626
v -2.19277215 -5.12608337 -0.48135662
v -2.19200635 -5.16789865 -0.58833605
v -2.19944691 -5.18686008 -0.70203971
v -2.22111773 -5.17838001 -0.81363177
v -2.24953126 -5.14593362 -0.91374743
v -2.27613663 -5.09589481 -0.99708879
v -2.30421638 -5.03811597 -1.0634787
v -2.33061742 -4.97772789 -1.11025059
v -2.35039162 -4.91559791 -1.14471101
v -2.36796927 -4.85325527 -1.17511582
v -2.3870275 -4.78939294 -1.20274579
v -2.40781855 -4.72216701 -1.22512304
v -2.42783451 -4.64907884 -1.23917853
v -2.44218564 -4.56767225 -1.24577474
v -2.44708013 -4.47595071 -1.24820315
v -2.44386243 -4.37341785 -1.25170314
v -2.44186496 -4.26640129 -1.2578237
v -2.44735336 -4.16162061 -1.26448404
v -2.46276593 -4.06306505 -1.2691015
v -2.48862004 -3.9717617 -1.27038538
v -2.52280235 -3.88448476 -1.26764559
v -2.56395101 -3.7998557 -1.26118397
v -2.61272096 -3.71929407 -1.24952149
v -2.6695292 -3.64414858 -1.23127162
v -2.73659277 -3.57591605 -1.20473516
v -2.81641101 -3.53058123 -1.15688383
v -2.89079356 -3.50268316 -1.08461582
v -2.95824551 -3.48479628 -0.99937474
v -3.01588916 -3.47985053 -0.90217471
v -3.06829834 -3.49537992 -0.79792088
v -3.11733579 -3.53960728 -0.69257599
v -3.15790772 -3.61620283 -0.59092348
v -3.18651509 -3.71347165 -0.49960938
v -3.19969987 -3.81507945 -0.42225632
v -3.19982576 -3.90645384 -0.3538649
v -3.18036484 -3.98573231 -0.29270562
v -3.14804053 -4.06227922 -0.2404932
v -3.10701155 -4.13635158 -0.19781863
v -3.0616734 -4.20905447 -0.1657724
v -3.00526809 -4.27450609 -0.15058672
v -2.94574332 -4.33338308 -0.14885245
v -2.88717579 -4.38913202 -0.15631468
v -2.82579231 -4.44063711 -0.17423644
v -2.7610197 -4.48809576 -0.19863376
v -2.69317412 -4.53142595 -0.22640289
v -2.62018203 -4.56761074 -0.25823953
v -2.5410285 -4.59465408 -0.29385694
v -2.45552325 -4.61365175 -0.33187383
v -2.36805057 -4.63167333 -0.36794957
v -2.28611517 -4.65349865 -0.40129864
v -2.21194481 -4.67763042 -0.43361625
v -2.14482569 -4.70266008 -0.46653595
v -2.08372855 -4.72837972 -0.50176066
v -2.02777361 -4.75498104 -0.54264807
v -1.9788798 -4.78157949 -0.59438759
v -1.93581652 -4.80761861 -0.65568828
v -1.89961588 -4.83054971 -0.72785955
v -1.8810817 -4.8434 -0.81222999
v -1.89219903 -4.83894109 -0.900182
v -1.91071987 -4.82386064 -0.9860422
v -1.93551349 -4.798841 -1.07173693
v -1.96544909 -4.76383781 -1.15901494
v -2.00471043 -4.71859741 -1.24589693
v -2.06874346 -4.66600561 -1.32138073
v -2.16043162 -4.61557483 -1.37094903
v -2.27170658 -4.58380556 -1.39755857
v -2.38170933 -4.55935001 -1.41215455
v -2.48449254 -4.53298807 -1.41861891
v -2.57392287 -4.49648094 -1.41901671
v -2.65560674 -4.4559164 -1.41110312
v -2.73147797 -4.41675996 -1.3900007
v -2.80358457 -4.38008308 -1.36163139
v -2.87037849 -4.34494304 -1.32285594
v -2.92499184 -4.30638837 -1.27399659
v -2.96534156 -4.2595644 -1.21942865
v -2.9983232 -4.20638561 -1.16501009
v -3.02560687 -4.14849042 -1.11195623
v -3.04567217 -4.08722591 -1.0593903
v -3.05650425 -4.02493619 -1.00816214
v -3.0546689 -3.95959639 -0.95765495
v -3.03956437 -3.887506 -0.9061079
v -3.0133357 -3.80746626 -0.85043722
v -2.98194646 -3.73123145 -0.78519541
v -2.94663643 -3.66656827 -0.71064776
v -2.91143965 -3.62539339 -0.63174879
v -2.87457704 -3.60629963 -0.55185484
v -2.83501219 -3.60545897 -0.47410345
v -2.79358458 -3.61569571 -0.3951762
v -2.75356483 -3.64012956 -0.31552115
v -2.71419048 -3.67924308 -0.23761369
v -2.67581152 -3.73674011 -0.16533811
v -2.64051842 -3.81366848 -0.10527139
v -2.60616397 -3.90505123 -0.06104505
v -2.5751481 -4.0050888 -0.03509577
v 2.87884545 -4.41175842 -0.13510496
v 2.88459515 -4.41297149 -0.11412351
v 2.83462905 -4.47981882 -0.10801663
v 2.82976102 -4.47743558 -0.13140584
v 2.8206954 -4.47176265 -0.15395256
v 2.86814713 -4.4074192 -0.15848152
v 2.92887973 -4.34998178 -0.14902061
v 2.93619036 -4.34961319 -0.12683871
v 2.91801095 -4.34698915 -0.16980125
v 2.96931695 -4.29055738 -0.18893602
v 2.98179531 -4.29227399 -0.16812169
v 2.85309886 -4.39899396 -0.18030636
v 2.9016416 -4.33963251 -0.19134835
v 2.95165371 -4.28426122 -0.2097637
v 3.00207734 -4.23216772 -0.23620608
v 3.02111625 -4.23726987 -0.21612671
v 2.88088011 -4.32760047 -0.21139796
v 2.92954373 -4.2731142 -0.22940555
v 2.97835707 -4.22201633 -0.25543472
v 3.02516865 -4.17390775 -0.29001614
v 3.05119347 -4.18272638 -0.27138853
v 2.90396976 -4.25761461 -0.24607905
v 2.95077157 -4.20703697 -0.27202788
v 2.995193 -4.15958595 -0.30627781
v 3.03615427 -4.11542224 -0.34824001
v 3.06820797 -4.12885952 -0.33301144
v 2.91697263 -4.18546342 -0.28674805
v 2.95999431 -4.13864612 -0.32031571
v 2.99986553 -4.09537649 -0.36116728
v 3.03577017 -4.05589819 -0.40851685
v 3.0724399 -4.07498073 -0.39726969
v 2.91574668 -4.10787868 -0.33265945
v 2.95476126 -4.0653572 -0.37274399
v 2.99064397 -4.02587795 -0.41805324
v 3.02174234 -3.98978781 -0.46832013
v 3.0659964 -4.01954793 -0.46115827
v 2.90278601 -4.02401065 -0.38008037
v 2.93915128 -3.98449397 -0.42407655
v 2.97202944 -3.94778323 -0.47194665
v 2.99945569 -3.91465401 -0.52481299
v 3.04672765 -3.95595884 -0.52268976
v 2.88600873 -3.9326353 -0.42380663
v 2.92026567 -3.89528918 -0.47119692
v 2.95044136 -3.86059713 -0.52258306
v 2.97427392 -3.82938981 -0.579301
v 3.02142834 -3.88409543 -0.58159112
v 2.8735497 -3.83655953 -0.46415081
v 2.90548062 -3.80047702 -0.51604986
v 2.9325664 -3.76660013 -0.57269424
v 2.9525063 -3.7374823 -0.6353392
v 2.99235343 -3.80201458 -0.6406489
v 2.87023592 -3.74004912 -0.50452417
v 2.89954471 -3.70418858 -0.56248635
v 2.92238354 -3.67253828 -0.62714213
v 2.93703031 -3.64937019 -0.69801378
v 2.96636176 -3.71638464 -0.70321166
v 2.877774 -3.64798021 -0.54959315
v 2.90263605 -3.61428737 -0.6166557
v 2.91936564 -3.59099602 -0.69170182
v 2.92480874 -3.58063077 -0.77247595
v 2.94185614 -3.63933157 -0.77450746
v 2.89251136 -3.56564426 -0.60575532
v 2.91020369 -3.54076194 -0.68482226
v 2.91545915 -3.5303874 -0.77085912
v 2.90636992 -3.5370109 -0.85781109
v 2.91668176 -3.58520627 -0.85446447
v 2.9081397 -3.50064969 -0.6781342
v 2.91310834 -3.49222564 -0.76946973
v 2.90217113 -3.50142455 -0.86059171
v 2.87713193 -3.52428674 -0.9453454
v 2.88282513 -3.55811333 -0.93919742
v 2.91573119 -3.45934867 -0.76854759
v 2.90299558 -3.47009682 -0.86413568
v 2.87505221 -3.49408721 -0.95217144
v 2.83583807 -3.52795338 -1.02982139
v 2.83995938 -3.55709409 -1.020177
v 2.90807294 -3.44177866 -0.86844551
v 2.87811088 -3.46692276 -0.96011561
v 2.83660769 -3.50171256 -1.0406959
v 2.78639173 -3.5446856 -1.11046695
v 2.78777456 -3.57001543 -1.09636545
v 2.88601541 -3.44439125 -0.96997594
v 2.84312939 -3.48018455 -1.05404281
v 2.79018449 -3.52337694 -1.12575328
v 2.73126363 -3.57490634 -1.18655896
v 2.73025822 -3.59487056 -1.16900825
v 2.85980558 -3.4714055 -1.06725573
v 2.80583429 -3.51690769 -1.14106786
v 2.74494957 -3.56747627 -1.20460784
v 2.68125796 -3.62641716 -1.25707531
v 2.66958785 -3.63248682 -1.23728871
v 2.8267281 -3.52773809 -1.14877915
v 2.76552176 -3.57936048 -1.21251845
v 2.70112037 -3.6374073 -1.26627647
v 2.63619899 -3.69971823 -1.31082451
v 2.61659145 -3.68857431 -1.30036747
v 2.78646612 -3.59781909 -1.21497738
v 2.7230494 -3.65505147 -1.27031242
v 2.65856957 -3.71580886 -1.31681764
v 2.59400224 -3.78057003 -1.35457277
v 2.57183814 -3.76460886 -1.34825873
v 2.746351 -3.67511558 -1.2724713
v 2.68232202 -3.73509144 -1.31953394
v 2.617877 -3.79922604 -1.35814714
v 2.55438065 -3.86669492 -1.3901689
v 2.53084564 -3.84829616 -1.38628244
v 2.70780015 -3.75770854 -1.31900727
v 2.6443305 -3.82135272 -1.35865831
v 2.58112335 -3.88859534 -1.3910048
v 2.51800179 -3.95716023 -1.41769874
v 2.49148416 -3.93541026 -1.4166994
v 2.67414808 -3.84794998 -1.35641038
v 2.61109995 -3.91439318 -1.38946187
v 2.54802823 -3.98257327 -1.4166764
v 2.4843173 -4.05184984 -1.43753278
v 2.45438885 -4.02675676 -1.43847179
v 2.6506381 -3.95023751 -1.38562107
v 2.58782029 -4.01799964 -1.41332137
v 2.52399921 -4.08655929 -1.43483793
v 2.45954823 -4.15662956 -1.44885087
v 2.42008423 -4.12266349 -1.45124912
v 2.63842606 -4.06647586 -1.40688169
v 2.57506299 -4.13445425 -1.42920815
v 2.51120424 -4.20331764 -1.44397997
v 2.44750714 -4.27411508 -1.44983589
v 2.39494752 -4.22886133 -1.45466482
v 2.63220596 -4.19318246 -1.42041528
v 2.5699625 -4.26048374 -1.4355508
v 2.50815129 -4.3288927 -1.44204795
v 2.44901108 -4.39908123 -1.43978774
v 2.38652205 -4.34678602 -1.44739973
v 2.62570643 -4.31676006 -1.42506265
v 2.56554126 -4.38264417 -1.43206298
v 2.5077188 -4.4500904 -1.43059122
v 2.45232224 -4.51831626 -1.42148888
v 2.39381146 -4.47039699 -1.43019127
v 2.60735869 -4.42183923 -1.42351043
v 2.54975485 -4.48732757 -1.4225713
v 2.49450039 -4.55387353 -1.41311085
v 2.43993449 -4.61935186 -1.3952068
v 2.398597 -4.58587646 -1.403764
v 2.58040857 -4.51452684 -1.41519725
v 2.52552557 -4.58034086 -1.40579605
v 2.470366 -4.6442871 -1.38688278
v 2.41498756 -4.70485162 -1.36060619
v 2.38492536 -4.68182659 -1.36866188
v 2.55244684 -4.60255146 -1.39606082
v 2.49731397 -4.66588115 -1.37697553
v 2.44278359 -4.7249813 -1.34993863
v 2.39169335 -4.78082799 -1.31657111
v 2.36272931 -4.762506 -1.32621634
v 2.52030873 -4.68160247 -1.36260378
v 2.46672534 -4.74002218 -1.33663165
v 2.41627574 -4.79338264 -1.3034954
v 2.37205123 -4.84400701 -1.26481843
v 2.34688115 -4.83338451 -1.27647864
v 2.48504877 -4.74814987 -1.31959843
v 2.43552565 -4.79981231 -1.28750431
v 2.39217329 -4.84867 -1.25017321
v 2.35673689 -4.89719772 -1.20862674
v 2.33625006 -4.89393091 -1.22177386
v 2.44986701 -4.80046558 -1.26910734
v 2.40810012 -4.84857416 -1.23343622
v 2.37314415 -4.89564132 -1.19328439
v 2.3450644 -4.94308519 -1.14812994
v 2.32944941 -4.94704628 -1.16229617
v 2.41034221 -4.838346 -1.2172321
v 2.37526965 -4.88474845 -1.1783328
v 2.34603405 -4.93110227 -1.13427007
v 2.32308268 -4.97901201 -1.08248174
v 2.32303714 -4.99291706 -1.09524548
v 2.36466789 -4.86869716 -1.16717767
v 2.33541536 -4.91537094 -1.12366688
v 2.31287932 -4.96271038 -1.07231283
v 2.29671216 -5.00947475 -1.01135253
v 2.30570888 -5.02667331 -1.02047216
v 2.32046628 -4.89965391 -1.11611878
v 2.29842901 -4.94653749 -1.06452417
v 2.28380465 -4.9915328 -1.00308263
v 2.27572679 -5.03168106 -0.93154686
v 2.28787899 -5.05211973 -0.93882381
v 2.2807722 -4.929389 -1.05755364
v 2.26700615 -4.97272968 -0.99562215
v 2.26101565 -5.01009035 -0.92445498
v 2.26152062 -5.03765726 -0.84615999
v 2.27581119 -5.06212997 -0.85127764
v 2.24702143 -4.95203113 -0.98824948
v 2.24116826 -4.98626089 -0.91748106
v 2.24294257 -5.00872993 -0.8405779
v 2.25088119 -5.01810312 -0.76143467
v 2.26959729 -5.05029678 -0.7640236
v 2.21453499 -4.9562788 -0.90898853
v 2.21649336 -4.97471904 -0.83385717
v 2.22578716 -4.98010206 -0.75780326
v 2.24174332 -4.97271823 -0.68396109
v 2.26709985 -5.01273965 -0.68384951
v 2.1827414 -4.93611383 -0.82608825
v 2.19273281 -4.93859195 -0.75284481
v 2.20930671 -4.92859268 -0.68269455
v 2.23179173 -4.90821075 -0.61724638
v 2.26526117 -4.95277071 -0.61540162
v 2.15312194 -4.89543771 -0.74654287
v 2.17036151 -4.88474559 -0.67922395
v 2.19251728 -4.86452388 -0.61638939
v 2.21924185 -4.83588028 -0.55884051
v 2.25966358 -4.87864446 -0.55769914
v 2.13015556 -4.84725713 -0.67397201
v 2.15209484 -4.82758092 -0.6126846
v 2.17803525 -4.79980945 -0.55633884
v 2.20750904 -4.76495933 -0.50537854
v 2.24998354 -4.79999494 -0.50693863
v 2.11373615 -4.79952478 -0.60655212
v 2.13906574 -4.77235078 -0.55053204
v 2.1677761 -4.73855924 -0.49978533
v 2.19897389 -4.69863843 -0.45412707
v 2.23939323 -4.72384882 -0.4595192
v 2.10386824 -4.75382328 -0.54198902
v 2.13229799 -4.72080087 -0.49064973
v 2.16324639 -4.68152093 -0.444774
v 2.19533801 -4.63585281 -0.40385934
v 2.23169112 -4.65267849 -0.41330424
v 2.09995985 -4.71055793 -0.47786372
v 2.13014173 -4.67120552 -0.43111008
v 2.16147136 -4.62529993 -0.38970813
v 2.19308114 -4.57268142 -0.35294097
v 2.22764611 -4.58363533 -0.36746433
v 2.09946441 -4.66804122 -0.41270729
v 2.13079929 -4.62159824 -0.37057277
v 2.16225719 -4.56827402 -0.33332812
v 2.19499588 -4.50830459 -0.3004879
v 2.22519564 -4.51398944 -0.32050418
v 2.10515189 -4.62526559 -0.34681266
v 2.13732051 -4.57050275 -0.30901247
v 2.17097997 -4.50826168 -0.27588775
v 2.20737886 -4.44135761 -0.24683296
v 2.23059225 -4.44318485 -0.27174481
v 2.12008023 -4.57917642 -0.28115019
v 2.1542375 -4.51412868 -0.24737785
v 2.19182539 -4.44526195 -0.21787652
v 2.23237109 -4.37401485 -0.19173371
v 2.24657535 -4.37166833 -0.22098179
v 2.14654183 -4.52571201 -0.21708776
v 2.18589711 -4.45502615 -0.18703565
v 2.22731518 -4.38168954 -0.16092442
v 2.27043724 -4.30567979 -0.13863371
v 2.2743175 -4.29997444 -0.16946053
v 2.18998241 -4.46950817 -0.1575874
v 2.23203253 -4.39410209 -0.13117328
v 2.27602934 -4.31641912 -0.108927
v 2.32334947 -4.23716163 -0.09161266
v 2.31614756 -4.22780418 -0.12089807
v 2.24633598 -4.41042757 -0.1054744
v 2.29136037 -4.33152246 -0.08361456
v 2.34010696 -4.25109148 -0.06756345
v 2.39129734 -4.16938877 -0.05555006
v 2.37347579 -4.15642499 -0.07889959
v 2.3160417 -4.34966993 -0.06656075
v 2.36497592 -4.26838398 -0.05115007
v 2.41664505 -4.18615818 -0.03978962
v 2.47185492 -4.10221242 -0.03440771
v 2.44598412 -4.08604097 -0.04952435
v 2.39610719 -4.28786611 -0.04199276
v 2.4476521 -4.20529222 -0.03120214
v 2.50270414 -4.1213026 -0.02624227
v 2.56172275 -4.03685236 -0.0303581
v 2.53102946 -4.01768732 -0.03793855
v 2.48314333 -4.22600269 -0.02778861
v 2.53771424 -4.1426053 -0.02403385
v 2.59635973 -4.05887889 -0.02902797
v 2.65817189 -3.97790098 -0.04466296
v 2.62371015 -3.95455765 -0.04510461
v 2.57911253 -4.16780519 -0.02667141
v 2.63714313 -4.08575153 -0.03313834
v 2.69813728 -4.00608253 -0.04968748
v 2.75905466 -3.93007397 -0.07704764
v 2.72060847 -3.90068626 -0.07214936
v 2.69471597 -4.12597513 -0.041562
v 2.75327134 -4.0482521 -0.06003566
v 2.81286525 -3.97384929 -0.0869871
v 2.87093067 -3.9024291 -0.12410939
v 2.82054281 -3.85713696 -0.11315716
v 2.80830264 -4.09537887 -0.07021635
v 2.86744499 -4.02397728 -0.09949146
v 2.92486429 -3.95618939 -0.13694487
v 2.9795134 -3.89009499 -0.18399608
v 2.92779731 -3.83429575 -0.17049926
v 2.91467547 -4.07318353 -0.10880352
v 2.97230625 -4.00791406 -0.14746618
v 3.02682066 -3.94556403 -0.19533251
v 3.0770812 -3.88563513 -0.25175228
v 3.03074622 -3.82700467 -0.2398926
v 3.0133624 -4.05438375 -0.15651695
v 3.06728363 -3.99365091 -0.20519267
v 3.11671567 -3.93563079 -0.26219803
v 3.15957689 -3.88059759 -0.32870486
v 3.12199735 -3.82875418 -0.31734222
v 3.0973134 -4.02849006 -0.21293111
v 3.14726615 -3.97295165 -0.27090284
v 3.18987751 -3.92013573 -0.33850523
v 3.220541 -3.87344932 -0.41751569
v 3.1934278 -3.83051753 -0.40603846
v 3.16916465 -3.99965047 -0.27808028
v 3.21023654 -3.94951534 -0.34810727
v 3.2400124 -3.9051938 -0.42777371
v 3.25700759 -3.87029719 -0.51503908
v 3.23929572 -3.83620667 -0.50543415
v 3.22442221 -3.97474575 -0.35806438
v 3.25296282 -3.93143391 -0.43782603
v 3.26807093 -3.89712643 -0.52367156
v 3.27053546 -3.87473964 -0.61255896
v 3.26082563 -3.84688115 -0.60627055
v 3.26059365 -3.95528769 -0.44751429
v 3.27523398 -3.92289328 -0.5322743
v 3.27682662 -3.90227747 -0.61884218
v 3.26995372 -3.89341306 -0.70348763
v 3.26343846 -3.86458873 -0.70066958
v 3.27643489 -3.94722294 -0.54037803
v 3.27756834 -3.92860388 -0.6243726
v 3.27058792 -3.92032647 -0.70552384
v 3.25848484 -3.9221816 -0.78241115
v 3.258574 -3.89542174 -0.78446
v 3.26882982 -3.95194315 -0.62879437
v 3.26180195 -3.94343757 -0.70618701
v 3.25086116 -3.94514203 -0.77936917
v 3.23895859 -3.95725965 -0.84852594
v 3.24521517 -3.93509149 -0.85521978
v 3.24519252 -3.96055698 -0.70567381
v 3.23588132 -3.96215581 -0.7757256
v 3.22537851 -3.97383523 -0.84200662
v 3.21397876 -3.99768567 -0.90571332
v 3.22573328 -3.98092699 -0.91568392
v 3.2152884 -3.97069168 -0.77248919
v 3.20553326 -3.9815979 -0.83685469
v 3.19319486 -4.00321769 -0.89893627
v 3.17499041 -4.03518438 -0.96049451
v 3.19687247 -4.03319788 -0.96889436
v 3.18231463 -3.98024249 -0.83346164
v 3.16985416 -4.00027704 -0.89476978
v 3.15116405 -4.03008174 -0.95474422
v 3.12258362 -4.06776332 -1.01255798
v 3.14617061 -4.07513046 -1.02064907
v 3.14518547 -3.98996925 -0.89246386
v 3.12636113 -4.0181961 -0.95149034
v 3.0980494 -4.05446052 -1.00769233
v 3.05972981 -4.09508943 -1.05983614
v 3.08338046 -4.10985469 -1.06677615
v 3.10119223 -4.00073003 -0.95055133
v 3.07300448 -4.03621149 -1.00542199
v 3.03499293 -4.07529497 -1.05570232
v 2.9895842 -4.11611461 -1.10052168
v 3.01407909 -4.13707828 -1.1063708
v 3.04597878 -4.01199054 -1.00524187
v 3.00851059 -4.050323 -1.0540961
v 2.96351265 -4.09013748 -1.09754455
v 2.9137454 -4.13099908 -1.13529372
v 2.93975496 -4.15798139 -1.13923955
v 2.97510552 -4.01455831 -1.05527472
v 2.93115901 -4.05417203 -1.09747278
v 2.88209629 -4.09514617 -1.13436448
v 2.83041214 -4.13872909 -1.16592824
v 2.86132502 -4.17401218 -1.16746354
v 2.88963127 -4.0035758 -1.10150706
v 2.84090423 -4.04489326 -1.13747692
v 2.78915786 -4.08886194 -1.16833257
v 2.73545789 -4.13568973 -1.19375228
v 2.77701211 -4.18465805 -1.1919825
v 2.79188394 -3.9818871 -1.14616513
v 2.74000787 -4.02803039 -1.17626535
v 2.68600964 -4.07742214 -1.20116114
v 2.63067817 -4.12926197 -1.22098147
v 2.68040609 -4.18486595 -1.21401524
v 2.68971014 -3.96696901 -1.18952608
v 2.63525509 -4.01928329 -1.21380364
v 2.57953476 -4.0742383 -1.23292279
v 2.52294969 -4.13105869 -1.24744749
v 2.57472467 -4.18328332 -1.23601079
v 2.59085941 -3.96934938 -1.22879922
v 2.5343492 -4.0270133 -1.24741363
v 2.47758436 -4.08664226 -1.26157724
v 2.42107129 -4.14782905 -1.27101182
v 2.46654987 -4.189507 -1.25745809
v 2.50139308 -3.99235391 -1.26135683
v 2.44431591 -4.05411481 -1.2751131
v 2.38778829 -4.11745786 -1.28419184
v 2.33193135 -4.18256092 -1.28889823
v 2.36558818 -4.21090078 -1.27581334
v 2.41679692 -4.02681016 -1.29012215
v 2.3595848 -4.09163665 -1.29922044
v 2.30300712 -4.15819931 -1.30431926
v 2.24749946 -4.22604131 -1.30489659
v 2.27737736 -4.24864149 -1.28939199
v 2.33537149 -4.06918335 -1.31734609
v 2.27838778 -4.13747024 -1.32275891
v 2.2220354 -4.20721197 -1.32314574
v 2.16719889 -4.2782464 -1.31761872
v 2.19398164 -4.29508447 -1.29983472
v 2.25942611 -4.12128686 -1.3446114
v 2.20183324 -4.19274663 -1.34409999
v 2.14572453 -4.26633262 -1.3374449
v 2.09275746 -4.34234237 -1.32262682
v 2.11501693 -4.35081958 -1.30420219
v 2.18862366 -4.18405199 -1.36787927
v 2.13089275 -4.2600646 -1.36014497
v 2.07593965 -4.33832979 -1.34283506
v 2.02630829 -4.41679763 -1.31415271
v 2.04393768 -4.41782188 -1.29621088
v 2.1226046 -4.25899028 -1.38446259
v 2.06547474 -4.33982753 -1.36511623
v 2.01433372 -4.41958808 -1.33367848
v 1.96915793 -4.49585437 -1.28967499
v 1.98289525 -4.49196004 -1.27334356
v 2.06085991 -4.34446954 -1.3873893
v 2.01237821 -4.42844009 -1.35377574
v 1.97083365 -4.50918102 -1.30794715
v 1.93800163 -4.58601951 -1.25074279
v 1.93339407 -4.57085895 -1.2362796
v 2.02234602 -4.44261074 -1.37035512
v 1.97956013 -4.52449464 -1.32380282
v 1.94806122 -4.60216474 -1.26415157
v 1.92859113 -4.67332792 -1.19339692
v 1.91718494 -4.65636682 -1.18240189
v 1.995983 -4.5411005 -1.33661413
v 1.96430814 -4.61898756 -1.27539348
v 1.9451313 -4.69075155 -1.20273518
v 1.93517112 -4.75539779 -1.12321794
v 1.91779816 -4.73670721 -1.11523473
v 1.98579096 -4.63706016 -1.28598916
v 1.96599149 -4.70958709 -1.21203267
v 1.95599544 -4.77543497 -1.13162982
v 1.95126175 -4.83268833 -1.05030036
v 1.92938566 -4.81101512 -1.04235327
v 1.990345 -4.72850751 -1.22134089
v 1.98060202 -4.79675102 -1.14076697
v 1.97783649 -4.85681009 -1.05951941
v 1.97811663 -4.90645313 -0.98084956
v 1.94928574 -4.88002872 -0.97038567
v 2.01218652 -4.82026195 -1.15250313
v 2.01215624 -4.88461494 -1.07216644
v 2.01486015 -4.93757152 -0.99459391
v 2.01754283 -4.98188543 -0.91283589
v 1.97939002 -4.94755172 -0.89943242
v 2.05439662 -4.91246128 -1.08839964
v 2.05831551 -4.96965742 -1.01139295
v 2.06118798 -5.01713132 -0.92752045
v 2.06597757 -5.05338573 -0.8355416
v 2.02228736 -5.01560974 -0.82366734
v 2.10235858 -4.9963665 -1.02861487
v 2.10248279 -5.04761362 -0.94172579
v 2.10543584 -5.08654403 -0.84649628
v 2.11165571 -5.11249685 -0.7454968
v 2.07510876 -5.07545948 -0.73725158
v 2.13805222 -5.07072877 -0.95307457
v 2.13855814 -5.11340141 -0.8565725
v 2.14391779 -5.14090299 -0.75297832
v 2.15703964 -5.14924812 -0.64456534
v 2.12597632 -5.1193614 -0.64010232
v 2.16771817 -5.13258743 -0.86423069
v 2.17216205 -5.16195678 -0.75932812
v 2.1838448 -5.17109632 -0.64870899
v 2.20547366 -5.15925264 -0.5387119
v 2.17927217 -5.13797712 -0.53670954
v 2.1993072 -5.17767953 -0.76463997
v 2.21002292 -5.18801593 -0.65288573
v 2.23140239 -5.17574882 -0.54173409
v 2.26469373 -5.14219474 -0.43977153
v 2.23830151 -5.1281929 -0.43596738
v 2.23554062 -5.19670057 -0.65732765
v 2.25723671 -5.18335104 -0.54690748
v 2.29019141 -5.14981412 -0.44636437
v 2.3329246 -5.10216808 -0.35959082
v 2.3089044 -5.09434413 -0.3515928
v 2.28065514 -5.18264865 -0.55390495
v 2.31350016 -5.14992094 -0.45579588
v 2.35484433 -5.10336637 -0.3708443
v 2.40290641 -5.04765939 -0.29822775
v 2.38330268 -5.0451436 -0.28633996
v 2.33300089 -5.14315462 -0.46684417
v 2.37382197 -5.09821796 -0.38436055
v 2.41993379 -5.04452276 -0.31321314
v 2.47087335 -4.98405122 -0.25117215
v 2.4563539 -4.98635816 -0.23512132
v 2.38853406 -5.08664369 -0.40020898
v 2.43324875 -5.03569173 -0.33030876
v 2.4818995 -4.97666072 -0.26937744
v 2.53329324 -4.91071796 -0.21830685
v 2.52436995 -4.9165349 -0.19925925
v 2.44132971 -5.02035284 -0.34911114
v 2.48898625 -4.964293 -0.2894212
v 2.53864264 -4.90083122 -0.23914945
v 2.58903932 -4.8319292 -0.19917598
v 2.58532047 -4.83969879 -0.17769534
v 2.49097275 -4.94602346 -0.31117361
v 2.5393424 -4.88550376 -0.26212555
v 2.58797383 -4.81941556 -0.22263546
v 2.63565516 -4.74997186 -0.1931758
v 2.63826131 -4.76041936 -0.16947835
v 2.5340228 -4.86472463 -0.28568166
v 2.581115 -4.80164814 -0.24698841
v 2.62736821 -4.73480224 -0.21770611
v 2.67279458 -4.66603374 -0.19742263
v 2.68242979 -4.67948532 -0.17275899
v 2.56785869 -4.77876377 -0.27091404
v 2.61270761 -4.7143979 -0.24212406
v 2.65700841 -4.64773654 -0.22153013
v 2.70085191 -4.58042192 -0.20791766
v 2.71789336 -4.59725332 -0.18464972
v 2.5909729 -4.68847322 -0.26526993
v 2.63418388 -4.62403154 -0.24412153
v 2.67723703 -4.55867767 -0.22927407
v 2.72027683 -4.49371957 -0.21984046
v 2.74412488 -4.51365852 -0.19968584
v 2.60334944 -4.59413766 -0.2646459
v 2.64614343 -4.53100061 -0.24867117
v 2.68990302 -4.4683237 -0.23801103
v 2.73454427 -4.40668869 -0.23305213
v 2.76397204 -4.42991733 -0.2163715
v 2.6076107 -4.49760484 -0.26522886
v 2.65116024 -4.43619251 -0.25374487
v 2.69569993 -4.37560653 -0.24803456
v 2.74053359 -4.31619119 -0.24873149
v 2.77995014 -4.34674835 -0.23452222
v 2.60310268 -4.39757299 -0.26597431
v 2.64668178 -4.33666849 -0.25890567
v 2.69089341 -4.27712202 -0.259027
v 2.73546648 -4.21932697 -0.26700934
v 2.78545355 -4.25871181 -0.25710433
v 2.591614 -4.29432725 -0.26293551
v 2.63559365 -4.23357152 -0.26136428
v 2.68011426 -4.17456483 -0.26859459
v 2.72399544 -4.11816644 -0.2852675
v 2.77953076 -4.16451215 -0.28360539
v 2.58159589 -4.19182395 -0.25637611
v 2.6264472 -4.1305108 -0.26187959
v 2.67088246 -4.07185316 -0.2778939
v 2.71432638 -4.01610326 -0.30279219
v 2.76694917 -4.06564903 -0.31004035
v 2.58137464 -4.09276723 -0.24935023
v 2.62661051 -4.03080368 -0.26419779
v 2.67128872 -3.9720056 -0.28880542
v 2.71541714 -3.91718554 -0.32105296
v 2.75700259 -3.96522688 -0.33488738
v 2.59263825 -3.99748873 -0.24819886
v 2.63912773 -3.93583512 -0.27240902
v 2.68537139 -3.8781526 -0.30505174
v 2.73028254 -3.82524585 -0.3443492
v 2.75817632 -3.86737132 -0.3600122
v 2.61495995 -3.90545487 -0.25343477
v 2.66270542 -3.84447431 -0.28642979
v 2.70934104 -3.78821516 -0.32621467
v 2.75438761 -3.73621296 -0.37023562
v 2.77260017 -3.77636146 -0.38865384
v 2.6456294 -3.81448674 -0.2641513
v 2.69472098 -3.75543904 -0.30398193
v 2.74305987 -3.70104074 -0.3483071
v 2.78660583 -3.64998531 -0.39937788
v 2.7958014 -3.68774628 -0.41968736
v 2.68773222 -3.72771501 -0.27794107
v 2.73878788 -3.67131447 -0.32369872
v 2.78450155 -3.61783051 -0.37655052
v 2.82703518 -3.56924796 -0.43600526
v 2.8263719 -3.60322165 -0.45634445
v 2.7422328 -3.64740872 -0.29683765
v 2.79040551 -3.59163308 -0.35167405
v 2.83531546 -3.54088568 -0.4139288
v 2.87421369 -3.49645257 -0.48560929
v 2.86431837 -3.52599811 -0.50309115
v 2.8055787 -3.57296347 -0.32573664
v 2.85184669 -3.51985001 -0.39216002
v 2.89092469 -3.47401833 -0.46968171
v 2.91844177 -3.43365001 -0.56011915
v 2.90355467 -3.45950651 -0.57016319
v 2.87682867 -3.5087502 -0.3726724
v 2.91599082 -3.46056342 -0.45584097
v 2.94184613 -3.41995573 -0.55174547
v 2.95668005 -3.39491844 -0.65884733
v 2.93530011 -3.41015267 -0.66224074
v 2.94621586 -3.45953989 -0.44589066
v 2.97214722 -3.42330431 -0.54764258
v 2.98536086 -3.39758563 -0.65815961
v 2.98090314 -3.39635849 -0.77349031
v 2.95573997 -3.39079117 -0.77121025
v 3.00209426 -3.43471026 -0.54652774
v 3.01119804 -3.41410565 -0.6597951
v 3.00387406 -3.41374921 -0.77553808
v 2.98076725 -3.43259477 -0.88560074
v 2.96035575 -3.41377997 -0.88411194
v 3.03799653 -3.43580293 -0.66280555
v 3.02796506 -3.43650555 -0.7777937
v 3.00318527 -3.45481562 -0.88724273
v 2.96734905 -3.48523998 -0.98710703
v 2.94600629 -3.46322965 -0.98586958
v 3.0513854 -3.46615791 -0.78018897
v 3.02553558 -3.48354601 -0.88806837
v 2.98931384 -3.51293587 -0.98709851
v 2.94439554 -3.55015182 -1.0753808
v 2.92246151 -3.52311301 -1.07590699
v 3.05191159 -3.52142906 -0.88881015
v 3.0152502 -3.54935073 -0.9866234
v 2.97054195 -3.58617711 -1.0739218
v 2.91832923 -3.62827158 -1.14969134
v 2.89125275 -3.59351706 -1.15166175
v 3.04663848 -3.59646964 -0.98600781
v 3.00237894 -3.63347315 -1.07191789
v 2.95184564 -3.67532467 -1.14595806
v 2.89631462 -3.7207067 -1.20906591
v 2.86039042 -3.67588067 -1.21346199
v 3.04178428 -3.69589757 -1.06810295
v 2.99450326 -3.7392869 -1.1396588
v 2.94256019 -3.78504967 -1.20099735
v 2.88610577 -3.83286023 -1.2550795
v 2.83736395 -3.77171874 -1.263327
v 3.04021453 -3.81040406 -1.12926113
v 2.99064326 -3.85673141 -1.18955779
v 2.93597674 -3.90409112 -1.24314987
v 2.87806868 -3.95400261 -1.29158842
v 2.82589101 -3.88533449 -1.30234801
v 3.03425192 -3.92439937 -1.17620563
v 2.98087739 -3.97227191 -1.2301656
v 2.92433905 -4.02162981 -1.27856314
v 2.86682152 -4.07434988 -1.32100892
v 2.81764078 -4.00822114 -1.33266437
v 3.0140438 -4.02326679 -1.21793651
v 2.95872187 -4.07160425 -1.26651513
v 2.90218019 -4.12295627 -1.30912733
v 2.84448671 -4.17748451 -1.34631264
v 2.80689072 -4.13032436 -1.35639917
v 2.98256397 -4.10640668 -1.25597274
v 2.92703199 -4.15701627 -1.29899478
v 2.87045216 -4.21049308 -1.33624076
v 2.81307983 -4.2662034 -1.3672558
v 2.78552413 -4.23445606 -1.3760761
v 2.94700956 -4.18602609 -1.28825998
v 2.89157104 -4.2390232 -1.32528066
v 2.8353641 -4.29396915 -1.35604369
v 2.77891516 -4.35162019 -1.38059806
v 2.75472545 -4.32508277 -1.39076674
v 2.90787434 -4.26383781 -1.31290304
v 2.85289073 -4.31795167 -1.34307074
v 2.79751205 -4.37446308 -1.36634266
v 2.74159073 -4.43377971 -1.38321161
v 2.72156715 -4.41211509 -1.39727306
v 2.86361193 -4.33710002 -1.32627594
v 2.80898523 -4.3920784 -1.34806561
v 2.75411796 -4.44965982 -1.36323559
v 2.69812226 -4.50919008 -1.37113165
v 2.68460249 -4.49502658 -1.39158701
v 2.81300807 -4.40375757 -1.32556116
v 2.75976586 -4.46001005 -1.33970654
v 2.70390939 -4.51652669 -1.3473221
v 2.64993095 -4.57358026 -1.34694206
v 2.64395499 -4.56924152 -1.37061905
v 2.75587773 -4.46107387 -1.31560933
v 2.70093035 -4.51548242 -1.32289838
v 2.64786195 -4.57062768 -1.32321035
v 2.59827685 -4.62893104 -1.31608092
v 2.59989166 -4.63399934 -1.33870053
v 2.68971204 -4.506567 -1.30105888
v 2.63782334 -4.56081628 -1.30219495
v 2.58728241 -4.61640358 -1.29674053
v 2.53680133 -4.67209529 -1.28419625
v 2.54728055 -4.68620681 -1.30186712
v 2.62180495 -4.54569482 -1.28425097
v 2.57183337 -4.60045909 -1.28063595
v 2.52179312 -4.65533113 -1.26987505
v 2.47251367 -4.70752763 -1.25257825
v 2.48758912 -4.72491979 -1.26405811
v 2.55114412 -4.58079385 -1.26745533
v 2.50179243 -4.63540697 -1.25892353
v 2.45336294 -4.68788242 -1.24354481
v 2.40771722 -4.73819351 -1.22107338
v 2.42668819 -4.75694847 -1.22773575
v 2.47774148 -4.61298131 -1.25082719
v 2.43052792 -4.66630268 -1.23706662
v 2.38602209 -4.7179079 -1.21551942
v 2.34565305 -4.76828384 -1.1860944
v 2.36681771 -4.78735256 -1.19082844
v 2.40264034 -4.64122247 -1.23190689
v 2.35867691 -4.69374132 -1.21102166
v 2.31875038 -4.74528837 -1.18193376
v 2.28382825 -4.79551553 -1.14455783
v 2.31063962 -4.81762266 -1.14913117
v 2.32278084 -4.66347074 -1.20781147
v 2.28258967 -4.71589374 -1.17874646
v 2.24705815 -4.76681947 -1.14039731
v 2.21809315 -4.81399917 -1.09172034
v 2.25484633 -4.84320354 -1.09861815
v 2.23674058 -4.68094778 -1.17655122
v 2.20122385 -4.73278856 -1.13602244
v 2.17283797 -4.78109836 -1.08496534
v 2.15246367 -4.82297468 -1.02489578
v 2.19657731 -4.85697794 -1.03450942
v 2.15032768 -4.70005083 -1.13224208
v 2.12373042 -4.74954175 -1.07851445
v 2.1051104 -4.79142379 -1.01639747
v 2.09523177 -4.82339239 -0.94856834
v 2.13995814 -4.85729217 -0.95893931
v 2.07766342 -4.72360849 -1.07314038
v 2.06223607 -4.76561307 -1.00912034
v 2.05462575 -4.79747772 -0.940521
v 2.05487871 -4.81883382 -0.87022566
v 2.09346962 -4.84619665 -0.8786627
v 2.02511239 -4.74579811 -1.00356245
v 2.01930069 -4.77741241 -0.9338572
v 2.02064299 -4.79871654 -0.86320394
v 2.02839541 -4.80941677 -0.79338032
v 2.06221365 -4.82961034 -0.80042719
v 1.98816573 -4.76364851 -0.92894512
v 1.98995029 -4.78511619 -0.85741788
v 1.99793899 -4.79625749 -0.78706061
v 2.01085162 -4.79708862 -0.71848076
v 2.04126763 -4.80938196 -0.72537958
v 1.95870029 -4.77725553 -0.85256266
v 1.96677124 -4.78913164 -0.78092992
v 1.98020327 -4.79122734 -0.71101242
v 1.99689006 -4.78322029 -0.64254361
v 2.02763724 -4.78779983 -0.65201795
v 1.93737196 -4.79158115 -0.77586907
v 1.95146811 -4.79453659 -0.70397269
v 1.96892368 -4.78758859 -0.63320803
v 1.98933255 -4.77137279 -0.56401866
v 2.01733422 -4.76595735 -0.57696437
v 1.92739236 -4.80730533 -0.69810825
v 1.94545817 -4.80074358 -0.62437158
v 1.96643126 -4.78499794 -0.55167168
v 1.99138343 -4.75982952 -0.48201161
v 2.01354622 -4.74622297 -0.49875026
v 1.9288187 -4.8209896 -0.61715668
v 1.9497894 -4.8053708 -0.54028177
v 1.97518789 -4.77996778 -0.46591839
v 2.00530219 -4.74569797 -0.39807194
v 2.020545 -4.72603464 -0.41918283
v 1.94158744 -4.83054018 -0.53113871
v 1.96716177 -4.80537891 -0.4521887
v 1.99813246 -4.77060842 -0.37870383
v 2.03493452 -4.72751712 -0.31718933
v 2.0398674 -4.70369339 -0.34060436
v 1.96972096 -4.83401203 -0.44210168
v 2.00168156 -4.79911279 -0.3638229
v 2.03947687 -4.75445461 -0.29736447
v 2.07977962 -4.6986823 -0.24229958
v 2.07352256 -4.67444562 -0.26593712
v 2.01417279 -4.82879734 -0.35372781
v 2.05375838 -4.78270721 -0.28211614
v 2.0958724 -4.72413349 -0.22401441
v 2.13900661 -4.65682506 -0.17811727
v 2.11962461 -4.63331031 -0.19768244
v 2.07468438 -4.81003046 -0.27179402
v 2.12040209 -4.75056076 -0.21083961
v 2.16716003 -4.68079185 -0.16567717
v 2.21190524 -4.60596084 -0.13069875
v 2.18219852 -4.58355236 -0.14259821
v 2.15196609 -4.77689981 -0.20362836
v 2.2012124 -4.70436334 -0.15866762
v 2.24721193 -4.62859535 -0.12361597
v 2.29193997 -4.55032205 -0.09433365
v 2.25574493 -4.52880907 -0.10037022
v 2.2420659 -4.73031616 -0.15446449
v 2.2882266 -4.65313291 -0.11959286
v 2.33395814 -4.57381868 -0.09152081
v 2.37977838 -4.49387884 -0.06891686
v 2.33685565 -4.4705882 -0.07138513
v 2.34386825 -4.68668079 -0.1175775
v 2.39152312 -4.60780477 -0.09015487
v 2.44022989 -4.52910757 -0.0687939
v 2.48781418 -4.44997644 -0.05196667
v 2.42557478 -4.41363191 -0.05080414
v 2.45116257 -4.64823818 -0.09145088
v 2.49854683 -4.56950235 -0.07050975
v 2.54620766 -4.48953628 -0.05474692
v 2.59356355 -4.40917587 -0.04386843
v 2.53560566 -4.36926269 -0.03949711
v 2.55027389 -4.60809516 -0.07342642
v 2.59716105 -4.52801799 -0.05806693
v 2.6432991 -4.44702625 -0.04822937
v 2.69167709 -4.36713838 -0.04424846
v 2.642874 -4.32861328 -0.03878044
v 2.63397216 -4.55504322 -0.06096862
v 2.68234872 -4.47638273 -0.05197763
v 2.73196506 -4.39873457 -0.04896458
v 2.78447032 -4.32318353 -0.05306604
v 2.74365067 -4.28873825 -0.04715347
v 2.70957398 -4.49619197 -0.05493686
v 2.75988435 -4.41996097 -0.05237215
v 2.81332492 -4.34700965 -0.05753815
v 2.86913824 -4.27718687 -0.07117587
v 2.84005284 -4.25125408 -0.06570463
v 2.78491163 -4.43909168 -0.05651796
v 2.83761668 -4.36690521 -0.06250185
v 2.89255094 -4.29797315 -0.07642143
v 2.94999766 -4.23311424 -0.09824485
v 2.92710351 -4.21125173 -0.09312858
v 2.85830378 -4.38437604 -0.06924514
v 2.91248059 -4.31644678 -0.082813
v 2.96925282 -4.25267505 -0.10455977
v 3.02598762 -4.19208002 -0.13667717
v 3.00778698 -4.1713891 -0.12957423
v 2.92886519 -4.33286714 -0.09213638
v 2.98432445 -4.27029943 -0.11406517
v 3.03928041 -4.21024942 -0.14651775
v 3.09355497 -4.15238857 -0.18754927
v 3.08188247 -4.13335657 -0.17749884
v 2.99297356 -4.28436422 -0.12835606
v 3.04812121 -4.22592306 -0.15846875
v 3.10285449 -4.16973114 -0.19781294
v 3.15482425 -4.11390924 -0.2455886
v 3.14568114 -4.09659624 -0.23724028
v 3.04376649 -4.23375177 -0.17705489
v 3.09746241 -4.17908287 -0.21506379
v 3.14857602 -4.12626218 -0.26227974
v 3.19485807 -4.07797765 -0.32083842
v 3.20264482 -4.06330108 -0.30577102
v 3.08727836 -4.18503856 -0.23353414
v 3.1369493 -4.13491582 -0.28001347
v 3.1815226 -4.08892631 -0.33664789
v 3.21793699 -4.04855775 -0.40398338
v 3.23247671 -4.03502655 -0.39038813
v 3.11995744 -4.13833999 -0.29742875
v 3.16223168 -4.09438133 -0.35244619
v 3.19546484 -4.05522394 -0.41722405
v 3.21627497 -4.02145099 -0.48822552
v 3.24042606 -4.01383066 -0.47852852
v 3.13664627 -4.09404039 -0.36835861
v 3.16775608 -4.05580949 -0.42984187
v 3.18840861 -4.02279615 -0.49718454
v 3.19901061 -3.99700379 -0.56703949
v 3.22651672 -3.99531555 -0.56150633
v 3.13630247 -4.0504322 -0.44164109
v 3.15722632 -4.01792049 -0.50547117
v 3.1689763 -3.99124455 -0.57182407
v 3.17326426 -3.97210025 -0.63864713
v 3.20145607 -3.97909617 -0.63658183
v 3.12428283 -4.00607204 -0.51262116
v 3.13830184 -3.97858381 -0.57591432
v 3.14514422 -3.9581263 -0.6404531
v 3.14567923 -3.9467864 -0.70505696
v 3.1717503 -3.96155428 -0.70456033
v 3.10453271 -3.9580183 -0.57921344
v 3.11410641 -3.93630862 -0.64200145
v 3.11749291 -3.9245572 -0.70581108
v 3.11507725 -3.92341256 -0.76937639
v 3.14100384 -3.94610023 -0.76882523
v 3.077708 -3.90465378 -0.64300513
v 3.0837779 -3.89169049 -0.70656961
v 3.08361911 -3.88902235 -0.77074086
v 3.07724285 -3.89643812 -0.83435773
v 3.10755753 -3.9319837 -0.83196348
v 3.04449915 -3.84422349 -0.70686137
v 3.04632949 -3.83804011 -0.77283209
v 3.039819 -3.84501886 -0.83885592
v 3.0254209 -3.86445713 -0.90250009
v 3.0635457 -3.91474914 -0.89629644
v 3.00670862 -3.77734136 -0.77431935
v 3.00058603 -3.78384161 -0.84446978
v 2.98411798 -3.80242657 -0.91104114
v 2.95890402 -3.82955765 -0.97153937
v 3.00254392 -3.89338707 -0.96123439
v 2.96441602 -3.71509146 -0.8486728
v 2.94612503 -3.73232245 -0.91899353
v 2.91763305 -3.75866198 -0.9821338
v 2.88144207 -3.791188 -1.03703808
v 2.92517352 -3.86259937 -1.02440094
v 2.91565775 -3.66155076 -0.92582589
v 2.88417196 -3.68878388 -0.99243283
v 2.84524059 -3.72332978 -1.0500586
v 2.80107641 -3.76499819 -1.09955871
v 2.83867454 -3.82842135 -1.08448338
v 2.86221146 -3.63305783 -1.00200259
v 2.82084798 -3.6706748 -1.06248974
v 2.77386999 -3.7150731 -1.11364793
v 2.72313237 -3.76495385 -1.15593254
v 2.75218224 -3.81150174 -1.14107048
v 2.80458951 -3.6298747 -1.07403767
v 2.75530576 -3.67715334 -1.12609303
v 2.70256161 -3.72914171 -1.16950583
v 2.64714264 -3.78452205 -1.20514512
v 2.66943264 -3.81785893 -1.19111514
v 2.74273681 -3.64667892 -1.13835752
v 2.68724036 -3.69932007 -1.18338668
v 2.62915206 -3.75535106 -1.22049152
v 2.56983876 -3.8142693 -1.25065696
v 2.59002852 -3.84225487 -1.23425114
v 2.67616128 -3.67276334 -1.19952535
v 2.61585807 -3.72999668 -1.23795366
v 2.55472946 -3.79035949 -1.26920795
v 2.49435281 -3.85334134 -1.29486763
v 2.51060938 -3.87578225 -1.27487802
v 2.60825896 -3.70923304 -1.25740218
v 2.5459268 -3.77131176 -1.29014837
v 2.48575091 -3.83654236 -1.31796813
v 2.42626714 -3.90306305 -1.34001731
v 2.43526291 -3.91792869 -1.31567299
v 2.54395771 -3.75775337 -1.3130573
v 2.48448729 -3.82580399 -1.34243917
v 2.42530512 -3.89482021 -1.3654294
v 2.36395812 -3.96288561 -1.38132572
v 2.36599469 -3.96993064 -1.35529685
v 2.49076771 -3.82215118 -1.36564278
v 2.42980003 -3.89167714 -1.38901412
v 2.36804032 -3.96135187 -1.40579783
v 2.30622649 -4.03298473 -1.4156351
v 2.30329537 -4.03348445 -1.39101231
v 2.44699215 -3.90213537 -1.40300011
v 2.3842554 -3.97194623 -1.42110145
v 2.32089972 -4.0433073 -1.4321047
v 2.25717282 -4.11654138 -1.43720603
v 2.24373936 -4.10605096 -1.41987681
v 2.40472436 -3.98702955 -1.43111527
v 2.34078455 -4.05852174 -1.44288277
v 2.27680778 -4.1322956 -1.44802951
v 2.21294927 -4.20900631 -1.44567489
v 2.19384861 -4.19303417 -1.43434643
v 2.36385107 -4.07676744 -1.44905352
v 2.29975366 -4.15076255 -1.45412397
v 2.23574185 -4.22740078 -1.45161569
v 2.17329025 -4.30764484 -1.44178199
v 2.15052795 -4.28994894 -1.43539214
v 2.32624244 -4.17204999 -1.45659971
v 2.26209306 -4.24840116 -1.45385825
v 2.19997954 -4.32719421 -1.44387662
v 2.14179825 -4.40932941 -1.4264276
v 2.11493444 -4.39106798 -1.42337572
v 2.29140329 -4.27139473 -1.45381712
v 2.23053884 -4.349339 -1.44374966
v 2.17445564 -4.43006849 -1.4263606
v 2.12436437 -4.51265287 -1.39997053
v 2.09016704 -4.49322128 -1.39780426
v 2.27294302 -4.37973117 -1.44177043
v 2.21903181 -4.45795393 -1.42473924
v 2.17053985 -4.53757238 -1.39916718
v 2.12721443 -4.61654758 -1.36309099
v 2.08080601 -4.59416246 -1.36003136
v 2.27765321 -4.49544906 -1.42076015
v 2.22925448 -4.57065725 -1.3961631
v 2.1841104 -4.64583683 -1.36133289
v 2.14156699 -4.71853113 -1.31453597
v 2.08897018 -4.69322538 -1.31051564
v 2.29196786 -4.61185932 -1.38848686
v 2.24313831 -4.6818304 -1.35447669
v 2.19700551 -4.74888181 -1.31008434
v 2.15998339 -4.81511735 -1.2568469
v 2.10902953 -4.79007911 -1.25109112
v 2.29305005 -4.71549224 -1.34443032
v 2.24519777 -4.77776718 -1.30291855
v 2.20705533 -4.83780717 -1.2544204
v 2.18516922 -4.90026998 -1.19908487
v 2.14191436 -4.88227081 -1.19163107
v 2.28421759 -4.80053663 -1.2947421
v 2.24725437 -4.85758924 -1.2496314
v 2.22243118 -4.91517782 -1.19804143
v 2.20875597 -4.98048591 -1.13413298
v 2.17733907 -4.96678924 -1.13115346
v 2.28122091 -4.87334632 -1.24223983
v 2.25640368 -4.93021535 -1.1921699
v 2.23926591 -4.99173212 -1.13158488
v 2.22712039 -5.05535507 -1.05677485
v 2.20087409 -5.04591178 -1.05551719
v 2.28536343 -4.9406023 -1.18395948
v 2.26642799 -4.99979353 -1.12613892
v 2.25255966 -5.06075191 -1.05489015
v 2.24568867 -5.1156578 -0.97075623
v 2.22156071 -5.11147546 -0.97018802
v 2.28927946 -5.00202655 -1.11799645
v 2.27521419 -5.06121921 -1.05044317
v 2.26749253 -5.11419248 -0.96859419
v 2.26684856 -5.15688514 -0.87513566
v 2.24553108 -5.16045045 -0.87587404
v 2.29345655 -5.05483675 -1.04259395
v 2.28503799 -5.10536813 -0.96303606
v 2.28391504 -5.14661645 -0.87216317
v 2.28623151 -5.16989707 -0.77210366
v 2.27026677 -5.18356704 -0.77239352
v 2.29456353 -5.09009409 -0.95553076
v 2.29185843 -5.12845897 -0.86708378
v 2.29421663 -5.15093278 -0.77101659
v 2.30327415 -5.15473651 -0.67253631
v 2.29520154 -5.1740036 -0.66947579
v 2.29152107 -5.10801458 -0.86188423
v 2.29466581 -5.12940025 -0.76929289
v 2.30593371 -5.13157129 -0.67496496
v 2.32822895 -5.1163783 -0.58500701
v 2.32442951 -5.13961267 -0.57736414
v 2.29073619 -5.10482215 -0.76766854
v 2.30345797 -5.10670089 -0.6775999
v 2.32617783 -5.08974981 -0.59264409
v 2.35880923 -5.06017732 -0.51656508
v 2.36033129 -5.08662319 -0.50432223
v 2.29661655 -5.07824754 -0.68027156
v 2.31952977 -5.06085109 -0.59989678
v 2.35168337 -5.0311079 -0.52771353
v 2.39026069 -4.99253892 -0.4630824
v 2.39776754 -5.02106952 -0.44855663
v 2.3084166 -5.02981519 -0.6060974
v 2.33977866 -4.99987363 -0.53737765
v 2.37670564 -4.96054744 -0.47630596
v 2.41702461 -4.91469907 -0.42160198
v 2.43220543 -4.94676017 -0.40505236
v 2.32140111 -4.9640975 -0.54605943
v 2.35686969 -4.92528104 -0.48784458
v 2.39545607 -4.87983083 -0.43578955
v 2.4357512 -4.82933855 -0.38942408
v 2.45960807 -4.86419487 -0.37253296
v 2.32884073 -4.88517379 -0.49745672
v 2.36579775 -4.8407669 -0.44765722
v 2.40396833 -4.79072618 -0.40331953
v 2.4429357 -4.73630857 -0.36448767
v 2.47707772 -4.77470874 -0.34875032
v 2.32700657 -4.79799413 -0.456366
v 2.36345601 -4.74893808 -0.4136132
v 2.40096688 -4.69531345 -0.37640729
v 2.43905091 -4.63881683 -0.34395608
v 2.48286032 -4.67914152 -0.33134651
v 2.31797313 -4.7094922 -0.4188309
v 2.35343217 -4.65639495 -0.38249743
v 2.38945293 -4.60001087 -0.35018122
v 2.42683744 -4.54079389 -0.32340997
v 2.47827172 -4.58006382 -0.31667935
v 2.30705642 -4.62462902 -0.38242128
v 2.34227776 -4.56819582 -0.35062202
v 2.37855577 -4.50873422 -0.32305625
v 2.41648912 -4.44699287 -0.29994881
v 2.46565556 -4.48004531 -0.30114427
v 2.29985857 -4.54396724 -0.34569114
v 2.33520674 -4.48366689 -0.31742969
v 2.37236189 -4.42045259 -0.29317778
v 2.41134595 -4.35543775 -0.27327036
v 2.45617127 -4.38376379 -0.28135937
v 2.29522538 -4.46433544 -0.30681145
v 2.3323636 -4.39975452 -0.28171488
v 2.37155246 -4.33303785 -0.26084139
v 2.41251277 -4.26525211 -0.24487328
v 2.45168209 -4.28951883 -0.25807398
v 2.2978878 -4.38492488 -0.26625818
v 2.33755946 -4.31667852 -0.24462857
v 2.37913608 -4.24687767 -0.22783447
v 2.42291903 -4.17624855 -0.21650023
v 2.45515966 -4.1969347 -0.23421551
v 2.30923771 -4.30559825 -0.22435131
v 2.351691 -4.23384571 -0.20688678
v 2.39634251 -4.16054344 -0.19477847
v 2.44479107 -4.08789396 -0.1894081
v 2.46986389 -4.10608339 -0.211787
v 2.3310275 -4.22603178 -0.18151415
v 2.37685751 -4.150321 -0.16891634
v 2.42609238 -4.07446479 -0.1628309
v 2.4783256 -3.99981164 -0.16547335
v 2.49484396 -4.01607942 -0.19253599
v 2.3658781 -4.14625787 -0.13925634
v 2.41591453 -4.06724119 -0.132687
v 2.46978068 -3.98916316 -0.13505259
v 2.5248785 -3.91263604 -0.14877905
v 2.53137278 -3.92647051 -0.17893879
v 2.41622686 -4.06731033 -0.10130704
v 2.47147345 -3.986027 -0.10359805
v 2.52882051 -3.9065237 -0.11722619
v 2.58701896 -3.83063864 -0.14245447
v 2.58010983 -3.83909153 -0.17365434
v 2.48388028 -3.9908576 -0.07487286
v 2.54347157 -3.90926766 -0.08875627
v 2.60378623 -3.83125567 -0.11420196
v 2.66370463 -3.75802516 -0.14914444
v 2.64493513 -3.75937628 -0.1770634
v 2.56560993 -3.91924762 -0.0666993
v 2.6272645 -3.8399558 -0.09202767
v 2.68888449 -3.76545953 -0.12678764
v 2.74892354 -3.69613909 -0.17026829
v 2.72201657 -3.68985676 -0.19190982
v 2.65547347 -3.85530185 -0.07751708
v 2.71823096 -3.78081584 -0.11252281
v 2.77933001 -3.71072483 -0.157084
v 2.8374226 -3.64376473 -0.21086294
v 2.80610775 -3.63041663 -0.22275087
v 2.74989867 -3.80210852 -0.10721395
v 2.81113863 -3.73146104 -0.15209989
v 2.86944246 -3.66385054 -0.20679819
v 2.92424941 -3.59920692 -0.27180358
v 2.89188599 -3.57935619 -0.27440786
v 2.84372162 -3.7562108 -0.15318264
v 2.90141606 -3.68898367 -0.20910152
v 2.9554429 -3.62523722 -0.27562987
v 3.00403785 -3.56689167 -0.35471975
v 2.97347545 -3.54009628 -0.34984868
v 2.93585157 -3.72114539 -0.21614262
v 2.9891045 -3.65933895 -0.28334027
v 3.03732228 -3.60268855 -0.36227724
v 3.07566094 -3.55421018 -0.45478832
v 3.0424695 -3.51690173 -0.44782549
v 3.03128552 -3.70724058 -0.29356637
v 3.07713317 -3.65145111 -0.37129786
v 3.11238813 -3.60487031 -0.46346643
v 3.13052129 -3.57156348 -0.5673443
v 3.09556579 -3.5198698 -0.56039321
v 3.1192553 -3.71282768 -0.38248363
v 3.15130066 -3.66732263 -0.47287771
v 3.16618466 -3.63585162 -0.57501357
v 3.1641078 -3.61970281 -0.68175327
v 3.12805581 -3.55545878 -0.67677331
v 3.18662023 -3.73266673 -0.4835487
v 3.19848656 -3.70309543 -0.58272993
v 3.19533562 -3.68798947 -0.68620652
v 3.1810522 -3.68614888 -0.78954523
v 3.14724826 -3.61827349 -0.78799998
v 3.22474789 -3.76271438 -0.59075552
v 3.22040295 -3.74873733 -0.69039171
v 3.20738124 -3.74730086 -0.78964769
v 3.18703317 -3.76036238 -0.88515937
v 3.15722608 -3.69827389 -0.88935953
v 3.24030518 -3.7979052 -0.69429004
v 3.22746086 -3.79765844 -0.78877317
v 3.20977115 -3.81060218 -0.87964218
v 3.18575763 -3.83845591 -0.96364295
v 3.15878796 -3.7881565 -0.97305595
v 3.24153876 -3.83521628 -0.78755086
v 3.22527003 -3.84897446 -0.87358123
v 3.20454835 -3.87664318 -0.95426517
v 3.17554116 -3.916615 -1.027709
v 3.153728 -3.87898969 -1.03820478
v 3.23654961 -3.87977075 -0.8676421
v 3.21736502 -3.90661692 -0.94526529
v 3.19125366 -3.94536137 -1.01792728
v 3.15351271 -3.99183177 -1.08371222
v 3.13645482 -3.96346783 -1.09352219
v 3.22715592 -3.93465137 -0.93564361
v 3.20235872 -3.97185134 -1.00693535
v 3.16694188 -4.01726341 -1.07344639
v 3.12068557 -4.06538677 -1.13327801
v 3.10668206 -4.03983783 -1.14330387
v 3.20770669 -3.99559593 -0.99539184
v 3.17451 -4.04035234 -1.06149184
v 3.13040137 -4.08830928 -1.12211132
v 3.07912302 -4.13571071 -1.1755265
v 3.06923031 -4.11313819 -1.18697106
v 3.17592477 -4.06151628 -1.04698479
v 3.13312292 -4.10906839 -1.10722374
v 3.08283448 -4.15579652 -1.16055381
v 3.03015542 -4.20234441 -1.2060312
v 3.02640128 -4.18350553 -1.22230541
v 3.12549114 -4.12257385 -1.0899589
v 3.07578206 -4.16765737 -1.14211595
v 3.02370572 -4.21230697 -1.18674755
v 2.97062039 -4.2588787 -1.22481012
v 2.97667455 -4.2505989 -1.24512743
v 3.05760264 -4.16319942 -1.12701022
v 3.00675439 -4.20760202 -1.17020833
v 2.95472812 -4.25407648 -1.20670986
v 2.90101242 -4.30114603 -1.23803639
v 2.91626644 -4.30691051 -1.25704145
v 2.98697137 -4.19692277 -1.15674507
v 2.93530941 -4.24274969 -1.19187057
v 2.88228011 -4.28960037 -1.22191083
v 2.82936644 -4.33771753 -1.24591231
v 2.84751701 -4.34927368 -1.26314675
v 2.91271925 -4.22546482 -1.18015432
v 2.86009287 -4.27217435 -1.20896959
v 2.80729579 -4.32005834 -1.23156154
v 2.75501942 -4.36898899 -1.24885368
v 2.7773323 -4.38734006 -1.26382792
v 2.83470034 -4.24827098 -1.19923234
v 2.7816863 -4.29576587 -1.22102165
v 2.72897911 -4.34496688 -1.23781251
v 2.67670178 -4.39615631 -1.24902153
v 2.70299196 -4.42030811 -1.25992584
v 2.75442838 -4.26726436 -1.21522843
v 2.70082593 -4.31683969 -1.23129165
v 2.64776563 -4.3681221 -1.24245989
v 2.59540844 -4.4208846 -1.24915349
v 2.62450504 -4.44837236 -1.25571429
v 2.66852068 -4.28298902 -1.22840869
v 2.61492323 -4.33531522 -1.23946309
v 2.56235694 -4.38926601 -1.24595272
v 2.51088285 -4.44479894 -1.24854338
v 2.54471731 -4.47587585 -1.25201082
v 2.5707395 -4.29047107 -1.24036586
v 2.51729178 -4.34610891 -1.2465949
v 2.46534824 -4.40306615 -1.24865317
v 2.41519761 -4.46036338 -1.24687886
v 2.46111011 -4.5005722 -1.24732613
v 2.46448683 -4.29681921 -1.25238812
v 2.41167831 -4.35586166 -1.25384235
v 2.36094379 -4.41545581 -1.25139272
v 2.31225681 -4.47482347 -1.24421286
v 2.36723327 -4.51730394 -1.24027288
v 2.35760569 -4.31129074 -1.26395738
v 2.30609297 -4.3735466 -1.2607342
v 2.25701236 -4.43590736 -1.25198721
v 2.21102213 -4.49778699 -1.23645627
v 2.26595592 -4.53275394 -1.23046529
v 2.25917267 -4.33975648 -1.2727046
v 2.20939827 -4.40476083 -1.26272881
v 2.16341352 -4.46999836 -1.24467146
v 2.12242364 -4.5341258 -1.21708297
v 2.16898679 -4.55873537 -1.21167564
v 2.17350792 -4.38254022 -1.2740482
v 2.12618279 -4.44982338 -1.25460147
v 2.08467674 -4.51618289 -1.22439956
v 2.05028581 -4.58024454 -1.18262457
v 2.08740615 -4.59636735 -1.17871296
v 2.09524726 -4.43447971 -1.26624667
v 2.0527172 -4.50338411 -1.23358404
v 2.01876974 -4.569036 -1.18844914
v 1.99269104 -4.62881994 -1.13277924
v 2.02405238 -4.63903427 -1.12978589
v 2.024719 -4.49492788 -1.24441111
v 1.99015712 -4.56210565 -1.19677555
v 1.96359705 -4.62309837 -1.13828802
v 1.94479429 -4.67610693 -1.07146298
v 1.97402143 -4.68052578 -1.06846344
v 1.96632051 -4.56010818 -1.20755755
v 1.93951523 -4.62333822 -1.14657354
v 1.92063546 -4.67863321 -1.07755827
v 1.9081999 -4.72464036 -1.00349581
v 1.93272209 -4.71991825 -0.9992631
v 1.9201231 -4.62857484 -1.15767896
v 1.90154194 -4.68751716 -1.08673822
v 1.88995301 -4.73692226 -1.01088726
v 1.88459456 -4.77627944 -0.93208086
v 1.90254735 -4.76160669 -0.92686092
v 1.89414048 -4.7018938 -1.09767735
v 1.88488388 -4.75376272 -1.01951146
v 1.88040268 -4.79544735 -0.93926191
v 1.88211572 -4.82646417 -0.85761642
v 1.88706064 -4.80513477 -0.8522458
v 1.89633846 -4.77198791 -1.02721118
v 1.8926711 -4.81460523 -0.94625496
v 1.89264583 -4.84772968 -0.8641054
v 1.89762985 -4.86910915 -0.78021955
v 1.89060604 -4.84534502 -0.77549731
v 1.90702903 -4.83520555 -0.95383483
v 1.90573048 -4.87075328 -0.87135893
v 1.9091326 -4.89472723 -0.78629219
v 1.92048442 -4.90431213 -0.69906252
v 1.90822267 -4.87765932 -0.69533377
v 1.9248743 -4.8945384 -0.87963944
v 1.92767965 -4.9201312 -0.79366052
v 1.93789994 -4.93085479 -0.70435553
v 1.95503819 -4.92768383 -0.61361813
v 1.93681192 -4.90085935 -0.61088997
v 1.95133566 -4.94665622 -0.80195969
v 1.96039521 -4.95900726 -0.71088808
v 1.97678184 -4.95585393 -0.61794328
v 1.99791193 -4.94196653 -0.52433681
v 1.9756422 -4.91425991 -0.52319824
v 1.99198114 -4.99313402 -0.71909982
v 2.00765919 -4.9914813 -0.62348812
v 2.02875113 -4.97841644 -0.52687388
v 2.05682992 -4.95697498 -0.43134748
v 2.02391147 -4.91998386 -0.43142104
v 2.04827165 -5.03596878 -0.62986958
v 2.06993627 -5.02488422 -0.53017741
v 2.09825182 -5.00229358 -0.43233197
v 2.13647818 -4.96663951 -0.33889666
v 2.0935738 -4.92491626 -0.3394742
v 2.11204886 -5.07051706 -0.53313469
v 2.14172887 -5.04569053 -0.43370857
v 2.18260049 -5.00528097 -0.34108737
v 2.2352631 -4.94816446 -0.26222592
v 2.1878972 -4.91138839 -0.25970295
v 2.17967414 -5.08254146 -0.43382513
v 2.22285461 -5.03944015 -0.34197479
v 2.277776 -4.98178291 -0.26499915
v 2.33728766 -4.91429233 -0.20378775
v 2.29339051 -4.87947511 -0.20097088
v 2.25539231 -5.06437397 -0.34326672
v 2.30975747 -5.00607633 -0.26730406
v 2.36905884 -4.93974018 -0.20593561
v 2.42858195 -4.86667299 -0.15926505
v 2.3961699 -4.8407278 -0.15690246
v 2.33638525 -5.02384328 -0.27092066
v 2.39467954 -4.95881509 -0.20891466
v 2.45350217 -4.88575172 -0.16156515
v 2.50995397 -4.80831384 -0.1250578
v 2.48456311 -4.78951168 -0.1230279
v 2.41789841 -4.97211933 -0.21566042
v 2.47527504 -4.90045356 -0.16559082
v 2.53157424 -4.82348918 -0.12802697
v 2.58399558 -4.74509716 -0.10021886
v 2.56222033 -4.73023366 -0.0975868
v 2.49442243 -4.90945577 -0.17450782
v 2.55003523 -4.83442068 -0.13426727
v 2.60232114 -4.75657129 -0.1052292
v 2.65236878 -4.67919349 -0.08486474
v 2.63375353 -4.66705369 -0.08012995
v 2.56668329 -4.84298753 -0.14272533
v 2.61867427 -4.76590919 -0.1123851
v 2.66875934 -4.68944692 -0.09109953
v 2.71934104 -4.61478185 -0.07667918
v 2.70263552 -4.60339832 -0.07086802
v 2.62932539 -4.76831674 -0.12808348
v 2.67971992 -4.69365119 -0.10665646
v 2.72956752 -4.61993265 -0.09291013
v 2.78290319 -4.54900169 -0.08509453
v 2.77152538 -4.54140901 -0.06902281
v 2.68548584 -4.69303941 -0.12674777
v 2.73460745 -4.62056589 -0.11334782
v 2.78553199 -4.54985523 -0.10713969
v 2.83430552 -4.47833395 -0.08619841
v 2.73440694 -4.61701536 -0.13604952
v 2.78283023 -4.54669046 -0.13061703
v 2.72891283 -4.60932254 -0.160222
v 2.77515983 -4.53977251 -0.15458068
v 2.76235079 -4.52894878 -0.17783986
v 2.80672502 -4.46219682 -0.17628002
v 2.78792476 -4.44835805 -0.19721481
v 2.83336734 -4.38601207 -0.20092064
v 2.80941844 -4.36888647 -0.21896432
v 2.85649991 -4.31147718 -0.22851175
v 2.82591629 -4.28955125 -0.24358099
v 2.87181806 -4.23575305 -0.26103591
v 2.83009576 -4.20484399 -0.27462926
v 2.87385726 -4.15452671 -0.29990825
v 2.82246971 -4.11375331 -0.3087027
v 2.86370897 -4.06700897 -0.34125453
v 2.80857062 -4.01758337 -0.34214654
v 2.84852242 -3.97323274 -0.38046261
v 2.79861164 -3.91882848 -0.37314495
v 2.83772659 -3.87581396 -0.41649657
v 2.79894614 -3.82152748 -0.40367886
v 2.8366847 -3.77888441 -0.45179218
v 2.81185293 -3.73037266 -0.43703609
v 2.84709596 -3.68733596 -0.49024158
v 2.83304119 -3.64261627 -0.47449314
v 2.86592292 -3.60117268 -0.53567117
v 2.86161899 -3.56154584 -0.52062177
v 2.88964557 -3.52549505 -0.59424078
v 2.89357495 -3.48949599 -0.58145964
v 2.91190791 -3.46563506 -0.67183935
v 2.92139959 -3.435678 -0.66707986
v 2.92293691 -3.43004608 -0.76885521
v 2.93559122 -3.40530824 -0.76953107
v 2.9179883 -3.41771626 -0.87427789
v 2.93710207 -3.4045329 -0.88060188
v 2.90418481 -3.43358635 -0.98008132
v 2.92625498 -3.44430708 -0.98466169
v 2.8813796 -3.48269653 -1.07333898
v 2.90126967 -3.501163 -1.07478523
v 2.84694266 -3.54614949 -1.15059518
v 2.86882662 -3.5675466 -1.15232265
v 2.80890226 -3.61874795 -1.21702754
v 2.83211422 -3.64338564 -1.21617043
v 2.7708013 -3.69838953 -1.27164804
v 2.79987001 -3.72889733 -1.2685337
v 2.73744225 -3.78590083 -1.31653845
v 2.77590608 -3.82668376 -1.31110203
v 2.71328973 -3.88555836 -1.35223138
v 2.76416897 -3.94153833 -1.3434745
v 2.70180177 -4.00110626 -1.37863862
v 2.75652432 -4.0656476 -1.3678199
v 2.6946125 -4.12723159 -1.39791369
v 2.74676537 -4.18941021 -1.38619148
v 2.68667745 -4.25196075 -1.40966236
v 2.72639703 -4.29493522 -1.39953529
v 2.66683054 -4.35810422 -1.4159125
v 2.6963067 -4.38711118 -1.40735137
v 2.63765239 -4.45006227 -1.41604447
v 2.66348671 -4.47444248 -1.40600168
v 2.60704708 -4.5380063 -1.40572893
v 2.62926316 -4.55722904 -1.39121043
v 2.57491731 -4.61970424 -1.38117373
v 2.59086847 -4.6302967 -1.36187315
v 2.53756094 -4.69084739 -1.34458291
v 2.54860043 -4.69371128 -1.32289612
v 2.49750781 -4.74955606 -1.29956805
v 2.49763393 -4.74040079 -1.27979457
v 2.4513731 -4.79052925 -1.2512772
v 2.4415245 -4.77427959 -1.23740923
v 2.40009021 -4.82194948 -1.20506298
v 2.38522124 -4.80515241 -1.19679284
v 2.34956288 -4.85262727 -1.15968191
v 2.33136248 -4.83563756 -1.15388262
v 2.30248212 -4.88305759 -1.10982298
v 2.28175044 -4.86552333 -1.10462939
v 2.26084232 -4.91046905 -1.05054724
v 2.23344373 -4.88719511 -1.04336845
v 2.22048068 -4.9255824 -0.979474
v 2.18375539 -4.89362716 -0.96989595
v 2.18021297 -4.9203186 -0.89931047
v 2.13669061 -4.88144969 -0.88870769
v 2.14193606 -4.8942461 -0.81714898
v 2.09991145 -4.85783577 -0.80833995
v 2.11262941 -4.85775089 -0.73957181
v 2.07515168 -4.82932615 -0.73245602
v 2.09239244 -4.81894159 -0.66744798
v 2.05820798 -4.79942703 -0.66003644
v 2.07904315 -4.78050279 -0.59853637
v 2.04782295 -4.76941108 -0.58904165
v 2.07201242 -4.74336481 -0.53065359
v 2.04155278 -4.74044799 -0.51576834
v 2.06924581 -4.70767784 -0.46079871
v 2.04186081 -4.71299839 -0.44033989
v 2.07306981 -4.67264843 -0.39008328
v 2.05289197 -4.68501138 -0.36537018
v 2.08654522 -4.63627433 -0.31998717
v 2.07609581 -4.6531558 -0.29255482
v 2.11130237 -4.59337711 -0.2521446
v 2.11080503 -4.61174631 -0.22361286
v 2.14891624 -4.54227018 -0.1879341
v 2.16076588 -4.56187915 -0.16235017
v 2.20331454 -4.48732185 -0.1322021
v 2.22567582 -4.50758266 -0.11274392
v 2.2699635 -4.4295597 -0.08702307
v 2.3006618 -4.44974517 -0.07655056
v 2.347265 -4.36926698 -0.05725723
v 2.38299083 -4.38986825 -0.05261023
v 2.43152356 -4.30836868 -0.03777
v 2.47365784 -4.3321805 -0.03680662
v 2.52517771 -4.25012302 -0.02836971
v 2.58616161 -4.28772401 -0.03341514
v 2.63898825 -4.20652246 -0.03346376
v 2.69544577 -4.2481122 -0.04054554
v 2.75066161 -4.17025327 -0.05019763
v 2.7987113 -4.21358203 -0.05845072
v 2.85609555 -4.14153385 -0.07911523
v 2.89761948 -4.18282795 -0.08716967
v 2.95621585 -4.11743307 -0.11704007
v 2.98571991 -4.1483159 -0.12368428
v 3.04288363 -4.08725595 -0.16382461
v 3.06452703 -4.11164617 -0.17022588
v 3.11930036 -4.0542202 -0.21928475
v 3.13574767 -4.0768013 -0.22692027
v 3.18382406 -4.02350282 -0.28757354
v 3.19325113 -4.04445648 -0.29767143
v 3.23305511 -3.99701905 -0.36813411
v 3.24102187 -4.01731348 -0.37725302
v 3.2623806 -3.9775803 -0.45736584
v 3.25647616 -3.99792766 -0.46781402
v 3.26840138 -3.96992135 -0.54843866
v 3.25035309 -3.98641419 -0.55545568
v 3.25112462 -3.96880078 -0.63189983
v 3.22802019 -3.97788333 -0.634274
v 3.2232778 -3.96958875 -0.70486617
v 3.19812321 -3.96967339 -0.70444291
v 3.19143891 -3.97005677 -0.77019935
v 3.16614723 -3.96144604 -0.76905679
v 3.15749716 -3.97119212 -0.83160394
v 3.13259744 -3.95516204 -0.8311789
v 3.12020468 -3.97305345 -0.89201819
v 3.09463906 -3.94970941 -0.89306813
v 3.07469725 -3.97716331 -0.95141679
v 3.04198694 -3.94259572 -0.95461362
v 3.01234436 -3.97678852 -1.00771129
v 2.97205424 -3.92776823 -1.01398527
v 2.9339559 -3.96465921 -1.06051361
v 2.88552546 -3.8992362 -1.07063734
v 2.84076714 -3.93894362 -1.11103045
v 2.79214906 -3.87064003 -1.1254059
v 2.74242711 -3.91721177 -1.16018259
v 2.70052242 -3.86116838 -1.17629146
v 2.6465547 -3.91398787 -1.20537018
v 2.61427092 -3.87381076 -1.21998691
v 2.55829429 -3.93219351 -1.24306821
v 2.53252172 -3.90224885 -1.25769543
v 2.47477388 -3.96381139 -1.27626955
v 2.45224642 -3.93879962 -1.29422855
v 2.39361119 -4.00302314 -1.30832767
v 2.3760519 -3.98353815 -1.33040797
v 2.31694674 -4.05111694 -1.33941805
v 2.30642676 -4.0392332 -1.36485493
v 2.24757671 -4.11082935 -1.36906409
v 2.24251914 -4.10589981 -1.39479315
v 2.18240094 -4.18094348 -1.39324998
v 2.181535 -4.18197107 -1.41790378
v 2.1194508 -4.26191711 -1.4080832
v 2.13154053 -4.27390193 -1.4237318
v 2.07322382 -4.35793113 -1.40332865
v 2.09191465 -4.37388324 -1.41602683
v 2.03972172 -4.45858192 -1.38343012
v 2.06285858 -4.47560215 -1.39223361
v 2.0185337 -4.55861187 -1.34722578
v 2.04590511 -4.57591915 -1.35476863
v 2.01148009 -4.65476608 -1.29525518
v 2.04533457 -4.67314243 -1.30344831
v 2.02153515 -4.74901914 -1.23224997
v 2.0613656 -4.76886272 -1.24233114
v 2.05122304 -4.84400606 -1.16637969
v 2.09689736 -4.86450004 -1.18013835
v 2.09945678 -4.93677997 -1.10661041
v 2.14060235 -4.95273256 -1.12124383
v 2.14018988 -5.01802635 -1.0431739
v 2.17128109 -5.03257751 -1.05102181
v 2.16687607 -5.08907365 -0.96187901
v 2.19552397 -5.10238647 -0.96711927
v 2.19536685 -5.14766788 -0.87011724
v 2.2218163 -5.15681648 -0.87391138
v 2.22520017 -5.18751907 -0.76885926
v 2.24969029 -5.18947124 -0.77158093
v 2.25928616 -5.19696378 -0.66178011
v 2.280478 -5.18915796 -0.66580736
v 2.30116367 -5.17465448 -0.56176161
v 2.31531047 -5.15929031 -0.56964951
v 2.34785294 -5.12823581 -0.47924727
v 2.35662102 -5.10916996 -0.49194425
v 2.39684152 -5.06864213 -0.41654714
v 2.3999381 -5.04661464 -0.43277376
v 2.44393849 -4.9996891 -0.36849936
v 2.44097232 -4.97491931 -0.38734716
v 2.48691701 -4.9228053 -0.33285009
v 2.47659182 -4.89558649 -0.35333678
v 2.52228045 -4.83948373 -0.30822041
v 2.50355863 -4.80948782 -0.32949644
v 2.54746747 -4.75065231 -0.29364648
v 2.51892805 -4.71686697 -0.31434682
v 2.56103467 -4.6564846 -0.28633749
v 2.52349686 -4.61994028 -0.30354705
v 2.56502652 -4.55911827 -0.2815395
v 2.51856589 -4.51988077 -0.2945438
v 2.56015753 -4.4588108 -0.2776162
v 2.50628638 -4.41830205 -0.28348794
v 2.54846787 -4.35629367 -0.27048197
v 2.49679255 -4.31974124 -0.2668907
v 2.53828096 -4.2551732 -0.25869685
v 2.49327969 -4.22312545 -0.24839538
v 2.5364561 -4.15735006 -0.2450008
v 2.50003242 -4.12914562 -0.23005493
v 2.54611778 -4.06232643 -0.23416782
v 2.51776027 -4.03706741 -0.21556271
v 2.56628251 -3.96977829 -0.22938711
v 2.5456264 -3.94586873 -0.20604153
v 2.59617042 -3.878304 -0.23033899
v 2.58398032 -3.85576486 -0.20363156
v 2.63530588 -3.78877902 -0.23788681
v 2.63478565 -3.76970577 -0.20785446
v 2.68966889 -3.70628643 -0.24905853
v 2.70140838 -3.69321417 -0.21937297
v 2.75520896 -3.63146138 -0.26866164
v 2.77751493 -3.62586331 -0.24269707
v 2.82937216 -3.5650568 -0.30250018
v 2.85965395 -3.56754303 -0.28479939
v 2.90768599 -3.50926375 -0.35831356
v 2.94088792 -3.52025318 -0.35061028
v 2.97904944 -3.4699707 -0.44145429
v 3.01155901 -3.49000358 -0.44281798
v 3.03331828 -3.45362258 -0.54881006
v 3.06334734 -3.48128485 -0.55410867
v 3.06550025 -3.46423864 -0.66715681
v 3.09451699 -3.50417542 -0.67195928
v 3.07883572 -3.50553584 -0.7827683
v 3.11059021 -3.55578756 -0.78531891
v 3.08343935 -3.56974792 -0.88967859
v 3.12035179 -3.63092112 -0.89031475
v 3.08442115 -3.65799927 -0.98448514
v 3.12365698 -3.72608542 -0.98018735
v 3.08439302 -3.76529026 -1.06021893
v 3.12346363 -3.82903981 -1.04922592
v 3.08210802 -3.87600421 -1.116369
v 3.11360025 -3.92660212 -1.10413181
v 3.06661272 -3.97524642 -1.16372466
v 3.08962607 -4.01198339 -1.15283489
v 3.03704047 -4.05883359 -1.20718705
v 3.05484676 -4.08744621 -1.1972748
v 3.00130868 -4.13557004 -1.24548411
v 3.01625776 -4.16141557 -1.23458182
v 2.96273589 -4.21158361 -1.27672791
v 2.97299194 -4.23304128 -1.2630676
v 2.91848325 -4.28415775 -1.29801178
v 2.9220829 -4.30010414 -1.27857339
v 2.86700773 -4.35056781 -1.30528473
v 2.86184525 -4.35551309 -1.28300857
v 2.80842018 -4.40661048 -1.3026123
v 2.79496955 -4.3996005 -1.2818849
v 2.74292802 -4.45280838 -1.29387807
v 2.72535896 -4.43937254 -1.27510368
v 2.67291402 -4.49237918 -1.28224408
v 2.65079808 -4.47256088 -1.26670849
v 2.60018348 -4.52587223 -1.26964938
v 2.57396864 -4.50233316 -1.25879967
v 2.52562499 -4.55795097 -1.25749683
v 2.49642968 -4.5320816 -1.25106275
v 2.44915199 -4.58731889 -1.2449243
v 2.41311669 -4.55581188 -1.24113464
v 2.36666417 -4.61016368 -1.22838032
v 2.32105946 -4.57292556 -1.22751486
v 2.27704763 -4.62724781 -1.20682466
v 2.2226324 -4.59000444 -1.20803356
v 2.18374061 -4.64637041 -1.17590713
v 2.13199186 -4.61787796 -1.17618072
v 2.10116863 -4.67378282 -1.12993478
v 2.05917668 -4.6537013 -1.12894487
v 2.0383923 -4.70423984 -1.06965148
v 2.00518393 -4.69018316 -1.06800448
v 1.9932264 -4.73196315 -1.00006353
v 1.96209025 -4.72286796 -0.9983834
v 1.95696473 -4.75511217 -0.92547553
v 1.92701232 -4.7541008 -0.92453897
v 1.92856919 -4.77810907 -0.84952038
v 1.90435862 -4.78792667 -0.84936064
v 1.91301691 -4.80336332 -0.77295607
v 1.8966304 -4.8222208 -0.77298933
v 1.9112972 -4.82700014 -0.6946693
v 1.90465915 -4.85124492 -0.69379353
v 1.92129504 -4.84606313 -0.61251151
v 1.92410421 -4.87358999 -0.61035931
v 1.94491183 -4.85866117 -0.52561849
v 1.95684206 -4.88690996 -0.52320194
v 1.98170208 -4.86283874 -0.43584299
v 1.99967837 -4.89140558 -0.43250703
v 2.03316021 -4.85712766 -0.34754988
v 2.05897116 -4.88778829 -0.34274005
v 2.10277819 -4.84022903 -0.26377636
v 2.14103841 -4.87439107 -0.25974395
v 2.19250798 -4.80635738 -0.19961005
v 2.24243402 -4.84160566 -0.19848804
v 2.29514074 -4.76478672 -0.15267625
v 2.35027957 -4.80480623 -0.15401187
v 2.40275812 -4.72677183 -0.11854817
v 2.45122718 -4.76387071 -0.12084473
v 2.50208973 -4.68636846 -0.09392304
v 2.53632307 -4.71187114 -0.09580072
v 2.58568644 -4.63384723 -0.07553435
v 2.61160278 -4.65190744 -0.07745201
v 2.66028022 -4.57374954 -0.06335966
v 2.68334078 -4.59003925 -0.06646379
v 2.73372507 -4.51381969 -0.05857517
v 2.75404739 -4.52864551 -0.0634488
v 2.80602169 -4.45545291 -0.06245816
v 2.8233149 -4.46912193 -0.07066436
v 2.87469005 -4.39908218 -0.07903727
v 2.88601493 -4.41041231 -0.09249195
v 2.93933057 -4.34627008 -0.10688286
v 2.98957467 -4.28982448 -0.14751653
v 3.03486204 -4.23771762 -0.19637264
v 3.07199573 -4.18630695 -0.25220572
v 3.09675645 -4.13643407 -0.31542393
v 3.10610532 -4.08765125 -0.38368904
v 3.10230135 -4.03853893 -0.45246928
v 3.08876204 -3.98642754 -0.51843386
v 3.06539297 -3.92713928 -0.58136218
v 3.03596997 -3.86014318 -0.64298009
v 3.00288415 -3.78387594 -0.70601916
v 2.97031784 -3.70894599 -0.77535224
v 2.93488645 -3.64398884 -0.85170406
v 2.89512872 -3.60368561 -0.93227005
v 2.84816694 -3.58962345 -1.01178848
v 2.79415035 -3.59829545 -1.08439958
v 2.73405003 -3.61896443 -1.15260386
v 2.67034602 -3.65043044 -1.21762859
v 2.60636806 -3.693192 -1.27855515
v 2.55314016 -3.75445509 -1.33583033
v 2.50910735 -3.83293175 -1.37836587
v 2.46826076 -3.91733145 -1.41196608
v 2.42776274 -4.00518798 -1.43640446
v 2.39043855 -4.09815692 -1.45144641
v 2.35537648 -4.19567394 -1.45660889
v 2.3321073 -4.30338287 -1.45187699
v 2.32977819 -4.42108488 -1.43752622
v 2.3420844 -4.5416007 -1.41383242
v 2.34528923 -4.6518135 -1.37873733
v 2.33175659 -4.74223709 -1.33539736
v 2.31680631 -4.81864833 -1.28687143
v 2.31127023 -4.8860979 -1.23312342
v 2.30930709 -4.94608259 -1.17414224
v 2.3086524 -5.00048399 -1.10826242
v 2.30561065 -5.04280185 -1.03161597
v 2.29487705 -5.0712161 -0.94668459
v 2.28543448 -5.08559751 -0.85635018
v 2.28226161 -5.07904672 -0.76576918
v 2.28450393 -5.04772329 -0.68238663
v 2.29065775 -4.99414253 -0.61131972
v 2.29474091 -4.92309665 -0.55312502
v 2.29200124 -4.84158945 -0.50423926
v 2.28329968 -4.7575612 -0.46042358
v 2.27271366 -4.67689609 -0.41853427
v 2.26542973 -4.60085868 -0.37722623
v 2.26048255 -4.52577734 -0.33556366
v 2.26012349 -4.45089149 -0.29159629
v 2.2689588 -4.37541866 -0.24621704
v 2.28744149 -4.2998166 -0.19897991
v 2.31882882 -4.22394609 -0.15200448
v 2.36467194 -4.14839601 -0.10797766
v 2.42679119 -4.07396698 -0.07233867
v 2.50464463 -4.00185918 -0.05254468
v 2.59272337 -3.93475461 -0.05233199
v 2.68699717 -3.87625932 -0.07146888
v 2.78302979 -3.82695531 -0.10820967
v 2.87960028 -3.78706026 -0.1589849
v 2.98090171 -3.768507 -0.22715115
v 3.07772707 -3.76721787 -0.30533224
v 3.15883064 -3.77655792 -0.39441713
v 3.21575236 -3.79030394 -0.49445483
v 3.24572324 -3.8107469 -0.59893769
v 3.25410676 -3.8351252 -0.69767242
v 3.2516005 -3.86582708 -0.78606915
v 3.24454116 -3.90904641 -0.86156839
v 3.22994208 -3.95946002 -0.92596465
v 3.20695853 -4.01699113 -0.98234272
v 3.16741871 -4.07658529 -1.03127372
v 3.10570812 -4.11905479 -1.07700169
v 3.03681659 -4.15280866 -1.11505711
v 2.96442508 -4.18038034 -1.14638721
v 2.8876326 -4.20198679 -1.17200839
v 2.80794024 -4.21968507 -1.19390165
v 2.72280216 -4.23286819 -1.21259856
v 2.62537097 -4.23674917 -1.22942256
v 2.51914143 -4.23923969 -1.24640286
v 2.4111557 -4.24964666 -1.26289284
v 2.31159925 -4.27500772 -1.27645731
v 2.22424888 -4.31538629 -1.2850548
v 2.1430664 -4.36484813 -1.2873851
v 2.06712722 -4.42349052 -1.28022646
v 2.00138759 -4.49125909 -1.25782954
v 1.9468944 -4.56292009 -1.22091114
v 1.91018223 -4.6399908 -1.17072439
v 1.90403866 -4.7190895 -1.10695695
v 1.91099977 -4.79082536 -1.03473591
v 1.92605543 -4.85699558 -0.9618023
v 1.94890332 -4.91865539 -0.88847911
v 1.98269224 -4.97831726 -0.81205338
v 2.03248906 -5.03358984 -0.72831654
v 2.09013605 -5.08112239 -0.63528502
v 2.14870309 -5.10904073 -0.53503787
v 2.21110534 -5.10972642 -0.4341782
v 2.28269648 -5.0812416 -0.3462457
v 2.36124181 -5.03723049 -0.27727925
v 2.43805646 -4.9802246 -0.22519825
v 2.51189446 -4.91705942 -0.18368008
v 2.57798194 -4.84374904 -0.15814955
v 2.63592433 -4.76636791 -0.14774298
v 2.68645906 -4.68840408 -0.14886784
f 1 2 3 4
f 1 5 6 2
f 7 8 5 1
f 9 7 1 4
f 4 10 11 9
f 9 11 12 13
f 7 9 13 14
f 14 15 8 7
f 14 13 16 17
f 14 17 18 15
f 18 19 20 15
f 18 17 21 22
f 18 22 23 19
f 23 24 25 19
f 23 22 26 27
f 23 27 28 24
f 28 29 30 24
f 28 27 31 32
f 28 32 33 29
f 33 34 35 29
f 33 32 36 37
f 33 37 38 34
f 38 39 40 34
f 38 37 41 42
f 38 42 43 39
f 43 44 45 39
f 43 42 46 47
f 43 47 48 44
f 48 49 50 44
f 48 47 51 52
f 48 52 53 49
f 53 54 55 49
f 53 52 56 57
f 53 57 58 54
f 58 59 60 54
f 58 57 61 62
f 58 62 63 59
f 63 64 65 59
f 63 62 66 67
f 63 67 68 64
f 68 69 70 64
f 68 67 71 72
f 68 72 73 69
f 73 74 75 69
f 73 72 76 77
f 73 77 78 74
f 78 79 80 74
f 78 77 81 82
f 78 82 83 79
f 83 84 85 79
f 83 82 86 87
f 83 87 88 84
f 88 89 90 84
f 88 87 91 92
f 88 92 93 89
f 93 94 95 89
f 93 92 96 97
f 93 97 98 94
f 98 99 100 94
f 98 97 101 102
f 98 102 103 99
f 103 104 105 99
f 103 102 106 107
f 103 107 108 104
f 108 109 110 104
f 108 107 111 112
f 108 112 113 109
f 113 114 115 109
f 113 112 116 117
f 113 117 118 114
f 118 119 120 114
f 118 117 121 122
f 118 122 123 119
f 123 124 125 119
f 123 122 126 127
f 123 127 128 124
f 128 129 130 124
f 128 127 131 132
f 128 132 133 129
f 133 134 135 129
f 133 132 136 137
f 133 137 138 134
f 138 139 140 134
f 138 137 141 142
f 138 142 143 139
f 143 144 145 139
f 143 142 146 147
f 143 147 148 144
f 148 149 150 144
f 148 147 151 152
f 148 152 153 149
f 153 154 155 149
f 153 152 156 157
f 153 157 158 154
f 158 159 160 154
f 158 157 161 162
f 158 162 163 159
f 163 164 165 159
f 163 162 166 167
f 163 167 168 164
f 168 169 170 164
f 168 167 171 172
f 168 172 173 169
f 173 174 175 169
f 173 172 176 177
f 173 177 178 174
f 178 179 180 174
f 178 177 181 182
f 178 182 183 179
f 183 184 185 179
f 183 182 186 187
f 183 187 188 184
f 188 189 190 184
f 188 187 191 192
f 188 192 193 189
f 193 194 195 189
f 193 192 196 197
f 193 197 198 194
f 198 199 200 194
f 198 197 201 202
f 198 202 203 199
f 203 204 205 199
f 203 202 206 207
f 203 207 208 204
f 208 209 210 204
f 208 207 211 212
f 208 212 213 209
f 213 214 215 209
f 213 212 216 217
f 213 217 218 214
f 218 219 220 214
f 218 217 221 222
f 218 222 223 219
f 223 224 225 219
f 223 222 226 227
f 223 227 228 224
f 228 229 230 224
f 228 227 231 232
f 228 232 233 229
f 233 234 235 229
f 233 232 236 237
f 233 237 238 234
f 238 239 240 234
f 238 237 241 242
f 238 242 243 239
f 243 244 245 239
f 243 242 246 247
f 243 247 248 244
f 248 249 250 244
f 248 247 251 252
f 248 252 253 249
f 253 254 255 249
f 253 252 256 257
f 253 257 258 254
f 258 259 260 254
f 258 257 261 262
f 258 262 263 259
f 263 264 265 259
f 263 262 266 267
f 263 267 268 264
f 268 269 270 264
f 268 267 271 272
f 268 272 273 269
f 273 274 275 269
f 273 272 276 277
f 273 277 278 274
f 278 279 280 274
f 278 277 281 282
f 278 282 283 279
f 283 284 285 279
f 283 282 286 287
f 283 287 288 284
f 288 289 290 284
f 288 287 291 292
f 288 292 293 289
f 293 294 295 289
f 293 292 296 297
f 293 297 298 294
f 298 299 300 294
f 298 297 301 302
f 298 302 303 299
f 303 304 305 299
f 303 302 306 307
f 303 307 308 304
f 308 309 310 304
f 308 307 311 312
f 308 312 313 309
f 313 314 315 309
f 313 312 316 317
f 313 317 318 314
f 318 319 320 314
f 318 317 321 322
f 318 322 323 319
f 323 324 325 319
f 323 322 326 327
f 323 327 328 324
f 328 329 330 324
f 328 327 331 332
f 328 332 333 329
f 333 334 335 329
f 333 332 336 337
f 333 337 338 334
f 338 339 340 334
f 338 337 341 342
f 338 342 343 339
f 343 344 345 339
f 343 342 346 347
f 343 347 348 344
f 348 349 350 344
f 348 347 351 352
f 348 352 353 349
f 353 354 355 349
f 353 352 356 357
f 353 357 358 354
f 358 359 360 354
f 358 357 361 362
f 358 362 363 359
f 363 364 365 359
f 363 362 366 367
f 363 367 368 364
f 368 369 370 364
f 368 367 371 372
f 368 372 373 369
f 373 374 375 369
f 373 372 376 377
f 373 377 378 374
f 378 379 380 374
f 378 377 381 382
f 378 382 383 379
f 383 384 385 379
f 383 382 386 387
f 383 387 388 384
f 388 389 390 384
f 388 387 391 392
f 388 392 393 389
f 393 394 395 389
f 393 392 396 397
f 393 397 398 394
f 398 399 400 394
f 398 397 401 402
f 398 402 403 399
f 403 404 405 399
f 403 402 406 407
f 403 407 408 404
f 408 409 410 404
f 408 407 411 412
f 408 412 413 409
f 413 414 415 409
f 413 412 416 417
f 413 417 418 414
f 418 419 420 414
f 418 417 421 422
f 418 422 423 419
f 423 424 425 419
f 423 422 426 427
f 423 427 428 424
f 428 429 430 424
f 428 427 431 432
f 428 432 433 429
f 433 434 435 429
f 433 432 436 437
f 433 437 438 434
f 438 439 440 434
f 438 437 441 442
f 438 442 443 439
f 443 444 445 439
f 443 442 446 447
f 443 447 448 444
f 448 449 450 444
f 448 447 451 452
f 448 452 453 449
f 453 454 455 449
f 453 452 456 457
f 453 457 458 454
f 458 459 460 454
f 458 457 461 462
f 458 462 463 459
f 463 464 465 459
f 463 462 466 467
f 463 467 468 464
f 468 469 470 464
f 468 467 471 472
f 468 472 473 469
f 473 474 475 469
f 473 472 476 477
f 473 477 478 474
f 478 479 480 474
f 478 477 481 482
f 478 482 483 479
f 483 484 485 479
f 483 482 486 487
f 483 487 488 484
f 488 489 490 484
f 488 487 491 492
f 488 492 493 489
f 493 494 495 489
f 493 492 496 497
f 493 497 498 494
f 498 499 500 494
f 498 497 501 502
f 498 502 503 499
f 503 504 505 499
f 503 502 506 507
f 503 507 508 504
f 508 509 510 504
f 508 507 511 512
f 508 512 513 509
f 513 514 515 509
f 513 512 516 517
f 513 517 518 514
f 518 519 520 514
f 518 517 521 522
f 518 522 523 519
f 523 524 525 519
f 523 522 526 527
f 523 527 528 524
f 528 529 530 524
f 528 527 531 532
f 528 532 533 529
f 533 534 535 529
f 533 532 536 537
f 533 537 538 534
f 538 539 540 534
f 538 537 541 542
f 538 542 543 539
f 543 544 545 539
f 543 542 546 547
f 543 547 548 544
f 548 549 550 544
f 548 547 551 552
f 548 552 553 549
f 553 554 555 549
f 553 552 556 557
f 553 557 558 554
f 558 559 560 554
f 558 557 561 562
f 558 562 563 559
f 563 564 565 559
f 563 562 566 567
f 563 567 568 564
f 568 569 570 564
f 568 567 571 572
f 568 572 573 569
f 573 574 575 569
f 573 572 576 577
f 573 577 578 574
f 578 579 580 574
f 578 577 581 582
f 578 582 583 579
f 583 584 585 579
f 583 582 586 587
f 583 587 588 584
f 588 589 590 584
f 588 587 591 592
f 588 592 593 589
f 593 594 595 589
f 593 592 596 597
f 593 597 598 594
f 598 599 600 594
f 598 597 601 602
f 598 602 603 599
f 603 604 605 599
f 603 602 606 607
f 603 607 608 604
f 608 609 610 604
f 608 607 611 612
f 608 612 613 609
f 613 614 615 609
f 613 612 616 617
f 613 617 618 614
f 618 619 620 614
f 618 617 621 622
f 618 622 623 619
f 623 624 625 619
f 623 622 626 627
f 623 627 628 624
f 628 629 630 624
f 628 627 631 632
f 628 632 633 629
f 633 634 635 629
f 633 632 636 637
f 633 637 638 634
f 638 639 640 634
f 638 637 641 642
f 638 642 643 639
f 643 644 645 639
f 643 642 646 647
f 643 647 648 644
f 648 649 650 644
f 648 647 651 652
f 648 652 653 649
f 653 654 655 649
f 653 652 656 657
f 653 657 658 654
f 658 659 660 654
f 658 657 661 662
f 658 662 663 659
f 663 664 665 659
f 663 662 666 667
f 663 667 668 664
f 668 669 670 664
f 668 667 671 672
f 668 672 673 669
f 673 674 675 669
f 673 672 676 677
f 673 677 678 674
f 678 679 680 674
f 678 677 681 682
f 678 682 683 679
f 683 684 685 679
f 683 682 686 687
f 683 687 688 684
f 688 689 690 684
f 688 687 691 692
f 688 692 693 689
f 693 694 695 689
f 693 692 696 697
f 693 697 698 694
f 698 699 700 694
f 698 697 701 702
f 698 702 703 699
f 703 704 705 699
f 703 702 706 707
f 703 707 708 704
f 708 709 710 704
f 708 707 711 712
f 708 712 713 709
f 713 714 715 709
f 713 712 716 717
f 713 717 718 714
f 718 719 720 714
f 718 717 721 722
f 718 722 723 719
f 723 724 725 719
f 723 722 726 727
f 723 727 728 724
f 728 729 730 724
f 728 727 731 732
f 728 732 733 729
f 733 734 735 729
f 733 732 736 737
f 733 737 738 734
f 738 739 740 734
f 738 737 741 742
f 738 742 743 739
f 743 744 745 739
f 743 742 746 747
f 743 747 748 744
f 748 749 750 744
f 748 747 751 752
f 748 752 753 749
f 753 754 755 749
f 753 752 756 757
f 753 757 758 754
f 758 759 760 754
f 758 757 761 762
f 758 762 763 759
f 763 764 765 759
f 763 762 766 767
f 763 767 768 764
f 768 769 770 764
f 768 767 771 772
f 768 772 773 769
f 773 774 775 769
f 773 772 776 777
f 773 777 778 774
f 778 779 780 774
f 778 777 781 782
f 778 782 783 779
f 783 784 785 779
f 783 782 786 787
f 783 787 788 784
f 788 789 790 784
f 788 787 791 792
f 788 792 793 789
f 793 794 795 789
f 793 792 796 797
f 793 797 798 794
f 798 799 800 794
f 798 797 801 802
f 798 802 803 799
f 803 804 805 799
f 803 802 806 807
f 803 807 808 804
f 808 809 810 804
f 808 807 811 812
f 808 812 813 809
f 813 814 815 809
f 813 812 816 817
f 813 817 818 814
f 818 819 820 814
f 818 817 6 821
f 818 821 822 819
f 822 823 824 819
f 822 821 825 826
f 822 826 827 823
f 827 828 829 823
f 827 826 830 831
f 827 831 832 828
f 832 833 834 828
f 832 831 835 836
f 832 836 837 833
f 837 838 839 833
f 837 836 840 841
f 837 841 842 838
f 842 843 844 838
f 842 841 845 846
f 842 846 847 843
f 847 848 849 843
f 847 846 850 851
f 847 851 852 848
f 852 853 854 848
f 852 851 855 856
f 852 856 857 853
f 857 858 859 853
f 857 856 860 861
f 857 861 862 858
f 862 863 864 858
f 862 861 865 866
f 862 866 867 863
f 867 868 869 863
f 867 866 870 871
f 867 871 872 868
f 872 873 874 868
f 872 871 875 876
f 872 876 877 873
f 877 878 879 873
f 877 876 880 881
f 877 881 882 878
f 882 883 884 878
f 882 881 885 886
f 882 886 887 883
f 887 888 889 883
f 887 886 890 891
f 887 891 892 888
f 892 893 894 888
f 892 891 895 896
f 892 896 897 893
f 897 898 899 893
f 897 896 900 901
f 897 901 902 898
f 902 903 904 898
f 902 901 905 906
f 902 906 907 903
f 907 908 909 903
f 907 906 910 911
f 907 911 912 908
f 912 913 914 908
f 912 911 915 916
f 912 916 917 913
f 917 918 919 913
f 917 916 920 921
f 917 921 922 918
f 922 923 924 918
f 922 921 925 926
f 922 926 927 923
f 927 928 929 923
f 927 926 930 931
f 927 931 932 928
f 932 933 934 928
f 932 931 935 936
f 932 936 937 933
f 937 938 939 933
f 937 936 940 941
f 937 941 942 938
f 942 943 944 938
f 942 941 945 946
f 942 946 947 943
f 947 948 949 943
f 947 946 950 951
f 947 951 952 948
f 952 953 954 948
f 952 951 955 956
f 952 956 957 953
f 957 958 959 953
f 957 956 960 961
f 957 961 962 958
f 962 963 964 958
f 962 961 965 966
f 962 966 967 963
f 967 968 969 963
f 967 966 970 971
f 967 971 972 968
f 972 973 974 968
f 972 971 975 976
f 972 976 977 973
f 977 978 979 973
f 977 976 980 981
f 977 981 982 978
f 982 983 984 978
f 982 981 985 986
f 982 986 987 983
f 987 988 989 983
f 987 986 990 991
f 987 991 992 988
f 992 993 994 988
f 992 991 995 996
f 992 996 997 993
f 997 998 999 993
f 997 996 1000 1001
f 997 1001 1002 998
f 1002 1003 1004 998
f 1002 1001 1005 1006
f 1002 1006 1007 1003
f 1007 1008 1009 1003
f 1007 1006 1010 1011
f 1007 1011 1012 1008
f 1012 1013 1014 1008
f 1012 1011 1015 1016
f 1012 1016 1017 1013
f 1017 1018 1019 1013
f 1017 1016 1020 1021
f 1017 1021 1022 1018
f 1022 1023 1024 1018
f 1022 1021 1025 1026
f 1022 1026 1027 1023
f 1027 1028 1029 1023
f 1027 1026 1030 1031
f 1027 1031 1032 1028
f 1032 1033 1034 1028
f 1032 1031 1035 1036
f 1032 1036 1037 1033
f 1037 1038 1039 1033
f 1037 1036 1040 1041
f 1037 1041 1042 1038
f 1042 1043 1044 1038
f 1042 1041 1045 1046
f 1042 1046 1047 1043
f 1047 1048 1049 1043
f 1047 1046 1050 1051
f 1047 1051 1052 1048
f 1052 1053 1054 1048
f 1052 1051 1055 1056
f 1052 1056 1057 1053
f 1057 1058 1059 1053
f 1057 1056 1060 1061
f 1057 1061 1062 1058
f 1062 1063 1064 1058
f 1062 1061 1065 1066
f 1062 1066 1067 1063
f 1067 1068 1069 1063
f 1067 1066 1070 1071
f 1067 1071 1072 1068
f 1072 1073 1074 1068
f 1072 1071 1075 1076
f 1072 1076 1077 1073
f 1077 1078 1079 1073
f 1077 1076 1080 1081
f 1077 1081 1082 1078
f 1082 1083 1084 1078
f 1082 1081 1085 1086
f 1082 1086 1087 1083
f 1087 1088 1089 1083
f 1087 1086 1090 1091
f 1087 1091 1092 1088
f 1092 1093 1094 1088
f 1092 1091 1095 1096
f 1092 1096 1097 1093
f 1097 1098 1099 1093
f 1097 1096 1100 1101
f 1097 1101 1102 1098
f 1102 1103 1104 1098
f 1102 1101 1105 1106
f 1102 1106 1107 1103
f 1107 1108 1109 1103
f 1107 1106 1110 1111
f 1107 1111 1112 1108
f 1112 1113 1114 1108
f 1112 1111 1115 1116
f 1112 1116 1117 1113
f 1117 1118 1119 1113
f 1117 1116 1120 1121
f 1117 1121 1122 1118
f 1122 1123 1124 1118
f 1122 1121 1125 1126
f 1122 1126 1127 1123
f 1127 1128 1129 1123
f 1127 1126 1130 1131
f 1127 1131 1132 1128
f 1132 1133 1134 1128
f 1132 1131 1135 1136
f 1132 1136 1137 1133
f 1137 1138 1139 1133
f 1137 1136 1140 1141
f 1137 1141 1142 1138
f 1142 1143 1144 1138
f 1142 1141 1145 1146
f 1142 1146 1147 1143
f 1147 1148 1149 1143
f 1147 1146 1150 1151
f 1147 1151 1152 1148
f 1152 1153 1154 1148
f 1152 1151 1155 1156
f 1152 1156 1157 1153
f 1157 1158 1159 1153
f 1157 1156 1160 1161
f 1157 1161 1162 1158
f 1162 1163 1164 1158
f 1162 1161 1165 1166
f 1162 1166 1167 1163
f 1167 1168 1169 1163
f 1167 1166 1170 1171
f 1167 1171 1172 1168
f 1172 1173 1174 1168
f 1172 1171 1175 1176
f 1172 1176 1177 1173
f 1177 1178 1179 1173
f 1177 1176 1180 1181
f 1177 1181 1182 1178
f 1182 1183 1184 1178
f 1182 1181 1185 1186
f 1182 1186 1187 1183
f 1187 1188 1189 1183
f 1187 1186 1190 1191
f 1187 1191 1192 1188
f 1192 1193 1194 1188
f 1192 1191 1195 1196
f 1192 1196 1197 1193
f 1197 1198 1199 1193
f 1197 1196 1200 1201
f 1197 1201 1202 1198
f 1202 1203 1204 1198
f 1202 1201 1205 1206
f 1202 1206 1207 1203
f 1207 1208 1209 1203
f 1207 1206 1210 1211
f 1207 1211 1212 1208
f 1212 1213 1214 1208
f 1212 1211 1215 1216
f 1212 1216 1217 1213
f 1217 1218 1219 1213
f 1217 1216 1220 1221
f 1217 1221 1222 1218
f 1222 1223 1224 1218
f 1222 1221 1225 1226
f 1222 1226 1227 1223
f 1227 1228 1229 1223
f 1227 1226 1230 1231
f 1227 1231 1232 1228
f 1232 1233 1234 1228
f 1232 1231 1235 1236
f 1232 1236 1237 1233
f 1237 1238 1239 1233
f 1237 1236 1240 1241
f 1237 1241 1242 1238
f 1242 1243 1244 1238
f 1242 1241 1245 1246
f 1242 1246 1247 1243
f 1247 1248 1249 1243
f 1247 1246 1250 1251
f 1247 1251 1252 1248
f 1252 1253 1254 1248
f 1252 1251 1255 1256
f 1252 1256 1257 1253
f 1257 1258 1259 1253
f 1257 1256 1260 1261
f 1257 1261 1262 1258
f 1262 1263 1264 1258
f 1262 1261 1265 1266
f 1262 1266 1267 1263
f 1267 1268 1269 1263
f 1267 1266 1270 1271
f 1267 1271 1272 1268
f 1272 1273 1274 1268
f 1272 1271 1275 1276
f 1272 1276 1277 1273
f 1277 1278 1279 1273
f 1277 1276 1280 1281
f 1277 1281 1282 1278
f 1282 1283 1284 1278
f 1282 1281 1285 1286
f 1282 1286 1287 1283
f 1287 1288 1289 1283
f 1287 1286 1290 1291
f 1287 1291 1292 1288
f 1292 1293 1294 1288
f 1292 1291 1295 1296
f 1292 1296 1297 1293
f 1297 1298 1299 1293
f 1297 1296 1300 1301
f 1297 1301 1302 1298
f 1302 1303 1304 1298
f 1302 1301 1305 1306
f 1302 1306 1307 1303
f 1307 1308 1309 1303
f 1307 1306 1310 1311
f 1307 1311 1312 1308
f 1312 1313 1314 1308
f 1312 1311 1315 1316
f 1312 1316 1317 1313
f 1317 1318 1319 1313
f 1317 1316 1320 1321
f 1317 1321 1322 1318
f 1322 10 1323 1318
f 1322 1321 1324 1325
f 1322 1325 11 10
f 1325 1324 1326 1327
f 1325 1327 12 11
f 1327 1326 520 1328
f 1327 1328 1329 12
f 1329 16 13 12
f 1329 1328 525 1330
f 1329 1330 1331 16
f 1331 21 17 16
f 1331 1330 530 1332
f 1331 1332 1333 21
f 1333 26 22 21
f 1333 1332 535 1334
f 1333 1334 1335 26
f 1335 31 27 26
f 1335 1334 540 1336
f 1335 1336 1337 31
f 1337 36 32 31
f 1337 1336 545 1338
f 1337 1338 1339 36
f 1339 41 37 36
f 1339 1338 550 1340
f 1339 1340 1341 41
f 1341 46 42 41
f 1341 1340 555 1342
f 1341 1342 1343 46
f 1343 51 47 46
f 1343 1342 560 1344
f 1343 1344 1345 51
f 1345 56 52 51
f 1345 1344 565 1346
f 1345 1346 1347 56
f 1347 61 57 56
f 1347 1346 570 1348
f 1347 1348 1349 61
f 1349 66 62 61
f 1349 1348 575 1350
f 1349 1350 1351 66
f 1351 71 67 66
f 1351 1350 580 1352
f 1351 1352 1353 71
f 1353 76 72 71
f 1353 1352 585 1354
f 1353 1354 1355 76
f 1355 81 77 76
f 1355 1354 590 1356
f 1355 1356 1357 81
f 1357 86 82 81
f 1357 1356 595 1358
f 1357 1358 1359 86
f 1359 91 87 86
f 1359 1358 600 1360
f 1359 1360 1361 91
f 1361 96 92 91
f 1361 1360 605 1362
f 1361 1362 1363 96
f 1363 101 97 96
f 1363 1362 610 1364
f 1363 1364 1365 101
f 1365 106 102 101
f 1365 1364 615 1366
f 1365 1366 1367 106
f 1367 111 107 106
f 1367 1366 620 1368
f 1367 1368 1369 111
f 1369 116 112 111
f 1369 1368 625 1370
f 1369 1370 1371 116
f 1371 121 117 116
f 1371 1370 630 1372
f 1371 1372 1373 121
f 1373 126 122 121
f 1373 1372 635 1374
f 1373 1374 1375 126
f 1375 131 127 126
f 1375 1374 640 1376
f 1375 1376 1377 131
f 1377 136 132 131
f 1377 1376 645 1378
f 1377 1378 1379 136
f 1379 141 137 136
f 1379 1378 650 1380
f 1379 1380 1381 141
f 1381 146 142 141
f 1381 1380 655 1382
f 1381 1382 1383 146
f 1383 151 147 146
f 1383 1382 660 1384
f 1383 1384 1385 151
f 1385 156 152 151
f 1385 1384 665 1386
f 1385 1386 1387 156
f 1387 161 157 156
f 1387 1386 670 1388
f 1387 1388 1389 161
f 1389 166 162 161
f 1389 1388 675 1390
f 1389 1390 1391 166
f 1391 171 167 166
f 1391 1390 680 1392
f 1391 1392 1393 171
f 1393 176 172 171
f 1393 1392 685 1394
f 1393 1394 1395 176
f 1395 181 177 176
f 1395 1394 690 1396
f 1395 1396 1397 181
f 1397 186 182 181
f 1397 1396 695 1398
f 1397 1398 1399 186
f 1399 191 187 186
f 1399 1398 700 1400
f 1399 1400 1401 191
f 1401 196 192 191
f 1401 1400 705 1402
f 1401 1402 1403 196
f 1403 201 197 196
f 1403 1402 710 1404
f 1403 1404 1405 201
f 1405 206 202 201
f 1405 1404 715 1406
f 1405 1406 1407 206
f 1407 211 207 206
f 1407 1406 720 1408
f 1407 1408 1409 211
f 1409 216 212 211
f 1409 1408 725 1410
f 1409 1410 1411 216
f 1411 221 217 216
f 1411 1410 730 1412
f 1411 1412 1413 221
f 1413 226 222 221
f 1413 1412 735 1414
f 1413 1414 1415 226
f 1415 231 227 226
f 1415 1414 740 1416
f 1415 1416 1417 231
f 1417 236 232 231
f 1417 1416 745 1418
f 1417 1418 1419 236
f 1419 241 237 236
f 1419 1418 750 1420
f 1419 1420 1421 241
f 1421 246 242 241
f 1421 1420 755 1422
f 1421 1422 1423 246
f 1423 251 247 246
f 1423 1422 760 1424
f 1423 1424 1425 251
f 1425 256 252 251
f 1425 1424 765 1426
f 1425 1426 1427 256
f 1427 261 257 256
f 1427 1426 770 1428
f 1427 1428 1429 261
f 1429 266 262 261
f 1429 1428 775 1430
f 1429 1430 1431 266
f 1431 271 267 266
f 1431 1430 780 1432
f 1431 1432 1433 271
f 1433 276 272 271
f 1433 1432 785 1434
f 1433 1434 1435 276
f 1435 281 277 276
f 1435 1434 790 1436
f 1435 1436 1437 281
f 1437 286 282 281
f 1437 1436 795 1438
f 1437 1438 1439 286
f 1439 291 287 286
f 1439 1438 800 1440
f 1439 1440 1441 291
f 1441 296 292 291
f 1441 1440 805 1442
f 1441 1442 1443 296
f 1443 301 297 296
f 1443 1442 810 1444
f 1443 1444 1445 301
f 1445 306 302 301
f 1445 1444 815 1446
f 1445 1446 1447 306
f 1447 311 307 306
f 1447 1446 820 1448
f 1447 1448 1449 311
f 1449 316 312 311
f 1449 1448 824 1450
f 1449 1450 1451 316
f 1451 321 317 316
f 1451 1450 829 1452
f 1451 1452 1453 321
f 1453 326 322 321
f 1453 1452 834 1454
f 1453 1454 1455 326
f 1455 331 327 326
f 1455 1454 839 1456
f 1455 1456 1457 331
f 1457 336 332 331
f 1457 1456 844 1458
f 1457 1458 1459 336
f 1459 341 337 336
f 1459 1458 849 1460
f 1459 1460 1461 341
f 1461 346 342 341
f 1461 1460 854 1462
f 1461 1462 1463 346
f 1463 351 347 346
f 1463 1462 859 1464
f 1463 1464 1465 351
f 1465 356 352 351
f 1465 1464 864 1466
f 1465 1466 1467 356
f 1467 361 357 356
f 1467 1466 869 1468
f 1467 1468 1469 361
f 1469 366 362 361
f 1469 1468 874 1470
f 1469 1470 1471 366
f 1471 371 367 366
f 1471 1470 879 1472
f 1471 1472 1473 371
f 1473 376 372 371
f 1473 1472 884 1474
f 1473 1474 1475 376
f 1475 381 377 376
f 1475 1474 889 1476
f 1475 1476 1477 381
f 1477 386 382 381
f 1477 1476 894 1478
f 1477 1478 1479 386
f 1479 391 387 386
f 1479 1478 899 1480
f 1479 1480 1481 391
f 1481 396 392 391
f 1481 1480 904 1482
f 1481 1482 1483 396
f 1483 401 397 396
f 1483 1482 909 1484
f 1483 1484 1485 401
f 1485 406 402 401
f 1485 1484 914 1486
f 1485 1486 1487 406
f 1487 411 407 406
f 1487 1486 919 1488
f 1487 1488 1489 411
f 1489 416 412 411
f 1489 1488 924 1490
f 1489 1490 1491 416
f 1491 421 417 416
f 1491 1490 929 1492
f 1491 1492 1493 421
f 1493 426 422 421
f 1493 1492 934 1494
f 1493 1494 1495 426
f 1495 431 427 426
f 1495 1494 939 1496
f 1495 1496 1497 431
f 1497 436 432 431
f 1497 1496 944 1498
f 1497 1498 1499 436
f 1499 441 437 436
f 1499 1498 949 1500
f 1499 1500 1501 441
f 1501 446 442 441
f 1501 1500 954 1502
f 1501 1502 1503 446
f 1503 451 447 446
f 1503 1502 959 1504
f 1503 1504 1505 451
f 1505 456 452 451
f 1505 1504 964 1506
f 1505 1506 1507 456
f 1507 461 457 456
f 1507 1506 969 1508
f 1507 1508 1509 461
f 1509 466 462 461
f 1509 1508 974 1510
f 1509 1510 1511 466
f 1511 471 467 466
f 1511 1510 979 1512
f 1511 1512 1513 471
f 1513 476 472 471
f 1513 1512 984 1514
f 1513 1514 1515 476
f 1515 481 477 476
f 1515 1514 989 1516
f 1515 1516 1517 481
f 1517 486 482 481
f 1517 1516 994 1518
f 1517 1518 1519 486
f 1519 491 487 486
f 1519 1518 999 1520
f 1519 1520 1521 491
f 1521 496 492 491
f 1521 1520 1004 1522
f 1521 1522 1523 496
f 1523 501 497 496
f 1523 1522 1009 1524
f 1523 1524 1525 501
f 1525 506 502 501
f 1525 1524 1014 1526
f 1525 1526 1527 506
f 1527 511 507 506
f 1527 1526 1019 1528
f 1527 1528 1529 511
f 1529 516 512 511
f 1529 1528 1024 1530
f 1529 1530 1531 516
f 1531 521 517 516
f 1531 1530 1029 1532
f 1531 1532 1533 521
f 1533 526 522 521
f 1533 1532 1034 1534
f 1533 1534 1535 526
f 1535 531 527 526
f 1535 1534 1039 1536
f 1535 1536 1537 531
f 1537 536 532 531
f 1537 1536 1044 1538
f 1537 1538 1539 536
f 1539 541 537 536
f 1539 1538 1049 1540
f 1539 1540 1541 541
f 1541 546 542 541
f 1541 1540 1054 1542
f 1541 1542 1543 546
f 1543 551 547 546
f 1543 1542 1059 1544
f 1543 1544 1545 551
f 1545 556 552 551
f 1545 1544 1064 1546
f 1545 1546 1547 556
f 1547 561 557 556
f 1547 1546 1069 1548
f 1547 1548 1549 561
f 1549 566 562 561
f 1549 1548 1074 1550
f 1549 1550 1551 566
f 1551 571 567 566
f 1551 1550 1079 1552
f 1551 1552 1553 571
f 1553 576 572 571
f 1553 1552 1084 1554
f 1553 1554 1555 576
f 1555 581 577 576
f 1555 1554 1089 1556
f 1555 1556 1557 581
f 1557 586 582 581
f 1557 1556 1094 1558
f 1557 1558 1559 586
f 1559 591 587 586
f 1559 1558 1099 1560
f 1559 1560 1561 591
f 1561 596 592 591
f 1561 1560 1104 1562
f 1561 1562 1563 596
f 1563 601 597 596
f 1563 1562 1109 1564
f 1563 1564 1565 601
f 1565 606 602 601
f 1565 1564 1114 1566
f 1565 1566 1567 606
f 1567 611 607 606
f 1567 1566 1119 1568
f 1567 1568 1569 611
f 1569 616 612 611
f 1569 1568 1124 1570
f 1569 1570 1571 616
f 1571 621 617 616
f 1571 1570 1129 1572
f 1571 1572 1573 621
f 1573 626 622 621
f 1573 1572 1134 1574
f 1573 1574 1575 626
f 1575 631 627 626
f 1575 1574 1139 1576
f 1575 1576 1577 631
f 1577 636 632 631
f 1577 1576 1144 1578
f 1577 1578 1579 636
f 1579 641 637 636
f 1579 1578 1149 1580
f 1579 1580 1581 641
f 1581 646 642 641
f 1581 1580 1154 1582
f 1581 1582 1583 646
f 1583 651 647 646
f 1583 1582 1159 1584
f 1583 1584 1585 651
f 1585 656 652 651
f 1585 1584 1164 1586
f 1585 1586 1587 656
f 1587 661 657 656
f 1587 1586 1169 1588
f 1587 1588 1589 661
f 1589 666 662 661
f 1589 1588 1174 1590
f 1589 1590 1591 666
f 1591 671 667 666
f 1591 1590 1179 1592
f 1591 1592 1593 671
f 1593 676 672 671
f 1593 1592 1184 1594
f 1593 1594 1595 676
f 1595 681 677 676
f 1595 1594 1189 1596
f 1595 1596 1597 681
f 1597 686 682 681
f 1597 1596 1194 1598
f 1597 1598 1599 686
f 1599 691 687 686
f 1599 1598 1199 1600
f 1599 1600 1601 691
f 1601 696 692 691
f 1601 1600 1204 1602
f 1601 1602 1603 696
f 1603 701 697 696
f 1603 1602 1209 1604
f 1603 1604 1605 701
f 1605 706 702 701
f 1605 1604 1214 1606
f 1605 1606 1607 706
f 1607 711 707 706
f 1607 1606 1219 1608
f 1607 1608 1609 711
f 1609 716 712 711
f 1609 1608 1224 1610
f 1609 1610 1611 716
f 1611 721 717 716
f 1611 1610 1229 1612
f 1611 1612 1613 721
f 1613 726 722 721
f 1613 1612 1234 1614
f 1613 1614 1615 726
f 1615 731 727 726
f 1615 1614 1239 1616
f 1615 1616 1617 731
f 1617 736 732 731
f 1617 1616 1244 1618
f 1617 1618 1619 736
f 1619 741 737 736
f 1619 1618 1249 1620
f 1619 1620 1621 741
f 1621 746 742 741
f 1621 1620 1254 1622
f 1621 1622 1623 746
f 1623 751 747 746
f 1623 1622 1259 1624
f 1623 1624 1625 751
f 1625 756 752 751
f 1625 1624 1264 1626
f 1625 1626 1627 756
f 1627 761 757 756
f 1627 1626 1269 1628
f 1627 1628 1629 761
f 1629 766 762 761
f 1629 1628 1274 1630
f 1629 1630 1631 766
f 1631 771 767 766
f 1631 1630 1279 1632
f 1631 1632 1633 771
f 1633 776 772 771
f 1633 1632 1284 1634
f 1633 1634 1635 776
f 1635 781 777 776
f 1635 1634 1289 1636
f 1635 1636 1637 781
f 1637 786 782 781
f 1637 1636 1294 1638
f 1637 1638 1639 786
f 1639 791 787 786
f 1639 1638 1299 1640
f 1639 1640 1641 791
f 1641 796 792 791
f 1641 1640 1304 1642
f 1641 1642 1643 796
f 1643 801 797 796
f 1643 1642 1309 1644
f 1643 1644 1645 801
f 1645 806 802 801
f 1645 1644 1314 1646
f 1645 1646 1647 806
f 1647 811 807 806
f 1647 1646 1319 1648
f 1647 1648 1649 811
f 1649 816 812 811
f 1649 1648 1323 3
f 1649 3 2 816
f 1648 1319 1318 1323
f 1646 1314 1313 1319
f 1644 1309 1308 1314
f 1642 1304 1303 1309
f 1640 1299 1298 1304
f 1638 1294 1293 1299
f 1636 1289 1288 1294
f 1634 1284 1283 1289
f 1632 1279 1278 1284
f 1630 1274 1273 1279
f 1628 1269 1268 1274
f 1626 1264 1263 1269
f 1624 1259 1258 1264
f 1622 1254 1253 1259
f 1620 1249 1248 1254
f 1618 1244 1243 1249
f 1616 1239 1238 1244
f 1614 1234 1233 1239
f 1612 1229 1228 1234
f 1610 1224 1223 1229
f 1608 1219 1218 1224
f 1606 1214 1213 1219
f 1604 1209 1208 1214
f 1602 1204 1203 1209
f 1600 1199 1198 1204
f 1598 1194 1193 1199
f 1596 1189 1188 1194
f 1594 1184 1183 1189
f 1592 1179 1178 1184
f 1590 1174 1173 1179
f 1588 1169 1168 1174
f 1586 1164 1163 1169
f 1584 1159 1158 1164
f 1582 1154 1153 1159
f 1580 1149 1148 1154
f 1578 1144 1143 1149
f 1576 1139 1138 1144
f 1574 1134 1133 1139
f 1572 1129 1128 1134
f 1570 1124 1123 1129
f 1568 1119 1118 1124
f 1566 1114 1113 1119
f 1564 1109 1108 1114
f 1562 1104 1103 1109
f 1560 1099 1098 1104
f 1558 1094 1093 1099
f 1556 1089 1088 1094
f 1554 1084 1083 1089
f 1552 1079 1078 1084
f 1550 1074 1073 1079
f 1548 1069 1068 1074
f 1546 1064 1063 1069
f 1544 1059 1058 1064
f 1542 1054 1053 1059
f 1540 1049 1048 1054
f 1538 1044 1043 1049
f 1536 1039 1038 1044
f 1534 1034 1033 1039
f 1532 1029 1028 1034
f 1530 1024 1023 1029
f 1528 1019 1018 1024
f 1526 1014 1013 1019
f 1524 1009 1008 1014
f 1522 1004 1003 1009
f 1520 999 998 1004
f 1518 994 993 999
f 1516 989 988 994
f 1514 984 983 989
f 1512 979 978 984
f 1510 974 973 979
f 1508 969 968 974
f 1506 964 963 969
f 1504 959 958 964
f 1502 954 953 959
f 1500 949 948 954
f 1498 944 943 949
f 1496 939 938 944
f 1494 934 933 939
f 1492 929 928 934
f 1490 924 923 929
f 1488 919 918 924
f 1486 914 913 919
f 1484 909 908 914
f 1482 904 903 909
f 1480 899 898 904
f 1478 894 893 899
f 1476 889 888 894
f 1474 884 883 889
f 1472 879 878 884
f 1470 874 873 879
f 1468 869 868 874
f 1466 864 863 869
f 1464 859 858 864
f 1462 854 853 859
f 1460 849 848 854
f 1458 844 843 849
f 1456 839 838 844
f 1454 834 833 839
f 1452 829 828 834
f 1450 824 823 829
f 1448 820 819 824
f 1446 815 814 820
f 1444 810 809 815
f 1442 805 804 810
f 1440 800 799 805
f 1438 795 794 800
f 1436 790 789 795
f 1434 785 784 790
f 1432 780 779 785
f 1430 775 774 780
f 1428 770 769 775
f 1426 765 764 770
f 1424 760 759 765
f 1422 755 754 760
f 1420 750 749 755
f 1418 745 744 750
f 1416 740 739 745
f 1414 735 734 740
f 1412 730 729 735
f 1410 725 724 730
f 1408 720 719 725
f 1406 715 714 720
f 1404 710 709 715
f 1402 705 704 710
f 1400 700 699 705
f 1398 695 694 700
f 1396 690 689 695
f 1394 685 684 690
f 1392 680 679 685
f 1390 675 674 680
f 1388 670 669 675
f 1386 665 664 670
f 1384 660 659 665
f 1382 655 654 660
f 1380 650 649 655
f 1378 645 644 650
f 1376 640 639 645
f 1374 635 634 640
f 1372 630 629 635
f 1370 625 624 630
f 1368 620 619 625
f 1366 615 614 620
f 1364 610 609 615
f 1362 605 604 610
f 1360 600 599 605
f 1358 595 594 600
f 1356 590 589 595
f 1354 585 584 590
f 1352 580 579 585
f 1350 575 574 580
f 1348 570 569 575
f 1346 565 564 570
f 1344 560 559 565
f 1342 555 554 560
f 1340 550 549 555
f 1338 545 544 550
f 1336 540 539 545
f 1334 535 534 540
f 1332 530 529 535
f 1330 525 524 530
f 1328 520 519 525
f 1326 1324 1650 515
f 1326 515 514 520
f 1650 1324 1321 1320
f 1650 1320 1651 510
f 1650 510 509 515
f 1651 1320 1316 1315
f 1651 1315 1652 505
f 1651 505 504 510
f 1652 1315 1311 1310
f 1652 1310 1653 500
f 1652 500 499 505
f 1653 1310 1306 1305
f 1653 1305 1654 495
f 1653 495 494 500
f 1654 1305 1301 1300
f 1654 1300 1655 490
f 1654 490 489 495
f 1655 1300 1296 1295
f 1655 1295 1656 485
f 1655 485 484 490
f 1656 1295 1291 1290
f 1656 1290 1657 480
f 1656 480 479 485
f 1657 1290 1286 1285
f 1657 1285 1658 475
f 1657 475 474 480
f 1658 1285 1281 1280
f 1658 1280 1659 470
f 1658 470 469 475
f 1659 1280 1276 1275
f 1659 1275 1660 465
f 1659 465 464 470
f 1660 1275 1271 1270
f 1660 1270 1661 460
f 1660 460 459 465
f 1661 1270 1266 1265
f 1661 1265 1662 455
f 1661 455 454 460
f 1662 1265 1261 1260
f 1662 1260 1663 450
f 1662 450 449 455
f 1663 1260 1256 1255
f 1663 1255 1664 445
f 1663 445 444 450
f 1664 1255 1251 1250
f 1664 1250 1665 440
f 1664 440 439 445
f 1665 1250 1246 1245
f 1665 1245 1666 435
f 1665 435 434 440
f 1666 1245 1241 1240
f 1666 1240 1667 430
f 1666 430 429 435
f 1667 1240 1236 1235
f 1667 1235 1668 425
f 1667 425 424 430
f 1668 1235 1231 1230
f 1668 1230 1669 420
f 1668 420 419 425
f 1669 1230 1226 1225
f 1669 1225 1670 415
f 1669 415 414 420
f 1670 1225 1221 1220
f 1670 1220 1671 410
f 1670 410 409 415
f 1671 1220 1216 1215
f 1671 1215 1672 405
f 1671 405 404 410
f 1672 1215 1211 1210
f 1672 1210 1673 400
f 1672 400 399 405
f 1673 1210 1206 1205
f 1673 1205 1674 395
f 1673 395 394 400
f 1674 1205 1201 1200
f 1674 1200 1675 390
f 1674 390 389 395
f 1675 1200 1196 1195
f 1675 1195 1676 385
f 1675 385 384 390
f 1676 1195 1191 1190
f 1676 1190 1677 380
f 1676 380 379 385
f 1677 1190 1186 1185
f 1677 1185 1678 375
f 1677 375 374 380
f 1678 1185 1181 1180
f 1678 1180 1679 370
f 1678 370 369 375
f 1679 1180 1176 1175
f 1679 1175 1680 365
f 1679 365 364 370
f 1680 1175 1171 1170
f 1680 1170 1681 360
f 1680 360 359 365
f 1681 1170 1166 1165
f 1681 1165 1682 355
f 1681 355 354 360
f 1682 1165 1161 1160
f 1682 1160 1683 350
f 1682 350 349 355
f 1683 1160 1156 1155
f 1683 1155 1684 345
f 1683 345 344 350
f 1684 1155 1151 1150
f 1684 1150 1685 340
f 1684 340 339 345
f 1685 1150 1146 1145
f 1685 1145 1686 335
f 1685 335 334 340
f 1686 1145 1141 1140
f 1686 1140 1687 330
f 1686 330 329 335
f 1687 1140 1136 1135
f 1687 1135 1688 325
f 1687 325 324 330
f 1688 1135 1131 1130
f 1688 1130 1689 320
f 1688 320 319 325
f 1689 1130 1126 1125
f 1689 1125 1690 315
f 1689 315 314 320
f 1690 1125 1121 1120
f 1690 1120 1691 310
f 1690 310 309 315
f 1691 1120 1116 1115
f 1691 1115 1692 305
f 1691 305 304 310
f 1692 1115 1111 1110
f 1692 1110 1693 300
f 1692 300 299 305
f 1693 1110 1106 1105
f 1693 1105 1694 295
f 1693 295 294 300
f 1694 1105 1101 1100
f 1694 1100 1695 290
f 1694 290 289 295
f 1695 1100 1096 1095
f 1695 1095 1696 285
f 1695 285 284 290
f 1696 1095 1091 1090
f 1696 1090 1697 280
f 1696 280 279 285
f 1697 1090 1086 1085
f 1697 1085 1698 275
f 1697 275 274 280
f 1698 1085 1081 1080
f 1698 1080 1699 270
f 1698 270 269 275
f 1699 1080 1076 1075
f 1699 1075 1700 265
f 1699 265 264 270
f 1700 1075 1071 1070
f 1700 1070 1701 260
f 1700 260 259 265
f 1701 1070 1066 1065
f 1701 1065 1702 255
f 1701 255 254 260
f 1702 1065 1061 1060
f 1702 1060 1703 250
f 1702 250 249 255
f 1703 1060 1056 1055
f 1703 1055 1704 245
f 1703 245 244 250
f 1704 1055 1051 1050
f 1704 1050 1705 240
f 1704 240 239 245
f 1705 1050 1046 1045
f 1705 1045 1706 235
f 1705 235 234 240
f 1706 1045 1041 1040
f 1706 1040 1707 230
f 1706 230 229 235
f 1707 1040 1036 1035
f 1707 1035 1708 225
f 1707 225 224 230
f 1708 1035 1031 1030
f 1708 1030 1709 220
f 1708 220 219 225
f 1709 1030 1026 1025
f 1709 1025 1710 215
f 1709 215 214 220
f 1710 1025 1021 1020
f 1710 1020 1711 210
f 1710 210 209 215
f 1711 1020 1016 1015
f 1711 1015 1712 205
f 1711 205 204 210
f 1712 1015 1011 1010
f 1712 1010 1713 200
f 1712 200 199 205
f 1713 1010 1006 1005
f 1713 1005 1714 195
f 1713 195 194 200
f 1714 1005 1001 1000
f 1714 1000 1715 190
f 1714 190 189 195
f 1715 1000 996 995
f 1715 995 1716 185
f 1715 185 184 190
f 1716 995 991 990
f 1716 990 1717 180
f 1716 180 179 185
f 1717 990 986 985
f 1717 985 1718 175
f 1717 175 174 180
f 1718 985 981 980
f 1718 980 1719 170
f 1718 170 169 175
f 1719 980 976 975
f 1719 975 1720 165
f 1719 165 164 170
f 1720 975 971 970
f 1720 970 1721 160
f 1720 160 159 165
f 1721 970 966 965
f 1721 965 1722 155
f 1721 155 154 160
f 1722 965 961 960
f 1722 960 1723 150
f 1722 150 149 155
f 1723 960 956 955
f 1723 955 1724 145
f 1723 145 144 150
f 1724 955 951 950
f 1724 950 1725 140
f 1724 140 139 145
f 1725 950 946 945
f 1725 945 1726 135
f 1725 135 134 140
f 1726 945 941 940
f 1726 940 1727 130
f 1726 130 129 135
f 1727 940 936 935
f 1727 935 1728 125
f 1727 125 124 130
f 1728 935 931 930
f 1728 930 1729 120
f 1728 120 119 125
f 1729 930 926 925
f 1729 925 1730 115
f 1729 115 114 120
f 1730 925 921 920
f 1730 920 1731 110
f 1730 110 109 115
f 1731 920 916 915
f 1731 915 1732 105
f 1731 105 104 110
f 1732 915 911 910
f 1732 910 1733 100
f 1732 100 99 105
f 1733 910 906 905
f 1733 905 1734 95
f 1733 95 94 100
f 1734 905 901 900
f 1734 900 1735 90
f 1734 90 89 95
f 1735 900 896 895
f 1735 895 1736 85
f 1735 85 84 90
f 1736 895 891 890
f 1736 890 1737 80
f 1736 80 79 85
f 1737 890 886 885
f 1737 885 1738 75
f 1737 75 74 80
f 1738 885 881 880
f 1738 880 1739 70
f 1738 70 69 75
f 1739 880 876 875
f 1739 875 1740 65
f 1739 65 64 70
f 1740 875 871 870
f 1740 870 1741 60
f 1740 60 59 65
f 1741 870 866 865
f 1741 865 1742 55
f 1741 55 54 60
f 1742 865 861 860
f 1742 860 1743 50
f 1742 50 49 55
f 1743 860 856 855
f 1743 855 1744 45
f 1743 45 44 50
f 1744 855 851 850
f 1744 850 1745 40
f 1744 40 39 45
f 1745 850 846 845
f 1745 845 1746 35
f 1745 35 34 40
f 1746 845 841 840
f 1746 840 1747 30
f 1746 30 29 35
f 1747 840 836 835
f 1747 835 1748 25
f 1747 25 24 30
f 1748 835 831 830
f 1748 830 1749 20
f 1748 20 19 25
f 1749 830 826 825
f 1749 825 5 8
f 1749 8 15 20
f 1323 10 4 3
f 825 821 6 5
f 817 816 2 6
f 1750 1751 1752 1753
f 1750 1753 1754 1755
f 1750 1756 1757 1751
f 1750 1755 1758 1756
f 1758 1759 1760 1756
f 1758 1755 1761 1762
f 1758 1762 1763 1759
f 1763 1764 1765 1759
f 1763 1762 1766 1767
f 1763 1767 1768 1764
f 1768 1769 1770 1764
f 1768 1767 1771 1772
f 1768 1772 1773 1769
f 1773 1774 1775 1769
f 1773 1772 1776 1777
f 1773 1777 1778 1774
f 1778 1779 1780 1774
f 1778 1777 1781 1782
f 1778 1782 1783 1779
f 1783 1784 1785 1779
f 1783 1782 1786 1787
f 1783 1787 1788 1784
f 1788 1789 1790 1784
f 1788 1787 1791 1792
f 1788 1792 1793 1789
f 1793 1794 1795 1789
f 1793 1792 1796 1797
f 1793 1797 1798 1794
f 1798 1799 1800 1794
f 1798 1797 1801 1802
f 1798 1802 1803 1799
f 1803 1804 1805 1799
f 1803 1802 1806 1807
f 1803 1807 1808 1804
f 1808 1809 1810 1804
f 1808 1807 1811 1812
f 1808 1812 1813 1809
f 1813 1814 1815 1809
f 1813 1812 1816 1817
f 1813 1817 1818 1814
f 1818 1819 1820 1814
f 1818 1817 1821 1822
f 1818 1822 1823 1819
f 1823 1824 1825 1819
f 1823 1822 1826 1827
f 1823 1827 1828 1824
f 1828 1829 1830 1824
f 1828 1827 1831 1832
f 1828 1832 1833 1829
f 1833 1834 1835 1829
f 1833 1832 1836 1837
f 1833 1837 1838 1834
f 1838 1839 1840 1834
f 1838 1837 1841 1842
f 1838 1842 1843 1839
f 1843 1844 1845 1839
f 1843 1842 1846 1847
f 1843 1847 1848 1844
f 1848 1849 1850 1844
f 1848 1847 1851 1852
f 1848 1852 1853 1849
f 1853 1854 1855 1849
f 1853 1852 1856 1857
f 1853 1857 1858 1854
f 1858 1859 1860 1854
f 1858 1857 1861 1862
f 1858 1862 1863 1859
f 1863 1864 1865 1859
f 1863 1862 1866 1867
f 1863 1867 1868 1864
f 1868 1869 1870 1864
f 1868 1867 1871 1872
f 1868 1872 1873 1869
f 1873 1874 1875 1869
f 1873 1872 1876 1877
f 1873 1877 1878 1874
f 1878 1879 1880 1874
f 1878 1877 1881 1882
f 1878 1882 1883 1879
f 1883 1884 1885 1879
f 1883 1882 1886 1887
f 1883 1887 1888 1884
f 1888 1889 1890 1884
f 1888 1887 1891 1892
f 1888 1892 1893 1889
f 1893 1894 1895 1889
f 1893 1892 1896 1897
f 1893 1897 1898 1894
f 1898 1899 1900 1894
f 1898 1897 1901 1902
f 1898 1902 1903 1899
f 1903 1904 1905 1899
f 1903 1902 1906 1907
f 1903 1907 1908 1904
f 1908 1909 1910 1904
f 1908 1907 1911 1912
f 1908 1912 1913 1909
f 1913 1914 1915 1909
f 1913 1912 1916 1917
f 1913 1917 1918 1914
f 1918 1919 1920 1914
f 1918 1917 1921 1922
f 1918 1922 1923 1919
f 1923 1924 1925 1919
f 1923 1922 1926 1927
f 1923 1927 1928 1924
f 1928 1929 1930 1924
f 1928 1927 1931 1932
f 1928 1932 1933 1929
f 1933 1934 1935 1929
f 1933 1932 1936 1937
f 1933 1937 1938 1934
f 1938 1939 1940 1934
f 1938 1937 1941 1942
f 1938 1942 1943 1939
f 1943 1944 1945 1939
f 1943 1942 1946 1947
f 1943 1947 1948 1944
f 1948 1949 1950 1944
f 1948 1947 1951 1952
f 1948 1952 1953 1949
f 1953 1954 1955 1949
f 1953 1952 1956 1957
f 1953 1957 1958 1954
f 1958 1959 1960 1954
f 1958 1957 1961 1962
f 1958 1962 1963 1959
f 1963 1964 1965 1959
f 1963 1962 1966 1967
f 1963 1967 1968 1964
f 1968 1969 1970 1964
f 1968 1967 1971 1972
f 1968 1972 1973 1969
f 1973 1974 1975 1969
f 1973 1972 1976 1977
f 1973 1977 1978 1974
f 1978 1979 1980 1974
f 1978 1977 1981 1982
f 1978 1982 1983 1979
f 1983 1984 1985 1979
f 1983 1982 1986 1987
f 1983 1987 1988 1984
f 1988 1989 1990 1984
f 1988 1987 1991 1992
f 1988 1992 1993 1989
f 1993 1994 1995 1989
f 1993 1992 1996 1997
f 1993 1997 1998 1994
f 1998 1999 2000 1994
f 1998 1997 2001 2002
f 1998 2002 2003 1999
f 2003 2004 2005 1999
f 2003 2002 2006 2007
f 2003 2007 2008 2004
f 2008 2009 2010 2004
f 2008 2007 2011 2012
f 2008 2012 2013 2009
f 2013 2014 2015 2009
f 2013 2012 2016 2017
f 2013 2017 2018 2014
f 2018 2019 2020 2014
f 2018 2017 2021 2022
f 2018 2022 2023 2019
f 2023 2024 2025 2019
f 2023 2022 2026 2027
f 2023 2027 2028 2024
f 2028 2029 2030 2024
f 2028 2027 2031 2032
f 2028 2032 2033 2029
f 2033 2034 2035 2029
f 2033 2032 2036 2037
f 2033 2037 2038 2034
f 2038 2039 2040 2034
f 2038 2037 2041 2042
f 2038 2042 2043 2039
f 2043 2044 2045 2039
f 2043 2042 2046 2047
f 2043 2047 2048 2044
f 2048 2049 2050 2044
f 2048 2047 2051 2052
f 2048 2052 2053 2049
f 2053 2054 2055 2049
f 2053 2052 2056 2057
f 2053 2057 2058 2054
f 2058 2059 2060 2054
f 2058 2057 2061 2062
f 2058 2062 2063 2059
f 2063 2064 2065 2059
f 2063 2062 2066 2067
f 2063 2067 2068 2064
f 2068 2069 2070 2064
f 2068 2067 2071 2072
f 2068 2072 2073 2069
f 2073 2074 2075 2069
f 2073 2072 2076 2077
f 2073 2077 2078 2074
f 2078 2079 2080 2074
f 2078 2077 2081 2082
f 2078 2082 2083 2079
f 2083 2084 2085 2079
f 2083 2082 2086 2087
f 2083 2087 2088 2084
f 2088 2089 2090 2084
f 2088 2087 2091 2092
f 2088 2092 2093 2089
f 2093 2094 2095 2089
f 2093 2092 2096 2097
f 2093 2097 2098 2094
f 2098 2099 2100 2094
f 2098 2097 2101 2102
f 2098 2102 2103 2099
f 2103 2104 2105 2099
f 2103 2102 2106 2107
f 2103 2107 2108 2104
f 2108 2109 2110 2104
f 2108 2107 2111 2112
f 2108 2112 2113 2109
f 2113 2114 2115 2109
f 2113 2112 2116 2117
f 2113 2117 2118 2114
f 2118 2119 2120 2114
f 2118 2117 2121 2122
f 2118 2122 2123 2119
f 2123 2124 2125 2119
f 2123 2122 2126 2127
f 2123 2127 2128 2124
f 2128 2129 2130 2124
f 2128 2127 2131 2132
f 2128 2132 2133 2129
f 2133 2134 2135 2129
f 2133 2132 2136 2137
f 2133 2137 2138 2134
f 2138 2139 2140 2134
f 2138 2137 2141 2142
f 2138 2142 2143 2139
f 2143 2144 2145 2139
f 2143 2142 2146 2147
f 2143 2147 2148 2144
f 2148 2149 2150 2144
f 2148 2147 2151 2152
f 2148 2152 2153 2149
f 2153 2154 2155 2149
f 2153 2152 2156 2157
f 2153 2157 2158 2154
f 2158 2159 2160 2154
f 2158 2157 2161 2162
f 2158 2162 2163 2159
f 2163 2164 2165 2159
f 2163 2162 2166 2167
f 2163 2167 2168 2164
f 2168 2169 2170 2164
f 2168 2167 2171 2172
f 2168 2172 2173 2169
f 2173 2174 2175 2169
f 2173 2172 2176 2177
f 2173 2177 2178 2174
f 2178 2179 2180 2174
f 2178 2177 2181 2182
f 2178 2182 2183 2179
f 2183 2184 2185 2179
f 2183 2182 2186 2187
f 2183 2187 2188 2184
f 2188 2189 2190 2184
f 2188 2187 2191 2192
f 2188 2192 2193 2189
f 2193 2194 2195 2189
f 2193 2192 2196 2197
f 2193 2197 2198 2194
f 2198 2199 2200 2194
f 2198 2197 2201 2202
f 2198 2202 2203 2199
f 2203 2204 2205 2199
f 2203 2202 2206 2207
f 2203 2207 2208 2204
f 2208 2209 2210 2204
f 2208 2207 2211 2212
f 2208 2212 2213 2209
f 2213 2214 2215 2209
f 2213 2212 2216 2217
f 2213 2217 2218 2214
f 2218 2219 2220 2214
f 2218 2217 2221 2222
f 2218 2222 2223 2219
f 2223 2224 2225 2219
f 2223 2222 2226 2227
f 2223 2227 2228 2224
f 2228 2229 2230 2224
f 2228 2227 2231 2232
f 2228 2232 2233 2229
f 2233 2234 2235 2229
f 2233 2232 2236 2237
f 2233 2237 2238 2234
f 2238 2239 2240 2234
f 2238 2237 2241 2242
f 2238 2242 2243 2239
f 2243 2244 2245 2239
f 2243 2242 2246 2247
f 2243 2247 2248 2244
f 2248 2249 2250 2244
f 2248 2247 2251 2252
f 2248 2252 2253 2249
f 2253 2254 2255 2249
f 2253 2252 2256 2257
f 2253 2257 2258 2254
f 2258 2259 2260 2254
f 2258 2257 2261 2262
f 2258 2262 2263 2259
f 2263 2264 2265 2259
f 2263 2262 2266 2267
f 2263 2267 2268 2264
f 2268 2269 2270 2264
f 2268 2267 2271 2272
f 2268 2272 2273 2269
f 2273 2274 2275 2269
f 2273 2272 2276 2277
f 2273 2277 2278 2274
f 2278 2279 2280 2274
f 2278 2277 2281 2282
f 2278 2282 2283 2279
f 2283 2284 2285 2279
f 2283 2282 2286 2287
f 2283 2287 2288 2284
f 2288 2289 2290 2284
f 2288 2287 2291 2292
f 2288 2292 2293 2289
f 2293 2294 2295 2289
f 2293 2292 2296 2297
f 2293 2297 2298 2294
f 2298 2299 2300 2294
f 2298 2297 2301 2302
f 2298 2302 2303 2299
f 2303 2304 2305 2299
f 2303 2302 2306 2307
f 2303 2307 2308 2304
f 2308 2309 2310 2304
f 2308 2307 2311 2312
f 2308 2312 2313 2309
f 2313 2314 2315 2309
f 2313 2312 2316 2317
f 2313 2317 2318 2314
f 2318 2319 2320 2314
f 2318 2317 2321 2322
f 2318 2322 2323 2319
f 2323 2324 2325 2319
f 2323 2322 2326 2327
f 2323 2327 2328 2324
f 2328 2329 2330 2324
f 2328 2327 2331 2332
f 2328 2332 2333 2329
f 2333 2334 2335 2329
f 2333 2332 2336 2337
f 2333 2337 2338 2334
f 2338 2339 2340 2334
f 2338 2337 2341 2342
f 2338 2342 2343 2339
f 2343 2344 2345 2339
f 2343 2342 2346 2347
f 2343 2347 2348 2344
f 2348 2349 2350 2344
f 2348 2347 2351 2352
f 2348 2352 2353 2349
f 2353 2354 2355 2349
f 2353 2352 2356 2357
f 2353 2357 2358 2354
f 2358 2359 2360 2354
f 2358 2357 2361 2362
f 2358 2362 2363 2359
f 2363 2364 2365 2359
f 2363 2362 2366 2367
f 2363 2367 2368 2364
f 2368 2369 2370 2364
f 2368 2367 2371 2372
f 2368 2372 2373 2369
f 2373 2374 2375 2369
f 2373 2372 2376 2377
f 2373 2377 2378 2374
f 2378 2379 2380 2374
f 2378 2377 2381 2382
f 2378 2382 2383 2379
f 2383 2384 2385 2379
f 2383 2382 2386 2387
f 2383 2387 2388 2384
f 2388 2389 2390 2384
f 2388 2387 2391 2392
f 2388 2392 2393 2389
f 2393 2394 2395 2389
f 2393 2392 2396 2397
f 2393 2397 2398 2394
f 2398 2399 2400 2394
f 2398 2397 2401 2402
f 2398 2402 2403 2399
f 2403 2404 2405 2399
f 2403 2402 2406 2407
f 2403 2407 2408 2404
f 2408 2409 2410 2404
f 2408 2407 2411 2412
f 2408 2412 2413 2409
f 2413 2414 2415 2409
f 2413 2412 2416 2417
f 2413 2417 2418 2414
f 2418 2419 2420 2414
f 2418 2417 2421 2422
f 2418 2422 2423 2419
f 2423 2424 2425 2419
f 2423 2422 2426 2427
f 2423 2427 2428 2424
f 2428 2429 2430 2424
f 2428 2427 2431 2432
f 2428 2432 2433 2429
f 2433 2434 2435 2429
f 2433 2432 2436 2437
f 2433 2437 2438 2434
f 2438 2439 2440 2434
f 2438 2437 2441 2442
f 2438 2442 2443 2439
f 2443 2444 2445 2439
f 2443 2442 2446 2447
f 2443 2447 2448 2444
f 2448 2449 2450 2444
f 2448 2447 2451 2452
f 2448 2452 2453 2449
f 2453 2454 2455 2449
f 2453 2452 2456 2457
f 2453 2457 2458 2454
f 2458 2459 2460 2454
f 2458 2457 2461 2462
f 2458 2462 2463 2459
f 2463 2464 2465 2459
f 2463 2462 2466 2467
f 2463 2467 2468 2464
f 2468 2469 2470 2464
f 2468 2467 2471 2472
f 2468 2472 2473 2469
f 2473 2474 2475 2469
f 2473 2472 2476 2477
f 2473 2477 2478 2474
f 2478 2479 2480 2474
f 2478 2477 2481 2482
f 2478 2482 2483 2479
f 2483 2484 2485 2479
f 2483 2482 2486 2487
f 2483 2487 2488 2484
f 2488 2489 2490 2484
f 2488 2487 2491 2492
f 2488 2492 2493 2489
f 2493 2494 2495 2489
f 2493 2492 2496 2497
f 2493 2497 2498 2494
f 2498 2499 2500 2494
f 2498 2497 2501 2502
f 2498 2502 2503 2499
f 2503 2504 2505 2499
f 2503 2502 2506 2507
f 2503 2507 2508 2504
f 2508 2509 2510 2504
f 2508 2507 2511 2512
f 2508 2512 2513 2509
f 2513 2514 2515 2509
f 2513 2512 2516 2517
f 2513 2517 2518 2514
f 2518 2519 2520 2514
f 2518 2517 2521 2522
f 2518 2522 2523 2519
f 2523 2524 2525 2519
f 2523 2522 2526 2527
f 2523 2527 2528 2524
f 2528 2529 2530 2524
f 2528 2527 2531 2532
f 2528 2532 2533 2529
f 2533 2534 2535 2529
f 2533 2532 2536 2537
f 2533 2537 2538 2534
f 2538 2539 2540 2534
f 2538 2537 2541 2542
f 2538 2542 2543 2539
f 2543 2544 2545 2539
f 2543 2542 2546 2547
f 2543 2547 2548 2544
f 2548 2549 2550 2544
f 2548 2547 2551 2552
f 2548 2552 2553 2549
f 2553 2554 2555 2549
f 2553 2552 2556 2557
f 2553 2557 2558 2554
f 2558 2559 2560 2554
f 2558 2557 2561 2562
f 2558 2562 2563 2559
f 2563 2564 2565 2559
f 2563 2562 2566 2567
f 2563 2567 2568 2564
f 2568 2569 2570 2564
f 2568 2567 2571 2572
f 2568 2572 2573 2569
f 2573 2574 2575 2569
f 2573 2572 2576 2577
f 2573 2577 2578 2574
f 2578 2579 2580 2574
f 2578 2577 2581 2582
f 2578 2582 2583 2579
f 2583 2584 2585 2579
f 2583 2582 2586 2587
f 2583 2587 2588 2584
f 2588 2589 2590 2584
f 2588 2587 2591 2592
f 2588 2592 2593 2589
f 2593 2594 2595 2589
f 2593 2592 2596 2597
f 2593 2597 2598 2594
f 2598 2599 2600 2594
f 2598 2597 2601 2602
f 2598 2602 2603 2599
f 2603 2604 2605 2599
f 2603 2602 2606 2607
f 2603 2607 2608 2604
f 2608 2609 2610 2604
f 2608 2607 2611 2612
f 2608 2612 2613 2609
f 2613 2614 2615 2609
f 2613 2612 2616 2617
f 2613 2617 2618 2614
f 2618 2619 2620 2614
f 2618 2617 2621 2622
f 2618 2622 2623 2619
f 2623 2624 2625 2619
f 2623 2622 2626 2627
f 2623 2627 2628 2624
f 2628 2629 2630 2624
f 2628 2627 2631 2632
f 2628 2632 2633 2629
f 2633 2634 2635 2629
f 2633 2632 2636 2637
f 2633 2637 2638 2634
f 2638 2639 2640 2634
f 2638 2637 2641 2642
f 2638 2642 2643 2639
f 2643 2644 2645 2639
f 2643 2642 2646 2647
f 2643 2647 2648 2644
f 2648 2649 2650 2644
f 2648 2647 2651 2652
f 2648 2652 2653 2649
f 2653 2654 2655 2649
f 2653 2652 2656 2657
f 2653 2657 2658 2654
f 2658 2659 2660 2654
f 2658 2657 2661 2662
f 2658 2662 2663 2659
f 2663 2664 2665 2659
f 2663 2662 2666 2667
f 2663 2667 2668 2664
f 2668 2669 2670 2664
f 2668 2667 2671 2672
f 2668 2672 2673 2669
f 2673 2674 2675 2669
f 2673 2672 2676 2677
f 2673 2677 2678 2674
f 2678 2679 2680 2674
f 2678 2677 2681 2682
f 2678 2682 2683 2679
f 2683 2684 2685 2679
f 2683 2682 2686 2687
f 2683 2687 2688 2684
f 2688 2689 2690 2684
f 2688 2687 2691 2692
f 2688 2692 2693 2689
f 2693 2694 2695 2689
f 2693 2692 2696 2697
f 2693 2697 2698 2694
f 2698 2699 2700 2694
f 2698 2697 2701 2702
f 2698 2702 2703 2699
f 2703 2704 2705 2699
f 2703 2702 2706 2707
f 2703 2707 2708 2704
f 2708 2709 2710 2704
f 2708 2707 2711 2712
f 2708 2712 2713 2709
f 2713 2714 2715 2709
f 2713 2712 2716 2717
f 2713 2717 2718 2714
f 2718 2719 2720 2714
f 2718 2717 2721 2722
f 2718 2722 2723 2719
f 2723 2724 2725 2719
f 2723 2722 2726 2727
f 2723 2727 2728 2724
f 2728 2729 2730 2724
f 2728 2727 2731 2732
f 2728 2732 2733 2729
f 2733 2734 2735 2729
f 2733 2732 2736 2737
f 2733 2737 2738 2734
f 2738 2739 2740 2734
f 2738 2737 2741 2742
f 2738 2742 2743 2739
f 2743 2744 2745 2739
f 2743 2742 2746 2747
f 2743 2747 2748 2744
f 2748 2749 2750 2744
f 2748 2747 2751 2752
f 2748 2752 2753 2749
f 2753 2754 2755 2749
f 2753 2752 2756 2757
f 2753 2757 2758 2754
f 2758 2759 2760 2754
f 2758 2757 2761 2762
f 2758 2762 2763 2759
f 2763 2764 2765 2759
f 2763 2762 2766 2767
f 2763 2767 2768 2764
f 2768 2769 2770 2764
f 2768 2767 2771 2772
f 2768 2772 2773 2769
f 2773 2774 2775 2769
f 2773 2772 2776 2777
f 2773 2777 2778 2774
f 2778 2779 2780 2774
f 2778 2777 2781 2782
f 2778 2782 2783 2779
f 2783 2784 2785 2779
f 2783 2782 2786 2787
f 2783 2787 2788 2784
f 2788 2789 2790 2784
f 2788 2787 2791 2792
f 2788 2792 2793 2789
f 2793 2794 2795 2789
f 2793 2792 2796 2797
f 2793 2797 2798 2794
f 2798 2799 2800 2794
f 2798 2797 2801 2802
f 2798 2802 2803 2799
f 2803 2804 2805 2799
f 2803 2802 2806 2807
f 2803 2807 2808 2804
f 2808 2809 2810 2804
f 2808 2807 2811 2812
f 2808 2812 2813 2809
f 2813 2814 2815 2809
f 2813 2812 2816 2817
f 2813 2817 2818 2814
f 2818 2819 2820 2814
f 2818 2817 2821 2822
f 2818 2822 2823 2819
f 2823 2824 2825 2819
f 2823 2822 2826 2827
f 2823 2827 2828 2824
f 2828 2829 2830 2824
f 2828 2827 2831 2832
f 2828 2832 2833 2829
f 2833 2834 2835 2829
f 2833 2832 2836 2837
f 2833 2837 2838 2834
f 2838 2839 2840 2834
f 2838 2837 2841 2842
f 2838 2842 2843 2839
f 2843 2844 2845 2839
f 2843 2842 2846 2847
f 2843 2847 2848 2844
f 2848 2849 2850 2844
f 2848 2847 2851 2852
f 2848 2852 2853 2849
f 2853 2854 2855 2849
f 2853 2852 2856 2857
f 2853 2857 2858 2854
f 2858 2859 2860 2854
f 2858 2857 2861 2862
f 2858 2862 2863 2859
f 2863 2864 2865 2859
f 2863 2862 2866 2867
f 2863 2867 2868 2864
f 2868 2869 2870 2864
f 2868 2867 2871 2872
f 2868 2872 2873 2869
f 2873 2874 2875 2869
f 2873 2872 2876 2877
f 2873 2877 2878 2874
f 2878 2879 2880 2874
f 2878 2877 2881 2882
f 2878 2882 2883 2879
f 2883 2884 2885 2879
f 2883 2882 2886 2887
f 2883 2887 2888 2884
f 2888 2889 2890 2884
f 2888 2887 2891 2892
f 2888 2892 2893 2889
f 2893 2894 2895 2889
f 2893 2892 2896 2897
f 2893 2897 2898 2894
f 2898 2899 2900 2894
f 2898 2897 2901 2902
f 2898 2902 2903 2899
f 2903 2904 2905 2899
f 2903 2902 2906 2907
f 2903 2907 2908 2904
f 2908 2909 2910 2904
f 2908 2907 2911 2912
f 2908 2912 2913 2909
f 2913 2914 2915 2909
f 2913 2912 2916 2917
f 2913 2917 2918 2914
f 2918 2919 2920 2914
f 2918 2917 2921 2922
f 2918 2922 2923 2919
f 2923 2924 2925 2919
f 2923 2922 2926 2927
f 2923 2927 2928 2924
f 2928 2929 2930 2924
f 2928 2927 2931 2932
f 2928 2932 2933 2929
f 2933 2934 2935 2929
f 2933 2932 2936 2937
f 2933 2937 2938 2934
f 2938 2939 2940 2934
f 2938 2937 2941 2942
f 2938 2942 2943 2939
f 2943 2944 2945 2939
f 2943 2942 2946 2947
f 2943 2947 2948 2944
f 2948 2949 2950 2944
f 2948 2947 2951 2952
f 2948 2952 2953 2949
f 2953 2954 2955 2949
f 2953 2952 2956 2957
f 2953 2957 2958 2954
f 2958 2959 2960 2954
f 2958 2957 2961 2962
f 2958 2962 2963 2959
f 2963 2964 2965 2959
f 2963 2962 2966 2967
f 2963 2967 2968 2964
f 2968 2969 2970 2964
f 2968 2967 2971 2972
f 2968 2972 2973 2969
f 2973 2974 2975 2969
f 2973 2972 2976 2977
f 2973 2977 2978 2974
f 2978 2979 2980 2974
f 2978 2977 2981 2982
f 2978 2982 2983 2979
f 2983 2984 2985 2979
f 2983 2982 2986 2987
f 2983 2987 2988 2984
f 2988 2989 2990 2984
f 2988 2987 2991 2992
f 2988 2992 2993 2989
f 2993 2994 2995 2989
f 2993 2992 2996 2997
f 2993 2997 2998 2994
f 2998 2999 3000 2994
f 2998 2997 3001 3002
f 2998 3002 3003 2999
f 3003 3004 3005 2999
f 3003 3002 3006 3007
f 3003 3007 3008 3004
f 3008 3009 3010 3004
f 3008 3007 3011 3012
f 3008 3012 3013 3009
f 3013 3014 3015 3009
f 3013 3012 3016 3017
f 3013 3017 3018 3014
f 3018 3019 3020 3014
f 3018 3017 3021 3022
f 3018 3022 3023 3019
f 3023 3024 3025 3019
f 3023 3022 3026 3027
f 3023 3027 3028 3024
f 3028 3029 3030 3024
f 3028 3027 3031 3032
f 3028 3032 3033 3029
f 3033 3034 3035 3029
f 3033 3032 3036 3037
f 3033 3037 3038 3034
f 3038 3039 3040 3034
f 3038 3037 3041 3042
f 3038 3042 3043 3039
f 3043 1752 3044 3039
f 3043 3042 3045 3046
f 3043 3046 1753 1752
f 3046 3045 3047 3048
f 3046 3048 1754 1753
f 3048 3047 2255 3049
f 3048 3049 3050 1754
f 3050 1761 1755 1754
f 3050 3049 2260 3051
f 3050 3051 3052 1761
f 3052 1766 1762 1761
f 3052 3051 2265 3053
f 3052 3053 3054 1766
f 3054 1771 1767 1766
f 3054 3053 2270 3055
f 3054 3055 3056 1771
f 3056 1776 1772 1771
f 3056 3055 2275 3057
f 3056 3057 3058 1776
f 3058 1781 1777 1776
f 3058 3057 2280 3059
f 3058 3059 3060 1781
f 3060 1786 1782 1781
f 3060 3059 2285 3061
f 3060 3061 3062 1786
f 3062 1791 1787 1786
f 3062 3061 2290 3063
f 3062 3063 3064 1791
f 3064 1796 1792 1791
f 3064 3063 2295 3065
f 3064 3065 3066 1796
f 3066 1801 1797 1796
f 3066 3065 2300 3067
f 3066 3067 3068 1801
f 3068 1806 1802 1801
f 3068 3067 2305 3069
f 3068 3069 3070 1806
f 3070 1811 1807 1806
f 3070 3069 2310 3071
f 3070 3071 3072 1811
f 3072 1816 1812 1811
f 3072 3071 2315 3073
f 3072 3073 3074 1816
f 3074 1821 1817 1816
f 3074 3073 2320 3075
f 3074 3075 3076 1821
f 3076 1826 1822 1821
f 3076 3075 2325 3077
f 3076 3077 3078 1826
f 3078 1831 1827 1826
f 3078 3077 2330 3079
f 3078 3079 3080 1831
f 3080 1836 1832 1831
f 3080 3079 2335 3081
f 3080 3081 3082 1836
f 3082 1841 1837 1836
f 3082 3081 2340 3083
f 3082 3083 3084 1841
f 3084 1846 1842 1841
f 3084 3083 2345 3085
f 3084 3085 3086 1846
f 3086 1851 1847 1846
f 3086 3085 2350 3087
f 3086 3087 3088 1851
f 3088 1856 1852 1851
f 3088 3087 2355 3089
f 3088 3089 3090 1856
f 3090 1861 1857 1856
f 3090 3089 2360 3091
f 3090 3091 3092 1861
f 3092 1866 1862 1861
f 3092 3091 2365 3093
f 3092 3093 3094 1866
f 3094 1871 1867 1866
f 3094 3093 2370 3095
f 3094 3095 3096 1871
f 3096 1876 1872 1871
f 3096 3095 2375 3097
f 3096 3097 3098 1876
f 3098 1881 1877 1876
f 3098 3097 2380 3099
f 3098 3099 3100 1881
f 3100 1886 1882 1881
f 3100 3099 2385 3101
f 3100 3101 3102 1886
f 3102 1891 1887 1886
f 3102 3101 2390 3103
f 3102 3103 3104 1891
f 3104 1896 1892 1891
f 3104 3103 2395 3105
f 3104 3105 3106 1896
f 3106 1901 1897 1896
f 3106 3105 2400 3107
f 3106 3107 3108 1901
f 3108 1906 1902 1901
f 3108 3107 2405 3109
f 3108 3109 3110 1906
f 3110 1911 1907 1906
f 3110 3109 2410 3111
f 3110 3111 3112 1911
f 3112 1916 1912 1911
f 3112 3111 2415 3113
f 3112 3113 3114 1916
f 3114 1921 1917 1916
f 3114 3113 2420 3115
f 3114 3115 3116 1921
f 3116 1926 1922 1921
f 3116 3115 2425 3117
f 3116 3117 3118 1926
f 3118 1931 1927 1926
f 3118 3117 2430 3119
f 3118 3119 3120 1931
f 3120 1936 1932 1931
f 3120 3119 2435 3121
f 3120 3121 3122 1936
f 3122 1941 1937 1936
f 3122 3121 2440 3123
f 3122 3123 3124 1941
f 3124 1946 1942 1941
f 3124 3123 2445 3125
f 3124 3125 3126 1946
f 3126 1951 1947 1946
f 3126 3125 2450 3127
f 3126 3127 3128 1951
f 3128 1956 1952 1951
f 3128 3127 2455 3129
f 3128 3129 3130 1956
f 3130 1961 1957 1956
f 3130 3129 2460 3131
f 3130 3131 3132 1961
f 3132 1966 1962 1961
f 3132 3131 2465 3133
f 3132 3133 3134 1966
f 3134 1971 1967 1966
f 3134 3133 2470 3135
f 3134 3135 3136 1971
f 3136 1976 1972 1971
f 3136 3135 2475 3137
f 3136 3137 3138 1976
f 3138 1981 1977 1976
f 3138 3137 2480 3139
f 3138 3139 3140 1981
f 3140 1986 1982 1981
f 3140 3139 2485 3141
f 3140 3141 3142 1986
f 3142 1991 1987 1986
f 3142 3141 2490 3143
f 3142 3143 3144 1991
f 3144 1996 1992 1991
f 3144 3143 2495 3145
f 3144 3145 3146 1996
f 3146 2001 1997 1996
f 3146 3145 2500 3147
f 3146 3147 3148 2001
f 3148 2006 2002 2001
f 3148 3147 2505 3149
f 3148 3149 3150 2006
f 3150 2011 2007 2006
f 3150 3149 2510 3151
f 3150 3151 3152 2011
f 3152 2016 2012 2011
f 3152 3151 2515 3153
f 3152 3153 3154 2016
f 3154 2021 2017 2016
f 3154 3153 2520 3155
f 3154 3155 3156 2021
f 3156 2026 2022 2021
f 3156 3155 2525 3157
f 3156 3157 3158 2026
f 3158 2031 2027 2026
f 3158 3157 2530 3159
f 3158 3159 3160 2031
f 3160 2036 2032 2031
f 3160 3159 2535 3161
f 3160 3161 3162 2036
f 3162 2041 2037 2036
f 3162 3161 2540 3163
f 3162 3163 3164 2041
f 3164 2046 2042 2041
f 3164 3163 2545 3165
f 3164 3165 3166 2046
f 3166 2051 2047 2046
f 3166 3165 2550 3167
f 3166 3167 3168 2051
f 3168 2056 2052 2051
f 3168 3167 2555 3169
f 3168 3169 3170 2056
f 3170 2061 2057 2056
f 3170 3169 2560 3171
f 3170 3171 3172 2061
f 3172 2066 2062 2061
f 3172 3171 2565 3173
f 3172 3173 3174 2066
f 3174 2071 2067 2066
f 3174 3173 2570 3175
f 3174 3175 3176 2071
f 3176 2076 2072 2071
f 3176 3175 2575 3177
f 3176 3177 3178 2076
f 3178 2081 2077 2076
f 3178 3177 2580 3179
f 3178 3179 3180 2081
f 3180 2086 2082 2081
f 3180 3179 2585 3181
f 3180 3181 3182 2086
f 3182 2091 2087 2086
f 3182 3181 2590 3183
f 3182 3183 3184 2091
f 3184 2096 2092 2091
f 3184 3183 2595 3185
f 3184 3185 3186 2096
f 3186 2101 2097 2096
f 3186 3185 2600 3187
f 3186 3187 3188 2101
f 3188 2106 2102 2101
f 3188 3187 2605 3189
f 3188 3189 3190 2106
f 3190 2111 2107 2106
f 3190 3189 2610 3191
f 3190 3191 3192 2111
f 3192 2116 2112 2111
f 3192 3191 2615 3193
f 3192 3193 3194 2116
f 3194 2121 2117 2116
f 3194 3193 2620 3195
f 3194 3195 3196 2121
f 3196 2126 2122 2121
f 3196 3195 2625 3197
f 3196 3197 3198 2126
f 3198 2131 2127 2126
f 3198 3197 2630 3199
f 3198 3199 3200 2131
f 3200 2136 2132 2131
f 3200 3199 2635 3201
f 3200 3201 3202 2136
f 3202 2141 2137 2136
f 3202 3201 2640 3203
f 3202 3203 3204 2141
f 3204 2146 2142 2141
f 3204 3203 2645 3205
f 3204 3205 3206 2146
f 3206 2151 2147 2146
f 3206 3205 2650 3207
f 3206 3207 3208 2151
f 3208 2156 2152 2151
f 3208 3207 2655 3209
f 3208 3209 3210 2156
f 3210 2161 2157 2156
f 3210 3209 2660 3211
f 3210 3211 3212 2161
f 3212 2166 2162 2161
f 3212 3211 2665 3213
f 3212 3213 3214 2166
f 3214 2171 2167 2166
f 3214 3213 2670 3215
f 3214 3215 3216 2171
f 3216 2176 2172 2171
f 3216 3215 2675 3217
f 3216 3217 3218 2176
f 3218 2181 2177 2176
f 3218 3217 2680 3219
f 3218 3219 3220 2181
f 3220 2186 2182 2181
f 3220 3219 2685 3221
f 3220 3221 3222 2186
f 3222 2191 2187 2186
f 3222 3221 2690 3223
f 3222 3223 3224 2191
f 3224 2196 2192 2191
f 3224 3223 2695 3225
f 3224 3225 3226 2196
f 3226 2201 2197 2196
f 3226 3225 2700 3227
f 3226 3227 3228 2201
f 3228 2206 2202 2201
f 3228 3227 2705 3229
f 3228 3229 3230 2206
f 3230 2211 2207 2206
f 3230 3229 2710 3231
f 3230 3231 3232 2211
f 3232 2216 2212 2211
f 3232 3231 2715 3233
f 3232 3233 3234 2216
f 3234 2221 2217 2216
f 3234 3233 2720 3235
f 3234 3235 3236 2221
f 3236 2226 2222 2221
f 3236 3235 2725 3237
f 3236 3237 3238 2226
f 3238 2231 2227 2226
f 3238 3237 2730 3239
f 3238 3239 3240 2231
f 3240 2236 2232 2231
f 3240 3239 2735 3241
f 3240 3241 3242 2236
f 3242 2241 2237 2236
f 3242 3241 2740 3243
f 3242 3243 3244 2241
f 3244 2246 2242 2241
f 3244 3243 2745 3245
f 3244 3245 3246 2246
f 3246 2251 2247 2246
f 3246 3245 2750 3247
f 3246 3247 3248 2251
f 3248 2256 2252 2251
f 3248 3247 2755 3249
f 3248 3249 3250 2256
f 3250 2261 2257 2256
f 3250 3249 2760 3251
f 3250 3251 3252 2261
f 3252 2266 2262 2261
f 3252 3251 2765 3253
f 3252 3253 3254 2266
f 3254 2271 2267 2266
f 3254 3253 2770 3255
f 3254 3255 3256 2271
f 3256 2276 2272 2271
f 3256 3255 2775 3257
f 3256 3257 3258 2276
f 3258 2281 2277 2276
f 3258 3257 2780 3259
f 3258 3259 3260 2281
f 3260 2286 2282 2281
f 3260 3259 2785 3261
f 3260 3261 3262 2286
f 3262 2291 2287 2286
f 3262 3261 2790 3263
f 3262 3263 3264 2291
f 3264 2296 2292 2291
f 3264 3263 2795 3265
f 3264 3265 3266 2296
f 3266 2301 2297 2296
f 3266 3265 2800 3267
f 3266 3267 3268 2301
f 3268 2306 2302 2301
f 3268 3267 2805 3269
f 3268 3269 3270 2306
f 3270 2311 2307 2306
f 3270 3269 2810 3271
f 3270 3271 3272 2311
f 3272 2316 2312 2311
f 3272 3271 2815 3273
f 3272 3273 3274 2316
f 3274 2321 2317 2316
f 3274 3273 2820 3275
f 3274 3275 3276 2321
f 3276 2326 2322 2321
f 3276 3275 2825 3277
f 3276 3277 3278 2326
f 3278 2331 2327 2326
f 3278 3277 2830 3279
f 3278 3279 3280 2331
f 3280 2336 2332 2331
f 3280 3279 2835 3281
f 3280 3281 3282 2336
f 3282 2341 2337 2336
f 3282 3281 2840 3283
f 3282 3283 3284 2341
f 3284 2346 2342 2341
f 3284 3283 2845 3285
f 3284 3285 3286 2346
f 3286 2351 2347 2346
f 3286 3285 2850 3287
f 3286 3287 3288 2351
f 3288 2356 2352 2351
f 3288 3287 2855 3289
f 3288 3289 3290 2356
f 3290 2361 2357 2356
f 3290 3289 2860 3291
f 3290 3291 3292 2361
f 3292 2366 2362 2361
f 3292 3291 2865 3293
f 3292 3293 3294 2366
f 3294 2371 2367 2366
f 3294 3293 2870 3295
f 3294 3295 3296 2371
f 3296 2376 2372 2371
f 3296 3295 2875 3297
f 3296 3297 3298 2376
f 3298 2381 2377 2376
f 3298 3297 2880 3299
f 3298 3299 3300 2381
f 3300 2386 2382 2381
f 3300 3299 2885 3301
f 3300 3301 3302 2386
f 3302 2391 2387 2386
f 3302 3301 2890 3303
f 3302 3303 3304 2391
f 3304 2396 2392 2391
f 3304 3303 2895 3305
f 3304 3305 3306 2396
f 3306 2401 2397 2396
f 3306 3305 2900 3307
f 3306 3307 3308 2401
f 3308 2406 2402 2401
f 3308 3307 2905 3309
f 3308 3309 3310 2406
f 3310 2411 2407 2406
f 3310 3309 2910 3311
f 3310 3311 3312 2411
f 3312 2416 2412 2411
f 3312 3311 2915 3313
f 3312 3313 3314 2416
f 3314 2421 2417 2416
f 3314 3313 2920 3315
f 3314 3315 3316 2421
f 3316 2426 2422 2421
f 3316 3315 2925 3317
f 3316 3317 3318 2426
f 3318 2431 2427 2426
f 3318 3317 2930 3319
f 3318 3319 3320 2431
f 3320 2436 2432 2431
f 3320 3319 2935 3321
f 3320 3321 3322 2436
f 3322 2441 2437 2436
f 3322 3321 2940 3323
f 3322 3323 3324 2441
f 3324 2446 2442 2441
f 3324 3323 2945 3325
f 3324 3325 3326 2446
f 3326 2451 2447 2446
f 3326 3325 2950 3327
f 3326 3327 3328 2451
f 3328 2456 2452 2451
f 3328 3327 2955 3329
f 3328 3329 3330 2456
f 3330 2461 2457 2456
f 3330 3329 2960 3331
f 3330 3331 3332 2461
f 3332 2466 2462 2461
f 3332 3331 2965 3333
f 3332 3333 3334 2466
f 3334 2471 2467 2466
f 3334 3333 2970 3335
f 3334 3335 3336 2471
f 3336 2476 2472 2471
f 3336 3335 2975 3337
f 3336 3337 3338 2476
f 3338 2481 2477 2476
f 3338 3337 2980 3339
f 3338 3339 3340 2481
f 3340 2486 2482 2481
f 3340 3339 2985 3341
f 3340 3341 3342 2486
f 3342 2491 2487 2486
f 3342 3341 2990 3343
f 3342 3343 3344 2491
f 3344 2496 2492 2491
f 3344 3343 2995 3345
f 3344 3345 3346 2496
f 3346 2501 2497 2496
f 3346 3345 3000 3347
f 3346 3347 3348 2501
f 3348 2506 2502 2501
f 3348 3347 3005 3349
f 3348 3349 3350 2506
f 3350 2511 2507 2506
f 3350 3349 3010 3351
f 3350 3351 3352 2511
f 3352 2516 2512 2511
f 3352 3351 3015 3353
f 3352 3353 3354 2516
f 3354 2521 2517 2516
f 3354 3353 3020 3355
f 3354 3355 3356 2521
f 3356 2526 2522 2521
f 3356 3355 3025 3357
f 3356 3357 3358 2526
f 3358 2531 2527 2526
f 3358 3357 3030 3359
f 3358 3359 3360 2531
f 3360 2536 2532 2531
f 3360 3359 3035 3361
f 3360 3361 3362 2536
f 3362 2541 2537 2536
f 3362 3361 3040 3363
f 3362 3363 3364 2541
f 3364 2546 2542 2541
f 3364 3363 3044 3365
f 3364 3365 3366 2546
f 3366 2551 2547 2546
f 3366 3365 1751 1757
f 3366 1757 3367 2551
f 3367 2556 2552 2551
f 3367 1757 1756 1760
f 3367 1760 3368 2556
f 3368 2561 2557 2556
f 3368 1760 1759 1765
f 3368 1765 3369 2561
f 3369 2566 2562 2561
f 3369 1765 1764 1770
f 3369 1770 3370 2566
f 3370 2571 2567 2566
f 3370 1770 1769 1775
f 3370 1775 3371 2571
f 3371 2576 2572 2571
f 3371 1775 1774 1780
f 3371 1780 3372 2576
f 3372 2581 2577 2576
f 3372 1780 1779 1785
f 3372 1785 3373 2581
f 3373 2586 2582 2581
f 3373 1785 1784 1790
f 3373 1790 3374 2586
f 3374 2591 2587 2586
f 3374 1790 1789 1795
f 3374 1795 3375 2591
f 3375 2596 2592 2591
f 3375 1795 1794 1800
f 3375 1800 3376 2596
f 3376 2601 2597 2596
f 3376 1800 1799 1805
f 3376 1805 3377 2601
f 3377 2606 2602 2601
f 3377 1805 1804 1810
f 3377 1810 3378 2606
f 3378 2611 2607 2606
f 3378 1810 1809 1815
f 3378 1815 3379 2611
f 3379 2616 2612 2611
f 3379 1815 1814 1820
f 3379 1820 3380 2616
f 3380 2621 2617 2616
f 3380 1820 1819 1825
f 3380 1825 3381 2621
f 3381 2626 2622 2621
f 3381 1825 1824 1830
f 3381 1830 3382 2626
f 3382 2631 2627 2626
f 3382 1830 1829 1835
f 3382 1835 3383 2631
f 3383 2636 2632 2631
f 3383 1835 1834 1840
f 3383 1840 3384 2636
f 3384 2641 2637 2636
f 3384 1840 1839 1845
f 3384 1845 3385 2641
f 3385 2646 2642 2641
f 3385 1845 1844 1850
f 3385 1850 3386 2646
f 3386 2651 2647 2646
f 3386 1850 1849 1855
f 3386 1855 3387 2651
f 3387 2656 2652 2651
f 3387 1855 1854 1860
f 3387 1860 3388 2656
f 3388 2661 2657 2656
f 3388 1860 1859 1865
f 3388 1865 3389 2661
f 3389 2666 2662 2661
f 3389 1865 1864 1870
f 3389 1870 3390 2666
f 3390 2671 2667 2666
f 3390 1870 1869 1875
f 3390 1875 3391 2671
f 3391 2676 2672 2671
f 3391 1875 1874 1880
f 3391 1880 3392 2676
f 3392 2681 2677 2676
f 3392 1880 1879 1885
f 3392 1885 3393 2681
f 3393 2686 2682 2681
f 3393 1885 1884 1890
f 3393 1890 3394 2686
f 3394 2691 2687 2686
f 3394 1890 1889 1895
f 3394 1895 3395 2691
f 3395 2696 2692 2691
f 3395 1895 1894 1900
f 3395 1900 3396 2696
f 3396 2701 2697 2696
f 3396 1900 1899 1905
f 3396 1905 3397 2701
f 3397 2706 2702 2701
f 3397 1905 1904 1910
f 3397 1910 3398 2706
f 3398 2711 2707 2706
f 3398 1910 1909 1915
f 3398 1915 3399 2711
f 3399 2716 2712 2711
f 3399 1915 1914 1920
f 3399 1920 3400 2716
f 3400 2721 2717 2716
f 3400 1920 1919 1925
f 3400 1925 3401 2721
f 3401 2726 2722 2721
f 3401 1925 1924 1930
f 3401 1930 3402 2726
f 3402 2731 2727 2726
f 3402 1930 1929 1935
f 3402 1935 3403 2731
f 3403 2736 2732 2731
f 3403 1935 1934 1940
f 3403 1940 3404 2736
f 3404 2741 2737 2736
f 3404 1940 1939 1945
f 3404 1945 3405 2741
f 3405 2746 2742 2741
f 3405 1945 1944 1950
f 3405 1950 3406 2746
f 3406 2751 2747 2746
f 3406 1950 1949 1955
f 3406 1955 3407 2751
f 3407 2756 2752 2751
f 3407 1955 1954 1960
f 3407 1960 3408 2756
f 3408 2761 2757 2756
f 3408 1960 1959 1965
f 3408 1965 3409 2761
f 3409 2766 2762 2761
f 3409 1965 1964 1970
f 3409 1970 3410 2766
f 3410 2771 2767 2766
f 3410 1970 1969 1975
f 3410 1975 3411 2771
f 3411 2776 2772 2771
f 3411 1975 1974 1980
f 3411 1980 3412 2776
f 3412 2781 2777 2776
f 3412 1980 1979 1985
f 3412 1985 3413 2781
f 3413 2786 2782 2781
f 3413 1985 1984 1990
f 3413 1990 3414 2786
f 3414 2791 2787 2786
f 3414 1990 1989 1995
f 3414 1995 3415 2791
f 3415 2796 2792 2791
f 3415 1995 1994 2000
f 3415 2000 3416 2796
f 3416 2801 2797 2796
f 3416 2000 1999 2005
f 3416 2005 3417 2801
f 3417 2806 2802 2801
f 3417 2005 2004 2010
f 3417 2010 3418 2806
f 3418 2811 2807 2806
f 3418 2010 2009 2015
f 3418 2015 3419 2811
f 3419 2816 2812 2811
f 3419 2015 2014 2020
f 3419 2020 3420 2816
f 3420 2821 2817 2816
f 3420 2020 2019 2025
f 3420 2025 3421 2821
f 3421 2826 2822 2821
f 3421 2025 2024 2030
f 3421 2030 3422 2826
f 3422 2831 2827 2826
f 3422 2030 2029 2035
f 3422 2035 3423 2831
f 3423 2836 2832 2831
f 3423 2035 2034 2040
f 3423 2040 3424 2836
f 3424 2841 2837 2836
f 3424 2040 2039 2045
f 3424 2045 3425 2841
f 3425 2846 2842 2841
f 3425 2045 2044 2050
f 3425 2050 3426 2846
f 3426 2851 2847 2846
f 3426 2050 2049 2055
f 3426 2055 3427 2851
f 3427 2856 2852 2851
f 3427 2055 2054 2060
f 3427 2060 3428 2856
f 3428 2861 2857 2856
f 3428 2060 2059 2065
f 3428 2065 3429 2861
f 3429 2866 2862 2861
f 3429 2065 2064 2070
f 3429 2070 3430 2866
f 3430 2871 2867 2866
f 3430 2070 2069 2075
f 3430 2075 3431 2871
f 3431 2876 2872 2871
f 3431 2075 2074 2080
f 3431 2080 3432 2876
f 3432 2881 2877 2876
f 3432 2080 2079 2085
f 3432 2085 3433 2881
f 3433 2886 2882 2881
f 3433 2085 2084 2090
f 3433 2090 3434 2886
f 3434 2891 2887 2886
f 3434 2090 2089 2095
f 3434 2095 3435 2891
f 3435 2896 2892 2891
f 3435 2095 2094 2100
f 3435 2100 3436 2896
f 3436 2901 2897 2896
f 3436 2100 2099 2105
f 3436 2105 3437 2901
f 3437 2906 2902 2901
f 3437 2105 2104 2110
f 3437 2110 3438 2906
f 3438 2911 2907 2906
f 3438 2110 2109 2115
f 3438 2115 3439 2911
f 3439 2916 2912 2911
f 3439 2115 2114 2120
f 3439 2120 3440 2916
f 3440 2921 2917 2916
f 3440 2120 2119 2125
f 3440 2125 3441 2921
f 3441 2926 2922 2921
f 3441 2125 2124 2130
f 3441 2130 3442 2926
f 3442 2931 2927 2926
f 3442 2130 2129 2135
f 3442 2135 3443 2931
f 3443 2936 2932 2931
f 3443 2135 2134 2140
f 3443 2140 3444 2936
f 3444 2941 2937 2936
f 3444 2140 2139 2145
f 3444 2145 3445 2941
f 3445 2946 2942 2941
f 3445 2145 2144 2150
f 3445 2150 3446 2946
f 3446 2951 2947 2946
f 3446 2150 2149 2155
f 3446 2155 3447 2951
f 3447 2956 2952 2951
f 3447 2155 2154 2160
f 3447 2160 3448 2956
f 3448 2961 2957 2956
f 3448 2160 2159 2165
f 3448 2165 3449 2961
f 3449 2966 2962 2961
f 3449 2165 2164 2170
f 3449 2170 3450 2966
f 3450 2971 2967 2966
f 3450 2170 2169 2175
f 3450 2175 3451 2971
f 3451 2976 2972 2971
f 3451 2175 2174 2180
f 3451 2180 3452 2976
f 3452 2981 2977 2976
f 3452 2180 2179 2185
f 3452 2185 3453 2981
f 3453 2986 2982 2981
f 3453 2185 2184 2190
f 3453 2190 3454 2986
f 3454 2991 2987 2986
f 3454 2190 2189 2195
f 3454 2195 3455 2991
f 3455 2996 2992 2991
f 3455 2195 2194 2200
f 3455 2200 3456 2996
f 3456 3001 2997 2996
f 3456 2200 2199 2205
f 3456 2205 3457 3001
f 3457 3006 3002 3001
f 3457 2205 2204 2210
f 3457 2210 3458 3006
f 3458 3011 3007 3006
f 3458 2210 2209 2215
f 3458 2215 3459 3011
f 3459 3016 3012 3011
f 3459 2215 2214 2220
f 3459 2220 3460 3016
f 3460 3021 3017 3016
f 3460 2220 2219 2225
f 3460 2225 3461 3021
f 3461 3026 3022 3021
f 3461 2225 2224 2230
f 3461 2230 3462 3026
f 3462 3031 3027 3026
f 3462 2230 2229 2235
f 3462 2235 3463 3031
f 3463 3036 3032 3031
f 3463 2235 2234 2240
f 3463 2240 3464 3036
f 3464 3041 3037 3036
f 3464 2240 2239 2245
f 3464 2245 3465 3041
f 3465 3045 3042 3041
f 3465 2245 2244 2250
f 3465 2250 3047 3045
f 3365 3044 1752 1751
f 3363 3040 3039 3044
f 3361 3035 3034 3040
f 3359 3030 3029 3035
f 3357 3025 3024 3030
f 3355 3020 3019 3025
f 3353 3015 3014 3020
f 3351 3010 3009 3015
f 3349 3005 3004 3010
f 3347 3000 2999 3005
f 3345 2995 2994 3000
f 3343 2990 2989 2995
f 3341 2985 2984 2990
f 3339 2980 2979 2985
f 3337 2975 2974 2980
f 3335 2970 2969 2975
f 3333 2965 2964 2970
f 3331 2960 2959 2965
f 3329 2955 2954 2960
f 3327 2950 2949 2955
f 3325 2945 2944 2950
f 3323 2940 2939 2945
f 3321 2935 2934 2940
f 3319 2930 2929 2935
f 3317 2925 2924 2930
f 3315 2920 2919 2925
f 3313 2915 2914 2920
f 3311 2910 2909 2915
f 3309 2905 2904 2910
f 3307 2900 2899 2905
f 3305 2895 2894 2900
f 3303 2890 2889 2895
f 3301 2885 2884 2890
f 3299 2880 2879 2885
f 3297 2875 2874 2880
f 3295 2870 2869 2875
f 3293 2865 2864 2870
f 3291 2860 2859 2865
f 3289 2855 2854 2860
f 3287 2850 2849 2855
f 3285 2845 2844 2850
f 3283 2840 2839 2845
f 3281 2835 2834 2840
f 3279 2830 2829 2835
f 3277 2825 2824 2830
f 3275 2820 2819 2825
f 3273 2815 2814 2820
f 3271 2810 2809 2815
f 3269 2805 2804 2810
f 3267 2800 2799 2805
f 3265 2795 2794 2800
f 3263 2790 2789 2795
f 3261 2785 2784 2790
f 3259 2780 2779 2785
f 3257 2775 2774 2780
f 3255 2770 2769 2775
f 3253 2765 2764 2770
f 3251 2760 2759 2765
f 3249 2755 2754 2760
f 3247 2750 2749 2755
f 3245 2745 2744 2750
f 3243 2740 2739 2745
f 3241 2735 2734 2740
f 3239 2730 2729 2735
f 3237 2725 2724 2730
f 3235 2720 2719 2725
f 3233 2715 2714 2720
f 3231 2710 2709 2715
f 3229 2705 2704 2710
f 3227 2700 2699 2705
f 3225 2695 2694 2700
f 3223 2690 2689 2695
f 3221 2685 2684 2690
f 3219 2680 2679 2685
f 3217 2675 2674 2680
f 3215 2670 2669 2675
f 3213 2665 2664 2670
f 3211 2660 2659 2665
f 3209 2655 2654 2660
f 3207 2650 2649 2655
f 3205 2645 2644 2650
f 3203 2640 2639 2645
f 3201 2635 2634 2640
f 3199 2630 2629 2635
f 3197 2625 2624 2630
f 3195 2620 2619 2625
f 3193 2615 2614 2620
f 3191 2610 2609 2615
f 3189 2605 2604 2610
f 3187 2600 2599 2605
f 3185 2595 2594 2600
f 3183 2590 2589 2595
f 3181 2585 2584 2590
f 3179 2580 2579 2585
f 3177 2575 2574 2580
f 3175 2570 2569 2575
f 3173 2565 2564 2570
f 3171 2560 2559 2565
f 3169 2555 2554 2560
f 3167 2550 2549 2555
f 3165 2545 2544 2550
f 3163 2540 2539 2545
f 3161 2535 2534 2540
f 3159 2530 2529 2535
f 3157 2525 2524 2530
f 3155 2520 2519 2525
f 3153 2515 2514 2520
f 3151 2510 2509 2515
f 3149 2505 2504 2510
f 3147 2500 2499 2505
f 3145 2495 2494 2500
f 3143 2490 2489 2495
f 3141 2485 2484 2490
f 3139 2480 2479 2485
f 3137 2475 2474 2480
f 3135 2470 2469 2475
f 3133 2465 2464 2470
f 3131 2460 2459 2465
f 3129 2455 2454 2460
f 3127 2450 2449 2455
f 3125 2445 2444 2450
f 3123 2440 2439 2445
f 3121 2435 2434 2440
f 3119 2430 2429 2435
f 3117 2425 2424 2430
f 3115 2420 2419 2425
f 3113 2415 2414 2420
f 3111 2410 2409 2415
f 3109 2405 2404 2410
f 3107 2400 2399 2405
f 3105 2395 2394 2400
f 3103 2390 2389 2395
f 3101 2385 2384 2390
f 3099 2380 2379 2385
f 3097 2375 2374 2380
f 3095 2370 2369 2375
f 3093 2365 2364 2370
f 3091 2360 2359 2365
f 3089 2355 2354 2360
f 3087 2350 2349 2355
f 3085 2345 2344 2350
f 3083 2340 2339 2345
f 3081 2335 2334 2340
f 3079 2330 2329 2335
f 3077 2325 2324 2330
f 3075 2320 2319 2325
f 3073 2315 2314 2320
f 3071 2310 2309 2315
f 3069 2305 2304 2310
f 3067 2300 2299 2305
f 3065 2295 2294 2300
f 3063 2290 2289 2295
f 3061 2285 2284 2290
f 3059 2280 2279 2285
f 3057 2275 2274 2280
f 3055 2270 2269 2275
f 3053 2265 2264 2270
f 3051 2260 2259 2265
f 3049 2255 2254 2260
f 3047 2250 2249 2255

 