# File exported by ZBrush version 2026
# www.zbrush.com
g ZBrushPolyMesh3D
#Vertex Count 6957
#Face Count 6961
#Auto scale x=1.000000 y=1.000000 z=1.000000
#Auto offset x=0.000000 y=0.000000 z=0.000000
v -2.44961309 -4.86945152 -0.98637104
v 2.28239679 -4.1926217 -0.10417245
v 2.48590612 -4.8737874 -0.99993228
v 1.55666899 -4.70177936 0.02352429
v 0.82028496 -7.75138092 -2.04020357
v -0.53228426 -4.65460681 -0.82912671
v 1.10404479 -7.75465488 -1.86285674
v -1.84410893 -4.78594398 -0.91736269
v -0.35875043 -4.88672065 0.14661863
v 1.80078005 -4.76283264 -0.91741108
v 0.28379181 -8.18699932 0.16711434
v -0.52514612 -7.26899147 0.33975991
v -2.20292162 -4.19747686 -0.10404072
v -1.37517881 -7.90245866 -0.07097323
v -1.68862438 -4.78870821 -0.24079577
v -1.32091736 -1.86462461 -1.4401952
v -1.53739762 -4.72573232 -0.40732291
v 0.51874363 -2.27572917 0.21754598
v 0.49264136 -4.61768865 -0.83499997
v 1.20157194 -8.14198207 -0.02265209
v -0.61041683 -7.54062748 -1.86069035
v -0.04703241 -4.70270824 -1.48592329
v 2.24028778 -3.83701634 -0.51677143
v -0.79982489 -2.24107408 0.12848973
v -2.24141931 -3.82714748 -0.52926456
v -0.05885241 -2.87553501 0.8591203
v -0.05338652 -1.67868089 0.45881584
v -0.08318151 -3.25891709 -1.56063246
v 1.20639538 -2.08455777 -1.49519491
v 3.82542347 -5.71567773 -0.49147906
v 0.5216332 -5.74184036 0.0097582
v 1.60259795 -4.82917261 -0.22031182
v 1.58206093 -4.7675209 -0.43280905
v -1.53317546 -4.84449815 -0.18379126
v -0.59387326 -7.65286588 -2.04579114
v -0.1519881 -2.55823326 -1.1844598
v -0.26638364 -1.83971977 -1.26104426
v -2.5854783 -4.84650373 -1.07180774
v -2.71741581 -5.10132932 -1.07302749
v -2.61392545 -5.17364215 -0.99102509
v -2.53427743 -5.26455211 -0.88079524
v -2.36973214 -5.01198005 -0.87617474
v -2.21076512 -4.80124664 -0.78086161
v -2.26143813 -4.70146083 -0.85771513
v -2.29779601 -4.54197645 -0.89806205
v -2.4160943 -4.61051988 -1.00811767
v -2.51665616 -4.61607599 -1.07357597
v 2.53177046 -4.05098009 -0.12826038
v 2.44631433 -3.8407278 -0.08742248
v 2.23276329 -3.92565536 -0.03109368
v 1.98146235 -4.00596809 0.0218344
v 1.96836507 -4.24090194 -0.0669227
v 1.88717865 -4.46683025 -0.17051123
v 2.08717918 -4.45369577 -0.1944617
v 2.45980835 -4.34649944 -0.14742432
v 2.6304841 -4.2215023 -0.15219484
v 2.25303888 -4.52657079 -0.20936043
v 2.28999424 -4.71829223 -0.8742277
v 2.23753094 -4.80962228 -0.81809651
v 2.402534 -5.00879526 -0.91691309
v 2.57927632 -5.25769853 -0.92675793
v 2.66359925 -5.17324781 -1.01942861
v 2.78057861 -5.11416244 -1.08693265
v 2.63582992 -4.85982656 -1.07808125
v 2.56386065 -4.65356206 -1.0652244
v 2.44480156 -4.64834928 -1.01061976
v 2.32039189 -4.58386707 -0.9117856
v 1.7216109 -4.54856586 -0.09699791
v 1.76639652 -4.31504726 0.00777144
v 1.57906591 -4.4084506 0.13202007
v 1.34634828 -4.47373485 0.2873483
v 1.32647109 -4.72627401 0.22542507
v 1.279554 -4.98560571 0.19485293
v 1.4736725 -4.99746704 0.01803997
v 1.58841717 -5.04284763 -0.17133094
v 1.65444338 -4.82644462 -0.18779134
v 1.72342634 -4.69634294 -0.23353473
v 0.44721844 -7.68434524 -2.07867837
v 0.46549132 -7.39438772 -2.04209137
v 0.7879908 -7.39732313 -1.9882456
v 0.62994575 -8.03642749 -2.06707429
v 0.37418317 -7.9438138 -2.08308529
v 1.05988144 -7.99911832 -2.00505185
v 0.84254103 -8.17876434 -2.03519821
v 1.09337997 -7.30790329 -1.83831131
v 1.18061363 -7.58504343 -1.87243366
v 1.3150686 -7.83992958 -1.86455428
v -0.49089336 -4.92542552 -0.92178094
v -0.21173448 -4.87658166 -0.98236835
v -0.19322241 -4.63362455 -0.92347896
v -0.77820855 -4.81570911 -0.7581411
v -0.7101041 -5.00510501 -0.86903733
v -0.73892402 -4.52398681 -0.68518412
v -0.88660723 -4.67850494 -0.65257412
v -0.15460939 -4.36972093 -0.88395345
v -0.42862987 -4.34678363 -0.81270813
v -0.6214894 -4.29131317 -0.71120315
v 1.07991147 -7.45685482 -1.72150242
v 0.81455129 -7.43690395 -1.82429301
v 0.77688419 -7.66075944 -1.93924343
v 0.6568793 -7.87824106 -2.02657103
v 0.89219605 -8.0042057 -2.01866436
v 1.06432604 -8.2298069 -1.97968792
v 1.27602398 -8.08253955 -1.88320601
v 1.36408054 -7.69499874 -1.65255141
v 1.28985726 -7.444736 -1.55267584
v 1.46944963 -8.0023241 -1.71878004
v -1.5627489 -4.5917797 -1.06755638
v -1.40188157 -4.58843231 -1.015028
v -1.61769926 -4.7345438 -0.88775885
v -1.75268983 -4.79746389 -0.74808502
v -1.90600812 -4.87162876 -0.76624304
v -2.10849499 -5.05796718 -0.76265722
v -2.12953519 -5.03043413 -0.89855176
v -1.97558057 -4.75863933 -1.0300697
v -1.71987068 -4.5712552 -1.1362003
v -2.21200227 -4.99175453 -1.02732384
v -0.62003576 -4.65946292 0.1234708
v -0.52651 -4.38950109 0.10535601
v -0.32463616 -4.49550342 0.10586534
v -0.08802816 -4.5389328 0.08931901
v -0.06962599 -4.89151763 0.11873973
v 0.09647677 -5.2169671 0.12480357
v -0.14399823 -5.28973245 0.1549282
v -0.55625492 -5.05492353 0.17165307
v -0.74459028 -4.82487201 0.1411778
v -0.35899224 -5.36164474 0.17223003
v 1.63613379 -4.74445152 -0.87611347
v 1.45087707 -4.60468959 -1.01296711
v 1.57111132 -4.58496332 -1.06769704
v 2.05951809 -4.96672868 -0.88132649
v 2.05350494 -4.99127578 -0.73146754
v 1.85956347 -4.83993816 -0.74245423
v 1.7371155 -4.79625225 -0.73738306
v 1.69045543 -4.54999637 -1.14220023
v 1.90885627 -4.71028995 -1.03090214
v 2.12821316 -4.91887617 -1.00508236
v 0.0662905 -8.2119894 0.13164083
v 0.06412211 -8.44165134 -0.06139644
v 0.1760988 -8.46777725 -0.04974447
v 0.29213807 -8.55059146 -0.06727995
v 0.44958803 -8.37859344 0.12048499
v 0.22126072 -7.84069967 0.27619335
v 0.01799358 -7.91282367 0.24988926
v 0.69469243 -8.21509361 0.22953793
v 0.5742498 -7.99612569 0.26276207
v 0.4886628 -7.7185297 0.30916756
v -0.52418744 -6.9344182 0.3556678
v -0.82600897 -6.89218568 0.27985572
v -0.88555091 -7.1312952 0.26499193
v -0.20720043 -7.23022413 0.36527586
v -0.25864771 -6.94232082 0.38299697
v -1.00227212 -7.38145875 0.24373288
v -0.7159354 -7.53755569 0.30133804
v -0.49202725 -7.80593109 0.2856138
v -0.30525991 -7.66095829 0.31088113
v -0.0923444 -7.58582544 0.32659581
v -2.43207788 -3.98425006 -0.09697828
v -2.51250767 -4.18158865 -0.13726392
v -2.33710694 -4.3705101 -0.16047579
v -2.16465282 -4.53058672 -0.23418243
v -2.04908037 -4.47561645 -0.21497958
v -1.88909876 -4.46681308 -0.18001648
v -1.96215713 -4.2040863 -0.05605618
v -1.59456861 -7.86201667 -0.273047
v -1.5505402 -7.66414213 -0.28262701
v -1.34996616 -7.67418193 -0.1136756
v -1.55044174 -8.15380001 -0.1094662
v -1.69534421 -8.09537601 -0.26765435
v -1.2602216 -8.07251739 0.05651643
v -1.42508661 -8.25222206 -0.00623311
v -1.0765407 -7.82256794 0.06716892
v -1.02923238 -7.96870899 0.1350777
v -1.09181952 -7.64649725 0.00715655
v -1.74898362 -4.51053667 -0.09706022
v -1.80445063 -4.66766309 -0.32376286
v -1.60374832 -5.08677816 -0.24015699
v -1.49282491 -5.07263803 -0.03285383
v -1.56081318 -4.80320501 -0.01614493
v -1.60523068 -4.54210472 0.06819479
v -1.68565583 -4.89360475 -0.43279665
v -1.6274755 -5.10923194 -0.43091428
v -1.74114346 -4.78337287 -0.45115786
v -1.44140493 -1.75739443 -1.40567934
v -1.24493408 -1.63726496 -1.37305426
v -1.14546871 -1.84111452 -1.43844831
v -1.10363483 -2.09938335 -1.50009298
v -1.34364318 -2.05418038 -1.48398733
v -1.5574857 -1.97577464 -1.45006263
v -1.57586276 -4.71837902 -0.35917347
v -1.57061684 -4.83049154 -0.38845938
v -1.51635873 -4.79771804 -0.44222158
v -1.47660088 -4.65880441 -0.40724161
v -1.51570797 -4.61351919 -0.33562663
v -1.42767357 -4.73083734 -0.46958553
v 0.79289102 -2.14385223 0.13364444
v 0.88298344 -2.26415705 0.10662437
v 0.71219843 -2.40699124 0.16142657
v 0.43004295 -2.00629973 0.20820257
v 0.71064454 -1.98278784 0.13656671
v 0.60022497 -2.58922648 0.20187048
v 0.42982915 -2.53670239 0.24472473
v 0.16627232 -2.25270152 0.27852398
v 0.11437232 -2.00658249 0.25837728
v 0.16774852 -2.49668383 0.26804947
v 0.39604193 -4.90785884 -0.94575959
v 0.62214732 -4.9862957 -0.88952612
v 0.74002796 -4.77924919 -0.76336193
v 0.88263773 -4.63384151 -0.63848596
v 0.7351191 -4.47710943 -0.67751663
v 0.42611473 -4.33516216 -0.81431895
v 0.14970491 -4.36601972 -0.88689243
v 0.140804 -4.61733102 -0.92772245
v 0.63012617 -4.27274513 -0.70641881
v 0.10251955 -4.87317943 -0.99066996
v 1.37210631 -8.4271202 -0.10889024
v 1.20524942 -8.49428749 -0.08162295
v 1.06107258 -8.27244758 -0.0096365
v 1.17611217 -7.87396097 0.00097319
v 1.40904068 -7.89628648 -0.13228888
v 1.47006535 -8.12044429 -0.16380606
v 0.89461278 -8.00082111 0.10866344
v 0.89531678 -7.79899549 0.08214126
v 0.84380602 -8.13072395 0.09732327
v 1.57272279 -8.37561798 -0.21534299
v -0.83860087 -7.77676296 -1.9194051
v -0.70174735 -7.91203594 -1.97907853
v -0.50406557 -7.75715351 -1.94481158
v -0.28168109 -7.64968538 -1.92446529
v -0.30187735 -7.47656297 -1.86086487
v -0.89812785 -7.42309713 -1.7347027
v -1.05188655 -7.65448284 -1.79690098
v -0.54091823 -7.21865177 -1.72328996
v -0.80556345 -7.1615448 -1.63819158
v -0.28294342 -7.21626997 -1.74519932
v 0.16511733 -4.42650938 -1.44799578
v 0.40684288 -4.57893466 -1.42646479
v 0.29165178 -4.81089401 -1.4762417
v -0.2744562 -4.4059658 -1.43443799
v -0.04786655 -4.18568372 -1.4546926
v -0.44154506 -4.78851318 -1.43692994
v -0.5729205 -4.55462312 -1.37718868
v 0.23046582 -5.03214073 -1.51714491
v -0.0538937 -4.99835872 -1.52678716
v -0.38620463 -5.02024936 -1.47841203
v 2.25845432 -3.6686182 -0.6006487
v 2.2021954 -3.63388466 -0.47042
v 2.19297266 -3.88119506 -0.40956994
v 2.29777002 -3.90692806 -0.64111924
v 2.32098245 -3.72339725 -0.75110966
v 2.24530029 -4.03915119 -0.55404096
v -0.59247618 -2.4945383 0.19555658
v -0.74076092 -2.54177713 0.12691156
v -0.93610847 -2.33898234 0.06195752
v -0.45670646 -2.22749924 0.22462871
v -0.35209465 -2.47665643 0.25638315
v -1.12685954 -2.14462041 0.06873039
v -1.11045444 -2.03271675 0.08645104
v -0.81944716 -2.05526423 0.12098863
v -0.50554329 -2.03682875 0.18990719
v -1.16633904 -2.23950719 0.02848859
v -2.18634033 -3.9006257 -0.41984218
v -2.19892835 -3.66607928 -0.4566752
v -2.25883698 -3.67212033 -0.61133462
v -2.33488655 -3.70953869 -0.80577963
v -2.32166075 -3.88600635 -0.70006978
v -2.27294731 -4.05061769 -0.62110465
v -0.16417974 -2.81158471 0.85903388
v -0.21989442 -2.96672797 0.85709536
v -0.05700923 -3.00021171 0.85515666
v 0.11419881 -2.96926546 0.85496473
v 0.05262307 -2.81407189 0.85690528
v -0.04869309 -2.68568968 0.85098481
v -0.03786313 -1.52776098 0.35539814
v -0.25365689 -1.55080175 0.35922426
v -0.18013931 -1.73077762 0.49119952
v 0.07558154 -1.72247576 0.48741495
v 0.17676621 -1.55404353 0.36581066
v -0.05025804 -1.83847057 0.56054192
v 0.14020389 -3.54618644 -1.51990103
v -0.04441583 -3.74506497 -1.49154424
v -0.26142036 -3.56627631 -1.50918591
v 0.20614534 -3.1481502 -1.56816017
v 0.34014791 -3.41259598 -1.52900993
v -0.55140006 -3.42721867 -1.50486302
v -0.44026017 -3.13000035 -1.55839061
v -0.10865347 -2.81634306 -1.58294594
v 0.11029825 -2.7938373 -1.58183705
v -0.37757346 -2.77197051 -1.58229279
v 1.30633068 -1.96030688 -1.46437323
v 1.42223882 -2.12822008 -1.49190998
v 1.23971521 -2.23657512 -1.51985323
v 0.99881494 -2.30312085 -1.53789925
v 1.02370691 -2.07241964 -1.49737429
v 1.09721005 -1.85842466 -1.44621181
v 3.79676175 -5.74429369 -0.45055383
v 3.7441802 -5.71892261 -0.48089635
v 3.76073479 -5.69930267 -0.51966798
v 3.81560611 -5.67321586 -0.48609942
v 3.79884553 -5.69758606 -0.4210551
v 3.80538702 -5.72159481 -0.56440335
v 3.81901979 -5.68112182 -0.56957715
v 3.76993918 -5.69739007 -0.57126337
v 0.70068454 -5.42815208 0.04319825
v 0.85282236 -5.50406646 0.01586598
v 0.7693665 -5.77931499 -0.03395151
v 0.3065688 -5.48312664 0.08690158
v 0.52115362 -5.26120138 0.07344319
v 0.75338864 -6.08401966 -0.10093341
v 0.55541193 -6.09758377 -0.08616511
v 0.20777535 -5.88764667 0.01101052
v 0.04752061 -5.6121931 0.10167101
v 0.27644756 -6.16100788 -0.07812417
v 1.57125592 -4.76757907 -0.18069841
v 1.62058961 -4.71204996 -0.2230674
v 1.64129221 -4.81069374 -0.26790893
v 1.54454302 -4.9227209 -0.19038584
v 1.48543512 -4.86859512 -0.12503486
v 1.58062267 -4.95432996 -0.26149171
v 1.55016112 -4.7120428 -0.42560702
v 1.47014153 -4.81487989 -0.50856882
v 1.53055834 -4.8705573 -0.49159759
v 1.63308465 -4.75950622 -0.39906448
v 1.59991467 -4.67450189 -0.36923828
v 1.57645177 -4.92350769 -0.45430368
v -1.50783312 -4.78356981 -0.14996449
v -1.42915058 -4.90568828 -0.09287697
v -1.48070454 -4.95372772 -0.16046625
v -1.57188189 -4.83221006 -0.23879633
v -1.54825747 -4.73650074 -0.21578976
v -1.51639938 -4.98075342 -0.24300433
v -0.40475446 -7.9647994 -2.06686759
v -0.61585503 -8.10206794 -2.04331088
v -0.83455073 -7.8934021 -2.02598953
v -1.09597277 -7.7477765 -1.93364286
v -0.94617927 -7.5033698 -1.94402182
v -0.85013067 -7.26327085 -1.93167829
v -0.54175782 -7.33436346 -2.01281952
v -0.20279818 -7.350142 -2.04633617
v -0.20144048 -7.61826133 -2.07835149
v -0.14246414 -7.90393209 -2.08523869
v -0.01038521 -2.16927123 -1.25127339
v -0.39934518 -2.16696071 -1.21892321
v 0.12248487 -2.75515723 -1.13897335
v 0.20917429 -2.41291832 -1.2109673
v -0.49167424 -2.39378237 -1.13488888
v -0.34928864 -2.73896789 -1.09100735
v -0.56843715 -1.7600913 -1.22570896
v -0.61864584 -1.98898971 -1.19892513
v -0.27125951 -1.52649617 -1.2366153
v -0.54163372 -1.5472449 -1.21580147
v 0.10582546 -1.71682572 -1.26342439
v 0.08973518 -1.48393809 -1.23842024
v 0.23255582 -1.97927498 -1.26360952
v 0.38073065 -2.19191193 -1.22234976
v 0.61597424 -2.05839347 -1.19773435
v 0.53085923 -1.87796831 -1.23634445
v 0.4720532 -1.67657613 -1.23914146
v 0.8451004 -1.85176277 -1.19185745
v 0.81994128 -1.69735837 -1.19790124
v 0.82723254 -1.53756809 -1.17931056
v 0.46495041 -1.47820425 -1.21589875
v 0.86426234 -1.3839991 -1.13531005
v 0.49943402 -1.29453599 -1.17379546
v 0.11989305 -1.26393306 -1.19284856
v -0.23435834 -1.28867733 -1.19569373
v 0.55001395 -1.13361012 -1.107638
v 0.16266264 -1.07936918 -1.12880837
v -0.20722806 -1.09287416 -1.13068938
v -0.53657764 -1.1558882 -1.11473262
v -0.53208112 -1.33943545 -1.17746019
v 0.19816876 -0.93623191 -1.03892993
v -0.18958036 -0.93766695 -1.0456388
v -0.53963404 -1.00408113 -1.02655124
v -0.85466527 -1.10361957 -0.99594563
v -0.83309406 -1.24384856 -1.0833112
v -0.17237962 -0.82115817 -0.93243861
v -0.5372281 -0.8885681 -0.91532462
v -0.86752843 -0.99402451 -0.88927894
v -1.17793536 -1.12138915 -0.86884015
v -1.15041017 -1.22347235 -0.97321236
v -0.52570921 -0.81557697 -0.7831698
v -0.86720871 -0.91911047 -0.76396447
v -1.19065356 -1.04687762 -0.74841582
v -1.50401806 -1.19057405 -0.75201118
v -1.48174524 -1.25815856 -0.88147121
v -0.84890514 -0.89221543 -0.62405496
v -1.18117356 -1.01404678 -0.61228889
v -1.50037527 -1.15989935 -0.60919332
v -1.78574943 -1.33944737 -0.60253018
v -1.78740465 -1.3733747 -0.76068818
v -1.14679443 -1.0309112 -0.4765748
v -1.46790623 -1.16440665 -0.46352899
v -1.7480092 -1.33719623 -0.43954947
v -1.9714359 -1.54243528 -0.39914211
v -2.01335763 -1.55802393 -0.57234293
v -1.39888918 -1.21764695 -0.32810616
v -1.67245316 -1.37300539 -0.28524303
v -1.89268362 -1.56195569 -0.23961742
v -2.09407115 -1.77330517 -0.20728717
v -2.15427827 -1.75916922 -0.36185759
v -1.56725108 -1.4514898 -0.16070763
v -1.79945135 -1.61799275 -0.11010403
v -2.02164626 -1.82137715 -0.08674474
v -2.22445225 -2.05028963 -0.10188755
v -2.28571105 -2.01026439 -0.20874786
v -1.71685314 -1.70555937 -0.01640098
v -1.95539712 -1.88919377 -0.00583403
v -2.16419267 -2.10112714 -0.03464372
v -2.32497215 -2.33338928 -0.08062652
v -2.38723397 -2.3009305 -0.13308191
v -1.90424788 -1.96040964 0.04411502
v -2.11111474 -2.15050315 0.00267761
v -2.26366257 -2.36378407 -0.04499865
v -2.35781478 -2.58970069 -0.05656327
v -2.42757034 -2.57944154 -0.09523771
v -2.06108403 -2.20012307 0.02626681
v -2.2030301 -2.39417457 -0.01491706
v -2.29184317 -2.60155606 -0.02918227
v -2.33179354 -2.82234334 -0.0218712
v -2.3982644 -2.82713222 -0.0549485
v -2.14911937 -2.42111396 0.0007836
v -2.2327547 -2.61224794 -0.01295743
v -2.26700592 -2.81659507 -0.00240457
v -2.25551652 -3.03690362 0.01400178
v -2.32193422 -3.0551579 -0.0143831
v -2.17517948 -2.62250876 -0.0194091
v -2.20238113 -2.81000661 -0.00505007
v -2.19169521 -3.01847791 0.02625137
v -2.16474986 -3.26567935 0.05087971
v -2.228935 -3.28285098 0.02868014
v -2.17043447 -2.80825901 -0.05244088
v -2.14569997 -3.00878334 -0.00821156
v -2.10416746 -3.25090432 0.03663493
v -2.08671593 -3.53219056 0.04590706
v -2.15429568 -3.54833793 0.04672733
v -2.14188432 -3.01019501 -0.07691656
v -2.08424592 -3.24203968 -0.02631434
v -2.04894876 -3.51453328 -0.00175659
v -2.04845547 -3.81452965 -0.03042465
v -2.09738254 -3.83428645 0.0036794
v -2.0981903 -3.23970985 -0.09854922
v -2.05112004 -3.49970507 -0.0675725
v -2.03781533 -3.79027223 -0.08490335
v -2.02340507 -4.09698724 -0.16658262
v -2.043298 -4.12264633 -0.11931065
v -2.07685351 -3.48872423 -0.13385097
v -2.05616712 -3.76789617 -0.14443928
v -2.04332017 -4.06713771 -0.22636865
v -2.04380583 -4.34946966 -0.3877162
v -2.01416492 -4.38915205 -0.3228735
v -2.08670687 -3.74483704 -0.20197075
v -2.079988 -4.04090786 -0.28044611
v -2.08790993 -4.31133985 -0.45269668
v -2.13485384 -4.52573394 -0.67646199
v -2.08727335 -4.59158372 -0.60345482
v -2.12048411 -4.00568437 -0.33522415
v -2.14646577 -4.26271534 -0.51700109
v -2.2019236 -4.43159294 -0.73648423
v -2.21562886 -4.17279481 -0.57198083
v -2.28688931 -4.28009748 -0.76655739
v -2.34907603 -4.34734726 -0.91963994
v -2.35838985 -4.11511755 -0.80996239
v -2.41135501 -4.1505742 -0.95296961
v -2.45170617 -4.17066335 -1.06664085
v -2.4170916 -4.38287925 -1.02997839
v -2.49287343 -4.18541479 -1.16821074
v -2.49063396 -4.39646387 -1.1078999
v -2.57287287 -4.17918062 -1.21470141
v -2.58755588 -4.38392829 -1.13370585
v -2.62389206 -4.59251785 -1.11017715
v -2.70352864 -4.80356693 -1.12072551
v -2.68584036 -4.3433156 -1.1176325
v -2.73994326 -4.54522848 -1.1048057
v -2.83179903 -4.73759889 -1.12999665
v -2.96723508 -4.93927288 -1.14999091
v -2.8404603 -5.02399015 -1.13224422
v -2.8503797 -4.48480176 -1.06992101
v -2.95176959 -4.67043066 -1.09473788
v -3.09336948 -4.85347938 -1.12133812
v -3.23982811 -5.04625606 -1.10669422
v -3.11573195 -5.13569641 -1.13117754
v -3.06360626 -4.600111 -1.02548503
v -3.20356631 -4.77880048 -1.04411566
v -3.34706068 -4.97003316 -1.03523242
v -3.45667696 -5.15916967 -0.9801411
v -3.36041379 -5.23007488 -1.04631054
v -3.28360772 -4.72469663 -0.93201029
v -3.42238473 -4.91056871 -0.92087
v -3.52661013 -5.09884882 -0.87787365
v -3.57892274 -5.26175451 -0.82091516
v -3.52069282 -5.31547832 -0.90983444
v -3.46197962 -4.87113142 -0.78070271
v -3.56082034 -5.058012 -0.75202024
v -3.60599184 -5.22592878 -0.71641534
v -3.6305747 -5.36398935 -0.68516415
v -3.61008763 -5.39351701 -0.77212739
v -3.55495476 -5.04270267 -0.61389452
v -3.60261225 -5.21146678 -0.60183882
v -3.62645793 -5.35083293 -0.5946806
v -3.6513412 -5.46220731 -0.5843268
v -3.6564033 -5.47186613 -0.6595186
v -3.57064032 -5.21863317 -0.48763841
v -3.5982685 -5.35625696 -0.5027697
v -3.62493348 -5.46813106 -0.51554125
v -3.65729928 -5.55714368 -0.51484376
v -3.68026185 -5.54864597 -0.57338213
v -3.54366636 -5.37932729 -0.42110881
v -3.57631421 -5.4895339 -0.45094606
v -3.61746192 -5.5797925 -0.46739277
v -3.65960335 -5.65236091 -0.46903744
v -3.692842 -5.63032007 -0.51083493
v -3.5131061 -5.5237236 -0.39814242
v -3.56217813 -5.61420726 -0.42730313
v -3.61343526 -5.6856389 -0.44062593
v -3.66011333 -5.74144792 -0.4394581
v -3.70169591 -5.70986604 -0.46546295
v -3.49997925 -5.65642166 -0.40152183
v -3.55785489 -5.72504901 -0.42174562
v -3.61022496 -5.77963113 -0.42645934
v -3.65770459 -5.8255887 -0.41154289
v -3.70594048 -5.78550958 -0.42518213
v -3.49909615 -5.76726007 -0.41215157
v -3.55431556 -5.82089376 -0.42045918
v -3.60278821 -5.86929607 -0.41293862
v -3.61163616 -5.88128471 -0.3581517
v -3.67378568 -5.82932996 -0.35778093
v -3.50084686 -5.86088609 -0.42371678
v -3.54789495 -5.90661764 -0.42285531
v -3.55265641 -5.93044805 -0.37534412
v -3.50691485 -5.90169954 -0.33886334
v -3.57269763 -5.84334707 -0.31922444
v -3.50731968 -5.94383144 -0.44051525
v -3.50609016 -5.97567796 -0.40150439
v -3.45342922 -5.95122194 -0.37753924
v -3.39442205 -5.91369915 -0.36262026
v -3.45266461 -5.86021661 -0.31938263
v -3.47016763 -6.01493167 -0.44279304
v -3.41443753 -5.99417781 -0.42744749
v -3.35240364 -5.95509672 -0.42177704
v -3.28650713 -5.9028449 -0.42270734
v -3.3275721 -5.85765266 -0.35964152
v -3.3927505 -6.02414703 -0.4841299
v -3.32704854 -5.98790597 -0.48560658
v -3.26115679 -5.93724536 -0.49498346
v -3.18590116 -5.87930345 -0.50361526
v -3.20945358 -5.83908557 -0.42668604
v -3.32199287 -6.00642108 -0.55812215
v -3.2546854 -5.95724678 -0.5722022
v -3.1800723 -5.90188264 -0.58899861
v -3.06958389 -5.83872747 -0.60810232
v -3.07587409 -5.80845689 -0.51103448
v -3.27038645 -5.95909452 -0.65050333
v -3.19457459 -5.90195465 -0.6729967
v -3.0915811 -5.83526754 -0.70411288
v -2.9525156 -5.77310705 -0.74396103
v -2.92539525 -5.7810688 -0.62414211
v -3.23317647 -5.88120317 -0.75014263
v -3.13369512 -5.8102436 -0.78711187
v -3.00655341 -5.74183845 -0.84441357
v -2.86216092 -5.6657176 -0.9115712
v -2.79220175 -5.70984458 -0.7874605
v -3.19793582 -5.77193164 -0.86213958
v -3.08636641 -5.69721078 -0.92911332
v -2.957942 -5.60933733 -1.01613509
v -2.82404351 -5.49233388 -1.09291017
v -2.71309852 -5.55994558 -0.97602242
v -3.1887443 -5.64102125 -0.99076026
v -3.07797765 -5.54461193 -1.08929789
v -2.96072483 -5.41321897 -1.18181109
v -2.81655502 -5.23578834 -1.24045765
v -2.67292976 -5.32694625 -1.14284205
v -3.213799 -5.46324157 -1.11144101
v -3.11510205 -5.32158422 -1.21402859
v -2.98804783 -5.13479185 -1.29260683
v -2.83140373 -4.91756963 -1.32323432
v -2.65301895 -5.03313732 -1.26290059
v -3.26674366 -5.22445678 -1.18307125
v -3.16507077 -5.03262376 -1.2752738
v -3.02845192 -4.80688333 -1.31729209
v -2.87147378 -4.58304739 -1.27997624
v -2.66884684 -4.69705104 -1.28999805
v -3.32531571 -4.9382348 -1.18582177
v -3.21043658 -4.71409797 -1.23180854
v -3.06287288 -4.49186277 -1.21317946
v -2.90831112 -4.27938652 -1.18980538
v -2.71903443 -4.37175941 -1.25537383
v -3.35839414 -4.64509391 -1.08757841
v -3.22093629 -4.42969131 -1.08725512
v -3.06627106 -4.21183824 -1.08110165
v -2.91921877 -3.985641 -1.1039468
v -2.76305747 -4.05674171 -1.21967566
v -3.33259391 -4.38633537 -0.92306917
v -3.18255996 -4.16813898 -0.93765127
v -3.03477001 -3.94155716 -0.960648
v -2.90817403 -3.70849394 -0.99665838
v -2.78816771 -3.7503407 -1.15510594
v -3.24564814 -4.14601945 -0.76448142
v -3.10441279 -3.92540907 -0.79275304
v -2.97924208 -3.70339751 -0.81530451
v -2.89525985 -3.47551631 -0.82915985
v -2.81122446 -3.47322392 -1.03025758
v -3.10919761 -3.94237446 -0.61117786
v -2.9959619 -3.73140573 -0.62422543
v -2.9149816 -3.51431942 -0.62324011
v -2.86721158 -3.292279 -0.60062015
v -2.83345556 -3.25024175 -0.81903898
v -2.95174598 -3.79191899 -0.44018021
v -2.86893463 -3.58286786 -0.43045884
v -2.82473063 -3.35913491 -0.39648738
v -2.80657792 -3.11235284 -0.35139852
v -2.84373807 -3.05310845 -0.56456887
v -2.76670074 -3.67601895 -0.26801174
v -2.71103525 -3.44111847 -0.22658067
v -2.68899416 -3.18391346 -0.17831918
v -2.65267276 -2.8840394 -0.14893049
v -2.76525783 -2.82192754 -0.31864297
v -2.54740786 -3.54553866 -0.10470095
v -2.51426291 -3.26320958 -0.0548572
v -2.47728586 -2.96510744 -0.03256845
v -2.39086937 -2.68052506 -0.03545571
v -2.55702567 -2.57958364 -0.14589256
v -2.31651496 -3.35882139 0.02639649
v -2.26704931 -3.06603264 0.04740177
v -2.18878984 -2.79274249 0.0500856
v -2.09113264 -2.52831244 0.08327513
v -2.27036666 -2.40391397 -0.02188701
v -2.05333495 -3.17356872 0.11523614
v -1.98961162 -2.90430259 0.15489895
v -1.90597498 -2.64472484 0.20294004
v -1.80090546 -2.38751769 0.24836103
v -1.97269153 -2.26094174 0.13020977
v -1.80102753 -3.00960564 0.27647066
v -1.72572445 -2.7554686 0.32990014
v -1.62711179 -2.50658154 0.37929996
v -1.50661492 -2.26516938 0.41848292
v -1.67222237 -2.1351459 0.28598418
v -1.53841579 -2.85958123 0.45494124
v -1.44642376 -2.61829137 0.50923126
v -1.33349001 -2.38699555 0.55058187
v -1.19088482 -2.17326092 0.56009417
v -1.35582912 -2.04446196 0.42225506
v -1.25525522 -2.72503042 0.62068837
v -1.14664208 -2.50397491 0.66240418
v -1.0134195 -2.29976415 0.67609351
v -0.85104227 -2.12493419 0.64292907
v -1.01852202 -1.99543571 0.52251571
v -0.95314419 -2.61423325 0.74914479
v -0.82531464 -2.4187901 0.75864481
v -0.67651855 -2.24839496 0.73385459
v -0.51520425 -2.10600566 0.69007945
v -0.6792773 -1.98391711 0.59044104
v -0.6382364 -2.5326662 0.81494724
v -0.501423 -2.36544513 0.793069
v -0.35091462 -2.22348308 0.75185471
v -0.19211633 -2.10833382 0.70810085
v -0.34829539 -1.99190974 0.64397877
v -0.33452028 -2.47551631 0.8255065
v -0.1926959 -2.33635067 0.79020583
v -0.04046373 -2.22148251 0.74743008
v 0.11007984 -2.34007191 0.7842614
v 0.27651292 -2.22999072 0.74852722
v 0.11993651 -2.11261248 0.70460087
v -0.0360647 -2.01303267 0.65758234
v -0.04540092 -2.45152425 0.81447833
v 0.09252529 -2.58125543 0.83592987
v 0.2540256 -2.47654795 0.82017535
v -0.18268993 -2.57682323 0.83943164
v -0.45952636 -2.63640999 0.8449617
v -0.29752332 -2.73064351 0.85644662
v -0.56506973 -2.81417727 0.83965331
v -0.38582715 -2.8995397 0.854586
v -0.65033048 -3.00267696 0.81380862
v -0.45271346 -3.07759594 0.83655655
v -0.25517949 -3.13778019 0.8447808
v -0.50438576 -3.27069377 0.81275248
v -0.28246083 -3.32534313 0.82626247
v -0.04762502 -3.34786534 0.82787507
v -0.05174684 -3.16253042 0.84495651
v 0.19021767 -3.32449936 0.82449793
v 0.15567822 -3.14162969 0.8442434
v 0.42284318 -3.26871848 0.81621801
v 0.36548906 -3.08159089 0.84100616
v 0.29627919 -2.90208816 0.85394376
v 0.57629495 -3.0040667 0.82497358
v 0.48739448 -2.81718754 0.84234833
v 0.38032415 -2.63841509 0.84103882
v 0.2070634 -2.73076772 0.85216069
v 0.68974608 -2.72220253 0.81436646
v 0.56916266 -2.53748726 0.81803917
v 0.42986467 -2.37162876 0.79133355
v 0.76873052 -2.42606687 0.7673127
v 0.61786133 -2.25466299 0.74236863
v 0.45438689 -2.11058664 0.69775998
v 0.80758851 -2.13428545 0.65404564
v 0.62982904 -1.98945307 0.59913927
v 0.44635465 -1.86595523 0.55122655
v 0.28362494 -1.99594509 0.64540916
v 0.26055526 -1.77249252 0.51260286
v 0.1108008 -1.90896487 0.60301905
v -0.18701788 -1.9098525 0.60327476
v -0.33461126 -1.7799381 0.50896042
v -0.50376546 -1.86494505 0.5439561
v -0.45316499 -1.62325644 0.37778213
v -0.6402049 -1.72527229 0.41363188
v -0.83246123 -1.85121178 0.46279582
v -0.76396703 -1.57089722 0.27495473
v -0.97482508 -1.70440971 0.32497534
v -1.17481064 -1.8594563 0.38258206
v -1.09564459 -1.54644465 0.18432715
v -1.31363987 -1.71128213 0.2429489
v -1.51131248 -1.90605676 0.28642466
v -1.44142639 -1.55386614 0.10564993
v -1.65763592 -1.75544464 0.16019514
v -1.83492982 -1.99553942 0.16814653
v -1.79229843 -1.60380172 0.03552281
v -1.98962676 -1.84904575 0.06182813
v -2.13861274 -2.12752962 0.02371133
v -2.1233232 -1.72205686 -0.08767361
v -2.2768929 -2.00657153 -0.10220494
v -2.41869449 -2.29186153 -0.13099715
v -2.36483192 -1.92825007 -0.28224125
v -2.51920032 -2.21401 -0.29642379
v -2.66166758 -2.50961303 -0.30870461
v -2.55129671 -2.18198251 -0.49873372
v -2.69089698 -2.47600507 -0.50938206
v -2.7930665 -2.7796812 -0.5296899
v -2.64785671 -2.47665119 -0.71985876
v -2.73784661 -2.7572577 -0.74614834
v -2.79282283 -3.01495337 -0.7881087
v -2.62199735 -2.75781202 -0.95936942
v -2.68223881 -3.0016756 -1.00308847
v -2.73830509 -3.2396841 -1.03338205
v -2.52876782 -3.02816987 -1.21043419
v -2.60177969 -3.27270603 -1.23007643
v -2.68264269 -3.51326942 -1.20914137
v -2.42070984 -3.35359025 -1.39697659
v -2.51356768 -3.59610986 -1.36034846
v -2.63038539 -3.82667493 -1.29007196
v -2.31069302 -3.7149682 -1.47668111
v -2.43509459 -3.93883466 -1.39856672
v -2.57305741 -4.15568733 -1.30340874
v -2.20638632 -4.07964754 -1.45588076
v -2.3579688 -4.27968263 -1.337803
v -2.51282262 -4.48547411 -1.26940202
v -2.13260269 -4.40398836 -1.30656075
v -2.31039142 -4.60242223 -1.22786307
v -2.48205089 -4.81852388 -1.2392174
v -2.12881541 -4.70136976 -1.14064037
v -2.32913756 -4.92385196 -1.14593064
v -2.50864386 -5.13469743 -1.16339981
v -2.39820003 -5.21134376 -1.03717637
v -2.5571711 -5.40066814 -1.01959705
v -2.32000923 -5.2544198 -0.89035731
v -2.47228169 -5.44643974 -0.86976254
v -2.63090586 -5.60442876 -0.83287346
v -2.42163825 -5.45652723 -0.70038402
v -2.58122968 -5.6188488 -0.66917747
v -2.75731921 -5.71637678 -0.64024573
v -2.58481645 -5.57538652 -0.50391775
v -2.75632619 -5.68521452 -0.4924069
v -2.92643976 -5.75126028 -0.50332278
v -2.79208231 -5.61188125 -0.36166593
v -2.95423126 -5.69450187 -0.38990759
v -3.09837818 -5.76247882 -0.42073088
v -3.00619006 -5.61895704 -0.2939656
v -3.14280033 -5.70326423 -0.33646792
v -3.2493453 -5.78887271 -0.35617491
v -3.20796299 -5.63506889 -0.26984599
v -3.31063532 -5.72747516 -0.29665187
v -3.38800096 -5.80163383 -0.31018418
v -3.38993144 -5.65825653 -0.26321509
v -3.46665859 -5.73824501 -0.28173926
v -3.52536749 -5.79879474 -0.29559534
v -3.55070591 -5.67815733 -0.27679026
v -3.60421633 -5.73859453 -0.29273581
v -3.6450665 -5.78798151 -0.31760591
v -3.67420721 -5.68220615 -0.31829956
v -3.70713233 -5.73351383 -0.34079453
v -3.729851 -5.78236532 -0.37511894
v -3.75692272 -5.68783235 -0.38165381
v -3.77597641 -5.73823976 -0.40910226
v -3.74593067 -5.74901771 -0.45115643
v -3.8076663 -5.70639801 -0.45932313
v -3.77698659 -5.72524023 -0.48816371
v -3.73302197 -5.68643569 -0.50312411
v -3.79558181 -5.71509409 -0.53714829
v -3.75158929 -5.67454385 -0.54986345
v -3.71312952 -5.62007856 -0.56227421
v -3.75341701 -5.67530155 -0.6016981
v -3.71924066 -5.62277698 -0.61750388
v -3.68606853 -5.55482721 -0.63772451
v -3.70924401 -5.63828611 -0.67327374
v -3.67478108 -5.57524395 -0.69928938
v -3.64183831 -5.4972186 -0.73243433
v -3.64583015 -5.60948038 -0.75209891
v -3.60782146 -5.53930139 -0.79183745
v -3.56493449 -5.44017458 -0.84527009
v -3.55729913 -5.59045887 -0.83372175
v -3.50227499 -5.4957695 -0.89908474
v -3.44237351 -5.378304 -0.97333341
v -3.42406034 -5.55980491 -0.93349582
v -3.34870195 -5.45013761 -1.00794506
v -3.24821758 -5.31150102 -1.07703101
v -3.24030637 -5.5261445 -1.00400388
v -3.12791752 -5.3956604 -1.05855107
v -2.99213028 -5.22436428 -1.10412251
v -3.01703167 -5.47928571 -0.99879604
v -2.87569618 -5.31267547 -1.04216098
v -2.93390512 -5.55340814 -0.9138416
v -2.78121233 -5.39586496 -0.95396482
v -2.87627029 -5.61918497 -0.81596064
v -2.70961046 -5.47411155 -0.8489874
v -2.84600973 -5.66773557 -0.70691543
v -2.6650083 -5.5288124 -0.72813552
v -2.48850226 -5.32904005 -0.75723516
v -2.65535736 -5.54712724 -0.60155904
v -2.47884941 -5.35035181 -0.62814188
v -2.33098721 -5.12222623 -0.63772267
v -2.32948374 -5.09041595 -0.75840944
v -2.19269013 -4.90277719 -0.57685828
v -2.18428087 -4.86478138 -0.67923831
v -2.08271861 -4.67628955 -0.43795436
v -2.06607055 -4.64019441 -0.52079379
v -2.02876162 -4.42714929 -0.25380694
v -2.15690064 -4.68284463 -0.37433686
v -2.10077786 -4.43035554 -0.22571823
v -2.09877848 -4.138875 -0.09332988
v -2.19218039 -4.42346668 -0.2106
v -2.16864895 -4.1451168 -0.09084572
v -2.16317105 -3.84598088 0.00048106
v -2.25351309 -4.14230203 -0.10373968
v -2.23234939 -3.8523159 -0.01837068
v -2.21923685 -3.55970358 0.02229086
v -2.31220459 -3.85312771 -0.04819218
v -2.29014205 -3.56988096 -0.01402287
v -2.29490613 -3.30081462 -0.00748599
v -2.36598467 -3.57779955 -0.05984765
v -2.36530947 -3.31734943 -0.05512631
v -2.3867793 -3.06922602 -0.05498091
v -2.43866205 -3.32596445 -0.11257782
v -2.44804549 -3.08119177 -0.10710176
v -2.46100473 -2.83159089 -0.10079809
v -2.52204489 -3.08862733 -0.18657483
v -2.52804255 -2.83586549 -0.16790242
v -2.49391365 -2.56902957 -0.15284003
v -2.59447026 -2.83598184 -0.26947397
v -2.55680275 -2.55767321 -0.24726808
v -2.4479444 -2.27279949 -0.22715157
v -2.59067368 -2.55199217 -0.37735188
v -2.48571777 -2.26214981 -0.35746768
v -2.33060932 -1.99625265 -0.34891471
v -2.48298287 -2.2777605 -0.50563293
v -2.3434 -2.0173366 -0.5092538
v -2.18772244 -1.78359544 -0.53359913
v -2.32382917 -2.07020902 -0.66296219
v -2.18425655 -1.8371675 -0.70030069
v -2.01539683 -1.60037338 -0.73923832
v -2.15187478 -1.9007107 -0.83712303
v -1.98594641 -1.66293931 -0.88422918
v -1.75639784 -1.43920826 -0.90192872
v -1.93577098 -1.73717403 -0.99585646
v -1.70558536 -1.52876293 -1.0116533
v -1.43622469 -1.3567295 -0.99187034
v -1.65160143 -1.62643492 -1.09626829
v -1.38708698 -1.47089171 -1.07740676
v -1.11265754 -1.3496598 -1.06276345
v -1.34867739 -1.59275209 -1.13519167
v -1.07922625 -1.49191165 -1.12762224
v -0.80558311 -1.40598857 -1.14737856
v -1.06236147 -1.63198661 -1.16219818
v -0.79463106 -1.57313692 -1.18274772
v -1.05982148 -1.78197073 -1.16872954
v -0.80743032 -1.75234103 -1.18976688
v -1.07287943 -1.92647254 -1.14341557
v -0.8370701 -1.92943131 -1.16350138
v -1.09173643 -2.05347251 -1.0841397
v -0.88127189 -2.09044981 -1.10380816
v -0.69017255 -2.18590855 -1.12554764
v -0.9309349 -2.22981715 -1.00945544
v -0.76148408 -2.34740829 -1.01598036
v -0.60730928 -2.54687714 -1.00785386
v -0.50129282 -2.85086798 -0.96919333
v -0.8334909 -2.46795439 -0.87325376
v -0.70951962 -2.65914011 -0.85570907
v -0.62499404 -2.91417455 -0.82369732
v -0.59528142 -3.20058918 -0.77809345
v -0.46769836 -3.1897304 -0.90676647
v -0.78351116 -2.73362565 -0.69916844
v -0.71305501 -2.95950841 -0.67128139
v -0.6871882 -3.21061039 -0.64052957
v -0.69797271 -3.46632623 -0.61366862
v -0.6103205 -3.47861623 -0.73456686
v -0.78013169 -2.99179506 -0.53331148
v -0.7539621 -3.22091174 -0.51110798
v -0.76421558 -3.46055507 -0.49211478
v -0.79581868 -3.69723081 -0.47196611
v -0.73077869 -3.71699428 -0.58413565
v -0.8044362 -3.23131489 -0.3847537
v -0.81038224 -3.45843505 -0.37181451
v -0.83633375 -3.68586731 -0.35763105
v -0.88013124 -3.90327382 -0.33492678
v -0.84292721 -3.92377567 -0.44210898
v -0.82672119 -3.46508669 -0.24739794
v -0.84152901 -3.68736887 -0.24187596
v -0.8905071 -3.89722442 -0.22727844
v -0.97416728 -4.08219909 -0.21032433
v -0.96064025 -4.09457778 -0.31614831
v -0.8165881 -3.7005527 -0.12672697
v -0.86495327 -3.91309642 -0.12125935
v -0.9541623 -4.09674596 -0.10647353
v -1.06656515 -4.2472701 -0.09134151
v -1.09169352 -4.22136259 -0.19611111
v -0.81249791 -3.94421577 -0.0257086
v -0.89693754 -4.14006376 -0.01903823
v -1.00314533 -4.31186866 -0.01499305
v -1.11946988 -4.45106363 -0.01633957
v -1.18233859 -4.37778329 -0.09257789
v -0.81160116 -4.20798778 0.04193676
v -0.91325461 -4.39860391 0.04151402
v -1.02836954 -4.54598379 0.03930602
v -1.15686893 -4.65992069 0.02838801
v -1.23989307 -4.56181621 -0.02725732
v -0.78688746 -4.50566721 0.08050591
v -0.90747553 -4.66598224 0.08777458
v -1.03966689 -4.78783941 0.08447419
v -0.88121503 -4.95527458 0.14185297
v -1.0131427 -5.05791568 0.11846718
v -1.15564632 -4.89159679 0.06279511
v -1.26979422 -4.75717306 0.00237246
v -1.25327026 -4.97815656 0.02255677
v -1.36202132 -4.84209299 -0.0393139
v -1.44715189 -4.72919511 -0.10320456
v -1.35196054 -4.65420627 -0.06043884
v -1.49796915 -4.66067361 -0.17691637
v -1.41169655 -4.57455539 -0.12606954
v -1.30105257 -4.48205757 -0.10025868
v -1.43385624 -4.52980279 -0.21826587
v -1.32748079 -4.43822622 -0.19917233
v -1.21767449 -4.33160686 -0.18886803
v -1.31292927 -4.4425807 -0.3050833
v -1.19761085 -4.34822845 -0.30075317
v -1.07323575 -4.23973941 -0.30557847
v -1.14520442 -4.40511179 -0.39524108
v -1.02256429 -4.28795385 -0.40371722
v -0.917167 -4.12618064 -0.41667139
v -0.95403653 -4.35063839 -0.49142077
v -0.84835803 -4.17389059 -0.5117675
v -0.77748322 -3.95606851 -0.54561883
v -0.75591176 -4.22867822 -0.60850697
v -0.68588876 -3.99538135 -0.6451627
v -0.64150214 -3.74467182 -0.6887561
v -0.55310422 -4.03943252 -0.7419613
v -0.51285761 -3.77859187 -0.78808134
v -0.48322218 -3.50135111 -0.84586429
v -0.33239579 -3.81062293 -0.86390614
v -0.30954781 -3.52167701 -0.92612487
v -0.29934331 -3.17071056 -1.00326311
v -0.0988341 -3.53194093 -0.96567243
v -0.10805235 -3.136487 -1.05269169
v 0.12244201 -3.5398097 -0.96116471
v 0.1090144 -3.18652105 -1.03886234
v 0.32527244 -3.53543448 -0.91635644
v 0.30117344 -3.2198565 -0.98184853
v 0.31530422 -2.87560606 -1.05533957
v 0.46540281 -3.23885393 -0.88695037
v 0.47958391 -2.94730567 -0.94066011
v 0.54685121 -2.68414306 -0.98627519
v 0.39705261 -2.56484723 -1.11580216
v 0.65644472 -2.48878526 -1.00548148
v 0.5310738 -2.35926294 -1.13183188
v 0.80251455 -2.34268307 -1.00192022
v 0.71461612 -2.21562862 -1.11587667
v 0.98911398 -2.24442148 -0.98688167
v 0.93913579 -2.13226699 -1.08721911
v 0.88789171 -1.99840331 -1.15730297
v 1.17442357 -2.10547328 -1.06121242
v 1.16082584 -2.00047445 -1.12356197
v 1.14890027 -1.87672913 -1.1596502
v 1.40061485 -2.03861856 -1.10084521
v 1.41739094 -1.94478476 -1.14733076
v 1.44048607 -1.84346365 -1.16727483
v 1.14553403 -1.75797951 -1.17029702
v 1.47463095 -1.74185013 -1.16392123
v 1.16486692 -1.62555491 -1.15670883
v 1.52547252 -1.6399976 -1.13648486
v 1.20670163 -1.49769473 -1.11781013
v 1.58616781 -1.54439353 -1.07640183
v 1.26422965 -1.37896597 -1.0521667
v 0.91845035 -1.24442219 -1.06436944
v 1.32406473 -1.27636861 -0.96307259
v 0.96989244 -1.12918341 -0.97266089
v 0.59472602 -1.00407385 -1.01547062
v 1.00956332 -1.04029977 -0.86634713
v 0.62793326 -0.90641635 -0.90403544
v 0.22669546 -0.8264352 -0.9280551
v 0.64628446 -0.85117918 -0.77222526
v 0.24781067 -0.75905382 -0.79203665
v -0.15427722 -0.74864393 -0.7958486
v 0.25959044 -0.75278204 -0.64274793
v -0.13441456 -0.73410511 -0.64410096
v -0.50346022 -0.79406201 -0.63698262
v -0.11110262 -0.78609269 -0.49756741
v -0.47105363 -0.83267974 -0.4925363
v -0.81344318 -0.92036175 -0.48578226
v -0.43255847 -0.92861294 -0.36893913
v -0.76548498 -1.0001173 -0.36339065
v -1.08944654 -1.09639763 -0.35403537
v -0.7112078 -1.12156939 -0.25147116
v -1.01699531 -1.20835232 -0.24422395
v -1.30626952 -1.31862771 -0.21668197
v -0.94124794 -1.35678851 -0.13693237
v -1.20812475 -1.45146787 -0.11085514
v -1.46589946 -1.56327152 -0.06002843
v -1.1401081 -1.60416042 -0.01803528
v -1.40280246 -1.68431031 0.01707807
v -1.66022312 -1.80247974 0.04521426
v -1.37279963 -1.80769276 0.06862428
v -1.62522018 -1.8956412 0.07982742
v -1.86292231 -2.02761173 0.06875205
v -1.6031109 -1.98880147 0.09561785
v -1.82294392 -2.10202813 0.0771146
v -2.01092982 -2.24767661 0.03928754
v -1.79015886 -2.17477202 0.07658689
v -1.96222937 -2.30267334 0.03135429
v -2.0908935 -2.45418071 -0.00553769
v -1.92323434 -2.35128712 -0.00890019
v -2.05277133 -2.47708869 -0.04933248
v -2.13834977 -2.62889719 -0.06486614
v -2.03586077 -2.48452472 -0.11270704
v -2.12448906 -2.63271927 -0.12791238
v -2.16215896 -2.80970048 -0.11573963
v -2.12348222 -2.63339424 -0.197163
v -2.16150903 -2.81209969 -0.18507596
v -2.14908099 -3.01294899 -0.1466041
v -2.15911245 -2.81597161 -0.26048466
v -2.159029 -3.0140028 -0.22214211
v -2.11968612 -3.23678159 -0.17083047
v -2.16971802 -3.01663923 -0.30727827
v -2.14083313 -3.23642134 -0.24999518
v -2.10527896 -3.47836589 -0.20482637
v -2.16400384 -3.24160957 -0.34387582
v -2.13530707 -3.46829128 -0.28848257
v -2.11810374 -3.72133636 -0.26580563
v -2.17215943 -3.4603331 -0.39681577
v -2.15739131 -3.69038581 -0.34409833
v -2.15580606 -3.95857501 -0.38170367
v -2.21723437 -3.46821188 -0.54307591
v -2.18630409 -3.25562572 -0.45990899
v -2.21303033 -3.27712678 -0.60314315
v -2.22880482 -3.28941273 -0.74863314
v -2.2539885 -3.48701453 -0.70681035
v -2.23025488 -3.29020261 -0.88266015
v -2.28744697 -3.49650549 -0.865381
v -2.22017622 -3.26669836 -0.99290639
v -2.30127978 -3.49258279 -0.99823588
v -2.37637805 -3.70884704 -0.95696294
v -2.40180778 -3.92569875 -0.87823253
v -2.30347251 -3.473773 -1.11141359
v -2.40280294 -3.71345257 -1.07984614
v -2.44579744 -3.94130849 -1.00870811
v -2.41167116 -3.70930576 -1.19007527
v -2.46108174 -3.95442819 -1.12716102
v -2.42349672 -3.69292616 -1.28279972
v -2.48747706 -3.95935297 -1.23319459
v -2.4694395 -3.66427469 -1.32189297
v -2.54629039 -3.94229459 -1.2932254
v -2.52301311 -3.6280539 -1.27422022
v -2.60710883 -3.90009498 -1.24867129
v -2.65425539 -4.13509607 -1.18180978
v -2.66642999 -3.85176134 -1.18800067
v -2.72791743 -4.08190536 -1.12832665
v -2.78150963 -4.28826236 -1.08003544
v -2.80372214 -4.02320909 -1.06330347
v -2.86886453 -4.22476196 -1.01816058
v -2.95292067 -4.41828012 -1.01046824
v -2.9561212 -4.15333128 -0.93565142
v -3.04464912 -4.35304689 -0.92136055
v -3.15012216 -4.54313468 -0.92313963
v -3.10747051 -4.30375862 -0.8011704
v -3.21258378 -4.50279283 -0.79632908
v -3.33356952 -4.68992757 -0.79559302
v -3.23462677 -4.48212051 -0.65148085
v -3.34629893 -4.67511367 -0.64348232
v -3.46345377 -4.857481 -0.62934601
v -3.31199073 -4.68019723 -0.4943102
v -3.42662096 -4.86456203 -0.48023292
v -3.51797533 -5.05020189 -0.47721514
v -3.34849953 -4.8939147 -0.35340943
v -3.44693899 -5.07764911 -0.35539022
v -3.50867295 -5.2454319 -0.38565594
v -3.33758425 -5.12417793 -0.27094212
v -3.41691923 -5.28645563 -0.30600562
v -3.46944451 -5.41603326 -0.35540074
v -3.30226397 -5.34148454 -0.26292178
v -3.37858462 -5.46537542 -0.31133738
v -3.43775844 -5.56870651 -0.36122885
v -3.2803657 -5.52711296 -0.29470154
v -3.36130261 -5.62283563 -0.34553316
v -3.43540024 -5.70257473 -0.38872441
v -3.28865337 -5.67840004 -0.35310021
v -3.37296748 -5.74943256 -0.39082747
v -3.44199395 -5.80844545 -0.41298404
v -3.31791019 -5.78898859 -0.4139235
v -3.39054107 -5.845716 -0.43015617
v -3.45535087 -5.89668273 -0.43945264
v -3.35200643 -5.87563037 -0.4642046
v -3.42055225 -5.92496395 -0.46921846
v -3.47613382 -5.97225618 -0.46752867
v -3.39831352 -5.94385242 -0.50911492
v -3.45572948 -5.99289798 -0.50514161
v -3.45038747 -6.0431118 -0.48833358
v -3.44536948 -5.99810409 -0.55181682
v -3.45391321 -6.04716348 -0.54895591
v -3.39081573 -6.04314231 -0.55084741
v -3.46194815 -6.04205226 -0.6052494
v -3.40222644 -6.04280042 -0.61974173
v -3.33647108 -6.00670242 -0.63241046
v -3.43032074 -6.01849174 -0.68102389
v -3.36918878 -5.98843669 -0.69984108
v -3.30765199 -5.94271707 -0.72188985
v -3.41697001 -5.9533391 -0.75465655
v -3.35965561 -5.9114151 -0.78043812
v -3.28852558 -5.84840869 -0.81301784
v -3.42826747 -5.86494779 -0.82097125
v -3.36295032 -5.80483818 -0.85727536
v -3.28382325 -5.7269268 -0.91195368
v -3.45675301 -5.74915742 -0.87101805
v -3.38897013 -5.67129802 -0.92623353
v -3.30418896 -5.57743358 -1.00855445
v -3.49303436 -5.61032772 -0.90177798
v -3.41846084 -5.50418424 -0.98288053
v -3.34300231 -5.37747955 -1.08173561
v -3.52103018 -5.43641758 -0.91957444
v -3.46103239 -5.29867506 -1.01013422
v -3.4020574 -5.13388586 -1.10277605
v -3.5536549 -5.22989416 -0.90328705
v -3.50999116 -5.06033849 -0.97807359
v -3.45244813 -4.86340045 -1.04470217
v -3.58265686 -5.00541639 -0.82184463
v -3.53687787 -4.81086206 -0.86681741
v -3.45914363 -4.59794187 -0.90360212
v -3.58177518 -4.78053712 -0.669667
v -3.51140403 -4.56916666 -0.69955492
v -3.3942666 -4.35780477 -0.73100829
v -3.51818847 -4.55923128 -0.48778763
v -3.39515876 -4.3468132 -0.5273692
v -3.24512672 -4.1457982 -0.5797289
v -3.32724952 -4.36383342 -0.34345439
v -3.18030405 -4.17626476 -0.4033356
v -3.05197668 -3.99185252 -0.43572637
v -3.06248951 -4.24748992 -0.25828737
v -2.94237661 -4.07452344 -0.2875643
v -2.84586 -3.88629531 -0.28827834
v -2.78971123 -4.18837308 -0.1895219
v -2.69762706 -4.01328086 -0.18247063
v -2.62094473 -3.80053854 -0.15619604
v -2.36629295 -3.6715095 -0.02930748
v -2.1619749 -3.80398798 0.0130816
v -2.11157727 -3.46685266 0.08442505
v -1.95497393 -3.8739314 0.06877391
v -1.91053319 -3.55719924 0.15015083
v -1.86171042 -3.27351594 0.21810536
v -1.72887623 -3.64070153 0.26141908
v -1.67564129 -3.36676526 0.33274936
v -1.61427164 -3.10812187 0.39562064
v -1.48222136 -3.45057773 0.44798043
v -1.41877341 -3.19781398 0.50671249
v -1.34477508 -2.95730209 0.56462258
v -1.21414923 -3.27863574 0.60512089
v -1.14204192 -3.04703307 0.6578173
v -1.05727052 -2.82551479 0.70972341
v -0.93265008 -3.12886261 0.73232018
v -0.85322624 -2.91788697 0.77423018
v -0.75583082 -2.71901035 0.80428826
v -0.7205252 -3.2030909 0.78262096
v -0.99943816 -3.35152602 0.68828386
v -0.77716779 -3.41546988 0.75249564
v -0.54488182 -3.47143411 0.79307186
v -0.82329535 -3.63808774 0.73157936
v -0.57758903 -3.68183875 0.78004527
v -0.31730172 -3.71588516 0.79789924
v -0.30186778 -3.51766634 0.81048452
v -0.04241213 -3.72783231 0.78984409
v -0.04371884 -3.53635311 0.80933046
v 0.23496937 -3.70971798 0.77193927
v 0.2179785 -3.51407885 0.79874211
v 0.49859193 -3.6700232 0.74561303
v 0.46741038 -3.46448588 0.78323656
v 0.75003868 -3.62047553 0.70646518
v 0.70783007 -3.40598201 0.7501254
v 0.6504181 -3.20047402 0.79207235
v 0.94264996 -3.33999633 0.69734686
v 0.87518036 -3.12526726 0.74728822
v 0.79179745 -2.91917967 0.78951168
v 1.09750545 -3.04246473 0.67631638
v 1.00848925 -2.82723474 0.72687137
v 0.90024298 -2.61863803 0.76610058
v 1.21953368 -2.72957873 0.6357463
v 1.10799562 -2.51147961 0.67853474
v 0.9692716 -2.30922937 0.68541586
v 1.30768561 -2.40185594 0.56339258
v 1.16435921 -2.18890047 0.57372802
v 0.9902578 -2.0094037 0.53720504
v 1.34527063 -2.07098293 0.43562993
v 1.16251874 -1.88354575 0.40010222
v 0.95727866 -1.72512757 0.34307915
v 0.79837364 -1.86202037 0.47631856
v 0.73653954 -1.58760774 0.29273536
v 0.5986672 -1.7312361 0.4262427
v 0.49764189 -1.47019588 0.25656822
v 0.39143264 -1.6233623 0.38927054
v 0.2456953 -1.38936877 0.2392576
v 0.5878331 -1.31122982 0.12183563
v 0.29723545 -1.22556483 0.10982018
v 0.00216531 -1.19487202 0.10364951
v -0.01808306 -1.36126029 0.23378145
v -0.29367846 -1.21767771 0.10351473
v -0.28214925 -1.38383281 0.2321532
v -0.5849145 -1.29381287 0.11005365
v -0.53401875 -1.46063602 0.24240405
v -0.855048 -1.40738141 0.13733159
v -0.62112987 -1.12641775 -0.01987803
v -0.92387139 -1.23945653 0.00412599
v -1.19869494 -1.38374447 0.04856413
v -0.97933888 -1.07401394 -0.12338918
v -1.28691446 -1.21435511 -0.08627741
v -1.55639898 -1.39348399 -0.02613937
v -1.35499453 -1.07033658 -0.21204158
v -1.65697908 -1.24977684 -0.15904094
v -1.91209363 -1.46995687 -0.11273392
v -1.73526954 -1.14139115 -0.32080784
v -2.00222849 -1.37391674 -0.29320123
v -2.21181225 -1.63981258 -0.28005409
v -2.04481601 -1.32949221 -0.50598371
v -2.25532841 -1.60424721 -0.4998067
v -2.39810419 -1.89848518 -0.49456656
v -2.24570941 -1.61137187 -0.72563809
v -2.38149046 -1.9119606 -0.71537751
v -2.52050042 -2.19227695 -0.71303284
v -2.32087945 -1.95568084 -0.93086761
v -2.43545246 -2.23769164 -0.92310339
v -2.54240274 -2.50370597 -0.93021827
v -2.30278205 -2.2942574 -1.12615513
v -2.38877439 -2.54679918 -1.1439743
v -2.46223998 -2.78778624 -1.17566764
v -2.19225835 -2.59690022 -1.3361088
v -2.26523685 -2.84310317 -1.37463331
v -2.34011197 -3.09768509 -1.39946365
v -2.0422635 -2.91979265 -1.5111562
v -2.12199711 -3.1961503 -1.53255569
v -2.20580959 -3.46643853 -1.51912653
v -1.8819195 -3.30965495 -1.5988084
v -1.9651128 -3.59363293 -1.58259034
v -2.07177162 -3.85283756 -1.53735518
v -1.7091676 -3.71347975 -1.5691024
v -1.81321096 -3.98174214 -1.52359092
v -1.95798945 -4.21399354 -1.43370378
v -1.56349194 -4.06917381 -1.43952488
v -1.71831262 -4.31001567 -1.35414183
v -1.91295087 -4.50964641 -1.22376763
v -1.50991725 -4.36789274 -1.25851047
v -1.35637021 -4.10108566 -1.32539081
v -1.1608175 -4.10814857 -1.22716033
v -1.34228789 -4.37966442 -1.17085683
v -0.96967214 -4.15746736 -1.22653448
v -1.17858028 -4.39680242 -1.1197381
v -0.81787627 -4.25562191 -1.26943397
v -1.04015588 -4.46140337 -1.13526761
v -1.26241016 -4.63366317 -0.99859315
v -0.93572813 -4.56282997 -1.18701851
v -1.16231584 -4.71581268 -1.03104531
v -1.38497853 -4.81669759 -0.87934422
v -1.47886121 -4.74814033 -0.87117838
v -1.56830751 -4.86467647 -0.73339855
v -1.64509511 -4.80410528 -0.73025763
v -1.67505407 -4.84928417 -0.58799624
v -1.74755454 -4.79550695 -0.60278075
v -1.84153974 -4.80598497 -0.61987793
v -1.83119285 -4.73525953 -0.48016446
v -1.92690503 -4.76354885 -0.48824551
v -2.03928041 -4.84078788 -0.48145023
v -1.96309626 -4.88624429 -0.62562257
v -2.18836331 -4.97859001 -0.46154439
v -2.12931513 -5.04293727 -0.60927563
v -2.33987093 -5.15194177 -0.42571723
v -2.28736186 -5.22518825 -0.57480913
v -2.2795856 -5.2610073 -0.73350805
v -2.42483115 -5.41536855 -0.53184962
v -2.4766817 -5.33530044 -0.37734568
v -2.63059949 -5.49632453 -0.35332474
v -2.56825733 -5.22657442 -0.24532645
v -2.71617627 -5.39085626 -0.22142687
v -2.86282968 -5.51942062 -0.245863
v -2.83297705 -5.27307653 -0.12002349
v -2.96743893 -5.41555976 -0.15727649
v -3.08941865 -5.53168678 -0.21795658
v -3.0908823 -5.31151151 -0.10257723
v -3.19740843 -5.44432544 -0.17015761
v -3.29841041 -5.55956983 -0.22862532
v -3.31217742 -5.36691093 -0.1579559
v -3.39727044 -5.48961782 -0.21817971
v -3.48133158 -5.59635019 -0.25570583
v -3.49716854 -5.42850017 -0.24412986
v -3.56967353 -5.54477596 -0.28190976
v -3.62900972 -5.62422704 -0.30212852
v -3.63789629 -5.5044341 -0.33591744
v -3.68715882 -5.58011627 -0.35282424
v -3.72706365 -5.636343 -0.36460572
v -3.72670912 -5.55084466 -0.42184665
v -3.75977063 -5.60566234 -0.43185466
v -3.78971314 -5.65622854 -0.44380217
v -3.77392125 -5.59201192 -0.51018917
v -3.8011136 -5.64112186 -0.51682633
v -3.82004356 -5.6920638 -0.52594685
v -3.79553151 -5.6464324 -0.58892118
v -3.81319999 -5.69790267 -0.5908879
v -3.7905941 -5.71456289 -0.59090608
v -3.79025983 -5.71458053 -0.64929789
v -3.77020168 -5.72675037 -0.64209532
v -3.7410717 -5.68844127 -0.65433496
v -3.73959493 -5.75284767 -0.68407249
v -3.71292042 -5.71395826 -0.69899159
v -3.68194127 -5.66766166 -0.72059726
v -3.67301702 -5.75006103 -0.73208582
v -3.64201283 -5.70745658 -0.75509917
v -3.60251617 -5.65547132 -0.78934371
v -3.58980536 -5.75696373 -0.77355116
v -3.54795956 -5.7092967 -0.80836427
v -3.49327588 -5.64760351 -0.86038291
v -3.48385191 -5.76519107 -0.80685597
v -3.42163085 -5.70801496 -0.8609839
v -3.33509516 -5.62733984 -0.93727165
v -3.35156798 -5.76278257 -0.83175033
v -3.25573682 -5.6921792 -0.90004247
v -3.14331626 -5.60805177 -0.95048338
v -3.19680213 -5.75625801 -0.82809281
v -3.07563161 -5.67415046 -0.87215626
v -3.1602025 -5.7978096 -0.75133937
v -3.03069281 -5.72520542 -0.78672295
v -3.13905119 -5.8207736 -0.67293536
v -3.00620293 -5.76153612 -0.69444137
v -3.13339996 -5.82449865 -0.58938527
v -3.00539374 -5.76989841 -0.5947842
v -2.84305453 -5.68384647 -0.59398114
v -3.02406454 -5.74921941 -0.49809694
v -2.8648839 -5.66400718 -0.48289868
v -2.67651605 -5.53348732 -0.48060572
v -2.90953016 -5.61822223 -0.38639012
v -2.73781251 -5.48003339 -0.37867474
v -2.57692527 -5.29539203 -0.39712268
v -2.5080316 -5.3398981 -0.50384354
v -2.45146036 -5.08755683 -0.42946258
v -2.37062645 -5.12089204 -0.5211212
v -2.34586 -4.87463092 -0.41433793
v -2.25492548 -4.90473175 -0.47810033
v -2.255162 -4.65980052 -0.33731684
v -2.45206165 -4.83027315 -0.35780486
v -2.3627274 -4.62512874 -0.30697092
v -2.29389715 -4.4037013 -0.20561319
v -2.48213791 -4.57766914 -0.27257004
v -2.40567827 -4.37295627 -0.21130457
v -2.34969425 -4.13066911 -0.12369274
v -2.54017114 -4.31517076 -0.21366435
v -2.46348595 -4.10047912 -0.14829416
v -2.4033153 -3.84766984 -0.0825878
v -2.59004879 -4.03475475 -0.18604174
v -2.51863837 -3.81073045 -0.14540331
v -2.45974874 -3.56966042 -0.12590673
v -2.62263774 -3.75484848 -0.23891693
v -2.55554676 -3.5426681 -0.21879127
v -2.52436685 -3.31962609 -0.2025441
v -2.64161515 -3.50847268 -0.34883177
v -2.60180521 -3.30370593 -0.32490107
v -2.59318876 -3.08396434 -0.29666549
v -2.65138149 -3.28621029 -0.48091077
v -2.62963891 -3.07360005 -0.44620984
v -2.62653589 -2.83079552 -0.40700233
v -2.62214398 -3.06623888 -0.61016714
v -2.60848712 -2.82781672 -0.56031608
v -2.57774734 -2.55758762 -0.5246514
v -2.56411981 -2.82764649 -0.7026385
v -2.53115963 -2.5726509 -0.65950012
v -2.45056819 -2.31371879 -0.64573401
v -2.46638107 -2.59105181 -0.77353066
v -2.3953135 -2.35780119 -0.76542675
v -2.28365373 -2.13047576 -0.78748935
v -2.33241891 -2.39475441 -0.85827261
v -2.23167443 -2.18393349 -0.88632923
v -2.10532283 -1.96457803 -0.94416958
v -2.17214775 -2.23126602 -0.96250069
v -2.05124187 -2.0236454 -1.01651179
v -1.8817445 -1.81541347 -1.07540953
v -1.98996388 -2.08453965 -1.06925106
v -1.82558071 -1.89805007 -1.12351548
v -1.60434675 -1.72539019 -1.14752566
v -1.77249455 -1.97393119 -1.13769781
v -1.56500089 -1.82648921 -1.16260135
v -1.32241082 -1.71483922 -1.16280579
v -1.53031277 -1.92339551 -1.15601849
v -1.3070712 -1.83455169 -1.16388189
v -1.50370276 -2.02026701 -1.12054526
v -1.29926228 -1.95599877 -1.13369751
v -1.49024951 -2.11875534 -1.05481529
v -1.29732418 -2.06598448 -1.06961202
v -1.48117339 -2.19552683 -0.96935784
v -1.30212676 -2.15874695 -0.98485052
v -1.11556136 -2.16800832 -0.99750441
v -1.31409645 -2.23740577 -0.88272631
v -1.14541125 -2.26590561 -0.88495081
v -0.98043555 -2.3411467 -0.88360631
v -1.17457246 -2.34095478 -0.75928002
v -1.02561891 -2.42467188 -0.74380356
v -0.89248675 -2.55339241 -0.72433477
v -1.06409239 -2.48405957 -0.6036269
v -0.93630653 -2.6093707 -0.57991218
v -0.84171801 -2.78379368 -0.55675041
v -0.97175955 -2.64795661 -0.44388261
v -0.88163381 -2.81517028 -0.42223286
v -0.82473444 -3.01318359 -0.40148082
v -0.89985036 -2.83109617 -0.29076156
v -0.85237705 -3.02703309 -0.27140247
v -0.82937455 -3.24205064 -0.25626969
v -0.84054428 -3.03323197 -0.1384941
v -0.81557929 -3.2517693 -0.12810149
v -0.804515 -3.4780817 -0.12540073
v -0.76121121 -3.2603414 -0.00867128
v -0.75221145 -3.49379777 -0.01452095
v -0.76211118 -3.72391271 -0.02347579
v -0.6631813 -3.51302433 0.08050344
v -0.67775583 -3.75750851 0.06293389
v -0.72939425 -3.99187016 0.04918057
v -0.56484276 -3.79729986 0.12520901
v -0.61399483 -4.05136013 0.09885856
v -0.69032388 -4.29256391 0.08415615
v -0.46294143 -4.11413192 0.12190153
v -0.4219352 -3.83830332 0.15374966
v -0.24998933 -3.87605309 0.14596812
v -0.28099942 -4.17433643 0.11612582
v -0.05702491 -3.90044331 0.12866462
v -0.07150494 -4.2098236 0.09476597
v 0.14302435 -3.90504455 0.11659802
v 0.14272867 -4.21360969 0.07700937
v 0.14036075 -4.53506612 0.06854729
v 0.20562805 -4.81735706 0.08180444
v 0.34680652 -4.17822313 0.06580332
v 0.38169515 -4.45499754 0.04478424
v 0.45350065 -4.69140672 0.0481559
v 0.57133799 -4.8834691 0.05139634
v 0.34723284 -5.06447982 0.08563672
v 0.57648581 -4.35554504 0.03097953
v 0.65452408 -4.55632162 0.02503855
v 0.75980335 -4.72332143 0.02603274
v 0.89104926 -4.86582374 0.02771963
v 0.71851408 -5.0455079 0.05086183
v 0.7969743 -4.44902324 0.00632185
v 0.90449941 -4.59718895 0.003413
v 1.03235864 -4.72247695 0.00074816
v 1.16297733 -4.82363843 -0.00683199
v 1.0230869 -4.97787427 0.02721224
v 1.02267432 -4.49144363 -0.02388051
v 1.14344394 -4.60855102 -0.03313183
v 1.26787781 -4.70932531 -0.04956297
v 1.39039194 -4.79322385 -0.08009462
v 1.27839493 -4.91624307 -0.02480701
v 1.23455584 -4.51199579 -0.07006166
v 1.35762214 -4.61036968 -0.08962763
v 1.47631907 -4.69461774 -0.1279013
v 1.4248842 -4.53145933 -0.13908296
v 1.53720068 -4.62292814 -0.17641264
v 1.46731853 -4.47409963 -0.19915825
v 1.5760107 -4.57503461 -0.22770218
v 1.65126907 -4.67642688 -0.2676332
v 1.66375827 -4.80054855 -0.3139683
v 1.56706678 -4.57101917 -0.29343405
v 1.64280748 -4.66436815 -0.32014754
v 1.67682385 -4.78689479 -0.35780119
v 1.59804499 -4.95397996 -0.40190318
v 1.59476745 -4.9635868 -0.33347043
v 1.50902962 -5.09785223 -0.40881288
v 1.50834965 -5.10828208 -0.31811091
v 1.4852637 -5.0947771 -0.22272808
v 1.41315507 -5.25597953 -0.31199589
v 1.38523376 -5.24269676 -0.20196548
v 1.33204555 -5.20693635 -0.10212992
v 1.44412362 -5.05612564 -0.13924054
v 1.25008738 -5.14871835 -0.02507592
v 1.37578666 -4.99546194 -0.06797136
v 1.1423788 -5.07344245 0.01690495
v 1.11976373 -5.33793067 -0.00687613
v 0.99109131 -5.2681632 0.03606957
v 0.86378371 -5.17710685 0.04765929
v 1.00649368 -5.55060863 -0.02622238
v 1.13161242 -5.58415794 -0.10142954
v 1.07518935 -5.81035709 -0.13474154
v 0.93138587 -5.80018663 -0.07107967
v 1.22372984 -5.38637304 -0.09020674
v 1.29323363 -5.41190576 -0.20047731
v 1.21937775 -5.6007061 -0.21485847
v 1.27100551 -5.60167598 -0.34012505
v 1.23738777 -5.80753898 -0.36583519
v 1.18092095 -5.811769 -0.2383006
v 1.33000791 -5.41861677 -0.31838032
v 1.34436142 -5.40917539 -0.43745219
v 1.28909468 -5.59021997 -0.46636417
v 1.41837918 -5.24753713 -0.41919073
v 1.40085566 -5.21881771 -0.51579546
v 1.32890033 -5.38288688 -0.54938799
v 1.48864865 -5.06600189 -0.48813808
v 1.44062984 -5.01572322 -0.54485023
v 1.35466694 -5.17079067 -0.59347993
v 1.27966857 -5.10863828 -0.64812797
v 1.20337712 -5.27862978 -0.71998465
v 1.28370821 -5.33919477 -0.64553064
v 1.37425041 -4.95763921 -0.57781052
v 1.28773951 -4.88889265 -0.58813887
v 1.17755806 -5.03977012 -0.67826658
v 1.39035177 -4.75647831 -0.50674921
v 1.28081977 -4.6879487 -0.50517231
v 1.17797362 -4.81317377 -0.59164744
v 1.46980273 -4.65978717 -0.42661488
v 1.35007274 -4.59795665 -0.43231666
v 1.52307462 -4.60412025 -0.35962554
v 1.40880012 -4.52848339 -0.35787102
v 1.27960956 -4.4525423 -0.3658204
v 1.21686804 -4.52727174 -0.4438444
v 1.13808572 -4.61795902 -0.51873511
v 1.08031237 -4.44207525 -0.45998665
v 0.99797707 -4.52440929 -0.54026567
v 1.03519439 -4.73524665 -0.60804235
v 0.9156652 -4.88537693 -0.72085714
v 1.06143343 -4.96869134 -0.69189125
v 0.81146031 -5.06903266 -0.84873354
v 0.96818059 -5.14470148 -0.80802553
v 1.09641981 -5.2127037 -0.77082812
v 0.90510708 -5.34942483 -0.91988456
v 1.0422368 -5.41065836 -0.86411327
v 1.15061175 -5.47049665 -0.79599928
v 1.01477062 -5.64454937 -0.95198243
v 1.12430715 -5.69788789 -0.86337769
v 1.19587719 -5.74272871 -0.75172448
v 1.2291888 -5.52577495 -0.70121389
v 1.23696005 -5.77460718 -0.62780261
v 1.27412474 -5.56555795 -0.59014642
v 1.25278711 -5.79561615 -0.49803704
v 1.23049426 -6.01288986 -0.65882057
v 1.24707293 -6.02878809 -0.52353245
v 1.23640346 -6.03866386 -0.38715153
v 1.27524304 -6.27375602 -0.54007607
v 1.26780486 -6.28258276 -0.39864274
v 1.20968556 -6.2978363 -0.27352911
v 1.18022072 -6.04786348 -0.26006251
v 1.09440553 -6.32231569 -0.1905923
v 1.0669291 -6.06167507 -0.171278
v 0.94437557 -6.3531084 -0.15401582
v 0.91682541 -6.07596159 -0.12258625
v 0.7770496 -6.38231277 -0.15023474
v 0.99915975 -6.62891817 -0.16611002
v 0.81810802 -6.66565179 -0.16618083
v 0.59267675 -6.69716119 -0.17154264
v 0.57036113 -6.40986824 -0.14853918
v 0.31972205 -6.7226262 -0.16946058
v 0.30435174 -6.44562292 -0.14418831
v 0.0277648 -6.74639368 -0.16176554
v 0.01230736 -6.48171949 -0.13549463
v -0.023117 -6.21923732 -0.0703331
v -0.27490311 -6.50605869 -0.12638141
v -0.29872104 -6.2501626 -0.067736
v -0.33938202 -6.00084829 0.00851111
v -0.08760241 -5.96765136 0.01291107
v -0.4230673 -5.72445678 0.10055022
v -0.20212858 -5.67687273 0.10830416
v -0.55184602 -5.43258285 0.1669496
v -0.61938494 -5.76193666 0.06985101
v -0.72506487 -5.49605178 0.13092516
v -0.86619001 -5.25438451 0.14849247
v -0.71287047 -5.16545963 0.17534783
v -0.88007742 -5.54539156 0.07196509
v -1.00158226 -5.3288865 0.09486191
v -1.12855422 -5.14118576 0.07246276
v -1.10821378 -5.3785634 0.00003832
v -1.21703887 -5.20459985 -0.00571554
v -1.33058559 -5.04557275 -0.04468315
v -1.28585457 -5.24562835 -0.10177706
v -1.38669109 -5.09549903 -0.12757533
v -1.34207677 -5.26552963 -0.2217732
v -1.42588412 -5.12162303 -0.2290018
v -1.37017905 -5.2570815 -0.34844902
v -1.44691276 -5.12051725 -0.33949929
v -1.52626133 -4.98499441 -0.33215084
v -1.43468761 -5.0885148 -0.44543117
v -1.5106908 -4.96377944 -0.42118722
v -1.59257137 -4.84221887 -0.31253275
v -1.57934761 -4.71994543 -0.27949008
v -1.52241659 -4.62079763 -0.25036698
v -1.41936039 -4.53084039 -0.31628108
v -1.37557411 -4.57870101 -0.4010815
v -1.26492548 -4.49515438 -0.39481604
v -1.31845605 -4.6529994 -0.47129529
v -1.20264041 -4.57204723 -0.4701904
v -1.07671284 -4.47828149 -0.47665834
v -1.12200796 -4.66418218 -0.54540497
v -0.98971456 -4.56710195 -0.5579248
v -0.86355197 -4.42634105 -0.58068168
v -1.03610181 -4.7796278 -0.62494462
v -1.17419099 -4.86468458 -0.61088824
v -1.09718585 -5.00291013 -0.69090795
v -0.95167332 -4.91883373 -0.71747195
v -1.25131821 -4.74718999 -0.53840059
v -1.36385166 -4.83018207 -0.52857375
v -1.28965604 -4.94640207 -0.587282
v -1.37887883 -5.02597045 -0.53099262
v -1.31759333 -5.16229772 -0.57711184
v -1.22481274 -5.08330726 -0.64966344
v -1.45498347 -4.90894365 -0.49343884
v -1.26093769 -5.31574392 -0.62111032
v -1.17155873 -5.24245977 -0.71602267
v -1.04169797 -5.16612911 -0.77774459
v -1.13715016 -5.43039989 -0.78104573
v -1.01193106 -5.3636589 -0.8637585
v -0.85519814 -5.3025155 -0.92491442
v -0.88757431 -5.09059619 -0.82458394
v -0.6646468 -5.24257707 -0.97339725
v -0.84385597 -5.54584407 -1.01253306
v -0.65138661 -5.50491285 -1.06275451
v -0.44010633 -5.477674 -1.10009658
v -0.45384821 -5.18995618 -1.01577973
v -0.20820891 -5.4632821 -1.12652957
v -0.21035249 -5.15728473 -1.04801344
v 0.03762765 -5.46539831 -1.13747429
v 0.06232776 -5.15420484 -1.06290805
v 0.27814772 -5.48363161 -1.12762486
v 0.3193635 -5.18367338 -1.04492819
v 0.5021426 -5.51496791 -1.10210454
v 0.54242175 -5.23448801 -1.00658345
v 0.70261323 -5.55405759 -1.06576395
v 0.74014461 -5.29242086 -0.96683597
v 0.87489181 -5.59552288 -1.01557862
v 0.69005841 -5.83066129 -1.16377723
v 0.86940878 -5.86550331 -1.10659015
v 1.01303648 -5.90679454 -1.02587211
v 0.87452983 -6.13882875 -1.20075464
v 1.02343595 -6.17568063 -1.09797167
v 1.13135898 -6.21282768 -0.96715462
v 1.11816752 -5.95043993 -0.91766762
v 1.20669305 -6.24273777 -0.82568055
v 1.18874788 -5.98743152 -0.79184031
v 1.2546246 -6.26222848 -0.68123143
v 1.25485837 -6.49801921 -0.8590303
v 1.31009197 -6.51576709 -0.70200038
v 1.33980524 -6.52471542 -0.548918
v 1.39925026 -6.76704549 -0.72409856
v 1.43346166 -6.77862596 -0.55581265
v 1.42705428 -6.79425001 -0.39962574
v 1.33278644 -6.53429365 -0.40262562
v 1.36075043 -6.82201862 -0.26735052
v 1.27111554 -6.55529308 -0.2768301
v 1.23697269 -6.85983037 -0.18970075
v 1.1520468 -6.58937215 -0.19525624
v 1.07009935 -6.90084219 -0.15733864
v 1.32730364 -7.13866043 -0.17646783
v 1.13298857 -7.16565799 -0.13878956
v 0.89908188 -7.18582201 -0.1347434
v 0.86378479 -6.93418026 -0.15887154
v 0.63070583 -7.20688152 -0.13559858
v 0.61839479 -6.96322202 -0.16550277
v 0.33590042 -7.22523355 -0.12590332
v 0.33263152 -6.98481369 -0.16391325
v 0.03950314 -7.23563242 -0.10665414
v 0.03607991 -7.00136375 -0.15461403
v -0.25538575 -7.23651075 -0.08748577
v -0.25932899 -7.0097146 -0.141568
v -0.26407837 -6.76341199 -0.1514265
v -0.54543769 -7.01054668 -0.13351863
v -0.53729289 -6.76760149 -0.14460659
v -0.53225982 -6.51465892 -0.12755909
v -0.77587443 -6.75908565 -0.14662289
v -0.74922961 -6.51106643 -0.14071236
v -0.74309545 -6.26445102 -0.10787717
v -0.53965371 -6.26493406 -0.07889927
v -0.75980573 -6.02136659 -0.04923937
v -0.56532514 -6.01895999 -0.00930908
v -0.79669165 -5.778656 0.01396217
v -0.92012053 -6.0137763 -0.11574292
v -0.94970947 -5.78298044 -0.06927637
v -1.01315367 -5.57198238 -0.02276353
v -1.07322502 -5.78293848 -0.16978152
v -1.11909353 -5.58525991 -0.13490627
v -1.1922928 -5.40997219 -0.10653162
v -1.20197701 -5.58601427 -0.26192295
v -1.26163554 -5.41795015 -0.23419997
v -1.25994241 -5.57285738 -0.39868062
v -1.30152535 -5.40496015 -0.36794668
v -1.26673424 -5.54176521 -0.53925472
v -1.3062371 -5.37312078 -0.50195801
v -1.36132741 -5.22103881 -0.46960192
v -1.22433769 -5.49261808 -0.67218762
v -1.24131906 -5.73277139 -0.58068364
v -1.20118975 -5.69463586 -0.72177726
v -1.11963903 -5.64688634 -0.84343481
v -1.19140565 -5.92245721 -0.76558637
v -1.1166054 -5.88953065 -0.90102481
v -1.00058567 -5.84968185 -1.01288545
v -1.00083112 -5.59431695 -0.94109213
v -0.84534061 -5.81284761 -1.09628224
v -1.01760542 -6.11485338 -1.07825672
v -0.86017298 -6.08814621 -1.17970907
v -0.66760987 -6.06965923 -1.24831688
v -0.65684032 -5.78692722 -1.15329778
v -0.45037099 -6.06329155 -1.28705918
v -0.44424724 -5.77061319 -1.19209492
v -0.22032943 -6.06520843 -1.30725252
v -0.21463353 -5.76560354 -1.21351945
v 0.01444535 -6.07216978 -1.31628859
v 0.02342305 -5.770473 -1.22203838
v 0.24780578 -6.08171367 -1.31666398
v 0.25901994 -5.78328609 -1.21899807
v 0.4746575 -6.09387731 -1.30313479
v 0.48473781 -5.80384635 -1.20003497
v 0.68780583 -6.11133241 -1.26668536
v 0.47704738 -6.3840909 -1.41023862
v 0.69752115 -6.39294719 -1.37330496
v 0.89468038 -6.41275024 -1.29493165
v 0.71993023 -6.67254447 -1.47888159
v 0.9287703 -6.684237 -1.39080238
v 1.09956812 -6.70361137 -1.25004458
v 1.05087411 -6.44279575 -1.17037916
v 1.23210525 -6.72569894 -1.07941913
v 1.16940903 -6.47255325 -1.01937413
v 1.33135676 -6.7491126 -0.89977848
v 1.31363296 -6.96639967 -1.15332734
v 1.42762255 -6.99027109 -0.95457106
v 1.50723469 -7.01498317 -0.75722944
v 1.52109193 -7.22332668 -1.02801477
v 1.61043608 -7.25797414 -0.81655961
v 1.65010798 -7.30080032 -0.61563354
v 1.54896259 -7.03822898 -0.57315558
v 1.6236397 -7.35004949 -0.43304979
v 1.53868317 -7.06617307 -0.40445891
v 1.53097307 -7.39499425 -0.27730801
v 1.46323657 -7.10369682 -0.26508873
v 1.37456584 -7.41671943 -0.16262616
v 1.573354 -7.65544509 -0.28626325
v 1.38843941 -7.67014408 -0.1302658
v 1.16031467 -7.64330816 -0.04227136
v 1.16227519 -7.40926981 -0.09829945
v 0.89381873 -7.60119104 0.0008278
v 0.9067654 -7.40465259 -0.07938204
v 0.60598659 -7.60321569 0.02481844
v 0.62385368 -7.41626024 -0.0686853
v 0.32736483 -7.61050891 0.04721537
v 0.33079254 -7.42840242 -0.04741707
v 0.04456007 -7.60873174 0.06688274
v 0.04226515 -7.43270397 -0.0230603
v -0.24188238 -7.6066761 0.081419
v -0.24907773 -7.43224 -0.00572583
v -0.52850252 -7.6098895 0.08585099
v -0.54045718 -7.43033981 -0.00169205
v -0.54711353 -7.23353481 -0.08221739
v -0.82694941 -7.43018817 -0.01409002
v -0.82644701 -7.22656536 -0.09220764
v -0.80584186 -6.99939155 -0.13138249
v -1.08547008 -7.22035884 -0.11477219
v -1.03764748 -6.98029756 -0.15080688
v -0.9778434 -6.73729515 -0.16785681
v -1.23007071 -6.94626283 -0.20384903
v -1.14736926 -6.70091533 -0.2291729
v -1.08794605 -6.46224069 -0.23884375
v -0.93197184 -6.49322366 -0.17306296
v -1.05940425 -6.2289772 -0.2286902
v -0.91411477 -6.25226497 -0.15338799
v -1.05258619 -5.99979066 -0.20430532
v -1.16879546 -6.2056818 -0.33921653
v -1.15990948 -5.98358345 -0.31999263
v -1.17111265 -5.77491331 -0.29294577
v -1.21704018 -5.96771764 -0.46482655
v -1.23112309 -5.75892448 -0.43347045
v -1.22567391 -5.94831609 -0.61711329
v -1.22886276 -6.18897295 -0.48335436
v -1.23535573 -6.17724895 -0.64047032
v -1.20014536 -6.16429328 -0.79525524
v -1.27808105 -6.41006279 -0.65054374
v -1.23862159 -6.40580272 -0.81477069
v -1.1648457 -6.39516735 -0.97693073
v -1.12954473 -6.1430273 -0.94339281
v -1.05018246 -6.37757825 -1.13329064
v -1.2283746 -6.63892746 -1.0092355
v -1.1043303 -6.63181209 -1.18703377
v -0.93088322 -6.62745904 -1.33760166
v -0.88876509 -6.35970735 -1.26283514
v -0.713247 -6.62939357 -1.43963551
v -0.68653792 -6.35127258 -1.34475898
v -0.47835591 -6.64044046 -1.48815572
v -0.46105226 -6.35337972 -1.38699913
v -0.23922629 -6.65298843 -1.51151728
v -0.2276418 -6.36174917 -1.40668952
v 0.00397663 -6.66185617 -1.52444934
v 0.00902626 -6.3702631 -1.41774368
v 0.24917139 -6.66735601 -1.52764725
v 0.24540135 -6.37793207 -1.41992902
v 0.4901506 -6.66954135 -1.51757323
v 0.25520506 -6.94405365 -1.64159596
v 0.51120996 -6.94392442 -1.63122403
v 0.75391447 -6.94232225 -1.58585131
v 0.53187221 -7.19564819 -1.74939441
v 0.79681801 -7.1996541 -1.70281934
v 1.02738785 -7.2006216 -1.59689545
v 0.97450149 -6.94595336 -1.48918914
v 1.227656 -7.19679212 -1.44161248
v 1.16496419 -6.95259332 -1.34052074
v 1.39491522 -7.20135831 -1.24252867
v 1.46747219 -7.43634796 -1.34105122
v 1.60480952 -7.45671796 -1.11940467
v 1.54436385 -7.67963266 -1.44239091
v 1.68420827 -7.6981554 -1.21679306
v 1.77025413 -7.73961925 -0.98515057
v 1.6954019 -7.49829864 -0.89966237
v 1.78649771 -7.78983402 -0.75124603
v 1.72381007 -7.55173111 -0.68311023
v 1.7346704 -7.83509445 -0.52321738
v 1.68472051 -7.60638093 -0.47707903
v 1.61203444 -7.87322807 -0.30720007
v 1.79026711 -8.06447219 -0.56565398
v 1.66652512 -8.09180355 -0.34879538
v 1.73988795 -8.33844757 -0.38115918
v 1.85611283 -8.30972576 -0.59381359
v 1.93102753 -8.57561302 -0.59797579
v 1.82085275 -8.60443687 -0.38969528
v 1.84412539 -8.03020858 -0.80481427
v 1.90998613 -8.281744 -0.83459359
v 1.9856199 -8.55658626 -0.83639138
v 2.06110596 -8.84374237 -0.82075333
v 2.00679993 -8.85818576 -0.58547759
v 1.90272212 -8.26054191 -1.08537995
v 1.98449611 -8.55251884 -1.08290767
v 2.06159043 -8.84969043 -1.0640074
v 2.12551069 -9.14095592 -1.05196476
v 2.13545751 -9.13535594 -0.80858856
v 1.92504859 -8.56787967 -1.31659698
v 1.99260938 -8.8755474 -1.29628932
v 2.04956531 -9.16278648 -1.28973293
v 2.12155699 -9.44052791 -1.29937887
v 2.20213794 -9.42655849 -1.05649375
v 1.86653685 -8.91255474 -1.50250136
v 1.91699731 -9.1939764 -1.50475466
v 1.9831562 -9.46527385 -1.52057826
v 2.07280683 -9.74005127 -1.54657197
v 2.21644663 -9.72052955 -1.31984484
v 1.74106156 -9.22889995 -1.68985068
v 1.80038583 -9.4943037 -1.71092641
v 1.88121509 -9.76457595 -1.73943877
v 1.95806396 -10.04797172 -1.76613688
v 2.16914153 -10.03161335 -1.57498526
v 1.57965874 -9.5266838 -1.86490416
v 1.64703095 -9.79276752 -1.88898515
v 1.70626688 -10.061203 -1.91435873
v 1.75260472 -10.32489013 -1.96715664
v 2.02390861 -10.32938671 -1.81373941
v 1.38097477 -9.81984615 -1.98181939
v 1.4216268 -10.07469749 -2.0084362
v 1.4484514 -10.32219505 -2.05709004
v 1.45790958 -10.56750202 -2.11510205
v 1.77510464 -10.58803463 -2.02635288
v 1.12141275 -10.08276271 -2.02365875
v 1.12878775 -10.320405 -2.07196116
v 1.12786281 -10.55505847 -2.12712144
v 1.11726212 -10.79798221 -2.15980482
v 1.44746398 -10.82127952 -2.15400672
v 0.830186 -10.32361125 -1.98937511
v 0.81162142 -10.55533123 -2.04160594
v 0.80255633 -10.79389667 -2.06675624
v 0.79198014 -11.03546428 -2.07434606
v 1.09429585 -11.04672145 -2.17210173
v 0.5640015 -10.56351947 -1.85073292
v 0.55187672 -10.80061817 -1.87062382
v 0.54784959 -11.03469657 -1.86996543
v 0.55046743 -11.26159858 -1.8463515
v 0.77714377 -11.28253078 -2.05688738
v 0.37344461 -10.79447555 -1.61034631
v 0.36707967 -11.01996612 -1.60016059
v 0.37012124 -11.23237609 -1.57504832
v 0.36560997 -11.43614292 -1.53908574
v 0.54154002 -11.48356342 -1.80010187
v 0.24251277 -10.99591636 -1.29846608
v 0.23732189 -11.20461082 -1.27125442
v 0.23212443 -11.40438461 -1.24322652
v 0.22023415 -11.6057415 -1.22042501
v 0.34394699 -11.63958931 -1.50088334
v 0.16772347 -11.17924308 -0.95393377
v 0.16002689 -11.38832092 -0.92963451
v 0.15395593 -11.59805107 -0.9200831
v 0.14693032 -11.8126316 -0.93145114
v 0.20671956 -11.81146812 -1.20459389
v 0.16157202 -11.37858963 -0.62664884
v 0.15442827 -11.60911083 -0.63191402
v 0.14347574 -11.84514808 -0.66788882
v 0.12289615 -12.07671546 -0.73568099
v 0.1276431 -12.03369903 -0.9637435
v 0.21347972 -11.62862491 -0.3800947
v 0.19502463 -11.89027118 -0.44177994
v 0.17637375 -12.14005947 -0.53947907
v 0.18036411 -12.35609817 -0.64810019
v 0.12510421 -12.29324531 -0.81482422
v 0.29615783 -11.93759059 -0.26450935
v 0.27704712 -12.19947338 -0.38744077
v 0.27856367 -12.41696071 -0.51054787
v 0.29452863 -12.5965805 -0.60863947
v 0.19939622 -12.54458427 -0.72935855
v 0.39347231 -12.25299072 -0.27303797
v 0.38745877 -12.47000122 -0.40940147
v 0.39864191 -12.64371585 -0.52204483
v 0.40700963 -12.79895019 -0.59941273
v 0.31296977 -12.75555896 -0.67906862
v 0.50677245 -12.51115131 -0.34717097
v 0.50440388 -12.68111228 -0.46936178
v 0.50404173 -12.834589 -0.55288404
v 0.50986963 -12.95596122 -0.60638195
v 0.41462007 -12.93257904 -0.64685028
v 0.60861146 -12.70466423 -0.45351716
v 0.5987302 -12.85419368 -0.53907239
v 0.59957552 -12.96822834 -0.59544426
v 0.60557943 -13.04601097 -0.63019561
v 0.52135735 -13.03686809 -0.64183121
v 0.68622458 -12.86134433 -0.55480456
v 0.68324977 -12.97016811 -0.60784477
v 0.68468266 -13.04758834 -0.64495164
v 0.68505537 -13.11044693 -0.67166668
v 0.61181569 -13.10912704 -0.66051673
v 0.75296276 -12.96122741 -0.65046757
v 0.75298726 -13.04140377 -0.68444299
v 0.74837505 -13.10875034 -0.70648378
v 0.74094516 -13.16212654 -0.71744573
v 0.68254071 -13.15868854 -0.68979173
v 0.80286938 -13.03784179 -0.74555891
v 0.79725474 -13.11083507 -0.76214462
v 0.78896147 -13.16913604 -0.76957756
v 0.77783399 -13.22305488 -0.77123218
v 0.73173588 -13.20959663 -0.7245171
v 0.8425678 -13.11871147 -0.83663171
v 0.83254957 -13.18103885 -0.84019088
v 0.82099866 -13.24053192 -0.83866328
v 0.81301653 -13.29418182 -0.82939696
v 0.7740243 -13.26951503 -0.75876021
v 0.87315189 -13.19802188 -0.93103396
v 0.8617267 -13.26130962 -0.92704474
v 0.85636436 -13.32060909 -0.92007792
v 0.90836459 -13.32773017 -0.90358752
v 0.85820895 -13.29707813 -0.80337739
v 0.88889813 -13.27953529 -1.03300786
v 0.88666743 -13.33802604 -1.03046011
v 0.9409374 -13.34698009 -1.02789974
v 0.99124503 -13.29945278 -1.03085541
v 0.95604187 -13.28056621 -0.90017229
v 0.89157801 -13.34584045 -1.14827036
v 0.94232517 -13.35469913 -1.1572268
v 0.98830163 -13.30787563 -1.17074716
v 1.01768088 -13.25199127 -1.1816678
v 1.01946795 -13.24122524 -1.03878283
v 0.91003984 -13.35236835 -1.27808392
v 0.95035189 -13.30727386 -1.29802095
v 0.9772883 -13.25159549 -1.31132674
v 0.999605 -13.1869049 -1.32295715
v 1.04048371 -13.18795967 -1.19232964
v 0.88587635 -13.29817771 -1.40336012
v 0.91025215 -13.24232387 -1.41856646
v 0.92782968 -13.17578983 -1.42915165
v 0.94466692 -13.09556293 -1.44009447
v 1.01916086 -13.10971736 -1.33402907
v 0.82148832 -13.22626495 -1.49791061
v 0.83695071 -13.16151142 -1.50938057
v 0.84982699 -13.07816696 -1.52040171
v 0.86298555 -12.98158836 -1.53571438
v 0.96282225 -13.00272274 -1.45441126
v 0.73143076 -13.14470386 -1.5640912
v 0.7412129 -13.06189823 -1.57698273
v 0.75082135 -12.95802402 -1.59333622
v 0.77024734 -12.8399868 -1.6196866
v 0.88489133 -12.87241077 -1.55799245
v 0.61965811 -13.04378891 -1.60361588
v 0.6274693 -12.93012714 -1.6235311
v 0.64294618 -12.80491828 -1.65309166
v 0.6717711 -12.66073799 -1.69971394
v 0.80809289 -12.70354557 -1.66599929
v 0.4982756 -12.89843463 -1.6153475
v 0.50801849 -12.76611042 -1.64393556
v 0.53096175 -12.6064291 -1.67285895
v 0.56516391 -12.4210205 -1.73447489
v 0.72450876 -12.47759819 -1.7634921
v 0.37629085 -12.72167587 -1.57729864
v 0.39595946 -12.55180549 -1.59466123
v 0.40287584 -12.36758136 -1.66263139
v 0.42199975 -12.16501998 -1.75993621
v 0.61046987 -12.22163105 -1.85150063
v 0.26847723 -12.50269222 -1.48320877
v 0.25030136 -12.31236934 -1.54472971
v 0.25502502 -12.10479354 -1.61058473
v 0.29252132 -11.87525558 -1.67574679
v 0.47359922 -11.93946552 -1.8493123
v 0.1286042 -12.26286411 -1.3684293
v 0.13849847 -12.04413414 -1.40059912
v 0.16305464 -11.8158226 -1.4365884
v 0.18106 -11.59894752 -1.46678471
v 0.32813209 -11.64882564 -1.73723065
v 0.07796683 -12.00545024 -1.14916622
v 0.08895982 -11.77850627 -1.1428585
v 0.09582862 -11.56875705 -1.14578282
v 0.10218364 -11.36867141 -1.15627801
v 0.1943514 -11.38700676 -1.49622845
v 0.0593684 -11.7892971 -0.83875334
v 0.06107991 -11.57419586 -0.80508482
v 0.06503269 -11.367033 -0.79359471
v 0.06977038 -11.16351032 -0.80177629
v 0.10719908 -11.16722583 -1.16917049
v 0.06517358 -11.61445426 -0.48647743
v 0.06939991 -11.37545204 -0.45075652
v 0.0832905 -11.14660167 -0.44772407
v 0.09818778 -10.92735862 -0.4674136
v 0.07514193 -10.95249652 -0.81980299
v 0.14148736 -11.39184188 -0.15202646
v 0.17261882 -11.13677024 -0.13102169
v 0.21296763 -10.90099716 -0.13881248
v 0.24336472 -10.68927192 -0.15581509
v 0.11322052 -10.71046924 -0.48984718
v 0.36351895 -11.17486763 0.11929804
v 0.42435973 -10.93410968 0.13469472
v 0.47196495 -10.70886135 0.12975056
v 0.50195831 -10.49081611 0.1072959
v 0.27222469 -10.48025131 -0.17595851
v 0.69381964 -11.01747894 0.32596588
v 0.75360208 -10.77279377 0.33386567
v 0.79013401 -10.52972507 0.3118751
v 0.80381661 -10.28755855 0.27515059
v 0.5196495 -10.26704216 0.07604352
v 1.06934618 -10.85699176 0.44262629
v 1.10968756 -10.59212398 0.42615523
v 1.12421143 -10.32977771 0.39066767
v 1.12155437 -10.07513618 0.34348064
v 0.80777996 -10.0450077 0.22724427
v 1.44498872 -10.66923141 0.43801209
v 1.46069252 -10.39052104 0.41039693
v 1.45483517 -10.12149143 0.36971706
v 1.43834531 -9.85861778 0.32386067
v 1.11660373 -9.82738399 0.28990015
v 1.78991341 -10.45364284 0.33668679
v 1.77971768 -10.16886901 0.30492743
v 1.75584995 -9.89119911 0.27010911
v 1.71513712 -9.60460948 0.24601985
v 1.41453611 -9.59858703 0.29410406
v 2.07110285 -10.19267082 0.15239451
v 2.03032064 -9.89286518 0.12987008
v 1.96743822 -9.58479976 0.12134401
v 1.89723861 -9.28203487 0.12455835
v 1.65741896 -9.3173809 0.2443991
v 2.2538073 -9.85965824 -0.05956
v 2.17807769 -9.54408264 -0.05878991
v 2.09428429 -9.23592948 -0.05824656
v 2.01072955 -8.9423666 -0.06097956
v 1.8189553 -8.98675537 0.12402763
v 2.32606244 -9.49925327 -0.29618173
v 2.23459196 -9.19313526 -0.2995941
v 2.1504445 -8.90352535 -0.30677089
v 2.07115626 -8.62520599 -0.31529527
v 1.92872071 -8.65990734 -0.06867068
v 2.32096195 -9.16390895 -0.57920295
v 2.2358706 -8.87530708 -0.58909434
v 2.15533518 -8.59640312 -0.60076355
v 2.07816314 -8.32800865 -0.61104774
v 1.99462485 -8.35723495 -0.32264417
v 2.26023936 -8.86299991 -0.88294887
v 2.17552995 -8.57819175 -0.89932394
v 2.09187603 -8.30095291 -0.91443532
v 2.0166912 -8.03171634 -0.91767185
v 2.00847983 -8.06807613 -0.61585092
v 2.13117623 -8.58011817 -1.18232083
v 2.03916788 -8.2889986 -1.20190584
v 1.95680141 -7.99826002 -1.20551705
v 1.87539434 -7.7161107 -1.17562079
v 1.94801628 -7.76165056 -0.89939874
v 1.93308758 -8.29973602 -1.45317208
v 1.83917319 -7.9902997 -1.46115291
v 1.73989558 -7.70201158 -1.43402123
v 1.6389774 -7.43844747 -1.39670348
v 1.78602027 -7.44726944 -1.12589716
v 1.66951715 -8.02940368 -1.67430055
v 1.54834818 -7.74126291 -1.66877448
v 1.43988847 -7.48008155 -1.65344333
v 1.34790802 -7.22433471 -1.62035608
v 1.54097795 -7.19163656 -1.35571646
v 1.44795751 -6.95545005 -1.30900406
v 1.59271657 -6.9658389 -1.02310192
v 1.68885219 -7.19735765 -1.07265508
v 1.26133477 -6.9743123 -1.57494664
v 1.18266582 -6.72622633 -1.52246439
v 1.36430645 -6.72742128 -1.25767874
v 1.02159273 -7.02740192 -1.79140508
v 0.96123576 -6.74668979 -1.73555672
v 0.91225427 -6.46848964 -1.65885484
v 1.12538111 -6.47826433 -1.46130359
v 0.74265545 -7.08083105 -1.92741727
v 0.70315134 -6.77574682 -1.86524033
v 0.66931271 -6.47752666 -1.79039001
v 0.64886444 -6.18791723 -1.69872045
v 0.88890254 -6.19764518 -1.57065224
v 0.42752042 -6.7955904 -1.93017876
v 0.40590855 -6.49073505 -1.8566159
v 0.39585572 -6.18571472 -1.76756382
v 0.40194329 -5.88771677 -1.67253804
v 0.64842766 -5.90807437 -1.59896302
v 0.13672803 -6.48867607 -1.8773694
v 0.14135237 -6.17856931 -1.79125857
v 0.15013732 -5.87128067 -1.70395159
v 0.16595281 -5.57429695 -1.62734425
v 0.42047891 -5.60282182 -1.58554947
v -0.11598938 -6.1652975 -1.7861365
v -0.10279195 -5.85738992 -1.70074856
v -0.08973214 -5.55755901 -1.62697124
v -0.3573465 -5.84676504 -1.66786301
v -0.35188508 -5.55608415 -1.58648419
v -0.35955828 -5.27668571 -1.52258431
v -0.07283839 -5.26904439 -1.56996512
v 0.19011408 -5.29176902 -1.56667435
v 0.50581228 -5.09474182 -1.45655834
v 0.45389857 -5.33618974 -1.51287388
v 0.77051597 -5.16006469 -1.35925924
v 0.7114073 -5.38825559 -1.42484808
v 0.67008996 -5.64013576 -1.50485837
v 0.9526245 -5.45067024 -1.29961001
v 0.90881443 -5.68919563 -1.38387048
v 0.88779538 -5.9385209 -1.4753108
v 1.11354887 -5.75372409 -1.21612691
v 1.09536624 -5.98893547 -1.29983425
v 1.09831869 -6.23039627 -1.38402771
v 1.25169026 -6.04531526 -1.07687676
v 1.26358425 -6.27262544 -1.14356219
v 1.30116701 -6.50055742 -1.20381915
v 1.37605035 -6.30958175 -0.87809497
v 1.42342531 -6.52907943 -0.92718011
v 1.49919915 -6.74708557 -0.97437101
v 1.50308299 -6.55546951 -0.65023058
v 1.58986306 -6.77139806 -0.68906933
v 1.69315397 -6.99553728 -0.73475784
v 1.61932396 -6.80257272 -0.41206112
v 1.72610926 -7.04172563 -0.45980492
v 1.81498897 -7.29555082 -0.51798766
v 1.79256641 -7.23450183 -0.79282176
v 1.88780081 -7.55566453 -0.57231181
v 1.8781737 -7.49122476 -0.85292506
v 1.94567084 -7.81309032 -0.60701733
v 1.80782973 -7.60820245 -0.29376468
v 1.86357367 -7.8520317 -0.31490418
v 1.92431747 -8.09919834 -0.32387709
v 1.69912803 -7.88201427 -0.06524531
v 1.76837897 -8.13127803 -0.07633657
v 1.84615004 -8.38951778 -0.07692968
v 1.56290924 -8.16941738 0.11238511
v 1.64892339 -8.42983341 0.11002439
v 1.73594784 -8.70182704 0.11606141
v 1.41755211 -8.48309993 0.22046713
v 1.50661182 -8.74999618 0.22979812
v 1.58674645 -9.02864551 0.23892082
v 1.25458991 -8.80246162 0.26041141
v 1.3262155 -9.06587696 0.27624785
v 1.37949204 -9.33478832 0.28819432
v 1.0456686 -9.09386062 0.22784507
v 1.08155679 -9.33724784 0.23930743
v 1.10479652 -9.58287429 0.25285795
v 0.7969737 -9.340909 0.11766707
v 0.80983078 -9.57377815 0.13680706
v 0.81045824 -9.80663585 0.17729464
v 0.54356908 -9.57318878 -0.04173553
v 0.53706532 -9.80247116 -0.00529844
v 0.52979403 -10.03619003 0.03681765
v 0.32256278 -9.81091117 -0.24964588
v 0.31364682 -10.04290008 -0.22233451
v 0.29719352 -10.26612949 -0.19830018
v 0.18630409 -10.05338573 -0.52853667
v 0.16509863 -10.27688407 -0.51847779
v 0.13606546 -10.49406814 -0.50665354
v 0.12819194 -10.28944683 -0.84988057
v 0.10040115 -10.51367473 -0.84719729
v 0.08279672 -10.73525142 -0.83706659
v 0.14541867 -10.52427482 -1.18378651
v 0.12112271 -10.74562835 -1.18716335
v 0.11083648 -10.96091556 -1.18135702
v 0.22542469 -10.75009632 -1.52483952
v 0.20983694 -10.96798896 -1.53074729
v 0.20335388 -11.17832851 -1.51958906
v 0.38043472 -10.97593784 -1.84289932
v 0.36850467 -11.20240306 -1.8267734
v 0.35245156 -11.42420864 -1.78844523
v 0.59908169 -11.23242569 -2.06352138
v 0.56964057 -11.47449779 -2.00819754
v 0.52626764 -11.71031284 -1.9343146
v 0.83180183 -11.52178859 -2.13757515
v 0.77003848 -11.76465892 -2.04945159
v 0.69225961 -11.99794578 -1.9487183
v 1.0280956 -11.8192377 -2.0885508
v 0.9181512 -12.05970096 -1.99333787
v 0.80823558 -12.2808752 -1.88980972
v 1.13959944 -12.13009929 -1.98689782
v 0.99724251 -12.34436798 -1.88008153
v 0.88000845 -12.5306034 -1.74462616
v 1.17293906 -12.4060297 -1.80524408
v 1.02163648 -12.5708847 -1.68155884
v 0.9289636 -12.73818492 -1.59981262
v 1.13539588 -12.6010437 -1.56892108
v 1.03675746 -12.76857662 -1.50667464
v 0.98947924 -12.89960861 -1.47436606
v 1.12097716 -12.78867721 -1.38685381
v 1.07053661 -12.91746902 -1.3631829
v 1.03979539 -13.01893043 -1.3460977
v 1.11298418 -12.92197608 -1.22989821
v 1.08246994 -13.02299118 -1.2162435
v 1.05964732 -13.11418724 -1.20350062
v 1.08273935 -13.01443576 -1.07270824
v 1.06074154 -13.10375118 -1.06045639
v 1.04144454 -13.17620086 -1.04887867
v 1.0246135 -13.08211994 -0.92627865
v 1.00515282 -13.15683651 -0.91605591
v 0.98494792 -13.22204875 -0.90635758
v 0.95117545 -13.1347332 -0.80190771
v 0.92969322 -13.19823837 -0.79687017
v 0.90109771 -13.25199413 -0.7950226
v 0.86334514 -13.17342186 -0.71413779
v 0.83696091 -13.22037887 -0.7197619
v 0.80454605 -13.25962352 -0.73354041
v 0.76870608 -13.20076179 -0.66848599
v 0.74811101 -13.23644447 -0.69278717
v 0.7293697 -13.24865531 -0.71939981
v 0.68599224 -13.22575283 -0.67090928
v 0.67738264 -13.23914909 -0.69889605
v 0.67847877 -13.20431423 -0.70189583
v 0.61792939 -13.2399559 -0.69725811
v 0.61836212 -13.20246315 -0.69943505
v 0.61526387 -13.15682315 -0.6814053
v 0.55024558 -13.20304012 -0.71193498
v 0.54203361 -13.15316867 -0.69337761
v 0.53324854 -13.10295391 -0.67127734
v 0.46289327 -13.14989662 -0.72332763
v 0.44767919 -13.09489822 -0.70333802
v 0.43076065 -13.0243206 -0.67864471
v 0.35851866 -13.0882225 -0.76251959
v 0.33892837 -13.0107088 -0.74351275
v 0.32656702 -12.90239429 -0.71858376
v 0.2564632 -12.99530887 -0.83897209
v 0.2374224 -12.86728 -0.82364255
v 0.2190786 -12.71289157 -0.78439807
v 0.18088391 -12.83594608 -0.93761068
v 0.15860536 -12.67711448 -0.91416561
v 0.13902387 -12.49363422 -0.87791252
v 0.14219497 -12.64918613 -1.05209887
v 0.12460066 -12.45790576 -1.03188192
v 0.11845656 -12.24684715 -0.99803781
v 0.1572117 -12.44301033 -1.18775093
v 0.15852533 -12.23505783 -1.18931841
v 0.17981055 -12.02580833 -1.19862508
v 0.23933099 -12.26041793 -1.36853444
v 0.27353239 -12.05565834 -1.41520965
v 0.31627658 -11.84442138 -1.4582287
v 0.401679 -12.11596107 -1.59779787
v 0.464809 -11.90763568 -1.67089092
v 0.50967735 -11.69925975 -1.74024486
v 0.64719432 -11.98313236 -1.82701134
v 0.71288174 -11.76447486 -1.91746842
v 0.75447571 -11.52892684 -1.99719452
v 0.94234126 -11.81636333 -2.0168538
v 1.00346911 -11.56108665 -2.10733199
v 1.05481946 -11.30305957 -2.16278839
v 1.27493131 -11.59435272 -2.11505889
v 1.35656404 -11.33618164 -2.15654015
v 1.41416597 -11.07797145 -2.16682457
v 1.64084756 -11.38456726 -2.04729318
v 1.71966528 -11.12385845 -2.06270694
v 1.7637335 -10.8575859 -2.05581426
v 1.98123002 -11.18057823 -1.87518644
v 2.0436604 -10.90228748 -1.87998914
v 2.06105923 -10.61418724 -1.86539614
v 2.27283215 -10.95081043 -1.65330636
v 2.29567146 -10.64228248 -1.6472994
v 2.25118708 -10.33361721 -1.6120454
v 2.46553373 -10.67116069 -1.38114213
v 2.41725015 -10.34348487 -1.36634337
v 2.32269859 -10.02487373 -1.34441626
v 2.50757122 -10.35655784 -1.09109878
v 2.41114616 -10.02668285 -1.09032666
v 2.30254554 -9.7152481 -1.07297086
v 2.42232656 -10.03812599 -0.82777452
v 2.31849217 -9.72484874 -0.8188253
v 2.21658372 -9.42721939 -0.80914902
v 2.26357889 -9.74572467 -0.57738727
v 2.1688435 -9.44504642 -0.57361245
v 2.08491349 -9.14918994 -0.57492178
v 2.05318284 -9.47765159 -0.37003019
v 1.97871768 -9.17966938 -0.36986154
v 1.90096128 -8.88783741 -0.37906804
v 1.82115495 -9.21755218 -0.20998345
v 1.75098347 -8.92525863 -0.21888075
v 1.66812801 -8.64290428 -0.23145838
v 1.57032358 -8.96315765 -0.11193754
v 1.4901402 -8.68883037 -0.12885603
v 1.3702948 -8.99824142 -0.06436968
v 1.30179357 -8.73645401 -0.08985209
v 1.1616311 -9.02611827 -0.07524145
v 1.11393129 -8.78150653 -0.10583809
v 1.03653311 -8.5578413 -0.10651401
v 0.92742997 -8.82200908 -0.16770982
v 0.87239301 -8.61324691 -0.17260092
v 0.78426414 -8.44728183 -0.14035309
v 0.92024195 -8.3738718 -0.05179591
v 0.65018349 -8.34909725 -0.0657736
v 0.75418031 -8.26653766 0.04030919
v 0.4747979 -8.29166317 -0.00431283
v 0.54206144 -8.20004272 0.0992385
v 0.58506912 -8.08287906 0.15507948
v 0.29177951 -8.17121505 0.13817821
v 0.3105292 -8.05280113 0.18324817
v 0.32280412 -7.92007541 0.18296262
v 0.60601484 -7.94248724 0.16040387
v 0.32717391 -7.77473115 0.13073602
v 0.60821467 -7.78272628 0.1116893
v 0.04392044 -7.89634466 0.19333817
v 0.0453406 -7.75940561 0.14463199
v -0.23083812 -7.88227891 0.2037516
v -0.23643709 -7.7486267 0.1541915
v -0.50291037 -7.88677454 0.20451475
v -0.51608604 -7.75401687 0.1531374
v -0.77046197 -7.91069269 0.18256489
v -0.79249149 -7.77952909 0.13192315
v -0.8132621 -7.61884403 0.06559076
v -1.10071241 -7.44177246 -0.0551553
v -1.33999931 -7.45140743 -0.14324711
v -1.30319917 -7.20099878 -0.17321232
v -1.51947033 -7.43134927 -0.2853055
v -1.46020305 -7.17177343 -0.29266381
v -1.36969578 -6.91016292 -0.30829337
v -1.55237865 -7.13706398 -0.457975
v -1.44660389 -6.88222599 -0.46254071
v -1.3420577 -6.6455059 -0.47886735
v -1.27475702 -6.66488981 -0.33086589
v -1.27015364 -6.41592598 -0.48729461
v -1.20328044 -6.4334526 -0.34581956
v -1.35176444 -6.64057207 -0.64940655
v -1.4544146 -6.87040329 -0.64438754
v -1.40784192 -6.86935806 -0.83906239
v -1.30939447 -6.64218568 -0.82819926
v -1.31921649 -6.87061119 -1.04252195
v -1.52272558 -7.09599304 -0.85889405
v -1.42417967 -7.09337186 -1.0788505
v -1.27124583 -7.09975338 -1.30012202
v -1.18237638 -6.87351226 -1.2434839
v -1.06021511 -7.12121677 -1.49209332
v -0.988016 -6.88274431 -1.41224455
v -0.74964493 -6.90036106 -1.53174603
v -0.50238126 -6.92604541 -1.59610378
v -0.25704595 -6.93805694 -1.62379884
v -0.01540266 -7.20124769 -1.75120687
v -0.00378801 -6.94186544 -1.63735437
v 0.25775712 -7.19360351 -1.75506782
v -0.02540671 -7.42147398 -1.84909045
v 0.24712216 -7.40311765 -1.85242366
v 0.52875214 -7.41323661 -1.85400807
v 0.2211522 -7.5856142 -1.92571568
v 0.48816397 -7.61079502 -1.94125652
v 0.18217705 -7.76846694 -1.97253429
v 0.4107733 -7.80110454 -2.00429081
v 0.13998033 -7.9596343 -1.96682345
v 0.32779634 -7.99341821 -1.99578678
v 0.52183914 -8.07738876 -2.03631591
v 0.70628529 -8.19887447 -2.02798152
v 0.25742852 -8.1556158 -1.90903079
v 0.4057061 -8.23521709 -1.92936563
v 0.54255884 -8.34313392 -1.92332541
v 0.65804088 -8.47134113 -1.87957537
v 0.85645675 -8.36580085 -1.97841787
v 0.30724543 -8.32285213 -1.73877108
v 0.41017693 -8.4120922 -1.73693895
v 0.50739473 -8.52505016 -1.71348452
v 0.56958991 -8.68094062 -1.69998765
v 0.74153614 -8.63420486 -1.84541809
v 0.34298795 -8.41747283 -1.50876843
v 0.39627561 -8.54139328 -1.5050497
v 0.44193655 -8.70067215 -1.50133132
v 0.45490956 -8.89977264 -1.50912058
v 0.59790366 -8.88012313 -1.70563077
v 0.34379953 -8.52628707 -1.26173698
v 0.36286044 -8.69792747 -1.27040565
v 0.36807298 -8.90034675 -1.27964925
v 0.36506333 -9.12349796 -1.28889322
v 0.44710806 -9.12025356 -1.52624154
v 0.34510979 -8.68431282 -1.03032994
v 0.33910185 -8.8893795 -1.04078531
v 0.33334395 -9.11419582 -1.04711914
v 0.34189674 -9.35263633 -1.04867005
v 0.37543195 -9.36206722 -1.2996478
v 0.37223452 -8.87919426 -0.80982559
v 0.35428237 -9.09851169 -0.80985325
v 0.35528221 -9.33433342 -0.80441516
v 0.35477447 -9.57499027 -0.79380714
v 0.3423455 -9.59016323 -1.04796183
v 0.44616574 -9.08559989 -0.59173387
v 0.43790251 -9.31618309 -0.58069288
v 0.43126982 -9.55778217 -0.56080251
v 0.41917055 -9.79935646 -0.53762573
v 0.34198987 -9.81235981 -0.78248584
v 0.57851576 -9.30352783 -0.38934451
v 0.57229119 -9.54413509 -0.36429408
v 0.56108182 -9.78865432 -0.33081504
v 0.54653739 -10.03167629 -0.29438364
v 0.40042713 -10.03783416 -0.51551401
v 0.7551943 -9.53626346 -0.20540721
v 0.74989163 -9.78184413 -0.16787411
v 0.74186307 -10.02652549 -0.11891411
v 0.7339701 -10.26960659 -0.0643454
v 0.52699053 -10.26787853 -0.2541241
v 0.97352498 -9.78221988 -0.05194335
v 0.97441154 -10.02853012 0.00304017
v 0.97755998 -10.27754306 0.0655752
v 0.98176008 -10.52786254 0.13331183
v 0.72192513 -10.50662422 -0.00730655
v 1.23377573 -10.04061985 0.06353268
v 1.24804973 -10.29635047 0.12236096
v 1.26728963 -10.55504322 0.19011089
v 1.26516771 -10.82350349 0.24951987
v 0.9724524 -10.77340793 0.18341481
v 1.5319606 -10.32494258 0.10216805
v 1.55841577 -10.59184265 0.17092588
v 1.55772817 -10.87994384 0.23576581
v 1.50816345 -11.17577457 0.24211964
v 1.22522521 -11.09334659 0.26817303
v 1.8390845 -10.63561916 0.08637886
v 1.83529949 -10.94049739 0.1458681
v 1.77363526 -11.25515747 0.14467766
v 1.64135491 -11.54594802 0.08484134
v 1.40509021 -11.45350837 0.19308745
v 2.09603023 -10.99752426 -0.00132686
v 2.01047182 -11.32055282 -0.0149017
v 1.84415721 -11.61021041 -0.08660119
v 1.63726687 -11.85711765 -0.17243273
v 1.45052623 -11.79211711 -0.00748749
v 2.20367765 -11.36561012 -0.2350955
v 2.01498627 -11.65321826 -0.30118057
v 1.79936802 -11.90244674 -0.3763867
v 1.58795774 -12.11958789 -0.44563758
v 1.42977011 -12.06085968 -0.26074117
v 2.14990234 -11.67853736 -0.54608351
v 1.93451499 -11.93689537 -0.60551148
v 1.72367715 -12.17300605 -0.65973526
v 1.51217627 -12.35268116 -0.70996165
v 1.39842748 -12.30154705 -0.50316602
v 2.02121353 -11.94846248 -0.85863727
v 1.80254674 -12.18715953 -0.90527916
v 1.57948911 -12.3685255 -0.94684559
v 1.3743999 -12.49505519 -0.97884774
v 1.30783152 -12.48132991 -0.75930613
v 1.8148297 -12.15677547 -1.16289854
v 1.60132026 -12.33887577 -1.18886935
v 1.39925336 -12.47523403 -1.19702577
v 1.22800588 -12.60548496 -1.18162643
v 1.20259213 -12.60856151 -1.00004124
v 1.57899093 -12.297472 -1.42304468
v 1.37779009 -12.44992065 -1.3958137
v 1.20604825 -12.59258937 -1.34521555
v 1.08858859 -12.73097419 -1.30922162
v 1.10193133 -12.73322963 -1.16956234
v 1.31552672 -12.43450069 -1.56975328
v 1.14645755 -12.58143711 -1.48416745
v 1.03729283 -12.72371387 -1.42761421
v 0.96933633 -12.85833072 -1.39257109
v 1.0184741 -12.86771297 -1.28496456
v 1.05738186 -12.56945037 -1.59801161
v 0.95315152 -12.70721817 -1.52177858
v 0.88924294 -12.83914375 -1.47522759
v 0.8519839 -12.95322895 -1.45222234
v 0.92799115 -12.97327709 -1.37361085
v 0.84456837 -12.68256187 -1.58892369
v 0.78911227 -12.81239223 -1.53349542
v 0.75615531 -12.92871761 -1.50282037
v 0.73367542 -13.03541183 -1.48451769
v 0.82378286 -13.05825138 -1.4361341
v 0.67435687 -12.78074359 -1.56451559
v 0.64868342 -12.9001789 -1.52793073
v 0.63219457 -13.01154995 -1.50515961
v 0.62169295 -13.10573768 -1.49085521
v 0.71668726 -13.12751293 -1.4719361
v 0.53376418 -12.86808872 -1.51661837
v 0.52697485 -12.98725605 -1.49211931
v 0.52396267 -13.08551883 -1.47747838
v 0.52433031 -13.15785121 -1.46640753
v 0.61429649 -13.17211723 -1.48023462
v 0.42561939 -12.96452903 -1.44376802
v 0.43235895 -13.06895542 -1.4303379
v 0.44023567 -13.14492321 -1.42187821
v 0.44785884 -13.21209335 -1.41743767
v 0.52465152 -13.2188158 -1.45546114
v 0.35142034 -13.06050396 -1.36266851
v 0.36524203 -13.13929843 -1.35864591
v 0.37803411 -13.21159553 -1.35859096
v 0.38213497 -13.2785139 -1.36561584
v 0.4502713 -13.27632236 -1.41691076
v 0.30316376 -13.14490032 -1.27965247
v 0.32162624 -13.22113323 -1.28191101
v 0.3290939 -13.28956222 -1.29066252
v 0.27594432 -13.29193496 -1.31947112
v 0.34193733 -13.28314018 -1.4046247
v 0.28829059 -13.23513793 -1.18517625
v 0.30212494 -13.30591201 -1.19241237
v 0.23779456 -13.30722522 -1.20383286
v 0.19150146 -13.24025631 -1.20609593
v 0.23475107 -13.22949886 -1.33301079
v 0.30248996 -13.32237434 -1.07533299
v 0.23027715 -13.30937957 -1.0705384
v 0.1841562 -13.24621963 -1.06845974
v 0.15172362 -13.17153453 -1.06696784
v 0.16299004 -13.16494178 -1.20748841
v 0.26026839 -13.30387306 -0.94315314
v 0.20796221 -13.24207973 -0.93424224
v 0.17365731 -13.17275142 -0.92879927
v 0.14739958 -13.0908966 -0.9259628
v 0.12849904 -13.08917045 -1.06661403
v 0.26307776 -13.22959899 -0.81686985
v 0.23170925 -13.16792869 -0.80594849
v 0.20551136 -13.09312439 -0.79853969
v 0.1856074 -13.0032444 -0.79282206
v 0.12802949 -12.99384975 -0.92362004
v 0.31687265 -13.16092205 -0.71223545
v 0.29488039 -13.09662056 -0.69804745
v 0.27779325 -13.00990581 -0.68839281
v 0.27118337 -12.90429878 -0.67550003
v 0.17617994 -12.87855625 -0.78103423
v 0.39809075 -13.09915256 -0.62854266
v 0.38821455 -13.02221679 -0.61093491
v 0.38479748 -12.9270153 -0.59585195
v 0.38892588 -12.81314086 -0.56567126
v 0.27963903 -12.77442646 -0.64927405
v 0.50169587 -13.03760051 -0.56733721
v 0.50315976 -12.95495986 -0.54273158
v 0.50842332 -12.84322929 -0.50646543
v 0.50917518 -12.69626998 -0.43558943
v 0.38126936 -12.66592502 -0.48971876
v 0.62090539 -12.97364616 -0.52773374
v 0.62897563 -12.85549068 -0.48630294
v 0.63828361 -12.71102523 -0.42821678
v 0.66419792 -12.54568958 -0.30752793
v 0.50476473 -12.53360939 -0.30483499
v 0.74680793 -12.85546398 -0.51150828
v 0.76496487 -12.71389865 -0.46606341
v 0.81601178 -12.54903125 -0.36136207
v 0.89786571 -12.38900184 -0.21571195
v 0.71069121 -12.37186241 -0.15547564
v 0.87768393 -12.71283626 -0.53970319
v 0.95633345 -12.55742454 -0.45113512
v 1.0791583 -12.40990066 -0.32512265
v 1.21223723 -12.24206829 -0.2214636
v 0.99682056 -12.1969223 -0.0916939
v 1.08591651 -12.58608436 -0.57916498
v 1.24787747 -12.44843483 -0.47752279
v 1.40807545 -12.29362869 -0.39294567
v 1.57706654 -12.11020278 -0.31612935
v 1.36864459 -12.06481838 -0.12358981
v 1.38109862 -12.50154972 -0.6584497
v 1.57392048 -12.35347557 -0.59265267
v 1.75306356 -12.15335369 -0.5379883
v 1.93916773 -11.93439292 -0.47972425
v 1.76714301 -11.91486454 -0.22932319
v 1.68208646 -12.38338089 -0.82615727
v 1.87694406 -12.17193222 -0.7889409
v 2.06592607 -11.94685363 -0.75455474
v 2.27146291 -11.72501087 -0.7124536
v 2.1418848 -11.71920967 -0.41600647
v 1.91973149 -12.16890239 -1.05986642
v 2.11991548 -11.94628334 -1.05084979
v 2.34663963 -11.72159004 -1.02629137
v 2.53870463 -11.44817638 -0.98689472
v 2.46798229 -11.46664714 -0.66277301
v 2.09714627 -11.91483879 -1.33440232
v 2.31921887 -11.67678165 -1.33221018
v 2.49752759 -11.39420127 -1.3139683
v 2.60759878 -11.07492637 -1.28459179
v 2.66545772 -11.12769031 -0.95284223
v 2.21372127 -11.60948944 -1.61709785
v 2.36441588 -11.32169914 -1.60763227
v 2.46301317 -11.01403904 -1.58603858
v 2.50836968 -10.69554901 -1.55577194
v 2.64966368 -10.74046516 -1.24942314
v 2.16828227 -11.24289798 -1.86844182
v 2.25329208 -10.94779777 -1.85245263
v 2.29408717 -10.64539527 -1.8257128
v 2.27778339 -10.34781646 -1.77564644
v 2.49379634 -10.37691307 -1.51556229
v 1.98552942 -10.8815813 -2.07016348
v 2.01321101 -10.59730911 -2.03337335
v 1.99912977 -10.32036304 -1.97479069
v 1.9595735 -10.0456047 -1.92239558
v 2.22809147 -10.05638694 -1.72856485
v 1.68352556 -10.55931377 -2.15900802
v 1.67759716 -10.29967308 -2.09822082
v 1.6507287 -10.03962135 -2.04574823
v 1.6112951 -9.77863884 -2.01241684
v 1.90741086 -9.76952076 -1.88553667
v 1.33506143 -10.2879219 -2.14729428
v 1.31995737 -10.04243087 -2.10204553
v 1.29258334 -9.79478454 -2.07202673
v 1.25263738 -9.54186344 -2.04174161
v 1.55759704 -9.51748561 -1.98607611
v 0.98736572 -10.04646301 -2.07305097
v 0.97447699 -9.80655002 -2.04199719
v 0.95040863 -9.55978012 -2.01468634
v 0.91530925 -9.30946922 -2.00006747
v 1.20889675 -9.28705501 -2.01656508
v 0.68606591 -9.81207275 -1.91916704
v 0.67366862 -9.57460784 -1.89872145
v 0.64484989 -9.33085727 -1.8839184
v 0.6182326 -9.0987463 -1.85538303
v 0.8900941 -9.06514167 -1.96231484
v 0.45544123 -9.58632469 -1.69332945
v 0.43215391 -9.3559103 -1.67843055
v 0.40596261 -9.1414833 -1.65579807
v 0.40158549 -8.95208931 -1.61696732
v 0.60335689 -8.89723396 -1.8028109
v 0.29195728 -9.3788805 -1.42469489
v 0.27132272 -9.17577171 -1.40956318
v 0.26158386 -9.00279808 -1.39019453
v 0.25243648 -8.88842582 -1.38228464
v 0.3885647 -8.8186407 -1.59726905
v 0.19103835 -9.19273281 -1.14639782
v 0.1846617 -9.03339672 -1.13701748
v 0.17313578 -8.93089866 -1.1322
v 0.15675769 -8.84172248 -1.12972772
v 0.23270969 -8.79542827 -1.3779329
v 0.15655404 -9.03972053 -0.86368775
v 0.14580819 -8.93890953 -0.86037439
v 0.13483546 -8.84994792 -0.86013716
v 0.11900134 -8.77152252 -0.85970109
v 0.13599622 -8.7600317 -1.12756848
v 0.18545475 -8.91368293 -0.57943254
v 0.1755404 -8.82214736 -0.58188539
v 0.1411755 -8.74642658 -0.58156985
v 0.10185968 -8.6811161 -0.58459639
v 0.09196675 -8.70434951 -0.86079239
v 0.25744509 -8.75886821 -0.31613251
v 0.20262147 -8.67245483 -0.31098264
v 0.13579335 -8.60909175 -0.30894058
v 0.05641674 -8.57457542 -0.31354406
v 0.05627018 -8.63182354 -0.58958506
v -0.00161095 -8.60616874 -0.59450268
v 0.01073118 -8.62191677 -0.86643064
v 0.06079312 -8.64876461 -0.86309468
v -0.01763719 -8.55144977 -0.32388797
v -0.09700145 -8.55357074 -0.33525535
v -0.06108913 -8.61264324 -0.60035693
v -0.0427096 -8.43614673 -0.0740348
v -0.15277704 -8.4483633 -0.09580007
v -0.25322097 -8.48764133 -0.11598123
v -0.16935689 -8.58790779 -0.34674349
v -0.08648106 -8.23979282 0.10903791
v -0.23460759 -8.29347705 0.08477364
v -0.36216288 -8.3590126 0.05890106
v -0.4742313 -8.44535827 0.02866542
v -0.34163236 -8.54936218 -0.14365986
v -0.33893922 -8.07394599 0.20830172
v -0.50195986 -8.18220806 0.18853966
v -0.6278361 -8.31218051 0.16853578
v -0.7335267 -8.44615268 0.1420142
v -0.55986464 -8.54989242 -0.00367547
v -0.66634446 -7.96249198 0.26740986
v -0.81934958 -8.13068008 0.26322367
v -0.93404698 -8.3163824 0.2540096
v -1.02221071 -8.50471115 0.2292554
v -0.80907863 -8.5879116 0.12463255
v -1.01922643 -7.96626758 0.27169522
v -1.14543724 -8.18957138 0.27839443
v -1.24302101 -8.42074871 0.26713624
v -1.32260561 -8.65709686 0.26413312
v -1.09030473 -8.70742511 0.23275855
v -1.35963571 -8.09441661 0.23437926
v -1.45770371 -8.34851837 0.22355787
v -1.54294359 -8.60693359 0.22422453
v -1.6232748 -8.87628746 0.26230728
v -1.39105212 -8.91208648 0.30887782
v -1.65596711 -8.29370498 0.10397858
v -1.7446264 -8.55986022 0.11185777
v -1.82857465 -8.83717727 0.14254532
v -1.90204811 -9.13083839 0.14801493
v -1.69085025 -9.17003536 0.27262288
v -1.91908514 -8.52248954 -0.06496768
v -1.99638354 -8.80048751 -0.04532883
v -2.0722754 -9.08543968 -0.03776689
v -2.15946054 -9.38079261 -0.04313586
v -1.98169946 -9.42910099 0.13960006
v -2.12185001 -8.76823711 -0.28541535
v -2.19947457 -9.04446411 -0.27724134
v -2.28991651 -9.33292865 -0.27769109
v -2.38908267 -9.6411705 -0.27938398
v -2.25192999 -9.68846035 -0.0459833
v -2.28063941 -9.01390743 -0.54941171
v -2.36922144 -9.30065059 -0.54451084
v -2.46808505 -9.60671138 -0.54503333
v -2.5681324 -9.92756652 -0.55228114
v -2.48406457 -9.96216869 -0.28399619
v -2.39577698 -9.2871437 -0.82507818
v -2.493052 -9.58745288 -0.82581365
v -2.59559917 -9.90361881 -0.83595091
v -2.6765685 -10.2428894 -0.85254329
v -2.64789867 -10.27029132 -0.56198799
v -2.457906 -9.58156871 -1.10797202
v -2.56116414 -9.89078235 -1.12346816
v -2.63682079 -10.22060012 -1.1451137
v -2.6740179 -10.56315136 -1.17518985
v -2.7170794 -10.59602356 -0.87262702
v -2.45024824 -9.88821888 -1.39361369
v -2.52251124 -10.20391273 -1.42190337
v -2.56515288 -10.52867794 -1.46501851
v -2.54186868 -10.85616207 -1.50005066
v -2.66326403 -10.90837097 -1.20769929
v -2.34221935 -10.1876192 -1.66885829
v -2.38111543 -10.49065017 -1.72436726
v -2.36237859 -10.79941654 -1.76068973
v -2.29250741 -11.10477352 -1.78404557
v -2.46566438 -11.17530918 -1.52838933
v -2.13462328 -10.45297336 -1.93216431
v -2.12526702 -10.74280548 -1.97982597
v -2.06970739 -11.03339862 -2.0044496
v -1.97453379 -11.32008457 -2.00847315
v -2.18267726 -11.39980125 -1.79559123
v -1.83502745 -10.69242382 -2.13406729
v -1.79246282 -10.96965789 -2.16619491
v -1.71586394 -11.24758911 -2.16989946
v -1.60754728 -11.52005958 -2.13771557
v -1.84179949 -11.59399509 -1.98656189
v -1.48109662 -10.91802597 -2.24365043
v -1.41967582 -11.18632125 -2.24763226
v -1.33620679 -11.45482635 -2.22010207
v -1.23370754 -11.71437645 -2.14231705
v -1.47244024 -11.77492809 -2.0668509
v -1.11421966 -11.13856887 -2.24217486
v -1.05169844 -11.40056514 -2.2165513
v -0.97986644 -11.65741252 -2.14822626
v -0.89314115 -11.90382671 -2.03944516
v -1.11730349 -11.96325397 -2.04301524
v -0.77431941 -11.35718917 -2.1466577
v -0.7272951 -11.60731029 -2.07994151
v -0.66898238 -11.84684467 -1.987625
v -0.59590148 -12.07759857 -1.89231169
v -0.79501164 -12.13491725 -1.94514823
v -0.50185 -11.55805969 -1.93901062
v -0.46013578 -11.78821182 -1.87121391
v -0.40923523 -12.02015304 -1.78741097
v -0.37532731 -12.2367239 -1.70324206
v -0.53975015 -12.2925415 -1.79257357
v -0.29109877 -11.73130321 -1.68105614
v -0.25600764 -11.96032142 -1.62460434
v -0.23349195 -12.1813631 -1.56421792
v -0.24146017 -12.38157463 -1.50510597
v -0.37011671 -12.43170547 -1.62058472
v -0.1491649 -11.90627098 -1.4086821
v -0.13110768 -12.12906837 -1.37609839
v -0.13484029 -12.34021186 -1.35125863
v -0.16218067 -12.53992843 -1.32976496
v -0.25480637 -12.57085323 -1.46328187
v -0.07343701 -12.09694576 -1.16259396
v -0.07440217 -12.3190422 -1.16724038
v -0.09950208 -12.53039455 -1.17693197
v -0.10849244 -12.72400474 -1.19392168
v -0.16673746 -12.72769355 -1.32776773
v -0.0519926 -12.33158874 -0.99375557
v -0.07406996 -12.5424776 -1.02700662
v -0.08881331 -12.73513984 -1.05245423
v -0.09885077 -12.9090147 -1.07250905
v -0.11343995 -12.89818954 -1.20942568
v -0.08625797 -12.57626152 -0.87957775
v -0.10368593 -12.75868225 -0.91543763
v -0.11669443 -12.9245758 -0.93646669
v -0.1354807 -13.04800987 -0.93858778
v -0.11779554 -13.03796386 -1.07506334
v -0.15284374 -12.78430461 -0.79384559
v -0.16154411 -12.93218326 -0.81197577
v -0.18166549 -13.05209541 -0.81240099
v -0.20180206 -13.13687706 -0.81427633
v -0.15481133 -13.13552951 -0.93938791
v -0.24156162 -12.94274807 -0.70901149
v -0.26032653 -13.05096817 -0.71461629
v -0.28056702 -13.1291008 -0.71902531
v -0.3041456 -13.19140148 -0.72706216
v -0.22953879 -13.2058506 -0.82020664
v -0.35686299 -13.05514526 -0.63901209
v -0.37467595 -13.12379264 -0.65231335
v -0.3910481 -13.17722892 -0.66489148
v -0.41585895 -13.22243976 -0.68801331
v -0.33574673 -13.24376106 -0.74362456
v -0.46934583 -13.12416648 -0.60826367
v -0.4814853 -13.16957187 -0.62845718
v -0.49686268 -13.20912838 -0.65495401
v -0.51646381 -13.24339675 -0.69220465
v -0.44713395 -13.25758838 -0.72122097
v -0.56985813 -13.16632556 -0.6096872
v -0.57523673 -13.20160293 -0.63890218
v -0.58192545 -13.2353897 -0.67643642
v -0.58848434 -13.22583961 -0.7097007
v -0.52952677 -13.23060798 -0.72612196
v -0.64806938 -13.19924163 -0.63751637
v -0.64413881 -13.23306274 -0.67090797
v -0.64313244 -13.22486019 -0.70273619
v -0.64339494 -13.18784809 -0.690961
v -0.5847091 -13.18599891 -0.69597804
v -0.70251911 -13.23835659 -0.67954862
v -0.69153505 -13.22885322 -0.70759236
v -0.69692122 -13.19145107 -0.70060759
v -0.70195907 -13.14940071 -0.68809723
v -0.64420783 -13.14803791 -0.67434626
v -0.73630344 -13.24052715 -0.73347032
v -0.74505144 -13.19558429 -0.73118144
v -0.75183922 -13.14865875 -0.72234016
v -0.75806379 -13.09206867 -0.70739054
v -0.70485794 -13.09684085 -0.66873347
v -0.78774935 -13.20514583 -0.78024596
v -0.79696136 -13.15166664 -0.77474176
v -0.80306816 -13.0891819 -0.76409387
v -0.80726909 -13.01901912 -0.7457962
v -0.76017528 -13.02393245 -0.68519258
v -0.83918398 -13.15920829 -0.84433084
v -0.84762251 -13.09373474 -0.83713907
v -0.85518664 -13.01987361 -0.82511788
v -0.86377281 -12.93737983 -0.8060618
v -0.81300526 -12.94007587 -0.72372877
v -0.89082169 -13.1031208 -0.92334407
v -0.90190357 -13.02627468 -0.91527825
v -0.91543895 -12.94296073 -0.90393829
v -0.94600445 -12.83365726 -0.88396143
v -0.88673067 -12.83043193 -0.77770716
v -0.93925017 -13.03892803 -1.01700627
v -0.95924443 -12.95518493 -1.0140115
v -0.99882262 -12.84218406 -1.0051037
v -1.07232046 -12.71203517 -0.99239099
v -1.01678419 -12.69822502 -0.84208756
v -0.98431533 -12.9674654 -1.12607455
v -1.03125071 -12.85087394 -1.13314342
v -1.10698616 -12.71946811 -1.14246928
v -1.24270033 -12.58565616 -1.14491331
v -1.21097576 -12.5867176 -0.9649887
v -1.03466141 -12.85529327 -1.25075864
v -1.10786688 -12.72018814 -1.27425169
v -1.23394262 -12.57251834 -1.30945169
v -1.42228257 -12.43646335 -1.34637868
v -1.43068981 -12.46262073 -1.14548921
v -1.0757631 -12.71624851 -1.39314341
v -1.19676411 -12.5683403 -1.45084214
v -1.3720777 -12.4185276 -1.5305221
v -1.57195437 -12.23430538 -1.57770752
v -1.62300241 -12.29001903 -1.36379683
v -1.12224435 -12.56285285 -1.57078003
v -1.28943979 -12.40774822 -1.67699635
v -1.48278856 -12.18905925 -1.75355839
v -1.66257035 -11.93190956 -1.76495277
v -1.76365327 -12.00840663 -1.56773042
v -1.17310857 -12.38322734 -1.78635478
v -1.34990966 -12.1519947 -1.88448452
v -1.50621306 -11.87376117 -1.92333483
v -1.654253 -11.6156969 -1.95288705
v -1.83888411 -11.68620586 -1.76824891
v -1.17957198 -12.11319446 -1.95978975
v -1.31423544 -11.83886432 -2.02591586
v -1.4308685 -11.56944179 -2.08375358
v -1.53096318 -11.31268787 -2.11731743
v -1.7772237 -11.36607933 -1.97130274
v -1.098755 -11.80731487 -2.05607271
v -1.18394935 -11.54036426 -2.1353259
v -1.255378 -11.27548122 -2.18051075
v -1.30561614 -11.01583576 -2.18338131
v -1.60144531 -11.05315399 -2.12443518
v -0.93630439 -11.51434707 -2.10001659
v -0.97984862 -11.25204563 -2.15337109
v -1.01368033 -10.99695491 -2.15744113
v -1.03169357 -10.74783039 -2.14230465
v -1.33728671 -10.76259803 -2.1676824
v -0.73250925 -11.23695278 -2.02884006
v -0.74405086 -10.99164009 -2.04758858
v -0.75520724 -10.75100994 -2.03403258
v -0.76541423 -10.51249218 -2.00399494
v -1.04179441 -10.51154041 -2.10877323
v -0.53311812 -10.98879909 -1.85052669
v -0.53912991 -10.75528049 -1.84561061
v -0.55206781 -10.51872348 -1.82271349
v -0.57635104 -10.28674125 -1.78856134
v -0.7869032 -10.28223133 -1.95717585
v -0.3816429 -10.75045585 -1.60480427
v -0.40087598 -10.5201683 -1.59168779
v -0.42906305 -10.28572654 -1.57106888
v -0.44948148 -10.04770278 -1.55868113
v -0.59350967 -10.05178928 -1.76611101
v -0.2973845 -10.50802612 -1.33739876
v -0.32883903 -10.27337455 -1.32921254
v -0.3564611 -10.03606414 -1.3241235
v -0.37213808 -9.79831695 -1.32458019
v -0.4580765 -9.80968189 -1.55648946
v -0.26940462 -10.25415229 -1.0748651
v -0.30523881 -10.0194168 -1.07585704
v -0.32448712 -9.78315734 -1.07912778
v -0.3337118 -9.54672527 -1.08566963
v -0.37859055 -9.56258678 -1.32644307
v -0.29841002 -10.00364685 -0.81992286
v -0.31794121 -9.76626968 -0.82780456
v -0.32716733 -9.5260868 -0.84014105
v -0.32603398 -9.28586959 -0.86026322
v -0.33097001 -9.31119442 -1.09767687
v -0.37101092 -9.75111961 -0.58460551
v -0.37930551 -9.50300216 -0.60455894
v -0.37824615 -9.25648593 -0.63404506
v -0.37533962 -9.02895259 -0.67132085
v -0.31479507 -9.05824852 -0.89207816
v -0.49765685 -9.48289966 -0.39809361
v -0.49728316 -9.23268985 -0.43115931
v -0.50047409 -9.00693321 -0.4719817
v -0.52138507 -8.81691455 -0.50975257
v -0.39190888 -8.82667064 -0.70724922
v -0.66462451 -9.21968841 -0.25930747
v -0.6748597 -9.00042343 -0.29304942
v -0.69088906 -8.81458187 -0.33432796
v -0.69575971 -8.65932369 -0.36187326
v -0.53608864 -8.65268707 -0.53743666
v -0.88433337 -9.00464153 -0.15236778
v -0.89293474 -8.81374454 -0.19405321
v -0.88066649 -8.65658092 -0.21983869
v -0.84637439 -8.52306461 -0.21943399
v -0.6836878 -8.52123451 -0.37282136
v -1.0949434 -8.80466461 -0.09921421
v -1.05905222 -8.63623809 -0.11457429
v -1.00272941 -8.50158023 -0.09278143
v -0.91509485 -8.39550685 -0.03964284
v -0.78857123 -8.41663837 -0.17989277
v -1.22591722 -8.59977054 -0.03881786
v -1.14785516 -8.44789123 0.00011171
v -1.03883564 -8.32773017 0.06293144
v -0.89379572 -8.23444461 0.12466934
v -0.79524344 -8.31410884 0.01570066
v -1.29032242 -8.35804939 0.03389432
v -1.15766274 -8.21811103 0.11059188
v -0.9683249 -8.1094799 0.17636296
v -0.73768925 -8.04552078 0.2176215
v -0.69449448 -8.17038726 0.16767136
v -0.46303072 -8.13740444 0.18213309
v -0.43693605 -8.22140789 0.09969796
v -0.63721042 -8.25436687 0.06785702
v -0.48479747 -8.01734161 0.22612407
v -0.22514209 -8.01204395 0.21483315
v -0.21909444 -8.13078784 0.17164026
v 0.033736 -8.14688968 0.1601586
v 0.02568919 -8.22705459 0.06941571
v -0.21075253 -8.21829605 0.08561877
v 0.03900449 -8.02718925 0.200128
v 0.019068 -8.26494312 -0.04871268
v -0.19723564 -8.25950622 -0.03610388
v -0.40406504 -8.26527977 -0.03800044
v -0.16788525 -8.23418426 -0.19022536
v -0.34480226 -8.24237632 -0.20321156
v -0.48016101 -8.26296711 -0.24342246
v -0.56505423 -8.28735351 -0.07231204
v -0.5828967 -8.31902885 -0.29847201
v -0.69220888 -8.33218097 -0.12503565
v -0.65268391 -8.40601253 -0.34892988
v -0.46049732 -8.28606987 -0.49218261
v -0.51390814 -8.38271808 -0.52947729
v -0.5351212 -8.5099802 -0.54126685
v -0.39905569 -8.37428665 -0.73271191
v -0.41602397 -8.5062828 -0.73691105
v -0.41093111 -8.65498256 -0.72974592
v -0.34365052 -8.51637363 -0.95727306
v -0.33628892 -8.67136573 -0.9474973
v -0.31745985 -8.85122013 -0.92562961
v -0.32160073 -8.69821643 -1.17638623
v -0.31823945 -8.88248348 -1.15238106
v -0.32154792 -9.08772373 -1.12126421
v -0.37181115 -8.90656375 -1.37059545
v -0.37172195 -9.10788536 -1.34727203
v -0.3752087 -9.3295536 -1.33320021
v -0.45812776 -9.11277198 -1.55877542
v -0.45776134 -9.33664417 -1.55668759
v -0.46008539 -9.57115554 -1.55799138
v -0.58892345 -9.33167839 -1.7478187
v -0.58864402 -9.57286262 -1.75931263
v -0.59651947 -9.81592083 -1.75915956
v -0.77456891 -9.56854343 -1.90905797
v -0.79225647 -9.81432819 -1.91055893
v -0.79712796 -10.05137062 -1.92448377
v -1.03073203 -9.80816459 -1.99311673
v -1.04756379 -10.04846954 -2.01119351
v -1.05081069 -10.28212451 -2.05116081
v -1.32098293 -10.04108238 -2.018893
v -1.34148383 -10.28251552 -2.06206774
v -1.3488996 -10.51718521 -2.12647271
v -1.62927401 -10.2817192 -2.00216317
v -1.64761221 -10.53129005 -2.06634044
v -1.63980746 -10.79182529 -2.10939383
v -1.92896747 -10.55347251 -1.94873404
v -1.91936528 -10.83076477 -1.9798032
v -1.86705112 -11.10326671 -1.98168444
v -2.16628837 -10.88001728 -1.79386448
v -2.09173774 -11.16333675 -1.78463542
v -1.98406803 -11.43418407 -1.77705907
v -2.27645254 -11.23168563 -1.55633723
v -2.14889574 -11.51666259 -1.55048322
v -1.96596896 -11.77029418 -1.54996001
v -2.24795031 -11.59255695 -1.30230712
v -2.04042983 -11.85169124 -1.31711459
v -1.82466065 -12.08750438 -1.34630608
v -2.06634879 -11.90278148 -1.06927263
v -1.84833431 -12.14089489 -1.10264313
v -1.63836121 -12.33056259 -1.13037121
v -1.82493305 -12.15928936 -0.85763561
v -1.60904967 -12.34756755 -0.89530301
v -1.39905798 -12.47759151 -0.92971205
v -1.53469348 -12.3267517 -0.67301768
v -1.33075153 -12.45964527 -0.72413587
v -1.14794218 -12.57412242 -0.78633439
v -1.23401749 -12.42493915 -0.55940663
v -1.06730973 -12.54946422 -0.6472817
v -0.95271891 -12.6879816 -0.72495067
v -0.98662078 -12.53796768 -0.53889185
v -0.88434052 -12.68379592 -0.62592661
v -0.82975322 -12.83277988 -0.68842071
v -0.81386411 -12.68957138 -0.53896051
v -0.77563971 -12.8409872 -0.61374676
v -0.76302313 -12.94826507 -0.65643501
v -0.71241587 -12.84836292 -0.55781608
v -0.70627796 -12.95643615 -0.60788363
v -0.7053138 -13.03325557 -0.64262169
v -0.63410979 -12.95726203 -0.58642572
v -0.63727581 -13.03800487 -0.62199348
v -0.64164835 -13.09878444 -0.65095275
v -0.5635761 -13.03237056 -0.62529563
v -0.57285225 -13.09505844 -0.6543886
v -0.58024007 -13.14414882 -0.67739456
v -0.49890974 -13.08668708 -0.67467796
v -0.51156151 -13.13950729 -0.69565975
v -0.52163338 -13.18561172 -0.71348905
v -0.43863338 -13.13687801 -0.73006886
v -0.45585912 -13.19034194 -0.74542057
v -0.4678891 -13.24018955 -0.75517922
v -0.3878048 -13.19853878 -0.79778552
v -0.40703997 -13.25537204 -0.80365908
v -0.37685179 -13.28026866 -0.77217316
v -0.35451072 -13.27497863 -0.87638425
v -0.31708848 -13.30620384 -0.85001152
v -0.26693266 -13.26166725 -0.83165514
v -0.27466681 -13.32215023 -0.95714318
v -0.22255824 -13.27260303 -0.94794642
v -0.18364246 -13.21132373 -0.94144833
v -0.20068563 -13.2740736 -1.07479822
v -0.16416017 -13.20577716 -1.07403028
v -0.13669243 -13.12697315 -1.0743463
v -0.16979616 -13.19539356 -1.20559012
v -0.14819929 -13.11531353 -1.20827353
v -0.13188731 -13.02697753 -1.21083664
v -0.19140596 -13.10451412 -1.33120667
v -0.17869834 -13.01513671 -1.33435034
v -0.1689565 -12.89665126 -1.33427929
v -0.25567084 -13.01684665 -1.44028127
v -0.25254514 -12.90357685 -1.44366586
v -0.25259161 -12.74529171 -1.44963312
v -0.34904491 -12.92028331 -1.53431856
v -0.35585254 -12.77724933 -1.54828631
v -0.3664402 -12.6138134 -1.56996202
v -0.47096788 -12.81660366 -1.61631465
v -0.48801928 -12.66219902 -1.64538776
v -0.50956547 -12.48336219 -1.69775855
v -0.61879515 -12.70903301 -1.67677104
v -0.65471261 -12.53571128 -1.73115587
v -0.71166175 -12.34633064 -1.83443319
v -0.79159975 -12.58204746 -1.71788179
v -0.87501967 -12.39798545 -1.83043742
v -0.99327224 -12.20006084 -1.95495367
v -1.03586292 -12.45246219 -1.78645312
v -1.18078577 -12.26566505 -1.90722239
v -1.32884633 -12.02677345 -1.98793757
v -1.34340119 -12.32334804 -1.79967558
v -1.51054489 -12.09114837 -1.87187624
v -1.6783694 -11.84353447 -1.93036735
v -1.64695906 -12.15121746 -1.70120942
v -1.83471596 -11.9159584 -1.7418251
v -2.02860713 -11.67345237 -1.78414011
v -1.94037532 -11.97779369 -1.52029979
v -2.15483427 -11.74258899 -1.54293167
v -2.33854174 -11.47746753 -1.54673051
v -2.22849369 -11.79935646 -1.28014743
v -2.43068075 -11.54197597 -1.26521015
v -2.57898068 -11.23886776 -1.23871493
v -2.44440841 -11.58395862 -0.9678505
v -2.60707545 -11.28662586 -0.93249851
v -2.6949017 -10.94882583 -0.89937275
v -2.54821682 -11.30878257 -0.62866604
v -2.65578532 -10.98023605 -0.59147226
v -2.68226623 -10.6246643 -0.5721395
v -2.52816534 -10.99014854 -0.30475658
v -2.56720781 -10.64500236 -0.28980863
v -2.55090379 -10.29978847 -0.28619679
v -2.38077473 -10.65296363 -0.04354332
v -2.37573075 -10.32402038 -0.04420607
v -2.32713604 -10.0029087 -0.04870717
v -2.14188337 -10.33341884 0.15755742
v -2.10449886 -10.032238 0.143361
v -2.0493865 -9.73071479 0.13429583
v -1.84238207 -10.03154754 0.28811264
v -1.80028998 -9.74635028 0.2674711
v -1.75034034 -9.46296596 0.26419451
v -1.51502168 -9.7327528 0.33778667
v -1.48302626 -9.46626853 0.32840332
v -1.44455921 -9.19114494 0.3320111
v -1.19623482 -9.44810581 0.3153961
v -1.17436099 -9.1932497 0.31392678
v -1.14221954 -8.93807411 0.28187033
v -0.90658474 -9.18478775 0.21676699
v -0.88997668 -8.95569133 0.18161723
v -0.85900139 -8.75547599 0.13598984
v -0.65257626 -8.97546005 0.03164168
v -0.63751453 -8.80449867 -0.00141135
v -0.61026608 -8.66722202 -0.01670422
v -0.44196149 -8.8569622 -0.16887439
v -0.43311724 -8.74467182 -0.17550711
v -0.40631768 -8.6384325 -0.1733478
v -0.27466473 -8.81436729 -0.37535142
v -0.25885862 -8.72029113 -0.37195655
v -0.22807891 -8.63777637 -0.36341038
v -0.15659295 -8.77900981 -0.6165446
v -0.13921712 -8.70449161 -0.61210465
v -0.11375407 -8.64508342 -0.60706561
v -0.09788281 -8.7307682 -0.87705338
v -0.08145852 -8.66956424 -0.87430155
v -0.04336639 -8.62700653 -0.87075203
v -0.08129295 -8.65702915 -1.13556802
v -0.03649478 -8.61413288 -1.13334858
v 0.02383872 -8.60529422 -1.12968421
v -0.03481476 -8.57569694 -1.38498675
v 0.04097403 -8.56633949 -1.38370227
v 0.11109254 -8.5899105 -1.378232
v 0.07860481 -8.6316452 -1.12614345
v 0.16628098 -8.6403017 -1.37505054
v 0.1135582 -8.68758392 -1.12596142
v 0.2050742 -8.71141529 -1.37573897
v 0.24771747 -8.5599699 -1.60809123
v 0.31156945 -8.62879562 -1.60071742
v 0.36209967 -8.71609878 -1.59290123
v 0.44952386 -8.52143001 -1.78895878
v 0.52595728 -8.61866664 -1.77112746
v 0.57313066 -8.73920345 -1.77259755
v 0.73381388 -8.50665187 -1.91396212
v 0.81057757 -8.65803718 -1.90254712
v 0.86235696 -8.84334659 -1.92284035
v 1.0777322 -8.5704422 -1.95510053
v 1.13911116 -8.79185104 -1.95788466
v 1.17604792 -9.03665065 -1.98365974
v 1.41311442 -8.7426939 -1.91428613
v 1.45708429 -9.006608 -1.93125164
v 1.50086092 -9.26170921 -1.95696675
v 1.71768248 -8.97232341 -1.809978
v 1.77537548 -9.2358036 -1.8275038
v 1.84280121 -9.49826145 -1.85460734
v 2.00807833 -9.2097702 -1.64506566
v 2.08622431 -9.48423385 -1.66328251
v 2.16587805 -9.76707077 -1.69455862
v 2.26851368 -9.46787452 -1.42798876
v 2.3611567 -9.76169395 -1.45053362
v 2.43680381 -10.06580162 -1.47756934
v 2.48635006 -9.75785446 -1.17234182
v 2.57169508 -10.0746479 -1.18948006
v 2.63290405 -10.40297794 -1.21644139
v 2.6279881 -10.08598423 -0.88245648
v 2.69346237 -10.42933654 -0.89917016
v 2.71253323 -10.78111171 -0.92481011
v 2.66928911 -10.45749187 -0.58203512
v 2.67831683 -10.81457614 -0.59465092
v 2.6168847 -11.16069221 -0.61829459
v 2.54672598 -10.83226966 -0.29033237
v 2.47589731 -11.1655426 -0.31113889
v 2.33179903 -11.46293163 -0.35797885
v 2.27293324 -11.14810657 -0.0375586
v 2.14819145 -11.44314003 -0.07731791
v 1.96900284 -11.70220565 -0.14365303
v 1.91052639 -11.39508152 0.1565186
v 1.75441861 -11.66376495 0.09109297
v 1.56063151 -11.88474941 -0.0099036
v 1.49354505 -11.58223247 0.25627461
v 1.32164192 -11.81614685 0.15344016
v 1.13811779 -12.00564289 0.02586056
v 1.06696081 -11.71671485 0.25843617
v 0.90640908 -11.93017482 0.12624961
v 0.78519356 -12.15378284 -0.01235561
v 0.67191386 -11.85474586 0.16525109
v 0.57874953 -12.10814285 0.0127534
v 0.5225799 -12.34483432 -0.14921146
v 0.38545566 -12.05442524 -0.03230686
v 0.35207238 -12.30772876 -0.19982874
v 0.35425487 -12.50474166 -0.3584474
v 0.20384924 -12.25249576 -0.30592492
v 0.21567727 -12.4582653 -0.45439335
v 0.25797972 -12.6225357 -0.57418417
v 0.1080382 -12.38842487 -0.59101152
v 0.14598648 -12.56807994 -0.69060754
v 0.17865908 -12.73139095 -0.75595367
v 0.07781053 -12.50779533 -0.83662086
v 0.11237739 -12.69189453 -0.88657891
v 0.11541656 -12.85661315 -0.91330754
v 0.09672801 -12.65802288 -1.03521919
v 0.09523969 -12.83719158 -1.0555545
v 0.10845081 -12.98510551 -1.06460642
v 0.11375175 -12.83018016 -1.20239567
v 0.12518596 -12.97823143 -1.20840823
v 0.14229822 -13.0811119 -1.20856261
v 0.1785362 -12.97421073 -1.34406828
v 0.19086159 -13.07660293 -1.3425877
v 0.20822727 -13.1592369 -1.33870863
v 0.27469766 -13.08234596 -1.45198702
v 0.28685846 -13.1573143 -1.44514906
v 0.30962741 -13.22473144 -1.43190598
v 0.38598114 -13.16611766 -1.52338612
v 0.40120792 -13.22716045 -1.50154066
v 0.42280262 -13.28041648 -1.46418094
v 0.50224608 -13.23208236 -1.53541457
v 0.5094484 -13.28027439 -1.49776315
v 0.52300179 -13.27709484 -1.45341813
v 0.59953033 -13.28738689 -1.50774288
v 0.59986728 -13.28286743 -1.46672976
v 0.60630631 -13.22928619 -1.46925807
v 0.67694139 -13.29825496 -1.45315325
v 0.68819981 -13.24587822 -1.45437586
v 0.70317775 -13.18968486 -1.46251177
v 0.76474875 -13.26520347 -1.41382277
v 0.78275018 -13.20960712 -1.4182738
v 0.80141359 -13.14615249 -1.4264028
v 0.84773629 -13.22428989 -1.34658074
v 0.86913996 -13.1601839 -1.35165989
v 0.89549845 -13.07679081 -1.36013484
v 0.91331946 -13.16643047 -1.25549149
v 0.93852877 -13.08529853 -1.26018238
v 0.97247594 -12.98290729 -1.27000749
v 0.95022052 -13.08291244 -1.1480143
v 0.98105907 -12.9826765 -1.15272283
v 1.02699375 -12.86719608 -1.15893125
v 0.95895338 -12.97510814 -1.0311892
v 1.00017011 -12.85819816 -1.02544462
v 1.07555556 -12.72858524 -1.01671481
v 0.94756096 -12.84719848 -0.89515072
v 1.01672315 -12.71454429 -0.86256843
v 1.13729047 -12.5938034 -0.81546247
v 0.94343173 -12.7012043 -0.72960585
v 1.05105495 -12.56569957 -0.6573556
v 1.21255946 -12.44305896 -0.57379609
v 0.9593141 -12.54858303 -0.53312712
v 1.09413981 -12.40742588 -0.42516458
v 1.24960756 -12.24455356 -0.33705723
v 0.9595133 -12.37991523 -0.30310097
v 1.09334945 -12.19382858 -0.19711542
v 1.25761997 -11.99619388 -0.10663356
v 0.9283244 -12.14374542 -0.09824138
v 1.07069468 -11.92436599 0.00887741
v 1.24518823 -11.70644378 0.11261453
v 0.87629956 -11.84918212 0.06560613
v 1.02254116 -11.60630893 0.16337946
v 1.1471064 -11.35515308 0.23542621
v 0.79139053 -11.51113319 0.13626772
v 0.88177192 -11.26197814 0.19345447
v 0.9405896 -11.01886177 0.20540572
v 0.6277154 -11.18912792 0.06551133
v 0.66998922 -10.95888996 0.0640861
v 0.70201224 -10.73284244 0.03684957
v 0.4439302 -10.92283821 -0.14424961
v 0.47507572 -10.705513 -0.17722426
v 0.50113761 -10.49185657 -0.21375286
v 0.29985222 -10.70093441 -0.43323311
v 0.33195939 -10.48677921 -0.46643868
v 0.3676756 -10.26738452 -0.49166092
v 0.23832945 -10.49743843 -0.74566763
v 0.28026044 -10.2736988 -0.76152336
v 0.31927183 -10.04599475 -0.77243644
v 0.26776421 -10.29371929 -1.04217624
v 0.30596658 -10.06094837 -1.04446303
v 0.33022984 -9.82583332 -1.04643285
v 0.35066497 -10.078125 -1.30994689
v 0.37007552 -9.83863067 -1.30800116
v 0.37881681 -9.60043144 -1.30690538
v 0.46138596 -9.84828758 -1.55616068
v 0.4627771 -9.60470676 -1.5538876
v 0.45473909 -9.35887146 -1.54321312
v 0.60844498 -9.60191822 -1.76782929
v 0.59631013 -9.34761905 -1.75506937
v 0.5978567 -9.10342311 -1.72914266
v 0.80229491 -9.33191013 -1.90192723
v 0.80082976 -9.07911014 -1.87032961
v 0.78817218 -8.84511947 -1.8453021
v 1.03485 -9.05251598 -1.92783284
v 1.01127409 -8.80066776 -1.90794503
v 0.95517772 -8.56581783 -1.92339158
v 1.24371695 -8.75262451 -1.89401674
v 1.18442833 -8.48657798 -1.92166233
v 1.46363413 -8.70138073 -1.8135935
v 1.39422893 -8.39808845 -1.85262835
v 1.65278255 -8.64984798 -1.68630325
v 1.57726895 -8.32466888 -1.71887564
v 1.8103764 -8.60167598 -1.51872956
v 1.73011577 -8.2758913 -1.53769636
v 1.63645494 -7.96138858 -1.51941943
v 1.84116113 -8.2550373 -1.32457494
v 1.76378643 -7.95770549 -1.2934035
v 1.83290588 -7.99061346 -1.052675
v 1.69739234 -8.9539566 -1.67880499
v 1.49594175 -8.99240112 -1.81777286
v 1.52921247 -9.26291179 -1.83988773
v 1.27216422 -9.02474498 -1.90599203
v 1.2940973 -9.29060745 -1.93671393
v 1.33365654 -9.55559158 -1.96491837
v 1.04465246 -9.31264209 -1.96327078
v 1.07063782 -9.57744503 -1.98768866
v 1.10207235 -9.83671951 -1.99716901
v 0.81779861 -9.59280395 -1.92186665
v 0.83463412 -9.84623813 -1.93012762
v 0.83893001 -10.08761501 -1.94963264
v 0.61521846 -9.85062313 -1.77305364
v 0.60991549 -10.09121894 -1.78548991
v 0.59060311 -10.32896995 -1.8141272
v 0.45033168 -10.08919239 -1.5620321
v 0.42681574 -10.32856464 -1.57851755
v 0.39677006 -10.56376743 -1.60012877
v 0.32145869 -10.31660842 -1.31615066
v 0.28808769 -10.54965877 -1.32140266
v 0.2557705 -10.7758007 -1.31705594
v 0.22903114 -10.52308273 -1.03477537
v 0.19208428 -10.74724292 -1.01563739
v 0.17592757 -10.96614074 -0.98551023
v 0.20008964 -10.71759891 -0.71703672
v 0.18094728 -10.93578338 -0.68185693
v 0.17089004 -11.15550231 -0.64750957
v 0.27267181 -10.91634845 -0.39641135
v 0.250256 -11.14011001 -0.36780184
v 0.23275844 -11.37564086 -0.35955339
v 0.41011789 -11.14852809 -0.12781424
v 0.37264686 -11.3883028 -0.13579158
v 0.33095517 -11.6559925 -0.17762473
v 0.56971943 -11.43333816 0.03344842
v 0.49523994 -11.70305252 -0.0327711
v 0.43121165 -11.98830795 -0.13671244
v 0.68155205 -11.77013015 0.0482179
v 0.58637344 -12.04209804 -0.06386586
v 0.52782279 -12.30071258 -0.20266395
v 0.7577244 -12.09613132 -0.04837468
v 0.67597812 -12.33759975 -0.18544337
v 0.62979567 -12.5346651 -0.33108404
v 0.82343345 -12.36333274 -0.2197597
v 0.75035965 -12.54659938 -0.35930705
v 0.70764982 -12.71357059 -0.47395879
v 0.85780596 -12.54658794 -0.42769134
v 0.79342407 -12.70790958 -0.53323215
v 0.76002532 -12.85653686 -0.60519623
v 0.86927276 -12.69935703 -0.62195962
v 0.82256686 -12.84653663 -0.68414056
v 0.80769258 -12.95437908 -0.7202332
v 0.88506174 -12.84162616 -0.77985203
v 0.86118 -12.95552444 -0.80914908
v 0.85131961 -13.04522132 -0.82668095
v 0.91491723 -12.96416568 -0.91467005
v 0.89822888 -13.05879497 -0.92507237
v 0.88518619 -13.13355636 -0.93032544
v 0.93471366 -13.07302379 -1.03423678
v 0.9169051 -13.14917755 -1.03585302
v 0.90108537 -13.21517849 -1.03527891
v 0.92829662 -13.16151619 -1.14592301
v 0.90989023 -13.22729492 -1.14518165
v 0.89506298 -13.28909778 -1.14569521
v 0.89100313 -13.22991943 -1.25261509
v 0.8743186 -13.28944873 -1.25293362
v 0.86667954 -13.34550476 -1.25668275
v 0.829557 -13.2810955 -1.34510862
v 0.81739926 -13.3365612 -1.34799528
v 0.84958672 -13.34416294 -1.37810528
v 0.75068557 -13.31897163 -1.4150592
v 0.77259409 -13.32563591 -1.45100891
v 0.80167222 -13.28049945 -1.48054909
v 0.68655014 -13.30431842 -1.49400007
v 0.70569288 -13.25933647 -1.52878618
v 0.71913242 -13.20886611 -1.54916274
v 0.60491436 -13.24245643 -1.54415834
v 0.60933762 -13.19243431 -1.56822288
v 0.61483824 -13.12791156 -1.58721411
v 0.49741855 -13.17893409 -1.56095242
v 0.49454474 -13.11213588 -1.58053588
v 0.49355959 -13.02187061 -1.59592759
v 0.37824237 -13.09564113 -1.5362668
v 0.37420433 -12.9993925 -1.54517769
v 0.37269142 -12.8680973 -1.55865955
v 0.26841059 -12.98207187 -1.45674979
v 0.26326423 -12.8465538 -1.46357154
v 0.26422235 -12.68330574 -1.47012496
v 0.16949537 -12.83258533 -1.34411561
v 0.17561109 -12.65612888 -1.33589315
v 0.16032661 -12.46363544 -1.3422805
v 0.11927373 -12.64721584 -1.18374609
v 0.08826316 -12.44786167 -1.17039144
v 0.06928132 -12.22850894 -1.15971314
v 0.06324836 -12.46142864 -1.00063216
v 0.04750748 -12.24591541 -0.9557234
v 0.05311392 -12.01876163 -0.89289027
v 0.0546444 -12.30501747 -0.76438289
v 0.0539161 -12.08754825 -0.66099405
v 0.06070422 -11.85402584 -0.55712682
v 0.09807137 -12.17745304 -0.46175667
v 0.10602381 -11.9297409 -0.3270393
v 0.12319465 -11.66094398 -0.21906644
v 0.21930745 -11.99612903 -0.14783173
v 0.25222346 -11.71231555 -0.0153424
v 0.3039653 -11.43413829 0.07351087
v 0.4491032 -11.77797985 0.1119415
v 0.53497809 -11.50673294 0.21824172
v 0.6203463 -11.25845527 0.28582015
v 0.79871344 -11.60422802 0.28228691
v 0.91188776 -11.36565876 0.36572757
v 1.00197076 -11.11791133 0.42197978
v 1.21068668 -11.48062992 0.35352742
v 1.32274317 -11.22159671 0.4202151
v 1.40075719 -10.94843959 0.44619265
v 1.62890565 -11.31740284 0.3250561
v 1.72132027 -11.03509712 0.35629791
v 1.77306282 -10.74362564 0.35717999
v 2.01716375 -11.10444736 0.18994876
v 2.07504749 -10.79938793 0.19391639
v 2.08847069 -10.49427127 0.17646604
v 2.33748054 -10.82818412 -0.0251019
v 2.34735107 -10.5028696 -0.03500574
v 2.31632947 -10.18006706 -0.04982759
v 2.54918956 -10.48580551 -0.28968003
v 2.4990313 -10.14468002 -0.29517597
v 2.41659164 -9.81635475 -0.29670071
v 2.60195326 -10.10884761 -0.57875579
v 2.50919389 -9.77889061 -0.57537424
v 2.41227388 -9.46555423 -0.57368695
v 2.53364753 -9.7607727 -0.87443411
v 2.43428444 -9.45198535 -0.86978119
v 2.34450626 -9.15435695 -0.87183755
v 2.38724088 -9.45470428 -1.15955174
v 2.30051541 -9.16166782 -1.15619349
v 2.21957612 -8.87022781 -1.16479408
v 2.18595504 -9.18162727 -1.41708552
v 2.10891103 -8.89635849 -1.42030406
v 2.02605319 -8.60427093 -1.4351269
v 1.93748986 -8.93376255 -1.63699638
v 1.86403799 -8.6447649 -1.64241361
v 1.77890133 -8.33622741 -1.66143965
v 1.65865504 -8.69412231 -1.80435323
v 1.58035635 -8.39902782 -1.81949901
v 1.46263206 -8.1104393 -1.84693932
v 1.34499609 -8.47984123 -1.91981315
v 1.2321062 -8.23077774 -1.95967364
v 0.98352289 -8.36893749 -1.98716568
v 0.62705475 -8.37518978 -1.95343136
v 0.48117569 -8.27270221 -1.99190044
v 0.34765684 -8.45337963 -1.81689584
v 0.2247955 -8.41004371 -1.83646845
v 0.29742348 -8.20384502 -2.01642322
v 0.1623329 -8.51938819 -1.61988222
v 0.06721977 -8.50566101 -1.62847471
v 0.09696938 -8.39504718 -1.84602868
v -0.04173846 -8.40358066 -1.84322619
v -0.08569306 -8.1905632 -2.02021336
v 0.10700886 -8.1796751 -2.02539539
v -0.03230395 -8.51316165 -1.6280961
v -0.12415754 -8.54915905 -1.61923515
v -0.17615707 -8.43859481 -1.82916319
v -0.09686281 -8.61488342 -1.3860948
v -0.15328556 -8.67519283 -1.38191151
v -0.21156884 -8.60533523 -1.60803842
v -0.10220838 -8.72082519 -1.13853859
v -0.12338593 -8.79527664 -1.13963437
v -0.18634352 -8.75276088 -1.38154912
v -0.11020935 -8.8044939 -0.87996363
v -0.12064372 -8.88798522 -0.88138783
v -0.14396245 -8.88026046 -1.13888883
v -0.16288203 -8.86421871 -0.61833632
v -0.16746497 -8.95266246 -0.61754322
v -0.1320135 -8.97786903 -0.8807767
v -0.28071731 -8.90920829 -0.37365552
v -0.28002616 -9.03553581 -0.36524763
v -0.1702262 -9.07083416 -0.61397838
v -0.44637137 -9.00257396 -0.14916902
v -0.4497379 -9.20413875 -0.1208172
v -0.27509242 -9.22918987 -0.34513953
v -0.66428685 -9.18789959 0.06709311
v -0.66991931 -9.41865444 0.08840475
v -0.45156157 -9.42541408 -0.0982386
v -0.91936755 -9.42697048 0.22861993
v -0.9296323 -9.67442607 0.25215748
v -0.67300128 -9.66003799 0.11420086
v -1.21642196 -9.70197486 0.33336958
v -1.23351228 -9.95718765 0.37634646
v -0.93728995 -9.92256355 0.29568007
v -1.54419422 -10.00024223 0.37217029
v -1.56383907 -10.27088546 0.40939289
v -1.24783754 -10.21704864 0.42182403
v -1.86689686 -10.31562233 0.31310695
v -1.86933672 -10.60626125 0.33182632
v -1.56622505 -10.55060291 0.43311172
v -2.1434791 -10.64121818 0.16593232
v -2.10673618 -10.95266532 0.1661451
v -1.83591449 -10.90332412 0.33594662
v -2.34412241 -10.9823389 -0.04964487
v -2.24455356 -11.29220008 -0.08260726
v -2.01921987 -11.25344848 0.1391059
v -2.41798782 -11.30785656 -0.34405344
v -2.25530576 -11.59008979 -0.39521113
v -2.0906198 -11.57021713 -0.13776144
v -2.37825155 -11.59543037 -0.67361033
v -2.16837 -11.83395957 -0.72189778
v -2.05588293 -11.82516002 -0.45691135
v -2.23215794 -11.83032894 -1.00007629
v -2.0194292 -12.05275631 -1.02001547
v -1.96580243 -12.05251121 -0.76174849
v -2.00698924 -12.02767181 -1.27874326
v -1.80983305 -12.25151443 -1.27295565
v -1.8293724 -12.28277111 -1.03136777
v -1.74507439 -12.20540428 -1.49840736
v -1.54705429 -12.3959341 -1.46081721
v -1.60110652 -12.42554569 -1.25943934
v -1.46177709 -12.36362266 -1.6445893
v -1.26939439 -12.52522945 -1.55843079
v -1.34250807 -12.54556655 -1.40093112
v -1.16957342 -12.49520587 -1.69157743
v -1.03963077 -12.66032695 -1.58865153
v -1.13108193 -12.68714523 -1.48679745
v -0.92612481 -12.62728595 -1.67158162
v -0.86115586 -12.78451633 -1.60296118
v -0.96790909 -12.81652069 -1.52992546
v -0.74627828 -12.74928379 -1.65522491
v -0.71765649 -12.8832283 -1.61437797
v -0.83154225 -12.91186046 -1.56872057
v -0.59666079 -12.85174942 -1.63688135
v -0.58650082 -12.97153377 -1.61431753
v -0.70620048 -12.99437046 -1.59591889
v -0.4624907 -12.9461174 -1.59625971
v -0.4607442 -13.05378532 -1.58252835
v -0.58272045 -13.0737133 -1.59794294
v -0.35023737 -13.03369426 -1.52506923
v -0.35490199 -13.11928653 -1.51902389
v -0.46318182 -13.13216114 -1.56721043
v -0.26234418 -13.10706806 -1.43561959
v -0.27682814 -13.18140316 -1.42692792
v -0.36658585 -13.18612194 -1.50415086
v -0.20939338 -13.18405342 -1.32568013
v -0.23823897 -13.25165939 -1.31564724
v -0.30132514 -13.24243354 -1.41163897
v -0.20376411 -13.26620769 -1.20182442
v -0.2527602 -13.32237148 -1.19708514
v -0.28029719 -13.30499839 -1.30164802
v -0.25318005 -13.32842731 -1.07762253
v -0.30075538 -13.29617691 -1.07773721
v -0.3013499 -13.28908157 -1.18450474
v -0.31798881 -13.29095935 -0.9711157
v -0.28875446 -13.22009182 -0.96936351
v -0.27297595 -13.22190094 -1.07411778
v -0.32823556 -13.20905208 -0.87363964
v -0.29785579 -13.14533138 -0.86395162
v -0.25729295 -13.15020275 -0.96478915
v -0.36416706 -13.13930702 -0.7848894
v -0.33823782 -13.07450008 -0.77279359
v -0.2687242 -13.0728712 -0.85657608
v -0.41894224 -13.07845211 -0.71321213
v -0.40212073 -13.0067892 -0.69438272
v -0.31850355 -12.99201011 -0.7621752
v -0.48605516 -13.02176094 -0.64890348
v -0.47131276 -12.92738246 -0.61311024
v -0.38845905 -12.90216541 -0.66314983
v -0.5574792 -12.94904136 -0.58662599
v -0.55195069 -12.82939434 -0.53016889
v -0.46291974 -12.80039024 -0.55960249
v -0.63464832 -12.84532642 -0.52867448
v -0.65007793 -12.69347953 -0.44168061
v -0.55487954 -12.67425346 -0.44238141
v -0.7401551 -12.6980381 -0.47534382
v -0.79238593 -12.53411102 -0.35791966
v -0.68611657 -12.52452373 -0.31820523
v -0.89113575 -12.53367233 -0.43610978
v -1.00106608 -12.3728733 -0.31705373
v -0.87373429 -12.35157108 -0.2228026
v -1.12125909 -12.3934679 -0.43023613
v -1.277727 -12.23179435 -0.33691024
v -1.13766932 -12.18578243 -0.21088513
v -1.41876447 -12.28211212 -0.48623493
v -1.60799586 -12.10014915 -0.42632934
v -1.46013653 -12.04843235 -0.26050683
v -1.74069345 -12.14337158 -0.62571585
v -1.94458186 -11.91013622 -0.57393163
v -1.8167839 -11.88403701 -0.35838168
v -2.03812837 -11.92165184 -0.81647145
v -2.25646495 -11.666646 -0.7706021
v -2.16253924 -11.65992355 -0.51507693
v -2.28716468 -11.64548873 -1.04020047
v -2.4686551 -11.34840107 -1.02290689
v -2.45388102 -11.37523269 -0.73799651
v -2.40990829 -11.29906845 -1.3011229
v -2.50540471 -10.98065376 -1.30377328
v -2.5822165 -11.01946544 -1.01739132
v -2.36212968 -10.93270778 -1.56495511
v -2.38887095 -10.61422824 -1.5543096
v -2.52963542 -10.64513778 -1.2949711
v -2.1830132 -10.58107471 -1.77505552
v -2.13715028 -10.29509544 -1.72476232
v -2.33919024 -10.3040533 -1.51939308
v -1.89611649 -10.28654098 -1.88764143
v -1.84262919 -10.01734066 -1.8408761
v -2.06820821 -10.01025772 -1.6835736
v -1.59216487 -10.02799034 -1.95605933
v -1.54249465 -9.77071476 -1.93435132
v -1.77617228 -9.74673557 -1.81461811
v -1.28862166 -9.79405212 -2.00062847
v -1.24845588 -9.53993511 -1.98624014
v -1.48300528 -9.51428127 -1.9146223
v -1.00462746 -9.55824279 -1.98544299
v -0.98290538 -9.30582714 -1.95813357
v -1.20984613 -9.28475952 -1.9600135
v -0.7680723 -9.32173633 -1.88537192
v -0.75969159 -9.08739757 -1.87053203
v -0.96304613 -9.06410884 -1.93886601
v -0.58760964 -9.10402774 -1.74035894
v -0.58150196 -8.90171527 -1.74438905
v -0.74301624 -8.87587356 -1.86940431
v -0.45805758 -8.91361904 -1.57169437
v -0.44405195 -8.73003387 -1.59400343
v -0.55322265 -8.71518993 -1.76832592
v -0.36381042 -8.72392177 -1.39692473
v -0.3534384 -8.56271934 -1.4123938
v -0.40302392 -8.57450771 -1.62042236
v -0.32423323 -8.53849983 -1.18976748
v -0.31489738 -8.40777683 -1.19845652
v -0.33048746 -8.43102264 -1.42533206
v -0.33312332 -8.38469123 -0.96186691
v -0.30070507 -8.26677703 -0.95940935
v -0.28578048 -8.29166698 -1.20898699
v -0.35789048 -8.26431942 -0.71258878
v -0.28297925 -8.18111896 -0.67685681
v -0.23005354 -8.17773628 -0.94726485
v -0.37501621 -8.21697616 -0.44237205
v -0.26373302 -8.17755031 -0.3974851
v -0.1861581 -8.12632083 -0.64320707
v -0.07240882 -8.11099815 -0.6256352
v -0.03684966 -8.09829711 -0.93420428
v -0.14164193 -8.11729526 -0.9366222
v -0.12789933 -8.17269134 -0.37183058
v 0.03295108 -8.18520164 -0.38242003
v 0.04924555 -8.12736129 -0.6349253
v 0.02245703 -8.24466991 -0.20365387
v 0.20554667 -8.26926612 -0.2413301
v 0.18793068 -8.21699428 -0.4315935
v 0.23200082 -8.29069995 -0.08738894
v 0.4087297 -8.32628059 -0.14094024
v 0.35977485 -8.31260967 -0.29974189
v 0.26574397 -8.25353431 0.04277699
v 0.47492542 -8.3878746 -0.36176979
v 0.3899953 -8.37840938 -0.55308604
v 0.30768701 -8.28582477 -0.49683243
v 0.55760276 -8.38169765 -0.20335726
v 0.66353601 -8.48930072 -0.25535711
v 0.54855006 -8.50631141 -0.40750798
v 0.58405494 -8.66880989 -0.42348322
v 0.46245712 -8.67480087 -0.60002553
v 0.43869718 -8.5088911 -0.58623325
v 0.72465777 -8.64933109 -0.28004005
v 0.75310504 -8.84887027 -0.27383807
v 0.59402978 -8.86472797 -0.41904485
v 0.58867335 -9.07773971 -0.4057725
v 0.46194547 -8.87319374 -0.59966892
v 0.75983464 -9.06890201 -0.25297212
v 0.75464797 -9.29540729 -0.22773176
v 0.95376616 -9.05055046 -0.13923968
v 0.96399092 -9.2898159 -0.10756956
v 0.96986198 -9.53500175 -0.08819795
v 1.18777322 -9.28232574 -0.04094148
v 1.20625221 -9.53760147 -0.02579256
v 1.22098267 -9.79018306 0.00775038
v 1.41759359 -9.26937103 -0.03718847
v 1.44980073 -9.54084205 -0.02850772
v 1.4775778 -9.80227947 -0.00068086
v 1.5041089 -10.06241512 0.04733836
v 1.6825962 -9.53449344 -0.09251072
v 1.72692155 -9.81060028 -0.07155614
v 1.76790058 -10.08164787 -0.0338995
v 1.80692827 -10.35451889 0.01396045
v 1.94905912 -9.80394458 -0.19808197
v 2.00490665 -10.08828449 -0.17381686
v 2.05553364 -10.37540721 -0.13068187
v 2.0976448 -10.67412376 -0.05619105
v 2.20552921 -10.07645988 -0.35475358
v 2.26941728 -10.38041019 -0.31793344
v 2.32558488 -10.69841861 -0.24856784
v 2.32209491 -11.03818798 -0.20543748
v 2.43040537 -10.37502098 -0.5449177
v 2.49881935 -10.70884227 -0.4904446
v 2.48764467 -11.06336784 -0.46600711
v 2.34893155 -11.39152526 -0.49529841
v 2.58352208 -10.70908832 -0.78087186
v 2.56106305 -11.06145954 -0.77217441
v 2.43277239 -11.39104747 -0.7830984
v 2.24219465 -11.68731689 -0.81541228
v 2.54121446 -11.03791618 -1.08333706
v 2.43857455 -11.36699771 -1.0913465
v 2.25782299 -11.66282939 -1.1021111
v 2.03472423 -11.92057037 -1.12441492
v 2.3496344 -11.31297397 -1.38060212
v 2.19831562 -11.60459804 -1.37603545
v 1.99221277 -11.85793495 -1.38404476
v 1.77709567 -12.09223175 -1.41351103
v 2.07105302 -11.52532577 -1.63318681
v 1.89645898 -11.77465343 -1.62221837
v 1.70182418 -12.02043342 -1.6360768
v 1.51615893 -12.25786018 -1.63201248
v 1.74229526 -11.69990062 -1.83996665
v 1.57763707 -11.95195198 -1.82569289
v 1.40436089 -12.21780967 -1.80168569
v 1.21394383 -12.4196062 -1.70869433
v 1.39664363 -11.89903068 -1.97069096
v 1.24839139 -12.17701435 -1.91668796
v 1.07442128 -12.39044666 -1.80436694
v 0.9325658 -12.54544353 -1.67672169
v 1.04984378 -12.12089824 -1.95823526
v 0.91009092 -12.33614158 -1.83909368
v 0.78887265 -12.50204277 -1.71201241
v 0.71666926 -12.64739227 -1.62190067
v 0.7283734 -12.26790714 -1.81890904
v 0.63619828 -12.44315624 -1.699023
v 0.58032202 -12.60080146 -1.61200904
v 0.54872739 -12.74195194 -1.55400109
v 0.48675602 -12.37473011 -1.63540816
v 0.44777476 -12.54606056 -1.55345583
v 0.42905113 -12.70066738 -1.50130486
v 0.42242574 -12.83809852 -1.46581649
v 0.32564681 -12.48822593 -1.45766961
v 0.32017722 -12.6627531 -1.41695857
v 0.32524371 -12.81695652 -1.39114248
v 0.33567252 -12.94977855 -1.37175309
v 0.23050996 -12.64057922 -1.30875742
v 0.23737719 -12.8034687 -1.29739224
v 0.25795382 -12.94587421 -1.28611767
v 0.28203371 -13.06123256 -1.28160488
v 0.17809721 -12.80453491 -1.18689215
v 0.20063021 -12.95021247 -1.18589758
v 0.23099751 -13.06997966 -1.18397176
v 0.26093846 -13.15848732 -1.18190598
v 0.18156737 -12.9620552 -1.070104
v 0.21455669 -13.0784111 -1.0713092
v 0.25003498 -13.16541194 -1.07235086
v 0.28270405 -13.24281501 -1.07472038
v 0.23211839 -13.08448982 -0.95549672
v 0.26650881 -13.16363143 -0.96091049
v 0.30051323 -13.23598003 -0.96481812
v 0.317097 -13.30377292 -0.96148377
v 0.3116998 -13.15691947 -0.85936909
v 0.34464162 -13.22396183 -0.8674184
v 0.35993963 -13.28316688 -0.8643592
v 0.31229069 -13.28392314 -0.83573591
v 0.40819808 -13.21480941 -0.79145896
v 0.41360032 -13.26996135 -0.78554993
v 0.37942287 -13.25861167 -0.75243443
v 0.34299725 -13.21238994 -0.7301889
v 0.48248201 -13.25454521 -0.73524588
v 0.45972278 -13.24209785 -0.70072937
v 0.43412485 -13.20071125 -0.67111522
v 0.41383779 -13.15524005 -0.64740288
v 0.54145515 -13.23130989 -0.6730324
v 0.52512323 -13.19528198 -0.64128768
v 0.51502513 -13.15601062 -0.61458772
v 0.50657248 -13.10499954 -0.59028977
v 0.61279922 -13.19326877 -0.63208574
v 0.61141449 -13.15785121 -0.60647839
v 0.61133062 -13.11091613 -0.58121967
v 0.61418891 -13.05209446 -0.55614584
v 0.70222419 -13.15720367 -0.61830973
v 0.7107194 -13.1130743 -0.5963279
v 0.72073322 -13.05600452 -0.57465457
v 0.73197901 -12.97456359 -0.54731965
v 0.80615335 -13.11179256 -0.63937819
v 0.82007271 -13.04828071 -0.6247099
v 0.83028239 -12.96329498 -0.60440695
v 0.84687656 -12.84949779 -0.57785779
v 0.90259361 -13.0438652 -0.70680463
v 0.91853469 -12.95606517 -0.69624126
v 0.93835771 -12.85332489 -0.67973607
v 0.98149198 -12.7242403 -0.64962214
v 0.98748672 -12.97082233 -0.80952185
v 1.01556265 -12.87117385 -0.80533343
v 1.07349717 -12.75216198 -0.78577578
v 1.19076097 -12.62579727 -0.73622357
v 1.07704424 -12.89518547 -0.94032359
v 1.13547849 -12.77499198 -0.93561625
v 1.25859475 -12.65089035 -0.91073173
v 1.46353197 -12.53352546 -0.86904239
v 1.16588664 -12.78982925 -1.09164857
v 1.28153133 -12.65114879 -1.09115946
v 1.48879361 -12.52322959 -1.08620464
v 1.71471071 -12.37544441 -1.07087671
v 1.26455664 -12.64012241 -1.26327693
v 1.46629071 -12.49540424 -1.29679358
v 1.68542432 -12.34442234 -1.31821262
v 1.88646698 -12.14059257 -1.32911038
v 1.4021244 -12.46985054 -1.488922
v 1.61124587 -12.30358028 -1.54641759
v 1.80442273 -12.08800983 -1.57597684
v 2.01147747 -11.85784912 -1.60036087
v 1.50114023 -12.25703144 -1.74725091
v 1.68132865 -12.02336978 -1.796144
v 1.87054288 -11.78551864 -1.84001839
v 2.04024696 -11.52847099 -1.86996698
v 1.5062412 -11.95281314 -1.97172725
v 1.66930401 -11.70487594 -2.03495645
v 1.8081696 -11.44566822 -2.07599687
v 1.91531932 -11.16595077 -2.08320713
v 1.40899968 -11.63002681 -2.15063452
v 1.52050328 -11.37157058 -2.20704889
v 1.60620486 -11.0986309 -2.22135162
v 1.66167438 -10.82552146 -2.20665884
v 1.20367944 -11.31133174 -2.24003672
v 1.26962208 -11.0476675 -2.25592804
v 1.31301868 -10.78552341 -2.24221515
v 1.33346498 -10.5326395 -2.20018553
v 0.93657636 -11.01031398 -2.20929503
v 0.96777308 -10.75905895 -2.19316434
v 0.98308819 -10.51817131 -2.15989732
v 0.98914259 -10.28348445 -2.11466598
v 0.64779537 -10.74677848 -2.06244659
v 0.66156309 -10.51372814 -2.02900409
v 0.67429655 -10.28046894 -1.99073505
v 0.68300861 -10.04620266 -1.95367872
v 0.41008138 -10.51729679 -1.80146658
v 0.42883944 -10.28582191 -1.76983594
v 0.44483774 -10.05295372 -1.73799049
v 0.45744952 -9.82003593 -1.70976173
v 0.27283123 -10.29599952 -1.48413336
v 0.29150503 -10.06299114 -1.46311628
v 0.30320692 -9.82927227 -1.44721877
v 0.30251941 -9.59786033 -1.43690359
v 0.19492687 -10.06551933 -1.16376256
v 0.20923894 -9.83349514 -1.15642464
v 0.21495786 -9.6049633 -1.15085136
v 0.2068679 -9.39062309 -1.14926028
v 0.16685499 -9.83025646 -0.85088896
v 0.17699331 -9.60246849 -0.85607719
v 0.17113038 -9.38790798 -0.8623811
v 0.15936994 -9.19149589 -0.86463642
v 0.20712496 -9.59162807 -0.55846983
v 0.2066414 -9.37437534 -0.57100111
v 0.2060002 -9.17673206 -0.57606047
v 0.19714956 -9.02304935 -0.57945889
v 0.33448374 -9.36024665 -0.29622682
v 0.33294236 -9.15804672 -0.31106811
v 0.3174141 -8.9897499 -0.32002034
v 0.29375296 -8.86012458 -0.32119983
v 0.52754247 -9.13863277 -0.08293996
v 0.49809351 -8.95055961 -0.09606074
v 0.45172289 -8.79174232 -0.0972496
v 0.38613614 -8.6587429 -0.0859903
v 0.72724795 -8.9076538 0.08515314
v 0.66270905 -8.71644401 0.08112212
v 0.57384133 -8.54369354 0.09370257
v 0.91333311 -8.63385009 0.20289474
v 0.8159042 -8.42275047 0.20989593
v 1.17054963 -8.5510807 0.25169962
v 1.07149052 -8.3084526 0.25332132
v 0.95738476 -8.07632637 0.26418268
v 0.85343402 -7.84935474 0.28259575
v 1.32105064 -8.22534561 0.21974583
v 1.22352147 -7.97695636 0.22779239
v 1.13563096 -7.74345636 0.23692637
v 1.05386567 -7.51155471 0.24236537
v 0.76592117 -7.60606241 0.30319395
v 1.48213768 -7.9190278 0.12198714
v 1.40848124 -7.67864036 0.13465735
v 1.33430028 -7.44491481 0.13841787
v 1.25446391 -7.21249103 0.1478413
v 0.97453713 -7.27957201 0.25001487
v 1.64173901 -7.63982582 -0.04634465
v 1.57745134 -7.39879703 -0.02779172
v 1.49645245 -7.15453481 -0.00019796
v 1.39831244 -6.9129405 0.030061
v 1.16677534 -6.97964763 0.16980163
v 1.73951757 -7.35570573 -0.25974157
v 1.66104626 -7.09934568 -0.21025839
v 1.55818069 -6.85307312 -0.16445091
v 1.45618808 -6.61948013 -0.12961156
v 1.29951369 -6.67902612 0.06607475
v 1.52165818 -6.58154344 -0.37848788
v 1.45122695 -6.36716842 -0.34494495
v 1.38067412 -6.39944553 -0.09688681
v 1.44303131 -6.34107971 -0.60978251
v 1.41658878 -6.12875938 -0.56693643
v 1.41522753 -6.15666818 -0.309464
v 1.35761308 -6.09239959 -0.82671386
v 1.36802184 -5.87869262 -0.77247387
v 1.42175829 -5.91952467 -0.52256536
v 1.26475691 -5.82134485 -1.00765514
v 1.30504572 -5.60818004 -0.93792843
v 1.40770173 -5.67436122 -0.71648031
v 1.15767514 -5.52779436 -1.13518893
v 1.2200061 -5.31912851 -1.0539875
v 1.37236452 -5.40997076 -0.86698681
v 1.01320266 -5.23277854 -1.22401666
v 1.0749166 -5.05475759 -1.15460586
v 1.27915859 -5.14751815 -0.98114872
v 0.83831036 -4.96594762 -1.2986505
v 0.90293151 -4.80919599 -1.23714709
v 1.12345778 -4.91804742 -1.08624208
v 0.57611721 -4.88525867 -1.40835773
v 0.66319042 -4.6964755 -1.3584876
v 0.53593236 -4.3790884 -1.37821352
v 0.7546339 -4.53491115 -1.29828155
v 0.97069114 -4.67663812 -1.17587637
v 1.1729176 -4.80740737 -1.02163434
v 0.84209853 -4.40295505 -1.24655163
v 1.03735947 -4.56516933 -1.11080575
v 1.24175524 -4.71181821 -0.97540366
v 1.43585407 -4.81823492 -0.84881514
v 1.37463629 -4.90670156 -0.87637192
v 1.13364386 -4.47437095 -1.07712006
v 1.33967506 -4.63945722 -0.96829396
v 1.52242589 -4.75996303 -0.84913891
v 1.6460452 -4.81080484 -0.71922916
v 1.58319854 -4.86676216 -0.71473676
v 1.73049199 -4.79999971 -0.57676893
v 1.67972648 -4.86025953 -0.56202834
v 1.64351046 -4.95112323 -0.56192511
v 1.54391789 -4.95416593 -0.72994321
v 1.6133573 -5.10399532 -0.58088272
v 1.4956175 -5.0783143 -0.75489342
v 1.32686388 -5.01171445 -0.91973477
v 1.4417808 -5.2342391 -0.80431801
v 1.54649162 -5.28666925 -0.60610616
v 1.47459948 -5.4816184 -0.65708959
v 1.59440362 -5.29928398 -0.39555758
v 1.5237894 -5.51358079 -0.43308839
v 1.45840358 -5.71506834 -0.47765839
v 1.49068832 -5.51328468 -0.20599642
v 1.43722915 -5.73177433 -0.23899437
v 1.41083145 -5.94511127 -0.27401828
v 1.33429181 -5.73131322 -0.0225982
v 1.31867754 -5.95839452 -0.04274035
v 1.33446037 -6.18133878 -0.06887568
v 1.14939701 -5.96873331 0.14462795
v 1.16803431 -6.20867586 0.1248503
v 1.21906423 -6.44558811 0.09992619
v 0.96025472 -6.24424266 0.2642847
v 1.0130403 -6.49721717 0.23793491
v 1.08357858 -6.74276781 0.20374275
v 0.77489787 -6.54633331 0.33141058
v 0.83067816 -6.79839754 0.29797941
v 0.8984006 -7.04240894 0.26730057
v 0.56204247 -6.84747934 0.35905897
v 0.61864393 -7.10174512 0.3342579
v 0.68778789 -7.35501909 0.31755432
v 0.33611255 -7.1576004 0.36705094
v 0.40664374 -7.43557786 0.34285044
v 0.06145436 -7.20089674 0.372215
v 0.14266595 -7.51778936 0.33794587
v 0.01366088 -6.92402029 0.39046129
v 0.28688126 -6.89136457 0.38576671
v 0.25448232 -6.62268495 0.40820756
v -0.00829237 -6.65057134 0.41205552
v 0.51811623 -6.5875988 0.38729909
v 0.48658371 -6.31827449 0.41525498
v 0.23198355 -6.34835004 0.43752628
v 0.73289758 -6.28340435 0.35987839
v 0.71237474 -6.01295757 0.38048094
v 0.46991908 -6.0422573 0.44418069
v 0.93915772 -5.98669481 0.28272336
v 0.94897288 -5.72682046 0.29441225
v 0.71272271 -5.74384164 0.39629343
v 1.16183972 -5.72422981 0.15711288
v 1.1967678 -5.47862434 0.16670478
v 0.97477686 -5.47391605 0.30440545
v 1.37437427 -5.49635124 -0.0042954
v 1.42147421 -5.25500917 0.00923075
v 1.23803639 -5.23412847 0.17828646
v 1.5433315 -5.2833209 -0.18158127
v 1.64446723 -5.08533 -0.3734591
v 1.67826974 -4.90984821 -0.37845212
v 1.72197485 -4.80027198 -0.39786675
v 1.78539025 -4.72398519 -0.42920163
v 1.82709336 -4.61547613 -0.29026129
v 1.97340774 -4.61726665 -0.31904366
v 1.893206 -4.72367334 -0.44985777
v 2.00748872 -4.77953434 -0.44690764
v 2.11029839 -4.67471838 -0.31728565
v 1.81424748 -4.78885173 -0.59187024
v 1.92767584 -4.83824968 -0.59244662
v 2.08340787 -4.96337938 -0.57543468
v 2.15095901 -4.88636589 -0.43404063
v 2.31727051 -5.05841302 -0.40122416
v 2.42564249 -4.94799327 -0.27844351
v 2.26107049 -4.78236055 -0.30831939
v 2.24648499 -5.13803529 -0.54788696
v 2.38160657 -5.32873964 -0.50337457
v 2.4540441 -5.24439001 -0.35387963
v 2.21927022 -5.1792221 -0.70916837
v 2.35971331 -5.37596941 -0.67455589
v 2.5118184 -5.55550766 -0.63445788
v 2.53259325 -5.50787591 -0.46326443
v 2.24125313 -5.17583513 -0.86996096
v 2.38683724 -5.38031053 -0.84744507
v 2.53850317 -5.56036615 -0.8099668
v 2.70888614 -5.67461442 -0.76153171
v 2.68521642 -5.67248344 -0.60584551
v 2.45558905 -5.33827877 -1.00191295
v 2.60887265 -5.51662397 -0.96598148
v 2.76755929 -5.6396141 -0.90176868
v 2.91153788 -5.72231388 -0.83912551
v 2.86856651 -5.750597 -0.71899372
v 2.7083044 -5.44301939 -1.08664751
v 2.85074949 -5.57982254 -1.01880061
v 2.98198032 -5.67217302 -0.94184821
v 3.10777425 -5.74595212 -0.87136906
v 3.05418181 -5.78364324 -0.78696924
v 2.95660328 -5.50894212 -1.11156451
v 3.06974411 -5.61400747 -1.02111816
v 3.18164253 -5.69697666 -0.93859177
v 3.27345347 -5.78002643 -0.87142574
v 3.21084833 -5.82216024 -0.8124417
v 3.18174362 -5.53926277 -1.07288134
v 3.26847767 -5.638309 -0.98021775
v 3.35034298 -5.72632408 -0.90701168
v 3.41593432 -5.8010354 -0.85800409
v 3.34346318 -5.85209369 -0.82642954
v 3.36905765 -5.5651021 -0.98604059
v 3.4394195 -5.65844202 -0.91303044
v 3.49474644 -5.73762893 -0.86282432
v 3.53777885 -5.79579496 -0.82857459
v 3.46510148 -5.8588109 -0.82234346
v 3.52499342 -5.59090519 -0.88634693
v 3.57366323 -5.67306232 -0.8396539
v 3.61007785 -5.73252916 -0.80874222
v 3.63554358 -5.77550029 -0.78695786
v 3.56864309 -5.83520364 -0.80341303
v 3.64450478 -5.61623144 -0.79268252
v 3.67560935 -5.67840623 -0.76866501
v 3.69691109 -5.72517395 -0.75194507
v 3.71837019 -5.77303791 -0.73004335
v 3.66015338 -5.81978035 -0.75915175
v 3.72631239 -5.63620853 -0.7143439
v 3.74740195 -5.68472957 -0.70260012
v 3.76748108 -5.73350048 -0.68853849
v 3.76136922 -5.75774431 -0.67184603
v 3.71765804 -5.79315948 -0.7105745
v 3.77947139 -5.65395498 -0.64046216
v 3.80109167 -5.70346069 -0.63583225
v 3.79065632 -5.73276519 -0.62472802
v 3.75821828 -5.70657444 -0.62803363
v 3.73151159 -5.72779893 -0.67693704
v 3.70108103 -5.68454456 -0.69281786
v 3.66142416 -5.7173047 -0.7348777
v 3.69187903 -5.76069927 -0.71674394
v 3.72535347 -5.6625204 -0.64200788
v 3.69422888 -5.60450601 -0.66444784
v 3.66881823 -5.6289854 -0.71909612
v 3.73291158 -5.65309524 -0.58728945
v 3.70241785 -5.59178924 -0.60708969
v 3.67329454 -5.51758813 -0.6296162
v 3.6623013 -5.53311538 -0.69344002
v 3.72534322 -5.65512561 -0.53610551
v 3.69261074 -5.59279394 -0.55169463
v 3.66662192 -5.51654863 -0.56390869
v 3.64020395 -5.42417192 -0.57624715
v 3.64604878 -5.42685508 -0.65578573
v 3.67165327 -5.60540723 -0.50186795
v 3.64214777 -5.53069305 -0.50666314
v 3.61310172 -5.43979311 -0.50492227
v 3.58739948 -5.31408834 -0.4910874
v 3.61864852 -5.30284404 -0.58825874
v 3.60376334 -5.55641365 -0.45806059
v 3.56857967 -5.46690559 -0.44458878
v 3.53366541 -5.34280014 -0.41026455
v 3.4900248 -5.19045209 -0.37608707
v 3.55806493 -5.15894365 -0.48064905
v 3.50939345 -5.50398683 -0.39256689
v 3.4658482 -5.38430023 -0.34293609
v 3.40628719 -5.24014663 -0.28964465
v 3.308429 -5.0709443 -0.27012795
v 3.41087007 -5.0145874 -0.36588686
v 3.38254928 -5.43796491 -0.29324123
v 3.30017352 -5.30645704 -0.24036997
v 3.18416047 -5.14391994 -0.21799661
v 3.06361413 -4.96381521 -0.22071014
v 3.19483161 -4.89114236 -0.27881902
v 3.18318152 -5.38180446 -0.2363189
v 3.05684113 -5.22566318 -0.21046474
v 2.92451334 -5.04607582 -0.21392834
v 2.80886912 -4.86488246 -0.24804136
v 2.94887781 -4.78179216 -0.25086316
v 2.93660044 -5.30789423 -0.23167601
v 2.79414892 -5.12993526 -0.23878863
v 2.6759994 -4.94896888 -0.28185835
v 2.57412791 -4.76531505 -0.30693125
v 2.70631289 -4.68649625 -0.27526241
v 2.67969322 -5.21248006 -0.29778319
v 2.55912423 -5.01990079 -0.3405337
v 2.45783448 -4.82811832 -0.35570207
v 2.36426472 -4.63481092 -0.31050878
v 2.4818263 -4.58136797 -0.27849057
v 2.46523308 -5.08207559 -0.41407641
v 2.35164022 -4.88283634 -0.41464707
v 2.25795006 -4.6783452 -0.34659737
v 2.20302176 -4.45857286 -0.23791353
v 2.30094146 -4.42910146 -0.22321626
v 2.26623511 -4.92176485 -0.48036795
v 2.16431546 -4.70895433 -0.39254224
v 2.11448693 -4.47827243 -0.25519964
v 2.10889101 -4.21779966 -0.12113588
v 2.17980337 -4.20866203 -0.12190603
v 2.08249378 -4.72212123 -0.44277018
v 2.03441429 -4.48315429 -0.27976492
v 2.0439682 -4.21812582 -0.13956022
v 2.05369901 -3.92947816 -0.03320187
v 2.10124158 -3.93561744 -0.0010513
v 1.99514102 -4.46788644 -0.33133119
v 2.00932192 -4.20620536 -0.18384352
v 2.02780795 -3.91900396 -0.0860083
v 2.04150152 -3.60993695 -0.03260906
v 2.04663229 -3.61559152 0.03141585
v 2.02443766 -4.18956804 -0.24456831
v 2.03982806 -3.90843796 -0.14127323
v 2.05297517 -3.60649633 -0.09346497
v 2.08918976 -3.32599711 -0.10932878
v 2.07557606 -3.31602954 -0.04262365
v 2.06661701 -3.90061569 -0.19708135
v 2.07683897 -3.60627698 -0.15856869
v 2.10747218 -3.33608007 -0.17751035
v 2.15089607 -3.09414601 -0.21878936
v 2.13832569 -3.08010292 -0.1520223
v 2.1051929 -3.60600519 -0.22224177
v 2.12993741 -3.34488415 -0.24767765
v 2.16530847 -3.11176371 -0.29280483
v 2.17493033 -2.89651966 -0.3345147
v 2.16633868 -2.87490224 -0.2565808
v 2.15636539 -3.36060237 -0.33157151
v 2.17538952 -3.14277434 -0.37872117
v 2.18143963 -2.93272066 -0.43465817
v 2.13960456 -2.74913001 -0.47183722
v 2.14263773 -2.70970654 -0.36320367
v 2.19231391 -3.18796467 -0.48101449
v 2.17588543 -2.98818421 -0.54442811
v 2.12891864 -2.7939701 -0.58296126
v 2.0274744 -2.61044025 -0.58086776
v 2.03796458 -2.57988357 -0.47360089
v 2.18566489 -3.04502964 -0.66076111
v 2.11755132 -2.82057428 -0.68381947
v 2.01370763 -2.62891459 -0.67070198
v 1.87817645 -2.48980617 -0.66255939
v 1.88806378 -2.4778614 -0.56496876
v 2.10600996 -2.82989859 -0.7608813
v 2.00372767 -2.63395547 -0.75104343
v 1.86864447 -2.49342393 -0.74754446
v 1.71759164 -2.39686536 -0.75058949
v 1.72405767 -2.40022492 -0.65572655
v 1.99157857 -2.63721036 -0.82430845
v 1.85995864 -2.49277019 -0.8270927
v 1.71591413 -2.38063001 -0.83627402
v 1.55994188 -2.29880785 -0.8476938
v 1.56002259 -2.32957696 -0.75298667
v 1.86193037 -2.47946834 -0.90124511
v 1.72256314 -2.35179328 -0.91712755
v 1.56714355 -2.25397491 -0.93105286
v 1.38713204 -2.19742679 -0.95042222
v 1.38684594 -2.25791883 -0.85720527
v 1.74249482 -2.31431102 -0.98888421
v 1.58181345 -2.19617199 -1.01000142
v 1.39323556 -2.12718939 -1.03137004
v 1.18661034 -2.19260144 -0.96968811
v 1.6083256 -2.13206887 -1.07765114
v 1.77505421 -2.26988768 -1.04786419
v 1.82432794 -2.21339941 -1.09352421
v 1.64388001 -2.06287097 -1.12577116
v 1.88237416 -2.16120433 -1.11122441
v 1.68886148 -1.9824866 -1.15193676
v 1.94335973 -2.11154413 -1.10079765
v 1.73876428 -1.91143178 -1.14782655
v 2.00309515 -2.0603919 -1.06464803
v 1.79813659 -1.83598721 -1.12451899
v 2.0663712 -2.00361967 -1.00447654
v 1.86278247 -1.75956988 -1.07023501
v 2.1215868 -1.95010805 -0.91648674
v 1.92229962 -1.69058215 -0.97496581
v 1.65007448 -1.45784282 -0.98700165
v 1.97324776 -1.63067448 -0.85286337
v 1.70676875 -1.38618934 -0.8705784
v 1.37538516 -1.19209432 -0.85653722
v 1.74422287 -1.33689963 -0.73188126
v 1.41038429 -1.13449633 -0.7312898
v 1.03435003 -0.98019355 -0.74392277
v 1.41973269 -1.11620044 -0.59356349
v 1.03949797 -0.96221965 -0.60978698
v 0.65018451 -0.84309023 -0.6308422
v 1.02566969 -0.99144446 -0.47727626
v 0.64201945 -0.88426905 -0.49328386
v 0.26443845 -0.80582535 -0.49606514
v 0.6265403 -0.96876126 -0.37125107
v 0.26405862 -0.90625071 -0.36705058
v -0.09049625 -0.89172047 -0.36706182
v 0.26515781 -1.03851437 -0.24898375
v -0.07042361 -1.02932846 -0.24211384
v -0.39526301 -1.06038999 -0.24621102
v -0.04689182 -1.18475937 -0.11479393
v -0.35890066 -1.2164272 -0.12056299
v -0.65673792 -1.27787971 -0.1359405
v -0.31963673 -1.39768362 0.00634214
v -0.60710239 -1.46303772 -0.02276302
v -0.88087046 -1.53435468 -0.03225281
v -0.56919533 -1.65888416 0.07313045
v -0.84672856 -1.71375298 0.04837467
v -1.11057686 -1.75602901 0.04897793
v -0.83045762 -1.88925635 0.0994551
v -1.1022619 -1.90110838 0.08439075
v -1.35925924 -1.92221045 0.08932719
v -1.35805654 -2.02785325 0.08867088
v -1.58568763 -2.07740616 0.09245757
v -1.36487293 -2.12907815 0.06591313
v -1.57292461 -2.16806864 0.06189617
v -1.76124227 -2.24231839 0.03725232
v -1.56669628 -2.24571752 0.00536382
v -1.74028074 -2.30320358 -0.02798794
v -1.8993926 -2.37827253 -0.07432925
v -1.72775435 -2.33806586 -0.1106425
v -1.88515842 -2.39494419 -0.14980965
v -2.02201509 -2.49553823 -0.18198745
v -1.874884 -2.40668916 -0.23678675
v -2.0133481 -2.50101065 -0.26190555
v -2.11289978 -2.64059519 -0.27200365
v -2.00225281 -2.50916814 -0.36151483
v -2.10842728 -2.64752912 -0.36898154
v -2.16433358 -2.81865787 -0.35062417
v -2.09576702 -2.66122698 -0.48438531
v -2.16146397 -2.83167696 -0.45886012
v -2.18383646 -3.0266478 -0.40510618
v -2.1577475 -2.86246466 -0.57472407
v -2.19192218 -3.05167102 -0.52083522
v -2.14147758 -2.87606072 -0.6755473
v -2.19556212 -3.08413958 -0.6478064
v -2.12673783 -2.87233543 -0.76489889
v -2.18828797 -3.08969521 -0.76308465
v -2.10638809 -2.86051178 -0.84317249
v -2.17378306 -3.07110977 -0.86984938
v -2.08438301 -2.8334887 -0.9179151
v -2.15400052 -3.04035282 -0.95068407
v -2.07441806 -2.79950547 -0.99142748
v -2.13783597 -3.00570082 -1.02810239
v -2.20825529 -3.23244047 -1.08225166
v -2.12842893 -2.96599197 -1.0987339
v -2.20001936 -3.19550418 -1.16269063
v -2.30289864 -3.44837498 -1.20202791
v -2.21594357 -3.15285277 -1.23174953
v -2.31409168 -3.41957211 -1.2846626
v -2.28512525 -3.12270927 -1.21254849
v -2.36624407 -3.38596081 -1.2976613
v -2.34733319 -3.10877919 -1.14543497
v -2.42181897 -3.35806727 -1.23239564
v -2.39975643 -3.09459853 -1.06740129
v -2.46883368 -3.33676385 -1.14958417
v -2.57312226 -3.59012341 -1.20244693
v -2.51510953 -3.31720995 -1.06060004
v -2.61577177 -3.55504012 -1.11473357
v -2.72591853 -3.80034327 -1.11573112
v -2.65521836 -3.51872062 -1.00555396
v -2.76871848 -3.73768329 -1.01953351
v -2.8682754 -3.94892573 -0.97423934
v -2.79501676 -3.68449497 -0.87754941
v -2.90529394 -3.88425254 -0.85784173
v -3.01013279 -4.09522628 -0.82052654
v -2.91254305 -3.84945249 -0.70178198
v -3.02495718 -4.05753707 -0.68425363
v -3.12720799 -4.27585744 -0.66161024
v -2.98748779 -4.05915641 -0.5333966
v -3.09203743 -4.27517986 -0.52337378
v -3.19807577 -4.48538017 -0.51032596
v -3.01295018 -4.30485487 -0.40217104
v -3.11865544 -4.50944995 -0.39217925
v -3.23214483 -4.70528698 -0.36918914
v -3.00242829 -4.55799102 -0.3080604
v -3.11444091 -4.75170421 -0.28371715
v -3.23244381 -4.94251585 -0.26255372
v -2.97290992 -4.81552362 -0.24434675
v -3.0893023 -5.0056796 -0.21876902
v -3.20287704 -5.18633317 -0.22590979
v -2.94005537 -5.07903194 -0.21920014
v -3.06530022 -5.25701522 -0.22491289
v -3.18366122 -5.40793705 -0.24959465
v -2.93773198 -5.33390235 -0.24911345
v -3.07199955 -5.48068761 -0.26961788
v -3.19116258 -5.5931487 -0.30550634
v -2.98135232 -5.55228471 -0.31584674
v -3.11667037 -5.65244245 -0.35055372
v -3.2287271 -5.72642755 -0.38762083
v -3.06265568 -5.70466804 -0.4157724
v -3.1800065 -5.76924991 -0.44173166
v -3.27246308 -5.82496929 -0.45656582
v -3.14645528 -5.80431413 -0.50843721
v -3.24461031 -5.85309934 -0.51072782
v -3.32664609 -5.8982253 -0.51052898
v -3.23377037 -5.86769485 -0.57564538
v -3.31731391 -5.90857935 -0.56475883
v -3.38967037 -5.952528 -0.55675125
v -3.32341074 -5.90463209 -0.62268388
v -3.39403295 -5.94723463 -0.60614705
v -3.44979953 -5.99143362 -0.59862291
v -3.40988826 -5.92812204 -0.6547802
v -3.46365904 -5.97146654 -0.64268577
v -3.48001599 -6.01882934 -0.65645092
v -3.48788046 -5.93883132 -0.68632888
v -3.51170349 -5.9813466 -0.69868969
v -3.47135639 -5.98147773 -0.73150259
v -3.55185771 -5.93676948 -0.72897028
v -3.52449178 -5.93280935 -0.76515865
v -3.47903657 -5.90598249 -0.79544824
v -3.58661389 -5.87600755 -0.77886402
v -3.55011248 -5.84455347 -0.80825072
v -3.50929975 -5.80734396 -0.83436524
v -3.62129926 -5.78289032 -0.79499399
v -3.59245681 -5.74475956 -0.81736338
v -3.55040359 -5.69079971 -0.85016161
v -3.66411757 -5.69166517 -0.77839762
v -3.63140344 -5.63686895 -0.80543232
v -3.58332848 -5.55611038 -0.85012286
v -3.69207572 -5.59396553 -0.74600142
v -3.65171456 -5.51126909 -0.77864372
v -3.59770107 -5.38479518 -0.83389753
v -3.69123578 -5.48091983 -0.69497335
v -3.64486289 -5.349936 -0.73202687
v -3.61178755 -5.18490457 -0.77894908
v -3.66443967 -5.3346982 -0.61855846
v -3.63854193 -5.1636486 -0.63783288
v -3.61924147 -4.97852468 -0.6515764
v -3.63368296 -5.1681118 -0.4927389
v -3.61726117 -4.98367691 -0.47964343
v -3.58313894 -4.77945518 -0.47233867
v -3.57086396 -5.01287937 -0.32294362
v -3.53142309 -4.80734157 -0.29570889
v -3.46064543 -4.57727241 -0.29389795
v -3.43429064 -4.85891199 -0.15107168
v -3.34939336 -4.6316576 -0.13856554
v -3.20387101 -4.42479372 -0.20126991
v -3.18608379 -4.72409343 -0.05021639
v -3.04776096 -4.52517175 -0.11472574
v -2.90688133 -4.35512542 -0.16961555
v -2.87492561 -4.65095138 -0.09817373
v -2.73635506 -4.48260831 -0.14587476
v -2.6108706 -4.32846117 -0.1544539
v -2.57036757 -4.6164627 -0.17358785
v -2.43990898 -4.47774124 -0.17632603
v -2.42046403 -4.74911689 -0.24304576
v -2.28576183 -4.61906099 -0.24321267
v -2.29095935 -4.87381029 -0.34137246
v -2.14673614 -4.74689388 -0.35154137
v -2.03038358 -4.67380905 -0.35342636
v -1.92378366 -4.64229774 -0.35016155
v -2.56205034 -4.92020511 -0.20200546
v -2.43613004 -5.04629182 -0.30212676
v -2.69275283 -5.10023307 -0.14202146
v -2.70983982 -4.78609943 -0.13124978
v -2.84232807 -4.96813535 -0.07080751
v -2.9748702 -5.15049839 -0.05720222
v -3.01149988 -4.83845663 -0.03824617
v -3.1355772 -5.03319597 -0.03571182
v -3.23274374 -5.21246862 -0.08260266
v -3.29528498 -4.93541193 -0.06024829
v -3.36829948 -5.13204383 -0.11150807
v -3.43059158 -5.29656601 -0.18289931
v -3.48759651 -5.06379222 -0.19728715
v -3.52770972 -5.23640441 -0.25750064
v -3.5768361 -5.38680553 -0.30642527
v -3.59518623 -5.1937232 -0.36623624
v -3.63298654 -5.35616731 -0.39824259
v -3.6840589 -5.47711801 -0.41465029
v -3.65984273 -5.3383131 -0.50517004
v -3.70601153 -5.46384573 -0.50493192
v -3.74491 -5.5403738 -0.50662666
v -3.70744013 -5.46542072 -0.60342061
v -3.74430847 -5.54545831 -0.59274184
v -3.77174758 -5.59699773 -0.58946335
v -3.72836899 -5.56388425 -0.67292565
v -3.75535178 -5.6174159 -0.66243165
v -3.77552461 -5.66686677 -0.65592736
v -3.72013855 -5.64918851 -0.7240501
v -3.73970985 -5.69493246 -0.71083354
v -3.75511527 -5.74173927 -0.69908714
v -3.68679022 -5.7336421 -0.7603147
v -3.70783352 -5.77783393 -0.73759466
v -3.69960689 -5.7868452 -0.71583873
v -3.64950728 -5.82251548 -0.76815003
v -3.65494823 -5.83585357 -0.73743355
v -3.62370801 -5.79782533 -0.74979007
v -3.60219335 -5.88665676 -0.74381691
v -3.57053732 -5.84851265 -0.7467128
v -3.5319159 -5.80944299 -0.77072584
v -3.52246379 -5.89754343 -0.72364658
v -3.47756481 -5.85875034 -0.74508231
v -3.42134046 -5.81583356 -0.77997624
v -3.43639135 -5.89847517 -0.70313209
v -3.37294244 -5.85859346 -0.73192149
v -3.29318213 -5.80963134 -0.7754842
v -3.3432517 -5.88647508 -0.68012028
v -3.25999808 -5.84116458 -0.71458053
v -3.24092912 -5.86340856 -0.64649778
v -2.82576894 -5.41048383 -0.30076432
v -2.80036878 -5.15559053 -0.25284156
v -2.6757667 -5.23047161 -0.31519451
v -2.6806879 -4.96600961 -0.2900784
v -2.55498123 -5.03438329 -0.35177764
v -2.57699179 -4.77290201 -0.31006673
v -2.8226397 -4.89076089 -0.25129178
v -2.71710467 -4.70276546 -0.27742967
v -2.62115263 -4.51137638 -0.2631627
v -2.86175751 -4.62843847 -0.27378884
v -2.76332783 -4.43662023 -0.27340069
v -2.67304825 -4.23923635 -0.2370096
v -2.89821362 -4.36438274 -0.3176296
v -2.79826712 -4.16372489 -0.29914981
v -2.70769262 -3.96272683 -0.26508155
v -2.90754342 -4.10033845 -0.39920872
v -2.80431652 -3.90074086 -0.38235077
v -2.71249222 -3.70598506 -0.36707538
v -2.87964248 -3.85660886 -0.53164899
v -2.77797174 -3.67112159 -0.52568644
v -2.69858169 -3.48410391 -0.5084117
v -2.80675506 -3.66101098 -0.70573711
v -2.71632432 -3.47602677 -0.68949753
v -2.65276241 -3.27894091 -0.6548869
v -2.69582963 -3.48887801 -0.86243033
v -2.62095117 -3.28166484 -0.82011091
v -2.57820224 -3.06265139 -0.76253372
v -2.56691074 -3.29691004 -0.95403534
v -2.51680898 -3.06712174 -0.88852161
v -2.49406957 -2.83058357 -0.82094603
v -2.45554041 -3.07981061 -0.98495453
v -2.42620301 -2.84146261 -0.91343319
v -2.39585328 -2.6138482 -0.86701887
v -2.36331892 -2.85912084 -0.99054038
v -2.32765913 -2.63910508 -0.94104248
v -2.26732993 -2.43340396 -0.93337076
v -2.26222014 -2.66633439 -1.00120341
v -2.20480394 -2.4686973 -0.98971968
v -2.11545085 -2.27694892 -1.01547539
v -2.14078116 -2.5044465 -1.03212976
v -2.05752873 -2.32285308 -1.05025112
v -1.93338561 -2.14643788 -1.09355449
v -1.99440765 -2.37240076 -1.06432735
v -1.87864482 -2.2065289 -1.09172117
v -1.72428047 -2.05230522 -1.12975621
v -1.82728791 -2.26731801 -1.06646537
v -1.68475866 -2.12805342 -1.09391903
v -1.79020977 -2.3252232 -1.01218783
v -1.65055251 -2.20357656 -1.03329396
v -1.77213192 -2.37494254 -0.93654441
v -1.63462448 -2.26713323 -0.9536488
v -1.77100253 -2.41001009 -0.85097545
v -1.63362085 -2.31426501 -0.86294335
v -1.48229336 -2.25888013 -0.87409603
v -1.6419425 -2.34962773 -0.76790171
v -1.49138009 -2.31115078 -0.76877468
v -1.33318436 -2.30376076 -0.76537525
v -1.50699234 -2.34812068 -0.65053701
v -1.35520863 -2.35625076 -0.63898915
v -1.20657193 -2.40463924 -0.62403416
v -1.37520194 -2.38079762 -0.50468999
v -1.22981381 -2.43570351 -0.48643058
v -1.09393119 -2.52427268 -0.46652859
v -1.24047422 -2.4404726 -0.35335618
v -1.10221862 -2.53211927 -0.334362
v -0.9833576 -2.6610713 -0.31288418
v -1.09019172 -2.51372146 -0.21172595
v -0.96979224 -2.65360713 -0.18742115
v -0.88714373 -2.8310647 -0.16043648
v -0.92588251 -2.62900281 -0.07069743
v -0.83954906 -2.81722474 -0.03816609
v -0.78868275 -3.03237938 -0.01617146
v -0.75951468 -2.79762649 0.07795053
v -0.70220428 -3.02478623 0.09223752
v -0.67293757 -3.26820969 0.09190262
v -0.58429735 -3.01865553 0.18021443
v -0.55478936 -3.27557873 0.16790005
v -0.54550534 -3.53480958 0.14857536
v -0.40720799 -3.28522729 0.20918123
v -0.4023233 -3.55953764 0.18304978
v -0.23554956 -3.29781317 0.21103799
v -0.23491023 -3.5845046 0.18007245
v -0.04847289 -3.31095171 0.20629139
v -0.0497063 -3.60282397 0.16928613
v 0.14663043 -3.32164025 0.20513473
v 0.14186854 -3.61102438 0.16448317
v 0.32475611 -3.32935118 0.20484124
v 0.31612455 -3.60773086 0.16299422
v 0.32438179 -3.89034962 0.11147599
v 0.46995043 -3.59396839 0.14661078
v 0.48190635 -3.85748553 0.09941545
v 0.51881694 -4.11986208 0.0566401
v 0.61726135 -3.81372737 0.06366889
v 0.65718156 -4.05004262 0.03245655
v 0.71565562 -4.26693582 0.01436598
v 0.7636854 -3.98650717 -0.01239393
v 0.82832813 -4.18269014 -0.01633909
v 0.91373223 -4.35376787 -0.01998416
v 0.91395586 -4.11292362 -0.06829065
v 1.003793 -4.27184867 -0.06449062
v 1.1141504 -4.40037059 -0.06088661
v 1.06614828 -4.20661449 -0.13060085
v 1.18087542 -4.32372903 -0.12069821
v 1.30362963 -4.43096065 -0.1194761
v 1.21734058 -4.27444744 -0.2108009
v 1.34432411 -4.37255239 -0.18873679
v 1.19170701 -4.31034135 -0.30107957
v 1.32648146 -4.39259672 -0.28455019
v 1.45414102 -4.47917699 -0.28128168
v 1.1445378 -4.36928081 -0.38231718
v 1.06589531 -4.20939302 -0.31863936
v 1.01738405 -4.26216602 -0.39985773
v 0.95451152 -4.32034683 -0.48605829
v 0.91622787 -4.10719537 -0.42635294
v 0.85331624 -4.15565967 -0.5074355
v 0.7671464 -4.2075839 -0.60188573
v 0.86722523 -4.39127731 -0.56835722
v 0.78165376 -3.95097422 -0.54791522
v 0.69598054 -3.99097514 -0.64291995
v 0.56678718 -4.03747272 -0.74039501
v 0.64509773 -3.75534129 -0.6867156
v 0.52504766 -3.78600525 -0.78577107
v 0.35114944 -3.81308388 -0.85973751
v 0.3816114 -4.07685565 -0.82245189
v 0.1340719 -3.83079576 -0.90367358
v 0.14392919 -4.10203552 -0.87707692
v -0.10725941 -3.8306725 -0.90548479
v -0.12424083 -4.10357379 -0.87716072
v -0.36645168 -4.07936811 -0.82542234
v 0.48964619 -3.52037215 -0.83626234
v 0.60667425 -3.50369501 -0.72977787
v 0.58893925 -3.24911117 -0.77121561
v 0.69635856 -3.49285626 -0.61848074
v 0.67883884 -3.25948214 -0.64375644
v 0.69001001 -3.03482532 -0.67065626
v 0.60295105 -2.99809861 -0.80778014
v 0.73775881 -2.82925891 -0.69550085
v 0.6591466 -2.77089858 -0.83966755
v 0.8193804 -2.65545511 -0.71575689
v 0.75159579 -2.58717751 -0.86041516
v 0.92837184 -2.51082348 -0.73033797
v 0.87438017 -2.44054579 -0.8664053
v 1.06434857 -2.40173173 -0.74115127
v 1.03042042 -2.33341407 -0.86541527
v 1.22690105 -2.33585 -0.74510783
v 1.20781672 -2.27122545 -0.86069905
v 1.39535439 -2.31289553 -0.74928766
v 1.24311506 -2.3844335 -0.62512373
v 1.40293562 -2.34958243 -0.63433593
v 1.56369972 -2.35598206 -0.64424765
v 1.40789723 -2.37049603 -0.51542782
v 1.56731319 -2.36354875 -0.52850866
v 1.72818028 -2.39971399 -0.54490226
v 1.5672698 -2.3628757 -0.40956896
v 1.73018634 -2.38789844 -0.43104189
v 1.88995909 -2.46154451 -0.45374098
v 1.72519028 -2.37491297 -0.3134143
v 1.88808882 -2.43816876 -0.34335687
v 2.03383374 -2.5517683 -0.36534974
v 1.88193404 -2.41341757 -0.2377326
v 2.02583718 -2.52474474 -0.26630958
v 2.1247034 -2.68396282 -0.27507123
v 2.01902341 -2.50383377 -0.18638137
v 2.12171578 -2.66167402 -0.20294123
v 2.15605592 -2.85642194 -0.18897472
v 2.11978268 -2.64562606 -0.13673821
v 2.15601277 -2.83951664 -0.12522372
v 2.12832045 -3.06504583 -0.08618281
v 2.15884208 -2.8224492 -0.06539716
v 2.13005232 -3.050812 -0.02307192
v 2.0674045 -3.30795049 0.02425052
v 2.15020394 -3.03961777 0.0303665
v 2.09833645 -3.30611348 0.06627941
v 2.08360791 -3.61909961 0.06786788
v 2.15913534 -3.31124925 0.05832485
v 2.14325237 -3.61601281 0.04708433
v 2.16047048 -3.92574667 -0.01761696
v 2.2121067 -3.61485815 0.01970521
v 2.23324942 -3.9159336 -0.03604313
v 2.2653079 -4.19091463 -0.12766172
v 2.31288147 -3.90200948 -0.06240839
v 2.35881638 -4.16314601 -0.14007468
v 2.41378617 -4.38893652 -0.2152116
v 2.46922516 -4.11529302 -0.15796539
v 2.5415771 -4.31821727 -0.21712946
v 2.61613392 -4.5047903 -0.26047456
v 2.67070388 -4.2267065 -0.23860803
v 2.75158453 -4.41824436 -0.27113965
v 2.84522271 -4.6012454 -0.27716809
v 2.87693834 -4.33377599 -0.32807001
v 2.97488355 -4.52285051 -0.32020065
v 3.07957911 -4.71059227 -0.3052276
v 3.07810425 -4.46681118 -0.41438484
v 3.18685436 -4.65469455 -0.39571946
v 3.299299 -4.83631134 -0.38021156
v 3.25663375 -4.61990833 -0.52336871
v 3.37384796 -4.79718589 -0.50542348
v 3.48037934 -4.97897768 -0.48857763
v 3.40657186 -4.78162097 -0.64847403
v 3.51689171 -4.96419954 -0.62449395
v 3.58974242 -5.14758777 -0.60164171
v 3.51919317 -4.97115421 -0.7621665
v 3.58846211 -5.15748167 -0.7203415
v 3.62033939 -5.30987548 -0.68388128
v 3.55954766 -5.18580246 -0.82913595
v 3.59841561 -5.33252859 -0.77546995
v 3.63167142 -5.44538974 -0.73090672
v 3.55095863 -5.36764717 -0.85414594
v 3.59475565 -5.47688436 -0.79931587
v 3.63304519 -5.56031799 -0.75471466
v 3.53712153 -5.51733064 -0.85552233
v 3.5845232 -5.59933853 -0.80294668
v 3.62613368 -5.66417217 -0.76357871
v 3.51989626 -5.64913177 -0.83742016
v 3.5685532 -5.70974683 -0.7926647
v 3.60759234 -5.7595911 -0.7615115
v 3.50322079 -5.76178312 -0.80069607
v 3.54777431 -5.80624389 -0.76690101
v 3.58283543 -5.84618902 -0.74430161
v 3.63893842 -5.80189514 -0.74105811
v 3.60988235 -5.88192796 -0.74461692
v 3.66423535 -5.83574342 -0.73446154
v 3.59888052 -5.87131786 -0.77410501
v 3.56067395 -5.92673111 -0.73171794
v 3.54140734 -5.92331457 -0.7662661
v 3.50466251 -5.89636135 -0.79632443
v 3.4939239 -5.9692173 -0.73937559
v 3.4478271 -5.94839906 -0.76710486
v 3.40028858 -5.91038656 -0.79219621
v 3.40432596 -5.98835802 -0.72080808
v 3.34950828 -5.94716739 -0.74318683
v 3.28573632 -5.88863563 -0.77397483
v 3.31127524 -5.97012281 -0.68235427
v 3.2455945 -5.91364431 -0.70871794
v 3.16696786 -5.85333013 -0.73892855
v 3.22196555 -5.92668151 -0.63431125
v 3.14235258 -5.87000942 -0.65540593
v 3.02061986 -5.806921 -0.68757921
v 3.13788223 -5.86679935 -0.56714111
v 3.01077771 -5.80226135 -0.58095884
v 2.85326266 -5.7462511 -0.5879895
v 3.02445149 -5.77001619 -0.47618311
v 2.86847043 -5.70881938 -0.46102589
v 2.70148968 -5.63163566 -0.45466202
v 2.91251707 -5.64532613 -0.34714183
v 2.75624775 -5.55856609 -0.32061657
v 2.59753847 -5.42535924 -0.31429803
v 2.84808087 -5.46215915 -0.20576711
v 2.70014262 -5.31886673 -0.18932288
v 2.56116747 -5.13708972 -0.22794166
v 2.83303713 -5.20227193 -0.09730292
v 2.70254492 -5.01277113 -0.12955088
v 2.56888556 -4.81837558 -0.18346546
v 2.86240124 -4.89068412 -0.06869845
v 2.73057603 -4.69147396 -0.1237852
v 2.59288406 -4.50764417 -0.15755309
v 2.41829252 -4.65070486 -0.21410721
v 2.8943963 -4.5814414 -0.10367842
v 2.75787043 -4.39697504 -0.15022465
v 3.05602788 -4.4874134 -0.13032174
v 2.91617155 -4.3066492 -0.18633835
v 2.7924261 -4.13019275 -0.20435398
v 3.06145381 -4.23194885 -0.27178835
v 2.93739366 -4.05569505 -0.29758393
v 2.84095263 -3.87235522 -0.29557573
v 2.69773602 -3.95382523 -0.19331674
v 2.76617956 -3.67488408 -0.27389323
v 2.62052393 -3.75316596 -0.1643362
v 2.71240329 -3.45897054 -0.23491352
v 2.56076002 -3.52619624 -0.11697338
v 2.38460159 -3.60314893 -0.03193503
v 2.52744698 -3.27451252 -0.06761636
v 2.33814787 -3.34119296 0.0173327
v 2.12555193 -3.42024827 0.08341456
v 2.17907452 -3.6815927 0.03260696
v 1.91199243 -3.50215101 0.16673477
v 1.95450615 -3.75739717 0.10026779
v 1.70908939 -3.58458471 0.27869236
v 1.74575376 -3.83423018 0.20022329
v 1.76674747 -4.0809946 0.10810224
v 1.53853344 -3.91153073 0.32269924
v 1.56367623 -4.16105747 0.23467575
v 1.31045115 -3.97553253 0.43781927
v 1.33392155 -4.22287893 0.36422249
v 1.06033492 -4.0266323 0.53533148
v 1.07529985 -4.26466846 0.47884157
v 1.0776695 -4.50493574 0.4245443
v 0.80045306 -4.2953515 0.56794196
v 0.79707676 -4.52554512 0.52599769
v 0.78534376 -4.75799369 0.48634195
v 1.0638051 -4.74319553 0.37736728
v 0.76774549 -4.99441289 0.45292425
v 1.03625881 -4.9852786 0.34078106
v 0.7474612 -5.23613262 0.42821419
v 1.00565338 -5.22837448 0.31796684
v 0.72692626 -5.48496198 0.41067025
v 0.48036149 -5.25127029 0.50864756
v 0.47072547 -5.50400066 0.48790198
v 0.46631592 -5.76904773 0.46778908
v 0.21161451 -5.52559471 0.53212159
v 0.21319414 -5.79316711 0.50449878
v 0.21905836 -6.06906509 0.47278595
v -0.04052312 -5.81313657 0.51772171
v -0.03257801 -6.09085845 0.4824869
v -0.02229682 -6.37191772 0.44314339
v -0.28208848 -6.10509872 0.47959643
v -0.27405202 -6.38716745 0.43622306
v -0.26888009 -6.66731357 0.40377524
v -0.52079445 -6.38707017 0.40437248
v -0.52358651 -6.66436052 0.37396407
v -0.76068085 -6.36789798 0.3224616
v -0.78443396 -6.63629293 0.29705214
v -0.98165559 -6.33619642 0.19757314
v -1.0280236 -6.58870267 0.17825348
v -1.1037662 -6.82943105 0.16234046
v -1.1937356 -7.06027603 0.1456913
v -1.23913312 -6.53294181 0.02745256
v -1.32898187 -6.76324176 0.01077516
v -1.43774581 -6.99779939 -0.00541824
v -1.54065132 -7.24397611 -0.0283314
v -1.29637706 -7.29624557 0.13097471
v -1.48769962 -6.71084594 -0.18716612
v -1.59887766 -6.94827699 -0.21020917
v -1.69550931 -7.20387458 -0.2471549
v -1.77615463 -7.46519613 -0.28438246
v -1.62314736 -7.4969325 -0.05209242
v -1.6631006 -6.90755796 -0.45413127
v -1.76803529 -7.15750551 -0.49641895
v -1.85032689 -7.41786003 -0.54097461
v -1.92292738 -7.68372964 -0.57370299
v -1.84498834 -7.72026157 -0.30480524
v -1.74659037 -7.11414194 -0.75879609
v -1.84189593 -7.36520528 -0.80561173
v -1.92635321 -7.63105201 -0.84713918
v -1.99579322 -7.90195703 -0.86923956
v -1.98493838 -7.9424591 -0.58500593
v -1.75318169 -7.32821035 -1.07142114
v -1.85106158 -7.58633756 -1.11234927
v -1.9369055 -7.86258745 -1.14022278
v -2.01669144 -8.14613533 -1.14629542
v -2.06392884 -8.17176532 -0.87078732
v -1.72358548 -7.57167816 -1.36354744
v -1.82520079 -7.8458395 -1.38688719
v -1.91525065 -8.14067935 -1.39132118
v -2.00508308 -8.43846893 -1.38075268
v -2.1001358 -8.43158531 -1.13550031
v -1.66288256 -7.86725854 -1.60193514
v -1.76985061 -8.16172123 -1.60015666
v -1.86337614 -8.4633665 -1.58963549
v -1.94897055 -8.75685501 -1.57875311
v -2.09668207 -8.72900676 -1.36669993
v -1.58579027 -8.20840835 -1.7695409
v -1.68067264 -8.50396537 -1.75708854
v -1.75966227 -8.79316425 -1.75100886
v -1.83028805 -9.06901931 -1.75594842
v -2.02609992 -9.03924846 -1.57575619
v -1.46933627 -8.55468177 -1.88176763
v -1.54120612 -8.83350563 -1.88258266
v -1.59985458 -9.10228157 -1.89432966
v -1.66194355 -9.3637495 -1.91691768
v -1.90246021 -9.33982467 -1.7723602
v -1.30034434 -8.87514686 -1.96445238
v -1.34717476 -9.13485336 -1.98398482
v -1.39615476 -9.39090251 -2.0127685
v -1.44583356 -9.64594268 -2.03892087
v -1.72665226 -9.62609386 -1.94673001
v -1.08278775 -9.16647243 -2.0084896
v -1.11848533 -9.41592407 -2.0379064
v -1.1520617 -9.66578769 -2.06208729
v -1.17758214 -9.91129493 -2.08528423
v -1.48650574 -9.89928722 -2.06214404
v -0.84492182 -9.4351902 -1.97993922
v -0.86698216 -9.67655563 -2.00214862
v -0.87889206 -9.91471862 -2.02778077
v -0.88114875 -10.15022754 -2.06234192
v -1.19380605 -10.15030098 -2.12000417
v -0.61558717 -9.68396282 -1.86095261
v -0.61973685 -9.9170103 -1.8843404
v -0.61027312 -10.14834022 -1.91932547
v -0.59619522 -10.37848949 -1.95594954
v -0.87680697 -10.38213253 -2.10467314
v -0.42148256 -9.92454624 -1.67188465
v -0.40460503 -10.15463066 -1.70033586
v -0.38826128 -10.38485145 -1.73006248
v -0.36896529 -10.61340808 -1.76184165
v -0.58055985 -10.60957813 -1.99315679
v -0.26872158 -10.16196632 -1.43686246
v -0.24832339 -10.39305877 -1.45860183
v -0.22513678 -10.6187725 -1.48021793
v -0.20525161 -10.83926105 -1.49445772
v -0.35162594 -10.84155654 -1.78418254
v -0.15502451 -10.39160633 -1.166754
v -0.13014961 -10.61605739 -1.17618525
v -0.11483791 -10.83544731 -1.17902588
v -0.10636211 -11.04705619 -1.17409169
v -0.19559815 -11.05464649 -1.49426639
v -0.08701574 -10.60817909 -0.86311656
v -0.07713761 -10.8288784 -0.85484576
v -0.07196874 -11.04269218 -0.8429799
v -0.06804043 -11.25166606 -0.83359479
v -0.10316036 -11.25220203 -1.16411125
v -0.09053517 -10.80870533 -0.53501397
v -0.07597225 -11.02769184 -0.51827752
v -0.06836365 -11.24945735 -0.51001578
v -0.06234522 -11.476861 -0.52216023
v -0.06382354 -11.45891189 -0.83375614
v -0.14814971 -11.00767135 -0.2154756
v -0.1208737 -11.24606609 -0.21959777
v -0.10146932 -11.49940681 -0.25151547
v -0.08886139 -11.76268386 -0.3239963
v -0.05956213 -11.70940589 -0.56359034
v -0.25903955 -11.26261806 0.01949131
v -0.21310992 -11.53256511 -0.03485039
v -0.1767814 -11.81744194 -0.13060472
v -0.16037423 -12.09071731 -0.26620638
v -0.07936744 -12.02013683 -0.43385472
v -0.38659906 -11.58492279 0.11765163
v -0.32506278 -11.87248706 0.00421887
v -0.29222232 -12.14607906 -0.14644689
v -0.28975686 -12.37627315 -0.30509305
v -0.16437667 -12.32481098 -0.413302
v -0.50661748 -11.9334774 0.08364665
v -0.45244255 -12.19228649 -0.07581149
v -0.43414276 -12.41440486 -0.23491467
v -0.44012045 -12.59255695 -0.38412821
v -0.31439489 -12.55578041 -0.44596278
v -0.63218355 -12.23128986 -0.05656703
v -0.59097206 -12.43910598 -0.21022675
v -0.57500338 -12.61420917 -0.35825216
v -0.56547641 -12.77443218 -0.46160706
v -0.4514096 -12.75371646 -0.49543836
v -0.75401437 -12.4536705 -0.23563227
v -0.70977854 -12.62395381 -0.37556669
v -0.68199276 -12.7854681 -0.46681714
v -0.67090094 -12.91659832 -0.51721757
v -0.55799889 -12.90807724 -0.51306259
v -0.83243459 -12.62858963 -0.43407994
v -0.78965246 -12.79033756 -0.51200354
v -0.77301979 -12.92074775 -0.55463957
v -0.76600027 -13.01368045 -0.58289438
v -0.66657459 -13.0105791 -0.54909336
v -0.88684886 -12.79369449 -0.58787161
v -0.86195927 -12.9204874 -0.62152802
v -0.85396552 -13.00602054 -0.6444776
v -0.84244692 -13.07586097 -0.6562066
v -0.75949484 -13.07170772 -0.59671086
v -0.93869984 -12.91920757 -0.71668309
v -0.92488366 -13.00768089 -0.72728079
v -0.91085773 -13.0862503 -0.73206734
v -0.8941816 -13.14740753 -0.73165708
v -0.82656037 -13.13311958 -0.65993779
v -0.98509287 -13.01703929 -0.82558077
v -0.96926689 -13.0984373 -0.82382059
v -0.95188909 -13.16629219 -0.81792748
v -0.92911171 -13.22694015 -0.80979007
v -0.87151163 -13.20037365 -0.73213249
v -1.0178405 -13.11690902 -0.92701935
v -0.99973231 -13.1868 -0.91758734
v -0.97555822 -13.24921226 -0.9092257
v -0.94029867 -13.30234432 -0.90559893
v -0.89398986 -13.27702903 -0.80993121
v -1.03289496 -13.20579338 -1.02967739
v -1.00902152 -13.26816749 -1.0208882
v -0.97228419 -13.32081222 -1.01560688
v -0.92363745 -13.35743618 -1.01451861
v -0.89422452 -13.33958339 -0.90882515
v -1.01883423 -13.28267192 -1.14250564
v -0.98193818 -13.33308982 -1.13309621
v -0.93249601 -13.3656578 -1.1242634
v -0.89579159 -13.32636356 -1.12147331
v -0.88571757 -13.31820106 -1.02102077
v -0.95856928 -13.33730793 -1.24836182
v -0.9148072 -13.36837005 -1.23113167
v -0.88335704 -13.32688522 -1.21589672
v -0.8975014 -13.26206779 -1.21682906
v -0.90808588 -13.25822353 -1.1205095
v -0.86351472 -13.36353778 -1.31940794
v -0.84919571 -13.320858 -1.30239975
v -0.86514699 -13.26038837 -1.30482971
v -0.88402444 -13.19976329 -1.30821847
v -0.9140076 -13.19925117 -1.21806895
v -0.79591214 -13.31031131 -1.37638044
v -0.81258136 -13.2512207 -1.37797093
v -0.83154928 -13.19153404 -1.38360083
v -0.85068839 -13.13085556 -1.39068603
v -0.90379113 -13.14021015 -1.3132919
v -0.74481642 -13.23630142 -1.43223118
v -0.76166462 -13.17815589 -1.44044697
v -0.77776968 -13.11573505 -1.44749152
v -0.79501014 -13.04280567 -1.45718288
v -0.87072807 -13.06048488 -1.39913642
v -0.67723733 -13.16291618 -1.47618019
v -0.68896251 -13.09894847 -1.48474919
v -0.70196884 -13.01920127 -1.49602067
v -0.72082829 -12.91367149 -1.51615202
v -0.81897425 -12.93977356 -1.47449028
v -0.59122318 -13.0811491 -1.49628961
v -0.59835147 -12.99437618 -1.50940084
v -0.60967367 -12.88239955 -1.5323807
v -0.63122862 -12.75828647 -1.57245552
v -0.75023275 -12.79045486 -1.55397808
v -0.49237346 -12.96970844 -1.48569631
v -0.49659484 -12.84987449 -1.51016807
v -0.50800138 -12.71704387 -1.55001235
v -0.53824067 -12.56724357 -1.61067092
v -0.67096674 -12.61784744 -1.63347911
v -0.39032214 -12.81763172 -1.45283389
v -0.39288604 -12.67486858 -1.489174
v -0.41371104 -12.51268291 -1.54337346
v -0.45769864 -12.33422088 -1.62220704
v -0.5991792 -12.39941692 -1.69691431
v -0.29158425 -12.63918399 -1.40210151
v -0.29882285 -12.46200752 -1.44523799
v -0.32892555 -12.27458095 -1.5117892
v -0.38841378 -12.07480621 -1.58441317
v -0.53132993 -12.14274692 -1.71891939
v -0.20643505 -12.43105602 -1.32235419
v -0.22408762 -12.22648429 -1.36140739
v -0.26728442 -12.01906585 -1.40918552
v -0.31110656 -11.81210899 -1.45812881
v -0.44779014 -11.8681755 -1.65667748
v -0.14946699 -12.20562362 -1.1986351
v -0.18070468 -11.98831081 -1.20504558
v -0.21070323 -11.77565002 -1.2256962
v -0.22891715 -11.57140636 -1.24962353
v -0.34319323 -11.60423469 -1.5039618
v -0.13082747 -11.99001312 -0.98827886
v -0.1507475 -11.76887321 -0.97173196
v -0.16179691 -11.56000232 -0.97235637
v -0.16913038 -11.35141277 -0.98920613
v -0.24043861 -11.36961555 -1.27580225
v -0.13597931 -11.79533386 -0.72007626
v -0.14606128 -11.56206512 -0.69948929
v -0.15432363 -11.33906459 -0.70685535
v -0.16617681 -11.12329101 -0.72843396
v -0.17639637 -11.14420986 -1.01633334
v -0.18235755 -11.57826042 -0.45515435
v -0.197831 -11.33399009 -0.44163361
v -0.21386472 -11.10478973 -0.45504581
v -0.22938995 -10.88646507 -0.48230609
v -0.17572109 -10.90878677 -0.75890409
v -0.31101226 -11.34328937 -0.2177333
v -0.34246817 -11.10288715 -0.21466948
v -0.37049645 -10.8843975 -0.23257634
v -0.3971681 -10.66990757 -0.26162195
v -0.25106418 -10.6720972 -0.51302158
v -0.52691602 -11.134305 -0.01382307
v -0.56770497 -10.90859699 -0.01705188
v -0.59560918 -10.68802356 -0.04324834
v -0.61830425 -10.46595287 -0.08163043
v -0.42712792 -10.45615005 -0.29289811
v -0.79695946 -10.9549179 0.14905956
v -0.82905238 -10.71985054 0.12613223
v -0.84386307 -10.48353767 0.07996314
v -0.84798961 -10.2385559 0.03188612
v -0.63403803 -10.23036384 -0.12059799
v -1.09091496 -10.76321029 0.23001129
v -1.10150158 -10.51104927 0.17884032
v -1.09282326 -10.25678348 0.12636137
v -1.08675158 -10.00064849 0.07461085
v -0.85434657 -9.98681736 -0.01753092
v -1.37367534 -10.54768562 0.20983675
v -1.35588455 -10.28405284 0.1548984
v -1.3374871 -10.02378177 0.10968166
v -1.32239484 -9.76249408 0.06734842
v -1.08416247 -9.74158 0.03122039
v -1.62344932 -10.31687068 0.12266247
v -1.59351885 -10.05011558 0.07871378
v -1.56218195 -9.78361797 0.04351045
v -1.53293275 -9.51217746 0.02397379
v -1.30965757 -9.49797821 0.04198772
v -1.84037387 -10.06860065 -0.00508197
v -1.79230928 -9.79373931 -0.03149035
v -1.74275624 -9.51401329 -0.04321119
v -1.70227134 -9.23624897 -0.04886996
v -1.51078021 -9.24321079 0.01246032
v -2.00139045 -9.78232383 -0.15021003
v -1.9337095 -9.49714374 -0.15194027
v -1.87581324 -9.21560955 -0.15230204
v -1.82396781 -8.93614387 -0.15461008
v -1.66330289 -8.96624183 -0.06445676
v -2.09421706 -9.46617317 -0.30794104
v -2.02439355 -9.18413353 -0.30348745
v -1.96338188 -8.90328216 -0.29967096
v -1.90063798 -8.62155056 -0.28922164
v -1.76719653 -8.66227912 -0.14931266
v -2.12914323 -9.15308189 -0.50484538
v -2.06399297 -8.87291717 -0.49867489
v -2.00066614 -8.589715 -0.48747336
v -1.92364561 -8.31518268 -0.48201483
v -1.81064987 -8.34836387 -0.27668309
v -2.1171 -8.85013961 -0.73465782
v -2.05635595 -8.57138156 -0.73194819
v -1.97944641 -8.30705738 -0.73863393
v -1.89849376 -8.05978488 -0.74813062
v -1.83243465 -8.06747341 -0.4883854
v -2.04536986 -8.5707941 -0.99577206
v -1.96989035 -8.30626297 -1.00833213
v -1.89118766 -8.051795 -1.01654398
v -1.81113541 -7.8041749 -1.00517022
v -1.81864368 -7.82718038 -0.74600571
v -1.90166676 -8.31340408 -1.26411271
v -1.81591141 -8.04578495 -1.2725135
v -1.72597241 -7.78477764 -1.25403249
v -1.62848341 -7.53915214 -1.20065963
v -1.72653496 -7.56301975 -0.96452987
v -1.68677616 -8.05967712 -1.49619543
v -1.58141899 -7.79038715 -1.47923958
v -1.46861445 -7.54190015 -1.42679739
v -1.36502981 -7.31556224 -1.36140334
v -1.5268886 -7.31022453 -1.13322186
v -1.39969432 -7.83180904 -1.67331159
v -1.26994669 -7.57889604 -1.63217747
v -1.14984822 -7.34959745 -1.56854641
v -1.2081834 -7.90172624 -1.83315205
v -1.52238905 -8.10064888 -1.6843872
v -1.34574508 -8.1633234 -1.83887326
v -1.16791284 -8.24274158 -1.94596672
v -1.02520513 -7.99795293 -1.94560337
v -0.9914428 -8.33093452 -2.00026774
v -0.86826729 -8.10811805 -2.00933027
v -0.81614029 -8.42237758 -1.99826562
v -0.71713817 -8.22688961 -2.01934957
v -0.58623451 -8.05273628 -1.9925543
v -0.42570793 -7.91653776 -1.97000932
v -0.57395291 -8.33556938 -1.94816494
v -0.47115963 -8.19063377 -1.94578564
v -0.34612542 -8.07705116 -1.94269108
v -0.20221892 -7.99967908 -1.94032418
v -0.24129433 -7.82874345 -1.95728898
v -0.37265548 -8.28758049 -1.82246792
v -0.28233984 -8.19092655 -1.82679295
v -0.1684283 -8.13061237 -1.83702063
v -0.03589839 -8.10397529 -1.85786712
v -0.03439694 -7.95586299 -1.94204616
v -0.24213182 -8.23991107 -1.65884518
v -0.14349404 -8.19282245 -1.67387676
v -0.03164963 -8.17477607 -1.68957233
v 0.07918476 -8.19648361 -1.70750832
v 0.10591919 -8.11591625 -1.87820196
v -0.13101188 -8.18844032 -1.46879982
v -0.02638242 -8.17284679 -1.48259222
v 0.07747317 -8.19733619 -1.49363303
v 0.17832347 -8.24836826 -1.50356578
v 0.19585889 -8.24880218 -1.7268368
v -0.0265114 -8.13302326 -1.23013305
v 0.07803978 -8.1485939 -1.23987031
v 0.17485985 -8.20114326 -1.24895358
v 0.25854516 -8.27784061 -1.25604772
v 0.26360514 -8.32553577 -1.50804197
v 0.06700689 -8.11488914 -0.94317984
v 0.16367076 -8.16112613 -0.96097499
v 0.24822177 -8.24303054 -0.98547232
v 0.30357822 -8.36693191 -1.00678658
v 0.30739787 -8.39298534 -1.25751137
v 0.16327154 -8.16994476 -0.66943311
v 0.26353797 -8.24989604 -0.7218641
v 0.32744306 -8.36557483 -0.76593405
v 0.36565455 -8.50382995 -0.79151934
v 0.33181616 -8.50628566 -1.01914477
v 0.37757015 -8.67669391 -0.80355912
v -0.12807127 -8.15282726 -1.22471797
v -0.22482876 -8.23855018 -1.45509958
v -0.22017905 -8.20576095 -1.21959471
v -0.29153844 -8.32351017 -1.43922495
v -0.31781923 -8.32467842 -1.64601254
v -0.36600107 -8.43740654 -1.63481867
v -0.4443959 -8.4128313 -1.81432986
v -0.5037359 -8.55308532 -1.79805266
v -0.64895623 -8.49875354 -1.93058824
v -0.70700436 -8.68023014 -1.89162659
v -0.8881464 -8.62629509 -1.95855951
v -0.93371051 -8.8387947 -1.93723893
v -1.07882905 -8.56340789 -1.96418702
v -1.13888168 -8.79563808 -1.94145464
v -1.178851 -9.03568935 -1.94151556
v -1.34479093 -8.74884796 -1.88695871
v -1.39356637 -9.00318145 -1.88104903
v -1.43309044 -9.25890159 -1.89207935
v -1.59352529 -8.96914577 -1.76868164
v -1.64109778 -9.22990703 -1.7715832
v -1.70147085 -9.48594093 -1.78812956
v -1.82856869 -9.19825935 -1.61508762
v -1.89630842 -9.46103096 -1.62746691
v -1.98394095 -9.72925472 -1.65491473
v -2.05830025 -9.43816661 -1.43883597
v -2.15267109 -9.71240139 -1.46188843
v -2.25530099 -10.00063324 -1.48809623
v -2.27713775 -9.69875145 -1.23861944
v -2.38594031 -9.99781417 -1.25779473
v -2.48021578 -10.31548118 -1.27747869
v -2.45908856 -10.00143623 -1.00692379
v -2.55595159 -10.32922172 -1.01302528
v -2.60725832 -10.67205333 -1.01552689
v -2.56225204 -10.34273529 -0.74052637
v -2.61454558 -10.69088363 -0.72216785
v -2.59080505 -11.04730224 -0.72486829
v -2.52381014 -10.69590568 -0.45193347
v -2.50206828 -11.04937744 -0.43487438
v -2.36431193 -11.37608242 -0.4621742
v -2.34518075 -11.0306921 -0.1896806
v -2.2219119 -11.354393 -0.22126323
v -2.03160595 -11.63780593 -0.28544613
v -2.03624677 -11.31067276 -0.02100569
v -1.87060487 -11.60004997 -0.08494747
v -1.66471004 -11.84367561 -0.1723309
v -1.67879188 -11.53830051 0.07251457
v -1.49312984 -11.78770446 -0.01712686
v -1.3032875 -11.9912033 -0.11741309
v -1.30131912 -11.7101593 0.10326898
v -1.13158607 -11.92253112 -0.00365734
v -0.98722499 -12.13578033 -0.11015903
v -0.94684791 -11.85144996 0.06397239
v -0.82874429 -12.08678627 -0.05285514
v -0.74299055 -12.32625389 -0.17537158
v -0.66360044 -12.03479957 -0.04295433
v -0.60024052 -12.28919315 -0.17127832
v -0.56636887 -12.49959278 -0.31471055
v -0.463337 -12.2467041 -0.21628063
v -0.44997504 -12.46782207 -0.34842473
v -0.45437488 -12.64537906 -0.47320774
v -0.33629792 -12.42179107 -0.42599144
v -0.35554236 -12.6053152 -0.53536045
v -0.37489578 -12.76340961 -0.61610305
v -0.25777539 -12.55774307 -0.62861663
v -0.28436762 -12.72296714 -0.69824218
v -0.3037998 -12.87314701 -0.73726505
v -0.20026071 -12.68428993 -0.80262911
v -0.22468797 -12.84097576 -0.83694225
v -0.2460199 -12.97708892 -0.85157471
v -0.17408488 -12.81739711 -0.94532656
v -0.19884844 -12.95750236 -0.95462787
v -0.22571769 -13.06893634 -0.95958852
v -0.17841896 -12.94408226 -1.0648148
v -0.21009264 -13.06151866 -1.06791162
v -0.24228145 -13.14778232 -1.0711199
v -0.22519438 -13.0529232 -1.17355465
v -0.25245127 -13.13864707 -1.17456388
v -0.27979928 -13.21367263 -1.17707908
v -0.28834042 -13.12650489 -1.26844728
v -0.30806899 -13.20178127 -1.26996612
v -0.32189783 -13.27463531 -1.27605557
v -0.35906109 -13.1933937 -1.34542501
v -0.36747705 -13.26481723 -1.34980988
v -0.33469557 -13.29203701 -1.3862611
v -0.43051561 -13.26021099 -1.4040507
v -0.40800061 -13.28882312 -1.44646787
v -0.38436469 -13.24214172 -1.48074698
v -0.48864746 -13.28919982 -1.48222363
v -0.47861406 -13.24543571 -1.52084529
v -0.46975228 -13.19499111 -1.54828
v -0.57350826 -13.25684356 -1.53341817
v -0.57551896 -13.20478916 -1.56309986
v -0.57953625 -13.14705371 -1.58179652
v -0.68014711 -13.22184848 -1.55166232
v -0.69097995 -13.16499233 -1.56689322
v -0.69906151 -13.09203243 -1.58193671
v -0.7920773 -13.18662166 -1.52806532
v -0.80521357 -13.11028289 -1.5392735
v -0.81760031 -13.01561546 -1.55185782
v -0.89854496 -13.12957668 -1.47502911
v -0.91612654 -13.03855037 -1.48770117
v -0.93570828 -12.93583774 -1.50382137
v -0.99854505 -13.05885982 -1.40294444
v -1.02325236 -12.95665359 -1.41988945
v -1.05645442 -12.84043979 -1.44141721
v -1.08434104 -12.96975326 -1.3144592
v -1.11969721 -12.85566806 -1.33249354
v -1.19392883 -12.70405006 -1.35577702
v -1.1456933 -12.85841751 -1.2026782
v -1.22398877 -12.71198177 -1.21520149
v -1.3856064 -12.56605911 -1.23695159
v -1.22734391 -12.71786499 -1.06984365
v -1.39642882 -12.58576679 -1.06151878
v -1.61532366 -12.45838356 -1.0472064
v -1.36588227 -12.58943367 -0.87441533
v -1.5808705 -12.46514701 -0.82858979
v -1.78447711 -12.28372001 -0.78988188
v -1.49051821 -12.43165493 -0.62769943
v -1.67444026 -12.25026512 -0.57039284
v -1.85306537 -12.03316879 -0.52170676
v -1.5195676 -12.20218086 -0.37606355
v -1.69893491 -12.00514316 -0.3001858
v -1.90148425 -11.80848503 -0.21054808
v -1.51278865 -11.9741106 -0.10341054
v -1.71203327 -11.77978706 0.00843063
v -1.88753736 -11.53302192 0.09024241
v -1.48738658 -11.71951866 0.17793548
v -1.64184451 -11.46609783 0.25877741
v -1.75941526 -11.19294643 0.31279358
v -1.37290287 -11.38147926 0.36930039
v -1.47217118 -11.11386394 0.42198592
v -1.53710913 -10.83501815 0.44181141
v -1.16969692 -11.02316665 0.45568478
v -1.22399115 -10.7565937 0.46513706
v -1.24940013 -10.48706531 0.45174491
v -0.91535157 -10.6792078 0.40409559
v -0.94029122 -10.42668819 0.3831273
v -0.94410985 -10.17363357 0.34355691
v -0.65816295 -10.38240718 0.23390841
v -0.66787028 -10.14641189 0.19744859
v -0.67076599 -9.90340042 0.15387249
v -0.43329018 -10.13709831 -0.0096845
v -0.44176232 -9.90107345 -0.03915694
v -0.44969445 -9.66045379 -0.07221824
v -0.27091068 -9.90903472 -0.2840791
v -0.27936098 -9.67188167 -0.3034383
v -0.28082799 -9.44170284 -0.32482093
v -0.18240907 -9.68621921 -0.57161611
v -0.18162274 -9.46271705 -0.58563077
v -0.17241275 -9.2580595 -0.60134244
v -0.16235458 -9.47920322 -0.85868382
v -0.1530887 -9.27828979 -0.86774462
v -0.13956867 -9.09637641 -0.87855947
v -0.18807494 -9.28071785 -1.12817227
v -0.17202079 -9.09774398 -1.13469255
v -0.16085641 -8.97529888 -1.13726198
v -0.2498455 -9.0745449 -1.37665438
v -0.23554247 -8.94524383 -1.37594747
v -0.21659235 -8.84288597 -1.37847602
v -0.35364574 -8.89200115 -1.58991718
v -0.32296529 -8.78037357 -1.59324109
v -0.27385944 -8.68445682 -1.60260427
v -0.46573054 -8.70261001 -1.77506566
v -0.39446181 -8.59426593 -1.78552591
v -0.29680571 -8.5045681 -1.80917954
v -0.56423068 -8.4590559 -1.94576108
v -0.43414729 -8.33517265 -1.97796917
v -0.26906108 -8.24210357 -2.00368714
v -0.78204459 -8.27842617 -2.01474213
v -0.8992964 -8.47721195 -1.98866283
v -1.14416182 -8.36130142 -1.97376823
v -1.01323306 -8.12208461 -1.99945533
v -0.66179066 -8.60221481 -1.9213165
v -0.73567533 -8.7691698 -1.91450655
v -0.98649263 -8.68721199 -1.97686219
v -0.51882022 -8.83679676 -1.77460956
v -0.55631715 -9.00619792 -1.79276216
v -0.78705388 -8.96516227 -1.92944192
v -0.37628549 -9.04238891 -1.59981048
v -0.39215236 -9.24781227 -1.62233555
v -0.57964932 -9.22321987 -1.81990206
v -0.26623055 -9.26831054 -1.38538944
v -0.28013262 -9.48101615 -1.39539337
v -0.40835282 -9.46691131 -1.64087581
v -0.20011694 -9.48585891 -1.12930834
v -0.20398321 -9.70311164 -1.1345365
v -0.28869578 -9.70241355 -1.40534162
v -0.16346781 -9.69667911 -0.85469007
v -0.15480041 -9.92548179 -0.85618126
v -0.19721898 -9.93114566 -1.14290452
v -0.17493401 -9.91765403 -0.56503599
v -0.15700589 -10.14689922 -0.56272852
v -0.13569524 -10.15554904 -0.86069011
v -0.25690925 -10.13949012 -0.27037358
v -0.23332311 -10.3591566 -0.25558352
v -0.12879857 -10.37030315 -0.55952364
v -0.41617837 -10.3613882 0.01627663
v -0.38948431 -10.57746601 0.03560108
v -0.20497338 -10.5710268 -0.24077768
v -0.63264632 -10.61579895 0.25710034
v -0.59249794 -10.84840107 0.26034823
v -0.35442128 -10.79458713 0.04500371
v -0.86820036 -10.93012619 0.40100324
v -0.79838067 -11.17763519 0.37128368
v -0.5369296 -11.0833435 0.24373246
v -1.08743703 -11.28296661 0.41437047
v -0.97891813 -11.52819347 0.33788961
v -0.70736199 -11.42113781 0.3106195
v -1.24116194 -11.63120746 0.28735408
v -1.07306778 -11.85684967 0.17269091
v -0.84062379 -11.76531791 0.23724542
v -1.29948079 -11.92713928 0.05471998
v -1.13329052 -12.10535717 -0.06788803
v -0.92146509 -12.05340766 0.03729113
v -1.33604383 -12.15389823 -0.20665274
v -1.19082546 -12.33220958 -0.29753258
v -1.00805413 -12.2919712 -0.17582859
v -1.35521793 -12.38000106 -0.4496558
v -1.19191658 -12.52684021 -0.54582643
v -1.05367219 -12.48746681 -0.40679344
v -1.29559648 -12.56547451 -0.70290142
v -1.13286411 -12.68346023 -0.7718116
v -1.05108869 -12.66127586 -0.64043623
v -1.1952641 -12.70816135 -0.91802877
v -1.10159015 -12.83508777 -0.93881565
v -1.04388976 -12.81478309 -0.81071722
v -1.13625514 -12.8515501 -1.06942522
v -1.09640538 -12.96008968 -1.06321752
v -1.05867588 -12.94320106 -0.94117921
v -1.10872185 -12.97164821 -1.19070529
v -1.08276045 -13.06879901 -1.17530643
v -1.07050454 -13.05699539 -1.05161356
v -1.05843007 -13.06977844 -1.2973212
v -1.034886 -13.15788078 -1.28312742
v -1.06123268 -13.15375518 -1.16201615
v -0.97755718 -13.14798736 -1.38881552
v -0.95724529 -13.21986484 -1.37631034
v -1.01422917 -13.22696113 -1.27207112
v -0.88254058 -13.20549583 -1.46381211
v -0.86452329 -13.26465606 -1.4511398
v -0.9362899 -13.2785902 -1.36481154
v -0.77805119 -13.24526596 -1.51414382
v -0.75665485 -13.29875469 -1.49258291
v -0.8387869 -13.32064342 -1.43134689
v -0.66567492 -13.27482605 -1.52669727
v -0.65244144 -13.30800724 -1.48231256
v -0.73067551 -13.33128833 -1.45330584
v -0.57122665 -13.29251956 -1.48964715
v -0.57615292 -13.26208591 -1.46342456
v -0.65459632 -13.27450656 -1.45673549
v -0.50004243 -13.26065635 -1.44288909
v -0.49888449 -13.19835376 -1.45200443
v -0.58110594 -13.20809173 -1.47335815
v -0.42421731 -13.19173431 -1.40676617
v -0.41510739 -13.12427616 -1.41215705
v -0.49546277 -13.1353054 -1.46262049
v -0.34554195 -13.12077426 -1.34664022
v -0.33008188 -13.04337501 -1.34842526
v -0.40595424 -13.04977417 -1.41823709
v -0.26709964 -13.04645633 -1.26886272
v -0.24054789 -12.93356514 -1.27299952
v -0.31415021 -12.93588352 -1.35527896
v -0.19236089 -12.93708229 -1.17474329
v -0.16579456 -12.78980827 -1.17672073
v -0.21749858 -12.7868328 -1.28378045
v -0.15278849 -12.79968071 -1.06047797
v -0.13324302 -12.62939643 -1.05274021
v -0.15296597 -12.61640453 -1.17412328
v -0.14494979 -12.65320682 -0.92242062
v -0.12136796 -12.46070671 -0.88827645
v -0.10927616 -12.42622852 -1.03293967
v -0.17046877 -12.50706768 -0.74869126
v -0.15027886 -12.30953979 -0.66945093
v -0.10688167 -12.2477703 -0.8325147
v -0.23615716 -12.36723709 -0.53634333
v -0.23013742 -12.14478206 -0.4240846
v -0.14684481 -12.08652782 -0.57708758
v -0.33807987 -12.20001792 -0.30092206
v -0.36742523 -11.93100452 -0.18244086
v -0.25033909 -11.88250827 -0.3205164
v -0.50519412 -11.9818325 -0.08711349
v -0.5778498 -11.7030487 0.01892135
v -0.41468015 -11.64493942 -0.09095416
v -0.75845533 -11.77536582 0.07227885
v -0.88146752 -11.52143955 0.16471177
v -0.66843777 -11.43677616 0.09445545
v -1.09588158 -11.61618042 0.16600829
v -1.22988641 -11.36442089 0.24498325
v -0.98344177 -11.27311611 0.22835339
v -1.46544814 -11.45769214 0.18609321
v -1.57848918 -11.17623806 0.2421586
v -1.31699597 -11.09536361 0.28682589
v -1.82127928 -11.25087642 0.13865166
v -1.89562952 -10.9388771 0.1464332
v -1.63631081 -10.87822246 0.23851187
v -2.13565611 -10.99111175 0.00372613
v -2.14779615 -10.66684341 -0.04286502
v -1.90575945 -10.63280963 0.0916856
v -2.3601439 -10.68868255 -0.22357419
v -2.32455754 -10.36576557 -0.27295252
v -2.11735343 -10.36341762 -0.09883255
v -2.48190569 -10.35560035 -0.48706963
v -2.40203285 -10.03109645 -0.50686103
v -2.26167321 -10.05440235 -0.29836133
v -2.46784234 -10.0122509 -0.75064379
v -2.35856676 -9.70321273 -0.74706149
v -2.30214643 -9.72302055 -0.5102697
v -2.34792113 -9.69572925 -0.99547058
v -2.24878907 -9.41112995 -0.98513537
v -2.2590568 -9.41492176 -0.74220836
v -2.17931079 -9.41988086 -1.22217989
v -2.10522341 -9.14383411 -1.21604204
v -2.17411208 -9.12983417 -0.9814589
v -1.98657524 -9.16807746 -1.42911291
v -1.92904007 -8.89601326 -1.43603801
v -2.04668641 -8.86558055 -1.22417855
v -1.77391135 -8.93309021 -1.61840331
v -1.71211421 -8.65763855 -1.63719713
v -1.8653022 -8.6176958 -1.45844352
v -1.53849315 -8.70141029 -1.78230798
v -1.45602691 -8.43236351 -1.81379377
v -1.62828993 -8.37738323 -1.66649651
v -1.27233922 -8.49703693 -1.91526389
v -1.78304958 -8.3371458 -1.48475086
v -1.98211395 -8.58638954 -1.24419295
v -2.11117315 -8.84765338 -0.98506361
v -2.18134784 -9.13261604 -0.73853063
v -2.20530176 -9.43489456 -0.50955748
v -2.17789244 -9.75340271 -0.30763945
v -2.06712889 -10.07136535 -0.13375163
v -1.88039207 -10.34643364 0.03534608
v -1.64493393 -10.59037685 0.17819769
v -1.36431551 -10.81868934 0.26607075
v -1.05066812 -11.01967811 0.25374519
v -0.74304682 -11.19472599 0.13995735
v -0.47203174 -11.37454795 -0.03772728
v -0.27894908 -11.60558033 -0.25064522
v -0.16580426 -11.83642768 -0.5014162
v -0.11682838 -12.028553 -0.77120029
v -0.10585113 -12.21182537 -1.01226437
v -0.13925239 -12.4138298 -1.18498563
v -0.21011585 -12.61871051 -1.29652178
v -0.29715734 -12.79648494 -1.37367439
v -0.39716675 -12.94821643 -1.42908883
v -0.49294513 -13.06344986 -1.47260654
v -0.58645397 -13.14895629 -1.48555362
v -0.66554981 -13.22095489 -1.46604561
v -0.72892725 -13.29316139 -1.42763173
v -0.80278432 -13.35088443 -1.39748752
v -0.90658533 -13.33348083 -1.34886479
v -0.99144136 -13.28627586 -1.26124441
v -1.04213905 -13.22208786 -1.15153098
v -1.05147254 -13.13549995 -1.04045057
v -1.03572797 -13.03499603 -0.93552219
v -1.00355434 -12.92763328 -0.82526159
v -0.96885722 -12.7984333 -0.69248938
v -0.94196224 -12.63665676 -0.52131766
v -0.91381627 -12.46807289 -0.3031232
v -0.8183701 -12.26088428 -0.09073884
v -0.70935887 -11.9946022 0.09737883
v -0.60467529 -11.66513347 0.21689297
v -0.46266186 -11.32336044 0.19666735
v -0.30896681 -11.02131176 0.04125881
v -0.17913004 -10.78477191 -0.22762554
v -0.10600605 -10.59010219 -0.55039507
v -0.10858849 -10.3830738 -0.86505091
v -0.17994259 -10.16191482 -1.15414273
v -0.28396895 -9.93090438 -1.41879332
v -0.42356634 -9.69418716 -1.65306901
v -0.59904336 -9.45073795 -1.84418392
v -0.81907671 -9.19624614 -1.95337212
v -1.04619431 -8.92002582 -1.98553264
v -1.23735046 -8.61139965 -1.95820879
v -1.37367391 -8.27393913 -1.89669239
v -1.46771252 -7.921947 -1.78089368
v -1.24799537 -8.00465297 -1.91763353
v -1.34022831 -7.65205335 -1.78633523
v -1.55260407 -7.59440469 -1.59331977
v -1.44284582 -7.34265375 -1.57626521
v -1.22088754 -7.40414953 -1.78473997
v -1.33822023 -7.10693025 -1.55531573
v -1.11869132 -7.16758966 -1.77602684
v -1.24687898 -6.8753643 -1.53261017
v -1.03146696 -6.92017841 -1.75714266
v -0.76934248 -6.9874506 -1.90081846
v -0.95624995 -6.66039419 -1.70923292
v -0.70658397 -6.70291948 -1.84621703
v -0.43914976 -6.74802017 -1.91538095
v -0.49071028 -7.04318428 -1.97239387
v -0.1581069 -6.77901649 -1.94713378
v -0.18524815 -7.0730977 -2.00432801
v 0.13378094 -6.79549551 -1.95277023
v 0.1343486 -7.0891633 -2.01173877
v 0.13379344 -7.36514663 -2.05557274
v 0.45385387 -7.09624338 -1.99091136
v 0.12829238 -7.62856197 -2.0861876
v 0.11538554 -7.89746284 -2.09099364
v -0.13386353 -6.47338295 -1.8718549
v -0.39918655 -6.44864082 -1.84169924
v -0.3716509 -6.14702844 -1.75440239
v -0.65688425 -6.41596078 -1.77226316
v -0.62348872 -6.12974357 -1.68288457
v -0.61096847 -5.84729337 -1.5904057
v -0.86515307 -6.12640237 -1.55481839
v -0.85584861 -5.86253118 -1.46763718
v -0.86969023 -5.60288286 -1.38084387
v -0.61660128 -5.5713973 -1.50467109
v -0.91162145 -5.35495376 -1.30453097
v -0.64478194 -5.30922699 -1.43397116
v -0.97395843 -5.13232469 -1.23264074
v -0.69781649 -5.06980705 -1.37978637
v -1.03913021 -4.95168924 -1.15929937
v -0.76871782 -4.86452531 -1.32497823
v -1.09276986 -4.82184076 -1.08915329
v -0.84955495 -4.69582748 -1.25363314
v -0.69417125 -4.38549041 -1.31469392
v -0.45014688 -4.19125556 -1.40019631
v -0.61096793 -4.03861665 -1.37508392
v -0.43401354 -3.81459784 -1.44888365
v -0.23414136 -3.97737908 -1.4523251
v -0.79848581 -3.91721797 -1.35034287
v -0.66727548 -3.6830964 -1.44037497
v -1.01780355 -3.84102034 -1.33538866
v -0.91369855 -3.59729361 -1.42986285
v -0.82154178 -3.33683323 -1.50138461
v -0.7275359 -3.04802537 -1.55148136
v -1.16378676 -3.54408073 -1.44706702
v -1.07478225 -3.26852154 -1.50882244
v -0.98644548 -2.98463964 -1.55163776
v -0.90003234 -2.69102883 -1.56850552
v -0.63801956 -2.73177671 -1.57536935
v -1.315575 -3.20806932 -1.54332029
v -1.23683404 -2.91951537 -1.55587649
v -1.1591984 -2.63783955 -1.56199502
v -1.11009407 -2.36616373 -1.54429376
v -0.84953576 -2.39265298 -1.55368685
v -1.48089587 -2.84338903 -1.56186854
v -1.4156357 -2.56502628 -1.54457986
v -1.36863076 -2.30590319 -1.52246213
v -1.66115677 -2.48275661 -1.5061742
v -1.61459088 -2.22172713 -1.4798572
v -1.89872825 -2.40640115 -1.43303656
v -1.84244024 -2.1442511 -1.40480458
v -1.75028991 -1.88278043 -1.38555645
v -1.58728063 -1.65148186 -1.35214817
v -2.04459548 -2.080621 -1.28616654
v -1.92899441 -1.79246544 -1.2803744
v -1.74026179 -1.53981888 -1.25285804
v -1.48735714 -1.3534435 -1.20343518
v -1.35958373 -1.48847174 -1.30159044
v -2.07979655 -1.71396064 -1.12746584
v -1.87628662 -1.44168865 -1.10882246
v -1.6060642 -1.23727047 -1.07108175
v -1.305992 -1.0910995 -1.04437923
v -1.2152487 -1.22657358 -1.17855978
v -1.97816193 -1.36907529 -0.93269366
v -1.69753754 -1.15003907 -0.90784269
v -1.37708842 -0.98578596 -0.89304661
v -1.03781294 -0.86066091 -0.91628301
v -0.99045181 -0.97293275 -1.06674313
v -1.75709188 -1.09552657 -0.72099745
v -1.42172932 -0.92057919 -0.72054582
v -1.06473147 -0.79164797 -0.74664223
v -0.70341211 -0.68542581 -0.78430163
v -0.6866365 -0.75073766 -0.95756566
v -1.43158173 -0.91037917 -0.53450685
v -1.0674051 -0.77803534 -0.56529587
v -0.70306223 -0.67853301 -0.60186922
v -0.32999637 -0.58547043 -0.62057828
v -0.32601434 -0.59561634 -0.80603468
v -1.04940736 -0.82938867 -0.39247772
v -0.68921625 -0.7327702 -0.42786026
v -0.3230412 -0.64682626 -0.44350594
v 0.0619167 -0.61923605 -0.45299884
v 0.0704337 -0.56214201 -0.627146
v -0.66937017 -0.83623206 -0.27796572
v -0.31397613 -0.75874465 -0.29444032
v 0.05155878 -0.73139351 -0.30329456
v 0.41788804 -0.76818996 -0.29704433
v 0.44816032 -0.65863537 -0.44362208
v -0.30721581 -0.89651602 -0.16527588
v 0.0384625 -0.87264269 -0.16983389
v 0.38529157 -0.90394181 -0.16650958
v 0.72638046 -0.98614114 -0.14758098
v 0.77465611 -0.85846579 -0.27388274
v 0.0217318 -1.03148901 -0.03271368
v 0.3447484 -1.06260407 -0.02667994
v 0.6611942 -1.14922225 -0.01159438
v 0.95987963 -1.2729175 0.02086677
v 1.0530914 -1.1104995 -0.11045151
v 0.85747504 -1.43304872 0.15524366
v 1.10214602 -1.58023715 0.20597057
v 1.231902 -1.42833352 0.07140337
v 1.47390747 -1.60322785 0.12930305
v 1.60854482 -1.46099817 0.0032687
v 1.34884095 -1.27205538 -0.05867123
v 1.32375502 -1.74779129 0.26295658
v 1.51804935 -1.94458925 0.30039486
v 1.68321657 -1.81021535 0.17642453
v 1.85157084 -2.05367946 0.16827982
v 2.01911902 -1.93120336 0.0597374
v 1.83640277 -1.67842817 0.05408581
v 1.67620027 -2.17522788 0.28893652
v 1.80495154 -2.42118382 0.24798013
v 1.99023246 -2.31190729 0.12497698
v 1.49572503 -2.29083561 0.42652195
v 1.61791825 -2.52576804 0.38499385
v 1.71934986 -2.76459336 0.33366596
v 1.9111942 -2.66771721 0.20021575
v 1.42372357 -2.62842226 0.52137011
v 1.51881694 -2.85981869 0.46608677
v 1.59682428 -3.09473824 0.40674096
v 1.79622852 -3.00528359 0.27969822
v 1.3121134 -2.95317411 0.58117067
v 1.38809061 -3.18263006 0.52320003
v 1.44971966 -3.41904401 0.46261581
v 1.65903031 -3.33645296 0.34511685
v 1.1705625 -3.26516294 0.62158
v 1.22915661 -3.49537634 0.56379491
v 1.27533841 -3.73200941 0.50326311
v 1.49962806 -3.66250896 0.39747458
v 0.99494439 -3.56250095 0.64547896
v 1.03361201 -3.79177045 0.59268969
v 0.77913171 -3.8420577 0.66127729
v 0.79535114 -4.06788873 0.61497026
v 0.51561147 -3.88293027 0.71030616
v 0.52058649 -4.09918308 0.67135262
v 0.51845997 -4.31894445 0.63363474
v 0.23805759 -4.12159442 0.7162081
v 0.23290799 -4.33664989 0.68393153
v 0.2274222 -4.55804872 0.65197724
v 0.51234877 -4.54309988 0.59740948
v 0.22227139 -4.78717279 0.62166142
v 0.5033425 -4.77256107 0.56442821
v 0.21740263 -5.02367782 0.5932616
v 0.49196773 -5.00821399 0.53390985
v 0.21366243 -5.26955747 0.56475859
v -0.0558201 -5.03937625 0.62718254
v -0.0521026 -5.28689861 0.59130919
v -0.04705138 -5.5444231 0.55355435
v -0.31705915 -5.29988431 0.59208774
v -0.30470272 -5.55814456 0.55427235
v -0.2924444 -5.82724237 0.5175625
v -0.55846589 -5.56395673 0.51351845
v -0.54000127 -5.83190727 0.47860655
v -0.52542603 -6.10749149 0.44112736
v -0.77345264 -5.82708787 0.38731399
v -0.75687128 -6.09680175 0.35124993
v -0.9843356 -5.81802558 0.25201058
v -0.96799528 -6.07919693 0.22092291
v -1.16828393 -5.8125472 0.09038105
v -1.15696871 -6.06016254 0.06252956
v -1.18191885 -6.30031919 0.04308876
v -1.30932354 -6.04207038 -0.12770296
v -1.33894407 -6.26816701 -0.15172748
v -1.39976131 -6.48712587 -0.1699091
v -1.42020463 -6.24407434 -0.38532191
v -1.47603762 -6.46005725 -0.41166794
v -1.56000578 -6.6777873 -0.42946139
v -1.46353745 -6.44337987 -0.67256873
v -1.53986537 -6.66117572 -0.69921279
v -1.64064014 -6.87942075 -0.72229445
v -1.45695853 -6.64964342 -0.96835142
v -1.55167233 -6.86670875 -0.99967503
v -1.65381014 -7.08793973 -1.03250563
v -1.41734945 -6.86118745 -1.27271926
v -1.51418113 -7.08445835 -1.30304276
v -1.61845052 -7.31742525 -1.33413493
v -1.33253884 -6.63869619 -1.23780727
v -1.16858267 -6.63749456 -1.49725794
v -1.2725811 -6.41057395 -1.19593739
v -1.10861635 -6.39506053 -1.4427942
v -0.89804208 -6.3939476 -1.63771045
v -1.07715046 -6.14636182 -1.37314343
v -1.23990166 -6.17639064 -1.14312446
v -1.23137474 -5.93952989 -1.08088886
v -1.07015276 -5.89781808 -1.29462099
v -1.25080466 -5.70544099 -1.01305878
v -1.08827126 -5.65035486 -1.21338796
v -1.30764877 -5.48504352 -0.93939453
v -1.14004969 -5.41465663 -1.13448965
v -1.38645315 -5.27678012 -0.86386585
v -1.20762574 -5.20394659 -1.05284392
v -1.45779657 -5.09146022 -0.79736214
v -1.26902616 -5.02963829 -0.97439622
v -1.51606023 -4.95296526 -0.75325125
v -1.32202553 -4.90866613 -0.91808784
v -1.57372987 -5.12233448 -0.61477553
v -1.63341856 -4.95048666 -0.59188365
v -1.49570429 -5.33212375 -0.66685956
v -1.55174338 -5.35499429 -0.45895582
v -1.48297345 -5.57758951 -0.50309824
v -1.46717536 -5.58533573 -0.27382564
v -1.53753125 -5.35245466 -0.241877
v -1.42028093 -5.54299879 -0.73026537
v -1.36325037 -5.7548294 -0.78869247
v -1.42139947 -5.78828096 -0.55086624
v -1.40162944 -6.00450658 -0.59715336
v -1.39630436 -6.02479457 -0.35256534
v -1.40882909 -5.80624151 -0.31492924
v -1.34143555 -5.97622966 -0.84315663
v -1.35090446 -6.20303154 -0.89265054
v -1.41691768 -6.22471618 -0.63818997
v -1.38928353 -6.42796087 -0.93419754
v -1.31864953 -5.81169509 -0.09729179
v -1.36567914 -5.57509183 -0.06413966
v -1.4301002 -5.33174753 -0.03767273
v -1.21016192 -5.56123209 0.11951653
v -1.26561856 -5.31090354 0.14481946
v -1.31697022 -5.057621 0.16617687
v -1.01972568 -5.55801487 0.28475099
v -1.05919086 -5.30334806 0.31192427
v -1.09570777 -5.05467844 0.34145534
v -1.13032233 -4.81271934 0.38416907
v -1.36894702 -4.80984592 0.19839361
v -0.82762926 -5.30542373 0.45118671
v -0.85492223 -5.05781841 0.48668199
v -0.87917798 -4.81820011 0.53225517
v -0.89405024 -4.58192539 0.58057767
v -1.15532875 -4.57496881 0.44408679
v -0.59744256 -5.05835914 0.5868175
v -0.61412197 -4.81940794 0.63129615
v -0.6245653 -4.58472108 0.67364978
v -0.62737673 -4.35431623 0.71682012
v -0.89919924 -4.34617948 0.63612228
v -0.33741319 -4.8127861 0.66947007
v -0.34287771 -4.58037567 0.70479702
v -0.34300053 -4.35491132 0.73665499
v -0.33846527 -4.13443374 0.76293158
v -0.61915308 -4.12525224 0.74670767
v -0.05760697 -4.57082557 0.69039893
v -0.05524323 -4.34886169 0.72090166
v -0.05055572 -4.13366603 0.74789845
v -0.04524664 -3.92655849 0.77132576
v -0.32993704 -3.92127442 0.78308033
v 0.24009698 -3.91221857 0.74272233
v -0.60234838 -3.90011405 0.76682788
v -0.86139595 -3.86945748 0.71258288
v -0.88770061 -4.1071887 0.68131226
v -1.105672 -3.83021903 0.62206023
v -1.14132511 -4.08161592 0.5766403
v -1.15864145 -4.33211231 0.51463717
v -1.37827098 -4.04556369 0.44622939
v -1.4016695 -4.31120157 0.35948649
v -1.40319228 -4.5652318 0.26564326
v -1.61560094 -4.278862 0.18724882
v -1.58976674 -3.99490356 0.30083277
v -1.7709372 -3.93850231 0.16559059
v -1.78623712 -4.23730754 0.03427893
v -1.54235899 -3.71798658 0.38633263
v -1.33154606 -3.78064942 0.50715237
v -1.2768476 -3.52330088 0.55665111
v -1.05713319 -3.58565044 0.65374159
v -0.05773921 -4.80110549 0.6599003
v -0.32823661 -5.05195474 0.63008433
v -0.57826906 -5.30597591 0.54820263
v -0.79951185 -5.56218338 0.42044824
v 1.85923099 -3.25055837 0.22412683
v 2.06622314 -3.16298914 0.11401718
v 1.99618566 -2.91385603 0.14970135
v 2.28472447 -3.07783937 0.04077173
v 2.20855116 -2.8223257 0.04464725
v 2.10878849 -2.56879401 0.07560049
v 2.41676616 -2.73141574 -0.03931734
v 2.29925584 -2.46507024 -0.02796272
v 2.16393303 -2.2004702 0.01644961
v 2.44844579 -2.37945127 -0.13741545
v 2.30762887 -2.10292553 -0.10233845
v 2.16206765 -1.82356643 -0.07602852
v 2.40692925 -2.04240179 -0.26650115
v 2.26604056 -1.75659275 -0.25463697
v 2.08626031 -1.47927475 -0.26375341
v 1.97725772 -1.55855512 -0.08601203
v 1.83915746 -1.23502421 -0.29394951
v 1.73702299 -1.32720875 -0.13082735
v 1.53581738 -1.02844715 -0.33531856
v 1.45036268 -1.13216495 -0.1854102
v 1.1840372 -0.87607806 -0.38100278
v 1.12581586 -0.97602129 -0.23354345
v 0.8169837 -0.75893914 -0.42045265
v 1.22392451 -0.82887721 -0.54890698
v 0.85189294 -0.70576602 -0.58868825
v 0.47291252 -0.59907156 -0.61725074
v 0.86893773 -0.71926963 -0.76556235
v 0.48745384 -0.6088829 -0.79915732
v 0.07960331 -0.57010889 -0.80892163
v 0.48862227 -0.68484401 -0.96856981
v 0.08867474 -0.64538061 -0.97781986
v -0.30993381 -0.66821128 -0.97936844
v 0.09502396 -0.77387815 -1.1190046
v -0.28734597 -0.79358917 -1.12243127
v -0.65375542 -0.86619532 -1.10780441
v -0.25796142 -0.95887416 -1.23544049
v -0.60381716 -1.02251017 -1.22743356
v -0.92423665 -1.11983084 -1.19809675
v -0.54463529 -1.21271407 -1.31888008
v -0.84313237 -1.29675257 -1.30018281
v -1.11347723 -1.38696706 -1.28545057
v -0.7594158 -1.50596261 -1.38038671
v -1.01423704 -1.57307779 -1.37041771
v -0.68188875 -1.76408457 -1.44288766
v -0.91730165 -1.81174945 -1.44291162
v -0.6155681 -2.06957769 -1.50456678
v -0.85556334 -2.09740281 -1.50654101
v -0.58899968 -2.39614486 -1.55767881
v -0.34470376 -2.38908529 -1.55508101
v -0.37528801 -2.02902054 -1.49756944
v -0.13975526 -2.00369191 -1.49272847
v -0.12148612 -2.38743424 -1.55164802
v -0.43162217 -1.71410965 -1.43885254
v -0.16620469 -1.68128335 -1.43655884
v 0.0983641 -1.68063616 -1.43660342
v 0.09016745 -2.00406599 -1.49236476
v -0.48507073 -1.44546997 -1.38359797
v -0.19456192 -1.40421342 -1.38552784
v 0.10065872 -1.39908206 -1.38518989
v 0.38854351 -1.43072986 -1.38503229
v 0.35695484 -1.70493936 -1.43859088
v -0.22545409 -1.15947914 -1.32433188
v 0.10009105 -1.15017879 -1.32202518
v 0.42083996 -1.18497753 -1.32116115
v 0.72997051 -1.26045274 -1.30866062
v 0.66685867 -1.48933112 -1.38189756
v 0.09890268 -0.94227814 -1.23299336
v 0.45321032 -0.97708851 -1.23112082
v 0.79011547 -1.06838655 -1.20711052
v 1.102669 -1.18661201 -1.18258309
v 1.02072644 -1.36285245 -1.29371821
v 0.47652417 -0.81295096 -1.11176443
v 0.83792996 -0.91187828 -1.08005166
v 1.17281878 -1.03590929 -1.04535698
v 1.49368596 -1.1763401 -1.04995262
v 1.40273332 -1.31285309 -1.19101798
v 0.86389273 -0.79167306 -0.93279916
v 1.21776437 -0.91913133 -0.89358586
v 1.56163764 -1.06780874 -0.89073675
v 1.87785375 -1.26229572 -0.91251498
v 1.79657578 -1.35773754 -1.0887469
v 1.23685371 -0.84392678 -0.72711569
v 1.59675419 -0.99852585 -0.71221894
v 1.9168781 -1.20510721 -0.70638161
v 2.15750408 -1.47317564 -0.69870311
v 2.12350249 -1.52705919 -0.91353941
v 1.58843934 -0.98377031 -0.52045732
v 1.90328335 -1.19482791 -0.49332568
v 2.14677548 -1.45385491 -0.47585484
v 2.31855559 -1.74000728 -0.46538043
v 2.32210063 -1.76697385 -0.68555009
v 2.45163154 -2.04754328 -0.67228281
v 2.397578 -2.10972189 -0.87882596
v 2.28582525 -1.82600998 -0.90079242
v 2.45459985 -2.02400636 -0.46344947
v 2.60654044 -2.29889082 -0.46912217
v 2.58839821 -2.31956505 -0.67003834
v 2.55834603 -2.32057642 -0.28375607
v 2.68977522 -2.61155271 -0.29394325
v 2.73351764 -2.59092187 -0.47872272
v 2.57644653 -2.66028118 -0.14572292
v 2.65868115 -2.94952964 -0.15243257
v 2.77280473 -2.90761899 -0.30916893
v 2.49356794 -3.00352811 -0.04042292
v 2.68572878 -3.22232198 -0.18753375
v 2.82301688 -3.40162181 -0.38984566
v 2.79591178 -3.17516064 -0.3490377
v 2.87532949 -3.3570373 -0.57472217
v 2.84385776 -3.13572311 -0.54124897
v 2.81828427 -2.87752032 -0.50207519
v 2.82025051 -3.10899949 -0.74771094
v 2.78671693 -2.86273551 -0.70718795
v 2.70666861 -2.59841203 -0.67859923
v 2.69022703 -2.87106871 -0.91705453
v 2.61999249 -2.6292808 -0.88468742
v 2.51933717 -2.37158966 -0.87073898
v 2.48975348 -2.67540073 -1.09473359
v 2.40411424 -2.4382565 -1.07504582
v 2.30209302 -2.18830442 -1.07663941
v 2.24036264 -2.507411 -1.26782941
v 2.15489959 -2.26886749 -1.2585181
v 2.06243205 -2.00463247 -1.26212811
v 2.19691968 -1.91026353 -1.09530103
v 1.91420471 -1.71912062 -1.26053953
v 2.03930592 -1.61171484 -1.10670161
v 1.6874051 -1.48116445 -1.23399531
v 1.75793063 -1.84856724 -1.37261974
v 1.56032216 -1.63122069 -1.34603881
v 1.29877209 -1.47531926 -1.29958868
v 1.42518937 -1.79589581 -1.4182527
v 1.19336235 -1.65993022 -1.38107156
v 0.93573385 -1.56971395 -1.37774014
v 0.85818713 -1.79871296 -1.44266903
v 0.60939735 -1.74719536 -1.44102227
v 0.79142516 -2.05689239 -1.50028097
v 0.55676901 -2.03548693 -1.49878048
v 0.31938701 -2.01871848 -1.49526417
v 0.51768446 -2.35067868 -1.55186295
v 0.29148179 -2.36749744 -1.55171525
v 0.08202023 -2.38159918 -1.5507785
v 0.33227279 -2.73516035 -1.58142757
v 0.55372422 -2.67011427 -1.57974064
v 0.66028678 -2.94722914 -1.5658493
v 0.4397884 -3.04567098 -1.56717109
v 0.55926132 -3.29853558 -1.52779924
v 0.77287417 -3.2010045 -1.52850067
v 0.88764393 -3.44434428 -1.47050774
v 0.68692755 -3.54377913 -1.467229
v 0.87702894 -2.86059212 -1.56322801
v 0.98025876 -3.11096191 -1.53641283
v 1.08448541 -3.36134171 -1.48363828
v 1.18256318 -3.61804127 -1.42813861
v 0.99430054 -3.68038773 -1.39567673
v 1.18666613 -3.01868295 -1.55007422
v 1.28029263 -3.27558112 -1.51762187
v 1.36942756 -3.54573273 -1.49829459
v 1.4463607 -3.81796169 -1.47133445
v 1.26717984 -3.87901997 -1.37522828
v 1.48111307 -3.17290306 -1.56647121
v 1.56812727 -3.44222974 -1.58069622
v 1.65203809 -3.71535277 -1.56223881
v 1.74532795 -3.97252321 -1.51056671
v 1.53376269 -4.0768032 -1.42542851
v 1.78423309 -3.30463767 -1.6092211
v 1.87580132 -3.57919192 -1.59289729
v 1.97127819 -3.83751177 -1.55035448
v 2.0884161 -4.06566047 -1.48326718
v 1.8666377 -4.20066642 -1.43198978
v 2.09202146 -3.44279861 -1.56541883
v 2.18810415 -3.69483494 -1.5291363
v 2.3005774 -3.91949462 -1.46483933
v 2.42910409 -4.11886644 -1.37032437
v 2.22774124 -4.25662279 -1.38031089
v 2.38248491 -3.56333661 -1.44408571
v 2.48439192 -3.78524613 -1.38391029
v 2.60588502 -3.99253106 -1.30454707
v 2.73596477 -4.20016431 -1.23643481
v 2.56125593 -4.31504869 -1.27731537
v 2.64474964 -3.67392826 -1.26864314
v 2.75892782 -3.89034986 -1.20742738
v 2.88818049 -4.10626173 -1.15837132
v 3.03106093 -4.31987237 -1.14930462
v 2.87719774 -4.40740251 -1.22762358
v 2.88049459 -3.81736445 -1.0870254
v 3.00836134 -4.03675317 -1.05018651
v 3.15442061 -4.2536664 -1.03690743
v 3.30155992 -4.46947193 -1.04264164
v 3.17708015 -4.53571414 -1.17510843
v 3.09195709 -3.98829627 -0.91213482
v 3.23681569 -4.20682764 -0.89310848
v 3.37876248 -4.42181778 -0.87886232
v 3.48829174 -4.63308906 -0.85529929
v 3.41732239 -4.68548393 -1.02761113
v 3.27062058 -4.17927646 -0.72784
v 3.41207003 -4.38799953 -0.69698667
v 3.52270293 -4.5957632 -0.66654616
v 3.58776044 -4.80008363 -0.64084833
v 3.55722451 -4.8370819 -0.81985575
v 3.39292717 -4.37119674 -0.51142936
v 3.50895667 -4.57974624 -0.4742074
v 3.57355427 -4.79167747 -0.46324339
v 3.61198616 -4.98966407 -0.46698078
v 3.62411427 -4.99084043 -0.62195783
v 3.44660544 -4.58886623 -0.29787942
v 3.51893925 -4.80920553 -0.29920259
v 3.56426549 -5.00980234 -0.31893262
v 3.59121418 -5.18812656 -0.35274776
v 3.62937498 -5.16909456 -0.47479248
v 3.42609977 -4.84825182 -0.16292002
v 3.48186612 -5.05040979 -0.19743078
v 3.52354621 -5.22487402 -0.25028798
v 3.56911563 -5.38154172 -0.30251929
v 3.62325334 -5.35072517 -0.38323459
v 3.37081265 -5.10469722 -0.11230096
v 3.42913603 -5.27397012 -0.17800176
v 3.49295568 -5.42317581 -0.2455689
v 3.56539988 -5.54398632 -0.27795165
v 3.63099145 -5.5029087 -0.32666349
v 3.3201127 -5.32843923 -0.14314313
v 3.4010272 -5.46930503 -0.21760003
v 3.48360133 -5.58759069 -0.2581478
v 3.54132819 -5.66385603 -0.27415666
v 3.61349988 -5.61648988 -0.29320743
v 3.30336833 -5.51946544 -0.21672216
v 3.39404583 -5.63533401 -0.25917875
v 3.46358966 -5.71613454 -0.27797064
v 3.51603984 -5.77671432 -0.2896496
v 3.58697199 -5.72211074 -0.28511938
v 3.30710697 -5.68912124 -0.2810491
v 3.38743853 -5.77164936 -0.29894602
v 3.44641518 -5.83295488 -0.30934968
v 3.49566507 -5.8840847 -0.31964093
v 3.56053543 -5.82853794 -0.30165913
v 3.32120418 -5.82453489 -0.34272509
v 3.38383603 -5.88540649 -0.34685313
v 3.4378581 -5.93556213 -0.35289412
v 3.4889512 -5.97310352 -0.37033695
v 3.54014301 -5.92414522 -0.34050294
v 3.33486366 -5.92788171 -0.40331238
v 3.39191937 -5.97743177 -0.4027985
v 3.44848513 -6.01275348 -0.41307666
v 3.48903393 -6.0074625 -0.44399115
v 3.52352571 -5.97457504 -0.40891706
v 3.36036086 -6.0090475 -0.46256288
v 3.42036986 -6.04244184 -0.46667763
v 3.46600198 -6.03015565 -0.48507523
v 3.44470906 -5.98041629 -0.49789804
v 3.46682953 -5.9597125 -0.4636169
v 3.40787458 -6.05964756 -0.52790939
v 3.45630645 -6.04120826 -0.53147643
v 3.4354012 -5.9907546 -0.53843796
v 3.37984132 -5.94513845 -0.54202616
v 3.39055395 -5.93302774 -0.49792671
v 3.4593997 -6.03916549 -0.58154386
v 3.43791246 -5.98868846 -0.5815224
v 3.38224554 -5.94511938 -0.5886718
v 3.31249666 -5.9045186 -0.60046899
v 3.3095622 -5.90317106 -0.54558497
v 3.44954204 -5.9744277 -0.62337213
v 3.39521265 -5.93373346 -0.63389027
v 3.32788586 -5.89258718 -0.65311378
v 3.25090861 -5.85375404 -0.68056464
v 3.23446106 -5.86640214 -0.61734598
v 3.41664028 -5.91387176 -0.6772297
v 3.35256719 -5.87356758 -0.70265424
v 3.27708888 -5.83142852 -0.73762202
v 3.1818161 -5.78235149 -0.78396856
v 3.14899277 -5.80966901 -0.7133407
v 3.38981056 -5.84625482 -0.74874514
v 3.32034874 -5.79958248 -0.79183179
v 3.23329997 -5.74252367 -0.84777623
v 3.12465739 -5.66360044 -0.89709192
v 3.06722641 -5.71255588 -0.82424664
v 3.37910985 -5.75616931 -0.83169317
v 3.30022692 -5.68999099 -0.89492231
v 3.19985008 -5.60058593 -0.95459079
v 3.07875752 -5.48535871 -1.00810205
v 2.99227452 -5.5497384 -0.93922615
v 3.37588715 -5.63079834 -0.91167676
v 3.29308629 -5.53434801 -0.97970891
v 3.19601988 -5.41111612 -1.04680931
v 3.06616354 -5.25059986 -1.09334385
v 2.9404459 -5.32584953 -1.05112063
v 3.39305973 -5.46998405 -0.96164912
v 3.31191134 -5.34168005 -1.03740167
v 3.19378304 -5.17746162 -1.09710788
v 3.05139017 -4.98337793 -1.13880908
v 2.91640186 -5.05390262 -1.12979865
v 3.41583228 -5.27947521 -0.99097758
v 3.31537866 -5.107481 -1.06272649
v 3.17776107 -4.91571664 -1.10232365
v 3.02982616 -4.7275567 -1.08980965
v 2.90357255 -4.78232812 -1.12674629
v 3.41340351 -5.04747057 -0.99051749
v 3.28115367 -4.85832977 -1.02350378
v 3.13411426 -4.6759448 -1.01758134
v 3.01556944 -4.49964761 -1.00252461
v 2.91496872 -4.54996776 -1.06499767
v 3.35749912 -4.81380367 -0.91915744
v 3.21661853 -4.63618087 -0.92291081
v 3.10140228 -4.4553318 -0.91691261
v 3.01000165 -4.26520109 -0.91841906
v 2.92584562 -4.31581783 -0.99683415
v 3.26901269 -4.61286115 -0.80167919
v 3.15515422 -4.42896986 -0.80172693
v 3.06117582 -4.23146629 -0.81038588
v 2.97342419 -4.01635503 -0.82963639
v 2.92681884 -4.05825996 -0.9405663
v 3.17232871 -4.41985082 -0.67142981
v 3.07558631 -4.2154622 -0.68031573
v 2.98716473 -3.99983835 -0.69443947
v 2.88190531 -3.79297566 -0.69870054
v 2.87666678 -3.80243325 -0.84882724
v 3.04667425 -4.22797584 -0.54432475
v 2.95141458 -4.01522636 -0.54618305
v 2.85033655 -3.81672978 -0.54161423
v 2.75378537 -3.62646269 -0.52293831
v 2.77609777 -3.59989285 -0.68351078
v 2.88110566 -4.06343412 -0.4140169
v 2.78585147 -3.86822247 -0.39282774
v 2.69452691 -3.67786455 -0.37035253
v 2.6237173 -3.47676205 -0.34311333
v 2.67623543 -3.43367981 -0.49395766
v 2.69522452 -3.94380569 -0.27416387
v 2.61070799 -3.74258828 -0.24581503
v 2.54498481 -3.52724361 -0.21901013
v 2.51499462 -3.29343748 -0.19655564
v 2.58817529 -3.26374363 -0.31346413
v 2.51242137 -3.81370878 -0.15404783
v 2.45332241 -3.5737195 -0.12689822
v 2.4332416 -3.31370019 -0.11225707
v 2.4510343 -3.04440927 -0.10389477
v 2.52302241 -3.03868317 -0.17834909
v 2.36079669 -3.60189247 -0.05910477
v 2.35794591 -3.32027649 -0.0512882
v 2.38827037 -3.04557704 -0.05210702
v 2.39585423 -2.77209162 -0.05242643
v 2.45822715 -2.76534104 -0.10027888
v 2.28862118 -3.31767749 -0.00385895
v 2.32483673 -3.04396724 -0.01231188
v 2.33824038 -2.78110122 -0.02588199
v 2.27968287 -2.53217625 -0.03269569
v 2.33408975 -2.51067709 -0.05668713
v 2.26104545 -3.04021048 0.01969149
v 2.27824616 -2.7906847 -0.00486836
v 2.23132777 -2.55667805 -0.0133092
v 2.12177228 -2.34310245 0.01339998
v 2.15986776 -2.3013854 -0.00335415
v 2.22047877 -2.79428029 0.00778052
v 2.18338608 -2.5828123 -0.01036885
v 2.08378624 -2.38792276 0.01585424
v 1.92186975 -2.21456098 0.06574041
v 1.95009458 -2.15507054 0.05914396
v 2.14354133 -2.60513401 -0.03524782
v 2.04922151 -2.43077778 -0.00918174
v 1.89717865 -2.27050232 0.04561185
v 1.70709586 -2.14944887 0.07781592
v 1.71800696 -2.06983876 0.09256034
v 2.02738714 -2.45906877 -0.05636001
v 1.87901151 -2.32189178 -0.00685545
v 1.70035028 -2.21936988 0.03583014
v 1.50501489 -2.15573024 0.06148694
v 1.492702 -2.06898808 0.08704194
v 1.87134039 -2.36153602 -0.07176184
v 1.69785606 -2.28106737 -0.02106475
v 1.51809585 -2.23627805 0.00934531
v 1.33247518 -2.22970128 0.02033558
v 1.29705822 -2.14083123 0.06666239
v 1.70464634 -2.32811904 -0.10521079
v 1.53291559 -2.30074572 -0.07289678
v 1.36141789 -2.30287671 -0.05454541
v 1.19301378 -2.346807 -0.04232258
v 1.14547812 -2.27488374 0.03281901
v 1.54868674 -2.33705759 -0.17315495
v 1.38434219 -2.34939241 -0.15565149
v 1.22963595 -2.39886736 -0.13990941
v 1.09263062 -2.48412346 -0.12341775
v 1.04359316 -2.43432545 -0.01952225
v 1.40003967 -2.37251615 -0.2686468
v 1.25168764 -2.42643618 -0.2531836
v 1.12046957 -2.5109868 -0.23855134
v 1.01209235 -2.6244359 -0.22177825
v 0.98222678 -2.60112237 -0.10229605
v 1.26086473 -2.43291878 -0.37521195
v 1.13068485 -2.51663398 -0.36060246
v 1.01902127 -2.62607812 -0.34572869
v 0.93245339 -2.75862622 -0.3300431
v 0.93052148 -2.76236891 -0.20334997
v 1.12119054 -2.49733185 -0.48522546
v 1.00267517 -2.60420727 -0.47000753
v 0.90885496 -2.73758006 -0.45441576
v 0.84398973 -2.89735221 -0.43781238
v 0.87826454 -2.91683816 -0.31456625
v 0.97121471 -2.56480765 -0.59770196
v 0.86894148 -2.70276713 -0.58093696
v 0.7962405 -2.86821055 -0.56287819
v 0.75309509 -3.0598917 -0.54308736
v 0.8054248 -3.07834196 -0.42290806
v 0.79634773 -3.27757692 -0.409527
v 0.82739591 -3.2871139 -0.29283595
v 0.84420311 -3.09392237 -0.29995957
v 0.74461036 -3.2686088 -0.52571356
v 0.76071965 -3.48966169 -0.50642198
v 0.80778175 -3.48710703 -0.39921653
v 0.83612084 -3.69795203 -0.38497325
v 0.85464584 -3.69711494 -0.28335717
v 0.83272695 -3.4926784 -0.28971761
v 0.79320406 -3.7072916 -0.48543429
v 0.84057796 -3.92076754 -0.45423165
v 0.88444674 -3.89655757 -0.36381235
v 0.73012274 -3.7273457 -0.58688163
v 0.95964187 -4.0722661 -0.33928436
v 0.9775033 -4.05862665 -0.24639122
v 0.90165233 -3.8898375 -0.26875433
v 0.96425318 -4.07064247 -0.15069094
v 0.88810032 -3.90264654 -0.17023621
v 0.84235143 -3.71002674 -0.17980566
v 0.84120959 -3.93546485 -0.08123272
v 0.79824155 -3.73494291 -0.07967386
v 0.78186166 -3.5244975 -0.06761544
v 0.82298207 -3.505548 -0.17827117
v 0.79102504 -3.31103062 -0.04922171
v 0.82905244 -3.30007195 -0.17046228
v 0.81371986 -3.10214471 -0.04252194
v 0.84823572 -3.10233545 -0.17107223
v 0.84641373 -2.91030621 -0.05385021
v 0.88157421 -2.92182064 -0.18419273
v 0.89900118 -2.74314713 -0.07844265
v 0.7812199 -2.88831758 0.06451837
v 0.83828806 -2.70539951 0.03977266
v 0.92156726 -2.55737829 0.01290667
v 0.73644858 -2.65341067 0.13700565
v 0.83196169 -2.49108147 0.09575237
v 0.97054386 -2.36073875 0.06030688
v 1.08762335 -2.17757844 0.07448557
v 1.03160488 -2.07146906 0.09537248
v 1.26364576 -2.04349541 0.08563417
v 0.977777 -1.94849038 0.09557396
v 1.23372817 -1.94010734 0.08783567
v 1.47988641 -1.97263622 0.09604258
v 1.20801734 -1.821177 0.06838944
v 1.47252786 -1.8758037 0.08706395
v 1.73048126 -1.99197769 0.08484512
v 1.4751209 -1.77501881 0.05814762
v 1.74657642 -1.91369879 0.06629232
v 1.98029947 -2.09650087 0.04335285
v 1.77029562 -1.83061957 0.03430398
v 2.01530885 -2.03324818 0.01920674
v 2.20690965 -2.26019263 -0.02897549
v 2.05664491 -1.96558415 -0.02254719
v 2.25506544 -2.21432232 -0.06166512
v 2.39516162 -2.48006081 -0.09025353
v 2.30983972 -2.16254615 -0.11813401
v 2.45698881 -2.4495058 -0.14015933
v 2.52133512 -2.75354075 -0.15739715
v 2.51222276 -2.41865849 -0.22619642
v 2.58114361 -2.73531413 -0.24756237
v 2.58921885 -3.02248573 -0.2766014
v 2.61384391 -2.71469974 -0.36893707
v 2.62744331 -2.99519658 -0.40977165
v 2.63663482 -3.22824835 -0.45572599
v 2.62523603 -2.96604776 -0.55803179
v 2.64422154 -3.19644784 -0.61072975
v 2.69269895 -3.40429019 -0.65488731
v 2.61063861 -3.17886757 -0.75304853
v 2.66775846 -3.39482855 -0.80429947
v 2.76472759 -3.59959697 -0.84192967
v 2.62287402 -3.39985108 -0.93508428
v 2.73098588 -3.62177729 -0.97530537
v 2.84035897 -3.84307766 -0.97730881
v 2.68692612 -3.65238761 -1.08408284
v 2.78434848 -3.89316654 -1.07311701
v 2.85771489 -4.11723709 -1.02682805
v 2.72220778 -3.94129562 -1.14636373
v 2.77840924 -4.16948175 -1.08942186
v 2.83440184 -4.36822795 -1.0525093
v 2.69889187 -4.21510839 -1.13848888
v 2.74121165 -4.41535234 -1.09663915
v 2.80363059 -4.59818172 -1.09659528
v 2.63729763 -4.452147 -1.10593903
v 2.68306636 -4.63590574 -1.09683036
v 2.76714468 -4.82944059 -1.12333536
v 2.53048491 -4.46944332 -1.09265375
v 2.52141904 -4.277565 -1.16548967
v 2.45587587 -4.25525999 -1.08902108
v 2.43309593 -4.45144224 -1.03739678
v 2.61140132 -4.25575971 -1.16976356
v 2.5800035 -4.02999782 -1.24713063
v 2.50702476 -4.04951143 -1.23189318
v 2.65623021 -3.98763179 -1.20552539
v 2.58010792 -3.72304868 -1.23983347
v 2.52124142 -3.75581836 -1.29724633
v 2.63726496 -3.68740701 -1.17263567
v 2.52775669 -3.43115496 -1.13639533
v 2.48099041 -3.44653296 -1.21436882
v 2.57296395 -3.41533207 -1.04714405
v 2.49382758 -3.17310905 -0.97603714
v 2.43792223 -3.17662286 -1.05776286
v 2.55221724 -3.17527461 -0.87700086
v 2.52610278 -2.93155789 -0.8113994
v 2.46161031 -2.92774677 -0.90232271
v 2.58408045 -2.94515991 -0.69498652
v 2.5634756 -2.68509817 -0.64396554
v 2.50441527 -2.68202853 -0.75640595
v 2.60590791 -2.69621324 -0.5102294
v 2.53729128 -2.3877058 -0.48225253
v 2.49899721 -2.39922547 -0.61736255
v 2.5421803 -2.39567661 -0.34505963
v 2.38824296 -2.09272074 -0.33164489
v 2.390594 -2.09104156 -0.47582435
v 2.35732913 -2.11973214 -0.207799
v 2.15731525 -1.8452034 -0.20166231
v 2.19614911 -1.81653261 -0.33894941
v 2.1062901 -1.89802098 -0.09405138
v 1.86665213 -1.6583625 -0.11145934
v 1.93212401 -1.59601068 -0.23074786
v 1.80951523 -1.74040448 -0.0221466
v 1.53665113 -1.55704104 -0.0725112
v 1.60148549 -1.45520043 -0.1653337
v 1.49426901 -1.66655218 0.00482855
v 1.20463752 -1.55231797 -0.04983489
v 1.24012172 -1.41778421 -0.13829861
v 1.19459784 -1.68910479 0.02274688
v 0.90801328 -1.63956916 0.01123194
v 0.90385788 -1.47117841 -0.06883192
v 0.93336612 -1.79968857 0.0653992
v 0.64982307 -1.79137599 0.10375248
v 0.61275994 -1.59991896 0.03805489
v 0.32163319 -1.57119751 0.09312064
v 0.29097443 -1.36780035 -0.00563209
v 0.59610849 -1.40695643 -0.05073541
v 0.36611768 -1.78570878 0.16441169
v 0.06524493 -1.78289437 0.20954754
v 0.02219488 -1.56704604 0.12771868
v -0.27933973 -1.59998512 0.11380124
v -0.01556195 -1.36308968 0.01603184
v -0.23882469 -1.80372452 0.19539947
v -0.539186 -1.85021734 0.14544549
v -0.19732657 -2.01140642 0.25344523
v -0.14693097 -2.23465013 0.27734077
v -0.09759505 -2.47708082 0.2719407
v -0.06617488 -2.74946522 0.25459569
v -0.28496944 -2.7444334 0.2518962
v 0.16206944 -2.76605081 0.25306397
v 0.15440179 -3.04231309 0.23319622
v -0.05245726 -3.02903175 0.23331295
v 0.37193599 -2.79069423 0.24766658
v 0.34359762 -3.05761909 0.23219129
v 0.53772002 -2.82010889 0.21963259
v 0.50375527 -3.0726552 0.21263483
v 0.48094689 -3.33164286 0.18705458
v 0.63948875 -3.08579754 0.15784199
v 0.6120674 -3.32816863 0.13547931
v 0.60261231 -3.5717895 0.10283874
v 0.71763086 -3.32064318 0.05517621
v 0.70880252 -3.54696416 0.0292914
v 0.72272497 -3.77092957 0.00360268
v 0.74282288 -3.09581732 0.06958985
v 0.67667233 -2.85649251 0.15759192
v -0.25151148 -3.01982045 0.23575869
v -0.43180453 -3.01703858 0.22968892
v -0.47704446 -2.75238061 0.2299775
v -0.63389045 -2.77105927 0.16943208
v -0.85015094 -2.59366822 0.03671386
v -1.05812037 -2.47631549 -0.10278492
v -1.00861632 -2.41933918 -0.008277
v -1.22387003 -2.38486528 -0.12629367
v -1.19582653 -2.32019376 -0.03938013
v -1.38776671 -2.29244518 -0.05602927
v -1.37609577 -2.22018456 0.01674636
v -1.39267408 -2.3381257 -0.14863368
v -1.55807328 -2.33705878 -0.1713369
v -1.56237268 -2.30517005 -0.07709204
v -1.23817408 -2.42144393 -0.23281884
v -1.39395976 -2.37004613 -0.25257071
v -1.55150628 -2.35333371 -0.27711489
v -1.70740461 -2.37001562 -0.30498918
v -1.71884036 -2.35649681 -0.20326757
v -1.3883059 -2.38261938 -0.37340992
v -1.5400623 -2.36249709 -0.39447408
v -1.69371402 -2.37733173 -0.42058989
v -1.84376573 -2.43056821 -0.44706523
v -1.86235511 -2.41830682 -0.33655694
v -1.52476537 -2.36058974 -0.52259856
v -1.67575109 -2.38098812 -0.54107523
v -1.82272303 -2.43662595 -0.56178927
v -1.96031022 -2.5327506 -0.58274948
v -1.98494696 -2.52030205 -0.47434151
v -1.65670752 -2.37394404 -0.65929353
v -1.80138182 -2.43713736 -0.66764855
v -1.93848359 -2.53726172 -0.67461299
v -2.05622077 -2.68383836 -0.68014913
v -2.07407403 -2.67963886 -0.59512072
v -1.78298318 -2.42965722 -0.76113957
v -1.91848111 -2.53452515 -0.75908976
v -2.03562927 -2.68040323 -0.7611795
v -1.90017724 -2.52450275 -0.8383578
v -2.01343464 -2.67040777 -0.83317971
v -1.89525759 -2.50115513 -0.91782403
v -1.9980638 -2.65181756 -0.908625
v -1.90700507 -2.46613836 -0.99175423
v -2.00301361 -2.61978578 -0.98037278
v -1.94116413 -2.42129063 -1.05063915
v -2.02697014 -2.58311629 -1.03915572
v -2.08670806 -2.75950241 -1.05656909
v -2.08022284 -2.54197406 -1.05276012
v -2.14256477 -2.71965122 -1.07592725
v -2.1689949 -2.92128181 -1.14135909
v -2.20011472 -2.69387865 -1.04744589
v -2.2401092 -2.89610171 -1.11408639
v -2.30138707 -2.88018703 -1.05532014
v 0.27341499 -1.19057679 -0.12797457
v 0.610062 -1.0858227 -0.26088967
v 0.59792625 -1.23057246 -0.15408602
v 0.96176534 -1.16926229 -0.26178944
v 0.92418074 -1.31005024 -0.16375348
v 1.29867029 -1.29516148 -0.23122605
v 0.997303 -1.06443119 -0.36043626
v 1.36019277 -1.19498348 -0.33339911
v 1.67430162 -1.3738321 -0.28614357
v 1.40192294 -1.13454496 -0.45663225
v 1.73159158 -1.32409501 -0.42511594
v 1.98826086 -1.55845212 -0.37698265
v 1.75690984 -1.31211555 -0.57933974
v 2.01521801 -1.55482983 -0.54215312
v 2.21431827 -1.81615853 -0.49761405
v 2.010113 -1.58028852 -0.70791518
v 2.20537591 -1.8465054 -0.65992647
v 2.36818933 -2.11528015 -0.62082648
v 2.17062568 -1.89735984 -0.80161583
v 2.32398867 -2.16110467 -0.75254339
v 2.44212293 -2.42015719 -0.73970371
v 2.26624465 -2.20326209 -0.85700744
v 2.37336373 -2.44578504 -0.83690875
v 2.43218898 -2.68607592 -0.85180968
v 2.29971385 -2.46890425 -0.9162153
v 2.35875248 -2.69818854 -0.92858237
v 2.39543509 -2.93213081 -0.98015475
v 2.29559302 -2.71064782 -0.99004435
v 2.33678984 -2.93858933 -1.0473138
v 2.3897264 -3.18105483 -1.13443183
v 2.28130197 -2.94402241 -1.10669076
v 2.33658933 -3.18896746 -1.19977474
v 2.42597818 -3.46675825 -1.27551889
v 2.27274799 -3.20438361 -1.24197578
v 2.36552977 -3.48730158 -1.31351423
v 2.46442508 -3.77870655 -1.29492628
v 2.33556032 -3.50864481 -1.24206852
v 2.4484415 -3.78433775 -1.21335339
v 2.48658943 -4.04033422 -1.15044689
v 2.43807196 -3.78643083 -1.11718702
v 2.45893335 -4.02296829 -1.04591643
v 2.41335511 -4.22627067 -0.98822379
v 2.42243957 -4.00482988 -0.93453162
v 2.36624598 -4.19155311 -0.86933183
v 2.28909826 -4.34822607 -0.81968498
v 2.35564613 -4.40880298 -0.94592922
v 2.22114157 -4.47557735 -0.77020019
v 2.16523933 -4.32425832 -0.59165471
v 2.1049211 -4.37199068 -0.52547675
v 2.16079139 -4.55442047 -0.71456247
v 2.23686456 -4.25013446 -0.66191589
v 2.31081533 -4.12794971 -0.72272956
v 2.19058299 -4.10920667 -0.48533988
v 2.14523816 -4.13783454 -0.42651465
v 2.13179636 -3.89028978 -0.30539593
v 2.09734773 -3.89572882 -0.25110906
v 2.09647178 -4.16016006 -0.36144608
v 2.1629486 -3.88553905 -0.35473987
v 2.16767597 -3.61130881 -0.36645492
v 2.13373971 -3.60546326 -0.28864982
v 2.18353009 -3.39059138 -0.42851641
v 2.2158389 -3.43245196 -0.54794818
v 2.21072578 -3.24441766 -0.60706913
v 2.25065565 -3.48363328 -0.69806075
v 2.22481727 -3.28482556 -0.74353039
v 2.18246388 -3.06217432 -0.76011943
v 2.22845721 -3.29150319 -0.86690795
v 2.17161631 -3.05749583 -0.85395133
v 2.09415268 -2.82877326 -0.83314049
v 2.15732097 -3.04312205 -0.93398255
v 2.08231473 -2.81999421 -0.90581935
v 1.98375403 -2.6334002 -0.89431977
v 2.07443642 -2.80594277 -0.97118216
v 1.98845267 -2.61905288 -0.95766788
v 1.8762232 -2.45767116 -0.96689182
v 2.01204752 -2.59590601 -1.01029181
v 1.90934419 -2.42464232 -1.01997053
v 2.05110383 -2.57037234 -1.04401648
v 1.95912313 -2.38854932 -1.05089724
v 2.10927701 -2.54257202 -1.04367625
v 2.01526451 -2.35456872 -1.06026291
v 2.16863822 -2.51934242 -1.01649487
v 2.07729506 -2.31846427 -1.04422509
v 2.23284125 -2.49365425 -0.97372293
v 2.14121818 -2.28019213 -1.00253045
v 2.20473051 -2.24138188 -0.94027286
v 2.23456668 -2.72443604 -1.03651881
v 2.17445802 -2.73750639 -1.06936538
v 2.21405315 -2.95026278 -1.14734518
v 2.11907982 -2.75791382 -1.06866323
v 2.15656065 -2.96949839 -1.14116287
v 2.22764682 -3.22909903 -1.21205639
v 2.14611458 -2.99951815 -1.07986426
v 2.21916842 -3.25149297 -1.13546204
v 2.32856082 -3.52054977 -1.15544271
v 2.22012519 -3.2690258 -1.05414462
v 2.32251501 -3.53084659 -1.06722426
v 2.4166069 -3.78498029 -1.01575052
v 2.31269002 -3.53570175 -0.96563345
v 2.37807679 -3.76799964 -0.89605927
v 2.36807012 -3.96855139 -0.80058759
v 2.28878903 -3.52273416 -0.84053784
v 2.22205853 -3.28332567 -0.9639548
v 2.14626216 -3.02498531 -1.01088869
v 2.08238339 -2.78434515 -1.03077948
v 2.05599331 -4.17436695 -0.30380502
v 2.05455136 -4.40649986 -0.46389678
v 2.01482367 -4.43853664 -0.39967185
v 2.06043839 -4.66419172 -0.58923858
v 2.10647559 -4.61430978 -0.65631747
v 2.1859405 -4.87571954 -0.74245518
v 2.03687667 -4.70852518 -0.51337605
v 2.16402864 -4.92826509 -0.65243178
v 2.33236861 -5.13791799 -0.71633356
v 2.3506248 -5.09216213 -0.81936556
v 2.49882674 -5.36397457 -0.70567423
v 2.52455639 -5.32700061 -0.82150226
v 2.67308497 -5.55409956 -0.6715908
v 2.70743393 -5.5197997 -0.78525209
v 2.76203799 -5.46224451 -0.88959181
v 2.87645626 -5.65864896 -0.75627261
v 2.92341208 -5.60883045 -0.85431522
v 2.83838582 -5.39341449 -0.98139464
v 3.02899766 -5.75223779 -0.73702359
v 2.85559749 -5.68690776 -0.65278828
v 3.01473188 -5.77108097 -0.64556759
v 3.13647532 -5.82495212 -0.63465368
v 3.01753091 -5.76771783 -0.550875
v 3.13864946 -5.81902504 -0.55520778
v 3.23213911 -5.86206293 -0.55131793
v 3.15737342 -5.79184579 -0.48186743
v 3.2478342 -5.8412857 -0.49027451
v 3.32234072 -5.88661623 -0.49439841
v 3.27858877 -5.81007099 -0.43978294
v 3.34950637 -5.86098289 -0.45228245
v 3.4147191 -5.91080379 -0.46191328
v 3.38903451 -5.82897329 -0.42237913
v 3.45033812 -5.88065052 -0.43600502
v 3.50015282 -5.93027973 -0.43675658
v 3.49406147 -5.84427547 -0.4222455
v 3.54137587 -5.8941946 -0.41974887
v 3.56729435 -5.93353462 -0.38515666
v 3.58800315 -5.85453891 -0.41343537
v 3.61729145 -5.88892221 -0.37481695
v 3.59819579 -5.87156486 -0.3262113
v 3.66823864 -5.84590196 -0.37789025
v 3.65784478 -5.8229618 -0.32605534
v 3.62688493 -5.77620983 -0.29916825
v 3.71648764 -5.77829885 -0.34163907
v 3.69042277 -5.72798538 -0.31541264
v 3.65319991 -5.67255163 -0.30240711
v 3.7387917 -5.68451595 -0.35554316
v 3.70881772 -5.63032674 -0.34360587
v 3.67317533 -5.5764966 -0.33744925
v 3.74590492 -5.59774923 -0.40584749
v 3.71376276 -5.54547309 -0.40264675
v 3.67507815 -5.47269439 -0.39663788
v 3.73608303 -5.53039836 -0.48202893
v 3.70030927 -5.45395469 -0.48331305
v 3.65598869 -5.33099079 -0.48194879
v 3.70562887 -5.447124 -0.57876861
v 3.66658783 -5.32607936 -0.58868795
v 3.64223146 -5.16866207 -0.6044256
v 3.65717101 -5.33702087 -0.69902801
v 3.62649774 -5.19059085 -0.73211461
v 3.59802866 -5.01984071 -0.77704894
v 3.57938432 -5.23392009 -0.85565161
v 3.54154467 -5.07305526 -0.91896271
v 3.49141669 -4.89310503 -0.98120278
v 3.45850181 -5.14559602 -1.03790891
v 3.3931477 -4.96794128 -1.11812973
v 3.30381727 -4.75624036 -1.17523849
v 3.2690382 -5.06028652 -1.21660041
v 3.15623235 -4.84489393 -1.27873277
v 3.0189898 -4.62044858 -1.26442074
v 2.98939418 -4.94974041 -1.32609832
v 2.84454202 -4.72460842 -1.30734014
v 2.70235204 -4.51545715 -1.26607561
v 2.67237925 -4.84244203 -1.2955712
v 2.52505183 -4.63452434 -1.25534403
v 2.37654399 -4.43646669 -1.27028667
v 2.36404156 -4.74991512 -1.19858539
v 2.19711422 -4.55080318 -1.21608102
v 2.02303123 -4.38547897 -1.32116818
v 2.0388062 -4.64414072 -1.12949311
v 1.83902525 -4.48371839 -1.22952318
v 1.66870093 -4.30090618 -1.34692573
v 1.50599956 -4.36266756 -1.25766956
v 1.36864519 -4.13103103 -1.3251636
v 1.38002884 -4.3958745 -1.17426943
v 1.2219671 -4.16849756 -1.24204862
v 1.09162378 -3.92033219 -1.31272137
v 1.07856357 -4.20895671 -1.19784247
v 0.92776006 -3.98607182 -1.29838144
v 0.80447697 -3.76838827 -1.3965094
v 0.7801091 -4.09415054 -1.3133738
v 0.63379001 -3.88443231 -1.39681613
v 0.49441918 -3.65924978 -1.46973955
v 0.48764571 -4.02304506 -1.41199398
v 0.31832909 -3.79500269 -1.46641326
v 0.33416199 -4.19754505 -1.42671239
v 0.14441077 -3.97097182 -1.45745992
v 0.65670514 -4.22418069 -1.34308779
v 0.94626444 -4.28729724 -1.2050203
v 1.25693583 -4.42126083 -1.10311436
v 2.23242545 -4.84788703 -1.11111998
v 2.39720749 -5.06107521 -1.13468015
v 2.30043101 -5.13699531 -1.01444876
v 2.52163028 -4.95917129 -1.2286551
v 2.67943477 -5.16675901 -1.22867453
v 2.55627846 -5.26055383 -1.12671113
v 2.82615852 -5.06169843 -1.30348122
v 2.96931529 -5.2624607 -1.25026106
v 2.82916331 -5.35680246 -1.18374884
v 3.12075281 -5.1627264 -1.26633667
v 3.21824264 -5.32615709 -1.17133748
v 3.08729815 -5.42540407 -1.16860055
v 3.34503889 -5.23045253 -1.12579906
v 3.40729427 -5.37270641 -1.03382158
v 3.29857087 -5.45462894 -1.07542502
v 3.50551223 -5.29391336 -0.95626115
v 3.5523262 -5.42070913 -0.88927763
v 3.46735453 -5.48777484 -0.95140099
v 3.61857342 -5.3672924 -0.80376696
v 3.66085505 -5.48259067 -0.76005047
v 3.60134601 -5.52999305 -0.83339244
v 3.69238042 -5.45547103 -0.67391842
v 3.72853708 -5.543437 -0.65586704
v 3.69822311 -5.57144832 -0.73136144
v 3.74104929 -5.52938222 -0.57067269
v 3.77034902 -5.58808231 -0.56635636
v 3.75735306 -5.60594654 -0.64593076
v 3.76728344 -5.58334159 -0.4828453
v 3.79489159 -5.62740659 -0.48400446
v 3.79623055 -5.63272094 -0.56731486
v 3.77312016 -5.64786481 -0.41113936
v 3.76571464 -5.73675918 -0.37217286
v 3.75966644 -5.77532434 -0.41574826
v 3.71641087 -5.80905008 -0.38921409
v 3.67856025 -5.77865219 -0.43112415
v 3.71435117 -5.7461543 -0.4493604
v 3.635432 -5.81503677 -0.4170745
v 3.59111785 -5.76419591 -0.4263747
v 3.63674402 -5.72693872 -0.43880623
v 3.54243302 -5.80432701 -0.41944634
v 3.49183392 -5.74811029 -0.4065276
v 3.54554104 -5.70553112 -0.41568002
v 3.43839812 -5.79022884 -0.4081152
v 3.37718391 -5.7317481 -0.38414895
v 3.4360075 -5.68468189 -0.38154655
v 3.32270693 -5.77411556 -0.40333977
v 3.24281597 -5.70937252 -0.37235298
v 3.30195117 -5.6594491 -0.34453713
v 3.19265937 -5.75230217 -0.41952782
v 3.07976412 -5.68864822 -0.39172256
v 3.13572883 -5.63354206 -0.33258569
v 3.04019451 -5.73695278 -0.46422511
v 2.88180041 -5.65658426 -0.44343361
v 2.92896509 -5.60129642 -0.36070859
v 2.85601472 -5.68902254 -0.54337239
v 2.67095613 -5.55242681 -0.55208849
v 2.69944167 -5.52081155 -0.4419856
v 2.53317308 -5.33564376 -0.47307577
v 2.59515404 -5.28008556 -0.37421202
v 2.75542688 -5.46270132 -0.34809893
v 2.50117898 -5.36517 -0.58571159
v 2.34670662 -5.15204381 -0.60389381
v 2.38871073 -5.13378572 -0.49964293
v 2.19373965 -4.94468212 -0.55497258
v 2.83345198 -5.3892498 -0.27907735
v 2.99813866 -5.53115034 -0.29891979
v 3.08209109 -5.45732641 -0.25837236
v 3.20616173 -5.57086277 -0.29409289
v 3.28908991 -5.50316143 -0.27683526
v 3.36989188 -5.60143041 -0.33625155
v 3.44022464 -5.54894495 -0.3543429
v 3.49610352 -5.63694429 -0.39453467
v 3.55371761 -5.592947 -0.42090174
v 3.59603571 -5.66497468 -0.43345004
v 3.63917088 -5.63034153 -0.46191504
v 3.67493295 -5.69398975 -0.4617623
v 3.70598673 -5.66840934 -0.49420002
v 1.08967495 -4.18183088 -0.22640474
v 1.09717381 -2.4569962 -0.61213141
v 1.25788593 -2.42078542 -0.50073349
v 1.40768909 -2.37866187 -0.39088267
v 1.56038069 -2.35408973 -0.28830498
v 1.7156471 -2.35745573 -0.20156811
v 1.87155079 -2.39414882 -0.14745843
v 2.01970577 -2.4798057 -0.1158908
v 2.12570524 -2.62734484 -0.08105431
v 2.17410826 -2.80559921 -0.01232485
v 2.20165014 -3.03847217 0.04156225
v 2.22247362 -3.31632065 0.03324832
v 2.28537464 -3.61097383 -0.01385993
v 2.40652418 -3.8723247 -0.09230058
v 2.58977317 -4.03083801 -0.19406677
v 2.78634643 -4.13939666 -0.30318808
v 2.9799478 -4.26764202 -0.42198908
v 3.14797592 -4.43139553 -0.53618496
v 3.28240585 -4.60731697 -0.6642611
v 3.40013933 -4.78790664 -0.79104208
v 3.48211216 -5.00143432 -0.88518226
v 3.49838852 -5.22809505 -0.91787976
v 3.48085832 -5.41276264 -0.91744822
v 3.46008515 -5.56985473 -0.89609038
v 3.44621658 -5.70433044 -0.84847319
v 3.4420259 -5.80890512 -0.78440028
v 3.44789886 -5.88665151 -0.71769976
v 3.49243903 -5.85077428 -0.75023853
v 3.49408388 -5.92313528 -0.69811803
v 3.53250145 -5.88836383 -0.72828972
v 3.52127099 -5.96472311 -0.70585799
v 3.46760726 -5.95155859 -0.66225475
v 3.49208283 -5.99740791 -0.67229622
v 3.45740771 -6.00836515 -0.70066571
v 3.47127628 -6.0227108 -0.63027793
v 3.42947292 -6.03947591 -0.65017145
v 3.37135124 -6.01739311 -0.66437476
v 3.41228222 -6.05840492 -0.5913853
v 3.34993839 -6.03054523 -0.59931862
v 3.28744339 -5.98041677 -0.61372989
v 3.34490633 -6.02812147 -0.53001302
v 3.28301572 -5.97690439 -0.54011428
v 3.21866178 -5.9244399 -0.5541414
v 3.30023264 -5.9583621 -0.46848788
v 3.23717713 -5.90474987 -0.47620561
v 3.15218877 -5.84017229 -0.48036128
v 3.27153086 -5.87019729 -0.4048776
v 3.18494677 -5.79691219 -0.39985531
v 3.06043028 -5.71763086 -0.37915951
v 3.23550391 -5.74469471 -0.33003351
v 3.11665725 -5.65495204 -0.29908582
v 2.98753166 -5.56898832 -0.24943502
v 3.20386767 -5.58196353 -0.24064706
v 3.09064412 -5.48010873 -0.18268404
v 2.96613001 -5.35812521 -0.1269022
v 3.20311117 -5.39498138 -0.146072
v 3.09818983 -5.26048612 -0.08325788
v 2.98528599 -5.08961963 -0.04365452
v 3.23667526 -5.17460346 -0.07563293
v 3.14314293 -4.99115848 -0.03024437
v 3.02640867 -4.78320026 -0.04656371
v 3.29793453 -4.9084568 -0.0694611
v 3.18996167 -4.69275236 -0.07089798
v 3.33707165 -4.62692546 -0.15627338
v 3.20431113 -4.41764688 -0.2115221
v 3.32037043 -4.37972593 -0.34285002
v 3.17636156 -4.18754482 -0.40031501
v 3.25055933 -4.17210483 -0.55677974
v 3.11577367 -3.96980547 -0.58520752
v 3.05152845 -3.99929404 -0.42774528
v 3.00903344 -3.76913261 -0.59645789
v 2.94989538 -3.80887579 -0.43213912
v 2.93021488 -3.56483984 -0.59316349
v 2.87381458 -3.61089468 -0.41966801
v 3.01282119 -3.75511074 -0.77152651
v 2.92770648 -3.54231762 -0.78165137
v 2.8617661 -3.33134818 -0.77520799
v 2.8698132 -3.55196952 -0.96572822
v 2.79212021 -3.3333292 -0.97120219
v 2.73893857 -3.10537791 -0.95285052
v 2.68767404 -3.37245082 -1.15432393
v 2.62090516 -3.14096999 -1.15185594
v 2.55838465 -2.9091053 -1.12560594
v 2.47124218 -3.21676683 -1.33723938
v 2.39436769 -2.97746515 -1.32142078
v 2.32104349 -2.74045705 -1.29309737
v 2.20583891 -3.06617355 -1.47740221
v 2.12543869 -2.81903791 -1.44902145
v 2.04366731 -2.58571291 -1.41443252
v 1.91277349 -2.91928339 -1.5461514
v 1.83014679 -2.68442249 -1.50735402
v 1.75669097 -2.45066547 -1.48173248
v 1.96294522 -2.35412097 -1.39594197
v 1.68826746 -2.21420192 -1.46419739
v 1.88011193 -2.10453915 -1.38494491
v 1.58991956 -1.99036335 -1.44502091
v 1.48814249 -2.33463716 -1.51550507
v 1.5442897 -2.55878806 -1.5304867
v 1.32163274 -2.67135977 -1.55766916
v 1.26767945 -2.44505572 -1.54640817
v 1.09863841 -2.77133703 -1.56382906
v 1.02749455 -2.53432273 -1.55991172
v 0.78652399 -2.60228323 -1.56964516
v 0.75593471 -2.33558177 -1.54787623
v 1.39724707 -2.91493868 -1.5621829
v 1.6124643 -2.79973769 -1.55071389
v 1.69482779 -3.0449593 -1.58482825
v 1.99932134 -3.17565918 -1.57223665
v 2.29154086 -3.32157635 -1.47911393
v 2.55216264 -3.45222735 -1.31675946
v 2.77265191 -3.59609556 -1.12835168
v 2.96867179 -3.770226 -0.94084304
v 3.12871646 -3.96642541 -0.75267815
v -0.30137661 -1.05407512 -0.03008915
v -0.64912432 -0.96779805 -0.14956632
v -1.01893496 -0.93523806 -0.24640773
v -1.40693271 -0.96251821 -0.35878279
v -1.77009606 -1.0914067 -0.51722121
v -2.03898596 -1.32717359 -0.72606253
v -2.18665838 -1.65153765 -0.94044852
v -2.20781636 -2.0166924 -1.12432169
v -2.11947774 -2.3471961 -1.30404472
v -1.9659754 -2.66092181 -1.4696691
v -1.72227263 -2.7521677 -1.54186189
v -1.80206501 -3.02270627 -1.58280432
v -1.55549824 -3.13049173 -1.58464992
v -1.62905085 -3.42220068 -1.59277999
v -1.38707828 -3.49807405 -1.52237868
v -1.46336042 -3.79760384 -1.48423147
v -1.24646973 -3.81982374 -1.38031005
v -0.03695162 -7.78117275 -1.95626771
v -0.03319832 -7.59620142 -1.91657674
v -1.63167905 -7.32671928 -0.90537649
v -1.67319572 -7.35586023 -0.68298751
v -1.75090944 -7.59441041 -0.72212851
v -1.5724473 -7.10919857 -0.65146064
v -1.63471281 -7.39404583 -0.47081145
v -1.68808257 -7.62997961 -0.49066597
v -1.74669671 -7.8469901 -0.49670156
v -1.67997562 -8.40126705 -0.1345431
v -1.5377047 -8.47220897 -0.04722685
v -1.61315178 -8.70711326 -0.06537341
v -1.38903927 -8.54291629 -0.01333542
v -1.45017683 -8.74957275 -0.03177045
v -1.49022877 -8.99034977 -0.01533518
v -1.27967286 -8.78286075 -0.04400894
v -1.30282068 -9.00318527 -0.01612071
v -1.30193519 -9.24016284 0.02220401
v -1.09985363 -9.00618743 -0.06149007
v -1.08663117 -9.23156738 -0.02245516
v -1.08286237 -9.48091983 0.00045785
v -0.86791694 -9.22138023 -0.11836916
v -0.86331212 -9.46948146 -0.09430588
v -0.86050915 -9.72949886 -0.06176411
v -0.66473496 -9.47046852 -0.22934043
v -0.65912056 -9.72985935 -0.19653412
v -0.6471647 -9.98403739 -0.15783686
v -0.48963895 -9.73853302 -0.36978325
v -0.47523301 -9.98941898 -0.34432408
v -0.45494699 -10.22883796 -0.31969133
v -0.35435634 -9.99419975 -0.56963849
v -0.32440221 -10.22834205 -0.55496025
v -0.28675252 -10.45372772 -0.53871464
v -0.262737 -10.23572921 -0.81314384
v -0.22082848 -10.46420955 -0.80403
v -0.19090576 -10.68934917 -0.78652817
v -0.23275342 -10.48595809 -1.07265567
v -0.20371663 -10.71209621 -1.06337857
v -0.18574908 -10.93225002 -1.04333329
v -0.27156993 -10.73439407 -1.33821046
v -0.25328823 -10.95464229 -1.32716405
v -0.24418118 -11.16629123 -1.30500733
v -0.36671206 -10.97618579 -1.60263419
v -0.36772295 -11.19217681 -1.58014071
v -0.36409178 -11.39664459 -1.54537093
v -0.53201085 -11.21979522 -1.83034932
v -0.52267968 -11.43999385 -1.78592515
v -0.49233132 -11.65648746 -1.72369408
v -0.71276098 -11.48391151 -1.97749006
v -0.67385149 -11.71718311 -1.89739966
v -0.61357951 -11.93612003 -1.80972611
v -0.88173759 -11.76770114 -2.00710082
v -0.80007565 -12.00304794 -1.91085839
v -0.69331604 -12.21648788 -1.8092786
v -0.99129861 -12.06261062 -1.96441829
v -0.86314499 -12.28597068 -1.85128152
v -0.74676841 -12.46271896 -1.7279725
v -1.02584576 -12.34230041 -1.84459972
v -0.88915866 -12.51362323 -1.71161699
v -0.80199724 -12.6606121 -1.61728262
v -1.01792848 -12.5481472 -1.65724992
v -0.91497677 -12.68653583 -1.56377339
v -0.85484534 -12.81704616 -1.50734961
v -1.00743377 -12.70450019 -1.48833584
v -0.94151073 -12.837224 -1.44065094
v -0.8999058 -12.95971298 -1.4141699
v -1.00481081 -12.85138511 -1.35623478
v -0.95919191 -12.97091674 -1.33383107
v -0.9261915 -13.0707674 -1.31998515
v -0.9865747 -12.97330856 -1.23449099
v -0.95479923 -13.06874084 -1.22472131
v -0.93408864 -13.13710498 -1.22047627
v -0.95801019 -13.05463504 -1.12252223
v -0.93903648 -13.12694454 -1.12094116
v -0.92260551 -13.19313526 -1.120476
v -0.92361086 -13.11467361 -1.01926815
v -0.91016423 -13.18391513 -1.02106368
v -0.89597475 -13.24944782 -1.02215957
v -0.87856227 -13.17161274 -0.92738986
v -0.86666148 -13.23567771 -0.92764508
v -0.85667532 -13.30366993 -0.92455047
v -0.82881581 -13.22079467 -0.84546417
v -0.81766557 -13.28301239 -0.84127968
v -0.85126692 -13.31341743 -0.81843918
v -0.77731347 -13.25955486 -0.7788676
v -0.80451929 -13.2834959 -0.75023114
v -0.84236091 -13.24824142 -0.7359007
v -0.7553007 -13.25677967 -0.70532786
v -0.78380489 -13.22173023 -0.68389022
v -0.80670636 -13.18190574 -0.66985046
v -0.71834546 -13.2051506 -0.65040463
v -0.73226279 -13.16831207 -0.62943553
v -0.74645131 -13.12407493 -0.61126267
v -0.65363031 -13.16331195 -0.60966843
v -0.65843224 -13.12148094 -0.58669191
v -0.66329366 -13.07031726 -0.56680375
v -0.56509679 -13.12245178 -0.58624857
v -0.56322991 -13.07048606 -0.5645976
v -0.56035506 -13.00005435 -0.54189878
v -0.45976007 -13.06399536 -0.59076291
v -0.45166164 -12.9858675 -0.56897491
v -0.44879633 -12.89081382 -0.54606497
v -0.34218567 -12.96455574 -0.62892842
v -0.34469944 -12.85845851 -0.60786652
v -0.34160348 -12.72116565 -0.55545389
v -0.24132055 -12.81908798 -0.68852448
v -0.23302941 -12.67661953 -0.6334384
v -0.19501219 -12.5117712 -0.53509163
v -0.14139382 -12.62338829 -0.74511194
v -0.10045511 -12.44962024 -0.6644063
v -0.08062619 -12.24965095 -0.5597971
v -0.05783359 -12.37781429 -0.81977707
v -0.04756683 -12.16566085 -0.7390418
v -0.05285009 -11.94319534 -0.64305132
v -0.04970501 -12.10819435 -0.9438489
v -0.05643333 -11.88602447 -0.88953238
v -0.06046937 -11.66739845 -0.84993851
v -0.08509129 -11.87385082 -1.15642774
v -0.09221187 -11.65984916 -1.15336728
v -0.09798786 -11.45565605 -1.15572083
v -0.16923424 -11.68712806 -1.43793284
v -0.1813991 -11.47369384 -1.46161925
v -0.18949581 -11.26470565 -1.48107767
v -0.31882655 -11.50981521 -1.72643661
v -0.33196288 -11.29070186 -1.76567184
v -0.34034261 -11.06727886 -1.78602874
v -0.52856642 -11.3211708 -1.99437713
v -0.54649812 -11.08206081 -2.02422118
v -0.5639249 -10.84380722 -2.02039814
v -0.81635242 -11.10427188 -2.17510867
v -0.84788799 -10.85494804 -2.16924119
v -0.86680936 -10.61461925 -2.14384198
v -1.16032207 -10.87988376 -2.23890161
v -1.18774676 -10.62897682 -2.21326303
v -1.19886314 -10.3882122 -2.16694045
v -1.51648819 -10.65447998 -2.21228456
v -1.52615499 -10.39954185 -2.15762567
v -1.51429486 -10.1504879 -2.10100436
v -1.84249103 -10.42176055 -2.07788205
v -1.81943476 -10.15841484 -2.01527476
v -1.77882564 -9.89271259 -1.97260391
v -2.10167145 -10.17196273 -1.87081253
v -2.04959535 -9.89239883 -1.83129811
v -1.98000812 -9.61281585 -1.80039763
v -2.28055524 -9.89004993 -1.63449537
v -2.19473552 -9.59884071 -1.60909616
v -2.10451006 -9.31848144 -1.5853728
v -2.35591363 -9.58647346 -1.37318885
v -2.26101112 -9.30016231 -1.35876059
v -2.17942786 -9.0154066 -1.35657382
v -2.36254286 -9.28839111 -1.10145008
v -2.27740693 -8.99978828 -1.10532712
v -2.18982386 -8.71494579 -1.11872232
v -2.30851912 -8.99893379 -0.83157193
v -2.22337913 -8.71855258 -0.84496945
v -2.1411817 -8.44363212 -0.86091375
v -2.2003107 -8.73889923 -0.56011974
v -2.12276554 -8.46850681 -0.57413077
v -2.04937005 -8.2033081 -0.58383137
v -2.04807877 -8.49526596 -0.30069127
v -1.97478652 -8.22874259 -0.31048634
v -1.90804755 -7.97142314 -0.31094053
v -1.83682072 -8.25523281 -0.07533318
v -1.76157069 -7.99778461 -0.07144798
v -1.69283342 -7.74712276 -0.06425744
v -1.57168233 -8.03348064 0.11815104
v -1.48389673 -7.78037071 0.12237146
v -1.39240884 -7.53442478 0.12137026
v -1.24299395 -7.84885931 0.22377178
v -1.12302827 -7.61178016 0.22706271
v -0.87380963 -7.75541305 0.27893546
v 0.99016159 -8.85717201 0.21051557
v 0.76930654 -9.11682891 0.10168171
v 0.54107922 -9.34980964 -0.064
v 0.33035463 -9.57897472 -0.27730098
v 0.19858057 -9.822443 -0.54136794
v 0.15183661 -10.06078338 -0.84915947
v 0.1725972 -10.29729461 -1.17430317
v 0.24954259 -10.52580261 -1.50628578
v 0.39338743 -10.74722099 -1.83088576
v 0.62722277 -10.98710441 -2.07989668
v 0.8896116 -11.26725959 -2.19558167
v 1.12108171 -11.57096672 -2.18358397
v 1.2795192 -11.88251876 -2.06803274
v 1.3428545 -12.20048713 -1.90825307
v 1.30839514 -12.4470644 -1.66578555
v 1.21784603 -12.62629318 -1.42343533
v 1.16298091 -12.79459095 -1.24454724
v 1.11381149 -12.91416358 -1.08320236
v 1.0458678 -12.99446964 -0.93571937
v 0.96862709 -13.05964565 -0.80731678
v 0.88462859 -13.11672306 -0.71112895
v 0.78725451 -13.16021728 -0.65220701
v 0.69449406 -13.19338703 -0.64244246
v 0.61713975 -13.2253189 -0.66405922
v 0.55313086 -13.24482631 -0.70832705
v 0.47894755 -13.20646667 -0.74055004
v 0.3823131 -13.15134429 -0.77836233
v 0.27980789 -13.08376026 -0.84903699
v 0.20340679 -12.97672081 -0.9519822
v 0.15945807 -12.81622505 -1.06397533
v 0.16762375 -12.6372013 -1.18645274
v 0.22796538 -12.45574092 -1.33444476
v 0.35222742 -12.31128311 -1.52738273
v 0.5560193 -12.1907072 -1.73438096
v 0.84579831 -12.05548095 -1.91989624
v 1.17415595 -11.86037921 -2.04243326
v 1.52641964 -11.63745212 -2.01459288
v 1.87974333 -11.44731521 -1.85970056
v 2.19273161 -11.2461729 -1.64214921
v 2.4446516 -10.99950313 -1.38764274
v 2.57065129 -10.69574451 -1.08633327
v 2.51341247 -10.36743259 -0.80907708
v 2.35235881 -10.05679607 -0.57560288
v 2.13422012 -9.77675724 -0.36740776
v 1.88596952 -9.51152324 -0.20912349
v 1.63117408 -9.24901866 -0.0985585
v -0.16894362 -7.98138284 0.22948923
f 1 38 39 40
f 1 40 41 42
f 42 43 44 1
f 45 46 1 44
f 1 46 47 38
f 2 48 49 50
f 2 50 51 52
f 2 52 53 54
f 2 55 56 48
f 2 54 57 55
f 3 58 59 60
f 3 60 61 62
f 3 62 63 64
f 3 64 65 66
f 3 66 67 58
f 4 68 69 70
f 4 70 71 72
f 4 72 73 74
f 4 74 75 76
f 4 76 77 68
f 5 78 79 80
f 5 81 82 78
f 5 83 84 81
f 5 80 85 86
f 5 86 87 83
f 6 88 89 90
f 6 91 92 88
f 6 93 94 91
f 6 90 95 96
f 6 96 97 93
f 7 98 99 100
f 7 100 101 102
f 7 102 103 104
f 7 105 106 98
f 7 104 107 105
f 8 108 109 110
f 8 110 111 112
f 8 112 113 114
f 8 115 116 108
f 8 114 117 115
f 9 118 119 120
f 9 120 121 122
f 9 122 123 124
f 9 125 126 118
f 9 124 127 125
f 10 128 129 130
f 10 131 132 133
f 10 133 134 128
f 10 130 135 136
f 10 136 137 131
f 11 138 139 140
f 11 140 141 142
f 11 143 144 138
f 11 142 145 146
f 11 146 147 143
f 12 148 149 150
f 12 151 152 148
f 12 150 153 154
f 12 154 155 156
f 12 156 157 151
f 13 158 159 160
f 13 160 161 162
f 13 162 163 164
f 14 165 166 167
f 14 168 169 165
f 14 170 171 168
f 14 172 173 170
f 14 167 174 172
f 15 175 163 176
f 15 177 178 179
f 15 179 180 175
f 15 181 182 177
f 15 176 183 181
f 16 184 185 186
f 16 186 187 188
f 16 188 189 184
f 17 190 191 192
f 17 193 194 190
f 17 192 195 193
f 18 196 197 198
f 18 199 200 196
f 18 198 201 202
f 18 203 204 199
f 18 202 205 203
f 19 206 207 208
f 19 208 209 210
f 19 211 212 213
f 19 210 214 211
f 19 213 215 206
f 20 216 217 218
f 20 219 220 221
f 20 222 223 219
f 20 218 224 222
f 20 221 225 216
f 21 226 227 228
f 21 228 229 230
f 21 231 232 226
f 21 233 234 231
f 21 230 235 233
f 22 236 237 238
f 22 239 240 236
f 22 241 242 239
f 22 238 243 244
f 22 244 245 241
f 23 246 247 248
f 23 249 250 246
f 23 248 251 249
f 24 252 253 254
f 24 255 256 252
f 24 257 258 259
f 24 259 260 255
f 24 254 261 257
f 25 262 263 264
f 25 264 265 266
f 25 266 267 262
f 26 268 269 270
f 26 270 271 272
f 26 272 273 268
f 27 274 275 276
f 27 277 278 274
f 27 276 279 277
f 28 280 281 282
f 28 283 284 280
f 28 282 285 286
f 28 287 288 283
f 28 286 289 287
f 29 290 291 292
f 29 292 293 294
f 29 294 295 290
f 30 296 297 298
f 30 299 300 296
f 30 301 302 299
f 30 298 303 301
f 31 304 305 306
f 31 307 308 304
f 31 306 309 310
f 31 311 312 307
f 31 310 313 311
f 32 314 315 316
f 32 317 318 314
f 32 316 319 317
f 33 320 321 322
f 33 323 324 320
f 33 322 325 323
f 34 326 327 328
f 34 329 330 326
f 34 328 331 329
f 35 332 333 334
f 35 334 335 336
f 35 336 337 338
f 35 338 339 340
f 35 340 341 332
f 36 342 37 343
f 36 344 345 342
f 36 343 346 347
f 37 348 349 343
f 37 350 351 348
f 37 352 353 350
f 37 342 354 352
f 354 342 345 355
f 354 355 356 357
f 354 357 358 352
f 358 357 359 360
f 358 360 361 362
f 358 362 353 352
f 362 361 363 364
f 362 364 365 353
f 365 366 350 353
f 365 364 367 368
f 365 368 369 366
f 369 370 371 366
f 369 368 372 373
f 369 373 374 370
f 374 375 376 370
f 374 373 377 378
f 374 378 379 375
f 379 380 381 375
f 379 378 382 383
f 379 383 384 380
f 384 385 386 380
f 384 383 387 388
f 384 388 389 385
f 389 390 391 385
f 389 388 392 393
f 389 393 394 390
f 394 395 396 390
f 394 393 397 398
f 394 398 399 395
f 399 400 401 395
f 399 398 402 403
f 399 403 404 400
f 404 405 406 400
f 404 403 407 408
f 404 408 409 405
f 409 410 411 405
f 409 408 412 413
f 409 413 414 410
f 414 415 416 410
f 414 413 417 418
f 414 418 419 415
f 419 420 421 415
f 419 418 422 423
f 419 423 424 420
f 424 425 426 420
f 424 423 427 428
f 424 428 429 425
f 429 430 431 425
f 429 428 432 433
f 429 433 434 430
f 434 435 436 430
f 434 433 437 438
f 434 438 439 435
f 439 440 441 435
f 439 438 442 443
f 439 443 444 440
f 444 445 446 440
f 444 443 447 448
f 444 448 449 445
f 449 450 451 445
f 449 448 452 453
f 449 453 454 450
f 454 455 456 450
f 454 453 457 458
f 454 458 459 455
f 459 458 460 461
f 459 461 462 45
f 459 45 44 455
f 462 461 463 464
f 462 464 465 466
f 462 466 46 45
f 466 465 467 468
f 466 468 47 46
f 468 467 469 470
f 468 470 471 47
f 471 472 38 47
f 471 470 473 474
f 471 474 475 472
f 475 476 477 472
f 475 474 478 479
f 475 479 480 476
f 480 481 482 476
f 480 479 483 484
f 480 484 485 481
f 485 486 487 481
f 485 484 488 489
f 485 489 490 486
f 490 491 492 486
f 490 489 493 494
f 490 494 495 491
f 495 496 497 491
f 495 494 498 499
f 495 499 500 496
f 500 501 502 496
f 500 499 503 504
f 500 504 505 501
f 505 506 507 501
f 505 504 508 509
f 505 509 510 506
f 510 511 512 506
f 510 509 513 514
f 510 514 515 511
f 515 516 517 511
f 515 514 518 519
f 515 519 520 516
f 520 521 522 516
f 520 519 523 524
f 520 524 525 521
f 525 526 527 521
f 525 524 528 529
f 525 529 530 526
f 530 531 532 526
f 530 529 533 534
f 530 534 535 531
f 535 536 537 531
f 535 534 538 539
f 535 539 540 536
f 540 541 542 536
f 540 539 543 544
f 540 544 545 541
f 545 546 547 541
f 545 544 548 549
f 545 549 550 546
f 550 551 552 546
f 550 549 553 554
f 550 554 555 551
f 555 556 557 551
f 555 554 558 559
f 555 559 560 556
f 560 561 562 556
f 560 559 563 564
f 560 564 565 561
f 565 566 567 561
f 565 564 568 569
f 565 569 570 566
f 570 571 572 566
f 570 569 573 574
f 570 574 575 571
f 575 576 577 571
f 575 574 578 579
f 575 579 580 576
f 580 581 582 576
f 580 579 583 584
f 580 584 585 581
f 585 586 587 581
f 585 584 588 589
f 585 589 590 586
f 590 591 592 586
f 590 589 593 594
f 590 594 595 591
f 595 596 597 591
f 595 594 598 599
f 595 599 600 596
f 600 601 602 596
f 600 599 603 604
f 600 604 605 601
f 605 606 607 601
f 605 604 608 609
f 605 609 610 606
f 610 611 612 606
f 610 609 613 614
f 610 614 615 611
f 615 616 617 611
f 615 614 618 619
f 615 619 620 616
f 620 621 622 616
f 620 619 623 624
f 620 624 625 621
f 625 626 627 621
f 625 624 628 629
f 625 629 630 626
f 630 631 632 626
f 630 629 633 634
f 630 634 635 631
f 635 636 637 631
f 635 634 638 639
f 635 639 640 636
f 640 641 642 636
f 640 639 643 644
f 640 644 645 641
f 645 646 647 641
f 645 644 648 649
f 645 649 650 646
f 650 651 652 646
f 650 649 653 654
f 650 654 655 651
f 655 656 657 651
f 655 654 658 659
f 655 659 660 656
f 660 661 662 663
f 660 663 664 656
f 660 659 665 661
f 665 666 667 661
f 665 659 658 668
f 665 668 273 666
f 668 658 669 670
f 668 670 268 273
f 670 669 671 672
f 670 672 269 268
f 672 671 673 674
f 672 674 675 269
f 675 674 676 677
f 675 677 678 679
f 675 679 270 269
f 679 678 680 681
f 679 681 271 270
f 681 680 682 683
f 681 683 684 271
f 684 683 685 686
f 684 686 687 688
f 684 688 272 271
f 688 687 667 666
f 688 666 273 272
f 687 686 689 690
f 687 690 691 667
f 691 690 692 693
f 691 693 694 662
f 691 662 661 667
f 694 693 695 696
f 694 696 697 698
f 694 698 663 662
f 698 697 699 700
f 698 700 664 663
f 700 699 277 279
f 700 279 701 664
f 701 279 276 702
f 701 702 703 657
f 701 657 656 664
f 703 702 704 705
f 703 705 706 652
f 703 652 651 657
f 706 705 707 708
f 706 708 709 647
f 706 647 646 652
f 709 708 710 711
f 709 711 712 642
f 709 642 641 647
f 712 711 713 714
f 712 714 715 637
f 712 637 636 642
f 715 714 716 717
f 715 717 718 632
f 715 632 631 637
f 718 717 719 720
f 718 720 721 627
f 718 627 626 632
f 721 720 722 723
f 721 723 724 622
f 721 622 621 627
f 724 723 725 726
f 724 726 727 617
f 724 617 616 622
f 727 726 728 729
f 727 729 730 612
f 727 612 611 617
f 730 729 731 732
f 730 732 733 607
f 730 607 606 612
f 733 732 734 735
f 733 735 736 602
f 733 602 601 607
f 736 735 737 738
f 736 738 739 597
f 736 597 596 602
f 739 738 740 741
f 739 741 742 592
f 739 592 591 597
f 742 741 743 744
f 742 744 745 587
f 742 587 586 592
f 745 744 746 747
f 745 747 748 582
f 745 582 581 587
f 748 747 749 750
f 748 750 751 577
f 748 577 576 582
f 751 750 117 752
f 751 752 753 572
f 751 572 571 577
f 753 752 754 755
f 753 755 756 567
f 753 567 566 572
f 756 755 757 758
f 756 758 759 562
f 756 562 561 567
f 759 758 760 761
f 759 761 762 557
f 759 557 556 562
f 762 761 763 764
f 762 764 765 552
f 762 552 551 557
f 765 764 766 767
f 765 767 768 547
f 765 547 546 552
f 768 767 769 770
f 768 770 771 542
f 768 542 541 547
f 771 770 772 773
f 771 773 774 537
f 771 537 536 542
f 774 773 775 776
f 774 776 777 532
f 774 532 531 537
f 777 776 778 779
f 777 779 780 527
f 777 527 526 532
f 780 779 781 782
f 780 782 783 522
f 780 522 521 527
f 783 782 784 785
f 783 785 786 517
f 783 517 516 522
f 786 785 787 788
f 786 788 789 512
f 786 512 511 517
f 789 788 790 791
f 789 791 792 507
f 789 507 506 512
f 792 791 793 794
f 792 794 795 502
f 792 502 501 507
f 795 794 796 797
f 795 797 798 497
f 795 497 496 502
f 798 797 799 800
f 798 800 801 492
f 798 492 491 497
f 801 800 802 803
f 801 803 804 487
f 801 487 486 492
f 804 803 805 806
f 804 806 807 482
f 804 482 481 487
f 807 806 808 809
f 807 809 39 477
f 807 477 476 482
f 809 808 810 811
f 809 811 40 39
f 811 810 812 813
f 811 813 41 40
f 813 812 814 815
f 813 815 816 41
f 816 815 817 818
f 816 818 819 820
f 816 820 42 41
f 820 819 821 822
f 820 822 43 42
f 822 821 823 824
f 822 824 456 43
f 824 823 825 451
f 824 451 450 456
f 825 823 826 827
f 825 827 828 446
f 825 446 445 451
f 828 827 829 830
f 828 830 831 441
f 828 441 440 446
f 831 830 832 833
f 831 833 834 436
f 831 436 435 441
f 834 833 835 836
f 834 836 837 431
f 834 431 430 436
f 837 836 838 839
f 837 839 840 426
f 837 426 425 431
f 840 839 841 842
f 840 842 843 421
f 840 421 420 426
f 843 842 844 845
f 843 845 846 416
f 843 416 415 421
f 846 845 847 848
f 846 848 849 411
f 846 411 410 416
f 849 848 850 851
f 849 851 852 406
f 849 406 405 411
f 852 851 853 854
f 852 854 855 401
f 852 401 400 406
f 855 854 856 857
f 855 857 858 396
f 855 396 395 401
f 858 857 859 860
f 858 860 861 391
f 858 391 390 396
f 861 860 862 863
f 861 863 864 386
f 861 386 385 391
f 864 863 865 866
f 864 866 867 381
f 864 381 380 386
f 867 866 868 869
f 867 869 870 376
f 867 376 375 381
f 870 869 871 872
f 870 872 351 371
f 870 371 370 376
f 872 871 873 874
f 872 874 348 351
f 874 873 875 876
f 874 876 349 348
f 876 875 877 878
f 876 878 879 349
f 879 878 880 881
f 879 881 882 346
f 879 346 343 349
f 882 883 347 346
f 882 881 884 885
f 882 885 886 883
f 886 887 888 883
f 886 885 889 890
f 886 890 891 887
f 891 892 893 887
f 891 890 894 895
f 891 895 896 892
f 896 897 898 892
f 896 895 899 900
f 896 900 901 897
f 901 902 903 897
f 901 900 904 905
f 901 905 906 902
f 906 907 908 902
f 906 905 909 910
f 906 910 911 907
f 911 912 913 907
f 911 910 914 915
f 911 915 916 912
f 916 917 918 912
f 916 915 919 920
f 916 920 921 917
f 921 922 923 917
f 921 920 924 925
f 921 925 926 922
f 926 925 126 927
f 926 927 928 929
f 926 929 930 922
f 930 929 931 932
f 930 932 933 934
f 930 934 923 922
f 934 933 935 936
f 934 936 937 923
f 937 936 938 939
f 937 939 940 918
f 937 918 917 923
f 940 939 941 942
f 940 942 943 913
f 940 913 912 918
f 943 942 944 945
f 943 945 946 908
f 943 908 907 913
f 946 945 947 948
f 946 948 949 903
f 946 903 902 908
f 949 948 950 951
f 949 951 952 898
f 949 898 897 903
f 952 951 953 954
f 952 954 955 893
f 952 893 892 898
f 955 954 956 957
f 955 957 958 888
f 955 888 887 893
f 958 957 959 960
f 958 960 36 347
f 958 347 883 888
f 960 959 961 962
f 960 962 344 36
f 962 961 963 964
f 962 964 965 344
f 965 964 966 967
f 965 967 968 969
f 965 969 345 344
f 969 968 970 971
f 969 971 355 345
f 971 970 972 973
f 971 973 356 355
f 973 972 974 975
f 973 975 976 356
f 976 975 977 978
f 976 978 979 359
f 976 359 357 356
f 979 978 980 981
f 979 981 982 983
f 979 983 360 359
f 983 982 984 985
f 983 985 361 360
f 985 984 986 987
f 985 987 363 361
f 987 986 988 989
f 987 989 990 363
f 990 367 364 363
f 990 989 991 992
f 990 992 993 367
f 993 372 368 367
f 993 992 994 995
f 993 995 996 372
f 996 377 373 372
f 996 995 997 998
f 996 998 999 377
f 999 382 378 377
f 999 998 1000 1001
f 999 1001 1002 382
f 1002 387 383 382
f 1002 1001 1003 1004
f 1002 1004 1005 387
f 1005 392 388 387
f 1005 1004 1006 1007
f 1005 1007 1008 392
f 1008 397 393 392
f 1008 1007 1009 1010
f 1008 1010 1011 397
f 1011 402 398 397
f 1011 1010 1012 1013
f 1011 1013 1014 402
f 1014 407 403 402
f 1014 1013 1015 1016
f 1014 1016 1017 407
f 1017 412 408 407
f 1017 1016 1018 1019
f 1017 1019 1020 412
f 1020 417 413 412
f 1020 1019 1021 1022
f 1020 1022 1023 417
f 1023 422 418 417
f 1023 1022 1024 1025
f 1023 1025 1026 422
f 1026 427 423 422
f 1026 1025 1027 1028
f 1026 1028 1029 427
f 1029 432 428 427
f 1029 1028 1030 1031
f 1029 1031 1032 432
f 1032 437 433 432
f 1032 1031 1033 1034
f 1032 1034 1035 437
f 1035 442 438 437
f 1035 1034 1036 1037
f 1035 1037 1038 442
f 1038 447 443 442
f 1038 1037 1039 1040
f 1038 1040 1041 447
f 1041 452 448 447
f 1041 1040 1042 1043
f 1041 1043 1044 452
f 1044 457 453 452
f 1044 1043 1045 1046
f 1044 1046 1047 457
f 1047 460 458 457
f 1047 1046 263 262
f 1047 262 267 460
f 1046 1045 1048 263
f 1048 1045 1049 1050
f 1048 1050 1051 1052
f 1048 1052 264 263
f 1052 1051 1053 1054
f 1052 1054 265 264
f 1054 1053 1055 1056
f 1054 1056 1057 265
f 1057 1058 266 265
f 1057 1056 1059 1060
f 1057 1060 1061 1058
f 1061 464 463 1058
f 1061 1060 1062 1063
f 1061 1063 465 464
f 1063 1062 1064 1065
f 1063 1065 467 465
f 1065 1064 1066 1067
f 1065 1067 469 467
f 1067 1066 1068 1069
f 1067 1069 1070 469
f 1070 473 470 469
f 1070 1069 1071 1072
f 1070 1072 1073 473
f 1073 478 474 473
f 1073 1072 1074 1075
f 1073 1075 1076 478
f 1076 483 479 478
f 1076 1075 1077 1078
f 1076 1078 1079 483
f 1079 488 484 483
f 1079 1078 1080 1081
f 1079 1081 1082 488
f 1082 493 489 488
f 1082 1081 1083 1084
f 1082 1084 1085 493
f 1085 498 494 493
f 1085 1084 1086 1087
f 1085 1087 1088 498
f 1088 503 499 498
f 1088 1087 1089 1090
f 1088 1090 1091 503
f 1091 508 504 503
f 1091 1090 1092 1093
f 1091 1093 1094 508
f 1094 513 509 508
f 1094 1093 1095 1096
f 1094 1096 1097 513
f 1097 518 514 513
f 1097 1096 1098 1099
f 1097 1099 1100 518
f 1100 523 519 518
f 1100 1099 1101 1102
f 1100 1102 1103 523
f 1103 528 524 523
f 1103 1102 1104 1105
f 1103 1105 1106 528
f 1106 533 529 528
f 1106 1105 1107 1108
f 1106 1108 1109 533
f 1109 538 534 533
f 1109 1108 1110 1111
f 1109 1111 1112 538
f 1112 543 539 538
f 1112 1111 1113 1114
f 1112 1114 1115 543
f 1115 548 544 543
f 1115 1114 1116 1117
f 1115 1117 1118 548
f 1118 553 549 548
f 1118 1117 1119 1120
f 1118 1120 1121 553
f 1121 558 554 553
f 1121 1120 1122 1123
f 1121 1123 1124 558
f 1124 563 559 558
f 1124 1123 1125 1126
f 1124 1126 1127 563
f 1127 568 564 563
f 1127 1126 1128 1129
f 1127 1129 1130 568
f 1130 573 569 568
f 1130 1129 1131 1132
f 1130 1132 1133 573
f 1133 578 574 573
f 1133 1132 1134 1135
f 1133 1135 1136 578
f 1136 583 579 578
f 1136 1135 1137 1138
f 1136 1138 1139 583
f 1139 588 584 583
f 1139 1138 1140 1141
f 1139 1141 1142 588
f 1142 593 589 588
f 1142 1141 1143 1144
f 1142 1144 1145 593
f 1145 598 594 593
f 1145 1144 1146 1147
f 1145 1147 1148 598
f 1148 603 599 598
f 1148 1147 1149 1150
f 1148 1150 1151 603
f 1151 608 604 603
f 1151 1150 1152 1153
f 1151 1153 1154 608
f 1154 613 609 608
f 1154 1153 1155 1156
f 1154 1156 1157 613
f 1157 618 614 613
f 1157 1156 159 158
f 1157 158 1158 618
f 1158 623 619 618
f 1158 158 13 1159
f 1158 1159 1160 623
f 1160 628 624 623
f 1160 1159 1161 1162
f 1160 1162 1163 628
f 1163 633 629 628
f 1163 1162 1164 1165
f 1163 1165 1166 633
f 1166 638 634 633
f 1166 1165 1167 1168
f 1166 1168 1169 638
f 1169 643 639 638
f 1169 1168 1170 1171
f 1169 1171 1172 643
f 1172 648 644 643
f 1172 1171 1173 1174
f 1172 1174 1175 648
f 1175 653 649 648
f 1175 1174 673 671
f 1175 671 669 653
f 1174 1173 1176 673
f 1176 1173 1177 1178
f 1176 1178 1179 676
f 1176 676 674 673
f 1179 1178 1180 1181
f 1179 1181 1182 1183
f 1179 1183 677 676
f 1183 1182 1184 1185
f 1183 1185 678 677
f 1185 1184 1186 1187
f 1185 1187 680 678
f 1187 1186 1188 1189
f 1187 1189 682 680
f 1189 1188 1190 1191
f 1189 1191 1192 682
f 1192 1191 1193 1194
f 1192 1194 1195 685
f 1192 685 683 682
f 1195 1194 1196 1197
f 1195 1197 1198 689
f 1195 689 686 685
f 1198 1197 1199 1200
f 1198 1200 1201 692
f 1198 692 690 689
f 1201 1200 1202 1203
f 1201 1203 1204 695
f 1201 695 693 692
f 1204 1203 1205 1206
f 1204 1206 1207 1208
f 1204 1208 696 695
f 1208 1207 1209 1210
f 1208 1210 697 696
f 1210 1209 1211 1212
f 1210 1212 699 697
f 1212 1211 1213 278
f 1212 278 277 699
f 1213 1211 1214 1215
f 1213 1215 1216 1217
f 1213 1217 274 278
f 1217 1216 1218 1219
f 1217 1219 275 274
f 1219 1218 1220 1221
f 1219 1221 704 275
f 1221 1220 1222 707
f 1221 707 705 704
f 1222 1220 1223 1224
f 1222 1224 1225 710
f 1222 710 708 707
f 1225 1224 1226 1227
f 1225 1227 1228 713
f 1225 713 711 710
f 1228 1227 1229 1230
f 1228 1230 1231 716
f 1228 716 714 713
f 1231 1230 1232 1233
f 1231 1233 1234 719
f 1231 719 717 716
f 1234 1233 1235 1236
f 1234 1236 1237 722
f 1234 722 720 719
f 1237 1236 1238 1239
f 1237 1239 1240 725
f 1237 725 723 722
f 1240 1239 1241 1242
f 1240 1242 1243 728
f 1240 728 726 725
f 1243 1242 1244 1245
f 1243 1245 1246 731
f 1243 731 729 728
f 1246 1245 1247 1248
f 1246 1248 1249 734
f 1246 734 732 731
f 1249 1248 1250 1251
f 1249 1251 1252 737
f 1249 737 735 734
f 1252 1251 1253 1254
f 1252 1254 1255 740
f 1252 740 738 737
f 1255 1254 1256 1257
f 1255 1257 1258 743
f 1255 743 741 740
f 1258 1257 1259 1260
f 1258 1260 1261 746
f 1258 746 744 743
f 1261 1260 1262 116
f 1261 116 115 749
f 1261 749 747 746
f 1262 1263 1264 1265
f 1262 1265 108 116
f 1262 1260 1259 1263
f 1265 1264 1266 1267
f 1265 1267 109 108
f 1267 1266 1268 1269
f 1267 1269 1270 109
f 1270 1269 1271 1272
f 1270 1272 1273 1274
f 1270 1274 110 109
f 1274 1273 1275 1276
f 1274 1276 111 110
f 1276 1275 1277 1278
f 1276 1278 1279 111
f 1279 1278 1280 1281
f 1279 1281 1282 1283
f 1279 1283 112 111
f 1283 1282 1284 1285
f 1283 1285 113 112
f 1285 1284 1286 1287
f 1285 1287 1288 113
f 1288 1287 1289 757
f 1288 757 755 754
f 1288 754 114 113
f 1289 1287 1286 1290
f 1289 1290 1291 760
f 1289 760 758 757
f 1291 1290 1292 1293
f 1291 1293 1294 763
f 1291 763 761 760
f 1294 1293 1295 1296
f 1294 1296 1297 766
f 1294 766 764 763
f 1297 1296 1298 1299
f 1297 1299 1300 769
f 1297 769 767 766
f 1300 1299 1301 1302
f 1300 1302 1303 772
f 1300 772 770 769
f 1303 1302 1304 1305
f 1303 1305 1306 775
f 1303 775 773 772
f 1306 1305 1307 1308
f 1306 1308 1309 778
f 1306 778 776 775
f 1309 1308 1310 1311
f 1309 1311 1312 781
f 1309 781 779 778
f 1312 1311 1313 1314
f 1312 1314 1315 784
f 1312 784 782 781
f 1315 1314 1316 1317
f 1315 1317 1318 787
f 1315 787 785 784
f 1318 1317 1319 1320
f 1318 1320 1321 790
f 1318 790 788 787
f 1321 1320 1322 1323
f 1321 1323 1324 793
f 1321 793 791 790
f 1324 1323 1325 1326
f 1324 1326 1327 796
f 1324 796 794 793
f 1327 1326 1328 1329
f 1327 1329 1330 799
f 1327 799 797 796
f 1330 1329 1331 1332
f 1330 1332 1333 802
f 1330 802 800 799
f 1333 1332 1334 1335
f 1333 1335 1336 805
f 1333 805 803 802
f 1336 1335 1337 1338
f 1336 1338 810 808
f 1336 808 806 805
f 1338 1337 1339 1340
f 1338 1340 812 810
f 1340 1339 1341 1342
f 1340 1342 814 812
f 1342 1341 1343 1344
f 1342 1344 1345 814
f 1345 1344 1346 1347
f 1345 1347 1348 817
f 1345 817 815 814
f 1348 1347 1349 1350
f 1348 1350 1351 1352
f 1348 1352 818 817
f 1352 1351 1353 1354
f 1352 1354 819 818
f 1354 1353 1355 1356
f 1354 1356 821 819
f 1356 1355 1357 826
f 1356 826 823 821
f 1357 1355 1358 1359
f 1357 1359 1360 829
f 1357 829 827 826
f 1360 1359 1361 1362
f 1360 1362 1363 832
f 1360 832 830 829
f 1363 1362 1364 1365
f 1363 1365 1366 835
f 1363 835 833 832
f 1366 1365 1367 1368
f 1366 1368 1369 838
f 1366 838 836 835
f 1369 1368 1370 1371
f 1369 1371 1372 841
f 1369 841 839 838
f 1372 1371 1373 1374
f 1372 1374 1375 844
f 1372 844 842 841
f 1375 1374 1376 1377
f 1375 1377 1378 847
f 1375 847 845 844
f 1378 1377 1379 1380
f 1378 1380 1381 850
f 1378 850 848 847
f 1381 1380 1382 1383
f 1381 1383 1384 853
f 1381 853 851 850
f 1384 1383 1385 1386
f 1384 1386 1387 856
f 1384 856 854 853
f 1387 1386 1388 1389
f 1387 1389 1390 859
f 1387 859 857 856
f 1390 1389 1391 1392
f 1390 1392 1393 862
f 1390 862 860 859
f 1393 1392 1394 1395
f 1393 1395 1396 865
f 1393 865 863 862
f 1396 1395 1397 1398
f 1396 1398 1399 868
f 1396 868 866 865
f 1399 1398 1400 1401
f 1399 1401 873 871
f 1399 871 869 868
f 1401 1400 1402 1403
f 1401 1403 875 873
f 1403 1402 1404 1405
f 1403 1405 877 875
f 1405 1404 1406 1407
f 1405 1407 1408 877
f 1408 1407 1409 1410
f 1408 1410 1411 880
f 1408 880 878 877
f 1411 1410 1412 1413
f 1411 1413 1414 884
f 1411 884 881 880
f 1414 1413 1415 1416
f 1414 1416 1417 889
f 1414 889 885 884
f 1417 894 890 889
f 1417 1416 1418 1419
f 1417 1419 1420 894
f 1420 899 895 894
f 1420 1419 1421 1422
f 1420 1422 1423 899
f 1423 904 900 899
f 1423 1422 1424 1425
f 1423 1425 1426 904
f 1426 909 905 904
f 1426 1425 1427 1428
f 1426 1428 1429 909
f 1429 914 910 909
f 1429 1428 1430 1431
f 1429 1431 1432 914
f 1432 919 915 914
f 1432 1431 1433 1434
f 1432 1434 1435 919
f 1435 924 920 919
f 1435 1434 1436 119
f 1435 119 118 924
f 1436 1434 1433 1437
f 1436 1437 1438 1439
f 1436 1439 120 119
f 1439 1438 1440 1441
f 1439 1441 121 120
f 1441 1440 1442 1443
f 1441 1443 1444 121
f 1444 1445 122 121
f 1444 1443 1446 1447
f 1444 1447 1448 1445
f 1448 1449 1450 1445
f 1448 1447 1451 1452
f 1448 1452 1453 1449
f 1453 1454 1455 1449
f 1453 1452 1456 1457
f 1453 1457 1458 1454
f 1458 1459 1460 1454
f 1458 1457 1461 1462
f 1458 1462 1463 1459
f 1463 1464 1465 1459
f 1463 1462 1466 1467
f 1463 1467 1468 1464
f 1468 314 318 1464
f 1468 1467 1469 1470
f 1468 1470 315 314
f 1470 1469 1471 1472
f 1470 1472 1473 315
f 1473 1474 316 315
f 1473 1472 1475 1476
f 1473 1476 1477 1474
f 1477 323 325 1478
f 1477 1478 1479 1474
f 1477 1476 324 323
f 1479 1478 1480 1481
f 1479 1481 1482 319
f 1479 319 316 1474
f 1482 1481 1483 1484
f 1482 1484 1485 1486
f 1482 1486 317 319
f 1486 1485 1487 1488
f 1486 1488 318 317
f 1488 1487 1489 1465
f 1488 1465 1464 318
f 1489 1487 1490 1491
f 1489 1491 1492 1460
f 1489 1460 1459 1465
f 1492 1491 305 304
f 1492 304 308 1455
f 1492 1455 1454 1460
f 1491 1490 1493 305
f 1493 1494 1495 1496
f 1493 1496 306 305
f 1493 1490 1497 1494
f 1497 1498 1499 1494
f 1497 1490 1487 1485
f 1497 1485 1484 1498
f 1499 1500 1501 1502
f 1499 1502 1495 1494
f 1499 1498 1503 1500
f 1503 1504 1505 1500
f 1503 1498 1484 1483
f 1503 1483 1506 1504
f 1506 1507 1508 1504
f 1506 1483 1481 1480
f 1506 1480 1509 1507
f 1509 1510 1511 1507
f 1509 1480 1478 325
f 1509 325 322 1510
f 1511 1512 1513 1514
f 1511 1514 1508 1507
f 1511 1510 1515 1512
f 1515 1516 1517 1512
f 1515 1510 322 321
f 1515 321 1518 1516
f 1518 1519 1520 1516
f 1518 321 320 1521
f 1518 1521 1522 1519
f 1522 1521 1523 1524
f 1522 1524 1525 1526
f 1522 1526 1527 1519
f 1527 1526 1528 1529
f 1527 1529 209 1530
f 1527 1530 1520 1519
f 1530 209 208 1531
f 1530 1531 1532 1520
f 1532 1531 1533 1534
f 1532 1534 1535 1517
f 1532 1517 1516 1520
f 1535 1534 1536 1537
f 1535 1537 1538 1513
f 1535 1513 1512 1517
f 1538 1537 1539 1540
f 1538 1540 1541 1542
f 1538 1542 1514 1513
f 1542 1541 1543 1544
f 1542 1544 1508 1514
f 1544 1543 1545 1505
f 1544 1505 1504 1508
f 1545 1543 1546 1547
f 1545 1547 1548 1501
f 1545 1501 1500 1505
f 1548 1547 1549 1550
f 1548 1550 1551 1552
f 1548 1552 1502 1501
f 1552 1551 1553 1554
f 1552 1554 1495 1502
f 1554 1553 1555 1556
f 1554 1556 1496 1495
f 1556 1555 1557 309
f 1556 309 306 1496
f 1557 1555 1558 1559
f 1557 1559 1560 1561
f 1557 1561 310 309
f 1561 1560 1562 1563
f 1561 1563 313 310
f 1563 1562 1564 1565
f 1563 1565 1566 313
f 1566 1565 1567 1568
f 1566 1568 1569 1570
f 1566 1570 311 313
f 1570 1569 1571 1572
f 1570 1572 312 311
f 1572 1571 1573 127
f 1572 127 124 312
f 1573 1571 1574 1575
f 1573 1575 1576 1577
f 1573 1577 125 127
f 1577 1576 928 927
f 1577 927 126 125
f 1576 1575 1578 1579
f 1576 1579 1580 928
f 1580 1579 1581 1582
f 1580 1582 1583 931
f 1580 931 929 928
f 1583 1582 1584 1585
f 1583 1585 328 327
f 1583 327 932 931
f 1585 1584 1586 1587
f 1585 1587 331 328
f 1587 1586 1588 1589
f 1587 1589 1590 331
f 1590 1589 1591 1592
f 1590 1592 191 1593
f 1590 1593 329 331
f 1593 191 190 1594
f 1593 1594 330 329
f 1594 190 194 1595
f 1594 1595 935 330
f 1595 194 1596 938
f 1595 938 936 935
f 1596 194 193 1597
f 1596 1597 1598 941
f 1596 941 939 938
f 1598 1597 1599 1600
f 1598 1600 1601 944
f 1598 944 942 941
f 1601 1600 1602 1603
f 1601 1603 1604 947
f 1601 947 945 944
f 1604 1603 94 93
f 1604 93 97 950
f 1604 950 948 947
f 1603 1602 1605 94
f 1605 1606 1607 1608
f 1605 1608 91 94
f 1605 1602 1609 1606
f 1609 1610 1611 1606
f 1609 1602 1600 1599
f 1609 1599 195 1610
f 1611 1612 1613 1614
f 1611 1614 1607 1606
f 1611 1610 1615 1612
f 1615 1592 1591 1612
f 1615 1610 195 192
f 1615 192 191 1592
f 1614 1613 1616 1617
f 1614 1617 1618 1607
f 1618 1617 1619 1620
f 1618 1620 1621 1622
f 1618 1622 1608 1607
f 1622 1621 1623 92
f 1622 92 91 1608
f 1623 1621 1624 1625
f 1623 1625 1626 1627
f 1623 1627 88 92
f 1627 1626 1628 1629
f 1627 1629 89 88
f 1629 1628 1630 1631
f 1629 1631 215 89
f 1631 1630 1632 1633
f 1631 1633 206 215
f 1633 1632 1634 1635
f 1633 1635 207 206
f 1635 1634 1636 1637
f 1635 1637 1533 207
f 1637 1636 1638 1536
f 1637 1536 1534 1533
f 1638 1636 1639 1640
f 1638 1640 1641 1539
f 1638 1539 1537 1536
f 1641 1640 1642 1643
f 1641 1643 1644 1645
f 1641 1645 1540 1539
f 1645 1644 1646 1647
f 1645 1647 1541 1540
f 1647 1646 1648 1546
f 1647 1546 1543 1541
f 1648 1646 1649 1650
f 1648 1650 1651 1549
f 1648 1549 1547 1546
f 1651 1650 1652 1653
f 1651 1653 1654 1655
f 1651 1655 1550 1549
f 1655 1654 1656 1657
f 1655 1657 1551 1550
f 1657 1656 1658 1659
f 1657 1659 1553 1551
f 1659 1658 1660 1558
f 1659 1558 1555 1553
f 1660 1658 1661 1662
f 1660 1662 1663 1664
f 1660 1664 1559 1558
f 1664 1663 1665 1666
f 1664 1666 1560 1559
f 1666 1665 1667 1668
f 1666 1668 1562 1560
f 1668 1667 1669 1670
f 1668 1670 1564 1562
f 1670 1669 1671 1672
f 1670 1672 1673 1564
f 1673 1672 1674 1675
f 1673 1675 1676 1567
f 1673 1567 1565 1564
f 1676 1675 1677 1678
f 1676 1678 1679 1680
f 1676 1680 1568 1567
f 1680 1679 1681 1682
f 1680 1682 1569 1568
f 1682 1681 1683 1574
f 1682 1574 1571 1569
f 1683 1681 1684 1685
f 1683 1685 1686 1578
f 1683 1578 1575 1574
f 1686 1685 1687 1688
f 1686 1688 1689 1581
f 1686 1581 1579 1578
f 1689 1688 1690 1691
f 1689 1691 1586 1584
f 1689 1584 1582 1581
f 1691 1690 1692 1693
f 1691 1693 1588 1586
f 1693 1692 1694 1695
f 1693 1695 1696 1588
f 1696 1695 1616 1613
f 1696 1613 1612 1591
f 1696 1591 1589 1588
f 1695 1694 1697 1616
f 1697 1694 1698 1699
f 1697 1699 1700 1619
f 1697 1619 1617 1616
f 1700 1699 1701 1702
f 1700 1702 1703 1704
f 1700 1704 1620 1619
f 1704 1703 1705 1624
f 1704 1624 1621 1620
f 1705 1703 1706 1707
f 1705 1707 1708 1709
f 1705 1709 1625 1624
f 1709 1708 1710 1711
f 1709 1711 1626 1625
f 1711 1710 1712 1713
f 1711 1713 1628 1626
f 1713 1712 1714 1715
f 1713 1715 1630 1628
f 1715 1714 1716 1717
f 1715 1717 1632 1630
f 1717 1716 1718 1719
f 1717 1719 1634 1632
f 1719 1718 1720 1639
f 1719 1639 1636 1634
f 1720 1718 1721 1722
f 1720 1722 1723 1642
f 1720 1642 1640 1639
f 1723 1722 1724 1725
f 1723 1725 1726 1727
f 1723 1727 1643 1642
f 1727 1726 1728 1729
f 1727 1729 1644 1643
f 1729 1728 1730 1649
f 1729 1649 1646 1644
f 1730 1728 1731 1732
f 1730 1732 1733 1652
f 1730 1652 1650 1649
f 1733 1732 1734 1735
f 1733 1735 1736 1737
f 1733 1737 1653 1652
f 1737 1736 1738 1739
f 1737 1739 1654 1653
f 1739 1738 1740 1741
f 1739 1741 1656 1654
f 1741 1740 1742 1661
f 1741 1661 1658 1656
f 1742 1740 1743 1744
f 1742 1744 1745 1746
f 1742 1746 1662 1661
f 1746 1745 1747 1748
f 1746 1748 1663 1662
f 1748 1747 1749 1750
f 1748 1750 1665 1663
f 1750 1749 1751 1752
f 1750 1752 1667 1665
f 1752 1751 1753 1754
f 1752 1754 1669 1667
f 1754 1753 1755 1756
f 1754 1756 1671 1669
f 1756 1755 1757 1758
f 1756 1758 1759 1671
f 1759 1758 1760 1761
f 1759 1761 1762 1674
f 1759 1674 1672 1671
f 1762 1761 1763 1764
f 1762 1764 1765 1677
f 1762 1677 1675 1674
f 1765 1764 1766 1767
f 1765 1767 1768 1769
f 1765 1769 1678 1677
f 1769 1768 1770 1771
f 1769 1771 1679 1678
f 1771 1770 1772 1684
f 1771 1684 1681 1679
f 1772 1770 1773 1774
f 1772 1774 1775 1687
f 1772 1687 1685 1684
f 1775 1774 1776 1777
f 1775 1777 1692 1690
f 1775 1690 1688 1687
f 1777 1776 1778 1698
f 1777 1698 1694 1692
f 1778 1776 1779 1780
f 1778 1780 1781 1701
f 1778 1701 1699 1698
f 1781 1780 1782 1783
f 1781 1783 1784 1785
f 1781 1785 1702 1701
f 1785 1784 1786 1706
f 1785 1706 1703 1702
f 1786 1784 1787 1788
f 1786 1788 1789 1790
f 1786 1790 1707 1706
f 1790 1789 1791 1792
f 1790 1792 1708 1707
f 1792 1791 1793 1794
f 1792 1794 1710 1708
f 1794 1793 1795 1796
f 1794 1796 1712 1710
f 1796 1795 1797 1798
f 1796 1798 1714 1712
f 1798 1797 1799 1800
f 1798 1800 1716 1714
f 1800 1799 1801 1721
f 1800 1721 1718 1716
f 1801 1799 1802 1803
f 1801 1803 1804 1724
f 1801 1724 1722 1721
f 1804 1803 1805 1806
f 1804 1806 1807 1808
f 1804 1808 1725 1724
f 1808 1807 1809 1810
f 1808 1810 1726 1725
f 1810 1809 1811 1731
f 1810 1731 1728 1726
f 1811 1809 106 1812
f 1811 1812 1813 1734
f 1811 1734 1732 1731
f 1813 1812 1814 1815
f 1813 1815 1816 1817
f 1813 1817 1735 1734
f 1817 1816 1818 1819
f 1817 1819 1736 1735
f 1819 1818 1820 1821
f 1819 1821 1738 1736
f 1821 1820 1822 1743
f 1821 1743 1740 1738
f 1822 1820 1823 1824
f 1822 1824 221 220
f 1822 220 1744 1743
f 1824 1825 225 221
f 1824 1823 1826 1825
f 1826 1827 1828 1825
f 1826 1823 1829 1830
f 1826 1830 1831 1827
f 1831 1832 1833 1827
f 1831 1830 1834 1835
f 1831 1835 1836 1832
f 1836 1837 1838 1832
f 1836 1835 1839 1840
f 1836 1840 1841 1837
f 1841 1842 1843 1837
f 1841 1840 1844 1845
f 1841 1845 1846 1842
f 1846 1847 1848 1842
f 1846 1845 1849 1850
f 1846 1850 1851 1847
f 1851 1852 1853 1847
f 1851 1850 1854 1855
f 1851 1855 1856 1852
f 1856 1857 1858 1852
f 1856 1855 1859 1860
f 1856 1860 1861 1857
f 1861 1862 1863 1857
f 1861 1860 1864 1865
f 1861 1865 1866 1862
f 1866 1867 1868 1862
f 1866 1865 1869 1870
f 1866 1870 1871 1867
f 1871 1872 1873 1867
f 1871 1870 1874 1875
f 1871 1875 1876 1872
f 1876 1877 1878 1872
f 1876 1875 1879 1880
f 1876 1880 1881 1877
f 1881 1882 1883 1877
f 1881 1880 1884 1885
f 1881 1885 1886 1882
f 1886 1887 1888 1882
f 1886 1885 1889 1890
f 1886 1890 1891 1887
f 1891 1892 1893 1887
f 1891 1890 1894 1895
f 1891 1895 1896 1892
f 1896 1897 1898 1892
f 1896 1895 1899 1900
f 1896 1900 1901 1897
f 1901 1902 1903 1897
f 1901 1900 1904 1905
f 1901 1905 1906 1902
f 1906 1907 1908 1902
f 1906 1905 1909 1910
f 1906 1910 1911 1907
f 1911 1912 1913 1907
f 1911 1910 1914 1915
f 1911 1915 1916 1912
f 1916 1917 1918 1912
f 1916 1915 1919 1920
f 1916 1920 1921 1917
f 1921 1922 1923 1917
f 1921 1920 1924 1925
f 1921 1925 1926 1922
f 1926 1927 1928 1922
f 1926 1925 1929 1930
f 1926 1930 1931 1927
f 1931 1932 1933 1927
f 1931 1930 1934 1935
f 1931 1935 1936 1932
f 1936 1937 1938 1932
f 1936 1935 1939 1940
f 1936 1940 1941 1937
f 1941 1942 1943 1937
f 1941 1940 1944 1945
f 1941 1945 1946 1942
f 1946 1947 1948 1942
f 1946 1945 1949 1950
f 1946 1950 1951 1947
f 1951 1952 1953 1947
f 1951 1950 1954 1955
f 1951 1955 1956 1952
f 1956 1957 1958 1952
f 1956 1955 1959 1960
f 1956 1960 1961 1957
f 1961 1962 1963 1957
f 1961 1960 1964 1965
f 1961 1965 1966 1962
f 1966 1967 1968 1962
f 1966 1965 1969 1970
f 1966 1970 1971 1967
f 1971 1972 1973 1967
f 1971 1970 1974 1975
f 1971 1975 1976 1972
f 1976 1977 1978 1972
f 1976 1975 1979 1980
f 1976 1980 1981 1977
f 1981 1982 1983 1977
f 1981 1980 1984 1985
f 1981 1985 1986 1982
f 1986 1987 1988 1982
f 1986 1985 1989 1990
f 1986 1990 1991 1987
f 1991 1992 1993 1987
f 1991 1990 1994 1995
f 1991 1995 1996 1992
f 1996 1997 1998 1992
f 1996 1995 1999 2000
f 1996 2000 2001 1997
f 2001 2002 2003 1997
f 2001 2000 2004 2005
f 2001 2005 2006 2002
f 2006 2007 2008 2002
f 2006 2005 2009 2010
f 2006 2010 2011 2007
f 2011 2012 2013 2007
f 2011 2010 2014 2015
f 2011 2015 2016 2012
f 2016 2017 2018 2012
f 2016 2015 2019 2020
f 2016 2020 2021 2017
f 2021 2022 2023 2017
f 2021 2020 2024 2025
f 2021 2025 2026 2022
f 2026 2027 2028 2022
f 2026 2025 2029 2030
f 2026 2030 2031 2027
f 2031 2032 2033 2027
f 2031 2030 2034 2035
f 2031 2035 2036 2032
f 2036 2037 2038 2032
f 2036 2035 2039 2040
f 2036 2040 2041 2037
f 2041 2042 2043 2037
f 2041 2040 2044 2045
f 2041 2045 2046 2042
f 2046 2047 2048 2042
f 2046 2045 2049 2050
f 2046 2050 2051 2047
f 2051 2052 2053 2047
f 2051 2050 2054 2055
f 2051 2055 2056 2052
f 2056 2057 2058 2052
f 2056 2055 2059 2060
f 2056 2060 2061 2057
f 2061 2062 2063 2057
f 2061 2060 2064 2065
f 2061 2065 2066 2062
f 2066 2067 2068 2062
f 2066 2065 2069 2070
f 2066 2070 2071 2067
f 2071 2072 2073 2067
f 2071 2070 2074 2075
f 2071 2075 2076 2072
f 2076 2077 2078 2072
f 2076 2075 2079 2080
f 2076 2080 2081 2077
f 2081 2082 2083 2077
f 2081 2080 2084 2085
f 2081 2085 2086 2082
f 2086 2087 2088 2082
f 2086 2085 87 86
f 2086 86 85 2087
f 2088 2089 2090 2091
f 2088 2091 2083 2082
f 2088 2087 2092 2089
f 2092 2093 2094 2089
f 2092 2087 85 2095
f 2092 2095 2096 2093
f 2096 2097 2098 2093
f 2096 2095 2099 2100
f 2096 2100 2101 2097
f 2101 2102 2103 2097
f 2101 2100 2104 2105
f 2101 2105 2106 2102
f 2106 2107 2108 2102
f 2106 2105 2109 2110
f 2106 2110 2111 2107
f 2111 2112 2113 2107
f 2111 2110 2114 2115
f 2111 2115 2116 2112
f 2116 2115 2117 2118
f 2116 2118 2119 2120
f 2116 2120 2121 2112
f 2121 243 2122 2123
f 2121 2123 2113 2112
f 2121 2120 244 243
f 2123 2122 2124 2125
f 2123 2125 2126 2113
f 2126 2125 2127 2128
f 2126 2128 2129 2108
f 2126 2108 2107 2113
f 2129 2128 2130 2131
f 2129 2131 2132 2103
f 2129 2103 2102 2108
f 2132 2131 2133 2134
f 2132 2134 2135 2098
f 2132 2098 2097 2103
f 2135 2134 2136 2137
f 2135 2137 2138 2094
f 2135 2094 2093 2098
f 2138 2137 2139 2140
f 2138 2140 2141 2090
f 2138 2090 2089 2094
f 2141 2140 2142 2143
f 2141 2143 2144 2145
f 2141 2145 2091 2090
f 2145 2144 2146 2147
f 2145 2147 2083 2091
f 2147 2146 2148 2078
f 2147 2078 2077 2083
f 2148 2146 2149 2150
f 2148 2150 2151 2073
f 2148 2073 2072 2078
f 2151 2150 2152 2153
f 2151 2153 2154 2068
f 2151 2068 2067 2073
f 2154 2153 2155 2156
f 2154 2156 2157 2063
f 2154 2063 2062 2068
f 2157 2156 2158 2159
f 2157 2159 2160 2058
f 2157 2058 2057 2063
f 2160 2159 2161 2162
f 2160 2162 2163 2053
f 2160 2053 2052 2058
f 2163 2162 2164 2165
f 2163 2165 2166 2048
f 2163 2048 2047 2053
f 2166 2165 2167 2168
f 2166 2168 2169 2043
f 2166 2043 2042 2048
f 2169 2168 2170 2171
f 2169 2171 2172 2038
f 2169 2038 2037 2043
f 2172 2171 2173 2174
f 2172 2174 2175 2033
f 2172 2033 2032 2038
f 2175 2174 2176 2177
f 2175 2177 2178 2028
f 2175 2028 2027 2033
f 2178 2177 2179 2180
f 2178 2180 2181 2023
f 2178 2023 2022 2028
f 2181 2180 2182 2183
f 2181 2183 2184 2018
f 2181 2018 2017 2023
f 2184 2183 2185 2186
f 2184 2186 2187 2013
f 2184 2013 2012 2018
f 2187 2186 2188 2189
f 2187 2189 2190 2008
f 2187 2008 2007 2013
f 2190 2189 2191 2192
f 2190 2192 2193 2003
f 2190 2003 2002 2008
f 2193 2192 2194 2195
f 2193 2195 2196 1998
f 2193 1998 1997 2003
f 2196 2195 2197 2198
f 2196 2198 2199 1993
f 2196 1993 1992 1998
f 2199 2198 2200 2201
f 2199 2201 2202 1988
f 2199 1988 1987 1993
f 2202 2201 2203 2204
f 2202 2204 2205 1983
f 2202 1983 1982 1988
f 2205 2204 2206 2207
f 2205 2207 2208 1978
f 2205 1978 1977 1983
f 2208 2207 2209 2210
f 2208 2210 2211 1973
f 2208 1973 1972 1978
f 2211 2210 2212 2213
f 2211 2213 2214 1968
f 2211 1968 1967 1973
f 2214 2213 2215 2216
f 2214 2216 2217 1963
f 2214 1963 1962 1968
f 2217 2216 2218 2219
f 2217 2219 2220 1958
f 2217 1958 1957 1963
f 2220 2219 2221 2222
f 2220 2222 2223 1953
f 2220 1953 1952 1958
f 2223 2222 2224 2225
f 2223 2225 2226 1948
f 2223 1948 1947 1953
f 2226 2225 2227 2228
f 2226 2228 2229 1943
f 2226 1943 1942 1948
f 2229 2228 2230 2231
f 2229 2231 2232 1938
f 2229 1938 1937 1943
f 2232 2231 2233 2234
f 2232 2234 2235 1933
f 2232 1933 1932 1938
f 2235 2234 2236 2237
f 2235 2237 2238 1928
f 2235 1928 1927 1933
f 2238 2237 2239 2240
f 2238 2240 2241 1923
f 2238 1923 1922 1928
f 2241 2240 2242 2243
f 2241 2243 2244 1918
f 2241 1918 1917 1923
f 2244 2243 2245 2246
f 2244 2246 2247 1913
f 2244 1913 1912 1918
f 2247 2246 2248 2249
f 2247 2249 2250 1908
f 2247 1908 1907 1913
f 2250 2249 2251 2252
f 2250 2252 2253 1903
f 2250 1903 1902 1908
f 2253 2252 2254 2255
f 2253 2255 2256 1898
f 2253 1898 1897 1903
f 2256 2255 2257 2258
f 2256 2258 2259 1893
f 2256 1893 1892 1898
f 2259 2258 2260 2261
f 2259 2261 2262 1888
f 2259 1888 1887 1893
f 2262 2261 2263 2264
f 2262 2264 2265 1883
f 2262 1883 1882 1888
f 2265 2264 2266 2267
f 2265 2267 2268 1878
f 2265 1878 1877 1883
f 2268 2267 2269 2270
f 2268 2270 2271 1873
f 2268 1873 1872 1878
f 2271 2270 2272 2273
f 2271 2273 2274 1868
f 2271 1868 1867 1873
f 2274 2273 2275 2276
f 2274 2276 2277 1863
f 2274 1863 1862 1868
f 2277 2276 2278 2279
f 2277 2279 2280 1858
f 2277 1858 1857 1863
f 2280 2279 2281 2282
f 2280 2282 2283 1853
f 2280 1853 1852 1858
f 2283 2282 2284 2285
f 2283 2285 2286 1848
f 2283 1848 1847 1853
f 2286 2285 2287 2288
f 2286 2288 2289 1843
f 2286 1843 1842 1848
f 2289 2288 2290 2291
f 2289 2291 2292 1838
f 2289 1838 1837 1843
f 2292 2291 2293 2294
f 2292 2294 2295 1833
f 2292 1833 1832 1838
f 2295 2294 2296 2297
f 2295 2297 2298 1828
f 2295 1828 1827 1833
f 2298 2297 2299 2300
f 2298 2300 216 225
f 2298 225 1825 1828
f 2300 2299 2301 2302
f 2300 2302 217 216
f 2302 2301 2303 2304
f 2302 2304 2305 217
f 2305 2304 2306 2307
f 2305 2307 2308 2309
f 2305 2309 218 217
f 2309 2308 2310 2311
f 2309 2311 224 218
f 2311 2310 2312 2313
f 2311 2313 2314 224
f 2314 2313 2315 2316
f 2314 2316 2317 2318
f 2314 2318 222 224
f 2318 2317 2319 2320
f 2318 2320 223 222
f 2320 2319 1751 1749
f 2320 1749 1747 223
f 2319 2317 2321 2322
f 2319 2322 1753 1751
f 2322 2321 2323 2324
f 2322 2324 1755 1753
f 2324 2323 2325 2326
f 2324 2326 1757 1755
f 2326 2325 2327 2328
f 2326 2328 2329 1757
f 2329 2328 172 174
f 2329 174 2330 1760
f 2329 1760 1758 1757
f 2330 174 167 2331
f 2330 2331 2332 1763
f 2330 1763 1761 1760
f 2332 2331 2333 2334
f 2332 2334 2335 1766
f 2332 1766 1764 1763
f 2335 2334 2336 2337
f 2335 2337 2338 2339
f 2335 2339 1767 1766
f 2339 2338 2340 2341
f 2339 2341 1768 1767
f 2341 2340 1779 1773
f 2341 1773 1770 1768
f 2340 2338 2342 1782
f 2340 1782 1780 1779
f 2342 2338 2337 2343
f 2342 2343 2344 2345
f 2342 2345 1783 1782
f 2345 2344 2346 1787
f 2345 1787 1784 1783
f 2346 2344 2347 2348
f 2346 2348 2349 2350
f 2346 2350 1788 1787
f 2350 2349 2351 2352
f 2350 2352 1789 1788
f 2352 2351 234 2353
f 2352 2353 1791 1789
f 2353 234 233 2354
f 2353 2354 1793 1791
f 2354 233 235 2355
f 2354 2355 1795 1793
f 2355 235 2356 2357
f 2355 2357 1797 1795
f 2357 2356 2358 1802
f 2357 1802 1799 1797
f 2358 2356 2359 2360
f 2358 2360 2361 1805
f 2358 1805 1803 1802
f 2361 2360 2362 2363
f 2361 2363 100 99
f 2361 99 1806 1805
f 2363 2362 2364 2365
f 2363 2365 101 100
f 2365 2364 2366 2367
f 2365 2367 2368 101
f 2368 2369 102 101
f 2368 2367 2370 2371
f 2368 2371 2372 2369
f 2372 2373 2374 2369
f 2372 2371 2375 2376
f 2372 2376 2377 2373
f 2377 2378 2379 2373
f 2377 2376 2380 2381
f 2377 2381 2382 2378
f 2382 2383 2384 2378
f 2382 2381 2385 2386
f 2382 2386 2387 2383
f 2387 2388 2389 2383
f 2387 2386 2390 2391
f 2387 2391 2392 2388
f 2392 2393 2394 2388
f 2392 2391 2395 2396
f 2392 2396 2397 2393
f 2397 2398 2399 2393
f 2397 2396 2400 2401
f 2397 2401 2402 2398
f 2402 2403 2404 2398
f 2402 2401 2405 2406
f 2402 2406 2407 2403
f 2407 2408 2409 2403
f 2407 2406 2410 2411
f 2407 2411 2412 2408
f 2412 2413 2414 2408
f 2412 2411 2415 2416
f 2412 2416 2417 2413
f 2417 2418 2419 2413
f 2417 2416 2420 2421
f 2417 2421 2422 2418
f 2422 2423 2424 2418
f 2422 2421 2425 2426
f 2422 2426 2427 2423
f 2427 2428 2429 2423
f 2427 2426 2430 2431
f 2427 2431 2432 2428
f 2432 2433 2434 2428
f 2432 2431 2435 2436
f 2432 2436 2437 2433
f 2437 2438 2439 2433
f 2437 2436 2440 2441
f 2437 2441 2442 2438
f 2442 2443 2444 2438
f 2442 2441 2445 2446
f 2442 2446 2447 2443
f 2447 2448 2449 2443
f 2447 2446 2450 2451
f 2447 2451 2452 2448
f 2452 2453 2454 2448
f 2452 2451 2455 2456
f 2452 2456 2457 2453
f 2457 2458 2459 2453
f 2457 2456 2460 2461
f 2457 2461 2462 2458
f 2462 2463 2464 2458
f 2462 2461 2465 2466
f 2462 2466 2467 2463
f 2467 2468 2469 2463
f 2467 2466 2470 2471
f 2467 2471 2472 2468
f 2472 2473 2474 2468
f 2472 2471 2475 2476
f 2472 2476 2477 2473
f 2477 2478 2479 2473
f 2477 2476 2480 2481
f 2477 2481 2482 2478
f 2482 2483 2484 2478
f 2482 2481 2485 2486
f 2482 2486 2487 2483
f 2487 2488 2489 2483
f 2487 2486 2490 2491
f 2487 2491 2492 2488
f 2492 2493 2494 2488
f 2492 2491 2495 2496
f 2492 2496 2497 2493
f 2497 2498 2499 2493
f 2497 2496 2500 2501
f 2497 2501 2502 2498
f 2502 2503 2504 2498
f 2502 2501 2505 2506
f 2502 2506 2507 2503
f 2507 2508 2509 2503
f 2507 2506 2510 2511
f 2507 2511 2512 2508
f 2512 2513 2514 2508
f 2512 2511 2515 2516
f 2512 2516 2517 2513
f 2517 2518 2519 2513
f 2517 2516 2520 2521
f 2517 2521 2522 2518
f 2522 2523 2524 2518
f 2522 2521 2525 2526
f 2522 2526 2527 2523
f 2527 2528 2529 2523
f 2527 2526 2530 2531
f 2527 2531 2532 2528
f 2532 2533 2534 2528
f 2532 2531 2535 2536
f 2532 2536 2537 2533
f 2537 2538 2539 2533
f 2537 2536 2540 2541
f 2537 2541 2542 2538
f 2542 2543 2544 2538
f 2542 2541 2545 2546
f 2542 2546 2547 2543
f 2547 2548 2549 2543
f 2547 2546 2550 2551
f 2547 2551 2552 2548
f 2552 2553 2554 2548
f 2552 2551 2555 2556
f 2552 2556 2557 2553
f 2557 2558 2559 2553
f 2557 2556 2560 2561
f 2557 2561 2562 2558
f 2562 2563 2564 2558
f 2562 2561 2565 2566
f 2562 2566 2567 2563
f 2567 2568 2569 2563
f 2567 2566 2570 2571
f 2567 2571 2572 2568
f 2572 2573 2574 2568
f 2572 2571 2575 2576
f 2572 2576 2577 2573
f 2577 2578 2579 2573
f 2577 2576 2580 2581
f 2577 2581 2582 2578
f 2582 2583 2584 2578
f 2582 2581 2585 2586
f 2582 2586 2587 2583
f 2587 2588 2589 2583
f 2587 2586 2590 2591
f 2587 2591 2592 2588
f 2592 2593 2594 2588
f 2592 2591 2595 2596
f 2592 2596 2597 2593
f 2597 2598 2599 2593
f 2597 2596 2600 2601
f 2597 2601 2602 2598
f 2602 2603 2604 2598
f 2602 2601 2605 2606
f 2602 2606 2607 2603
f 2607 2608 2609 2603
f 2607 2606 2610 2611
f 2607 2611 2612 2608
f 2612 2613 2614 2608
f 2612 2611 2615 2616
f 2612 2616 2617 2613
f 2617 2618 2619 2613
f 2617 2616 2620 2621
f 2617 2621 2622 2618
f 2622 2623 2624 2618
f 2622 2621 2625 2626
f 2622 2626 2627 2623
f 2627 2628 2629 2623
f 2627 2626 2630 2631
f 2627 2631 2632 2628
f 2632 2633 2634 2628
f 2632 2631 2635 2636
f 2632 2636 2637 2633
f 2637 2638 2639 2633
f 2637 2636 2640 2641
f 2637 2641 2642 2638
f 2642 2643 2644 2638
f 2642 2641 141 140
f 2642 140 139 2643
f 2644 2645 2646 2647
f 2644 2647 2639 2638
f 2644 2643 2648 2645
f 2648 2649 2650 2645
f 2648 2643 139 2651
f 2648 2651 2652 2649
f 2652 2653 2654 2649
f 2652 2651 2655 2656
f 2652 2656 2657 2653
f 2657 2658 2659 2653
f 2657 2656 2660 2661
f 2657 2661 2662 2658
f 2662 2663 2664 2658
f 2662 2661 2665 2666
f 2662 2666 2667 2663
f 2667 2668 2669 2663
f 2667 2666 2670 2671
f 2667 2671 2672 2668
f 2672 2673 2674 2668
f 2672 2671 2675 2676
f 2672 2676 2677 2673
f 2677 2678 2679 2673
f 2677 2676 2680 2681
f 2677 2681 2682 2678
f 2682 2683 2684 2678
f 2682 2681 2685 2686
f 2682 2686 2687 2683
f 2687 2688 2689 2683
f 2687 2686 2690 2691
f 2687 2691 2692 2688
f 2692 2693 2694 2688
f 2692 2691 2695 2696
f 2692 2696 2697 2693
f 2697 2698 2699 2693
f 2697 2696 2700 2701
f 2697 2701 2702 2698
f 2702 2703 2704 2698
f 2702 2701 2705 2706
f 2702 2706 2707 2703
f 2707 2708 2709 2703
f 2707 2706 2710 2711
f 2707 2711 2712 2708
f 2712 2713 2714 2708
f 2712 2711 2715 2716
f 2712 2716 2717 2713
f 2717 2718 2719 2713
f 2717 2716 2720 2721
f 2717 2721 2722 2718
f 2722 2723 2724 2718
f 2722 2721 2725 2726
f 2722 2726 2727 2723
f 2727 2728 2729 2723
f 2727 2726 2730 2731
f 2727 2731 2732 2728
f 2732 2733 2734 2728
f 2732 2731 2735 2736
f 2732 2736 2737 2733
f 2737 2738 2739 2733
f 2737 2736 2740 2741
f 2737 2741 2742 2738
f 2742 2743 2744 2738
f 2742 2741 2745 2746
f 2742 2746 2747 2743
f 2747 2748 2749 2743
f 2747 2746 2750 2751
f 2747 2751 2752 2748
f 2752 2753 2754 2748
f 2752 2751 2755 2756
f 2752 2756 2757 2753
f 2757 2758 2759 2753
f 2757 2756 2760 2761
f 2757 2761 2762 2758
f 2762 2763 2764 2758
f 2762 2761 2765 2766
f 2762 2766 2767 2763
f 2767 2768 2769 2763
f 2767 2766 2770 2771
f 2767 2771 2772 2768
f 2772 2773 2774 2768
f 2772 2771 2775 2776
f 2772 2776 2777 2773
f 2777 2778 2779 2773
f 2777 2776 2780 2781
f 2777 2781 2782 2778
f 2782 2783 2784 2778
f 2782 2781 2785 2786
f 2782 2786 2787 2783
f 2787 2788 2789 2783
f 2787 2786 2790 2791
f 2787 2791 2792 2788
f 2792 2793 2794 2788
f 2792 2791 2795 2796
f 2792 2796 2797 2793
f 2797 2798 2799 2793
f 2797 2796 2800 2801
f 2797 2801 2802 2798
f 2802 2803 2804 2798
f 2802 2801 2805 2806
f 2802 2806 2807 2803
f 2807 2808 2809 2803
f 2807 2806 2810 2811
f 2807 2811 2812 2808
f 2812 2813 2814 2808
f 2812 2811 2815 2816
f 2812 2816 2817 2813
f 2817 2818 2819 2813
f 2817 2816 2820 2821
f 2817 2821 2822 2818
f 2822 2823 2824 2818
f 2822 2821 2825 2826
f 2822 2826 2827 2823
f 2827 2828 2829 2823
f 2827 2826 2830 2831
f 2827 2831 2832 2828
f 2832 2833 2834 2828
f 2832 2831 2835 2836
f 2832 2836 2837 2833
f 2837 2838 2839 2833
f 2837 2836 2840 2841
f 2837 2841 2842 2838
f 2842 2843 2844 2838
f 2842 2841 2845 2846
f 2842 2846 2847 2843
f 2847 2848 2849 2843
f 2847 2846 2850 2851
f 2847 2851 2852 2848
f 2852 2853 2854 2848
f 2852 2851 2855 2856
f 2852 2856 2857 2853
f 2857 2858 2859 2853
f 2857 2856 2860 2861
f 2857 2861 2862 2858
f 2862 2863 2864 2858
f 2862 2861 2865 2866
f 2862 2866 2867 2863
f 2867 2868 2869 2863
f 2867 2866 2870 2871
f 2867 2871 2872 2868
f 2872 2873 2874 2868
f 2872 2871 2875 2876
f 2872 2876 2877 2873
f 2877 2878 2879 2873
f 2877 2876 2880 2881
f 2877 2881 2882 2878
f 2882 2883 2884 2878
f 2882 2881 2885 2886
f 2882 2886 2887 2883
f 2887 2888 2889 2883
f 2887 2886 2890 2891
f 2887 2891 2892 2888
f 2892 2893 2894 2888
f 2892 2891 2895 2896
f 2892 2896 2897 2893
f 2897 2898 2899 2893
f 2897 2896 2900 2901
f 2897 2901 2902 2898
f 2902 2903 2904 2898
f 2902 2901 2905 2906
f 2902 2906 2907 2903
f 2907 2908 2909 2903
f 2907 2906 2910 2911
f 2907 2911 2912 2908
f 2912 2913 2914 2908
f 2912 2911 2915 2916
f 2912 2916 2917 2913
f 2917 2918 2919 2913
f 2917 2916 2920 2921
f 2917 2921 2922 2918
f 2922 2923 2924 2918
f 2922 2921 2925 2926
f 2922 2926 2927 2923
f 2927 2928 2929 2923
f 2927 2926 2930 2931
f 2927 2931 2932 2928
f 2932 2933 2934 2928
f 2932 2931 2935 2936
f 2932 2936 2937 2933
f 2937 2938 2939 2933
f 2937 2936 170 173
f 2937 173 2327 2938
f 2939 2940 2941 2942
f 2939 2942 2934 2933
f 2939 2938 2943 2940
f 2943 2944 2945 2940
f 2943 2938 2327 2325
f 2943 2325 2323 2944
f 2945 2946 2947 2948
f 2945 2948 2941 2940
f 2945 2944 2949 2946
f 2949 2316 2315 2946
f 2949 2944 2323 2321
f 2949 2321 2317 2316
f 2948 2947 2950 2951
f 2948 2951 2952 2941
f 2952 2951 2953 2954
f 2952 2954 2955 2956
f 2952 2956 2942 2941
f 2956 2955 2957 2958
f 2956 2958 2934 2942
f 2958 2957 2959 2929
f 2958 2929 2928 2934
f 2959 2957 2960 2961
f 2959 2961 2962 2924
f 2959 2924 2923 2929
f 2962 2961 2963 2964
f 2962 2964 2965 2919
f 2962 2919 2918 2924
f 2965 2964 2966 2967
f 2965 2967 2968 2914
f 2965 2914 2913 2919
f 2968 2967 2969 2970
f 2968 2970 2971 2909
f 2968 2909 2908 2914
f 2971 2970 2972 2973
f 2971 2973 2974 2904
f 2971 2904 2903 2909
f 2974 2973 2975 2976
f 2974 2976 2977 2899
f 2974 2899 2898 2904
f 2977 2976 2978 2979
f 2977 2979 2980 2894
f 2977 2894 2893 2899
f 2980 2979 2981 2982
f 2980 2982 2983 2889
f 2980 2889 2888 2894
f 2983 2982 2984 2985
f 2983 2985 2986 2884
f 2983 2884 2883 2889
f 2986 2985 2987 2988
f 2986 2988 2989 2879
f 2986 2879 2878 2884
f 2989 2988 2990 2991
f 2989 2991 2992 2874
f 2989 2874 2873 2879
f 2992 2991 2993 2994
f 2992 2994 2995 2869
f 2992 2869 2868 2874
f 2995 2994 2996 2997
f 2995 2997 2998 2864
f 2995 2864 2863 2869
f 2998 2997 2999 3000
f 2998 3000 3001 2859
f 2998 2859 2858 2864
f 3001 3000 3002 3003
f 3001 3003 3004 2854
f 3001 2854 2853 2859
f 3004 3003 3005 3006
f 3004 3006 3007 2849
f 3004 2849 2848 2854
f 3007 3006 3008 3009
f 3007 3009 3010 2844
f 3007 2844 2843 2849
f 3010 3009 3011 3012
f 3010 3012 3013 2839
f 3010 2839 2838 2844
f 3013 3012 3014 3015
f 3013 3015 3016 2834
f 3013 2834 2833 2839
f 3016 3015 3017 3018
f 3016 3018 3019 2829
f 3016 2829 2828 2834
f 3019 3018 3020 3021
f 3019 3021 3022 2824
f 3019 2824 2823 2829
f 3022 3021 3023 3024
f 3022 3024 3025 2819
f 3022 2819 2818 2824
f 3025 3024 3026 3027
f 3025 3027 3028 2814
f 3025 2814 2813 2819
f 3028 3027 3029 3030
f 3028 3030 3031 2809
f 3028 2809 2808 2814
f 3031 3030 3032 3033
f 3031 3033 3034 2804
f 3031 2804 2803 2809
f 3034 3033 3035 3036
f 3034 3036 3037 2799
f 3034 2799 2798 2804
f 3037 3036 3038 3039
f 3037 3039 3040 2794
f 3037 2794 2793 2799
f 3040 3039 3041 3042
f 3040 3042 3043 2789
f 3040 2789 2788 2794
f 3043 3042 3044 3045
f 3043 3045 3046 2784
f 3043 2784 2783 2789
f 3046 3045 3047 3048
f 3046 3048 3049 2779
f 3046 2779 2778 2784
f 3049 3048 3050 3051
f 3049 3051 3052 2774
f 3049 2774 2773 2779
f 3052 3051 3053 3054
f 3052 3054 3055 2769
f 3052 2769 2768 2774
f 3055 3054 3056 3057
f 3055 3057 3058 2764
f 3055 2764 2763 2769
f 3058 3057 3059 3060
f 3058 3060 3061 2759
f 3058 2759 2758 2764
f 3061 3060 3062 3063
f 3061 3063 3064 2754
f 3061 2754 2753 2759
f 3064 3063 3065 3066
f 3064 3066 3067 2749
f 3064 2749 2748 2754
f 3067 3066 3068 3069
f 3067 3069 3070 2744
f 3067 2744 2743 2749
f 3070 3069 3071 3072
f 3070 3072 3073 2739
f 3070 2739 2738 2744
f 3073 3072 3074 3075
f 3073 3075 3076 2734
f 3073 2734 2733 2739
f 3076 3075 3077 3078
f 3076 3078 3079 2729
f 3076 2729 2728 2734
f 3079 3078 3080 3081
f 3079 3081 3082 2724
f 3079 2724 2723 2729
f 3082 3081 3083 3084
f 3082 3084 3085 2719
f 3082 2719 2718 2724
f 3085 3084 3086 3087
f 3085 3087 3088 2714
f 3085 2714 2713 2719
f 3088 3087 3089 3090
f 3088 3090 3091 2709
f 3088 2709 2708 2714
f 3091 3090 3092 3093
f 3091 3093 3094 2704
f 3091 2704 2703 2709
f 3094 3093 3095 3096
f 3094 3096 3097 2699
f 3094 2699 2698 2704
f 3097 3096 3098 3099
f 3097 3099 3100 2694
f 3097 2694 2693 2699
f 3100 3099 3101 3102
f 3100 3102 3103 2689
f 3100 2689 2688 2694
f 3103 3102 3104 3105
f 3103 3105 3106 2684
f 3103 2684 2683 2689
f 3106 3105 3107 3108
f 3106 3108 3109 2679
f 3106 2679 2678 2684
f 3109 3108 3110 3111
f 3109 3111 3112 2674
f 3109 2674 2673 2679
f 3112 3111 3113 3114
f 3112 3114 3115 2669
f 3112 2669 2668 2674
f 3115 3114 3116 3117
f 3115 3117 3118 2664
f 3115 2664 2663 2669
f 3118 3117 3119 3120
f 3118 3120 3121 2659
f 3118 2659 2658 2664
f 3121 3120 3122 3123
f 3121 3123 3124 2654
f 3121 2654 2653 2659
f 3124 3123 3125 3126
f 3124 3126 3127 2650
f 3124 2650 2649 2654
f 3127 3126 3128 3129
f 3127 3129 3130 2646
f 3127 2646 2645 2650
f 3130 3129 3131 3132
f 3130 3132 3133 3134
f 3130 3134 2647 2646
f 3134 3133 3135 3136
f 3134 3136 2639 2647
f 3136 3135 3137 2634
f 3136 2634 2633 2639
f 3137 3135 3138 3139
f 3137 3139 3140 2629
f 3137 2629 2628 2634
f 3140 3139 3141 3142
f 3140 3142 3143 2624
f 3140 2624 2623 2629
f 3143 3142 3144 3145
f 3143 3145 3146 2619
f 3143 2619 2618 2624
f 3146 3145 3147 3148
f 3146 3148 3149 2614
f 3146 2614 2613 2619
f 3149 3148 3150 3151
f 3149 3151 3152 2609
f 3149 2609 2608 2614
f 3152 3151 3153 3154
f 3152 3154 3155 2604
f 3152 2604 2603 2609
f 3155 3154 3156 3157
f 3155 3157 3158 2599
f 3155 2599 2598 2604
f 3158 3157 3159 3160
f 3158 3160 3161 2594
f 3158 2594 2593 2599
f 3161 3160 3162 3163
f 3161 3163 3164 2589
f 3161 2589 2588 2594
f 3164 3163 3165 3166
f 3164 3166 3167 2584
f 3164 2584 2583 2589
f 3167 3166 3168 3169
f 3167 3169 3170 2579
f 3167 2579 2578 2584
f 3170 3169 3171 3172
f 3170 3172 3173 2574
f 3170 2574 2573 2579
f 3173 3172 3174 3175
f 3173 3175 3176 2569
f 3173 2569 2568 2574
f 3176 3175 3177 3178
f 3176 3178 3179 2564
f 3176 2564 2563 2569
f 3179 3178 3180 3181
f 3179 3181 3182 2559
f 3179 2559 2558 2564
f 3182 3181 3183 3184
f 3182 3184 3185 2554
f 3182 2554 2553 2559
f 3185 3184 3186 3187
f 3185 3187 3188 2549
f 3185 2549 2548 2554
f 3188 3187 3189 3190
f 3188 3190 3191 2544
f 3188 2544 2543 2549
f 3191 3190 3192 3193
f 3191 3193 3194 2539
f 3191 2539 2538 2544
f 3194 3193 3195 3196
f 3194 3196 3197 2534
f 3194 2534 2533 2539
f 3197 3196 3198 3199
f 3197 3199 3200 2529
f 3197 2529 2528 2534
f 3200 3199 3201 3202
f 3200 3202 3203 2524
f 3200 2524 2523 2529
f 3203 3202 3204 3205
f 3203 3205 3206 2519
f 3203 2519 2518 2524
f 3206 3205 3207 3208
f 3206 3208 3209 2514
f 3206 2514 2513 2519
f 3209 3208 3210 3211
f 3209 3211 3212 2509
f 3209 2509 2508 2514
f 3212 3211 3213 3214
f 3212 3214 3215 2504
f 3212 2504 2503 2509
f 3215 3214 3216 3217
f 3215 3217 3218 2499
f 3215 2499 2498 2504
f 3218 3217 3219 3220
f 3218 3220 3221 2494
f 3218 2494 2493 2499
f 3221 3220 3222 3223
f 3221 3223 3224 2489
f 3221 2489 2488 2494
f 3224 3223 3225 3226
f 3224 3226 3227 2484
f 3224 2484 2483 2489
f 3227 3226 3228 3229
f 3227 3229 3230 2479
f 3227 2479 2478 2484
f 3230 3229 3231 3232
f 3230 3232 3233 2474
f 3230 2474 2473 2479
f 3233 3232 3234 3235
f 3233 3235 3236 2469
f 3233 2469 2468 2474
f 3236 3235 3237 3238
f 3236 3238 3239 2464
f 3236 2464 2463 2469
f 3239 3238 3240 3241
f 3239 3241 3242 2459
f 3239 2459 2458 2464
f 3242 3241 3243 3244
f 3242 3244 3245 2454
f 3242 2454 2453 2459
f 3245 3244 3246 3247
f 3245 3247 3248 2449
f 3245 2449 2448 2454
f 3248 3247 3249 3250
f 3248 3250 3251 2444
f 3248 2444 2443 2449
f 3251 3250 3252 3253
f 3251 3253 3254 2439
f 3251 2439 2438 2444
f 3254 3253 3255 3256
f 3254 3256 3257 2434
f 3254 2434 2433 2439
f 3257 3256 3258 3259
f 3257 3259 3260 2429
f 3257 2429 2428 2434
f 3260 3259 3261 3262
f 3260 3262 3263 2424
f 3260 2424 2423 2429
f 3263 3262 3264 3265
f 3263 3265 3266 2419
f 3263 2419 2418 2424
f 3266 3265 3267 3268
f 3266 3268 3269 2414
f 3266 2414 2413 2419
f 3269 3268 3270 3271
f 3269 3271 3272 2409
f 3269 2409 2408 2414
f 3272 3271 3273 3274
f 3272 3274 3275 2404
f 3272 2404 2403 2409
f 3275 3274 3276 3277
f 3275 3277 3278 2399
f 3275 2399 2398 2404
f 3278 3277 3279 3280
f 3278 3280 3281 2394
f 3278 2394 2393 2399
f 3281 3280 3282 3283
f 3281 3283 3284 2389
f 3281 2389 2388 2394
f 3284 3283 3285 3286
f 3284 3286 3287 2384
f 3284 2384 2383 2389
f 3287 3286 3288 3289
f 3287 3289 3290 2379
f 3287 2379 2378 2384
f 3290 3289 3291 3292
f 3290 3292 103 2374
f 3290 2374 2373 2379
f 3292 3291 3293 3294
f 3292 3294 104 103
f 3294 3293 3295 3296
f 3294 3296 107 104
f 3296 3295 3297 3298
f 3296 3298 3299 107
f 3299 3298 3300 3301
f 3299 3301 1815 1814
f 3299 1814 105 107
f 3301 3300 1834 3302
f 3301 3302 1816 1815
f 3302 1834 1830 1829
f 3302 1829 1818 1816
f 3300 1839 1835 1834
f 3300 3298 3297 1839
f 3297 1844 1840 1839
f 3297 3295 3303 1844
f 3303 1849 1845 1844
f 3303 3295 3293 3304
f 3303 3304 3305 1849
f 3305 1854 1850 1849
f 3305 3304 3306 3307
f 3305 3307 3308 1854
f 3308 1859 1855 1854
f 3308 3307 3309 3310
f 3308 3310 3311 1859
f 3311 1864 1860 1859
f 3311 3310 3312 3313
f 3311 3313 3314 1864
f 3314 1869 1865 1864
f 3314 3313 3315 3316
f 3314 3316 3317 1869
f 3317 1874 1870 1869
f 3317 3316 3318 3319
f 3317 3319 3320 1874
f 3320 1879 1875 1874
f 3320 3319 3321 3322
f 3320 3322 3323 1879
f 3323 1884 1880 1879
f 3323 3322 3324 3325
f 3323 3325 3326 1884
f 3326 1889 1885 1884
f 3326 3325 3327 3328
f 3326 3328 3329 1889
f 3329 1894 1890 1889
f 3329 3328 3330 3331
f 3329 3331 3332 1894
f 3332 1899 1895 1894
f 3332 3331 3333 3334
f 3332 3334 3335 1899
f 3335 1904 1900 1899
f 3335 3334 3336 3337
f 3335 3337 3338 1904
f 3338 1909 1905 1904
f 3338 3337 3339 3340
f 3338 3340 3341 1909
f 3341 1914 1910 1909
f 3341 3340 3342 3343
f 3341 3343 3344 1914
f 3344 1919 1915 1914
f 3344 3343 3345 3346
f 3344 3346 3347 1919
f 3347 1924 1920 1919
f 3347 3346 3348 3349
f 3347 3349 3350 1924
f 3350 1929 1925 1924
f 3350 3349 3351 3352
f 3350 3352 3353 1929
f 3353 1934 1930 1929
f 3353 3352 3354 3355
f 3353 3355 3356 1934
f 3356 1939 1935 1934
f 3356 3355 3357 3358
f 3356 3358 3359 1939
f 3359 1944 1940 1939
f 3359 3358 3360 3361
f 3359 3361 3362 1944
f 3362 1949 1945 1944
f 3362 3361 3363 3364
f 3362 3364 3365 1949
f 3365 1954 1950 1949
f 3365 3364 3366 3367
f 3365 3367 3368 1954
f 3368 1959 1955 1954
f 3368 3367 3369 3370
f 3368 3370 3371 1959
f 3371 1964 1960 1959
f 3371 3370 3372 3373
f 3371 3373 3374 1964
f 3374 1969 1965 1964
f 3374 3373 3375 3376
f 3374 3376 3377 1969
f 3377 1974 1970 1969
f 3377 3376 3378 3379
f 3377 3379 3380 1974
f 3380 1979 1975 1974
f 3380 3379 3381 3382
f 3380 3382 3383 1979
f 3383 1984 1980 1979
f 3383 3382 3384 3385
f 3383 3385 3386 1984
f 3386 1989 1985 1984
f 3386 3385 3387 3388
f 3386 3388 3389 1989
f 3389 1994 1990 1989
f 3389 3388 3390 3391
f 3389 3391 3392 1994
f 3392 1999 1995 1994
f 3392 3391 3393 3394
f 3392 3394 3395 1999
f 3395 2004 2000 1999
f 3395 3394 3396 3397
f 3395 3397 3398 2004
f 3398 2009 2005 2004
f 3398 3397 3399 3400
f 3398 3400 3401 2009
f 3401 2014 2010 2009
f 3401 3400 3402 3403
f 3401 3403 3404 2014
f 3404 2019 2015 2014
f 3404 3403 3405 3406
f 3404 3406 3407 2019
f 3407 2024 2020 2019
f 3407 3406 3408 3409
f 3407 3409 3410 2024
f 3410 2029 2025 2024
f 3410 3409 3411 3412
f 3410 3412 3413 2029
f 3413 2034 2030 2029
f 3413 3412 3414 3415
f 3413 3415 3416 2034
f 3416 2039 2035 2034
f 3416 3415 3417 3418
f 3416 3418 3419 2039
f 3419 2044 2040 2039
f 3419 3418 3420 3421
f 3419 3421 3422 2044
f 3422 2049 2045 2044
f 3422 3421 3423 3424
f 3422 3424 3425 2049
f 3425 2054 2050 2049
f 3425 3424 3426 3427
f 3425 3427 3428 2054
f 3428 2059 2055 2054
f 3428 3427 3429 3430
f 3428 3430 3431 2059
f 3431 2064 2060 2059
f 3431 3430 3432 3433
f 3431 3433 3434 2064
f 3434 2069 2065 2064
f 3434 3433 3435 3436
f 3434 3436 3437 2069
f 3437 2074 2070 2069
f 3437 3436 3438 3439
f 3437 3439 3440 2074
f 3440 2079 2075 2074
f 3440 3439 3441 3442
f 3440 3442 3443 2079
f 3443 2084 2080 2079
f 3443 3442 3444 3445
f 3443 3445 3446 2084
f 3446 87 2085 2084
f 3446 3445 3447 3448
f 3446 3448 83 87
f 3448 3447 3147 3449
f 3448 3449 84 83
f 3449 3147 3145 3144
f 3449 3144 3450 84
f 3450 3451 81 84
f 3450 3144 3142 3141
f 3450 3141 3452 3451
f 3452 3453 3454 3451
f 3452 3141 3139 3138
f 3452 3138 3455 3453
f 3455 3456 3457 3453
f 3455 3138 3135 3133
f 3455 3133 3132 3456
f 3457 3458 3459 3460
f 3457 3460 3454 3453
f 3457 3456 3461 3458
f 3461 3462 3463 3458
f 3461 3456 3132 3131
f 3461 3131 3464 3462
f 3464 3465 3466 3462
f 3464 3131 3129 3128
f 3464 3128 3467 3465
f 3467 3468 3469 3465
f 3467 3128 3126 3125
f 3467 3125 3470 3468
f 3470 3471 3472 3468
f 3470 3125 3123 3122
f 3470 3122 3473 3471
f 3473 3474 3475 3471
f 3473 3122 3120 3119
f 3473 3119 3476 3474
f 3476 3477 3478 3474
f 3476 3119 3117 3116
f 3476 3116 3479 3477
f 3479 3480 3481 3477
f 3479 3116 3114 3113
f 3479 3113 3482 3480
f 3482 3483 3484 3480
f 3482 3113 3111 3110
f 3482 3110 3485 3483
f 3485 3486 3487 3483
f 3485 3110 3108 3107
f 3485 3107 3488 3486
f 3488 3489 3490 3486
f 3488 3107 3105 3104
f 3488 3104 3491 3489
f 3491 3492 3493 3489
f 3491 3104 3102 3101
f 3491 3101 3494 3492
f 3494 3495 3496 3492
f 3494 3101 3099 3098
f 3494 3098 3497 3495
f 3497 3498 3499 3495
f 3497 3098 3096 3095
f 3497 3095 3500 3498
f 3500 3501 3502 3498
f 3500 3095 3093 3092
f 3500 3092 3503 3501
f 3503 3504 3505 3501
f 3503 3092 3090 3089
f 3503 3089 3506 3504
f 3506 3507 3508 3504
f 3506 3089 3087 3086
f 3506 3086 3509 3507
f 3509 3510 3511 3507
f 3509 3086 3084 3083
f 3509 3083 3512 3510
f 3512 3513 3514 3510
f 3512 3083 3081 3080
f 3512 3080 3515 3513
f 3515 3516 3517 3513
f 3515 3080 3078 3077
f 3515 3077 3518 3516
f 3518 3519 3520 3516
f 3518 3077 3075 3074
f 3518 3074 3521 3519
f 3521 3522 3523 3519
f 3521 3074 3072 3071
f 3521 3071 3524 3522
f 3524 3525 3526 3522
f 3524 3071 3069 3068
f 3524 3068 3527 3525
f 3527 3528 3529 3525
f 3527 3068 3066 3065
f 3527 3065 3530 3528
f 3530 3531 3532 3528
f 3530 3065 3063 3062
f 3530 3062 3533 3531
f 3533 3534 3535 3531
f 3533 3062 3060 3059
f 3533 3059 3536 3534
f 3536 3537 3538 3534
f 3536 3059 3057 3056
f 3536 3056 3539 3537
f 3539 3540 3541 3537
f 3539 3056 3054 3053
f 3539 3053 3542 3540
f 3542 3543 3544 3540
f 3542 3053 3051 3050
f 3542 3050 3545 3543
f 3545 3546 3547 3543
f 3545 3050 3048 3047
f 3545 3047 3548 3546
f 3548 3549 3550 3546
f 3548 3047 3045 3044
f 3548 3044 3551 3549
f 3551 3552 3553 3549
f 3551 3044 3042 3041
f 3551 3041 3554 3552
f 3554 3555 3556 3552
f 3554 3041 3039 3038
f 3554 3038 3557 3555
f 3557 3558 3559 3555
f 3557 3038 3036 3035
f 3557 3035 3560 3558
f 3560 3561 3562 3558
f 3560 3035 3033 3032
f 3560 3032 3563 3561
f 3563 3564 3565 3561
f 3563 3032 3030 3029
f 3563 3029 3566 3564
f 3566 3567 3568 3564
f 3566 3029 3027 3026
f 3566 3026 3569 3567
f 3569 3570 3571 3567
f 3569 3026 3024 3023
f 3569 3023 3572 3570
f 3572 3573 3574 3570
f 3572 3023 3021 3020
f 3572 3020 3575 3573
f 3575 3576 3577 3573
f 3575 3020 3018 3017
f 3575 3017 3578 3576
f 3578 3579 3580 3576
f 3578 3017 3015 3014
f 3578 3014 3581 3579
f 3581 3582 3583 3579
f 3581 3014 3012 3011
f 3581 3011 3584 3582
f 3584 3585 3586 3582
f 3584 3011 3009 3008
f 3584 3008 3587 3585
f 3587 3588 3589 3585
f 3587 3008 3006 3005
f 3587 3005 3590 3588
f 3590 3591 3592 3588
f 3590 3005 3003 3002
f 3590 3002 3593 3591
f 3593 3594 3595 3591
f 3593 3002 3000 2999
f 3593 2999 3596 3594
f 3596 3597 3598 3594
f 3596 2999 2997 2996
f 3596 2996 3599 3597
f 3599 3600 3601 3597
f 3599 2996 2994 2993
f 3599 2993 3602 3600
f 3602 3603 3604 3600
f 3602 2993 2991 2990
f 3602 2990 3605 3603
f 3605 3606 3607 3603
f 3605 2990 2988 2987
f 3605 2987 3608 3606
f 3608 3609 3610 3606
f 3608 2987 2985 2984
f 3608 2984 3611 3609
f 3611 3612 3613 3609
f 3611 2984 2982 2981
f 3611 2981 3614 3612
f 3614 3615 3616 3612
f 3614 2981 2979 2978
f 3614 2978 3617 3615
f 3617 3618 3619 3615
f 3617 2978 2976 2975
f 3617 2975 3620 3618
f 3620 3621 3622 3618
f 3620 2975 2973 2972
f 3620 2972 3623 3621
f 3623 3624 3625 3621
f 3623 2972 2970 2969
f 3623 2969 3626 3624
f 3626 3627 3628 3624
f 3626 2969 2967 2966
f 3626 2966 3629 3627
f 3629 3630 3631 3627
f 3629 2966 2964 2963
f 3629 2963 3632 3630
f 3632 3633 3634 3630
f 3632 2963 2961 2960
f 3632 2960 3635 3633
f 3635 3636 3637 3633
f 3635 2960 2957 2955
f 3635 2955 2954 3636
f 3637 3638 3639 3640
f 3637 3640 3634 3633
f 3637 3636 3641 3638
f 3641 3642 3643 3638
f 3641 3636 2954 2953
f 3641 2953 3644 3642
f 3644 3645 3646 3642
f 3644 2953 2951 2950
f 3644 2950 3647 3645
f 3647 3648 3649 3645
f 3647 2950 2947 3650
f 3647 3650 2312 3648
f 3650 2947 2946 2315
f 3650 2315 2313 2312
f 3649 3651 3652 3653
f 3649 3653 3646 3645
f 3649 3648 3654 3651
f 3654 3655 3656 3651
f 3654 3648 2312 2310
f 3654 2310 2308 3655
f 3656 3657 3658 3659
f 3656 3659 3652 3651
f 3656 3655 3660 3657
f 3660 3661 3662 3657
f 3660 3655 2308 2307
f 3660 2307 2306 3661
f 3662 3663 2400 3664
f 3662 3664 3658 3657
f 3662 3661 3665 3663
f 3665 3666 2405 3663
f 3665 3661 2306 3667
f 3665 3667 3668 3666
f 3668 3669 2410 3666
f 3668 3667 2303 3670
f 3668 3670 3671 3669
f 3671 3672 2415 3669
f 3671 3670 3673 3674
f 3671 3674 3675 3672
f 3675 3676 2420 3672
f 3675 3674 3677 3678
f 3675 3678 3679 3676
f 3679 3680 2425 3676
f 3679 3678 3681 3682
f 3679 3682 3683 3680
f 3683 3684 2430 3680
f 3683 3682 3685 3686
f 3683 3686 3687 3684
f 3687 3688 2435 3684
f 3687 3686 3689 3690
f 3687 3690 3691 3688
f 3691 3692 2440 3688
f 3691 3690 3693 3694
f 3691 3694 3695 3692
f 3695 3696 2445 3692
f 3695 3694 3697 3698
f 3695 3698 3699 3696
f 3699 3700 2450 3696
f 3699 3698 3701 3702
f 3699 3702 3703 3700
f 3703 3704 2455 3700
f 3703 3702 3705 3706
f 3703 3706 3707 3704
f 3707 3708 2460 3704
f 3707 3706 3709 3710
f 3707 3710 3711 3708
f 3711 3712 2465 3708
f 3711 3710 3713 3714
f 3711 3714 3715 3712
f 3715 3716 2470 3712
f 3715 3714 3717 3718
f 3715 3718 3719 3716
f 3719 3720 2475 3716
f 3719 3718 3721 3722
f 3719 3722 3723 3720
f 3723 3724 2480 3720
f 3723 3722 3725 3726
f 3723 3726 3727 3724
f 3727 3728 2485 3724
f 3727 3726 3729 3730
f 3727 3730 3731 3728
f 3731 3732 2490 3728
f 3731 3730 3733 3734
f 3731 3734 3735 3732
f 3735 3736 2495 3732
f 3735 3734 3737 3738
f 3735 3738 3739 3736
f 3739 3740 2500 3736
f 3739 3738 3741 3742
f 3739 3742 3743 3740
f 3743 3744 2505 3740
f 3743 3742 3745 3746
f 3743 3746 3747 3744
f 3747 3748 2510 3744
f 3747 3746 3749 3750
f 3747 3750 3751 3748
f 3751 3752 2515 3748
f 3751 3750 3753 3754
f 3751 3754 3755 3752
f 3755 3756 2520 3752
f 3755 3754 3757 3758
f 3755 3758 3759 3756
f 3759 3760 2525 3756
f 3759 3758 3761 3762
f 3759 3762 3763 3760
f 3763 3764 2530 3760
f 3763 3762 3765 3766
f 3763 3766 3767 3764
f 3767 3768 2535 3764
f 3767 3766 3769 3770
f 3767 3770 3771 3768
f 3771 3772 2540 3768
f 3771 3770 3773 3774
f 3771 3774 3775 3772
f 3775 3776 2545 3772
f 3775 3774 3777 3778
f 3775 3778 3779 3776
f 3779 3780 2550 3776
f 3779 3778 3781 3782
f 3779 3782 3783 3780
f 3783 3784 2555 3780
f 3783 3782 3785 3786
f 3783 3786 3787 3784
f 3787 3788 2560 3784
f 3787 3786 3789 3790
f 3787 3790 3791 3788
f 3791 3792 2565 3788
f 3791 3790 3793 3794
f 3791 3794 3795 3792
f 3795 3796 2570 3792
f 3795 3794 3797 3798
f 3795 3798 3799 3796
f 3799 3800 2575 3796
f 3799 3798 3801 3802
f 3799 3802 3803 3800
f 3803 3804 2580 3800
f 3803 3802 3805 3806
f 3803 3806 3807 3804
f 3807 3808 2585 3804
f 3807 3806 3809 3810
f 3807 3810 3811 3808
f 3811 3812 2590 3808
f 3811 3810 3813 3814
f 3811 3814 3815 3812
f 3815 3816 2595 3812
f 3815 3814 3817 3818
f 3815 3818 3819 3816
f 3819 3820 2600 3816
f 3819 3818 3821 3822
f 3819 3822 3823 3820
f 3823 3824 2605 3820
f 3823 3822 3825 3826
f 3823 3826 3827 3824
f 3827 3828 2610 3824
f 3827 3826 3829 3830
f 3827 3830 3831 3828
f 3831 3832 2615 3828
f 3831 3830 3833 3834
f 3831 3834 3835 3832
f 3835 3836 2620 3832
f 3835 3834 3837 3838
f 3835 3838 3839 3836
f 3839 3840 2625 3836
f 3839 3838 3841 3842
f 3839 3842 3843 3840
f 3843 3844 2630 3840
f 3843 3842 3845 3846
f 3843 3846 3847 3844
f 3847 3848 2635 3844
f 3847 3846 3849 3850
f 3847 3850 3851 3848
f 3851 3852 2640 3848
f 3851 3850 3853 3854
f 3851 3854 3855 3852
f 3855 142 141 3852
f 3855 3854 3856 3857
f 3855 3857 145 142
f 3857 3856 3858 3859
f 3857 3859 3860 145
f 3860 3861 146 145
f 3860 3859 3862 3863
f 3860 3863 3864 3861
f 3864 3865 3866 3861
f 3864 3863 3867 3868
f 3864 3868 3869 3865
f 3869 3870 3871 3865
f 3869 3868 3872 3873
f 3869 3873 3874 3870
f 3874 3875 3876 3870
f 3874 3873 3877 3878
f 3874 3878 3879 3875
f 3879 3880 3881 3875
f 3879 3878 2143 2142
f 3879 2142 3882 3880
f 3882 3883 3884 3880
f 3882 2142 2140 2139
f 3882 2139 3885 3883
f 3885 3886 3887 3883
f 3885 2139 2137 2136
f 3885 2136 3888 3886
f 3888 3889 3890 3886
f 3888 2136 2134 2133
f 3888 2133 3891 3889
f 3891 3892 3893 3889
f 3891 2133 2131 2130
f 3891 2130 3894 3892
f 3894 3895 3896 3892
f 3894 2130 2128 2127
f 3894 2127 3897 3895
f 3897 3898 3899 3895
f 3897 2127 2125 2124
f 3897 2124 3900 3898
f 3900 3901 3902 3898
f 3900 2124 2122 3903
f 3900 3903 3904 3901
f 3904 3903 238 237
f 3904 237 3905 3906
f 3904 3906 3907 3901
f 3907 3908 3902 3901
f 3907 3906 3909 3910
f 3907 3910 3911 3908
f 3911 3912 3913 3908
f 3911 3910 3914 3915
f 3911 3915 3916 3912
f 3916 128 134 3917
f 3916 3917 3918 3912
f 3916 3915 129 128
f 3918 3917 3919 3920
f 3918 3920 3921 3922
f 3918 3922 3913 3912
f 3922 3921 3923 3924
f 3922 3924 3925 3913
f 3925 3924 3926 3899
f 3925 3899 3898 3902
f 3925 3902 3908 3913
f 3926 3924 3923 3927
f 3926 3927 3928 3896
f 3926 3896 3895 3899
f 3928 3927 3929 3930
f 3928 3930 3931 3893
f 3928 3893 3892 3896
f 3931 3930 3932 3933
f 3931 3933 3934 3890
f 3931 3890 3889 3893
f 3934 3933 3935 3936
f 3934 3936 3937 3887
f 3934 3887 3886 3890
f 3937 3936 3938 3939
f 3937 3939 3940 3884
f 3937 3884 3883 3887
f 3940 3939 3941 3942
f 3940 3942 3943 3881
f 3940 3881 3880 3884
f 3943 3942 3944 3945
f 3943 3945 3946 3876
f 3943 3876 3875 3881
f 3946 3945 3947 3948
f 3946 3948 3949 3871
f 3946 3871 3870 3876
f 3949 3948 3950 3951
f 3949 3951 147 3866
f 3949 3866 3865 3871
f 3951 3950 3952 3953
f 3951 3953 143 147
f 3953 3952 151 157
f 3953 157 144 143
f 3952 3954 152 151
f 3952 3950 3955 3954
f 3955 3956 3957 3954
f 3955 3950 3948 3947
f 3955 3947 3958 3956
f 3958 3959 3960 3956
f 3958 3947 3945 3944
f 3958 3944 3961 3959
f 3961 3962 3963 3959
f 3961 3944 3942 3941
f 3961 3941 3964 3962
f 3964 3965 3966 3962
f 3964 3941 3939 3938
f 3964 3938 3967 3965
f 3967 3968 3969 3965
f 3967 3938 3936 3935
f 3967 3935 3970 3968
f 3970 3971 3972 3968
f 3970 3935 3933 3932
f 3970 3932 3973 3971
f 3973 75 74 3971
f 3973 3932 3930 3929
f 3973 3929 3974 75
f 3974 3975 76 75
f 3974 3929 3927 3923
f 3974 3923 3921 3975
f 3975 3976 77 76
f 3975 3921 3920 3976
f 3976 3977 3978 77
f 3976 3920 3919 3977
f 3978 3979 54 53
f 3978 53 68 77
f 3978 3977 3980 3979
f 3980 3981 3982 3979
f 3980 3977 3919 3983
f 3980 3983 3984 3981
f 3984 3985 3986 3981
f 3984 3983 134 133
f 3984 133 132 3985
f 3986 3987 3988 3989
f 3986 3989 3982 3981
f 3986 3985 3990 3987
f 3990 3991 3992 3987
f 3990 3985 132 3993
f 3990 3993 3994 3991
f 3994 3995 3996 3991
f 3994 3993 3997 3998
f 3994 3998 3999 3995
f 3999 4000 4001 3995
f 3999 3998 4002 4003
f 3999 4003 4004 4000
f 4004 4005 4006 4000
f 4004 4003 4007 4008
f 4004 4008 4009 4005
f 4009 4010 4011 4005
f 4009 4008 4012 4013
f 4009 4013 4014 4010
f 4014 4015 4016 4010
f 4014 4013 4017 4018
f 4014 4018 4019 4015
f 4019 4020 4021 4015
f 4019 4018 4022 4023
f 4019 4023 4024 4020
f 4024 4025 4026 4020
f 4024 4023 4027 4028
f 4024 4028 4029 4025
f 4029 4030 4031 4025
f 4029 4028 4032 4033
f 4029 4033 4034 4030
f 4034 4035 4036 4030
f 4034 4033 4037 4038
f 4034 4038 4039 4035
f 4039 4040 4041 4035
f 4039 4038 4042 4043
f 4039 4043 4044 4040
f 4044 4045 4046 4040
f 4044 4043 302 301
f 4044 301 303 4045
f 4046 4047 4048 4049
f 4046 4049 4041 4040
f 4046 4045 4050 4047
f 4050 4051 4052 4047
f 4050 4045 303 4053
f 4050 4053 4054 4051
f 4054 4055 4056 4051
f 4054 4053 4057 4058
f 4054 4058 4059 4055
f 4059 4060 4061 4055
f 4059 4058 4062 4063
f 4059 4063 4064 4060
f 4064 4065 4066 4060
f 4064 4063 4067 4068
f 4064 4068 4069 4065
f 4069 4070 4071 4065
f 4069 4068 4072 4073
f 4069 4073 4074 4070
f 4074 4075 4076 4070
f 4074 4073 4077 4078
f 4074 4078 4079 4075
f 4079 4080 4081 4075
f 4079 4078 4082 4083
f 4079 4083 4084 4080
f 4084 4085 4086 4080
f 4084 4083 4087 4088
f 4084 4088 4089 4085
f 4089 4090 4091 4085
f 4089 4088 4092 4093
f 4089 4093 4094 4090
f 4094 4095 4096 4090
f 4094 4093 4097 4098
f 4094 4098 4099 4095
f 4099 4100 4101 4095
f 4099 4098 4102 4103
f 4099 4103 4104 4100
f 4104 4105 4106 4100
f 4104 4103 4107 4108
f 4104 4108 4109 4105
f 4109 4110 4111 4105
f 4109 4108 4112 4113
f 4109 4113 4114 4110
f 4114 4115 4116 4110
f 4114 4113 4117 4118
f 4114 4118 4119 4115
f 4119 4120 4121 4115
f 4119 4118 4122 4123
f 4119 4123 4124 4120
f 4124 4125 4126 4120
f 4124 4123 4127 4128
f 4124 4128 4129 4125
f 4129 4130 4131 4125
f 4129 4128 4132 4133
f 4129 4133 4134 4130
f 4134 4135 4136 4130
f 4134 4133 4137 4138
f 4134 4138 4139 4135
f 4139 4140 4141 4135
f 4139 4138 4142 4143
f 4139 4143 4144 4140
f 4144 4145 4146 4140
f 4144 4143 4147 4148
f 4144 4148 4149 4145
f 4149 4150 4151 4145
f 4149 4148 4152 4153
f 4149 4153 4154 4150
f 4154 4155 4156 4150
f 4154 4153 4157 4158
f 4154 4158 4159 4155
f 4159 4160 4161 4155
f 4159 4158 4162 4163
f 4159 4163 4164 4160
f 4164 977 4165 4160
f 4164 4163 4166 980
f 4164 980 978 977
f 4166 4163 4162 4167
f 4166 4167 4168 4169
f 4166 4169 981 980
f 4169 4168 4170 4171
f 4169 4171 982 981
f 4171 4170 4172 4173
f 4171 4173 984 982
f 4173 4172 4174 4175
f 4173 4175 986 984
f 4175 4174 4176 4177
f 4175 4177 988 986
f 4177 4176 4178 4179
f 4177 4179 4180 988
f 4180 991 989 988
f 4180 4179 4181 4182
f 4180 4182 4183 991
f 4183 994 992 991
f 4183 4182 4184 4185
f 4183 4185 4186 994
f 4186 997 995 994
f 4186 4185 4187 4188
f 4186 4188 4189 997
f 4189 1000 998 997
f 4189 4188 4190 4191
f 4189 4191 4192 1000
f 4192 1003 1001 1000
f 4192 4191 4193 4194
f 4192 4194 4195 1003
f 4195 1006 1004 1003
f 4195 4194 4196 4197
f 4195 4197 4198 1006
f 4198 1009 1007 1006
f 4198 4197 4199 4200
f 4198 4200 4201 1009
f 4201 1012 1010 1009
f 4201 4200 4202 4203
f 4201 4203 4204 1012
f 4204 1015 1013 1012
f 4204 4203 4205 4206
f 4204 4206 4207 1015
f 4207 1018 1016 1015
f 4207 4206 4208 4209
f 4207 4209 4210 1018
f 4210 1021 1019 1018
f 4210 4209 258 4211
f 4210 4211 4212 1021
f 4212 1024 1022 1021
f 4212 4211 4213 4214
f 4212 4214 4215 1024
f 4215 1027 1025 1024
f 4215 4214 4216 4217
f 4215 4217 4218 1027
f 4218 1030 1028 1027
f 4218 4217 4219 4220
f 4218 4220 4221 1030
f 4221 1033 1031 1030
f 4221 4220 4222 4223
f 4221 4223 4224 1033
f 4224 1036 1034 1033
f 4224 4223 4225 4226
f 4224 4226 4227 1036
f 4227 1039 1037 1036
f 4227 4226 4228 4229
f 4227 4229 4230 1039
f 4230 1042 1040 1039
f 4230 4229 4231 4232
f 4230 4232 1049 1042
f 4232 4231 4233 4234
f 4232 4234 1050 1049
f 4234 4233 4235 4236
f 4234 4236 1051 1050
f 4236 4235 4237 4238
f 4236 4238 1053 1051
f 4238 4237 4239 4240
f 4238 4240 1055 1053
f 4240 4239 4241 4242
f 4240 4242 4243 1055
f 4243 1059 1056 1055
f 4243 4242 4244 4245
f 4243 4245 4246 1059
f 4246 1062 1060 1059
f 4246 4245 4247 4248
f 4246 4248 1064 1062
f 4248 4247 4249 4250
f 4248 4250 1066 1064
f 4250 4249 4251 4252
f 4250 4252 1068 1066
f 4252 4251 4253 4254
f 4252 4254 4255 1068
f 4255 1071 1069 1068
f 4255 4254 4256 4257
f 4255 4257 4258 1071
f 4258 1074 1072 1071
f 4258 4257 4259 4260
f 4258 4260 4261 1074
f 4261 1077 1075 1074
f 4261 4260 4262 4263
f 4261 4263 4264 1077
f 4264 1080 1078 1077
f 4264 4263 4265 4266
f 4264 4266 4267 1080
f 4267 1083 1081 1080
f 4267 4266 4268 4269
f 4267 4269 4270 1083
f 4270 1086 1084 1083
f 4270 4269 4271 4272
f 4270 4272 4273 1086
f 4273 1089 1087 1086
f 4273 4272 4274 4275
f 4273 4275 4276 1089
f 4276 1092 1090 1089
f 4276 4275 4277 4278
f 4276 4278 4279 1092
f 4279 1095 1093 1092
f 4279 4278 4280 4281
f 4279 4281 4282 1095
f 4282 1098 1096 1095
f 4282 4281 4283 4284
f 4282 4284 4285 1098
f 4285 1101 1099 1098
f 4285 4284 4286 4287
f 4285 4287 4288 1101
f 4288 1104 1102 1101
f 4288 4287 4289 4290
f 4288 4290 4291 1104
f 4291 1107 1105 1104
f 4291 4290 4292 4293
f 4291 4293 4294 1107
f 4294 1110 1108 1107
f 4294 4293 4295 4296
f 4294 4296 4297 1110
f 4297 1113 1111 1110
f 4297 4296 4298 4299
f 4297 4299 4300 1113
f 4300 1116 1114 1113
f 4300 4299 4301 4302
f 4300 4302 4303 1116
f 4303 1119 1117 1116
f 4303 4302 4304 4305
f 4303 4305 4306 1119
f 4306 1122 1120 1119
f 4306 4305 4307 4308
f 4306 4308 4309 1122
f 4309 1125 1123 1122
f 4309 4308 4310 4311
f 4309 4311 4312 1125
f 4312 1128 1126 1125
f 4312 4311 4313 4314
f 4312 4314 4315 1128
f 4315 1131 1129 1128
f 4315 4314 4316 4317
f 4315 4317 4318 1131
f 4318 1134 1132 1131
f 4318 4317 4319 4320
f 4318 4320 4321 1134
f 4321 1137 1135 1134
f 4321 4320 4322 4323
f 4321 4323 4324 1137
f 4324 1140 1138 1137
f 4324 4323 4325 4326
f 4324 4326 4327 1140
f 4327 1143 1141 1140
f 4327 4326 4328 4329
f 4327 4329 4330 1143
f 4330 1146 1144 1143
f 4330 4329 4331 4332
f 4330 4332 4333 1146
f 4333 1149 1147 1146
f 4333 4332 4334 4335
f 4333 4335 4336 1149
f 4336 1152 1150 1149
f 4336 4335 4337 4338
f 4336 4338 4339 1152
f 4339 1155 1153 1152
f 4339 4338 4340 4341
f 4339 4341 4342 1155
f 4342 159 1156 1155
f 4342 4341 4343 4344
f 4342 4344 160 159
f 4344 4343 4345 4346
f 4344 4346 161 160
f 4346 4345 4347 4348
f 4346 4348 4349 161
f 4349 4350 162 161
f 4349 4348 1282 1281
f 4349 1281 1280 4350
f 4350 176 163 162
f 4350 1280 183 176
f 4348 4347 1284 1282
f 4347 4345 4351 4352
f 4347 4352 1286 1284
f 4352 4351 4353 1292
f 4352 1292 1290 1286
f 4353 4351 4354 4355
f 4353 4355 4356 1295
f 4353 1295 1293 1292
f 4356 4355 4357 4358
f 4356 4358 4359 1298
f 4356 1298 1296 1295
f 4359 4358 4360 4361
f 4359 4361 4362 1301
f 4359 1301 1299 1298
f 4362 4361 4363 4364
f 4362 4364 4365 1304
f 4362 1304 1302 1301
f 4365 4364 4366 4367
f 4365 4367 4368 1307
f 4365 1307 1305 1304
f 4368 4367 4369 4370
f 4368 4370 4371 1310
f 4368 1310 1308 1307
f 4371 4370 4372 4373
f 4371 4373 4374 1313
f 4371 1313 1311 1310
f 4374 4373 4375 4376
f 4374 4376 4377 1316
f 4374 1316 1314 1313
f 4377 4376 4378 4379
f 4377 4379 4380 1319
f 4377 1319 1317 1316
f 4380 4379 4381 4382
f 4380 4382 4383 1322
f 4380 1322 1320 1319
f 4383 4382 4384 4385
f 4383 4385 4386 1325
f 4383 1325 1323 1322
f 4386 4385 4387 4388
f 4386 4388 4389 1328
f 4386 1328 1326 1325
f 4389 4388 4390 4391
f 4389 4391 4392 1331
f 4389 1331 1329 1328
f 4392 4391 4393 4394
f 4392 4394 4395 1334
f 4392 1334 1332 1331
f 4395 4394 4396 4397
f 4395 4397 1339 1337
f 4395 1337 1335 1334
f 4397 4396 4298 4398
f 4397 4398 1341 1339
f 4398 4298 4296 4295
f 4398 4295 1343 1341
f 4396 4301 4299 4298
f 4396 4394 4393 4301
f 4393 4304 4302 4301
f 4393 4391 4390 4304
f 4390 4307 4305 4304
f 4390 4388 4387 4307
f 4387 4310 4308 4307
f 4387 4385 4384 4310
f 4384 4313 4311 4310
f 4384 4382 4381 4313
f 4381 4316 4314 4313
f 4381 4379 4378 4316
f 4378 4319 4317 4316
f 4378 4376 4375 4319
f 4375 4322 4320 4319
f 4375 4373 4372 4322
f 4372 4325 4323 4322
f 4372 4370 4369 4325
f 4369 4328 4326 4325
f 4369 4367 4366 4328
f 4366 4331 4329 4328
f 4366 4364 4363 4331
f 4363 4334 4332 4331
f 4363 4361 4360 4334
f 4360 4337 4335 4334
f 4360 4358 4357 4337
f 4357 4340 4338 4337
f 4357 4355 4354 4340
f 4354 4343 4341 4340
f 4354 4351 4345 4343
f 4295 4293 4292 1343
f 4292 4290 4289 1346
f 4292 1346 1344 1343
f 4289 4287 4286 1349
f 4289 1349 1347 1346
f 4286 4284 4283 4399
f 4286 4399 1350 1349
f 4399 4283 4400 4401
f 4399 4401 1351 1350
f 4401 4400 4402 4403
f 4401 4403 1353 1351
f 4403 4402 4404 1358
f 4403 1358 1355 1353
f 4404 4402 4405 4406
f 4404 4406 4407 1361
f 4404 1361 1359 1358
f 4407 4406 4408 4409
f 4407 4409 4410 1364
f 4407 1364 1362 1361
f 4410 4409 4411 4412
f 4410 4412 4413 1367
f 4410 1367 1365 1364
f 4413 4412 4414 4415
f 4413 4415 4416 1370
f 4413 1370 1368 1367
f 4416 4415 4417 4418
f 4416 4418 4419 1373
f 4416 1373 1371 1370
f 4419 4418 4420 4421
f 4419 4421 4422 1376
f 4419 1376 1374 1373
f 4422 4421 4423 4424
f 4422 4424 4425 1379
f 4422 1379 1377 1376
f 4425 4424 4426 4427
f 4425 4427 4428 1382
f 4425 1382 1380 1379
f 4428 4427 4429 4430
f 4428 4430 4431 1385
f 4428 1385 1383 1382
f 4431 4430 4432 4433
f 4431 4433 4434 1388
f 4431 1388 1386 1385
f 4434 4433 4435 4436
f 4434 4436 4437 1391
f 4434 1391 1389 1388
f 4437 4436 4438 4439
f 4437 4439 4440 1394
f 4437 1394 1392 1391
f 4440 4439 4441 4442
f 4440 4442 4443 1397
f 4440 1397 1395 1394
f 4443 4442 4444 4445
f 4443 4445 1402 1400
f 4443 1400 1398 1397
f 4445 4444 4446 4447
f 4445 4447 1404 1402
f 4447 4446 4448 4449
f 4447 4449 1406 1404
f 4449 4448 4450 4451
f 4449 4451 4452 1406
f 4452 4451 4453 4454
f 4452 4454 4455 1409
f 4452 1409 1407 1406
f 4455 4454 4456 4457
f 4455 4457 4458 1412
f 4455 1412 1410 1409
f 4458 4457 4459 4460
f 4458 4460 4461 1415
f 4458 1415 1413 1412
f 4461 4460 4462 4463
f 4461 4463 4464 1418
f 4461 1418 1416 1415
f 4464 1421 1419 1418
f 4464 4463 4465 4466
f 4464 4466 4467 1421
f 4467 1424 1422 1421
f 4467 4466 4468 4469
f 4467 4469 4470 1424
f 4470 1427 1425 1424
f 4470 4469 4471 4472
f 4470 4472 4473 1427
f 4473 1430 1428 1427
f 4473 4472 4474 4475
f 4473 4475 4476 1430
f 4476 1433 1431 1430
f 4476 4475 4477 4478
f 4476 4478 1437 1433
f 4478 4477 4479 4480
f 4478 4480 1438 1437
f 4480 4479 4481 4482
f 4480 4482 1440 1438
f 4482 4481 4483 4484
f 4482 4484 1442 1440
f 4484 4483 4485 4486
f 4484 4486 4487 1442
f 4487 1446 1443 1442
f 4487 4486 4488 4489
f 4487 4489 4490 1446
f 4490 1451 1447 1446
f 4490 4489 4491 4492
f 4490 4492 4493 1451
f 4493 1456 1452 1451
f 4493 4492 4494 4495
f 4493 4495 4496 1456
f 4496 1461 1457 1456
f 4496 4495 4497 4498
f 4496 4498 4499 1461
f 4499 1466 1462 1461
f 4499 4498 4500 4501
f 4499 4501 4502 1466
f 4502 1469 1467 1466
f 4502 4501 4503 4504
f 4502 4504 1471 1469
f 4504 4503 4505 4506
f 4504 4506 4507 1471
f 4507 1475 1472 1471
f 4507 4506 1525 1524
f 4507 1524 1523 1475
f 4506 4505 4508 1525
f 4508 4505 4509 4510
f 4508 4510 4511 1528
f 4508 1528 1526 1525
f 4511 4510 4512 4513
f 4511 4513 4514 4515
f 4511 4515 1529 1528
f 4515 4514 214 210
f 4515 210 209 1529
f 4514 4513 4516 4517
f 4514 4517 4518 214
f 4518 4517 4519 4520
f 4518 4520 4521 4522
f 4518 4522 211 214
f 4522 4521 4523 4524
f 4522 4524 212 211
f 4524 4523 4525 4526
f 4524 4526 95 212
f 4526 4525 956 4527
f 4526 4527 96 95
f 4527 956 954 953
f 4527 953 97 96
f 4525 4523 961 959
f 4525 959 957 956
f 4523 4521 963 961
f 4521 4520 4528 963
f 4528 4520 4519 4529
f 4528 4529 4530 966
f 4528 966 964 963
f 4530 4529 4531 4532
f 4530 4532 4533 4534
f 4530 4534 967 966
f 4534 4533 4535 4536
f 4534 4536 968 967
f 4536 4535 4537 4538
f 4536 4538 970 968
f 4538 4537 4539 4540
f 4538 4540 972 970
f 4540 4539 4541 4542
f 4540 4542 974 972
f 4542 4541 4543 4544
f 4542 4544 4165 974
f 4544 4543 4545 4161
f 4544 4161 4160 4165
f 4545 4543 4546 4547
f 4545 4547 4548 4156
f 4545 4156 4155 4161
f 4548 4547 4549 4550
f 4548 4550 4551 4151
f 4548 4151 4150 4156
f 4551 4550 4552 4553
f 4551 4553 4554 4146
f 4551 4146 4145 4151
f 4554 4553 4555 4556
f 4554 4556 4557 4141
f 4554 4141 4140 4146
f 4557 4556 4558 4559
f 4557 4559 4560 4136
f 4557 4136 4135 4141
f 4560 4559 4561 4562
f 4560 4562 4563 4131
f 4560 4131 4130 4136
f 4563 4562 4564 4565
f 4563 4565 4566 4126
f 4563 4126 4125 4131
f 4566 4565 4567 4568
f 4566 4568 4569 4121
f 4566 4121 4120 4126
f 4569 4568 4570 4571
f 4569 4571 4572 4116
f 4569 4116 4115 4121
f 4572 4571 4573 4574
f 4572 4574 4575 4111
f 4572 4111 4110 4116
f 4575 4574 4576 4577
f 4575 4577 4578 4106
f 4575 4106 4105 4111
f 4578 4577 4579 4580
f 4578 4580 4581 4101
f 4578 4101 4100 4106
f 4581 4580 4582 4583
f 4581 4583 4584 4096
f 4581 4096 4095 4101
f 4584 4583 4585 4586
f 4584 4586 4587 4091
f 4584 4091 4090 4096
f 4587 4586 4588 4589
f 4587 4589 4590 4086
f 4587 4086 4085 4091
f 4590 4589 4591 4592
f 4590 4592 4593 4081
f 4590 4081 4080 4086
f 4593 4592 4594 4595
f 4593 4595 4596 4076
f 4593 4076 4075 4081
f 4596 4595 4597 4598
f 4596 4598 4599 4071
f 4596 4071 4070 4076
f 4599 4598 4600 4601
f 4599 4601 4602 4066
f 4599 4066 4065 4071
f 4602 4601 4603 4604
f 4602 4604 4605 4061
f 4602 4061 4060 4066
f 4605 4604 4606 4607
f 4605 4607 4608 4056
f 4605 4056 4055 4061
f 4608 4607 4609 4610
f 4608 4610 4611 4052
f 4608 4052 4051 4056
f 4611 4610 4612 4613
f 4611 4613 4614 4048
f 4611 4048 4047 4052
f 4614 4613 4615 4616
f 4614 4616 4617 4618
f 4614 4618 4049 4048
f 4618 4617 4619 4620
f 4618 4620 4041 4049
f 4620 4619 4621 4036
f 4620 4036 4035 4041
f 4621 4619 4622 4623
f 4621 4623 4624 4031
f 4621 4031 4030 4036
f 4624 4623 4625 4626
f 4624 4626 4627 4026
f 4624 4026 4025 4031
f 4627 4626 4628 4629
f 4627 4629 4630 4021
f 4627 4021 4020 4026
f 4630 4629 4631 4632
f 4630 4632 4633 4016
f 4630 4016 4015 4021
f 4633 4632 4634 4635
f 4633 4635 4636 4011
f 4633 4011 4010 4016
f 4636 4635 4637 4638
f 4636 4638 4639 4006
f 4636 4006 4005 4011
f 4639 4638 4640 4641
f 4639 4641 4642 4001
f 4639 4001 4000 4006
f 4642 4641 4643 4644
f 4642 4644 4645 3996
f 4642 3996 3995 4001
f 4645 4644 4646 4647
f 4645 4647 4648 3992
f 4645 3992 3991 3996
f 4648 4647 4649 4650
f 4648 4650 4651 3988
f 4648 3988 3987 3992
f 4651 4650 4652 4653
f 4651 4653 4654 4655
f 4651 4655 3989 3988
f 4655 4654 55 57
f 4655 57 3982 3989
f 4654 4653 4656 4657
f 4654 4657 56 55
f 4657 4656 4658 4659
f 4657 4659 4660 56
f 4660 4659 4661 4662
f 4660 4662 4663 4664
f 4660 4664 48 56
f 4664 4663 4665 4666
f 4664 4666 49 48
f 4666 4665 4667 4668
f 4666 4668 4669 49
f 4669 4668 4670 4671
f 4669 4671 4672 4673
f 4669 4673 50 49
f 4673 4672 4674 4675
f 4673 4675 51 50
f 4675 4674 4676 4677
f 4675 4677 4678 51
f 4678 69 52 51
f 4678 4677 4679 4680
f 4678 4680 70 69
f 4680 4679 4681 4682
f 4680 4682 71 70
f 4682 4681 4683 4684
f 4682 4684 4685 71
f 4685 4684 4686 4687
f 4685 4687 4688 4689
f 4685 4689 72 71
f 4689 4688 4690 4691
f 4689 4691 73 72
f 4691 4690 4692 4693
f 4691 4693 3972 73
f 4693 4692 4694 3969
f 4693 3969 3968 3972
f 4694 4692 4695 4696
f 4694 4696 4697 3966
f 4694 3966 3965 3969
f 4697 4696 4698 4699
f 4697 4699 4700 3963
f 4697 3963 3962 3966
f 4700 4699 4701 4702
f 4700 4702 4703 3960
f 4700 3960 3959 3963
f 4703 4702 4704 4705
f 4703 4705 4706 3957
f 4703 3957 3956 3960
f 4706 4705 4707 4708
f 4706 4708 148 152
f 4706 152 3954 3957
f 4708 4707 4709 4710
f 4708 4710 149 148
f 4710 4709 4711 4712
f 4710 4712 4713 149
f 4713 4714 150 149
f 4713 4712 4715 4716
f 4713 4716 4717 4714
f 4717 4718 4719 4714
f 4717 4716 4720 4721
f 4717 4721 4722 4718
f 4722 4723 4724 4718
f 4722 4721 4725 4726
f 4722 4726 4727 4723
f 4727 4728 4729 4723
f 4727 4726 4730 4731
f 4727 4731 4732 4728
f 4732 4733 4734 4728
f 4732 4731 4735 4736
f 4732 4736 4737 4733
f 4737 4738 4739 4733
f 4737 4736 4740 4741
f 4737 4741 4742 4738
f 4742 4743 4744 4738
f 4742 4741 4745 4746
f 4742 4746 4747 4743
f 4747 4748 4749 4743
f 4747 4746 4750 4751
f 4747 4751 4752 4748
f 4752 4753 4754 4748
f 4752 4751 4755 4756
f 4752 4756 4757 4753
f 4757 4758 4759 4753
f 4757 4756 4760 4761
f 4757 4761 4762 4758
f 4762 4763 4764 4758
f 4762 4761 4765 4766
f 4762 4766 4767 4763
f 4767 4768 4769 4763
f 4767 4766 4770 4771
f 4767 4771 4772 4768
f 4772 4773 4774 4768
f 4772 4771 4775 4776
f 4772 4776 4777 4773
f 4777 4778 4779 4773
f 4777 4776 4780 4781
f 4777 4781 4782 4778
f 4782 4783 4784 4778
f 4782 4781 4785 4786
f 4782 4786 4787 4783
f 4787 4788 4789 4783
f 4787 4786 4790 4791
f 4787 4791 4792 4788
f 4792 4793 4794 4788
f 4792 4791 4795 4796
f 4792 4796 4797 4793
f 4797 4798 4799 4793
f 4797 4796 4800 4801
f 4797 4801 4802 4798
f 4802 4803 4804 4798
f 4802 4801 4805 4806
f 4802 4806 4807 4803
f 4807 4808 4809 4803
f 4807 4806 4810 4811
f 4807 4811 4812 4808
f 4812 4813 4814 4808
f 4812 4811 4815 4816
f 4812 4816 4817 4813
f 4817 4818 4819 4813
f 4817 4816 4820 4821
f 4817 4821 4822 4818
f 4822 4823 4824 4818
f 4822 4821 4825 4826
f 4822 4826 4827 4823
f 4827 4828 4829 4823
f 4827 4826 4830 4831
f 4827 4831 4832 4828
f 4832 4833 4834 4828
f 4832 4831 4835 4836
f 4832 4836 4837 4833
f 4837 4838 4839 4833
f 4837 4836 4840 4841
f 4837 4841 4842 4838
f 4842 4843 4844 4838
f 4842 4841 4845 4846
f 4842 4846 4847 4843
f 4847 4848 4849 4843
f 4847 4846 4850 4851
f 4847 4851 4852 4848
f 4852 4853 4854 4848
f 4852 4851 4855 4856
f 4852 4856 4857 4853
f 4857 4858 4859 4853
f 4857 4856 4860 4861
f 4857 4861 4862 4858
f 4862 4863 4864 4858
f 4862 4861 4865 4866
f 4862 4866 4867 4863
f 4867 4868 4869 4863
f 4867 4866 4870 4871
f 4867 4871 4872 4868
f 4872 4873 4874 4868
f 4872 4871 4875 4876
f 4872 4876 4877 4873
f 4877 4878 4879 4873
f 4877 4876 4880 4881
f 4877 4881 4882 4878
f 4882 4883 4884 4878
f 4882 4881 4885 4886
f 4882 4886 4887 4883
f 4887 4888 4889 4883
f 4887 4886 4890 4891
f 4887 4891 4892 4888
f 4892 4893 4894 4888
f 4892 4891 4895 4896
f 4892 4896 4897 4893
f 4897 4898 4899 4893
f 4897 4896 4900 4901
f 4897 4901 4902 4898
f 4902 4903 4904 4898
f 4902 4901 4905 4906
f 4902 4906 4907 4903
f 4907 4908 4909 4903
f 4907 4906 4910 4911
f 4907 4911 4912 4908
f 4912 4913 4914 4908
f 4912 4911 4915 4916
f 4912 4916 4917 4913
f 4917 4918 4919 4913
f 4917 4916 4920 4921
f 4917 4921 4922 4918
f 4922 4923 4924 4918
f 4922 4921 4925 4926
f 4922 4926 4927 4923
f 4927 4928 4929 4923
f 4927 4926 4930 4931
f 4927 4931 4932 4928
f 4932 4933 4934 4928
f 4932 4931 4935 4936
f 4932 4936 4937 4933
f 4937 4938 4939 4933
f 4937 4936 4940 4941
f 4937 4941 4942 4938
f 4942 4943 4944 4938
f 4942 4941 4945 4946
f 4942 4946 4947 4943
f 4947 4948 4949 4943
f 4947 4946 4950 4951
f 4947 4951 4952 4948
f 4952 4953 4954 4948
f 4952 4951 4955 4956
f 4952 4956 4957 4953
f 4957 4958 4959 4953
f 4957 4956 4960 4961
f 4957 4961 4962 4958
f 4962 4963 4964 4958
f 4962 4961 4965 4966
f 4962 4966 4967 4963
f 4967 4968 4969 4963
f 4967 4966 4970 4971
f 4967 4971 4972 4968
f 4972 4973 4974 4968
f 4972 4971 4975 4976
f 4972 4976 4977 4973
f 4977 4978 4979 4973
f 4977 4976 4980 4981
f 4977 4981 4982 4978
f 4982 4983 4984 4978
f 4982 4981 4985 4986
f 4982 4986 4987 4983
f 4987 4988 4989 4983
f 4987 4986 4990 4991
f 4987 4991 4992 4988
f 4992 4993 4994 4988
f 4992 4991 4995 4996
f 4992 4996 4997 4993
f 4997 4998 4999 4993
f 4997 4996 5000 5001
f 4997 5001 5002 4998
f 5002 5003 5004 4998
f 5002 5001 5005 5006
f 5002 5006 5007 5003
f 5007 5008 5009 5003
f 5007 5006 5010 5011
f 5007 5011 5012 5008
f 5012 5011 232 231
f 5012 231 234 2351
f 5012 2351 2349 5008
f 5011 5010 5013 232
f 5013 5010 5014 5015
f 5013 5015 5016 5017
f 5013 5017 226 232
f 5017 5016 5018 5019
f 5017 5019 227 226
f 5019 5018 5020 5021
f 5019 5021 5022 227
f 5022 5023 228 227
f 5022 5021 5024 5025
f 5022 5025 5026 5023
f 5026 5027 5028 5023
f 5026 5025 5029 5030
f 5026 5030 5031 5027
f 5031 5032 5033 5027
f 5031 5030 5034 5035
f 5031 5035 5036 5032
f 5036 5037 5038 5032
f 5036 5035 5039 5040
f 5036 5040 5041 5037
f 5041 5042 5043 5037
f 5041 5040 5044 5045
f 5041 5045 5046 5042
f 5046 5047 5048 5042
f 5046 5045 5049 5050
f 5046 5050 5051 5047
f 5051 5052 5053 5047
f 5051 5050 5054 5055
f 5051 5055 5056 5052
f 5056 5057 5058 5052
f 5056 5055 3653 3652
f 5056 3652 3659 5057
f 5058 2390 2386 2385
f 5058 2385 5053 5052
f 5058 5057 5059 2390
f 5059 2395 2391 2390
f 5059 5057 3659 3658
f 5059 3658 3664 2395
f 5055 5054 3646 3653
f 5054 5050 5049 3643
f 5054 3643 3642 3646
f 5053 2385 2381 2380
f 5053 2380 5048 5047
f 5049 5045 5044 3639
f 5049 3639 3638 3643
f 5048 2380 2376 2375
f 5048 2375 5043 5042
f 5044 5040 5039 5060
f 5044 5060 3640 3639
f 5060 5039 5061 5062
f 5060 5062 3634 3640
f 5062 5061 5063 3631
f 5062 3631 3630 3634
f 5063 5061 5034 5064
f 5063 5064 5065 3628
f 5063 3628 3627 3631
f 5065 5064 5029 5066
f 5065 5066 5067 3625
f 5065 3625 3624 3628
f 5067 5066 5024 5068
f 5067 5068 5069 3622
f 5067 3622 3621 3625
f 5069 5068 5020 5070
f 5069 5070 5071 3619
f 5069 3619 3618 3622
f 5071 5070 5072 5073
f 5071 5073 5074 3616
f 5071 3616 3615 3619
f 5074 5073 5075 5076
f 5074 5076 5077 3613
f 5074 3613 3612 3616
f 5077 5076 5078 5079
f 5077 5079 5080 3610
f 5077 3610 3609 3613
f 5080 5079 5081 5082
f 5080 5082 5083 3607
f 5080 3607 3606 3610
f 5083 5082 5084 5085
f 5083 5085 5086 3604
f 5083 3604 3603 3607
f 5086 5085 5087 5088
f 5086 5088 5089 3601
f 5086 3601 3600 3604
f 5089 5088 5090 5091
f 5089 5091 5092 3598
f 5089 3598 3597 3601
f 5092 5091 5093 5094
f 5092 5094 5095 3595
f 5092 3595 3594 3598
f 5095 5094 5096 5097
f 5095 5097 5098 3592
f 5095 3592 3591 3595
f 5098 5097 5099 5100
f 5098 5100 5101 3589
f 5098 3589 3588 3592
f 5101 5100 5102 5103
f 5101 5103 5104 3586
f 5101 3586 3585 3589
f 5104 5103 5105 5106
f 5104 5106 5107 3583
f 5104 3583 3582 3586
f 5107 5106 5108 5109
f 5107 5109 5110 3580
f 5107 3580 3579 3583
f 5110 5109 5111 5112
f 5110 5112 5113 3577
f 5110 3577 3576 3580
f 5113 5112 5114 5115
f 5113 5115 5116 3574
f 5113 3574 3573 3577
f 5116 5115 5117 5118
f 5116 5118 5119 3571
f 5116 3571 3570 3574
f 5119 5118 5120 5121
f 5119 5121 5122 3568
f 5119 3568 3567 3571
f 5122 5121 5123 5124
f 5122 5124 5125 3565
f 5122 3565 3564 3568
f 5125 5124 5126 5127
f 5125 5127 5128 3562
f 5125 3562 3561 3565
f 5128 5127 5129 5130
f 5128 5130 5131 3559
f 5128 3559 3558 3562
f 5131 5130 5132 5133
f 5131 5133 5134 3556
f 5131 3556 3555 3559
f 5134 5133 5135 5136
f 5134 5136 5137 3553
f 5134 3553 3552 3556
f 5137 5136 5138 5139
f 5137 5139 5140 3550
f 5137 3550 3549 3553
f 5140 5139 5141 5142
f 5140 5142 5143 3547
f 5140 3547 3546 3550
f 5143 5142 5144 5145
f 5143 5145 5146 3544
f 5143 3544 3543 3547
f 5146 5145 5147 5148
f 5146 5148 5149 3541
f 5146 3541 3540 3544
f 5149 5148 5150 5151
f 5149 5151 5152 3538
f 5149 3538 3537 3541
f 5152 5151 5153 5154
f 5152 5154 5155 3535
f 5152 3535 3534 3538
f 5155 5154 5156 5157
f 5155 5157 5158 3532
f 5155 3532 3531 3535
f 5158 5157 5159 5160
f 5158 5160 5161 3529
f 5158 3529 3528 3532
f 5161 5160 5162 5163
f 5161 5163 5164 3526
f 5161 3526 3525 3529
f 5164 5163 5165 5166
f 5164 5166 5167 3523
f 5164 3523 3522 3526
f 5167 5166 5168 5169
f 5167 5169 5170 3520
f 5167 3520 3519 3523
f 5170 5169 5171 5172
f 5170 5172 5173 3517
f 5170 3517 3516 3520
f 5173 5172 5174 5175
f 5173 5175 5176 3514
f 5173 3514 3513 3517
f 5176 5175 5177 5178
f 5176 5178 5179 3511
f 5176 3511 3510 3514
f 5179 5178 5180 5181
f 5179 5181 5182 3508
f 5179 3508 3507 3511
f 5182 5181 5183 5184
f 5182 5184 5185 3505
f 5182 3505 3504 3508
f 5185 5184 5186 5187
f 5185 5187 5188 3502
f 5185 3502 3501 3505
f 5188 5187 5189 5190
f 5188 5190 5191 3499
f 5188 3499 3498 3502
f 5191 5190 5192 5193
f 5191 5193 5194 3496
f 5191 3496 3495 3499
f 5194 5193 5195 5196
f 5194 5196 5197 3493
f 5194 3493 3492 3496
f 5197 5196 5198 5199
f 5197 5199 5200 3490
f 5197 3490 3489 3493
f 5200 5199 5201 5202
f 5200 5202 5203 3487
f 5200 3487 3486 3490
f 5203 5202 5204 5205
f 5203 5205 5206 3484
f 5203 3484 3483 3487
f 5206 5205 5207 5208
f 5206 5208 5209 3481
f 5206 3481 3480 3484
f 5209 5208 5210 5211
f 5209 5211 5212 3478
f 5209 3478 3477 3481
f 5212 5211 5213 5214
f 5212 5214 5215 3475
f 5212 3475 3474 3478
f 5215 5214 5216 5217
f 5215 5217 5218 3472
f 5215 3472 3471 3475
f 5218 5217 5219 5220
f 5218 5220 5221 3469
f 5218 3469 3468 3472
f 5221 5220 5222 5223
f 5221 5223 5224 3466
f 5221 3466 3465 3469
f 5224 5223 5225 5226
f 5224 5226 5227 3463
f 5224 3463 3462 3466
f 5227 5226 333 332
f 5227 332 341 3459
f 5227 3459 3458 3463
f 5226 5225 5228 333
f 5228 5229 5230 5231
f 5228 5231 334 333
f 5228 5225 5232 5229
f 5232 5233 5234 5229
f 5232 5225 5223 5222
f 5232 5222 5235 5233
f 5235 5236 5237 5233
f 5235 5222 5220 5219
f 5235 5219 5238 5236
f 5238 5239 5240 5236
f 5238 5219 5217 5216
f 5238 5216 5241 5239
f 5241 5242 5243 5239
f 5241 5216 5214 5213
f 5241 5213 5244 5242
f 5244 5245 5246 5242
f 5244 5213 5211 5210
f 5244 5210 5247 5245
f 5247 5248 5249 5245
f 5247 5210 5208 5207
f 5247 5207 5250 5248
f 5250 5251 5252 5248
f 5250 5207 5205 5204
f 5250 5204 5253 5251
f 5253 5254 5255 5251
f 5253 5204 5202 5201
f 5253 5201 5256 5254
f 5256 5257 5258 5254
f 5256 5201 5199 5198
f 5256 5198 5259 5257
f 5259 5260 5261 5257
f 5259 5198 5196 5195
f 5259 5195 5262 5260
f 5262 5263 5264 5260
f 5262 5195 5193 5192
f 5262 5192 5265 5263
f 5265 5266 5267 5263
f 5265 5192 5190 5189
f 5265 5189 5268 5266
f 5268 5269 5270 5266
f 5268 5189 5187 5186
f 5268 5186 5271 5269
f 5271 5272 5273 5269
f 5271 5186 5184 5183
f 5271 5183 5274 5272
f 5274 5275 5276 5272
f 5274 5183 5181 5180
f 5274 5180 5277 5275
f 5277 5278 5279 5275
f 5277 5180 5178 5177
f 5277 5177 5280 5278
f 5280 5281 5282 5278
f 5280 5177 5175 5174
f 5280 5174 5283 5281
f 5283 5284 5285 5281
f 5283 5174 5172 5171
f 5283 5171 5286 5284
f 5286 5287 5288 5284
f 5286 5171 5169 5168
f 5286 5168 5289 5287
f 5289 5290 5291 5287
f 5289 5168 5166 5165
f 5289 5165 5292 5290
f 5292 5293 5294 5290
f 5292 5165 5163 5162
f 5292 5162 5295 5293
f 5295 5296 5297 5293
f 5295 5162 5160 5159
f 5295 5159 5298 5296
f 5298 5299 5300 5296
f 5298 5159 5157 5156
f 5298 5156 5301 5299
f 5301 5302 5303 5299
f 5301 5156 5154 5153
f 5301 5153 5304 5302
f 5304 5305 5306 5302
f 5304 5153 5151 5150
f 5304 5150 5307 5305
f 5307 5308 5309 5305
f 5307 5150 5148 5147
f 5307 5147 5310 5308
f 5310 5311 5312 5308
f 5310 5147 5145 5144
f 5310 5144 5313 5311
f 5313 5314 5315 5311
f 5313 5144 5142 5141
f 5313 5141 5316 5314
f 5316 5317 5318 5314
f 5316 5141 5139 5138
f 5316 5138 5319 5317
f 5319 5320 5321 5317
f 5319 5138 5136 5135
f 5319 5135 5322 5320
f 5322 5323 5324 5320
f 5322 5135 5133 5132
f 5322 5132 5325 5323
f 5325 5326 5327 5323
f 5325 5132 5130 5129
f 5325 5129 5328 5326
f 5328 5329 5330 5326
f 5328 5129 5127 5126
f 5328 5126 5331 5329
f 5331 5332 5333 5329
f 5331 5126 5124 5123
f 5331 5123 5334 5332
f 5334 5335 5336 5332
f 5334 5123 5121 5120
f 5334 5120 5337 5335
f 5337 5338 5339 5335
f 5337 5120 5118 5117
f 5337 5117 5340 5338
f 5340 5341 5342 5338
f 5340 5117 5115 5114
f 5340 5114 5343 5341
f 5343 5344 5345 5341
f 5343 5114 5112 5111
f 5343 5111 5346 5344
f 5346 5347 5348 5344
f 5346 5111 5109 5108
f 5346 5108 5349 5347
f 5349 5350 5351 5347
f 5349 5108 5106 5105
f 5349 5105 5352 5350
f 5352 5353 5354 5350
f 5352 5105 5103 5102
f 5352 5102 5355 5353
f 5355 5356 5357 5353
f 5355 5102 5100 5099
f 5355 5099 5358 5356
f 5358 5359 5360 5356
f 5358 5099 5097 5096
f 5358 5096 5361 5359
f 5361 5362 5363 5359
f 5361 5096 5094 5093
f 5361 5093 5364 5362
f 5364 5365 5366 5362
f 5364 5093 5091 5090
f 5364 5090 5367 5365
f 5367 5368 5369 5365
f 5367 5090 5088 5087
f 5367 5087 5370 5368
f 5370 5371 5372 5368
f 5370 5087 5085 5084
f 5370 5084 5373 5371
f 5373 5374 5375 5371
f 5373 5084 5082 5081
f 5373 5081 5376 5374
f 5376 5377 5378 5374
f 5376 5081 5079 5078
f 5376 5078 5379 5377
f 5379 5380 5381 5377
f 5379 5078 5076 5075
f 5379 5075 5382 5380
f 5382 5016 5015 5380
f 5382 5075 5073 5072
f 5382 5072 5018 5016
f 5381 5014 5005 5383
f 5381 5383 5378 5377
f 5381 5380 5015 5014
f 5383 5005 5001 5000
f 5383 5000 5384 5378
f 5384 5000 4996 4995
f 5384 4995 5385 5375
f 5384 5375 5374 5378
f 5385 4995 4991 4990
f 5385 4990 5386 5372
f 5385 5372 5371 5375
f 5386 4990 4986 4985
f 5386 4985 5387 5369
f 5386 5369 5368 5372
f 5387 4985 4981 4980
f 5387 4980 5388 5366
f 5387 5366 5365 5369
f 5388 4980 4976 4975
f 5388 4975 5389 5363
f 5388 5363 5362 5366
f 5389 4975 4971 4970
f 5389 4970 5390 5360
f 5389 5360 5359 5363
f 5390 4970 4966 4965
f 5390 4965 5391 5357
f 5390 5357 5356 5360
f 5391 4965 4961 4960
f 5391 4960 5392 5354
f 5391 5354 5353 5357
f 5392 4960 4956 4955
f 5392 4955 5393 5351
f 5392 5351 5350 5354
f 5393 4955 4951 4950
f 5393 4950 5394 5348
f 5393 5348 5347 5351
f 5394 4950 4946 4945
f 5394 4945 5395 5345
f 5394 5345 5344 5348
f 5395 4945 4941 4940
f 5395 4940 5396 5342
f 5395 5342 5341 5345
f 5396 4940 4936 4935
f 5396 4935 5397 5339
f 5396 5339 5338 5342
f 5397 4935 4931 4930
f 5397 4930 5398 5336
f 5397 5336 5335 5339
f 5398 4930 4926 4925
f 5398 4925 5399 5333
f 5398 5333 5332 5336
f 5399 4925 4921 4920
f 5399 4920 5400 5330
f 5399 5330 5329 5333
f 5400 4920 4916 4915
f 5400 4915 5401 5327
f 5400 5327 5326 5330
f 5401 4915 4911 4910
f 5401 4910 5402 5324
f 5401 5324 5323 5327
f 5402 4910 4906 4905
f 5402 4905 5403 5321
f 5402 5321 5320 5324
f 5403 4905 4901 4900
f 5403 4900 5404 5318
f 5403 5318 5317 5321
f 5404 4900 4896 4895
f 5404 4895 5405 5315
f 5404 5315 5314 5318
f 5405 4895 4891 4890
f 5405 4890 5406 5312
f 5405 5312 5311 5315
f 5406 4890 4886 4885
f 5406 4885 5407 5309
f 5406 5309 5308 5312
f 5407 4885 4881 4880
f 5407 4880 5408 5306
f 5407 5306 5305 5309
f 5408 4880 4876 4875
f 5408 4875 5409 5303
f 5408 5303 5302 5306
f 5409 4875 4871 4870
f 5409 4870 5410 5300
f 5409 5300 5299 5303
f 5410 4870 4866 4865
f 5410 4865 5411 5297
f 5410 5297 5296 5300
f 5411 4865 4861 4860
f 5411 4860 5412 5294
f 5411 5294 5293 5297
f 5412 4860 4856 4855
f 5412 4855 5413 5291
f 5412 5291 5290 5294
f 5413 4855 4851 4850
f 5413 4850 5414 5288
f 5413 5288 5287 5291
f 5414 4850 4846 4845
f 5414 4845 5415 5285
f 5414 5285 5284 5288
f 5415 4845 4841 4840
f 5415 4840 5416 5282
f 5415 5282 5281 5285
f 5416 4840 4836 4835
f 5416 4835 5417 5279
f 5416 5279 5278 5282
f 5417 4835 4831 4830
f 5417 4830 5418 5276
f 5417 5276 5275 5279
f 5418 4830 4826 4825
f 5418 4825 5419 5273
f 5418 5273 5272 5276
f 5419 4825 4821 4820
f 5419 4820 5420 5270
f 5419 5270 5269 5273
f 5420 4820 4816 4815
f 5420 4815 5421 5267
f 5420 5267 5266 5270
f 5421 4815 4811 4810
f 5421 4810 5422 5264
f 5421 5264 5263 5267
f 5422 4810 4806 4805
f 5422 4805 5423 5261
f 5422 5261 5260 5264
f 5423 4805 4801 4800
f 5423 4800 5424 5258
f 5423 5258 5257 5261
f 5424 4800 4796 4795
f 5424 4795 5425 5255
f 5424 5255 5254 5258
f 5425 4795 4791 4790
f 5425 4790 5426 5252
f 5425 5252 5251 5255
f 5426 4790 4786 4785
f 5426 4785 5427 5249
f 5426 5249 5248 5252
f 5427 4785 4781 4780
f 5427 4780 5428 5246
f 5427 5246 5245 5249
f 5428 4780 4776 4775
f 5428 4775 5429 5243
f 5428 5243 5242 5246
f 5429 4775 4771 4770
f 5429 4770 5430 5240
f 5429 5240 5239 5243
f 5430 4770 4766 4765
f 5430 4765 5431 5237
f 5430 5237 5236 5240
f 5431 4765 4761 4760
f 5431 4760 5432 5234
f 5431 5234 5233 5237
f 5432 4760 4756 4755
f 5432 4755 5433 5230
f 5432 5230 5229 5234
f 5433 4755 4751 4750
f 5433 4750 5434 5435
f 5433 5435 5231 5230
f 5435 5434 5436 335
f 5435 335 334 5231
f 5436 5434 4745 5437
f 5436 5437 5438 5439
f 5436 5439 336 335
f 5439 5438 5440 5441
f 5439 5441 337 336
f 5441 5440 5442 5443
f 5441 5443 5444 337
f 5444 5443 5445 5446
f 5444 5446 5447 5448
f 5444 5448 338 337
f 5448 5447 5449 5450
f 5448 5450 339 338
f 5450 5449 5451 5452
f 5450 5452 5453 339
f 5453 5452 5454 79
f 5453 79 78 5455
f 5453 5455 340 339
f 5455 78 82 5456
f 5455 5456 341 340
f 5456 82 3454 3460
f 5456 3460 3459 341
f 5454 2104 2100 2099
f 5454 2099 80 79
f 5454 5452 5451 2104
f 5451 2109 2105 2104
f 5451 5449 5457 2109
f 5457 2114 2110 2109
f 5457 5449 5447 5458
f 5457 5458 5459 2114
f 5459 2117 2115 2114
f 5459 5458 5460 5461
f 5459 5461 5462 2117
f 5462 5461 5463 5464
f 5462 5464 5465 5466
f 5462 5466 2118 2117
f 5466 5465 5467 5468
f 5466 5468 2119 2118
f 5468 5467 5469 5470
f 5468 5470 245 2119
f 5470 5469 5471 5472
f 5470 5472 241 245
f 5472 5471 5473 5474
f 5472 5474 242 241
f 5474 5473 1272 1271
f 5474 1271 5475 242
f 5475 5476 239 242
f 5475 1271 1269 1268
f 5475 1268 5477 5476
f 5477 5478 5479 5476
f 5477 1268 1266 5480
f 5477 5480 5481 5478
f 5481 285 282 5478
f 5481 5480 5482 5483
f 5481 5483 5484 285
f 5484 5485 286 285
f 5484 5483 5486 5487
f 5484 5487 5488 5485
f 5488 5489 5490 5485
f 5488 5487 5491 5492
f 5488 5492 5493 5489
f 5493 5494 5495 5489
f 5493 5492 5496 5497
f 5493 5497 5498 5494
f 5498 188 187 5494
f 5498 5497 5499 5500
f 5498 5500 189 188
f 5500 5499 5501 5502
f 5500 5502 5503 189
f 5503 5504 184 189
f 5503 5502 5505 5506
f 5503 5506 5507 5504
f 5507 5508 5509 5504
f 5507 5506 5510 5511
f 5507 5511 5512 5508
f 5512 5513 5514 5508
f 5512 5511 5515 5516
f 5512 5516 5517 5513
f 5517 5518 5519 5513
f 5517 5516 5520 5521
f 5517 5521 5522 5518
f 5522 5523 5524 5518
f 5522 5521 5525 5526
f 5522 5526 5527 5523
f 5527 5528 5529 5523
f 5527 5526 5530 5531
f 5527 5531 5532 5528
f 5532 5533 5534 5528
f 5532 5531 5535 5536
f 5532 5536 5537 5533
f 5537 5538 5539 5533
f 5537 5536 5540 5541
f 5537 5541 5542 5538
f 5542 5543 5544 5538
f 5542 5541 5545 5546
f 5542 5546 5547 5543
f 5547 5548 5549 5543
f 5547 5546 1215 1214
f 5547 1214 5550 5548
f 5550 5551 5552 5548
f 5550 1214 1211 1209
f 5550 1209 1207 5551
f 5552 5553 5554 5555
f 5552 5555 5549 5548
f 5552 5551 5556 5553
f 5556 5557 5558 5553
f 5556 5551 1207 1206
f 5556 1206 1205 5557
f 5558 5559 5560 5561
f 5558 5561 5554 5553
f 5558 5557 5562 5559
f 5562 5563 5564 5559
f 5562 5557 1205 5565
f 5562 5565 5566 5563
f 5566 5567 5568 5563
f 5566 5565 1202 5569
f 5566 5569 5570 5567
f 5570 5571 5572 5567
f 5570 5569 1199 5573
f 5570 5573 5574 5571
f 5574 5575 5576 5571
f 5574 5573 1196 5577
f 5574 5577 5578 5575
f 5578 5579 5580 5575
f 5578 5577 1193 5581
f 5578 5581 5582 5579
f 5582 5581 1190 5583
f 5582 5583 5584 4683
f 5582 4683 4681 5579
f 5584 5583 5585 5586
f 5584 5586 5587 4686
f 5584 4686 4684 4683
f 5587 5586 5588 5589
f 5587 5589 5590 5591
f 5587 5591 4687 4686
f 5591 5590 5592 5593
f 5591 5593 4688 4687
f 5593 5592 5594 5595
f 5593 5595 4690 4688
f 5595 5594 5596 4695
f 5595 4695 4692 4690
f 5596 5594 5597 5598
f 5596 5598 5599 4698
f 5596 4698 4696 4695
f 5599 5598 5600 5601
f 5599 5601 5602 4701
f 5599 4701 4699 4698
f 5602 5601 5603 5604
f 5602 5604 5605 4704
f 5602 4704 4702 4701
f 5605 5604 5606 5607
f 5605 5607 4709 4707
f 5605 4707 4705 4704
f 5607 5606 5608 5609
f 5607 5609 4711 4709
f 5609 5608 5610 5611
f 5609 5611 5612 4711
f 5612 4715 4712 4711
f 5612 5611 5613 5614
f 5612 5614 5615 4715
f 5615 4720 4716 4715
f 5615 5614 5616 5617
f 5615 5617 5618 4720
f 5618 4725 4721 4720
f 5618 5617 5619 5620
f 5618 5620 5621 4725
f 5621 4730 4726 4725
f 5621 5620 5622 5623
f 5621 5623 5624 4730
f 5624 4735 4731 4730
f 5624 5623 5625 5626
f 5624 5626 5627 4735
f 5627 4740 4736 4735
f 5627 5626 5440 5438
f 5627 5438 5437 4740
f 5626 5625 5442 5440
f 5625 5623 5622 5628
f 5625 5628 5629 5442
f 5629 5628 5630 5631
f 5629 5631 5632 5445
f 5629 5445 5443 5442
f 5632 5631 5633 5463
f 5632 5463 5461 5460
f 5632 5460 5446 5445
f 5633 5631 5630 5634
f 5633 5634 5635 5636
f 5633 5636 5464 5463
f 5636 5635 5637 5638
f 5636 5638 5465 5464
f 5638 5637 5639 5640
f 5638 5640 5467 5465
f 5640 5639 5641 5642
f 5640 5642 5469 5467
f 5642 5641 5643 5644
f 5642 5644 5471 5469
f 5644 5643 5645 5646
f 5644 5646 5473 5471
f 5646 5645 1275 1273
f 5646 1273 1272 5473
f 5645 5643 5647 5648
f 5645 5648 1277 1275
f 5648 5647 182 181
f 5648 181 183 1277
f 5647 5649 5650 182
f 5647 5643 5641 5649
f 5650 5651 5652 5653
f 5650 5653 177 182
f 5650 5649 5654 5651
f 5654 5655 5656 5651
f 5654 5649 5641 5639
f 5654 5639 5637 5655
f 5656 5657 5658 5659
f 5656 5659 5652 5651
f 5656 5655 5660 5657
f 5660 5661 5662 5657
f 5660 5655 5637 5635
f 5660 5635 5634 5661
f 5662 5619 5617 5616
f 5662 5616 5658 5657
f 5662 5661 5663 5619
f 5663 5622 5620 5619
f 5663 5661 5634 5630
f 5663 5630 5628 5622
f 5659 5658 5613 5664
f 5659 5664 5665 5652
f 5665 5666 5653 5652
f 5665 5664 5610 5667
f 5665 5667 5668 5666
f 5668 5669 178 5666
f 5668 5667 5670 5671
f 5668 5671 5672 5669
f 5672 5673 5674 5669
f 5672 5671 5675 5676
f 5672 5676 5677 5673
f 5677 5678 5679 5673
f 5677 5676 5680 5681
f 5677 5681 5682 5678
f 5682 5683 5684 5678
f 5682 5681 5685 5686
f 5682 5686 5687 5683
f 5687 5688 5689 5683
f 5687 5686 5690 5691
f 5687 5691 5692 5688
f 5692 5693 5694 5688
f 5692 5691 5589 5588
f 5692 5588 5695 5693
f 5695 1186 1184 5693
f 5695 5588 5586 5585
f 5695 5585 1188 1186
f 5694 1182 1181 5696
f 5694 5696 5689 5688
f 5694 5693 1184 1182
f 5696 1181 1180 5697
f 5696 5697 5698 5689
f 5698 5697 5699 5700
f 5698 5700 5701 5684
f 5698 5684 5683 5689
f 5701 5700 5702 5703
f 5701 5703 5704 5679
f 5701 5679 5678 5684
f 5704 5703 5705 180
f 5704 180 179 5674
f 5704 5674 5673 5679
f 5705 5706 5707 5708
f 5705 5708 175 180
f 5705 5703 5702 5706
f 5708 5707 1161 164
f 5708 164 163 175
f 5707 1164 1162 1161
f 5707 5706 5709 1164
f 5709 1167 1165 1164
f 5709 5706 5702 5710
f 5709 5710 5711 1167
f 5711 1170 1168 1167
f 5711 5710 5699 5712
f 5711 5712 1177 1170
f 5712 5699 5697 1180
f 5712 1180 1178 1177
f 5710 5702 5700 5699
f 5691 5690 5590 5589
f 5690 5686 5685 5713
f 5690 5713 5592 5590
f 5713 5685 5714 5597
f 5713 5597 5594 5592
f 5714 5685 5681 5680
f 5714 5680 5715 5600
f 5714 5600 5598 5597
f 5715 5680 5676 5675
f 5715 5675 5716 5603
f 5715 5603 5601 5600
f 5716 5675 5671 5670
f 5716 5670 5608 5606
f 5716 5606 5604 5603
f 5674 179 178 5669
f 5670 5667 5610 5608
f 5666 178 177 5653
f 5664 5613 5611 5610
f 5658 5616 5614 5613
f 5585 5583 1190 1188
f 5581 1193 1191 1190
f 5580 4679 4677 4676
f 5580 4676 5576 5575
f 5580 5579 4681 4679
f 5577 1196 1194 1193
f 5576 4676 4674 5717
f 5576 5717 5572 5571
f 5717 4674 4672 5718
f 5717 5718 5719 5572
f 5719 5718 5720 5721
f 5719 5721 5722 5568
f 5719 5568 5567 5572
f 5722 5721 5723 5724
f 5722 5724 5725 5564
f 5722 5564 5563 5568
f 5725 5724 5726 5727
f 5725 5727 5728 5560
f 5725 5560 5559 5564
f 5728 5727 5729 5730
f 5728 5730 5731 5732
f 5728 5732 5561 5560
f 5732 5731 5733 5734
f 5732 5734 5554 5561
f 5734 5733 5735 5736
f 5734 5736 5555 5554
f 5736 5735 5737 5738
f 5736 5738 5549 5555
f 5738 5737 5739 5544
f 5738 5544 5543 5549
f 5739 5737 5740 5741
f 5739 5741 5742 5539
f 5739 5539 5538 5544
f 5742 5741 5743 5744
f 5742 5744 5745 5534
f 5742 5534 5533 5539
f 5745 5744 5746 5747
f 5745 5747 5748 5529
f 5745 5529 5528 5534
f 5748 5747 5749 5750
f 5748 5750 5751 5524
f 5748 5524 5523 5529
f 5751 5750 5752 5753
f 5751 5753 5754 5519
f 5751 5519 5518 5524
f 5754 5753 5755 5756
f 5754 5756 5757 5514
f 5754 5514 5513 5519
f 5757 5756 5758 5759
f 5757 5759 185 5509
f 5757 5509 5508 5514
f 5759 5758 5760 5761
f 5759 5761 186 185
f 5761 5760 5762 5763
f 5761 5763 187 186
f 5763 5762 5764 5495
f 5763 5495 5494 187
f 5764 5765 289 5490
f 5764 5490 5489 5495
f 5764 5762 5766 5765
f 5766 5767 5768 5765
f 5766 5762 5760 5769
f 5766 5769 5770 5767
f 5770 5771 5772 5767
f 5770 5769 5773 5774
f 5770 5774 5775 5771
f 5775 5776 5777 5771
f 5775 5774 5778 5779
f 5775 5779 5780 5776
f 5780 5781 5782 5776
f 5780 5779 5783 5784
f 5780 5784 5785 5781
f 5785 5786 5787 5781
f 5785 5784 5788 5789
f 5785 5789 5790 5786
f 5790 5791 5792 5786
f 5790 5789 5793 5794
f 5790 5794 5795 5791
f 5795 5796 5797 5791
f 5795 5794 5798 5799
f 5795 5799 5800 5796
f 5800 5801 5802 5796
f 5800 5799 5803 5804
f 5800 5804 5805 5801
f 5805 5806 5807 5801
f 5805 5804 5733 5731
f 5805 5731 5730 5806
f 5807 5808 5809 5810
f 5807 5810 5802 5801
f 5807 5806 5811 5808
f 5811 5812 5813 5808
f 5811 5806 5730 5729
f 5811 5729 5814 5812
f 5814 5815 5816 5812
f 5814 5729 5727 5726
f 5814 5726 5817 5815
f 5817 5818 5819 5815
f 5817 5726 5724 5723
f 5817 5723 5820 5818
f 5820 4670 5821 5818
f 5820 5723 5721 5720
f 5820 5720 4671 4670
f 5821 4667 5822 5823
f 5821 5823 5819 5818
f 5821 4670 4668 4667
f 5823 5822 5824 5825
f 5823 5825 5826 5819
f 5826 5825 5827 5828
f 5826 5828 5829 5816
f 5826 5816 5815 5819
f 5829 5828 5830 5831
f 5829 5831 5832 5813
f 5829 5813 5812 5816
f 5832 5831 5833 5834
f 5832 5834 5835 5809
f 5832 5809 5808 5813
f 5835 5834 5836 5837
f 5835 5837 5838 5839
f 5835 5839 5810 5809
f 5839 5838 5840 5841
f 5839 5841 5802 5810
f 5841 5840 5842 5797
f 5841 5797 5796 5802
f 5842 5840 5843 5844
f 5842 5844 5845 5792
f 5842 5792 5791 5797
f 5845 5844 5846 5847
f 5845 5847 5848 5787
f 5845 5787 5786 5792
f 5848 5847 295 5849
f 5848 5849 5850 5782
f 5848 5782 5781 5787
f 5850 5849 5851 5852
f 5850 5852 5853 5777
f 5850 5777 5776 5782
f 5853 5852 5854 5855
f 5853 5855 5856 5772
f 5853 5772 5771 5777
f 5856 5855 5857 288
f 5856 288 287 5768
f 5856 5768 5767 5772
f 5857 5858 5859 5860
f 5857 5860 283 288
f 5857 5855 5854 5858
f 5860 5861 284 283
f 5860 5859 5862 5861
f 5862 5863 5864 5861
f 5862 5859 5865 5866
f 5862 5866 5867 5863
f 5867 5868 5869 5863
f 5867 5866 5870 5871
f 5867 5871 5872 5868
f 5872 5873 5874 5868
f 5872 5871 5875 5876
f 5872 5876 5877 5873
f 5877 5878 5879 5873
f 5877 5876 5880 5881
f 5877 5881 5882 5878
f 5882 5883 5884 5878
f 5882 5881 5885 5886
f 5882 5886 5887 5883
f 5887 5888 5889 5883
f 5887 5886 5890 5891
f 5887 5891 5892 5888
f 5892 5893 5894 5888
f 5892 5891 5895 5896
f 5892 5896 5897 5893
f 5897 5898 5899 5893
f 5897 5896 5900 5901
f 5897 5901 5902 5898
f 5902 5903 5904 5898
f 5902 5901 5905 5906
f 5902 5906 5907 5903
f 5907 5908 5909 5903
f 5907 5906 5910 5911
f 5907 5911 5912 5908
f 5912 5913 5914 5908
f 5912 5911 5915 5916
f 5912 5916 5917 5913
f 5917 5918 5919 5913
f 5917 5916 5920 5921
f 5917 5921 5922 5918
f 5922 5923 5924 5918
f 5922 5921 5925 5926
f 5922 5926 5927 5923
f 5927 5928 5929 5923
f 5927 5926 5930 5931
f 5927 5931 5932 5928
f 5932 5933 5934 5928
f 5932 5931 5935 5936
f 5932 5936 5937 5933
f 5937 5938 5939 5933
f 5937 5936 5940 5941
f 5937 5941 5942 5938
f 5942 5943 5944 5938
f 5942 5941 5945 5946
f 5942 5946 5947 5943
f 5947 5948 5949 5943
f 5947 5946 5950 5951
f 5947 5951 5952 5948
f 5952 5953 5954 5948
f 5952 5951 5955 5956
f 5952 5956 5957 5953
f 5957 5958 5959 5953
f 5957 5956 5960 5961
f 5957 5961 5962 5958
f 5962 5963 5964 5958
f 5962 5961 5965 5966
f 5962 5966 5967 5963
f 5967 5968 5969 5963
f 5967 5966 5970 5971
f 5967 5971 5972 5968
f 5972 5973 5974 5968
f 5972 5971 5975 5976
f 5972 5976 5977 5973
f 5977 5978 5979 5973
f 5977 5976 5980 5981
f 5977 5981 5982 5978
f 5982 5983 5984 5978
f 5982 5981 5985 5986
f 5982 5986 5987 5983
f 5987 5988 5989 5983
f 5987 5986 5990 5991
f 5987 5991 5992 5988
f 5992 5993 5994 5988
f 5992 5991 5995 5996
f 5992 5996 5997 5993
f 5997 5998 5999 5993
f 5997 5996 6000 6001
f 5997 6001 6002 5998
f 6002 6003 6004 5998
f 6002 6001 6005 6006
f 6002 6006 6007 6003
f 6007 6008 6009 6003
f 6007 6006 6010 6011
f 6007 6011 6012 6008
f 6012 6013 6014 6008
f 6012 6011 6015 6016
f 6012 6016 6017 6013
f 6017 6018 6019 6013
f 6017 6016 6020 6021
f 6017 6021 6022 6018
f 6022 6023 6024 6018
f 6022 6021 6025 6026
f 6022 6026 6027 6023
f 6027 6028 6029 6023
f 6027 6026 6030 6031
f 6027 6031 6032 6028
f 6032 6033 6034 6028
f 6032 6031 6035 6036
f 6032 6036 6037 6033
f 6037 6038 6039 6033
f 6037 6036 6040 6041
f 6037 6041 6042 6038
f 6042 6043 6044 6038
f 6042 6041 6045 6046
f 6042 6046 6047 6043
f 6047 6048 6049 6043
f 6047 6046 6050 6051
f 6047 6051 6052 6048
f 6052 6053 6054 6048
f 6052 6051 6055 6056
f 6052 6056 6057 6053
f 6057 6058 6059 6053
f 6057 6056 6060 6061
f 6057 6061 6062 6058
f 6062 6063 6064 6058
f 6062 6061 6065 6066
f 6062 6066 6067 6063
f 6067 6068 6069 6063
f 6067 6066 6070 6071
f 6067 6071 6072 6068
f 6072 6073 6074 6068
f 6072 6071 6075 6076
f 6072 6076 6077 6073
f 6077 6078 6079 6073
f 6077 6076 6080 6081
f 6077 6081 6082 6078
f 6082 6083 6084 6078
f 6082 6081 6085 6086
f 6082 6086 6087 6083
f 6087 6088 6089 6083
f 6087 6086 6090 6091
f 6087 6091 6092 6088
f 6092 6093 6094 6088
f 6092 6091 6095 6096
f 6092 6096 6097 6093
f 6097 6098 6099 6093
f 6097 6096 6100 6101
f 6097 6101 6102 6098
f 6102 6103 6104 6098
f 6102 6101 6105 6106
f 6102 6106 6107 6103
f 6107 6108 6109 6103
f 6107 6106 6110 6111
f 6107 6111 6112 6108
f 6112 6113 6114 6108
f 6112 6111 4537 4535
f 6112 4535 4533 6113
f 6114 6115 6116 6117
f 6114 6117 6109 6108
f 6114 6113 6118 6115
f 6118 6119 6120 6115
f 6118 6113 4533 4532
f 6118 4532 4531 6119
f 6120 6121 6122 6123
f 6120 6123 6116 6115
f 6120 6119 6124 6121
f 6124 6125 6126 6121
f 6124 6119 4531 6127
f 6124 6127 4516 6125
f 6127 4531 4529 4519
f 6127 4519 4517 4516
f 6126 6128 6129 6130
f 6126 6130 6122 6121
f 6126 6125 4512 6128
f 6130 6129 6131 6132
f 6130 6132 6133 6122
f 6133 6132 6134 6135
f 6133 6135 6136 6137
f 6133 6137 6123 6122
f 6137 6136 6138 6139
f 6137 6139 6116 6123
f 6139 6138 6140 6141
f 6139 6141 6117 6116
f 6141 6140 6142 6143
f 6141 6143 6109 6117
f 6143 6142 6144 6104
f 6143 6104 6103 6109
f 6144 6142 6145 6146
f 6144 6146 6147 6099
f 6144 6099 6098 6104
f 6147 6146 6148 6149
f 6147 6149 6150 6094
f 6147 6094 6093 6099
f 6150 6149 198 197
f 6150 197 6151 6089
f 6150 6089 6088 6094
f 6151 197 196 6152
f 6151 6152 6153 6084
f 6151 6084 6083 6089
f 6153 6152 6154 6155
f 6153 6155 6156 6079
f 6153 6079 6078 6084
f 6156 6155 6157 6158
f 6156 6158 6159 6074
f 6156 6074 6073 6079
f 6159 6158 6160 6161
f 6159 6161 6162 6069
f 6159 6069 6068 6074
f 6162 6161 6163 6164
f 6162 6164 6165 6064
f 6162 6064 6063 6069
f 6165 6164 6166 6167
f 6165 6167 6168 6059
f 6165 6059 6058 6064
f 6168 6167 6169 6170
f 6168 6170 6171 6054
f 6168 6054 6053 6059
f 6171 6170 6172 6173
f 6171 6173 6174 6049
f 6171 6049 6048 6054
f 6174 6173 6175 6176
f 6174 6176 6177 6044
f 6174 6044 6043 6049
f 6177 6176 6178 6179
f 6177 6179 6180 6039
f 6177 6039 6038 6044
f 6180 6179 6181 6182
f 6180 6182 6183 6034
f 6180 6034 6033 6039
f 6183 6182 6184 6185
f 6183 6185 6186 6029
f 6183 6029 6028 6034
f 6186 6185 6187 6188
f 6186 6188 6189 6024
f 6186 6024 6023 6029
f 6189 6188 6190 6191
f 6189 6191 6192 6019
f 6189 6019 6018 6024
f 6192 6191 6193 6194
f 6192 6194 6195 6014
f 6192 6014 6013 6019
f 6195 6194 6196 6197
f 6195 6197 6198 6009
f 6195 6009 6008 6014
f 6198 6197 65 64
f 6198 64 63 6004
f 6198 6004 6003 6009
f 6197 6196 6199 65
f 6199 6200 6201 6202
f 6199 6202 66 65
f 6199 6196 6203 6200
f 6203 6204 6205 6200
f 6203 6196 6194 6193
f 6203 6193 6206 6204
f 6206 6207 6208 6204
f 6206 6193 6191 6190
f 6206 6190 6209 6207
f 6209 6210 6211 6207
f 6209 6190 6188 6187
f 6209 6187 6212 6210
f 6212 6213 6214 6210
f 6212 6187 6185 6184
f 6212 6184 6215 6213
f 6215 6216 6217 6213
f 6215 6184 6182 6181
f 6215 6181 6218 6216
f 6218 6219 6220 6216
f 6218 6181 6179 6178
f 6218 6178 6221 6219
f 6221 6222 6223 6219
f 6221 6178 6176 6175
f 6221 6175 6224 6222
f 6224 6225 6226 6222
f 6224 6175 6173 6172
f 6224 6172 6227 6225
f 6227 6228 6229 6225
f 6227 6172 6170 6169
f 6227 6169 6230 6228
f 6230 6231 6232 6228
f 6230 6169 6167 6166
f 6230 6166 6233 6231
f 6233 6234 6235 6231
f 6233 6166 6164 6163
f 6233 6163 6236 6234
f 6236 6237 6238 6234
f 6236 6163 6161 6160
f 6236 6160 6239 6237
f 6239 6240 6241 6237
f 6239 6160 6158 6157
f 6239 6157 6242 6240
f 6242 6243 6244 6240
f 6242 6157 6155 6154
f 6242 6154 200 6243
f 6244 6245 6246 6247
f 6244 6247 6241 6240
f 6244 6243 6248 6245
f 6248 6249 6250 6245
f 6248 6243 200 199
f 6248 199 204 6249
f 6250 6251 4202 6252
f 6250 6252 6246 6245
f 6250 6249 6253 6251
f 6253 6254 4205 6251
f 6253 6249 204 6255
f 6253 6255 260 6254
f 6255 204 203 6256
f 6255 6256 255 260
f 6256 6257 256 255
f 6256 203 205 6257
f 6257 6258 6259 256
f 6257 205 6260 6258
f 6260 6261 6262 6258
f 6260 205 202 6263
f 6260 6263 6264 6261
f 6264 4485 4483 6261
f 6264 6263 6265 6266
f 6264 6266 6267 4485
f 6267 4488 4486 4485
f 6267 6266 6268 6269
f 6267 6269 6270 4488
f 6270 4491 4489 4488
f 6270 6269 6271 6272
f 6270 6272 6273 4491
f 6273 4494 4492 4491
f 6273 6272 6136 6135
f 6273 6135 6134 4494
f 6272 6271 6138 6136
f 6271 6269 6268 6274
f 6271 6274 6140 6138
f 6274 6268 6275 6145
f 6274 6145 6142 6140
f 6275 6268 6266 6265
f 6275 6265 201 6148
f 6275 6148 6146 6145
f 6265 6263 202 201
f 6262 4481 4479 6276
f 6262 6276 6259 6258
f 6262 6261 4483 4481
f 6276 4479 4477 6277
f 6276 6277 6278 6259
f 6278 6277 4474 6279
f 6278 6279 253 252
f 6278 252 256 6259
f 6279 4474 4472 4471
f 6279 4471 6280 253
f 6280 4471 4469 4468
f 6280 4468 6281 6282
f 6280 6282 254 253
f 6282 6281 6283 6284
f 6282 6284 261 254
f 6284 6285 6286 261
f 6284 6283 6287 6285
f 6287 6288 6289 6285
f 6287 6283 6290 6291
f 6287 6291 6292 6288
f 6292 6293 6294 6288
f 6292 6291 6295 6296
f 6292 6296 6297 6293
f 6297 6298 6299 6293
f 6297 6296 6300 6301
f 6297 6301 6302 6298
f 6302 6303 6304 6298
f 6302 6301 6305 6306
f 6302 6306 6307 6303
f 6307 6308 6309 6303
f 6307 6306 6310 6311
f 6307 6311 6312 6308
f 6312 4235 4233 6308
f 6312 6311 6313 6314
f 6312 6314 4237 4235
f 6314 6313 6315 6316
f 6314 6316 4239 4237
f 6316 6315 6317 6318
f 6316 6318 4241 4239
f 6318 6317 6319 6320
f 6318 6320 6321 4241
f 6321 4244 4242 4241
f 6321 6320 6322 6323
f 6321 6323 6324 4244
f 6324 4247 4245 4244
f 6324 6323 6325 6326
f 6324 6326 4249 4247
f 6326 6325 4435 6327
f 6326 6327 4251 4249
f 6327 4435 4433 4432
f 6327 4432 4253 4251
f 6325 6323 6322 4438
f 6325 4438 4436 4435
f 6322 6320 6319 4441
f 6322 4441 4439 4438
f 6319 6317 4446 4444
f 6319 4444 4442 4441
f 6317 6315 4448 4446
f 6315 6313 4450 4448
f 6313 6311 6310 4450
f 6310 6306 6305 4453
f 6310 4453 4451 4450
f 6309 4231 4229 4228
f 6309 4228 6304 6303
f 6309 6308 4233 4231
f 6305 6301 6300 4456
f 6305 4456 4454 4453
f 6304 4228 4226 4225
f 6304 4225 6299 6298
f 6300 6296 6295 4459
f 6300 4459 4457 4456
f 6299 4225 4223 4222
f 6299 4222 6294 6293
f 6295 6291 6290 4462
f 6295 4462 4460 4459
f 6294 4222 4220 4219
f 6294 4219 6289 6288
f 6290 6283 6281 4465
f 6290 4465 4463 4462
f 6289 4219 4217 4216
f 6289 4216 6286 6285
f 6286 4216 4214 4213
f 6286 4213 257 261
f 6281 4468 4466 4465
f 6277 4477 4475 4474
f 6254 4208 4206 4205
f 6254 260 259 4208
f 6252 4202 4200 4199
f 6252 4199 6328 6246
f 6328 4199 4197 4196
f 6328 4196 6329 6330
f 6328 6330 6247 6246
f 6330 6329 6331 6332
f 6330 6332 6241 6247
f 6332 6331 6333 6238
f 6332 6238 6237 6241
f 6333 6331 6334 6335
f 6333 6335 6336 6235
f 6333 6235 6234 6238
f 6336 6335 6337 6338
f 6336 6338 6339 6232
f 6336 6232 6231 6235
f 6339 6338 6340 6341
f 6339 6341 6342 6229
f 6339 6229 6228 6232
f 6342 6341 6343 6344
f 6342 6344 6345 6226
f 6342 6226 6225 6229
f 6345 6344 6346 6347
f 6345 6347 6348 6223
f 6345 6223 6222 6226
f 6348 6347 6349 6350
f 6348 6350 6351 6220
f 6348 6220 6219 6223
f 6351 6350 6352 6353
f 6351 6353 6354 6217
f 6351 6217 6216 6220
f 6354 6353 6355 6356
f 6354 6356 6357 6214
f 6354 6214 6213 6217
f 6357 6356 6358 6359
f 6357 6359 6360 6211
f 6357 6211 6210 6214
f 6360 6359 6361 6362
f 6360 6362 6363 6208
f 6360 6208 6207 6211
f 6363 6362 6364 6365
f 6363 6365 6366 6205
f 6363 6205 6204 6208
f 6366 6365 6367 6368
f 6366 6368 6369 6201
f 6366 6201 6200 6205
f 6369 6368 6370 6371
f 6369 6371 6372 6373
f 6369 6373 6202 6201
f 6373 6372 6374 67
f 6373 67 66 6202
f 6374 6375 6376 6377
f 6374 6377 58 67
f 6374 6372 6378 6375
f 6378 6379 251 6380
f 6378 6380 6381 6375
f 6378 6372 6371 6379
f 6381 6382 6383 6384
f 6381 6384 6376 6375
f 6381 6380 6385 6382
f 6385 6386 6387 6382
f 6385 6380 251 248
f 6385 248 247 6386
f 6387 4132 4128 4127
f 6387 4127 6383 6382
f 6387 6386 6388 4132
f 6388 4137 4133 4132
f 6388 6386 247 6389
f 6388 6389 6390 4137
f 6390 4142 4138 4137
f 6390 6389 6391 6392
f 6390 6392 6393 4142
f 6393 4147 4143 4142
f 6393 6392 6394 6395
f 6393 6395 6396 4147
f 6396 4152 4148 4147
f 6396 6395 6397 6398
f 6396 6398 6399 4152
f 6399 4157 4153 4152
f 6399 6398 6400 6401
f 6399 6401 6402 4157
f 6402 4162 4158 4157
f 6402 6401 6403 6404
f 6402 6404 4167 4162
f 6404 6403 6405 6406
f 6404 6406 4168 4167
f 6406 6405 6407 6408
f 6406 6408 4170 4168
f 6408 6407 6409 6410
f 6408 6410 4172 4170
f 6410 6409 6411 6412
f 6410 6412 4174 4172
f 6412 6411 6352 6413
f 6412 6413 4176 4174
f 6413 6352 6350 6349
f 6413 6349 4178 4176
f 6411 6409 6414 6355
f 6411 6355 6353 6352
f 6414 6409 6407 6415
f 6414 6415 6416 6358
f 6414 6358 6356 6355
f 6416 6415 6417 6418
f 6416 6418 6419 6361
f 6416 6361 6359 6358
f 6419 6418 6420 6421
f 6419 6421 6422 6364
f 6419 6364 6362 6361
f 6422 6421 6423 6424
f 6422 6424 6425 6367
f 6422 6367 6365 6364
f 6425 6424 6426 6427
f 6425 6427 6428 6370
f 6425 6370 6368 6367
f 6428 6427 250 249
f 6428 249 251 6379
f 6428 6379 6371 6370
f 6427 6426 6429 250
f 6429 6394 6392 6391
f 6429 6391 246 250
f 6429 6426 6430 6394
f 6430 6397 6395 6394
f 6430 6426 6424 6423
f 6430 6423 6431 6397
f 6431 6400 6398 6397
f 6431 6423 6421 6420
f 6431 6420 6432 6400
f 6432 6403 6401 6400
f 6432 6420 6418 6417
f 6432 6417 6405 6403
f 6417 6415 6407 6405
f 6391 6389 247 246
f 6384 6383 4122 6433
f 6384 6433 6434 6376
f 6434 6433 4117 6435
f 6434 6435 6436 6437
f 6434 6437 6377 6376
f 6437 6436 6438 59
f 6437 59 58 6377
f 6438 6436 6439 6440
f 6438 6440 6441 6442
f 6438 6442 60 59
f 6442 6441 6443 6444
f 6442 6444 61 60
f 6444 6443 6445 6446
f 6444 6446 6447 61
f 6447 6446 6448 6449
f 6447 6449 5994 6450
f 6447 6450 62 61
f 6450 5994 5993 5999
f 6450 5999 63 62
f 6449 6448 6451 5989
f 6449 5989 5988 5994
f 6451 6448 6452 6453
f 6451 6453 6454 5984
f 6451 5984 5983 5989
f 6454 6453 6455 6456
f 6454 6456 6457 5979
f 6454 5979 5978 5984
f 6457 6456 6458 6459
f 6457 6459 6460 5974
f 6457 5974 5973 5979
f 6460 6459 6461 6462
f 6460 6462 6463 5969
f 6460 5969 5968 5974
f 6463 6462 6464 6465
f 6463 6465 6466 5964
f 6463 5964 5963 5969
f 6466 6465 6467 6468
f 6466 6468 6469 5959
f 6466 5959 5958 5964
f 6469 6468 6470 6471
f 6469 6471 6472 5954
f 6469 5954 5953 5959
f 6472 6471 6473 6474
f 6472 6474 6475 5949
f 6472 5949 5948 5954
f 6475 6474 6476 6477
f 6475 6477 6478 5944
f 6475 5944 5943 5949
f 6478 6477 6479 6480
f 6478 6480 6481 5939
f 6478 5939 5938 5944
f 6481 6480 6482 6483
f 6481 6483 6484 5934
f 6481 5934 5933 5939
f 6484 6483 6485 6486
f 6484 6486 6487 5929
f 6484 5929 5928 5934
f 6487 6486 6488 6489
f 6487 6489 6490 5924
f 6487 5924 5923 5929
f 6490 6489 6491 6492
f 6490 6492 6493 5919
f 6490 5919 5918 5924
f 6493 6492 6494 6495
f 6493 6495 6496 5914
f 6493 5914 5913 5919
f 6496 6495 6497 6498
f 6496 6498 6499 5909
f 6496 5909 5908 5914
f 6499 6498 6500 6501
f 6499 6501 6502 5904
f 6499 5904 5903 5909
f 6502 6501 6503 6504
f 6502 6504 6505 5899
f 6502 5899 5898 5904
f 6505 6504 6506 6507
f 6505 6507 6508 5894
f 6505 5894 5893 5899
f 6508 6507 6509 6510
f 6508 6510 6511 5889
f 6508 5889 5888 5894
f 6511 6510 6512 6513
f 6511 6513 6514 5884
f 6511 5884 5883 5889
f 6514 6513 135 6515
f 6514 6515 6516 5879
f 6514 5879 5878 5884
f 6516 6515 6517 6518
f 6516 6518 6519 5874
f 6516 5874 5873 5879
f 6519 6518 6520 6521
f 6519 6521 6522 5869
f 6519 5869 5868 5874
f 6522 6521 6523 6524
f 6522 6524 6525 5864
f 6522 5864 5863 5869
f 6525 6524 6526 6527
f 6525 6527 280 284
f 6525 284 5861 5864
f 6527 6526 6528 6529
f 6527 6529 281 280
f 6529 6528 236 240
f 6529 240 5479 281
f 6528 3905 237 236
f 6528 6526 6530 3905
f 6530 3909 3906 3905
f 6530 6526 6524 6523
f 6530 6523 6531 3909
f 6531 3914 3910 3909
f 6531 6523 6521 6520
f 6531 6520 6532 3914
f 6532 129 3915 3914
f 6532 6520 6518 6517
f 6532 6517 130 129
f 6517 6515 135 130
f 6513 6512 136 135
f 6512 6533 137 136
f 6512 6510 6509 6533
f 6533 6534 6535 137
f 6533 6509 6536 6534
f 6536 6537 6538 6534
f 6536 6509 6507 6506
f 6536 6506 6539 6537
f 6539 6540 6541 6537
f 6539 6506 6504 6503
f 6539 6503 6542 6540
f 6542 6543 6544 6540
f 6542 6503 6501 6500
f 6542 6500 6545 6543
f 6545 6546 6547 6543
f 6545 6500 6498 6497
f 6545 6497 6548 6546
f 6548 6549 6550 6546
f 6548 6497 6495 6494
f 6548 6494 6551 6549
f 6551 6552 6553 6549
f 6551 6494 6492 6491
f 6551 6491 6554 6552
f 6554 6555 6556 6552
f 6554 6491 6489 6488
f 6554 6488 6557 6555
f 6557 6558 6559 6555
f 6557 6488 6486 6485
f 6557 6485 6560 6558
f 6560 6561 6562 6558
f 6560 6485 6483 6482
f 6560 6482 6563 6561
f 6563 300 299 6561
f 6563 6482 6480 6479
f 6563 6479 6564 300
f 6564 6565 296 300
f 6564 6479 6477 6476
f 6564 6476 6566 6565
f 6566 6567 6568 6565
f 6566 6476 6474 6473
f 6566 6473 6569 6567
f 6569 6570 6571 6567
f 6569 6473 6471 6470
f 6569 6470 6572 6570
f 6572 6573 6574 6570
f 6572 6470 6468 6467
f 6572 6467 6575 6573
f 6575 6576 6577 6573
f 6575 6467 6465 6464
f 6575 6464 6578 6576
f 6578 6579 6580 6576
f 6578 6464 6462 6461
f 6578 6461 6581 6579
f 6581 6582 6583 6579
f 6581 6461 6459 6458
f 6581 6458 6584 6582
f 6584 6585 6586 6582
f 6584 6458 6456 6455
f 6584 6455 6587 6585
f 6587 6588 6589 6585
f 6587 6455 6453 6452
f 6587 6452 6445 6588
f 6589 6590 6591 6592
f 6589 6592 6586 6585
f 6589 6588 6593 6590
f 6593 6594 6595 6590
f 6593 6588 6445 6443
f 6593 6443 6441 6594
f 6595 4102 4098 4097
f 6595 4097 6591 6590
f 6595 6594 6596 4102
f 6596 4107 4103 4102
f 6596 6594 6441 6440
f 6596 6440 6439 4107
f 6592 6591 4092 6597
f 6592 6597 6598 6586
f 6598 6597 4087 6599
f 6598 6599 6600 6583
f 6598 6583 6582 6586
f 6600 6599 4082 6601
f 6600 6601 6602 6580
f 6600 6580 6579 6583
f 6602 6601 4077 6603
f 6602 6603 6604 6577
f 6602 6577 6576 6580
f 6604 6603 4072 6605
f 6604 6605 6606 6574
f 6604 6574 6573 6577
f 6606 6605 4067 6607
f 6606 6607 6608 6571
f 6606 6571 6570 6574
f 6608 6607 4062 6609
f 6608 6609 297 6568
f 6608 6568 6567 6571
f 6609 4062 4058 4057
f 6609 4057 298 297
f 6607 4067 4063 4062
f 6605 4072 4068 4067
f 6603 4077 4073 4072
f 6601 4082 4078 4077
f 6599 4087 4083 4082
f 6597 4092 4088 4087
f 6591 4097 4093 4092
f 6568 297 296 6565
f 6562 302 4043 4042
f 6562 4042 6559 6558
f 6562 6561 299 302
f 6559 4042 4038 4037
f 6559 4037 6556 6555
f 6556 4037 4033 4032
f 6556 4032 6553 6552
f 6553 4032 4028 4027
f 6553 4027 6550 6549
f 6550 4027 4023 4022
f 6550 4022 6547 6546
f 6547 4022 4018 4017
f 6547 4017 6544 6543
f 6544 4017 4013 4012
f 6544 4012 6541 6540
f 6541 4012 4008 4007
f 6541 4007 6538 6537
f 6538 4007 4003 4002
f 6538 4002 6535 6534
f 6535 4002 3998 3997
f 6535 3997 131 137
f 6452 6448 6446 6445
f 6439 4112 4108 4107
f 6439 6436 6435 4112
f 6435 4117 4113 4112
f 6433 4122 4118 4117
f 6383 4127 4123 4122
f 6349 6347 6346 4178
f 6346 4181 4179 4178
f 6346 6344 6343 4181
f 6343 4184 4182 4181
f 6343 6341 6340 4184
f 6340 4187 4185 4184
f 6340 6338 6337 4187
f 6337 4190 4188 4187
f 6337 6335 6334 4190
f 6334 4193 4191 4190
f 6334 6331 6329 4193
f 6329 4196 4194 4193
f 6251 4205 4203 4202
f 6154 6152 196 200
f 6149 6148 201 198
f 6134 4497 4495 4494
f 6134 6132 6131 4497
f 6131 4500 4498 4497
f 6131 6129 6610 4500
f 6610 4503 4501 4500
f 6610 6129 6128 4509
f 6610 4509 4505 4503
f 6128 4512 4510 4509
f 6125 4516 4513 4512
f 6111 6110 4539 4537
f 6110 6106 6105 6611
f 6110 6611 4541 4539
f 6611 6105 6612 4546
f 6611 4546 4543 4541
f 6612 6105 6101 6100
f 6612 6100 6613 4549
f 6612 4549 4547 4546
f 6613 6100 6096 6095
f 6613 6095 6614 4552
f 6613 4552 4550 4549
f 6614 6095 6091 6090
f 6614 6090 6615 4555
f 6614 4555 4553 4552
f 6615 6090 6086 6085
f 6615 6085 6616 4558
f 6615 4558 4556 4555
f 6616 6085 6081 6080
f 6616 6080 6617 4561
f 6616 4561 4559 4558
f 6617 6080 6076 6075
f 6617 6075 6618 4564
f 6617 4564 4562 4561
f 6618 6075 6071 6070
f 6618 6070 6619 4567
f 6618 4567 4565 4564
f 6619 6070 6066 6065
f 6619 6065 6620 4570
f 6619 4570 4568 4567
f 6620 6065 6061 6060
f 6620 6060 6621 4573
f 6620 4573 4571 4570
f 6621 6060 6056 6055
f 6621 6055 6622 4576
f 6621 4576 4574 4573
f 6622 6055 6051 6050
f 6622 6050 6623 4579
f 6622 4579 4577 4576
f 6623 6050 6046 6045
f 6623 6045 6624 4582
f 6623 4582 4580 4579
f 6624 6045 6041 6040
f 6624 6040 6625 4585
f 6624 4585 4583 4582
f 6625 6040 6036 6035
f 6625 6035 6626 4588
f 6625 4588 4586 4585
f 6626 6035 6031 6030
f 6626 6030 6627 4591
f 6626 4591 4589 4588
f 6627 6030 6026 6025
f 6627 6025 6628 4594
f 6627 4594 4592 4591
f 6628 6025 6021 6020
f 6628 6020 6629 4597
f 6628 4597 4595 4594
f 6629 6020 6016 6015
f 6629 6015 6630 4600
f 6629 4600 4598 4597
f 6630 6015 6011 6010
f 6630 6010 6631 4603
f 6630 4603 4601 4600
f 6631 6010 6006 6005
f 6631 6005 6632 4606
f 6631 4606 4604 4603
f 6632 6005 6001 6000
f 6632 6000 6633 4609
f 6632 4609 4607 4606
f 6633 6000 5996 5995
f 6633 5995 6634 4612
f 6633 4612 4610 4609
f 6634 5995 5991 5990
f 6634 5990 6635 4615
f 6634 4615 4613 4612
f 6635 5990 5986 5985
f 6635 5985 6636 6637
f 6635 6637 4616 4615
f 6637 6636 6638 6639
f 6637 6639 4617 4616
f 6639 6638 6640 4622
f 6639 4622 4619 4617
f 6640 6638 6641 6642
f 6640 6642 6643 4625
f 6640 4625 4623 4622
f 6643 6642 6644 6645
f 6643 6645 6646 4628
f 6643 4628 4626 4625
f 6646 6645 6647 6648
f 6646 6648 6649 4631
f 6646 4631 4629 4628
f 6649 6648 6650 6651
f 6649 6651 6652 4634
f 6649 4634 4632 4631
f 6652 6651 6653 6654
f 6652 6654 6655 4637
f 6652 4637 4635 4634
f 6655 6654 6656 6657
f 6655 6657 6658 4640
f 6655 4640 4638 4637
f 6658 6657 6659 6660
f 6658 6660 6661 4643
f 6658 4643 4641 4640
f 6661 6660 6662 6663
f 6661 6663 6664 4646
f 6661 4646 4644 4643
f 6664 6663 6665 6666
f 6664 6666 6667 4649
f 6664 4649 4647 4646
f 6667 6666 6668 6669
f 6667 6669 6670 4652
f 6667 4652 4650 4649
f 6670 6669 6671 6672
f 6670 6672 4658 4656
f 6670 4656 4653 4652
f 6672 6671 5925 6673
f 6672 6673 6674 4658
f 6674 6673 5920 6675
f 6674 6675 6676 4661
f 6674 4661 4659 4658
f 6676 6675 5915 6677
f 6676 6677 6678 6679
f 6676 6679 4662 4661
f 6679 6678 6680 6681
f 6679 6681 4663 4662
f 6681 6680 6682 6683
f 6681 6683 4665 4663
f 6683 6682 5824 5822
f 6683 5822 4667 4665
f 6682 6680 6684 6685
f 6682 6685 6686 5824
f 6686 6685 6687 6688
f 6686 6688 6689 5827
f 6686 5827 5825 5824
f 6689 6688 6690 6691
f 6689 6691 6692 5830
f 6689 5830 5828 5827
f 6692 6691 6693 6694
f 6692 6694 6695 5833
f 6692 5833 5831 5830
f 6695 6694 6696 6697
f 6695 6697 6698 5836
f 6695 5836 5834 5833
f 6698 6697 6699 6700
f 6698 6700 6701 6702
f 6698 6702 5837 5836
f 6702 6701 6703 6704
f 6702 6704 5838 5837
f 6704 6703 6705 5843
f 6704 5843 5840 5838
f 6705 6703 6706 291
f 6705 291 290 5846
f 6705 5846 5844 5843
f 6706 6707 6708 6709
f 6706 6709 292 291
f 6706 6703 6701 6707
f 6709 6708 6710 6711
f 6709 6711 293 292
f 6711 6710 5865 6712
f 6711 6712 6713 293
f 6713 6712 5858 5854
f 6713 5854 5852 5851
f 6713 5851 294 293
f 6712 5865 5859 5858
f 6710 5870 5866 5865
f 6710 6708 6714 5870
f 6714 5875 5871 5870
f 6714 6708 6707 6715
f 6714 6715 6716 5875
f 6716 5880 5876 5875
f 6716 6715 6700 6699
f 6716 6699 6717 5880
f 6717 5885 5881 5880
f 6717 6699 6697 6696
f 6717 6696 6718 5885
f 6718 5890 5886 5885
f 6718 6696 6694 6693
f 6718 6693 6719 5890
f 6719 5895 5891 5890
f 6719 6693 6691 6690
f 6719 6690 6720 5895
f 6720 5900 5896 5895
f 6720 6690 6688 6687
f 6720 6687 6721 5900
f 6721 5905 5901 5900
f 6721 6687 6685 6684
f 6721 6684 6722 5905
f 6722 5910 5906 5905
f 6722 6684 6680 6678
f 6722 6678 6677 5910
f 6715 6707 6701 6700
f 6677 5915 5911 5910
f 6675 5920 5916 5915
f 6673 5925 5921 5920
f 6671 5930 5926 5925
f 6671 6669 6668 5930
f 6668 5935 5931 5930
f 6668 6666 6665 5935
f 6665 5940 5936 5935
f 6665 6663 6662 5940
f 6662 5945 5941 5940
f 6662 6660 6659 5945
f 6659 5950 5946 5945
f 6659 6657 6656 5950
f 6656 5955 5951 5950
f 6656 6654 6653 5955
f 6653 5960 5956 5955
f 6653 6651 6650 5960
f 6650 5965 5961 5960
f 6650 6648 6647 5965
f 6647 5970 5966 5965
f 6647 6645 6644 5970
f 6644 5975 5971 5970
f 6644 6642 6641 5975
f 6641 5980 5976 5975
f 6641 6638 6636 5980
f 6636 5985 5981 5980
f 6004 63 5999 5998
f 5851 5849 295 294
f 5847 5846 290 295
f 5804 5803 5735 5733
f 5803 5799 5798 5740
f 5803 5740 5737 5735
f 5798 5794 5793 5743
f 5798 5743 5741 5740
f 5793 5789 5788 5746
f 5793 5746 5744 5743
f 5788 5784 5783 5749
f 5788 5749 5747 5746
f 5783 5779 5778 5752
f 5783 5752 5750 5749
f 5778 5774 5773 5755
f 5778 5755 5753 5752
f 5773 5769 5760 5758
f 5773 5758 5756 5755
f 5768 287 289 5765
f 5720 5718 4672 4671
f 5573 1199 1197 1196
f 5569 1202 1200 1199
f 5565 1205 1203 1202
f 5546 5545 1216 1215
f 5545 5541 5540 6723
f 5545 6723 1218 1216
f 6723 5540 6724 1223
f 6723 1223 1220 1218
f 6724 5540 5536 5535
f 6724 5535 6725 1226
f 6724 1226 1224 1223
f 6725 5535 5531 5530
f 6725 5530 6726 1229
f 6725 1229 1227 1226
f 6726 5530 5526 5525
f 6726 5525 6727 1232
f 6726 1232 1230 1229
f 6727 5525 5521 5520
f 6727 5520 6728 1235
f 6727 1235 1233 1232
f 6728 5520 5516 5515
f 6728 5515 6729 1238
f 6728 1238 1236 1235
f 6729 5515 5511 5510
f 6729 5510 6730 1241
f 6729 1241 1239 1238
f 6730 5510 5506 5505
f 6730 5505 6731 1244
f 6730 1244 1242 1241
f 6731 5505 5502 5501
f 6731 5501 6732 1247
f 6731 1247 1245 1244
f 6732 5501 5499 6733
f 6732 6733 6734 1250
f 6732 1250 1248 1247
f 6734 6733 5496 6735
f 6734 6735 6736 1253
f 6734 1253 1251 1250
f 6736 6735 5491 6737
f 6736 6737 6738 1256
f 6736 1256 1254 1253
f 6738 6737 5486 6739
f 6738 6739 1263 1259
f 6738 1259 1257 1256
f 6739 5486 5483 5482
f 6739 5482 1264 1263
f 6737 5491 5487 5486
f 6735 5496 5492 5491
f 6733 5499 5497 5496
f 5509 185 184 5504
f 5490 289 286 5485
f 5482 5480 1266 1264
f 5479 240 239 5476
f 5479 5478 282 281
f 5460 5458 5447 5446
f 5437 4745 4741 4740
f 5434 4750 4746 4745
f 5072 5070 5020 5018
f 5068 5024 5021 5020
f 5066 5029 5025 5024
f 5064 5034 5030 5029
f 5061 5039 5035 5034
f 5043 2375 2371 2370
f 5043 2370 5038 5037
f 5038 2370 2367 2366
f 5038 2366 5033 5032
f 5033 2366 2364 6740
f 5033 6740 5028 5027
f 6740 2364 2362 6741
f 6740 6741 229 5028
f 6741 2362 2360 2359
f 6741 2359 230 229
f 5028 229 228 5023
f 5014 5010 5006 5005
f 5009 6742 5004 5003
f 5009 5008 2349 2348
f 5009 2348 2347 6742
f 6742 6743 6744 5004
f 6742 2347 6745 6743
f 6745 2336 6746 6743
f 6745 2347 2344 2343
f 6745 2343 2337 2336
f 6746 2333 166 6747
f 6746 6747 6744 6743
f 6746 2336 2334 2333
f 6747 166 165 6748
f 6747 6748 4999 6744
f 6748 165 169 4994
f 6748 4994 4993 4999
f 6744 4999 4998 5004
f 4994 169 4989 4988
f 4989 169 168 6749
f 4989 6749 4984 4983
f 6749 168 171 6750
f 6749 6750 6751 4984
f 6751 6750 6752 6753
f 6751 6753 6754 4979
f 6751 4979 4978 4984
f 6754 6753 6755 6756
f 6754 6756 6757 4974
f 6754 4974 4973 4979
f 6757 6756 6758 6759
f 6757 6759 6760 4969
f 6757 4969 4968 4974
f 6760 6759 6761 6762
f 6760 6762 6763 4964
f 6760 4964 4963 4969
f 6763 6762 6764 6765
f 6763 6765 6766 4959
f 6763 4959 4958 4964
f 6766 6765 6767 6768
f 6766 6768 6769 4954
f 6766 4954 4953 4959
f 6769 6768 6770 6771
f 6769 6771 6772 4949
f 6769 4949 4948 4954
f 6772 6771 6773 6774
f 6772 6774 6775 4944
f 6772 4944 4943 4949
f 6775 6774 6776 6777
f 6775 6777 6778 4939
f 6775 4939 4938 4944
f 6778 6777 6779 6780
f 6778 6780 6781 4934
f 6778 4934 4933 4939
f 6781 6780 6782 6783
f 6781 6783 6784 4929
f 6781 4929 4928 4934
f 6784 6783 6785 6786
f 6784 6786 6787 4924
f 6784 4924 4923 4929
f 6787 6786 6788 6789
f 6787 6789 6790 4919
f 6787 4919 4918 4924
f 6790 6789 6791 6792
f 6790 6792 6793 4914
f 6790 4914 4913 4919
f 6793 6792 6794 6795
f 6793 6795 6796 4909
f 6793 4909 4908 4914
f 6796 6795 6797 6798
f 6796 6798 6799 4904
f 6796 4904 4903 4909
f 6799 6798 6800 6801
f 6799 6801 6802 4899
f 6799 4899 4898 4904
f 6802 6801 6803 6804
f 6802 6804 6805 4894
f 6802 4894 4893 4899
f 6805 6804 6806 6807
f 6805 6807 6808 4889
f 6805 4889 4888 4894
f 6808 6807 6809 6810
f 6808 6810 6811 4884
f 6808 4884 4883 4889
f 6811 6810 6812 6813
f 6811 6813 6814 4879
f 6811 4879 4878 4884
f 6814 6813 6815 6816
f 6814 6816 6817 4874
f 6814 4874 4873 4879
f 6817 6816 6818 6819
f 6817 6819 6820 4869
f 6817 4869 4868 4874
f 6820 6819 6821 6822
f 6820 6822 6823 4864
f 6820 4864 4863 4869
f 6823 6822 6824 6825
f 6823 6825 6826 4859
f 6823 4859 4858 4864
f 6826 6825 6827 6828
f 6826 6828 6829 4854
f 6826 4854 4853 4859
f 6829 6828 6830 6831
f 6829 6831 6832 4849
f 6829 4849 4848 4854
f 6832 6831 6833 6834
f 6832 6834 6835 4844
f 6832 4844 4843 4849
f 6835 6834 6836 6837
f 6835 6837 6838 4839
f 6835 4839 4838 4844
f 6838 6837 6839 6840
f 6838 6840 6841 4834
f 6838 4834 4833 4839
f 6841 6840 6842 6843
f 6841 6843 6844 4829
f 6841 4829 4828 4834
f 6844 6843 6845 6846
f 6844 6846 6847 4824
f 6844 4824 4823 4829
f 6847 6846 6848 6849
f 6847 6849 6850 4819
f 6847 4819 4818 4824
f 6850 6849 6851 6852
f 6850 6852 6853 4814
f 6850 4814 4813 4819
f 6853 6852 6854 6855
f 6853 6855 6856 4809
f 6853 4809 4808 4814
f 6856 6855 6857 6858
f 6856 6858 6859 4804
f 6856 4804 4803 4809
f 6859 6858 6860 6861
f 6859 6861 6862 4799
f 6859 4799 4798 4804
f 6862 6861 6863 6864
f 6862 6864 6865 4794
f 6862 4794 4793 4799
f 6865 6864 6866 6867
f 6865 6867 6868 4789
f 6865 4789 4788 4794
f 6868 6867 6869 6870
f 6868 6870 6871 4784
f 6868 4784 4783 4789
f 6871 6870 6872 6873
f 6871 6873 6874 4779
f 6871 4779 4778 4784
f 6874 6873 6875 6876
f 6874 6876 6877 4774
f 6874 4774 4773 4779
f 6877 6876 6878 6879
f 6877 6879 6880 4769
f 6877 4769 4768 4774
f 6880 6879 6881 6882
f 6880 6882 6883 4764
f 6880 4764 4763 4769
f 6883 6882 6884 6885
f 6883 6885 6886 4759
f 6883 4759 4758 4764
f 6886 6885 6887 6888
f 6886 6888 6889 4754
f 6886 4754 4753 4759
f 6889 6888 6890 6891
f 6889 6891 6892 4749
f 6889 4749 4748 4754
f 6892 6891 6893 6894
f 6892 6894 6895 4744
f 6892 4744 4743 4749
f 6895 6894 6896 6897
f 6895 6897 6898 4739
f 6895 4739 4738 4744
f 6898 6897 6899 6900
f 6898 6900 6901 4734
f 6898 4734 4733 4739
f 6901 6900 6902 6903
f 6901 6903 6904 4729
f 6901 4729 4728 4734
f 6904 6903 6905 6906
f 6904 6906 6907 4724
f 6904 4724 4723 4729
f 6907 6906 6908 6909
f 6907 6909 153 4719
f 6907 4719 4718 4724
f 6909 6908 2670 6910
f 6909 6910 154 153
f 6910 2670 2666 2665
f 6910 2665 155 154
f 6908 2675 2671 2670
f 6908 6906 6905 2675
f 6905 2680 2676 2675
f 6905 6903 6902 2680
f 6902 2685 2681 2680
f 6902 6900 6899 2685
f 6899 2690 2686 2685
f 6899 6897 6896 2690
f 6896 2695 2691 2690
f 6896 6894 6893 2695
f 6893 2700 2696 2695
f 6893 6891 6890 2700
f 6890 2705 2701 2700
f 6890 6888 6887 2705
f 6887 2710 2706 2705
f 6887 6885 6884 2710
f 6884 2715 2711 2710
f 6884 6882 6881 2715
f 6881 2720 2716 2715
f 6881 6879 6878 2720
f 6878 2725 2721 2720
f 6878 6876 6875 2725
f 6875 2730 2726 2725
f 6875 6873 6872 2730
f 6872 2735 2731 2730
f 6872 6870 6869 2735
f 6869 2740 2736 2735
f 6869 6867 6866 2740
f 6866 2745 2741 2740
f 6866 6864 6863 2745
f 6863 2750 2746 2745
f 6863 6861 6860 2750
f 6860 2755 2751 2750
f 6860 6858 6857 2755
f 6857 2760 2756 2755
f 6857 6855 6854 2760
f 6854 2765 2761 2760
f 6854 6852 6851 2765
f 6851 2770 2766 2765
f 6851 6849 6848 2770
f 6848 2775 2771 2770
f 6848 6846 6845 2775
f 6845 2780 2776 2775
f 6845 6843 6842 2780
f 6842 2785 2781 2780
f 6842 6840 6839 2785
f 6839 2790 2786 2785
f 6839 6837 6836 2790
f 6836 2795 2791 2790
f 6836 6834 6833 2795
f 6833 2800 2796 2795
f 6833 6831 6830 2800
f 6830 2805 2801 2800
f 6830 6828 6827 2805
f 6827 2810 2806 2805
f 6827 6825 6824 2810
f 6824 2815 2811 2810
f 6824 6822 6821 2815
f 6821 2820 2816 2815
f 6821 6819 6818 2820
f 6818 2825 2821 2820
f 6818 6816 6815 2825
f 6815 2830 2826 2825
f 6815 6813 6812 2830
f 6812 2835 2831 2830
f 6812 6810 6809 2835
f 6809 2840 2836 2835
f 6809 6807 6806 2840
f 6806 2845 2841 2840
f 6806 6804 6803 2845
f 6803 2850 2846 2845
f 6803 6801 6800 2850
f 6800 2855 2851 2850
f 6800 6798 6797 2855
f 6797 2860 2856 2855
f 6797 6795 6794 2860
f 6794 2865 2861 2860
f 6794 6792 6791 2865
f 6791 2870 2866 2865
f 6791 6789 6788 2870
f 6788 2875 2871 2870
f 6788 6786 6785 2875
f 6785 2880 2876 2875
f 6785 6783 6782 2880
f 6782 2885 2881 2880
f 6782 6780 6779 2885
f 6779 2890 2886 2885
f 6779 6777 6776 2890
f 6776 2895 2891 2890
f 6776 6774 6773 2895
f 6773 2900 2896 2895
f 6773 6771 6770 2900
f 6770 2905 2901 2900
f 6770 6768 6767 2905
f 6767 2910 2906 2905
f 6767 6765 6764 2910
f 6764 2915 2911 2910
f 6764 6762 6761 2915
f 6761 2920 2916 2915
f 6761 6759 6758 2920
f 6758 2925 2921 2920
f 6758 6756 6755 2925
f 6755 2930 2926 2925
f 6755 6753 6752 2930
f 6752 2935 2931 2930
f 6752 6750 171 2935
f 4719 153 150 4714
f 4432 4430 4429 4253
f 4429 4256 4254 4253
f 4429 4427 4426 4256
f 4426 4259 4257 4256
f 4426 4424 4423 4259
f 4423 4262 4260 4259
f 4423 4421 4420 4262
f 4420 4265 4263 4262
f 4420 4418 4417 4265
f 4417 4268 4266 4265
f 4417 4415 4414 4268
f 4414 4271 4269 4268
f 4414 4412 4411 4271
f 4411 4274 4272 4271
f 4411 4409 4408 4274
f 4408 4277 4275 4274
f 4408 4406 4405 4277
f 4405 4280 4278 4277
f 4405 4402 4400 4280
f 4400 4283 4281 4280
f 4213 4211 258 257
f 4209 4208 259 258
f 4165 977 975 974
f 4057 4053 303 298
f 3997 3993 132 131
f 3983 3919 3917 134
f 3982 57 54 3979
f 3972 3971 74 73
f 3903 2122 243 238
f 3878 3877 2144 2143
f 3877 3873 3872 2149
f 3877 2149 2146 2144
f 3872 3868 3867 2152
f 3872 2152 2150 2149
f 3867 3863 3862 2155
f 3867 2155 2153 2152
f 3866 147 146 3861
f 3862 3859 3858 2158
f 3862 2158 2156 2155
f 3858 3856 6911 2161
f 3858 2161 2159 2158
f 6911 3856 3854 3853
f 6911 3853 6912 2164
f 6911 2164 2162 2161
f 6912 3853 3850 3849
f 6912 3849 6913 2167
f 6912 2167 2165 2164
f 6913 3849 3846 3845
f 6913 3845 6914 2170
f 6913 2170 2168 2167
f 6914 3845 3842 3841
f 6914 3841 6915 2173
f 6914 2173 2171 2170
f 6915 3841 3838 3837
f 6915 3837 6916 2176
f 6915 2176 2174 2173
f 6916 3837 3834 3833
f 6916 3833 6917 2179
f 6916 2179 2177 2176
f 6917 3833 3830 3829
f 6917 3829 6918 2182
f 6917 2182 2180 2179
f 6918 3829 3826 3825
f 6918 3825 6919 2185
f 6918 2185 2183 2182
f 6919 3825 3822 3821
f 6919 3821 6920 2188
f 6919 2188 2186 2185
f 6920 3821 3818 3817
f 6920 3817 6921 2191
f 6920 2191 2189 2188
f 6921 3817 3814 3813
f 6921 3813 6922 2194
f 6921 2194 2192 2191
f 6922 3813 3810 3809
f 6922 3809 6923 2197
f 6922 2197 2195 2194
f 6923 3809 3806 3805
f 6923 3805 6924 2200
f 6923 2200 2198 2197
f 6924 3805 3802 3801
f 6924 3801 6925 2203
f 6924 2203 2201 2200
f 6925 3801 3798 3797
f 6925 3797 6926 2206
f 6925 2206 2204 2203
f 6926 3797 3794 3793
f 6926 3793 6927 2209
f 6926 2209 2207 2206
f 6927 3793 3790 3789
f 6927 3789 6928 2212
f 6927 2212 2210 2209
f 6928 3789 3786 3785
f 6928 3785 6929 2215
f 6928 2215 2213 2212
f 6929 3785 3782 3781
f 6929 3781 6930 2218
f 6929 2218 2216 2215
f 6930 3781 3778 3777
f 6930 3777 6931 2221
f 6930 2221 2219 2218
f 6931 3777 3774 3773
f 6931 3773 6932 2224
f 6931 2224 2222 2221
f 6932 3773 3770 3769
f 6932 3769 6933 2227
f 6932 2227 2225 2224
f 6933 3769 3766 3765
f 6933 3765 6934 2230
f 6933 2230 2228 2227
f 6934 3765 3762 3761
f 6934 3761 6935 2233
f 6934 2233 2231 2230
f 6935 3761 3758 3757
f 6935 3757 6936 2236
f 6935 2236 2234 2233
f 6936 3757 3754 3753
f 6936 3753 6937 2239
f 6936 2239 2237 2236
f 6937 3753 3750 3749
f 6937 3749 6938 2242
f 6937 2242 2240 2239
f 6938 3749 3746 3745
f 6938 3745 6939 2245
f 6938 2245 2243 2242
f 6939 3745 3742 3741
f 6939 3741 6940 2248
f 6939 2248 2246 2245
f 6940 3741 3738 3737
f 6940 3737 6941 2251
f 6940 2251 2249 2248
f 6941 3737 3734 3733
f 6941 3733 6942 2254
f 6941 2254 2252 2251
f 6942 3733 3730 3729
f 6942 3729 6943 2257
f 6942 2257 2255 2254
f 6943 3729 3726 3725
f 6943 3725 6944 2260
f 6943 2260 2258 2257
f 6944 3725 3722 3721
f 6944 3721 6945 2263
f 6944 2263 2261 2260
f 6945 3721 3718 3717
f 6945 3717 6946 2266
f 6945 2266 2264 2263
f 6946 3717 3714 3713
f 6946 3713 6947 2269
f 6946 2269 2267 2266
f 6947 3713 3710 3709
f 6947 3709 6948 2272
f 6947 2272 2270 2269
f 6948 3709 3706 3705
f 6948 3705 6949 2275
f 6948 2275 2273 2272
f 6949 3705 3702 3701
f 6949 3701 6950 2278
f 6949 2278 2276 2275
f 6950 3701 3698 3697
f 6950 3697 6951 2281
f 6950 2281 2279 2278
f 6951 3697 3694 3693
f 6951 3693 6952 2284
f 6951 2284 2282 2281
f 6952 3693 3690 3689
f 6952 3689 6953 2287
f 6952 2287 2285 2284
f 6953 3689 3686 3685
f 6953 3685 6954 2290
f 6953 2290 2288 2287
f 6954 3685 3682 3681
f 6954 3681 6955 2293
f 6954 2293 2291 2290
f 6955 3681 3678 3677
f 6955 3677 6956 2296
f 6955 2296 2294 2293
f 6956 3677 3674 3673
f 6956 3673 2301 2299
f 6956 2299 2297 2296
f 3852 141 2641 2640
f 3848 2640 2636 2635
f 3844 2635 2631 2630
f 3840 2630 2626 2625
f 3836 2625 2621 2620
f 3832 2620 2616 2615
f 3828 2615 2611 2610
f 3824 2610 2606 2605
f 3820 2605 2601 2600
f 3816 2600 2596 2595
f 3812 2595 2591 2590
f 3808 2590 2586 2585
f 3804 2585 2581 2580
f 3800 2580 2576 2575
f 3796 2575 2571 2570
f 3792 2570 2566 2565
f 3788 2565 2561 2560
f 3784 2560 2556 2555
f 3780 2555 2551 2550
f 3776 2550 2546 2545
f 3772 2545 2541 2540
f 3768 2540 2536 2535
f 3764 2535 2531 2530
f 3760 2530 2526 2525
f 3756 2525 2521 2520
f 3752 2520 2516 2515
f 3748 2515 2511 2510
f 3744 2510 2506 2505
f 3740 2505 2501 2500
f 3736 2500 2496 2495
f 3732 2495 2491 2490
f 3728 2490 2486 2485
f 3724 2485 2481 2480
f 3720 2480 2476 2475
f 3716 2475 2471 2470
f 3712 2470 2466 2465
f 3708 2465 2461 2460
f 3704 2460 2456 2455
f 3700 2455 2451 2450
f 3696 2450 2446 2445
f 3692 2445 2441 2440
f 3688 2440 2436 2435
f 3684 2435 2431 2430
f 3680 2430 2426 2425
f 3676 2425 2421 2420
f 3673 3670 2303 2301
f 3672 2420 2416 2415
f 3669 2415 2411 2410
f 3667 2306 2304 2303
f 3666 2410 2406 2405
f 3664 2400 2396 2395
f 3663 2405 2401 2400
f 3454 82 81 3451
f 3447 3445 3444 3150
f 3447 3150 3148 3147
f 3444 3442 3441 3153
f 3444 3153 3151 3150
f 3441 3439 3438 3156
f 3441 3156 3154 3153
f 3438 3436 3435 3159
f 3438 3159 3157 3156
f 3435 3433 3432 3162
f 3435 3162 3160 3159
f 3432 3430 3429 3165
f 3432 3165 3163 3162
f 3429 3427 3426 3168
f 3429 3168 3166 3165
f 3426 3424 3423 3171
f 3426 3171 3169 3168
f 3423 3421 3420 3174
f 3423 3174 3172 3171
f 3420 3418 3417 3177
f 3420 3177 3175 3174
f 3417 3415 3414 3180
f 3417 3180 3178 3177
f 3414 3412 3411 3183
f 3414 3183 3181 3180
f 3411 3409 3408 3186
f 3411 3186 3184 3183
f 3408 3406 3405 3189
f 3408 3189 3187 3186
f 3405 3403 3402 3192
f 3405 3192 3190 3189
f 3402 3400 3399 3195
f 3402 3195 3193 3192
f 3399 3397 3396 3198
f 3399 3198 3196 3195
f 3396 3394 3393 3201
f 3396 3201 3199 3198
f 3393 3391 3390 3204
f 3393 3204 3202 3201
f 3390 3388 3387 3207
f 3390 3207 3205 3204
f 3387 3385 3384 3210
f 3387 3210 3208 3207
f 3384 3382 3381 3213
f 3384 3213 3211 3210
f 3381 3379 3378 3216
f 3381 3216 3214 3213
f 3378 3376 3375 3219
f 3378 3219 3217 3216
f 3375 3373 3372 3222
f 3375 3222 3220 3219
f 3372 3370 3369 3225
f 3372 3225 3223 3222
f 3369 3367 3366 3228
f 3369 3228 3226 3225
f 3366 3364 3363 3231
f 3366 3231 3229 3228
f 3363 3361 3360 3234
f 3363 3234 3232 3231
f 3360 3358 3357 3237
f 3360 3237 3235 3234
f 3357 3355 3354 3240
f 3357 3240 3238 3237
f 3354 3352 3351 3243
f 3354 3243 3241 3240
f 3351 3349 3348 3246
f 3351 3246 3244 3243
f 3348 3346 3345 3249
f 3348 3249 3247 3246
f 3345 3343 3342 3252
f 3345 3252 3250 3249
f 3342 3340 3339 3255
f 3342 3255 3253 3252
f 3339 3337 3336 3258
f 3339 3258 3256 3255
f 3336 3334 3333 3261
f 3336 3261 3259 3258
f 3333 3331 3330 3264
f 3333 3264 3262 3261
f 3330 3328 3327 3267
f 3330 3267 3265 3264
f 3327 3325 3324 3270
f 3327 3270 3268 3267
f 3324 3322 3321 3273
f 3324 3273 3271 3270
f 3321 3319 3318 3276
f 3321 3276 3274 3273
f 3318 3316 3315 3279
f 3318 3279 3277 3276
f 3315 3313 3312 3282
f 3315 3282 3280 3279
f 3312 3310 3309 3285
f 3312 3285 3283 3282
f 3309 3307 3306 3288
f 3309 3288 3286 3285
f 3306 3304 3293 3291
f 3306 3291 3289 3288
f 2936 2935 171 170
f 2665 2661 2660 155
f 2660 2656 2655 6957
f 2660 6957 156 155
f 6957 2655 138 144
f 6957 144 157 156
f 2655 2651 139 138
f 2374 103 102 2369
f 2359 2356 235 230
f 2333 2331 167 166
f 2328 2327 173 172
f 2120 2119 245 244
f 2099 2095 85 80
f 1829 1823 1820 1818
f 1814 1812 106 105
f 1809 1807 98 106
f 1807 1806 99 98
f 1779 1776 1774 1773
f 1747 1745 219 223
f 1745 1744 220 219
f 1599 1597 193 195
f 1533 1531 208 207
f 1523 324 1476 1475
f 1523 1521 320 324
f 1455 308 1450 1449
f 1450 308 307 123
f 1450 123 122 1445
f 1280 1278 1277 183
f 1177 1173 1171 1170
f 1161 1159 13 164
f 1058 463 267 266
f 1049 1045 1043 1042
f 953 951 950 97
f 935 933 326 330
f 933 932 327 326
f 925 924 118 126
f 754 752 117 114
f 750 749 115 117
f 704 702 276 275
f 669 658 654 653
f 477 39 38 472
f 463 461 460 267
f 456 455 44 43
f 371 351 350 366
f 312 124 123 307
f 215 213 90 89
f 213 212 95 90
f 69 68 53 52

 