# File exported by ZBrush version 2026
# www.zbrush.com
g ZBrushPolyMesh3D
#Vertex Count 8136
#Face Count 8133
#Auto scale x=1.000000 y=1.000000 z=1.000000
#Auto offset x=0.000000 y=0.000000 z=0.000000
v 0.3626098 1.22731661 0.53047943
v 0.50485479 1.2298702 0.50869154
v 0.39742636 1.47963249 0.4803031
v 0.29485076 1.28589153 0.42042768
v -0.77420651 1.29112625 0.43754342
v 0.37594041 1.57052028 0.38503852
v 0.40430665 1.54810798 0.39683896
v 0.39196002 1.55705237 0.24497209
v 0.70091462 1.12427783 0.2191464
v -0.43594718 1.31721532 0.17352443
v -0.84806364 1.24343442 -0.31137639
v 0.35678347 1.24817943 0.55048733
v 0.28617543 1.20116341 0.44631588
v 0.48111817 1.11484122 0.31809753
v 0.67293632 1.03055799 0.26543843
v 0.50766211 1.54098224 0.23961235
v -0.84240067 1.42657923 0.00242819
v -0.80580431 1.09211933 -0.05314451
v 0.74556946 1.24130845 -0.21226765
v -1.15916168 1.26834845 -0.29235705
v -0.5785073 1.45888388 -0.45303371
v -0.90528619 0.4925431 -0.64738476
v -0.10024911 0.77862888 1.00290012
v -0.09468302 0.77728748 1.00161159
v -0.23513844 1.04500746 0.94776868
v -0.73465144 1.42591416 -0.42525777
v 0.68686276 1.45012712 0.65320688
v -0.80331492 1.18771469 0.36598712
v -0.77561813 1.06356716 0.17345543
v -0.82694631 0.84992563 0.1066663
v -0.899468 1.18513488 0.49894523
v -0.66010743 1.15144574 0.59314495
v 0.51441437 1.71009814 0.01706751
v -0.83418852 0.90019404 0.07361458
v -0.2725273 1.14424932 1.08347487
v -0.11678919 1.28737497 0.87470245
v -0.46361386 1.27105128 0.02441405
v -0.09230469 0.78312182 1.0020709
v -0.09303027 0.77919662 0.99981856
v -0.09304585 0.78144335 0.99932295
v -0.7175346 1.12952232 0.50399512
v 0.4375303 1.30953598 0.52707499
v 0.39983052 1.5276494 0.43291309
v 0.38132226 1.56239378 0.37535619
v 0.39390865 1.54645073 0.39467385
v 0.39628264 1.54730331 0.38193678
v 0.48491758 1.54610288 0.17176745
v 0.79005706 1.12747418 0.08446678
v -0.62171691 1.09466373 -0.06560628
v -0.75075167 1.11628043 -0.13978657
v -0.87002962 1.42263877 -0.1888065
v -0.74392318 1.49097096 -0.42554134
v -0.09214816 0.78447479 1.00052011
v -0.09313155 0.78788387 0.99988901
v -0.09664677 0.78216153 1.0001378
v 0.625252 1.47905182 0.65415942
v 0.46097502 0.9565038 0.64110988
v -0.06801431 1.42544758 0.46106612
v 0.57441502 1.16243743 0.41728314
v 0.39018634 1.5587697 0.37661317
v 0.46668362 1.19925653 0.27796524
v 0.4174951 1.5983802 0.28694275
v 0.20551061 1.3791182 0.16541151
v 0.50471609 1.72141337 0.01479548
v 0.52098643 1.71793353 -0.00033065
v 0.51678758 1.71735179 0.0044083
v 0.93103802 1.23385632 -0.25346729
v -0.10089478 0.77800279 1.00263583
v 0.2078206 1.17135524 0.49122282
v -1.12058889 1.26475751 -0.28092399
v -0.86669248 1.55159235 -0.61115247
v 0.58776593 0.97768968 0.25147026
v 0.45920088 0.96339422 0.64277738
v -0.78818565 1.43598067 0.27969828
v -1.01271629 0.93727475 0.14922687
v -0.90014708 1.18725025 0.4986974
v 0.85249072 0.96499955 -0.00766449
v 0.9495393 0.89894431 -0.32180109
v 0.72072041 1.06228196 -0.20710362
v 0.83219933 1.00153768 -0.10661378
v 0.11989126 1.34149408 0.13107961
v -0.2246014 1.21577739 0.78025078
v -0.13265939 1.4232862 0.46113869
v 0.46056821 0.9637568 0.6440894
v 0.48099193 1.16658258 0.51374191
v -0.34445136 1.53154003 0.87453997
v -0.40811461 1.21501755 1.11660075
v 0.22289961 1.15772724 0.44648531
v 0.21019445 1.23551142 0.43952611
v -0.44291958 1.17653501 0.92767572
v 0.46542874 0.95768237 0.64524126
v 0.50159198 1.01087474 0.39724284
v 0.49364453 1.03942036 0.35460636
v 0.50290387 1.0115416 0.45614439
v 0.7580505 1.00918519 0.18318817
v 0.98297613 1.27552568 -0.257339
v 0.99115014 1.27778923 -0.24269187
v 0.96132212 1.28641068 -0.216072
v 0.93900764 0.93035781 -0.28235155
v 0.97316676 0.88121789 -0.30400091
v 0.98200947 0.91155403 -0.28867787
v 0.63596302 1.00524675 0.02850288
v 0.47810137 1.54298591 0.10464044
v 0.49178767 1.72233986 0.02969762
v -0.63993555 0.9170801 0.09040002
v -0.90681922 0.5189169 -0.64135873
v -0.90213185 0.48648771 -0.63128101
v 0.2147158 1.36638665 0.24501833
v 0.39290109 1.24317348 0.22883445
v 0.31622663 1.56347656 0.15919685
v -0.89039069 1.20047271 0.48590862
v -1.04072642 0.88954836 0.10549993
v -1.02946758 0.911803 0.09160533
v -1.00295305 0.83993691 0.1246281
v -0.82587206 1.22288346 -0.024379
v -1.15443968 1.26080894 0.09271807
v -1.17081081 1.26167774 0.0881385
v -1.1730237 1.26645195 0.08920016
v -1.16307163 1.27415657 -0.28695872
v -1.13656151 1.30689954 -0.28809243
v -0.88521581 1.18832218 0.50949806
v -0.75270634 1.0570923 0.3932684
v -1.15629446 1.29132628 0.10512464
v -0.75032413 1.49619698 -0.34023088
v -0.87364131 1.54345512 -0.59946256
v -0.87798202 1.5599749 -0.60010719
v -0.8586542 1.5593847 -0.60172724
v -0.30527412 1.36135506 0.38232657
v -0.15122629 1.3843522 0.55877482
v 0.67897695 1.48511016 0.63463604
v 0.65480631 1.48206126 0.61743015
v 0.07191246 1.33342754 0.47416928
v 0.37372806 1.26627075 0.54770475
v 0.34302589 1.21524286 0.52607977
v 0.37783584 1.23494696 0.5452575
v 0.38386946 1.27051162 0.5479002
v 0.34763336 1.2303996 0.50129228
v 0.36044189 1.23281681 0.49747148
v 0.37299206 1.22306966 0.52182936
v 0.38160523 1.21933162 0.53925639
v 0.33218383 1.21628212 0.50043243
v 0.51120054 1.21591496 0.53186696
v 0.50684458 1.19798648 0.50909376
v 0.51440674 1.20531535 0.48822203
v 0.49861532 1.25627231 0.51133805
v 0.5228424 1.26879406 0.53269052
v 0.53219407 1.24677002 0.53958708
v 0.53707307 1.2272464 0.55472248
v 0.52346968 1.21597337 0.45617398
v 0.50638377 1.23719561 0.4668869
v 0.49210172 1.25836288 0.47494745
v 0.41387173 1.51562261 0.4462108
v 0.38682812 1.51467573 0.46199035
v 0.41535478 1.45971226 0.48095649
v 0.42844757 1.49884128 0.45562931
v 0.36039915 1.49850928 0.50960838
v 0.36719167 1.45813047 0.53238338
v 0.27151349 1.25170314 0.43194022
v 0.24210377 1.24535441 0.42644071
v 0.25585115 1.27906262 0.41610133
v 0.26098227 1.30286181 0.38781231
v 0.29451501 1.30824005 0.38504397
v 0.3226279 1.31513881 0.3756048
v 0.32956889 1.29868257 0.40790399
v 0.31100681 1.27290773 0.44115632
v 0.28952997 1.24992823 0.44406858
v 0.33499777 1.28380358 0.43307811
v -0.77413362 1.2506082 0.4268572
v -0.79122823 1.24330461 0.43340349
v -0.7946937 1.27021324 0.44355541
v -0.79533392 1.28322517 0.46476638
v -0.76965969 1.30154931 0.46846494
v -0.74125683 1.32057833 0.47474396
v -0.74883192 1.32237672 0.45019471
v -0.75057762 1.32083332 0.42793002
v -0.7655949 1.28957414 0.42116472
v -0.76618003 1.25109493 0.42019134
v 0.36575278 1.5736742 0.34104573
v 0.35780814 1.59345626 0.34440577
v 0.34877529 1.61440384 0.37139123
v 0.35083922 1.60327589 0.39923363
v 0.37459474 1.5669707 0.40788301
v 0.38925388 1.54617202 0.41219323
v 0.39363703 1.56285584 0.39647358
v 0.39213022 1.57458949 0.39108318
v 0.39948371 1.54856884 0.39388337
v 0.40318152 1.54795575 0.38164898
v 0.40920332 1.5423491 0.38039058
v 0.40126138 1.56374418 0.39891126
v 0.41104441 1.5288316 0.38113704
v 0.40899106 1.53367531 0.39856258
v 0.41065996 1.53906965 0.4136013
v 0.41091376 1.55172967 0.4119642
v 0.41067537 1.56536459 0.41028887
v 0.38469365 1.55595254 0.27303141
v 0.40254855 1.5501306 0.27281165
v 0.41387558 1.55336713 0.25048884
v 0.37723743 1.56026434 0.22221073
v 0.35064074 1.56840026 0.22966148
v 0.36020886 1.56783807 0.25374436
v 0.36402294 1.56743216 0.27865114
v 0.4353072 1.55409026 0.22841636
v 0.4230813 1.55739879 0.21955475
v 0.40817266 1.56016695 0.20543055
v 0.68750584 1.16627788 0.25343021
v 0.66174209 1.13814842 0.2679336
v 0.67672514 1.09904372 0.24286399
v 0.69004386 1.05255329 0.23990978
v 0.70353573 1.06498718 0.21451136
v 0.71196848 1.16717875 0.20349352
v 0.69779825 1.19636011 0.2348106
v 0.72088545 1.06559228 0.18728111
v 0.72371298 1.10988271 0.18363878
v 0.72843492 1.14488184 0.17130671
v -0.46721589 1.30390167 0.14613175
v -0.46338707 1.31807649 0.13338771
v -0.43685779 1.33199477 0.1466441
v -0.40136817 1.35074412 0.16490507
v -0.39771565 1.34134304 0.18916766
v -0.44965776 1.28719902 0.18967858
v -0.47385165 1.2762258 0.15992225
v -0.85574084 1.27970075 -0.34828922
v -0.81693357 1.28462946 -0.35839402
v -0.80649328 1.2559266 -0.33060294
v -0.7851395 1.23100829 -0.30289763
v -0.81256091 1.21647489 -0.28244647
v -0.83248466 1.19477152 -0.25623431
v -0.86607289 1.21223413 -0.27400618
v -0.89021873 1.25034165 -0.31483966
v -0.89120721 1.27919066 -0.34300878
v -0.89849954 1.22287428 -0.28238123
v 0.32448658 1.20020139 0.54731434
v 0.32135179 1.18966615 0.51828497
v 0.34659031 1.26606643 0.56702125
v 0.3212912 1.21604967 0.57213169
v 0.29279744 1.22029745 0.4530268
v 0.30688172 1.20919311 0.47070056
v 0.293962 1.18897092 0.45832476
v 0.27737781 1.17307806 0.44667479
v 0.2736257 1.19516396 0.43590265
v 0.27775928 1.22346174 0.43877208
v 0.45600783 1.13882648 0.34670454
v 0.46120262 1.17747116 0.3229402
v 0.48179963 1.16692972 0.29598984
v 0.47270825 1.08395779 0.36397841
v 0.45397162 1.11514091 0.37759184
v 0.48283228 1.16705787 0.25364169
v 0.4924708 1.12406206 0.2640317
v 0.50246357 1.08508324 0.26727986
v 0.49888986 1.06862413 0.3112162
v 0.65851473 1.07758867 0.26873737
v 0.64754027 1.05754363 0.30260935
v 0.65077263 1.02141499 0.29709461
v 0.64131051 0.99234813 0.29418069
v 0.65619403 0.98877936 0.27439677
v 0.67822879 0.97337693 0.26034951
v 0.69760698 0.99931401 0.25396707
v 0.70982116 1.0166049 0.23955825
v 0.51663935 1.51962328 0.26544085
v 0.51782596 1.5069735 0.24990941
v 0.50731027 1.53245008 0.23218871
v 0.48801577 1.54586696 0.22403854
v 0.48944142 1.54893302 0.23375578
v 0.50467336 1.55101406 0.23142251
v 0.51838171 1.55824208 0.24354732
v 0.52157455 1.54771435 0.25922805
v 0.49150356 1.55504441 0.23202955
v 0.51685231 1.71405375 0.01044009
v 0.5175957 1.71326959 0.00781174
v 0.51944476 1.71586656 0.00418675
v 0.51762771 1.7167077 0.00701316
v -0.82505363 1.41140198 -0.01901458
v -0.83771652 1.3851453 -0.02129902
v -0.85084384 1.38753378 -0.01249966
v -0.80958849 1.45936679 0.01075536
v -0.79868388 1.44238805 -0.01407441
v -0.87006926 1.38910925 -0.00134321
v -0.87232369 1.42320501 0.01574773
v -0.81967538 1.05859673 -0.06737148
v -0.83163029 1.0386163 -0.03855869
v -0.82075452 1.06212067 -0.02037023
v -0.80985963 1.0862801 0.0076939
v -0.79982781 1.11495745 -0.0170939
v -0.80320793 1.15192425 -0.0393265
v -0.80463516 1.13860094 -0.07269158
v -0.79174405 1.10177898 -0.09236864
v -0.80303794 1.07123637 -0.097626
v -0.80114781 1.13394773 -0.10466467
v 0.7582407 1.20923495 -0.23193861
v 0.72994631 1.19025421 -0.23121136
v 0.7129234 1.21456611 -0.21719743
v 0.78655791 1.25023937 -0.22211167
v 0.7914679 1.22531223 -0.23631523
v 0.7614507 1.27293241 -0.18983729
v 0.79131799 1.27210795 -0.20421631
v 0.71345007 1.26185989 -0.19231888
v 0.7345578 1.28530228 -0.17324051
v 0.69045287 1.23753404 -0.20073396
v -1.1557008 1.26912844 -0.2958399
v -1.15386176 1.26671314 -0.29230645
v -1.15816235 1.26677703 -0.28879833
v -1.16086685 1.27067422 -0.29242831
v -1.15736961 1.27279877 -0.29678231
v -1.16120636 1.26864302 -0.28748664
v -0.5293709 1.48316228 -0.44935298
v -0.51582282 1.4481213 -0.42682248
v -0.55715733 1.42363131 -0.42197266
v -0.59117955 1.39141058 -0.41059482
v -0.61203146 1.4183613 -0.43417969
v -0.57376688 1.49913358 -0.47332498
v -0.5337423 1.51693034 -0.46342322
v -0.63059037 1.43160212 -0.45344349
v -0.60923546 1.46020615 -0.472799
v -0.60112845 1.49001073 -0.48619157
v -0.9071725 0.49078136 -0.64443969
v -0.90920108 0.49218806 -0.64549958
v -0.9054144 0.4940074 -0.64900517
v -0.90150994 0.49477273 -0.64544171
v -0.90226531 0.49260127 -0.64470267
v -0.90415769 0.49030372 -0.64311122
v -0.10502741 0.78568464 1.00556838
v -0.10477303 0.78253287 1.00435459
v -0.10084908 0.77932 1.00197506
v -0.1034543 0.78797853 1.0058602
v -0.09939698 0.78026026 1.00106728
v -0.09495972 0.77970451 1.00200271
v -0.10210484 0.79015731 1.00585174
v -0.0978053 0.78074842 1.00056731
v -0.27426394 1.05936718 0.93758285
v -0.2529101 1.08912384 0.94033688
v -0.21813201 1.08125793 0.94677412
v -0.21620218 1.00601029 0.95568835
v -0.24657505 0.98282122 0.95192498
v -0.27312603 1.00917339 0.94227236
v -0.3031018 1.02750062 0.93550884
v -0.18829174 1.05008602 0.95850819
v -0.18387466 1.01501989 0.96354663
v -0.18223613 1.07936477 0.95619797
v -0.72837537 1.39414453 -0.41572815
v -0.76041704 1.37312042 -0.40252474
v -0.76957309 1.40192174 -0.40324577
v -0.77833128 1.42437422 -0.39540532
v -0.74955165 1.44074571 -0.41426953
v -0.74868977 1.45638644 -0.44713342
v -0.7419973 1.44443082 -0.46017542
v -0.72793245 1.43764472 -0.47701689
v -0.71201914 1.42689645 -0.45250251
v -0.69908332 1.41080331 -0.43338695
v 0.68834394 1.45467209 0.6425485
v 0.68626862 1.46982038 0.64935618
v 0.68305295 1.45890271 0.66170334
v 0.67527753 1.4347893 0.67455303
v 0.68322473 1.42880725 0.65935427
v 0.68562537 1.42709195 0.64252114
v -0.8118909 1.24567174 0.36845696
v -0.84101998 1.25301492 0.35085839
v -0.84033417 1.20777511 0.34793955
v -0.81032073 1.15173268 0.33774006
v -0.78590643 1.12387299 0.3416017
v -0.77393388 1.14127385 0.36962556
v -0.84190046 1.17300927 0.32600376
v -0.7619028 1.15025734 0.38531449
v -0.78180974 1.19497299 0.38185077
v -0.79464864 1.24507927 0.37849965
v -0.79017627 1.0804702 0.12615546
v -0.80125498 1.05868434 0.09420913
v -0.79475873 1.0386455 0.12093045
v -0.79142206 1.0221467 0.13473382
v -0.77850669 1.04436838 0.18466967
v -0.77933114 1.05615675 0.24149806
v -0.77541673 1.07026016 0.24183021
v -0.7769376 1.08900344 0.24633148
v -0.77625113 1.08944392 0.19103805
v -0.78498554 1.10042583 0.14565797
v -0.86127269 0.85865283 0.09994065
v -0.86988985 0.89073646 0.10046284
v -0.85115075 0.89116829 0.09984318
v -0.84390026 0.89300835 0.09805926
v -0.81934773 0.85668641 0.10253355
v -0.78339982 0.84176027 0.12362083
v -0.78499418 0.83380371 0.13145688
v -0.78553229 0.81795507 0.14341484
v -0.82323271 0.82492554 0.11977089
v -0.86077302 0.83392983 0.10751062
v -0.89750528 1.1849097 0.49850654
v -0.89771568 1.18455779 0.50036579
v -0.89981055 1.18539512 0.5004484
v -0.89968568 1.18590962 0.49803888
v -0.89797413 1.18576467 0.49684619
v -0.90018761 1.18614101 0.49969387
v -0.66114991 1.18544459 0.60440748
v -0.69279259 1.1831845 0.58810293
v -0.69876277 1.15865016 0.57465082
v -0.62026649 1.16724395 0.62143105
v -0.62711817 1.19422411 0.62516349
v -0.63135361 1.12018454 0.59375149
v -0.60309761 1.1386727 0.6195023
v -0.70967441 1.13797485 0.54774266
v -0.68162804 1.12253236 0.55899041
v -0.65088641 1.09851086 0.56409561
v 0.50837516 1.71559357 0.01257006
v 0.51444083 1.71672451 0.00730692
v 0.51339405 1.70571231 0.01744784
v 0.5104106 1.71181976 0.01119893
v 0.50653356 1.71305847 0.01416525
v 0.51324468 1.71208691 0.01724703
v 0.50550681 1.70772719 0.03308683
v 0.50747519 1.70459759 0.03362269
v 0.50959533 1.70127058 0.03349301
v -0.81349295 0.86021924 0.08074457
v -0.81270831 0.86271423 0.08629281
v -0.83374655 0.89757686 0.08434374
v -0.83824211 0.87880569 0.05915788
v -0.81726241 0.8513835 0.07103381
v -0.83942377 0.93306827 0.05570645
v -0.84780895 0.90916758 0.04255881
v -0.8267439 0.94863301 0.08790665
v -0.82638788 0.96623861 0.07238037
v -0.82962805 0.94104504 0.09718716
v -0.31047946 1.11376535 1.1003791
v -0.28995254 1.08282768 1.09129381
v -0.25775846 1.10222828 1.07618701
v -0.21956773 1.11068856 1.05458116
v -0.22331067 1.14524304 1.05662095
v -0.25303554 1.18722772 1.07364797
v -0.2837589 1.20097851 1.08692872
v -0.30508068 1.16738116 1.09745883
v -0.21616843 1.17847514 1.05248677
v -0.33217388 1.13696634 1.10811007
v -0.16668631 1.27175235 0.86436659
v -0.16769939 1.27309632 0.85006171
v -0.12302064 1.28822135 0.85265457
v -0.13329437 1.27224052 0.88680982
v -0.16767364 1.26844656 0.87203013
v -0.08635922 1.32082414 0.9022721
v -0.10803756 1.29938411 0.91070628
v -0.45730823 1.2636801 -0.0088539
v -0.43760973 1.27684176 -0.00709234
v -0.44973617 1.28215873 0.02934635
v -0.46430549 1.28832829 0.04785362
v -0.47872597 1.26753258 0.03151419
v -0.47721406 1.25158131 -0.01009151
v -0.09243472 0.77932131 0.99949204
v -0.09196405 0.78341883 1.0008465
v -0.09715106 0.79627239 1.00407362
v -0.09885928 0.79423606 1.00515031
v -0.09332011 0.78178077 1.00224709
v -0.09477449 0.78134757 1.0024749
v -0.09604848 0.78374254 0.99930548
v -0.09568186 0.78521084 0.99912786
v -0.09538531 0.7868396 0.99908852
v -0.7113617 1.11516833 0.47371259
v -0.69328796 1.08916127 0.4980027
v -0.68932956 1.10594129 0.52349269
v -0.72917234 1.15090107 0.46045821
v -0.72487038 1.14011299 0.44210279
v -0.73622494 1.14429748 0.5072593
v -0.74059808 1.15741217 0.47031712
v -0.73212742 1.14820146 0.53947663
v 0.41887986 1.31554651 0.5302838
v 0.39546346 1.27153015 0.55292427
v 0.406414 1.27448988 0.56197691
v 0.4179666 1.27782654 0.58000546
v 0.43809092 1.30078649 0.55241763
v 0.45960176 1.34876525 0.49351361
v 0.44443288 1.36018466 0.50407141
v 0.46079152 1.31293094 0.49792063
v 0.47507467 1.33945763 0.47245821
v 0.45949119 1.30134987 0.52405446
v 0.42242968 1.5254426 0.44000017
v 0.41062033 1.53185081 0.42802861
v 0.40664824 1.53022074 0.41538411
v 0.39745411 1.53190052 0.4148778
v 0.38272228 1.54311752 0.42985317
v 0.37146678 1.53798031 0.45619544
v 0.38036114 1.55567836 0.36108696
v 0.37278196 1.55974268 0.33355358
v 0.39540016 1.57630491 0.37389266
v 0.3975237 1.53030896 0.3985075
v 0.39684724 1.52823221 0.38170009
v 0.39461419 1.52981972 0.36380237
v 0.38843163 1.54379046 0.37015333
v 0.40425524 1.55833268 0.3683868
v 0.40998113 1.55248642 0.36553391
v 0.48600271 1.54586565 0.19585536
v 0.52025204 1.52314519 0.20278659
v 0.53102111 1.52019286 0.18286442
v 0.44944354 1.55737483 0.14640983
v 0.42097961 1.56031024 0.16935227
v 0.44288912 1.55833339 0.18885882
v 0.45389053 1.55443429 0.20441439
v 0.51856041 1.53196466 0.13477791
v 0.77925634 1.09832036 0.10661915
v 0.80959981 1.06834065 0.08058802
v 0.82397389 1.08585381 0.06274914
v 0.78069597 1.17712605 0.07868983
v 0.75421768 1.19320488 0.10992441
v 0.75411301 1.15272891 0.12327221
v 0.82733947 1.13516521 0.04715218
v 0.81221735 1.17443633 0.04740551
v 0.84989202 1.09987855 0.03676662
v 0.75057452 1.12285518 0.1379733
v -0.65006756 1.10402751 -0.09463042
v -0.64157253 1.13500547 -0.0982914
v -0.6195001 1.13605487 -0.07097528
v -0.59492188 1.14941668 -0.03915291
v -0.59385478 1.12115156 -0.03175774
v -0.63615572 1.05510556 -0.0821099
v -0.65834933 1.07295393 -0.10139223
v -0.60407048 1.06020093 -0.0434612
v -0.61928075 1.02845788 -0.05935011
v -0.58501863 1.09201502 -0.01948201
v -0.73128622 1.13707768 -0.15950594
v -0.7047432 1.12780094 -0.13591775
v -0.71470212 1.10060501 -0.13090871
v -0.72501015 1.06837165 -0.13663937
v -0.756343 1.07489013 -0.13429029
v -0.77620196 1.1107223 -0.11907366
v -0.78986269 1.13401198 -0.13493664
v -0.77240806 1.13750803 -0.1604799
v -0.75254082 1.14698708 -0.18183939
v -0.78215551 1.0762819 -0.12085217
v -0.8904162 1.38620352 -0.14299868
v -0.86680787 1.38436031 -0.120305
v -0.84695154 1.41428709 -0.14834512
v -0.90427905 1.40999162 -0.20069204
v -0.91483372 1.38244509 -0.15999484
v -0.86733174 1.44341337 -0.24997693
v -0.89917451 1.42836165 -0.24950557
v -0.81772458 1.44152319 -0.16769495
v -0.82969337 1.45104742 -0.20971696
v -0.83031141 1.46242201 -0.25952789
v -0.75030767 1.47037744 -0.43655958
v -0.75470471 1.4554429 -0.40094438
v -0.75542312 1.47371721 -0.3796139
v -0.72333943 1.50941443 -0.39437663
v -0.71120458 1.52914261 -0.42691701
v -0.73573041 1.51867842 -0.44479119
v -0.7667948 1.49990749 -0.46072301
v -0.76940965 1.48152113 -0.4646863
v -0.75737834 1.51936507 -0.46869391
v -0.09756302 0.79548084 0.99897533
v -0.09639304 0.79790729 1.00033974
v -0.09615906 0.79794693 1.00210917
v -0.1030521 0.78873819 0.99984461
v -0.10198588 0.79100471 0.99910235
v -0.10461371 0.78708028 1.00068974
v 0.63332521 1.48215413 0.66244757
v 0.64127522 1.48986351 0.64896982
v 0.62865656 1.48177969 0.64316642
v 0.61299151 1.46575272 0.65755367
v 0.61998367 1.46313631 0.67265677
v 0.61149001 1.46709537 0.64103531
v 0.45956283 0.95888805 0.64123946
v 0.46601223 0.95102483 0.6321423
v 0.4669559 0.94879818 0.6338033
v 0.46044999 0.9578256 0.64307719
v 0.45878088 0.96046108 0.64370709
v 0.46867981 0.94695836 0.63629204
v -0.1223867 1.43299603 0.47834256
v -0.10713633 1.4199934 0.44154939
v -0.06271475 1.43187749 0.49228626
v -0.11694979 1.44292771 0.49794191
v -0.05025048 1.41909396 0.4245648
v -0.00779666 1.41166341 0.43285551
v -0.01266239 1.41456568 0.4641636
v -0.0909805 1.41734409 0.41268187
v -0.01563059 1.41285789 0.48935452
v 0.58797723 1.13081121 0.43393898
v 0.60268944 1.12289464 0.4060904
v 0.59523856 1.14852011 0.38386675
v 0.54656881 1.19131231 0.43989482
v 0.53265792 1.18225657 0.4733341
v 0.55531776 1.15533053 0.4604966
v 0.56951147 1.12984669 0.46222221
v 0.59799766 1.17804873 0.36085999
v 0.57932519 1.19273853 0.38362956
v 0.55594199 1.21222853 0.40780425
v 0.38444808 1.5452739 0.3513399
v 0.44969877 1.20958542 0.29317018
v 0.46261531 1.20369398 0.2513445
v 0.43575611 1.22185587 0.25902739
v 0.42959892 1.59529054 0.26792848
v 0.43589806 1.5774151 0.27792221
v 0.42638099 1.57389831 0.29785174
v 0.41274702 1.61990153 0.26306322
v 0.42557612 1.60942363 0.25324305
v 0.40509128 1.61328959 0.29276952
v 0.40246558 1.63214814 0.2684302
v 0.41528722 1.57898318 0.31869703
v 0.40730065 1.5928142 0.31893706
v 0.42112141 1.56190764 0.32182607
v 0.16573859 1.3867377 0.17533195
v 0.15772508 1.3744626 0.16697074
v 0.18672967 1.36288797 0.15165753
v 0.20134361 1.39274263 0.18143294
v 0.16514584 1.39523601 0.18381726
v 0.20115508 1.35468626 0.12644566
v 0.22253814 1.36815643 0.13965429
v 0.24424931 1.37508308 0.14936721
v 0.23592908 1.3856076 0.16812166
v 0.22973173 1.39560163 0.18166561
v 0.50858724 1.71955215 0.01567795
v 0.51354187 1.72046601 0.0088461
v 0.51031947 1.72091734 0.00894276
v 0.49792692 1.71919167 0.02871439
v 0.49952301 1.71652913 0.03059928
v 0.51224273 1.71901547 0.00738037
v 0.50680863 1.71849799 0.0127264
v 0.50205278 1.71713173 0.01745264
v 0.50130838 1.72003293 0.01750921
v 0.49649882 1.72166669 0.02616799
v 0.94197082 1.22951829 -0.25034111
v 0.92838645 1.21222233 -0.24562592
v 0.91810262 1.22460126 -0.25130355
v 0.9295997 1.24551141 -0.25633156
v 0.94562864 1.24584817 -0.25631025
v 0.91056799 1.23802089 -0.25417786
v -0.12427913 0.7968648 1.00756597
v -0.12403624 0.79864811 1.00422799
v -0.10491767 0.78295117 1.00229668
v -0.12242461 0.79898703 1.01049614
v 0.20503194 1.17396569 0.46753081
v 0.21766941 1.15062987 0.46834331
v 0.21889972 1.15628504 0.49811253
v 0.22225421 1.16786229 0.52111756
v 0.20888505 1.18338131 0.50131815
v 0.20207217 1.19519007 0.47160503
v -1.12428736 1.26635384 -0.28810229
v -1.10315263 1.26441633 -0.2870557
v -1.10532045 1.26285624 -0.27697843
v -1.12618768 1.26467752 -0.27582404
v -1.13373243 1.26530957 -0.28357574
v -1.1081748 1.26243329 -0.26730856
v -0.87161314 1.55122029 -0.6114248
v -0.87524896 1.56008708 -0.61285305
v -0.86700391 1.55687379 -0.61101859
v -0.85891336 1.55240511 -0.60809665
v -0.86075472 1.54736614 -0.60854786
v -0.8644573 1.54464554 -0.6080687
v 0.58366495 0.97944951 0.2834343
v 0.54866153 1.00218188 0.28694596
v 0.54919427 1.01161181 0.25685548
v 0.61711764 0.96840864 0.26654398
v 0.60613757 0.97360187 0.28604635
v 0.61277097 0.94890916 0.22837206
v 0.63512915 0.9473375 0.24455487
v 0.56470489 0.98337817 0.21191027
v 0.59284961 0.95553833 0.19774024
v 0.53576421 1.01818382 0.21877987
v -0.91162341 0.50763285 -0.65024423
v -0.90832096 0.50801962 -0.65154069
v -0.90563309 0.50435662 -0.65265971
v -0.91127115 0.50398248 -0.65141671
v 0.4618197 0.9635564 0.63946712
v 0.46097657 0.96243089 0.63945508
v 0.45852062 0.96272081 0.64318686
v 0.45944142 0.96356332 0.64379942
v 0.46263617 0.96420937 0.64020633
v 0.45877009 0.96287661 0.64415824
v -0.75115788 1.47292971 0.27030941
v -0.75829029 1.4924786 0.23284721
v -0.79153221 1.46817004 0.23332151
v -0.76337754 1.42072594 0.31778845
v -0.73622393 1.45669698 0.30490008
v -0.80614531 1.38611698 0.31517601
v -0.78373956 1.37993896 0.33929377
v -0.81976229 1.45229125 0.22790648
v -0.82113593 1.42369449 0.26555833
v -0.8301177 1.38505852 0.29846921
v -0.99477344 0.93579143 0.16072255
v -0.98909515 0.94124645 0.14871765
v -1.01295912 0.93929404 0.1375899
v -1.02186477 0.93115365 0.15480829
v -0.9999938 0.92615956 0.17098812
v -1.02889359 0.93365883 0.13789296
v -0.89937788 1.18804657 0.50081867
v -0.89926111 1.18918418 0.49926817
v -0.89929908 1.18949425 0.4973413
v -0.89968448 1.1870644 0.49722278
v 0.85925895 0.95001626 -0.01878922
v 0.8411194 0.95371443 -0.05337476
v 0.83735424 0.96150481 -0.05168306
v 0.8631941 0.94762986 0.04313995
v 0.8750295 0.93375384 0.0250058
v 0.83815509 0.9700365 -0.05183128
v 0.84835916 0.97836178 -0.01421649
v 0.84164249 0.99733728 0.03149258
v 0.84101349 0.98483049 0.04482169
v 0.93078774 0.88768726 -0.31778127
v 0.9268549 0.89776217 -0.3164432
v 0.94836902 0.90747457 -0.32093453
v 0.95365774 0.89675593 -0.32160818
v 0.93667608 0.87945056 -0.31762504
v 0.95922207 0.90717548 -0.32216927
v 0.72374337 1.04339826 -0.18574963
v 0.69540816 1.05192947 -0.1748805
v 0.70199805 1.07452333 -0.20587095
v 0.71712249 1.09439361 -0.22761893
v 0.73773896 1.07229316 -0.2186917
v 0.7533589 1.04821515 -0.19665893
v 0.81997269 1.00950074 -0.12752194
v 0.85521274 1.03588008 -0.14458234
v 0.87303763 1.03113544 -0.12403293
v 0.86802154 1.00973045 -0.08077252
v 0.85039204 0.99619287 -0.06780298
v 0.82137239 0.98736238 -0.09024117
v 0.78204381 0.98693245 -0.10460868
v 0.77919346 0.99440419 -0.11674943
v 0.78209161 0.98064619 -0.09610237
v 0.12306634 1.33031189 0.11373402
v 0.14747539 1.33749866 0.12441611
v 0.13241268 1.3495413 0.14366997
v 0.10872276 1.36425709 0.14716465
v 0.1001068 1.34991931 0.12995818
v 0.09530693 1.33498394 0.10513882
v -0.21962836 1.23312258 0.80620032
v -0.25920504 1.23817789 0.82122951
v -0.26917514 1.22468423 0.80759924
v -0.29388108 1.20484161 0.78740942
v -0.26106882 1.19370913 0.76100421
v -0.17205792 1.22783911 0.76288771
v -0.17360045 1.23921692 0.7897225
v -0.23951014 1.18288457 0.71928793
v -0.20320166 1.2012391 0.72689324
v -0.16210477 1.43263614 0.48115596
v -0.15824271 1.42047393 0.46012848
v -0.14312286 1.41324925 0.43123459
v 0.45947355 0.9636048 0.64368534
v 0.45914855 0.96288251 0.6444875
v 0.46030232 0.96315306 0.64468628
v 0.46457859 0.96368587 0.64331048
v 0.46427771 0.96430474 0.64203429
v 0.46339026 0.96450549 0.64100682
v 0.50188809 1.16950964 0.50682562
v 0.49632442 1.19390797 0.52506613
v 0.48458498 1.19073474 0.53994023
v 0.49534931 1.13603627 0.49894082
v 0.51501649 1.14243817 0.49758988
v 0.46807128 1.18901395 0.55753338
v 0.45777395 1.1800239 0.53103083
v 0.44336962 1.17350113 0.51147413
v 0.45950174 1.15365803 0.4993281
v 0.47362801 1.12943708 0.48874652
v -0.31795892 1.57581031 0.84572285
v -0.33599627 1.56854176 0.83243566
v -0.35548448 1.52609479 0.85524785
v -0.32078948 1.55828094 0.8902809
v -0.2953456 1.58516895 0.85822701
v -0.3736135 1.47365677 0.86603802
v -0.37247532 1.47328126 0.87817084
v -0.38072952 1.46385181 0.89248502
v -0.36133614 1.51323366 0.90112173
v -0.34385675 1.54190468 0.91550147
v -0.39321649 1.19913828 1.117702
v -0.37685424 1.22493207 1.11009001
v -0.40333816 1.23900699 1.1102128
v -0.43638542 1.24753177 1.10964059
v -0.43401423 1.21220123 1.11825382
v -0.42329609 1.18268895 1.12261831
v 0.23756571 1.15718436 0.44110569
v 0.23806197 1.14596951 0.46704861
v 0.21599143 1.17857515 0.4417262
v 0.23482753 1.18410515 0.42843762
v 0.18811957 1.24864459 0.45313099
v 0.19330975 1.27784824 0.42551958
v 0.222194 1.2749207 0.41891232
v 0.23555316 1.21411669 0.42835399
v 0.21264325 1.20545482 0.44224539
v 0.19667841 1.21047878 0.47794604
v 0.1865424 1.22505879 0.48829758
v -0.46591442 1.16921007 0.93307805
v -0.47257295 1.20044064 0.9356628
v -0.43930921 1.19865131 0.92794209
v -0.42490932 1.16146707 0.92488586
v -0.44952446 1.14144337 0.92993718
v -0.40949463 1.18431878 0.92502033
v 0.47576603 0.95102047 0.64308631
v 0.47699791 0.95421117 0.64337897
v 0.46340063 0.96009236 0.64542931
v 0.46208551 0.95877528 0.64512437
v 0.47373795 0.94801378 0.64266949
v 0.46055182 0.96084815 0.64528542
v 0.50729024 0.99611949 0.37720188
v 0.51198947 0.97677528 0.40339353
v 0.5027216 1.00769901 0.419665
v 0.490285 1.04155278 0.39505478
v 0.49196603 1.04308784 0.42662307
v 0.47496792 1.07536017 0.39957496
v 0.51680642 1.00691807 0.32666903
v 0.51972347 0.9745168 0.35220256
v 0.52135008 1.03220903 0.29797616
v 0.49458709 1.04711163 0.45567292
v 0.50674873 1.03031039 0.48648557
v 0.50149327 1.05448329 0.48112562
v 0.51204276 0.97252059 0.43488204
v 0.51342159 0.96384888 0.46485543
v 0.50786143 0.98885977 0.48241615
v 0.51218849 1.00663924 0.50010168
v 0.74738645 1.02866387 0.17246432
v 0.73301005 1.03144359 0.1957167
v 0.75105667 1.00479006 0.20049007
v 0.77645963 0.99514943 0.17050421
v 0.77124702 1.01666629 0.14886359
v 0.77569127 0.98083436 0.19158691
v 0.97763937 1.27690327 -0.2594791
v 0.97844731 1.28166306 -0.2580575
v 0.98473221 1.27821731 -0.25571128
v 0.98854738 1.27077651 -0.25370055
v 0.98439794 1.26887857 -0.25612792
v 0.97811973 1.26819682 -0.25844746
v 0.99112385 1.27735376 -0.24699887
v 0.98651218 1.28249716 -0.24824611
v 0.98783928 1.28209734 -0.24286733
v 0.99024856 1.27602732 -0.23123696
v 0.99410742 1.27138042 -0.23336145
v 0.9960041 1.26729154 -0.23615239
v 0.97001171 1.28286612 -0.21738031
v 0.96978694 1.28817129 -0.22836628
v 0.95966059 1.29019963 -0.22428619
v 0.94976586 1.28429818 -0.2019158
v 0.96051973 1.27609539 -0.19615998
v 0.9419763 1.2901231 -0.21023809
v 0.92362308 0.92989343 -0.26766482
v 0.93574792 0.93083149 -0.25944191
v 0.9496901 0.93034505 -0.28202089
v 0.93663322 0.92800289 -0.2928563
v 0.91176134 0.9252513 -0.27953472
v 0.95040297 0.92909264 -0.29563158
v 0.96891343 0.88531458 -0.31009289
v 0.97427666 0.8938623 -0.30991739
v 0.97755605 0.88801741 -0.30280211
v 0.97908049 0.87267696 -0.28838917
v 0.97121971 0.86780363 -0.29540181
v 0.96205401 0.86613994 -0.30347287
v 0.97815305 0.91701483 -0.292892
v 0.97956436 0.9148696 -0.27165949
v 0.98521405 0.90701729 -0.27283895
v 0.98758477 0.89750188 -0.27545961
v 0.98257035 0.90740728 -0.29423809
v 0.97818267 0.9131031 -0.30028301
v 0.6107161 0.98040366 0.07293962
v 0.58640945 1.00374305 0.08196732
v 0.60724324 1.03172934 0.04562234
v 0.64976996 0.97660529 0.03134915
v 0.63118445 0.95788395 0.0669582
v 0.61757677 1.0495634 0.00038421
v 0.63792896 1.02812147 -0.01635329
v 0.66651266 1.00856292 -0.04622576
v 0.6701824 0.99432998 -0.02124213
v 0.67817986 0.98002815 -0.01118275
v 0.469352 1.53428494 0.06335368
v 0.42958471 1.54116356 0.06706992
v 0.42762574 1.55167686 0.09816792
v 0.55821901 1.51214766 0.10352458
v 0.53145372 1.52187502 0.0729614
v 0.51224345 1.51952314 0.0414644
v 0.41300961 1.55721676 0.12618461
v 0.49178436 1.7165668 0.02850909
v 0.47870457 1.7126162 0.04612777
v 0.47810354 1.71862971 0.0448655
v 0.48117688 1.72024917 0.04650228
v 0.50388771 1.71399498 0.01619185
v -0.64982849 0.92180889 0.13796244
v -0.6774522 0.89257937 0.13683189
v -0.67430526 0.88590234 0.10783296
v -0.61572903 0.95670598 0.10212136
v -0.6242029 0.95336407 0.14539544
v -0.67573791 0.87150955 0.08117696
v -0.65034157 0.89292246 0.05847528
v -0.62038874 0.94003629 0.04489053
v -0.60352605 0.97041702 0.05877718
v -0.63358545 0.91698306 0.02513019
v -0.91005337 0.51595741 -0.64517986
v -0.91361111 0.53068184 -0.62862056
v -0.90817481 0.53046679 -0.62790632
v -0.90350115 0.5279023 -0.62611681
v -0.90414321 0.51429104 -0.64346814
v -0.90580499 0.51004934 -0.64901936
v -0.90012955 0.48962608 -0.63552874
v -0.89678132 0.48868235 -0.61288648
v -0.9019469 0.48533007 -0.6118499
v -0.90666633 0.48664823 -0.63472145
v -0.90749234 0.48451054 -0.61175024
v 0.19961406 1.36619949 0.24405996
v 0.20401926 1.37762153 0.23184312
v 0.22406843 1.3756622 0.23726549
v 0.22099423 1.35904097 0.2552368
v 0.20085519 1.35469222 0.25816553
v 0.23810577 1.36818659 0.24873819
v 0.37016409 1.26448047 0.26213452
v 0.34746584 1.28189921 0.23390968
v 0.35987642 1.26652872 0.20496594
v 0.4125202 1.23470246 0.27476561
v 0.39355778 1.25347185 0.29799342
v 0.37151771 1.26410687 0.17065665
v 0.40135729 1.24479377 0.18185751
v 0.42911353 1.22782671 0.18385064
v 0.4286212 1.22529828 0.22343587
v 0.32844144 1.5603367 0.14982205
v 0.30908358 1.57483947 0.13676969
v 0.30052697 1.57709693 0.15540549
v 0.324519 1.56191837 0.18141306
v 0.34774181 1.55685555 0.1743299
v 0.30714947 1.58266317 0.18307848
v -0.87839442 1.21163594 0.47748658
v -0.87620508 1.2049483 0.47458234
v -0.89134174 1.1940937 0.48671639
v -0.89323204 1.20018112 0.49064302
v -0.88014257 1.21712636 0.48345586
v -0.89648431 1.19261694 0.49199089
v -1.04197013 0.88720578 0.11423635
v -1.04551744 0.89760923 0.11488872
v -1.04155564 0.89760267 0.10380211
v -1.03417897 0.89405477 0.09406597
v -1.03610384 0.88494557 0.09859044
v -1.03758215 0.87808352 0.10788084
v -1.03385818 0.91737121 0.09972731
v -1.0200783 0.92671924 0.09678985
v -1.01719594 0.91522598 0.08688723
v -1.01775062 0.9021421 0.08385483
v -1.03207051 0.9031673 0.09238452
v -1.03975391 0.90721064 0.10178959
v -0.98540538 0.83092981 0.13245448
v -0.99136102 0.83688575 0.14700815
v -1.01215553 0.8466264 0.1312031
v -1.01843547 0.85200154 0.11699702
v -1.00319337 0.84191465 0.11265908
v -0.97857731 0.83019697 0.11888042
v -0.80750656 1.23819351 -0.01202991
v -0.83015239 1.27834761 -0.02760723
v -0.8441087 1.27131164 -0.03680056
v -0.79685646 1.18819356 -0.00024127
v -0.78605425 1.20704472 0.01043166
v -0.82773429 1.19406962 -0.03629212
v -0.80085027 1.16935801 -0.01384065
v -0.86332517 1.27343404 -0.04837407
v -0.85984003 1.23366463 -0.0439435
v -0.86032879 1.20838522 -0.05489582
v -1.15673244 1.26123309 0.08875989
v -1.140715 1.2640891 0.08943127
v -1.14180779 1.26255106 0.09550267
v -1.15838074 1.25993108 0.09529085
v -1.16284942 1.25991284 0.09061721
v -1.14359331 1.26170265 0.10098023
v -1.17029523 1.26099872 0.08990369
v -1.17189085 1.26178765 0.09079387
v -1.17188763 1.26266515 0.08822087
v -1.16902315 1.26154553 0.08594925
v -1.16803669 1.26051187 0.08788177
v -1.17015504 1.26297462 0.08498337
v -1.17299759 1.26496112 0.08875257
v -1.17343795 1.26487398 0.09142809
v -1.17311215 1.26690208 0.09127658
v -1.17198348 1.26877915 0.08749555
v -1.17193102 1.26731669 0.08593626
v -1.17200946 1.26973748 0.08989642
v -1.16199946 1.27667403 -0.29002508
v -1.16131615 1.27344799 -0.29190096
v -1.16239905 1.27124619 -0.28725588
v -1.16181027 1.27145707 -0.28043824
v -1.16252327 1.27612829 -0.28153243
v -1.1609019 1.27983045 -0.28461635
v -1.13901376 1.30271232 -0.2947424
v -1.14698815 1.29618322 -0.29080316
v -1.14187598 1.30306017 -0.28277152
v -1.1243391 1.31712484 -0.28574195
v -1.12255251 1.31497812 -0.29680344
v -1.12725424 1.31594932 -0.27559703
v -0.88779425 1.18586611 0.50556463
v -0.86918336 1.18804681 0.51302105
v -0.87127172 1.19246339 0.51783984
v -0.87325525 1.19836711 0.51947921
v -0.8897525 1.19020938 0.50866854
v -0.89419847 1.18606674 0.50457751
v -0.75715386 1.1012423 0.37795975
v -0.77177965 1.09512996 0.34496951
v -0.76967543 1.0669595 0.34808895
v -0.73684865 1.07091784 0.4209102
v -0.74553883 1.10930502 0.39832359
v -0.76585614 1.02260589 0.38210585
v -0.75333815 0.99142742 0.41215422
v -0.73869985 1.01464915 0.42925003
v -0.72580993 1.03176176 0.44817441
v -0.77741009 1.04176664 0.34366643
v -1.1579827 1.28946852 0.09861557
v -1.16604745 1.27966284 0.09845474
v -1.16046643 1.28581583 0.10718591
v -1.14210224 1.30299139 0.1215919
v -1.14082217 1.30696106 0.11492996
v -1.13972425 1.30903983 0.10627202
v -0.76006221 1.50079965 -0.28037348
v -0.72626757 1.52407383 -0.28157246
v -0.71564686 1.52532637 -0.33033204
v -0.69898647 1.53271818 -0.37547999
v -0.7888773 1.47701108 -0.31856051
v -0.79398787 1.48120546 -0.27045762
v -0.78540676 1.46421623 -0.35528349
v -0.8724538 1.54466784 -0.60522884
v -0.8640961 1.53303408 -0.59572571
v -0.86756193 1.53485655 -0.59053582
v -0.86936873 1.53921306 -0.58544218
v -0.87703901 1.54821348 -0.59857481
v -0.87877225 1.55208718 -0.60606646
v -0.87963885 1.55651211 -0.60359793
v -0.87706369 1.55250847 -0.59456497
v -0.87429708 1.55743241 -0.59257805
v -0.87028545 1.56126511 -0.5938338
v -0.87647509 1.56303429 -0.60389071
v -0.88028079 1.56015253 -0.61062014
v -0.84932303 1.55624878 -0.59519296
v -0.84783601 1.5522269 -0.59968948
v -0.85949081 1.55715858 -0.60595637
v -0.86757046 1.5607413 -0.60898393
v -0.86401611 1.56212699 -0.60032349
v -0.85235816 1.55886113 -0.59033268
v -0.30873504 1.35951447 0.3639588
v -0.28778111 1.36868333 0.36614057
v -0.29132849 1.36821854 0.38994163
v -0.31819909 1.35742282 0.39159521
v -0.32881826 1.34931778 0.36759468
v -0.30287012 1.3673253 0.40589863
v -0.13777969 1.36229968 0.56655943
v -0.16215199 1.3496015 0.56793451
v -0.17137496 1.37762033 0.55836492
v -0.14529767 1.39951527 0.55454659
v -0.11721865 1.37509644 0.56313765
v -0.17530447 1.39771163 0.55183386
v 0.68126112 1.47651124 0.62798118
v 0.67409157 1.47989654 0.62132495
v 0.67334902 1.49030411 0.63172733
v 0.67952013 1.48470652 0.64419138
v 0.68496131 1.47341513 0.63808894
v 0.67075473 1.49183774 0.64457416
v 0.65107786 1.48732447 0.62509709
v 0.66219049 1.49143815 0.62815725
v 0.66435098 1.48249077 0.61784398
v 0.6601125 1.46706211 0.6093629
v 0.64806389 1.47211301 0.61135923
v 0.63838487 1.47728848 0.61887788
v 0.05454483 1.341084 0.51044392
v 0.02618118 1.38184404 0.49650082
v 0.03377082 1.38344132 0.46812337
v 0.08925259 1.29757607 0.50933396
v 0.06950417 1.30983269 0.53552568
v 0.03335794 1.38482058 0.4353452
v 0.06319213 1.34533798 0.43104794
v 0.09159416 1.31766378 0.42168226
v 0.10213613 1.3045957 0.45561203
v 0.11049398 1.2809602 0.49034348
v 0.13166678 1.29029154 0.4431338
v 0.13646034 1.26777541 0.47625508
v 0.14102931 1.24235832 0.51044559
v 0.11715166 1.25484788 0.52470755
v 0.09859647 1.27152979 0.54320991
v 0.07920144 1.28761601 0.56531339
v 0.12558792 1.23645675 0.56024307
v 0.10762503 1.25608146 0.57614016
v 0.08865504 1.27320921 0.5946784
v 0.06733924 1.28260898 0.61370986
v 0.05729784 1.2963401 0.58602637
v 0.1175895 1.24943804 0.60751366
v 0.09921501 1.26630532 0.62398409
v 0.07813897 1.27650296 0.64159095
v 0.05473407 1.28000426 0.65908604
v 0.04456023 1.28427743 0.63105547
v 0.11290672 1.26859509 0.65027946
v 0.09039954 1.2797786 0.66786688
v 0.06509483 1.28580093 0.68557345
v 0.03710975 1.28820669 0.70239144
v 0.02942313 1.27856433 0.67592287
v 0.10397697 1.28907704 0.69152092
v 0.07594674 1.29674518 0.70952445
v 0.04529457 1.30184423 0.72569447
v 0.01297459 1.30309772 0.74085003
v 0.00711673 1.28768122 0.71783542
v 0.08829923 1.30820787 0.73219358
v 0.05544956 1.31264853 0.74937313
v 0.02135371 1.31452906 0.76518553
v -0.01339876 1.31234955 0.78050947
v -0.01968774 1.29914581 0.7564339
v 0.06734237 1.32434845 0.77211171
v 0.03140415 1.32507371 0.78859734
v -0.00521855 1.3218348 0.80243271
v -0.04137535 1.3147341 0.81525325
v -0.04801844 1.30450081 0.79351824
v 0.04207233 1.3394376 0.80924451
v 0.00398539 1.33463525 0.82469785
v -0.03315934 1.32567799 0.83692628
v -0.07430052 1.31093359 0.8472476
v -0.08050864 1.30301594 0.825989
v 0.013018 1.35334968 0.84286451
v -0.02482218 1.34168326 0.85727232
v -0.06678976 1.32145905 0.86805313
v -0.016918 1.36476624 0.87459397
v -0.0519732 1.34760141 0.88914495
v -0.01045838 1.39098739 0.88928449
v -0.04507903 1.37387967 0.90591764
v -0.0751441 1.35366284 0.92056304
v -0.09816976 1.33132135 0.93201035
v -0.04292309 1.40316021 0.91869169
v -0.0726611 1.38218247 0.93650651
v -0.09697315 1.3605349 0.95068061
v -0.11530716 1.33788216 0.96244269
v -0.11497975 1.31027293 0.94048434
v -0.07625491 1.41284072 0.94718557
v -0.10158349 1.38913774 0.96589922
v -0.12224965 1.36371755 0.98006457
v -0.13800935 1.33763897 0.9914481
v -0.12915594 1.31505489 0.97140795
v -0.11185129 1.41571986 0.97493284
v -0.13514336 1.3876388 0.99237024
v -0.15322169 1.35852372 1.0054754
v -0.16756235 1.32859623 1.01615798
v -0.1508698 1.3116002 1.00108909
v -0.15050931 1.40980827 1.00036001
v -0.17163384 1.37793028 1.0157814
v -0.1879816 1.34631252 1.02748906
v -0.20140473 1.31530547 1.03798055
v -0.17927497 1.29976391 1.02540576
v -0.19162486 1.39871323 1.02227127
v -0.21059654 1.36540865 1.03522193
v -0.22624692 1.33274877 1.04663491
v -0.24023437 1.30055332 1.05710363
v -0.21344712 1.28466606 1.04772102
v -0.23488383 1.38528657 1.0394932
v -0.25278338 1.35120785 1.05109322
v -0.2683008 1.31782257 1.06218671
v -0.28224015 1.28476417 1.07313275
v -0.25356614 1.26811885 1.06756115
v -0.28046625 1.3703264 1.05233109
v -0.29721123 1.33650744 1.06360399
v -0.31173741 1.30307722 1.07516884
v -0.32477107 1.26998603 1.08679413
v -0.29592201 1.25157558 1.08396482
v -0.32692548 1.35562849 1.06321871
v -0.34228289 1.32180345 1.07519841
v -0.35506054 1.28865742 1.08749711
v -0.3658646 1.25607883 1.09936821
v -0.33760681 1.23769545 1.09823489
v -0.37397015 1.34004569 1.07367014
v -0.38751268 1.30606865 1.08666706
v -0.39738491 1.27220618 1.0992484
v -0.41996541 1.31979596 1.08362221
v -0.43075135 1.28374671 1.09722626
v -0.44962757 1.32935738 1.07613754
v -0.4629839 1.29072535 1.09115862
v -0.47006285 1.25042879 1.10422575
v -0.4684984 1.20977878 1.11415159
v -0.49152314 1.29484379 1.07813561
v -0.5010674 1.25094389 1.0916115
v -0.50036907 1.20580565 1.10172331
v -0.48896271 1.16272974 1.10756897
v -0.45722159 1.1722089 1.11969947
v -0.52667713 1.25009977 1.07225966
v -0.52772122 1.20077145 1.0824182
v -0.51629757 1.15375495 1.08821535
v -0.49480855 1.1127243 1.09031331
v -0.46954354 1.12564289 1.10958921
v -0.54706561 1.19624376 1.05638194
v -0.53539162 1.14573788 1.06137561
v -0.51105845 1.10304975 1.06244087
v -0.48171806 1.0680623 1.0617274
v -0.46672675 1.07855105 1.08912205
v -0.54074251 1.14245414 1.02927815
v -0.51598805 1.09973096 1.03005456
v -0.48628863 1.06506681 1.02916157
v -0.45677268 1.03663742 1.02644395
v -0.45239669 1.0389893 1.05847001
v -0.51039904 1.10266876 0.99759542
v -0.48105281 1.06928169 0.99628579
v -0.45198142 1.04224908 0.99376297
v -0.42249918 1.01802611 0.99101978
v -0.42702531 1.01208734 1.02232837
v -0.46858593 1.08003401 0.96595794
v -0.43954888 1.05416512 0.96370714
v -0.41011351 1.03000521 0.9621877
v -0.37993225 1.00674998 0.96240556
v -0.39220038 0.99525421 0.98924297
v -0.42113646 1.07106351 0.93910205
v -0.39092853 1.04701733 0.93880426
v -0.36066216 1.02355504 0.94042891
v -0.3303681 1.00157654 0.94387531
v -0.34992373 0.98402726 0.96398466
v -0.36549353 1.06907415 0.92609334
v -0.33416044 1.04680085 0.92953199
v -0.3391864 1.09441161 0.92526084
v -0.30656066 1.07482326 0.93047207
v -0.31799212 1.12021756 0.92739099
v -0.28574234 1.10220217 0.93318688
v -0.30128535 1.14509129 0.92741674
v -0.26929149 1.12791001 0.93299317
v -0.23721726 1.11584639 0.93786126
v -0.2059949 1.10904526 0.94362306
v -0.25557068 1.15296042 0.92789435
v -0.22485114 1.14183628 0.9318633
v -0.19602333 1.13629674 0.93831729
v -0.2151314 1.16520643 0.92425668
v -0.18734891 1.1602894 0.93136698
v -0.16246908 1.16137361 0.94913888
v -0.16788297 1.13588964 0.95173209
v -0.1754461 1.10833442 0.95488625
v -0.15553951 1.14026653 0.98038512
v -0.15414346 1.11181676 0.98007941
v -0.15475323 1.08234107 0.97849595
v -0.15579734 1.05207037 0.97620475
v -0.16447582 1.11443913 1.0101993
v -0.16027842 1.08440434 1.0105257
v -0.15488824 1.0536977 1.00782895
v -0.14814655 1.02273833 1.00507271
v -0.1558517 1.02017486 0.97762823
v -0.18316219 1.0824635 1.03220927
v -0.17552685 1.05088746 1.03043532
v -0.16574114 1.01954388 1.02705943
v -0.15428704 0.98808002 1.02261567
v -0.13912797 0.99146503 1.00335764
v -0.20040445 1.04496407 1.0469737
v -0.18785294 1.01360309 1.04211986
v -0.17333516 0.98270738 1.03601658
v -0.15820948 0.9523772 1.02976453
v -0.14248396 0.95724356 1.01836967
v -0.21024866 1.00421369 1.0543642
v -0.19228966 0.97483956 1.04653132
v -0.17386548 0.94590538 1.03851234
v -0.15685337 0.91719031 1.03110086
v -0.14387522 0.92234396 1.02385377
v -0.20949991 0.96413224 1.05463421
v -0.18884456 0.93721538 1.04547619
v -0.1693003 0.91026526 1.03668689
v -0.15106891 0.88279306 1.02853977
v -0.1417604 0.88784307 1.02446889
v -0.20205311 0.92565536 1.04976713
v -0.18004934 0.9011116 1.04016161
v -0.15959507 0.87633907 1.03120577
v -0.14150643 0.850694 1.02284991
v -0.13550286 0.85478133 1.02116549
v -0.19045808 0.89070254 1.04101312
v -0.16808544 0.86828517 1.03202223
v -0.14829105 0.8454734 1.02390945
v -0.13119998 0.82334429 1.01721847
v -0.12632046 0.82676929 1.01623058
v -0.17651142 0.85997867 1.03062498
v -0.15488386 0.83968055 1.02363669
v -0.13622668 0.8197177 1.01735937
v -0.11976749 0.80185222 1.01154458
v -0.11677789 0.80472761 1.01151549
v -0.16183438 0.83321303 1.02042663
v -0.14100372 0.81557768 1.01575768
v -0.16590526 0.8295139 1.01404368
v -0.14443844 0.81283354 1.01101529
v -0.16448819 0.83191186 1.00592458
v -0.14351442 0.81462872 1.00543189
v -0.16040369 0.83638548 0.99865949
v -0.14035081 0.81779599 1.0008614
v -0.12263621 0.80090606 1.00181734
v -0.10586334 0.78541308 1.00164902
v -0.13622282 0.82108855 0.99814802
v -0.12000847 0.80330658 1.00012493
v -0.13149021 0.82459336 0.99612027
v -0.11696619 0.80572938 0.99879604
v -0.12667712 0.82796007 0.99501413
v -0.1138365 0.80788552 0.99789744
v -0.1214948 0.83137595 0.99456012
v -0.11057664 0.81009167 0.99752688
v -0.10047328 0.79254406 0.99874556
v -0.10760167 0.8122285 0.99726545
v -0.09886039 0.79387009 0.99875509
v -0.10427648 0.81431865 0.99769502
v -0.11589603 0.83436155 0.99477094
v -0.11004867 0.83653062 0.99602282
v -0.10449351 0.83812701 0.99957186
v -0.10068146 0.81608665 1.00012671
v -0.10640432 0.83775585 1.00663161
v -0.1007739 0.81595677 1.00449657
v -0.11187227 0.83589434 1.01064515
v -0.10373589 0.81382942 1.0073415
v -0.11664292 0.83320432 1.01301717
v -0.10670109 0.81165927 1.00894391
v -0.12164448 0.82993632 1.01485717
v -0.11017011 0.80929958 1.01006746
v -0.10078224 0.7920801 1.00570678
v -0.11346095 0.80705368 1.01091551
v -0.12854969 0.85896205 1.01831221
v -0.12071519 0.86242824 1.01423931
v -0.13126125 0.8921476 1.01863467
v -0.11295038 0.86465096 1.00826883
v -0.12141974 0.89524078 1.01106321
v -0.13136704 0.92639219 1.01405549
v -0.11640542 0.89645147 1.00039565
v -0.1233219 0.92876172 1.00147342
v -0.13221825 0.95974588 1.00187063
v -0.13272234 0.9253202 0.98787164
v -0.1419391 0.95647633 0.98384565
v -0.14974696 0.98786985 0.97972834
v -0.16125629 0.95036852 0.97522163
v -0.17391766 0.98137784 0.9690755
v -0.18074642 0.9422732 0.97071063
v -0.19882969 0.9718756 0.96339297
v -0.19847798 0.93018192 0.96858322
v -0.22189641 0.95593065 0.96065592
v -0.21444782 0.91563552 0.97084784
v -0.2417245 0.93750202 0.96352416
v -0.27138793 0.95920079 0.95610594
v -0.2583101 0.92130643 0.97277867
v -0.28990793 0.94147884 0.96956431
v -0.32042017 0.96210044 0.96678388
v -0.30064266 0.98041343 0.94867426
v -0.30165147 0.92972511 0.98938047
v -0.33236801 0.95111537 0.98996353
v -0.36230137 0.97287166 0.98921006
v -0.33711999 0.94544082 1.0149573
v -0.36729332 0.96768921 1.01656985
v -0.39700755 0.98978674 1.01864433
v -0.3649677 0.96902787 1.04357206
v -0.39355665 0.99206924 1.04770922
v -0.42278161 1.01448404 1.0532068
v -0.38234779 1.00185942 1.07256066
v -0.41032102 1.02494108 1.07949805
v -0.43863189 1.04965281 1.0858289
v -0.39097926 1.04165816 1.09757816
v -0.4174194 1.06650519 1.10423076
v -0.44425416 1.09397053 1.10827183
v -0.39140477 1.08679866 1.11385631
v -0.4160538 1.11229717 1.11879718
v -0.4390887 1.14035832 1.1209979
v -0.38490924 1.13370049 1.12000107
v -0.40619519 1.15755868 1.12263703
v -0.35438925 1.15922939 1.11425614
v -0.37571474 1.18062186 1.11736595
v -0.32934632 1.1876564 1.10479319
v -0.35316321 1.20757019 1.10874426
v -0.3106645 1.21846306 1.09466791
v -0.26770561 1.23496115 1.07740962
v -0.23782081 1.22113895 1.06526696
v -0.22554156 1.25357484 1.05682349
v -0.2076057 1.21072697 1.04721486
v -0.19869247 1.24139106 1.0411992
v -0.18927151 1.27078735 1.03387498
v -0.17563363 1.23249542 1.02197122
v -0.1688655 1.25911092 1.01576232
v -0.16063638 1.28547442 1.00878453
v -0.15330731 1.24844217 0.99222719
v -0.14669178 1.27109372 0.98571658
v -0.13912704 1.29302883 0.97883206
v -0.13984437 1.25640654 0.95956736
v -0.1340333 1.27444934 0.95365238
v -0.12610143 1.29167735 0.94759059
v -0.13562981 1.25657868 0.92708927
v -0.12956346 1.26992619 0.92231625
v -0.12137654 1.28337335 0.91705322
v -0.14558672 1.25604295 0.89733248
v -0.13946512 1.26537406 0.8922612
v -0.17463353 1.25361013 0.88369369
v -0.17024581 1.26221931 0.87828266
v -0.20863555 1.25573349 0.88115668
v -0.20623466 1.26258838 0.87531805
v -0.2051251 1.26744735 0.8690896
v -0.24081954 1.26749622 0.87850046
v -0.24045643 1.2717303 0.87172085
v -0.24153187 1.27223849 0.86345624
v -0.20559892 1.26943612 0.86095219
v -0.24379131 1.26877415 0.85530561
v -0.20753771 1.26695728 0.85127842
v -0.24636484 1.26306819 0.84729582
v -0.21019311 1.26152491 0.84079366
v -0.16977661 1.26897084 0.8358432
v -0.21269126 1.25311541 0.83012145
v -0.171402 1.26002728 0.82207536
v -0.1275371 1.27571332 0.81385749
v -0.1254186 1.28486108 0.83202898
v -0.08501093 1.29270124 0.80439806
v -0.12832525 1.263713 0.79602068
v -0.08674551 1.27846086 0.78389793
v -0.05205208 1.29040706 0.77053272
v -0.08809295 1.26385533 0.76079523
v -0.05439789 1.27444744 0.74663841
v -0.02337296 1.28290963 0.73248273
v -0.05759658 1.26208198 0.71793645
v -0.02751481 1.27111995 0.70456886
v 0.00130953 1.27622258 0.691374
v -0.03256675 1.26763868 0.67344248
v -0.00500193 1.27455484 0.66113305
v 0.02074495 1.28061652 0.64702945
v -0.01241734 1.28370654 0.63152688
v 0.01131518 1.29245531 0.61873382
v 0.03446708 1.2972244 0.60381746
v 0.00101224 1.31067311 0.59356695
v 0.02376469 1.31670987 0.57877528
v 0.04670181 1.31688082 0.55999475
v 0.01141114 1.34153008 0.55690014
v 0.03483021 1.34302187 0.53714126
v -0.00338448 1.36968576 0.53977799
v 0.01388759 1.37685859 0.51999628
v -0.03033502 1.39720988 0.53162926
v -0.02066108 1.40735137 0.51289016
v -0.07091034 1.42167234 0.53052407
v -0.06532336 1.42870545 0.51366907
v -0.11992347 1.4401617 0.52952671
v -0.11709698 1.44521403 0.51500773
v -0.1684879 1.44593894 0.52548807
v -0.16598087 1.44912481 0.51149708
v -0.16391497 1.44442701 0.49620938
v -0.20680651 1.44052445 0.50420504
v -0.20055912 1.43593335 0.49028042
v -0.19265906 1.42612421 0.47663322
v -0.18384192 1.41571712 0.4570921
v -0.23199251 1.42303848 0.48170292
v -0.22168666 1.41643643 0.46820229
v -0.21069888 1.40835654 0.45021727
v -0.20053422 1.40256476 0.4226205
v -0.17311739 1.40865814 0.42712861
v -0.2484404 1.40411973 0.45715922
v -0.23698267 1.39915299 0.44024741
v -0.22695021 1.3948239 0.4160555
v -0.21831868 1.39383733 0.38545841
v -0.19185383 1.40119516 0.39102655
v -0.2613599 1.38805222 0.42904841
v -0.25140735 1.38571548 0.40738141
v -0.24342852 1.38562011 0.37875422
v -0.27362147 1.37632298 0.39822173
v -0.26677659 1.37711191 0.3716017
v -0.26444271 1.37993586 0.34110188
v -0.23890598 1.38934361 0.34643158
v -0.21242852 1.39778101 0.35226073
v -0.23691056 1.39526784 0.3131791
v -0.20856212 1.40446496 0.31875482
v -0.17903073 1.41244566 0.32486131
v -0.18448631 1.40530276 0.35810828
v -0.14767085 1.41895997 0.33163979
v -0.15425837 1.41169703 0.36426612
v -0.16281373 1.40740323 0.39615452
v -0.12068592 1.41685688 0.37174525
v -0.1301776 1.41245114 0.40219053
v -0.08317946 1.42007374 0.38128164
v -0.11387153 1.42391765 0.33952447
v -0.07782343 1.42664456 0.34826839
v -0.04096485 1.42428422 0.35630199
v -0.04436193 1.41912508 0.39091649
v -0.00504765 1.41481244 0.36193558
v -0.00621301 1.40996074 0.39796361
v 0.02802174 1.39470899 0.36278206
v 0.0299959 1.38743281 0.39977201
v 0.05418617 1.36702561 0.35834327
v 0.05668308 1.35447394 0.39539021
v 0.07995801 1.34118378 0.34954696
v 0.08291963 1.328058 0.38562506
v 0.11359565 1.32393705 0.34164997
v 0.11713091 1.31276774 0.37532961
v 0.12433236 1.3037647 0.40981397
v 0.15439459 1.30920636 0.36892417
v 0.15939985 1.29958522 0.40201994
v 0.16297642 1.28301179 0.43370351
v 0.16397784 1.25837516 0.46525001
v 0.19306395 1.29805755 0.39595469
v 0.1901289 1.30978071 0.36453661
v 0.22440965 1.3121984 0.36048913
v 0.22635522 1.2993499 0.39130076
v 0.25764218 1.31635093 0.35652151
v 0.21956375 1.32209885 0.32880681
v 0.24975341 1.32700502 0.32400071
v 0.2738282 1.33268904 0.3184404
v 0.28682601 1.32188475 0.3514001
v 0.29404443 1.3385055 0.31137853
v 0.3098073 1.32758116 0.34263718
v 0.31313332 1.34104907 0.30092573
v 0.33042165 1.32970631 0.33116874
v 0.34679058 1.31654357 0.36311435
v 0.34690725 1.32311451 0.31689766
v 0.36510029 1.31038129 0.34846523
v 0.37603497 1.29192221 0.38241916
v 0.35601088 1.30014991 0.39558553
v 0.37579417 1.26981711 0.41115275
v 0.35816189 1.28211772 0.42343953
v 0.37433889 1.24957382 0.43409824
v 0.35970854 1.26183843 0.44641828
v 0.34218677 1.26627278 0.45478078
v 0.3224799 1.25990808 0.45943307
v 0.36534068 1.24234581 0.46716496
v 0.35070383 1.24655139 0.4750669
v 0.33502206 1.24188745 0.4793092
v 0.31946206 1.22869789 0.47912699
v 0.30411624 1.24214768 0.46038475
v 0.31674292 1.19613742 0.49210351
v 0.30065155 1.16824221 0.50598919
v 0.29917538 1.17555534 0.47874879
v 0.27969858 1.15429532 0.4987356
v 0.27986979 1.15883719 0.46828097
v 0.25895798 1.14656639 0.49703148
v 0.2586883 1.14918875 0.46603944
v 0.2587715 1.16245126 0.4386323
v 0.25597107 1.18947732 0.42766723
v 0.25923472 1.22104752 0.42804941
v 0.23810975 1.14491617 0.49859127
v 0.24134475 1.15563154 0.52975332
v 0.26211062 1.15407931 0.53097599
v 0.2587963 1.16698622 0.56430345
v 0.23929247 1.16851127 0.55463737
v 0.28141608 1.15851116 0.53412324
v 0.27737242 1.17183911 0.57052928
v 0.26092097 1.18951964 0.60041594
v 0.24231866 1.18270647 0.5928176
v 0.30109852 1.17366182 0.53983837
v 0.29724404 1.18806493 0.57246184
v 0.28332004 1.20488917 0.60162502
v 0.26128557 1.22424137 0.62870985
v 0.23586401 1.20823383 0.62591487
v 0.30861261 1.23103332 0.59694731
v 0.29043209 1.24757003 0.62336731
v 0.2714003 1.26807975 0.64913874
v 0.24013027 1.24605286 0.65121245
v 0.33565372 1.27603662 0.58776599
v 0.32039964 1.28621113 0.61267459
v 0.29956755 1.30140197 0.6411091
v 0.27369493 1.31932961 0.67008107
v 0.24834089 1.28957271 0.67289435
v 0.3415912 1.34147954 0.60403919
v 0.31721144 1.34718048 0.63371062
v 0.28829652 1.35714578 0.66457748
v 0.25668403 1.36797106 0.69684743
v 0.24282442 1.3353759 0.69988668
v 0.31948342 1.39553213 0.62441206
v 0.29062828 1.39944684 0.65544408
v 0.25940337 1.40436673 0.68880248
v 0.2264235 1.40826785 0.72444301
v 0.22207219 1.37656998 0.73007869
v 0.28616029 1.44117546 0.64427721
v 0.25435349 1.44113302 0.67741662
v 0.22286875 1.4418323 0.71330934
v 0.18906711 1.44347047 0.7491762
v 0.19055292 1.41196727 0.76037007
v 0.2461348 1.47799086 0.66444188
v 0.21348799 1.47563636 0.69810247
v 0.18269866 1.47641336 0.73487013
v 0.14965136 1.47734653 0.77164787
v 0.15343071 1.44576323 0.7850911
v 0.20311825 1.50995206 0.68383741
v 0.17083993 1.50788354 0.71854209
v 0.14023831 1.50838863 0.75580728
v 0.10698343 1.50778126 0.79331684
v 0.11351135 1.47709667 0.80765336
v 0.15921196 1.54074406 0.70447611
v 0.12551283 1.53651821 0.73903673
v 0.09425918 1.53537666 0.77794224
v 0.06075931 1.53208982 0.81788861
v 0.06989245 1.5036726 0.82995826
v 0.11033161 1.56540811 0.72432869
v 0.07760164 1.55979716 0.76250094
v 0.04663762 1.55738711 0.80450958
v 0.01189613 1.55007767 0.8455336
v 0.02328659 1.52401864 0.85581165
v 0.06055227 1.5850315 0.7501589
v 0.02850777 1.57862806 0.79076331
v -0.00348986 1.57298195 0.83434736
v -0.04063353 1.55843424 0.87495082
v -0.02749312 1.53555071 0.88332027
v 0.00935675 1.60025131 0.77920359
v -0.02282192 1.59107697 0.82144248
v -0.05662014 1.5789268 0.86487066
v -0.09467046 1.56023287 0.90635663
v -0.08033247 1.53888201 0.91368854
v -0.04297372 1.61019957 0.81101459
v -0.07430734 1.59851658 0.85544347
v -0.1106424 1.57967913 0.89780193
v -0.15049764 1.55603218 0.9387713
v -0.13440111 1.53617119 0.94564342
v -0.09511744 1.61457705 0.84479373
v -0.12766884 1.59776532 0.88898062
v -0.16687323 1.57423281 0.93021529
v -0.20713685 1.54868376 0.9689973
v -0.18917027 1.52939701 0.97640723
v -0.14804622 1.61202597 0.87830859
v -0.18365378 1.58991026 0.92099386
v -0.22435037 1.56481981 0.95908767
v -0.26303732 1.53618931 0.991351
v -0.24424976 1.51836311 1.00049507
v -0.2025357 1.59969687 0.90983027
v -0.24155993 1.5773766 0.94765991
v -0.28099387 1.54966855 0.97940462
v -0.31702965 1.51627397 1.0043993
v -0.29800549 1.50177013 1.01527285
v -0.2588984 1.58475112 0.93430888
v -0.29842975 1.55916953 0.9655388
v -0.3345558 1.52520573 0.98960596
v -0.3675934 1.4886049 1.00824499
v -0.35018435 1.47951281 1.02283811
v -0.31396836 1.56186628 0.94942903
v -0.3497293 1.52869224 0.97234362
v -0.3821043 1.49243962 0.99062782
v -0.41408604 1.45699429 1.00582265
v -0.39970034 1.45248901 1.02367115
v -0.36212107 1.52628231 0.95465415
v -0.39347261 1.49108767 0.97136455
v -0.42487207 1.45698607 0.98567515
v -0.4558843 1.42185282 0.9985457
v -0.44511583 1.42107904 1.01956284
v -0.40193837 1.48396909 0.95134997
v -0.43180978 1.45074904 0.96411943
v -0.46099889 1.4170289 0.97597789
v -0.488312 1.38023114 0.98738002
v -0.48371866 1.38345074 1.01069247
v -0.43327578 1.43758118 0.94394499
v -0.45942717 1.40534651 0.95489972
v -0.48402077 1.37110102 0.96538847
v -0.50763273 1.33278608 0.97493636
v -0.51294672 1.33949112 0.99884659
v -0.45176875 1.38873696 0.93705231
v -0.47302442 1.35729086 0.94681787
v -0.49414828 1.32272028 0.95493513
v -0.51290309 1.28273081 0.96236413
v -0.52839434 1.2895832 0.98389911
v -0.45635569 1.34019553 0.93243581
v -0.47377899 1.3098942 0.93962103
v -0.4899055 1.27458512 0.94573038
v -0.5014761 1.23613464 0.94894844
v -0.52642583 1.23911166 0.9672001
v -0.44736763 1.29429602 0.9281975
v -0.46106883 1.26473701 0.93348813
v -0.47127544 1.2331866 0.93592113
v -0.5033757 1.19664192 0.94831919
v -0.42531439 1.25057244 0.92530018
v -0.43374389 1.22437882 0.92788165
v -0.3886007 1.23182082 0.92096048
v -0.39852204 1.20861864 0.92391973
v -0.36550754 1.18825745 0.92243659
v -0.38037136 1.16414499 0.9236406
v -0.35382336 1.20970225 0.91965651
v -0.32051464 1.18786954 0.92074376
v -0.33345669 1.16595852 0.92354881
v -0.37923976 1.25231528 0.91674262
v -0.34392407 1.22840225 0.91565007
v -0.30977273 1.20712542 0.91616541
v -0.27609133 1.18951606 0.91795164
v -0.28763511 1.16860091 0.92422038
v -0.3351624 1.24379038 0.91126304
v -0.30079871 1.22275245 0.91113072
v -0.26696476 1.20655989 0.91106164
v -0.23517152 1.19425916 0.91222816
v -0.2440655 1.17506587 0.92006003
v -0.2934798 1.23575413 0.90598809
v -0.25967106 1.22099065 0.9047417
v -0.22758302 1.21095228 0.90547847
v -0.19834896 1.20433104 0.90997684
v -0.20640859 1.18603909 0.91672152
v -0.25398987 1.23353636 0.89901429
v -0.22094218 1.22573089 0.89879816
v -0.1907681 1.22086918 0.90322792
v -0.16400097 1.21830701 0.91406136
v -0.17066 1.20077395 0.91898125
v -0.21624136 1.2371453 0.89291214
v -0.1851235 1.23333239 0.89676046
v -0.15803125 1.23316085 0.90888226
v -0.17946547 1.24409353 0.88967901
v -0.1507999 1.24443304 0.90172147
v -0.14045344 1.24124658 0.93209809
v -0.14577654 1.22426879 0.93688517
v -0.15154774 1.20532453 0.94136214
v -0.14409753 1.23668873 0.9654845
v -0.14871399 1.21541225 0.97034007
v -0.15225908 1.19216728 0.97505742
v -0.15629638 1.18404257 0.94546264
v -0.15821504 1.22472798 0.99794197
v -0.16280385 1.19933426 1.00304901
v -0.16595947 1.17218959 1.006778
v -0.1547781 1.16715955 0.97846555
v -0.18213491 1.20455896 1.02737426
v -0.18682274 1.17487454 1.03071558
v -0.18914051 1.14484155 1.03288376
v -0.16648104 1.14380466 1.00917851
v -0.18767336 1.11394321 1.03318822
v -0.21085929 1.07724154 1.05096089
v -0.24216793 1.06679785 1.06867599
v -0.22655046 1.03475213 1.06163239
v -0.27085581 1.05003523 1.08237052
v -0.25153669 1.01924991 1.0734384
v -0.23125506 0.9908086 1.06427288
v -0.27383032 1.00095236 1.07998108
v -0.25005769 0.97417318 1.06996631
v -0.22554606 0.94952482 1.0597738
v -0.26722717 0.9568175 1.07108664
v -0.24007743 0.93378776 1.06070792
v -0.21423952 0.91236972 1.05043506
v -0.25381839 0.91912615 1.05647957
v -0.22632551 0.89951282 1.04678726
v -0.20073063 0.88005632 1.03833413
v -0.2368111 0.88916069 1.03762912
v -0.20972442 0.87078267 1.03148531
v -0.18438215 0.85225164 1.0256195
v -0.21579353 0.86507499 1.01925349
v -0.18971751 0.84740936 1.01654589
v -0.21481193 0.86733609 1.00504434
v -0.18819661 0.85003203 1.00544261
v -0.21005877 0.87345969 0.99273937
v -0.18357768 0.85548871 0.99562001
v -0.20111116 0.88308578 0.98361361
v -0.17652533 0.86297285 0.98911988
v -0.15467344 0.84196287 0.99395334
v -0.16748215 0.87126565 0.98542743
v -0.14818331 0.84707087 0.99150633
v -0.15795345 0.87849503 0.98420137
v -0.14141823 0.85186165 0.99045646
v -0.14779458 0.88459116 0.98487478
v -0.13372488 0.85659259 0.99039512
v -0.13618032 0.88974225 0.98693704
v -0.12523409 0.8607586 0.99135094
v -0.12399814 0.89393353 0.99129957
v -0.1163131 0.86375653 0.99406415
v -0.10983611 0.86531126 0.99973267
v -0.14816999 0.91983538 0.98143208
v -0.1633597 0.91339534 0.97804659
v -0.17690296 0.90514749 0.97665274
v -0.18963179 0.89423823 0.97830778
v -0.2284192 0.9019373 0.97784829
v -0.23911988 0.89109486 0.99037456
v -0.26993459 0.9097079 0.98892939
v -0.24411428 0.8847329 1.00596797
v -0.27494105 0.90336567 1.00850343
v -0.30662825 0.92338013 1.01211297
v -0.27331838 0.90259105 1.02802157
v -0.30482226 0.92247623 1.0349127
v -0.33598351 0.94471913 1.04013609
v -0.2965416 0.92802286 1.05408048
v -0.32717776 0.95165741 1.06163072
v -0.35509133 0.97755211 1.06692397
v -0.31216737 0.96518212 1.07548832
v -0.33891838 0.99196314 1.08248341
v -0.36489632 1.01747405 1.08972108
v -0.3189432 1.00984406 1.09004104
v -0.34300252 1.03703939 1.09863734
v -0.36708265 1.06253802 1.10697007
v -0.31778052 1.05941712 1.09876513
v -0.33989635 1.08672225 1.10729706
v -0.3619945 1.11047661 1.11463773
v -0.29601165 1.02986276 1.08965301
v -0.29406371 0.982378 1.08095979
v -0.28316929 0.94041061 1.06679475
v -0.2657665 0.90771174 1.04538261
v -0.24337679 0.88384211 1.02258563
v -0.1783134 1.18145287 0.92440331
v -0.21183237 1.247105 0.88679087
v -0.24925635 1.24415385 0.89404946
v -0.24527937 1.25342738 0.88926756
v -0.2425632 1.2609142 0.88422197
v -0.27847033 1.26478588 0.89299947
v -0.27564567 1.27161407 0.88828223
v -0.27381017 1.27716422 0.88241052
v -0.30804905 1.2892723 0.89075756
v -0.30601936 1.29397332 0.88515043
v -0.30555132 1.29682958 0.87813502
v -0.27375036 1.28062284 0.87549477
v -0.30759796 1.29588115 0.87101668
v -0.27596023 1.28049433 0.86799776
v -0.31149709 1.29166019 0.86543327
v -0.27867826 1.27700567 0.86081647
v -0.31583201 1.2869842 0.85956031
v -0.2822265 1.27145743 0.85469275
v -0.32104149 1.28095114 0.85375016
v -0.28631234 1.26490187 0.84824842
v -0.24954356 1.255723 0.83932209
v -0.29134163 1.25760114 0.84128439
v -0.25350809 1.24747169 0.83104115
v -0.21586354 1.2437421 0.81933593
v -0.17274142 1.25016284 0.80736011
v -0.12837585 1.25073266 0.77519565
v -0.12802651 1.2405194 0.74670338
v -0.09027548 1.25244832 0.73211699
v -0.12643909 1.23264515 0.70931434
v -0.0925848 1.24492907 0.69764936
v -0.06158041 1.25650298 0.68531036
v -0.09591718 1.24726963 0.66124355
v -0.066444 1.26118552 0.6519882
v -0.03857347 1.27382195 0.6425684
v -0.0730201 1.27580261 0.62336534
v -0.04613971 1.2888925 0.61508154
v -0.02183673 1.30067896 0.60518509
v -0.05596731 1.31046497 0.59350431
v -0.03329873 1.32302546 0.5843029
v -0.01109701 1.33396601 0.57230639
v -0.04663103 1.34765768 0.56865543
v -0.02557762 1.3595103 0.5568096
v -0.06285183 1.37298905 0.55865401
v -0.04447715 1.385239 0.54679876
v -0.08984578 1.39915251 0.55135333
v -0.07941113 1.41130864 0.54250741
v -0.13042333 1.42002821 0.54627925
v -0.12465864 1.43112957 0.53996312
v -0.17362235 1.4252882 0.54229134
v -0.17119337 1.43778657 0.53625166
v -0.21021387 1.41729462 0.53813338
v -0.21134211 1.42975711 0.53039139
v -0.2104581 1.43802022 0.51869654
v -0.24548703 1.41439819 0.52273339
v -0.24440924 1.42268669 0.51015192
v -0.23980081 1.42581677 0.49558764
v -0.27378982 1.40539491 0.49984788
v -0.26888498 1.40949654 0.48536992
v -0.26063028 1.40913212 0.47101211
v -0.29564151 1.39445197 0.47378692
v -0.28618201 1.39497566 0.45917809
v -0.27280035 1.39092159 0.44525647
v -0.30931448 1.38037097 0.44655394
v -0.29630008 1.37864053 0.43340969
v -0.28406205 1.3773818 0.41813135
v -0.31800141 1.36635863 0.41986692
v -0.3324885 1.3655107 0.43187433
v -0.35047128 1.34887397 0.41046494
v -0.33433353 1.35322046 0.40154618
v -0.36056321 1.33369422 0.38242781
v -0.34499746 1.34084451 0.37457788
v -0.36980998 1.32438552 0.3486635
v -0.35409265 1.33442497 0.34299752
v -0.33553373 1.34602892 0.33873125
v -0.36279955 1.3308599 0.30729612
v -0.3419781 1.34495353 0.30465802
v -0.3179261 1.35920333 0.30364874
v -0.31321582 1.35833203 0.33647367
v -0.29167288 1.37276256 0.30500516
v -0.28905516 1.36964535 0.33743175
v -0.26451376 1.38483238 0.30843314
v -0.29526811 1.37887501 0.27252444
v -0.26624062 1.39213037 0.27613848
v -0.23666538 1.40374481 0.280788
v -0.26830613 1.40046083 0.24667221
v -0.23730386 1.41304719 0.25132316
v -0.20586697 1.4238522 0.2565242
v -0.20657423 1.41378116 0.28626903
v -0.17369683 1.43295061 0.26251888
v -0.17557869 1.42226386 0.29244434
v -0.14029564 1.44015717 0.26932415
v -0.14312814 1.42903018 0.29943078
v -0.10576684 1.44540393 0.2768557
v -0.10911235 1.43405091 0.30728414
v -0.07049364 1.44812405 0.28442099
v -0.0737973 1.43671667 0.31547859
v -0.034964 1.44597113 0.29097986
v -0.03791281 1.43444109 0.32268288
v -0.00040979 1.4363929 0.29539942
v -0.00308578 1.42455101 0.32733127
v 0.03158193 1.41923093 0.29707822
v 0.02874082 1.40606963 0.32801285
v 0.05932494 1.39646554 0.29381719
v 0.05581627 1.38151419 0.32413098
v 0.08467115 1.37201476 0.2875944
v 0.08118592 1.35627281 0.31652185
v 0.11525476 1.35397255 0.28227651
v 0.11335916 1.33830416 0.31005927
v 0.1485119 1.34459078 0.27916246
v 0.14863674 1.33002388 0.30567267
v 0.15063221 1.31782674 0.33634653
v 0.18260994 1.32924103 0.30234
v 0.18634371 1.31885945 0.33273246
v 0.21299536 1.33223748 0.2988182
v 0.17995819 1.34157586 0.27678793
v 0.20656171 1.3431276 0.27469432
v 0.22944021 1.34960687 0.27137792
v 0.23961359 1.33785307 0.29413208
v 0.24971303 1.3570671 0.26585006
v 0.2612667 1.34446322 0.28883245
v 0.26678535 1.36435866 0.25918144
v 0.27970635 1.35077333 0.28268283
v 0.2825849 1.36840498 0.24999913
v 0.29722571 1.35389041 0.27355712
v 0.29624551 1.36620652 0.23697161
v 0.31232807 1.35027706 0.26028165
v 0.32848814 1.33539104 0.2870928
v 0.32063883 1.33812665 0.24569463
v 0.33760985 1.32224559 0.27204534
v 0.35723945 1.30858182 0.30060014
v 0.34236004 1.30324494 0.25491702
v 0.36214956 1.28787255 0.28281253
v 0.38339456 1.27414417 0.31560596
v 0.37691026 1.29549121 0.33186522
v 0.39988994 1.25827276 0.35065922
v 0.3904311 1.27770233 0.36728489
v 0.40222802 1.23611009 0.37966257
v 0.38920211 1.25487446 0.39648273
v 0.3978888 1.21447944 0.40303078
v 0.38449835 1.23385798 0.41943562
v 0.3971467 1.19663214 0.42788475
v 0.38497722 1.21614396 0.44360539
v 0.37671074 1.23139119 0.4562948
v 0.39295265 1.20333516 0.4677014
v 0.38365665 1.21752798 0.47946399
v 0.37301048 1.22728753 0.4894047
v 0.39327248 1.20776486 0.50082403
v 0.38299402 1.21627187 0.51161152
v 0.40370693 1.20104885 0.51853847
v 0.39204266 1.21014559 0.52930235
v 0.4145343 1.19692313 0.53532069
v 0.40108573 1.20636761 0.54587471
v 0.39059987 1.21942806 0.55596369
v 0.38809487 1.23952758 0.55900979
v 0.40920588 1.20599162 0.56662833
v 0.40100902 1.22222375 0.57364654
v 0.39905288 1.24495005 0.5739122
v 0.41356784 1.22815883 0.59826546
v 0.41247776 1.25223732 0.5941596
v 0.43136578 1.2398554 0.6279295
v 0.42865246 1.2646203 0.61843013
v 0.43199592 1.2884953 0.5995236
v 0.44577151 1.30618405 0.57005417
v 0.44858112 1.28147399 0.63871938
v 0.44928726 1.3045839 0.61602652
v 0.45916876 1.32059848 0.58579987
v 0.47785192 1.32014107 0.55727523
v 0.46670055 1.30643761 0.54174703
v 0.4685474 1.32273352 0.63027012
v 0.47623547 1.33593833 0.59961986
v 0.4922094 1.33737397 0.5703631
v 0.51225054 1.32448482 0.5508871
v 0.49682086 1.30682849 0.53885293
v 0.49530673 1.35389459 0.61144131
v 0.50996774 1.35330283 0.58290338
v 0.52893483 1.34234201 0.56189435
v 0.54842931 1.32432746 0.55092185
v 0.53023171 1.30565679 0.54218423
v 0.52889454 1.37126052 0.59296602
v 0.54639363 1.36156082 0.57098823
v 0.5662989 1.34449958 0.56010484
v 0.58498936 1.32457125 0.56031018
v 0.56496155 1.30288374 0.55368876
v 0.56468766 1.38116908 0.58108532
v 0.58363771 1.36699736 0.56906133
v 0.60306119 1.34963703 0.56783074
v 0.62003195 1.33226621 0.57697337
v 0.60082763 1.30469322 0.56986331
v 0.5995804 1.39071142 0.57842415
v 0.61824595 1.37623477 0.57596582
v 0.63474315 1.36194992 0.58456134
v 0.64709496 1.34997391 0.60097235
v 0.63263207 1.31756484 0.59457224
v 0.63103735 1.40225803 0.58453321
v 0.64679861 1.3904314 0.59077066
v 0.65877038 1.38016712 0.60562884
v 0.66580253 1.37324941 0.62471497
v 0.65365392 1.34195971 0.6224519
v 0.6569423 1.41640007 0.5970987
v 0.66916054 1.407413 0.60847151
v 0.67658698 1.40143573 0.62535309
v 0.67848992 1.39938807 0.6449334
v 0.66731828 1.37054741 0.64669174
v 0.67625033 1.4339298 0.61329835
v 0.68303847 1.42906415 0.62674063
v 0.68048334 1.45838701 0.62019813
v 0.68619537 1.45550167 0.63112938
v 0.66570526 1.4407618 0.60418731
v 0.67121851 1.46257972 0.6128636
v 0.65256542 1.44818198 0.60053587
v 0.64237284 1.42651999 0.59184938
v 0.62629777 1.43619155 0.59397375
v 0.63796478 1.4554851 0.60257351
v 0.61130029 1.44402384 0.60386532
v 0.62426167 1.46201551 0.61083471
v 0.60025769 1.44876885 0.61978399
v 0.61514377 1.46567237 0.62488371
v 0.6318916 1.48107469 0.63050544
v 0.64631682 1.49036943 0.63633346
v 0.65368354 1.49135482 0.65567475
v 0.658472 1.4939754 0.64127147
v 0.66614997 1.48649537 0.65878135
v 0.64495003 1.47934341 0.67166316
v 0.65852665 1.47295153 0.67431992
v 0.67216825 1.46622932 0.67135769
v 0.67763251 1.47938633 0.65657329
v 0.64750075 1.45091307 0.68747234
v 0.66284841 1.44290387 0.68440288
v 0.63407826 1.42609071 0.6955735
v 0.65061134 1.41667044 0.69254797
v 0.66471248 1.40802347 0.68185943
v 0.63626086 1.38851249 0.69906657
v 0.65210002 1.3788445 0.68737179
v 0.66268783 1.37261581 0.66877114
v 0.67449158 1.40165507 0.66501778
v 0.63716059 1.34656441 0.69110173
v 0.64969527 1.33984279 0.67108988
v 0.65489482 1.33838856 0.64689081
v 0.63338214 1.30328238 0.67199599
v 0.63993859 1.30245316 0.64515972
v 0.63925194 1.30746078 0.6183772
v 0.61699432 1.26776158 0.64124459
v 0.61809313 1.2741909 0.6131227
v 0.61221414 1.2870835 0.58840507
v 0.59040188 1.24682271 0.60588878
v 0.58665216 1.26202559 0.58172595
v 0.57797569 1.28140234 0.56387853
v 0.56325054 1.24066257 0.57003742
v 0.55577564 1.26201629 0.55384403
v 0.54481697 1.28433036 0.54393971
v 0.5112887 1.28866994 0.53226232
v 0.4913277 1.27521395 0.51625949
v 0.48201456 1.29268503 0.52650862
v 0.48141986 1.27539193 0.48554754
v 0.47204309 1.2906171 0.50242757
v 0.48474532 1.29151225 0.456541
v 0.47403147 1.30553698 0.4750868
v 0.4964931 1.31408679 0.4369972
v 0.4842768 1.32958614 0.45284554
v 0.50639504 1.33934366 0.4174411
v 0.4963051 1.35653638 0.4303407
v 0.49149233 1.3690139 0.44794666
v 0.48012939 1.3819096 0.46962225
v 0.50724118 1.38655865 0.40727382
v 0.5065329 1.40222525 0.42672464
v 0.49719277 1.41648173 0.44965702
v 0.48427 1.43340194 0.46242603
v 0.46631532 1.39793825 0.48235306
v 0.51843118 1.43347561 0.40697938
v 0.51077926 1.44975793 0.42921975
v 0.49757576 1.46607184 0.44312077
v 0.48026022 1.48223149 0.45127266
v 0.46796682 1.45260679 0.46728238
v 0.52117192 1.48135256 0.40803962
v 0.50735133 1.4965378 0.42441871
v 0.49052631 1.50947856 0.43745127
v 0.46755504 1.51968574 0.44415652
v 0.45761099 1.49973881 0.45435363
v 0.51302737 1.52467346 0.40491002
v 0.49606311 1.53444659 0.42108413
v 0.47518029 1.5412327 0.43295511
v 0.45399075 1.54639732 0.4360108
v 0.44533118 1.52844739 0.44239163
v 0.49832102 1.55935835 0.4021404
v 0.47954005 1.5644871 0.41735136
v 0.45913106 1.56791091 0.42680269
v 0.43940976 1.56834781 0.42679345
v 0.43430006 1.54939079 0.4329718
v 0.47992771 1.58875811 0.3995881
v 0.46094417 1.59155118 0.41214382
v 0.44113203 1.59137165 0.41712093
v 0.42280381 1.58730864 0.41436594
v 0.42259597 1.56737017 0.42117074
v 0.46045163 1.61519467 0.39353618
v 0.44084149 1.61504089 0.40150326
v 0.42208281 1.61021578 0.4014514
v 0.40807423 1.60311567 0.39605477
v 0.40952959 1.5818206 0.40659952
v 0.43931728 1.63800072 0.37938162
v 0.42064517 1.63389813 0.3820452
v 0.40629264 1.62679755 0.37870776
v 0.39589551 1.61833298 0.37243416
v 0.39921253 1.59546256 0.38864177
v 0.41869586 1.65520298 0.35534355
v 0.40275371 1.65132653 0.35591468
v 0.39101249 1.64214611 0.35110786
v 0.38829714 1.63015997 0.34199118
v 0.39323344 1.60774397 0.36336591
v 0.40231943 1.67138493 0.32500168
v 0.39065605 1.66382288 0.32210528
v 0.3869512 1.65155601 0.31554508
v 0.38928148 1.63868689 0.30763492
v 0.3909302 1.61790096 0.33207306
v 0.39132502 1.68340623 0.28878206
v 0.38707733 1.67088174 0.28428393
v 0.38905701 1.6576544 0.27920693
v 0.39459982 1.64440619 0.27338382
v 0.39593017 1.62573027 0.29935798
v 0.39089101 1.68658793 0.24905666
v 0.39176198 1.67285478 0.24612376
v 0.3964765 1.65925931 0.24360308
v 0.40408775 1.64617037 0.24069978
v 0.39928755 1.68239939 0.21092629
v 0.40311157 1.66905212 0.21055671
v 0.41024082 1.65600574 0.21028003
v 0.41966706 1.64340806 0.20956423
v 0.41341599 1.633677 0.23863472
v 0.41373202 1.67542541 0.17697373
v 0.42013388 1.66321015 0.17782811
v 0.42884743 1.65121579 0.17828625
v 0.43911811 1.63971018 0.17708486
v 0.43102183 1.63085305 0.20733933
v 0.43226394 1.67018556 0.14572647
v 0.43941763 1.65956449 0.14652584
v 0.44753193 1.6501944 0.14618574
v 0.45691254 1.64185345 0.14374944
v 0.45051011 1.6291362 0.17472043
v 0.45088085 1.66996336 0.11671692
v 0.45691731 1.66228497 0.1161753
v 0.4640479 1.65516328 0.11475554
v 0.4722433 1.64871227 0.11227049
v 0.4670315 1.63438725 0.14013379
v 0.467184 1.67419767 0.08936157
v 0.4726451 1.66829264 0.08856228
v 0.4784609 1.66340112 0.0873823
v 0.48612454 1.65841543 0.0853105
v 0.48080882 1.64307391 0.10935698
v 0.48219147 1.67988276 0.06591122
v 0.48654198 1.6759597 0.06551415
v 0.49244755 1.67186856 0.06479969
v 0.49852365 1.66915679 0.06404404
v 0.49343344 1.65503919 0.08392308
v 0.49575349 1.68566155 0.0471888
v 0.49969342 1.68285894 0.0471304
v 0.50392401 1.68085444 0.04688978
v 0.50874829 1.67954278 0.04710394
v 0.50493341 1.66741466 0.06398793
v 0.50795441 1.69162333 0.03196518
v 0.51046466 1.69073116 0.03220373
v 0.51293635 1.69008076 0.03243107
v 0.51384925 1.69200134 0.03320342
v 0.51081156 1.68239164 0.04912394
v 0.5135073 1.70047748 0.01763717
v 0.51540398 1.69961118 0.01706181
v 0.51230168 1.70102822 0.01800292
v 0.50536292 1.69316065 0.03184692
v 0.51139414 1.70144259 0.01827821
v 0.50271856 1.69574856 0.03156983
v 0.51076591 1.70172953 0.01846879
v 0.49507874 1.70595419 0.03060096
v 0.5000981 1.70131325 0.02909262
v 0.4883908 1.69338715 0.04712268
v 0.48520109 1.69776392 0.0470388
v 0.48237097 1.70255184 0.04720023
v 0.49263918 1.70948147 0.03055236
v 0.48012968 1.70733654 0.04690194
v 0.49160978 1.71228981 0.03008224
v 0.47072956 1.6955173 0.06675749
v 0.46782639 1.70203483 0.06650778
v 0.46566799 1.70874989 0.06625924
v 0.45461231 1.69569456 0.08957634
v 0.45231431 1.70405578 0.08952376
v 0.45127707 1.71230578 0.08989936
v 0.46473592 1.71560466 0.06606201
v 0.45591163 1.7170943 0.09238527
v 0.46761912 1.71821391 0.06760472
v 0.46267351 1.71370112 0.09502249
v 0.4730646 1.71533763 0.07018628
v 0.48476934 1.71700441 0.04905423
v 0.47774669 1.71090674 0.07228013
v 0.48786455 1.71344864 0.05065644
v 0.48238226 1.70610845 0.07342287
v 0.4911122 1.7096641 0.05199969
v 0.50162428 1.71379137 0.03127992
v 0.49412894 1.70627176 0.0523349
v 0.50351083 1.71080255 0.03222352
v 0.51190507 1.71452188 0.0169154
v 0.51079428 1.71700668 0.01609759
v 0.49726551 1.7026143 0.05259325
v 0.48646345 1.70162951 0.07389484
v 0.49058795 1.69687223 0.07397613
v 0.49450984 1.69189846 0.07359148
v 0.50018775 1.69871139 0.05271396
v 0.49820837 1.68703734 0.07291315
v 0.5031073 1.69462359 0.05259728
v 0.50227582 1.68142545 0.07137291
v 0.50598657 1.69064438 0.05179218
v 0.51083749 1.69848597 0.03402457
v 0.50852137 1.68676745 0.05072131
v 0.51242679 1.6950885 0.03360319
v 0.51646173 1.70151615 0.01885726
v 0.51427918 1.70407021 0.01881699
v 0.51844203 1.70557808 0.01067518
v 0.51484292 1.70837521 0.01090989
v 0.51777732 1.69876778 0.01907301
v 0.52202558 1.70279312 0.01044149
v 0.5056473 1.67626202 0.06912244
v 0.50824832 1.67094862 0.06656271
v 0.50435578 1.66468191 0.08978709
v 0.5058524 1.6579467 0.08610895
v 0.50149244 1.65358722 0.08329283
v 0.50624591 1.64229464 0.10799212
v 0.49927994 1.63616645 0.10431741
v 0.48990383 1.63882875 0.10667058
v 0.49907907 1.61954355 0.12887078
v 0.48828756 1.62264359 0.1319306
v 0.47738024 1.62791943 0.13598464
v 0.4875718 1.60758256 0.15756335
v 0.47544577 1.61331653 0.16277682
v 0.46316659 1.62057828 0.16870866
v 0.47475388 1.60036408 0.18627007
v 0.46061816 1.60823857 0.19354729
v 0.44520789 1.61831152 0.20188953
v 0.45963582 1.59747648 0.21367688
v 0.44205653 1.60919964 0.22297304
v 0.42589268 1.62116515 0.23326009
v 0.44186776 1.59931957 0.23982945
v 0.45996496 1.58822 0.22881269
v 0.46057391 1.58007395 0.23984935
v 0.44440498 1.58887636 0.25195631
v 0.46201309 1.56927073 0.24752049
v 0.44799926 1.57545483 0.26117783
v 0.4576635 1.55610966 0.24867437
v 0.4448837 1.55930984 0.26350364
v 0.43481212 1.55859899 0.28103551
v 0.43074631 1.55168473 0.25659555
v 0.41969573 1.54899394 0.27583041
v 0.41141673 1.54442739 0.29595193
v 0.42554384 1.55350267 0.299483
v 0.40664953 1.53811037 0.3173134
v 0.41906029 1.54604256 0.31967994
v 0.40471282 1.53123033 0.33921703
v 0.41500052 1.5371375 0.34016558
v 0.41730964 1.55002117 0.34342834
v 0.41208845 1.52968728 0.36097088
v 0.41362822 1.54190874 0.36299026
v 0.41348448 1.5632528 0.3444361
v 0.40785244 1.57511127 0.34461298
v 0.40131837 1.58587539 0.34932166
v 0.39817071 1.60529756 0.32382297
v 0.39538413 1.59709 0.3542549
v 0.39534446 1.58737528 0.38088491
v 0.40005037 1.57752704 0.39741614
v 0.40433004 1.52364313 0.36023533
v 0.40471038 1.51988709 0.3812173
v 0.40432319 1.52302467 0.40036797
v 0.39221984 1.53482532 0.34343436
v 0.39248657 1.54051256 0.32051989
v 0.38134184 1.54865264 0.32636416
v 0.39582619 1.54605233 0.29586863
v 0.3815006 1.55247128 0.29877886
v 0.36831754 1.56410265 0.30470398
v 0.35070002 1.58732485 0.28346318
v 0.35806393 1.58179783 0.3108631
v 0.34126776 1.61281883 0.28306961
v 0.34906053 1.6061964 0.31203046
v 0.32726353 1.64370656 0.27857637
v 0.33586514 1.63791263 0.30821099
v 0.34313517 1.62840521 0.33804625
v 0.30791279 1.67512989 0.30259475
v 0.31377914 1.6702578 0.33252143
v 0.31738728 1.66369092 0.36292183
v 0.31869828 1.65481662 0.39280429
v 0.27291667 1.71474528 0.32491201
v 0.27350604 1.71150672 0.35452044
v 0.27173134 1.70593202 0.38370689
v 0.26558986 1.69893181 0.41172334
v 0.31278041 1.64780867 0.4200747
v 0.22931207 1.75621509 0.34543541
v 0.22487182 1.7518996 0.37479966
v 0.21776588 1.7447561 0.40318962
v 0.20830793 1.73512911 0.4309057
v 0.2546826 1.69145166 0.43924015
v 0.17888939 1.79240572 0.36659088
v 0.17131146 1.78490424 0.39602667
v 0.16241733 1.77346789 0.42453801
v 0.15194512 1.75789189 0.45189684
v 0.19573025 1.72220826 0.45798158
v 0.12394736 1.81847727 0.38926169
v 0.11513403 1.80496227 0.41832986
v 0.10578026 1.78678679 0.44539845
v 0.09549564 1.76531267 0.47078371
v 0.13974206 1.73953247 0.47817379
v 0.06583556 1.82843887 0.40984785
v 0.05752861 1.80810308 0.43674123
v 0.04946022 1.78452241 0.46197387
v 0.04046234 1.75927233 0.48670956
v 0.08311221 1.74117732 0.495608
v 0.00921696 1.82499182 0.4288131
v 0.00285263 1.79963755 0.45376744
v -0.00356621 1.77285838 0.47838366
v -0.01022621 1.74597024 0.50173711
v 0.03066526 1.73438525 0.51106375
v -0.04378362 1.80924093 0.44534504
v -0.04792981 1.78072094 0.46984571
v -0.05190013 1.75267672 0.49319827
v -0.05585826 1.72837758 0.52173751
v -0.017614 1.7250415 0.53222566
v -0.09163415 1.78306806 0.45994564
v -0.09313418 1.75385713 0.4843336
v -0.09372861 1.72687315 0.51150167
v -0.09987201 1.71636176 0.54838806
v -0.0643014 1.72117734 0.55978691
v -0.13327345 1.75110244 0.47601679
v -0.13137945 1.72144544 0.50196856
v -0.13501612 1.70693159 0.53722411
v -0.14662161 1.70710563 0.57562106
v -0.11191564 1.71540749 0.58687603
v -0.16884845 1.71465659 0.49346384
v -0.16982041 1.69564664 0.52678942
v -0.17998459 1.69621539 0.56492888
v -0.19342762 1.69462919 0.6047064
v -0.16114182 1.70362961 0.61537373
v -0.20474587 1.68500304 0.51680314
v -0.21274061 1.68378174 0.5548821
v -0.22493982 1.6836853 0.59491324
v -0.2393926 1.6791948 0.63649249
v -0.20929756 1.6889491 0.64641493
v -0.24467143 1.66967654 0.54552209
v -0.25552165 1.67107975 0.58555626
v -0.26873409 1.66790223 0.62656539
v -0.28451168 1.65984475 0.66797441
v -0.25671216 1.67035222 0.67855894
v -0.28515604 1.65712654 0.5760163
v -0.29714193 1.65511059 0.61624008
v -0.31136557 1.64747691 0.65665191
v -0.32660174 1.63352203 0.69652682
v -0.30187067 1.64517736 0.70895916
v -0.3248851 1.64084065 0.60526841
v -0.33760437 1.63363206 0.6446281
v -0.35112109 1.6205157 0.68319875
v -0.36386883 1.60003411 0.72019976
v -0.3412849 1.61209166 0.73481065
v -0.36352819 1.61854171 0.63211655
v -0.37521082 1.60506057 0.66940605
v -0.38607552 1.58548009 0.70505362
v -0.39530563 1.56001198 0.73807978
v -0.37480965 1.57359933 0.75415235
v -0.3988499 1.58793175 0.65568339
v -0.40884715 1.56952726 0.69032806
v -0.41655308 1.5447731 0.72264176
v -0.42127293 1.51534521 0.75197494
v -0.40226143 1.53056645 0.76792794
v -0.43007522 1.55063962 0.67581105
v -0.43613505 1.52670097 0.70741146
v -0.43987789 1.49808538 0.73647284
v -0.44045549 1.46601367 0.76297497
v -0.4233092 1.48269319 0.7788304
v -0.45545107 1.50685882 0.69275277
v -0.45791703 1.4790132 0.72120982
v -0.45750534 1.44780492 0.74754065
v -0.45259764 1.41353499 0.77102434
v -0.4366779 1.43055391 0.78697186
v -0.47648459 1.45910096 0.70656824
v -0.47464397 1.42855799 0.73186063
v -0.46878582 1.39518749 0.7545349
v -0.45820182 1.36031723 0.77396452
v -0.44231507 1.37756407 0.79119044
v -0.49166759 1.40823829 0.71575135
v -0.48512229 1.37579476 0.73729026
v -0.47443649 1.34183824 0.75556415
v -0.4592919 1.30780732 0.77006715
v -0.44244805 1.32563281 0.78933513
v -0.50208365 1.35589945 0.71978563
v -0.49128088 1.32280004 0.73649007
v -0.47684806 1.28934645 0.74953389
v -0.45878142 1.25682032 0.75867682
v -0.43986538 1.27520489 0.78062427
v -0.50907772 1.30374431 0.7168942
v -0.49571293 1.27100718 0.72846496
v -0.47907805 1.23850226 0.73616057
v -0.45902031 1.20776021 0.73966443
v -0.43697583 1.22658646 0.76371771
v -0.51608037 1.2535088 0.70756471
v -0.50098085 1.22168326 0.71373146
v -0.4827001 1.1904248 0.71566391
v -0.46192556 1.16219091 0.71258527
v -0.43543916 1.18059432 0.7382543
v -0.52543574 1.20656263 0.69186711
v -0.50935614 1.17598903 0.6925643
v -0.4910255 1.1469407 0.68818271
v -0.47031533 1.12244379 0.67838949
v -0.43991863 1.1384139 0.7046141
v -0.53888493 1.16372227 0.66976499
v -0.52111464 1.13510966 0.66417467
v -0.50009357 1.11048114 0.65289181
v -0.4749872 1.09281325 0.63602072
v -0.44731769 1.10502052 0.66265016
v -0.55133938 1.12398088 0.63977378
v -0.52743154 1.09846711 0.62901389
v -0.49777364 1.07998526 0.61238151
v -0.46657973 1.07082068 0.59142518
v -0.44715616 1.08331024 0.61567008
v -0.5498625 1.08499836 0.60638451
v -0.5162549 1.06697869 0.59017521
v -0.48258677 1.05666434 0.56925678
v -0.4522641 1.05195486 0.54655242
v -0.43854069 1.0691812 0.56850963
v -0.53151923 1.05185139 0.56953692
v -0.49533754 1.03803336 0.55066061
v -0.46178144 1.02991664 0.52843743
v -0.43451303 1.03218233 0.4999971
v -0.4281784 1.05651104 0.52058005
v -0.50518614 1.01438617 0.53765738
v -0.46880143 1.00386548 0.5137909
v -0.44085201 1.00534868 0.4822312
v -0.42309507 1.01644361 0.44858363
v -0.41566896 1.04355371 0.46910461
v -0.48103329 0.98015761 0.49976137
v -0.45384681 0.97934246 0.46614134
v -0.43481391 0.98863685 0.43068867
v -0.42402625 1.00545072 0.39480468
v -0.41300353 1.03321504 0.41472992
v -0.47111174 0.95365774 0.45215249
v -0.4515213 0.96193754 0.41470587
v -0.43882384 0.97817742 0.37702935
v -0.43537539 1.0011264 0.3403581
v -0.42091125 1.02729046 0.35948225
v -0.47198513 0.93774342 0.39966547
v -0.45931112 0.95414203 0.36113774
v -0.45400697 0.97633665 0.3233428
v -0.45843717 1.00382518 0.2888526
v -0.44049421 1.02773141 0.30653354
v -0.48251524 0.93202203 0.34646385
v -0.47731316 0.9542374 0.30900979
v -0.48022425 0.98091888 0.27390068
v -0.49292549 1.01114141 0.24377429
v -0.47176164 1.03378057 0.25903299
v -0.50286901 0.93366652 0.29615131
v -0.50527083 0.95973455 0.26180687
v -0.51686763 0.98866939 0.23176235
v -0.53727912 1.01840019 0.20740649
v -0.5135864 1.04220485 0.21974264
v -0.53242451 0.93938905 0.25135004
v -0.54315686 0.96672409 0.22254142
v -0.56253033 0.99385607 0.19748584
v -0.57840389 1.01391172 0.164983
v -0.55553627 1.04252302 0.17794847
v -0.57123917 0.94489282 0.21411117
v -0.58901262 0.96830648 0.18912476
v -0.60029983 0.98370617 0.15407352
v -0.59577971 0.99162399 0.11147493
v -0.57711309 1.02472865 0.12296468
v -0.61693984 0.94134318 0.18066339
v -0.60173171 0.9207344 0.2045118
v -0.63440227 0.89821618 0.19426628
v -0.64638578 0.91469651 0.17180743
v -0.6713131 0.87604343 0.18264767
v -0.67666184 0.88799005 0.16318774
v -0.70909297 0.85702574 0.16738165
v -0.71045887 0.86656719 0.15100061
v -0.70892781 0.86983215 0.13160586
v -0.70660197 0.86485922 0.11263389
v -0.74525392 0.85273826 0.1345482
v -0.74288111 0.85526013 0.12095321
v -0.74142235 0.85223031 0.10720356
v -0.77847212 0.85105389 0.10620519
v -0.77780234 0.84915685 0.0972777
v -0.77961075 0.84322434 0.08858533
v -0.74234432 0.843943 0.09394267
v -0.70722353 0.85480892 0.09262214
v -0.746127 0.83126795 0.07798886
v -0.7115463 0.83842337 0.07072614
v -0.68273037 0.85217988 0.05522225
v -0.66093456 0.87067377 0.03208687
v -0.71973681 0.81763845 0.04963181
v -0.6930589 0.830316 0.03148595
v -0.67221921 0.84786528 0.00835625
v -0.65825969 0.86957299 -0.01991265
v -0.64636319 0.89310342 0.00225914
v -0.70422321 0.80735999 0.00813921
v -0.68330472 0.82472771 -0.01483523
v -0.66952788 0.84599781 -0.04182903
v -0.66359102 0.86919397 -0.07154959
v -0.65188366 0.89364826 -0.05136684
v -0.6938554 0.80132818 -0.03857784
v -0.68034362 0.82197803 -0.06433932
v -0.67458856 0.84434086 -0.09238244
v -0.67675703 0.86656296 -0.1209061
v -0.66576796 0.89263397 -0.10178951
v -0.69028246 0.79734975 -0.0870018
v -0.68463349 0.8186053 -0.11347737
v -0.6869713 0.83948731 -0.14052619
v -0.69696056 0.85910832 -0.1665349
v -0.68669796 0.88730675 -0.1482245
v -0.69264489 0.79118824 -0.13492454
v -0.69519311 0.81099838 -0.16076095
v -0.70630192 0.82992172 -0.18511702
v -0.72465431 0.84768188 -0.20559547
v -0.71465992 0.87683916 -0.18854662
v -0.70301395 0.78142339 -0.18142454
v -0.71495837 0.80056607 -0.20436345
v -0.73398745 0.81914806 -0.22348183
v -0.75675004 0.83671063 -0.23767247
v -0.7473399 0.86426204 -0.22074066
v -0.72420942 0.77203697 -0.2242615
v -0.7435193 0.79219412 -0.24233008
v -0.76583379 0.8108083 -0.25555002
v -0.78869962 0.82616353 -0.26411512
v -0.78061986 0.85211497 -0.24676835
v -0.75328791 0.76726347 -0.26219102
v -0.77485436 0.78600537 -0.27451881
v -0.79646164 0.80100154 -0.28256931
v -0.8188799 0.81281685 -0.28745758
v -0.81244063 0.83857983 -0.2690716
v -0.78421962 0.76192504 -0.29450857
v -0.8046019 0.77656894 -0.3021444
v -0.82552993 0.78835362 -0.3073365
v -0.84819686 0.79579681 -0.30755543
v -0.84244161 0.82090574 -0.28830656
v -0.81304651 0.75317305 -0.32357811
v -0.83323103 0.7647677 -0.32809656
v -0.85450661 0.77253013 -0.3286758
v -0.87638509 0.77477431 -0.32384803
v -0.87086534 0.79824072 -0.30266025
v -0.84162354 0.74228614 -0.35062915
v -0.8617379 0.749888 -0.3511995
v -0.88259601 0.75260371 -0.34714549
v -0.90144473 0.74928218 -0.33843037
v -0.89619904 0.77180832 -0.31442153
v -0.86938542 0.72791504 -0.37547221
v -0.88916665 0.73032522 -0.37168481
v -0.90712875 0.72717368 -0.3637827
v -0.92136776 0.71892494 -0.35270303
v -0.91617733 0.7408269 -0.3263911
v -0.89551687 0.70724743 -0.39668649
v -0.91247147 0.70410531 -0.38937223
v -0.9263845 0.6965729 -0.37933203
v -0.93514257 0.68508613 -0.36755925
v -0.93039947 0.70681399 -0.33998134
v -0.91767829 0.68089497 -0.41500073
v -0.93111908 0.67406344 -0.40634232
v -0.93989151 0.66318011 -0.39595553
v -0.94414252 0.64972019 -0.38496539
v -0.93911564 0.67068141 -0.35549661
v -0.93582874 0.65239572 -0.43452626
v -0.94502311 0.64221483 -0.42531159
v -0.94876998 0.62897938 -0.41538325
v -0.94845724 0.61404049 -0.40563699
v -0.94398415 0.6341176 -0.37439012
v -0.94815123 0.62125212 -0.45559495
v -0.95232099 0.60880053 -0.44660943
v -0.95183086 0.5945937 -0.43771413
v -0.9480794 0.57939463 -0.429818
v -0.94456577 0.59780436 -0.39681732
v -0.95431935 0.58899331 -0.478475
v -0.9537599 0.57597237 -0.4706732
v -0.95007133 0.56230157 -0.46368622
v -0.94377696 0.5479362 -0.45791
v -0.9414224 0.56340163 -0.42301726
v -0.95371109 0.55842965 -0.50439137
v -0.95037055 0.54629796 -0.49832978
v -0.94444465 0.53439378 -0.49348869
v -0.93649214 0.52278018 -0.49005442
v -0.93514633 0.53423231 -0.45384115
v -0.94717901 0.53245943 -0.53254973
v -0.94220995 0.52280348 -0.52845293
v -0.93499338 0.51305109 -0.52517586
v -0.92675185 0.50523495 -0.52326852
v -0.92663228 0.51262658 -0.48806154
v -0.93753939 0.51263511 -0.56084829
v -0.93160128 0.50447088 -0.55776858
v -0.9249885 0.49803048 -0.55594694
v -0.91724318 0.4928427 -0.5548622
v -0.91722154 0.49907085 -0.52260881
v -0.9267646 0.49793648 -0.5875436
v -0.92163914 0.49278798 -0.58600992
v -0.91557055 0.48803436 -0.58461976
v -0.90874749 0.48585027 -0.58422493
v -0.90817558 0.48994055 -0.55471611
v -0.91762739 0.48966044 -0.61270314
v -0.9132713 0.48594108 -0.61189216
v -0.91290134 0.48988327 -0.63403683
v -0.9099437 0.48781544 -0.63390785
v -0.92074704 0.49393793 -0.61416751
v -0.91516113 0.49270412 -0.63503766
v -0.91021508 0.49401623 -0.64624947
v -0.91663539 0.49600103 -0.63611972
v -0.91087722 0.49586433 -0.64700841
v -0.90519499 0.49700859 -0.64988881
v -0.90533876 0.49525564 -0.6496725
v -0.90103489 0.49904298 -0.64560776
v -0.90116268 0.49677446 -0.64567059
v -0.89697265 0.50167548 -0.63700223
v -0.8969112 0.49842017 -0.63629216
v -0.89728045 0.49534669 -0.63598376
v -0.89215368 0.50252753 -0.61603784
v -0.89250028 0.4976857 -0.61450743
v -0.8941285 0.49240365 -0.61336314
v -0.89793944 0.49213439 -0.63544642
v -0.88741898 0.50154268 -0.59003597
v -0.89032119 0.49495828 -0.58786273
v -0.89483553 0.48975104 -0.58625471
v -0.88544523 0.49938109 -0.56051021
v -0.89141994 0.4933761 -0.55787122
v -0.899477 0.49007713 -0.55579739
v -0.90141397 0.4865762 -0.58498579
v -0.88650929 0.49865052 -0.52739262
v -0.8960182 0.49531766 -0.52456367
v -0.90653216 0.49538773 -0.52294129
v -0.89008116 0.50042051 -0.49135732
v -0.90253257 0.50095355 -0.4888575
v -0.91508758 0.50513875 -0.48770222
v -0.89605772 0.50797236 -0.45255133
v -0.91035819 0.51291495 -0.45124825
v -0.9237197 0.52191925 -0.45163789
v -0.90417611 0.52285969 -0.41416433
v -0.91931623 0.53273701 -0.41484862
v -0.93190848 0.54693341 -0.41778734
v -0.91348218 0.54606819 -0.37873092
v -0.92747479 0.56168413 -0.38268336
v -0.93775582 0.57983422 -0.38899382
v -0.92328834 0.57771545 -0.34817576
v -0.93395483 0.59732067 -0.35561996
v -0.94078111 0.61641186 -0.36445656
v -0.9303174 0.61549031 -0.32263186
v -0.93672037 0.63589483 -0.33274179
v -0.93942195 0.65418738 -0.34381547
v -0.93249714 0.65602713 -0.30154365
v -0.9348753 0.67521131 -0.31384688
v -0.93420726 0.69183516 -0.32670998
v -0.93014925 0.69679486 -0.28459966
v -0.9293375 0.71370315 -0.29842361
v -0.92519784 0.72857034 -0.31265038
v -0.92424672 0.7361899 -0.27056336
v -0.9199453 0.75090873 -0.28585007
v -0.91046679 0.76290577 -0.30085215
v -0.91476702 0.77467525 -0.26040458
v -0.9062491 0.78695428 -0.27720025
v -0.89096283 0.79515105 -0.29208874
v -0.90098077 0.81235474 -0.25515776
v -0.88618451 0.820647 -0.27166193
v -0.86581903 0.82378685 -0.28329098
v -0.88140267 0.84774881 -0.25162273
v -0.86099559 0.85087883 -0.26453936
v -0.83690071 0.84721887 -0.26985672
v -0.85502928 0.87845516 -0.24485193
v -0.83065187 0.87447726 -0.25144627
v -0.80541396 0.86510223 -0.25161066
v -0.82291233 0.90265953 -0.23403085
v -0.79734003 0.8927071 -0.23518067
v -0.7718898 0.87938255 -0.2304449
v -0.78733223 0.92190706 -0.21968431
v -0.7617858 0.90800023 -0.21519598
v -0.73706746 0.89299041 -0.20498825
v -0.74953186 0.93766522 -0.20009169
v -0.72532206 0.92240339 -0.18911051
v -0.70349383 0.90584987 -0.17168627
v -0.7121635 0.95164781 -0.17206242
v -0.6919527 0.93418455 -0.15373912
v -0.67581379 0.91454577 -0.12983803
v -0.67846709 0.96266681 -0.13510566
v -0.66301083 0.94174951 -0.11179205
v -0.65364718 0.91828995 -0.08300487
v -0.64883077 0.96905762 -0.09332369
v -0.64017665 0.94406586 -0.06449277
v -0.63912254 0.91816449 -0.03137853
v -0.62564635 0.97039818 -0.04671407
v -0.62529254 0.94286096 -0.01180139
v -0.61057466 0.99815785 -0.03043356
v -0.61082536 0.96780371 0.00461923
v -0.59567803 1.02827322 -0.01533288
v -0.59528511 0.99712717 0.01844641
v -0.57919377 1.0611397 0.00247428
v -0.57911199 1.03069698 0.03268991
v -0.58553856 1.0053333 0.06964814
v -0.5613771 1.06687057 0.05003215
v -0.56786119 1.04027307 0.08263392
v -0.54255694 1.10209059 0.07222516
v -0.54959791 1.07397484 0.09995211
v -0.55840766 1.05617809 0.13705961
v -0.53153562 1.10535633 0.1219322
v -0.53857517 1.0864501 0.15273056
v -0.53240877 1.06922137 0.19212627
v -0.51565605 1.11483562 0.17254205
v -0.50802403 1.09320366 0.20725625
v -0.49045461 1.06471645 0.23341113
v -0.48492926 1.11468911 0.22393997
v -0.4677591 1.08571422 0.24863736
v -0.45187246 1.05608236 0.27565047
v -0.44710946 1.10630011 0.26731449
v -0.43274661 1.07824075 0.29432126
v -0.42387363 1.05177474 0.32567682
v -0.41506245 1.10095989 0.31638574
v -0.40864932 1.0761224 0.34738922
v -0.40785199 1.0533173 0.3807058
v -0.39597496 1.10067951 0.37226724
v -0.39686679 1.07881367 0.40453794
v -0.40347299 1.05948007 0.43725371
v -0.38933393 1.10401058 0.43066439
v -0.39684775 1.08489275 0.46193283
v -0.40993607 1.06829702 0.49220177
v -0.39448627 1.10901641 0.48770815
v -0.40340226 1.09063398 0.51655262
v -0.41693481 1.07616341 0.54351633
v -0.39099904 1.10970902 0.54170006
v -0.40047404 1.09144365 0.56855166
v -0.42081874 1.08242583 0.59341859
v -0.38022697 1.10537958 0.59434771
v -0.39863511 1.09440755 0.62069606
v -0.42299646 1.09557223 0.6432175
v -0.37273332 1.11132633 0.64666426
v -0.39384913 1.11173617 0.67142778
v -0.41665178 1.12091147 0.69100171
v -0.36307182 1.13195502 0.69673651
v -0.38584083 1.14135694 0.7174893
v -0.41046407 1.15810906 0.73114323
v -0.35470819 1.16289854 0.74226421
v -0.38226079 1.17891418 0.75682884
v -0.41066891 1.2006241 0.76317167
v -0.35535833 1.19965839 0.78071749
v -0.38718989 1.22022748 0.78704029
v -0.41577494 1.24553751 0.78648418
v -0.36644348 1.23795163 0.80815511
v -0.3968541 1.26288282 0.80694109
v -0.42203506 1.29269003 0.80042165
v -0.38025212 1.27852189 0.82497054
v -0.40578034 1.30838084 0.8183152
v -0.42650708 1.34188807 0.80715072
v -0.39231589 1.32098054 0.83374029
v -0.41213107 1.35558342 0.82297229
v -0.4274297 1.39283883 0.80733519
v -0.40162733 1.36470401 0.83436781
v -0.41400203 1.40489685 0.82136911
v -0.42141771 1.44537377 0.8025363
v -0.40303242 1.41347038 0.83366686
v -0.40676218 1.45736682 0.81790697
v -0.40707638 1.49715495 0.79553932
v -0.39462545 1.46560549 0.83128458
v -0.39052459 1.50831353 0.81113439
v -0.38395208 1.54335033 0.78469634
v -0.37817034 1.51553106 0.82499736
v -0.36852049 1.55393409 0.80181598
v -0.3548606 1.5843358 0.76978457
v -0.35233125 1.56163084 0.81768471
v -0.33566519 1.59363985 0.78496849
v -0.31881752 1.62204706 0.74837869
v -0.3157562 1.60197937 0.7990185
v -0.29622507 1.63114929 0.76122623
v -0.27643957 1.6546334 0.72057592
v -0.27215081 1.63860833 0.77301323
v -0.24993607 1.66191542 0.73159778
v -0.22824873 1.67895627 0.68895441
v -0.22285923 1.66734921 0.74243474
v -0.19949904 1.68528044 0.69964093
v -0.17867523 1.69660794 0.65694612
v -0.17043934 1.68864727 0.71070355
v -0.14784897 1.7012695 0.66826057
v -0.1284886 1.70961725 0.62702482
v -0.11670812 1.70187842 0.68008828
v -0.09558112 1.71159386 0.63919043
v -0.0773914 1.71870279 0.59890401
v -0.0627917 1.70824396 0.65115928
v -0.04280307 1.71654021 0.61131322
v -0.02844936 1.72090518 0.57152634
v -0.00901785 1.70845508 0.62358242
v 0.00822796 1.71517944 0.58355158
v 0.02002465 1.71791303 0.54404366
v 0.04352839 1.70405125 0.59593421
v 0.05696151 1.70666813 0.55621486
v 0.07012281 1.71915793 0.52169126
v 0.0924551 1.69035542 0.56833064
v 0.10792665 1.70002853 0.5325756
v 0.12398643 1.71821272 0.50402945
v 0.14364104 1.67588305 0.54371726
v 0.16174665 1.68913376 0.51251012
v 0.18079577 1.70711135 0.4852451
v 0.19726626 1.6567384 0.5229752
v 0.21991574 1.67074024 0.49461352
v 0.23927268 1.68268811 0.46725785
v 0.25599122 1.6323744 0.50638186
v 0.28087887 1.64073324 0.47799402
v 0.30014604 1.64373707 0.44798028
v 0.31452059 1.59962058 0.48660013
v 0.33506748 1.59767937 0.45275944
v 0.34677732 1.59804916 0.42447814
v 0.3560141 1.56311619 0.45332989
v 0.36752185 1.56420505 0.42765119
v 0.33558857 1.56259238 0.49055424
v 0.34983557 1.53046762 0.49749448
v 0.31977161 1.52441966 0.53879284
v 0.33094924 1.48720896 0.55491405
v 0.30551159 1.55852603 0.52755582
v 0.27495878 1.55301749 0.56227606
v 0.29035085 1.51897084 0.57665938
v 0.28519737 1.59466242 0.51798987
v 0.25500354 1.5874052 0.54914575
v 0.23055374 1.58439707 0.5852155
v 0.24978727 1.55077338 0.59974241
v 0.22899811 1.62251997 0.53600287
v 0.20626527 1.61743569 0.57090538
v 0.18570233 1.61613798 0.60887569
v 0.20712092 1.58356666 0.62326318
v 0.1768489 1.64795529 0.55664861
v 0.158582 1.64511239 0.59411263
v 0.13556551 1.64026236 0.63211226
v 0.15962064 1.61171126 0.64542621
v 0.12628126 1.6695317 0.58076018
v 0.10733988 1.66504228 0.61956828
v 0.08330853 1.65727877 0.65796148
v 0.10851201 1.63252949 0.66909712
v 0.07634881 1.68655586 0.60774493
v 0.05472588 1.67870891 0.64697599
v 0.02907733 1.66894137 0.68558961
v 0.05516765 1.64769947 0.69578325
v 0.02373002 1.6959083 0.63551569
v 0.00012038 1.68614661 0.67464393
v -0.02668551 1.6757158 0.71448969
v 0.00017308 1.65850663 0.72483307
v -0.03062259 1.69906771 0.66306453
v -0.05545283 1.68888771 0.70339053
v -0.08314604 1.67673575 0.74469167
v -0.05607251 1.66354847 0.75503158
v -0.08566404 1.69788897 0.69189524
v -0.11174833 1.685274 0.73353457
v -0.14026162 1.66872179 0.77521735
v -0.11310167 1.66142892 0.78587204
v -0.14108397 1.68873465 0.72201293
v -0.1678711 1.67150092 0.76433765
v -0.19500559 1.65008676 0.80646663
v -0.16891925 1.64801061 0.81668818
v -0.19554908 1.6710633 0.75345999
v -0.22111105 1.64840328 0.79544329
v -0.24639678 1.62307143 0.83530831
v -0.22066171 1.62457227 0.84627288
v -0.24692563 1.64447867 0.78419166
v -0.27078571 1.61900687 0.82259464
v -0.2710157 1.59389066 0.87007749
v -0.2945064 1.6103506 0.81172823
v -0.29824623 1.57410275 0.90341252
v -0.27713021 1.58418083 0.91864317
v -0.24680142 1.59927618 0.88250637
v -0.2235327 1.60203242 0.89671355
v -0.19584853 1.62377929 0.85711789
v -0.17117379 1.61947155 0.86745995
v -0.14322488 1.64096462 0.82569724
v -0.11817398 1.62922418 0.83483928
v -0.08718467 1.648054 0.79519945
v -0.06393891 1.63022267 0.80298292
v -0.03130569 1.64589786 0.76403093
v -0.00990419 1.62374079 0.77130472
v 0.02405806 1.63744568 0.73413747
v 0.04374847 1.61219382 0.7418133
v 0.0780154 1.62371218 0.70608788
v 0.09634607 1.59571075 0.71562081
v 0.13024064 1.60527837 0.68137949
v 0.14765876 1.57503736 0.6938349
v 0.1792338 1.58034181 0.65939933
v 0.19404155 1.54637348 0.67334306
v 0.22361959 1.5493474 0.63746756
v 0.23683247 1.51460683 0.65177387
v 0.26502728 1.51662313 0.61496567
v 0.277774 1.48079359 0.63088536
v 0.30365097 1.48206043 0.59335261
v 0.31352621 1.44111037 0.61048227
v 0.33893007 1.44526028 0.57537549
v 0.34421339 1.39622163 0.59470576
v 0.36886391 1.40218281 0.56419706
v 0.36015501 1.34056806 0.57879972
v 0.37543901 1.33919143 0.55954927
v 0.39288538 1.40944242 0.53268873
v 0.38640353 1.33156287 0.54615354
v 0.40493315 1.40028178 0.52336716
v 0.39498156 1.33011078 0.53878414
v 0.41652169 1.38515615 0.51863467
v 0.432511 1.43739187 0.4873349
v 0.43040761 1.37439143 0.51122385
v 0.45093402 1.41779315 0.48784345
v 0.44683089 1.47747445 0.46501693
v 0.43675443 1.51520466 0.44791308
v 0.42898538 1.53536069 0.43668338
v 0.41722875 1.53932964 0.42618873
v 0.42076125 1.55171549 0.42411637
v 0.40536588 1.3238697 0.53315079
v -0.32882842 1.55602371 0.93192726
v -0.37187564 1.51785135 0.93730336
v -0.38302695 1.49502301 0.91885995
v -0.40711006 1.46917009 0.93315678
v -0.39207446 1.45656573 0.90474611
v -0.40810278 1.44137454 0.91618329
v -0.43009021 1.41764938 0.92661595
v -0.40596428 1.40497279 0.90559369
v -0.42039504 1.39033818 0.91395807
v -0.4381645 1.36767816 0.92327475
v -0.4058533 1.3570193 0.90655946
v -0.41869506 1.34145081 0.91390299
v -0.43325117 1.31970262 0.92144513
v -0.39284688 1.31140577 0.90920323
v -0.4033831 1.29530525 0.91477078
v -0.41476738 1.27490568 0.92077571
v -0.37008076 1.26883971 0.91220694
v -0.36161881 1.28168928 0.90774458
v -0.32763823 1.25629985 0.90698123
v -0.35424879 1.29174947 0.90388524
v -0.32108274 1.26690971 0.90299558
v -0.28735613 1.24709332 0.90123444
v -0.31558954 1.27574992 0.89936298
v -0.28237506 1.25656521 0.89717841
v -0.31127134 1.28304243 0.89548337
v -0.34810087 1.3000946 0.90014666
v -0.34289217 1.30667579 0.89590859
v -0.3384068 1.3124727 0.89130818
v -0.3693602 1.33684885 0.89556461
v -0.36389574 1.34156525 0.89060175
v -0.35945063 1.34524297 0.88453728
v -0.33537969 1.31644594 0.88558226
v -0.35801643 1.34626781 0.87676852
v -0.33410447 1.31867694 0.87842398
v -0.35991051 1.3451116 0.86939692
v -0.3362841 1.31735241 0.87150299
v -0.36383667 1.34222638 0.8628903
v -0.34015253 1.31398522 0.8656122
v -0.36890772 1.33870053 0.8567664
v -0.345088 1.30975055 0.86002707
v -0.37569999 1.33429825 0.85030877
v -0.35140231 1.30426836 0.85416382
v -0.38327303 1.3287965 0.84314888
v -0.3580321 1.29852843 0.84816438
v -0.32702538 1.27447545 0.84781611
v -0.36643225 1.2911055 0.83950239
v -0.33506053 1.26630342 0.8399406
v -0.2983725 1.24879014 0.83310133
v -0.34844917 1.25389683 0.82659351
v -0.31059804 1.23628759 0.82062202
v -0.33118799 1.21871483 0.80226087
v -0.32368531 1.18403899 0.76556772
v -0.29642757 1.1726005 0.74015593
v -0.33069884 1.15250968 0.7193588
v -0.3117071 1.14820396 0.68857777
v -0.27659025 1.16512954 0.70547872
v -0.34382128 1.13058984 0.66921567
v -0.32959902 1.13819789 0.63704538
v -0.29877218 1.15383791 0.65387749
v -0.35671493 1.12135636 0.61762929
v -0.34840944 1.14003539 0.58726298
v -0.32215356 1.15487527 0.60563153
v -0.37115582 1.12520396 0.56563401
v -0.37070772 1.14879667 0.53973168
v -0.34709927 1.16361939 0.56055772
v -0.38853201 1.13128459 0.51468896
v -0.38410559 1.1519072 0.48705619
v -0.37166199 1.17199122 0.51477938
v -0.38623297 1.12850952 0.45839959
v -0.38024956 1.1492182 0.42944315
v -0.37856927 1.1726253 0.46060913
v -0.38571822 1.12503099 0.39975041
v -0.38814619 1.14790332 0.37128257
v -0.37905836 1.17117965 0.40281686
v -0.400074 1.12426853 0.34215992
v -0.40887787 1.1489458 0.31661537
v -0.39270553 1.17130279 0.34630182
v -0.42716068 1.12727165 0.2900772
v -0.44173264 1.15375292 0.26887062
v -0.42056772 1.17395114 0.29590892
v -0.46306404 1.13432657 0.24481126
v -0.47107094 1.16025173 0.22018191
v -0.44986835 1.17875933 0.24805805
v -0.49255013 1.13982677 0.19499687
v -0.49080455 1.16132378 0.17090414
v -0.47179171 1.18355619 0.19745589
v -0.51112419 1.13446962 0.14602948
v -0.50655221 1.1647495 0.12491104
v -0.48993954 1.18998849 0.14993511
v -0.52449309 1.13527905 0.09825173
v -0.52561867 1.1680746 0.0822683
v -0.50777417 1.20075845 0.11107619
v -0.54416531 1.13260555 0.05347687
v -0.54834294 1.15667879 0.04246015
v -0.52995592 1.19306242 0.07355748
v -0.56151193 1.09655749 0.02573449
v -0.56668067 1.12309873 0.01083046
v -0.57252711 1.14657974 0.00188375
v -0.55301332 1.1754843 0.03542549
v -0.555956 1.19267058 0.02793647
v -0.53915149 1.22499036 0.06097417
v -0.53623116 1.21107053 0.06767646
v -0.57456773 1.16790545 -0.00580553
v -0.5708906 1.18668758 -0.01551165
v -0.55361223 1.20716536 0.0188277
v -0.58853924 1.17218196 -0.04910871
v -0.60782814 1.1615926 -0.08160662
v -0.59147 1.17800152 -0.09339009
v -0.57478642 1.18726646 -0.05993592
v -0.5598163 1.20020973 -0.02551143
v -0.54633569 1.21857643 0.0098568
v -0.55825501 1.19780564 -0.06898557
v -0.54544538 1.20904302 -0.03363075
v -0.53480535 1.22617793 0.00251666
v -0.52177572 1.23116827 -0.00254478
v -0.5142551 1.25614714 0.03512107
v -0.52428782 1.25259387 0.03947933
v -0.53291875 1.24647498 0.04576369
v -0.52975082 1.21645498 -0.0400085
v -0.53930413 1.20802927 -0.07665332
v -0.51848101 1.22004592 -0.08320625
v -0.51276493 1.22441196 -0.04541999
v -0.50755763 1.23712444 -0.00676733
v -0.5023871 1.25851035 0.0319215
v -0.49408194 1.23491442 -0.04844308
v -0.49425578 1.24278068 -0.00947665
v -0.49090895 1.26183962 0.03079169
v -0.47623595 1.29048585 0.05506636
v -0.48886457 1.29018867 0.0595156
v -0.45608305 1.30944669 0.06098776
v -0.46742081 1.31476128 0.06972172
v -0.47675144 1.31856656 0.07727786
v -0.49981531 1.28998589 0.06410356
v -0.48424187 1.31939947 0.08766973
v -0.50995826 1.28780901 0.07013755
v -0.48900976 1.31561172 0.0989362
v -0.51648134 1.28281092 0.07765165
v -0.49176421 1.30814492 0.10910197
v -0.52156227 1.27499306 0.08588677
v -0.53825074 1.23712182 0.05322894
v -0.523768 1.26498842 0.09310867
v -0.49452632 1.29882347 0.11838398
v -0.49673199 1.28526568 0.12795712
v -0.52154094 1.25046479 0.10005173
v -0.49536663 1.26026547 0.13484761
v -0.51520764 1.23042666 0.10466419
v -0.49249807 1.22602462 0.13846649
v -0.47497841 1.24298417 0.16754336
v -0.4726887 1.21100246 0.17823459
v -0.45480212 1.25704467 0.20173558
v -0.4534665 1.22849369 0.21335724
v -0.45268204 1.20269739 0.22884935
v -0.43619355 1.24368166 0.25105398
v -0.43466016 1.21999776 0.26394885
v -0.43005761 1.1973865 0.27911055
v -0.42051133 1.23716771 0.30185726
v -0.41430148 1.21651566 0.31362643
v -0.40296095 1.19503033 0.32681962
v -0.40251004 1.23555183 0.35046264
v -0.39213994 1.21548092 0.36238735
v -0.38223436 1.19379603 0.37964037
v -0.38662526 1.23519396 0.40003925
v -0.37934944 1.21550178 0.41515821
v -0.37567544 1.1940515 0.43595147
v -0.37694218 1.23670542 0.45223751
v -0.37306001 1.2158066 0.4697695
v -0.37301629 1.19433534 0.4910967
v -0.36009198 1.23616325 0.5001471
v -0.35412681 1.21257507 0.51693368
v -0.34939363 1.18820023 0.53717237
v -0.32837587 1.22888147 0.53678727
v -0.3230336 1.20334696 0.55498904
v -0.32022956 1.1775794 0.57770842
v -0.29505026 1.21882736 0.56973999
v -0.29169088 1.19228982 0.59199893
v -0.29254436 1.16944408 0.62038749
v -0.26137554 1.20723462 0.60257017
v -0.26094684 1.18397116 0.63164013
v -0.26510575 1.16871988 0.66701322
v -0.22778849 1.1982491 0.6383937
v -0.22977398 1.18427693 0.67553472
v -0.19490669 1.21411335 0.64116776
v -0.19445638 1.20065569 0.67894429
v -0.16242399 1.23043775 0.64027512
v -0.16024027 1.21786654 0.67620986
v -0.16401536 1.21758115 0.72014731
v -0.12687543 1.23298573 0.6698088
v -0.13137523 1.24629461 0.63599497
v -0.10145307 1.26147651 0.63011968
v -0.13773511 1.26874744 0.61082834
v -0.10872343 1.28331947 0.60636436
v -0.08128237 1.29760241 0.60118204
v -0.11720136 1.30900991 0.5890643
v -0.09156019 1.32234191 0.58426982
v -0.06833763 1.33509182 0.57749968
v -0.10401041 1.34807086 0.57250183
v -0.08250942 1.36039686 0.56664323
v -0.10243681 1.38642978 0.55808955
v -0.13749991 1.40897572 0.55163806
v -0.17533756 1.41232931 0.54727172
v -0.20393583 1.38420438 0.55068099
v -0.2079378 1.40237891 0.54413306
v -0.2330428 1.36763179 0.5472849
v -0.23916804 1.38660633 0.53971523
v -0.24350565 1.402004 0.53203517
v -0.26848998 1.36884307 0.53249508
v -0.27358245 1.38461756 0.52363109
v -0.27534538 1.39673662 0.51282632
v -0.30175414 1.36691057 0.51295512
v -0.3036794 1.37998092 0.50212317
v -0.30130115 1.3891859 0.4883337
v -0.3297373 1.36242342 0.48787882
v -0.32692763 1.37263763 0.47486493
v -0.32010695 1.37875294 0.46050408
v -0.3519048 1.35513639 0.45758736
v -0.34407794 1.36255765 0.44432905
v -0.37515091 1.33755409 0.43292751
v -0.36466428 1.3445537 0.42080116
v -0.38893139 1.31856572 0.4000768
v -0.37649685 1.32652914 0.39103877
v -0.39591801 1.30125153 0.362962
v -0.38448607 1.31369781 0.35516467
v -0.40503764 1.2887485 0.3239535
v -0.39423769 1.30447411 0.31719586
v -0.37978771 1.31792795 0.31144547
v -0.40750083 1.29714572 0.27615374
v -0.39260995 1.31472992 0.2709358
v -0.37333801 1.3310846 0.26891043
v -0.41048324 1.31422972 0.22508503
v -0.38521406 1.33472943 0.22840023
v -0.35747259 1.35350537 0.23327022
v -0.34982842 1.34792459 0.26872035
v -0.32882458 1.37069594 0.2378246
v -0.32372236 1.36399877 0.26980778
v -0.29894971 1.38630366 0.2422183
v -0.33292159 1.37852144 0.20986408
v -0.30190208 1.39423096 0.21607764
v -0.27027508 1.40860581 0.2216798
v -0.30414924 1.40232157 0.19406336
v -0.27210843 1.41661679 0.20054097
v -0.23959329 1.42970633 0.20685145
v -0.23837696 1.42158103 0.22704675
v -0.20685242 1.4416095 0.21252681
v -0.20609965 1.43302178 0.23254263
v -0.17340374 1.45193982 0.21787546
v -0.17315293 1.44277632 0.23821167
v -0.13851469 1.46081185 0.22279492
v -0.13884985 1.45074188 0.24408868
v -0.10226335 1.46818244 0.22738592
v -0.10353996 1.45677924 0.25031301
v -0.06548257 1.47150206 0.23249572
v -0.06778015 1.45957803 0.25691232
v -0.0289885 1.46830391 0.23779429
v -0.03209627 1.45721447 0.26294419
v 0.0061531 1.45808291 0.24307051
v 0.00265089 1.44733285 0.26750266
v 0.03831219 1.44191134 0.24675844
v 0.03470578 1.43083334 0.2698144
v 0.06718402 1.4217416 0.24759247
v 0.06305694 1.40982806 0.26833695
v 0.09347027 1.3993864 0.24443639
v 0.08858481 1.3862636 0.26361784
v 0.12185095 1.38164258 0.24128022
v 0.11820337 1.36844074 0.25960499
v 0.15247356 1.37162673 0.24081875
v 0.14996251 1.35905087 0.25836268
v 0.17967732 1.36742091 0.24278679
v 0.17910356 1.35504841 0.25793737
v 0.15541864 1.3816626 0.22754055
v 0.18250657 1.37807059 0.22980679
v 0.1586761 1.39044404 0.2162725
v 0.18632839 1.38729834 0.21830332
v 0.21077624 1.38823437 0.22093075
v 0.19026616 1.39442265 0.20724733
v 0.21750079 1.39805769 0.20939822
v 0.24442881 1.39709258 0.21740086
v 0.2345145 1.38666784 0.22808107
v 0.2667346 1.38397908 0.23069392
v 0.25296142 1.3780955 0.240836
v 0.25406655 1.40025365 0.2022769
v 0.2779783 1.38371324 0.2182396
v 0.25964275 1.39351308 0.18880075
v 0.28632214 1.37617802 0.20370106
v 0.30420047 1.35548663 0.22262634
v 0.28952771 1.36463451 0.18936198
v 0.30749535 1.34090781 0.20764158
v 0.32406804 1.32064676 0.22990451
v 0.30946248 1.32842183 0.19000944
v 0.32725483 1.30407178 0.21027194
v 0.31510219 1.3207091 0.16838513
v 0.3351548 1.29325616 0.18502785
v 0.3234848 1.31690752 0.14434719
v 0.34460452 1.28860688 0.15691883
v 0.33322787 1.31757652 0.11756353
v 0.3556506 1.2907207 0.12600527
v 0.3825868 1.26825916 0.13508193
v 0.36746025 1.29818916 0.0962103
v 0.39351099 1.27640199 0.10133568
v 0.41901603 1.25637412 0.10422132
v 0.40992823 1.24988722 0.140989
v 0.44328063 1.2347083 0.10458316
v 0.43492907 1.2301799 0.14311172
v 0.4652141 1.21016466 0.10317874
v 0.45559185 1.20571267 0.1420031
v 0.4527001 1.20467805 0.18184329
v 0.45606073 1.20317435 0.219319
v 0.46854978 1.17521643 0.14012928
v 0.46556609 1.17212534 0.17968432
v 0.47193262 1.1695491 0.21653839
v 0.47106319 1.13550162 0.18014112
v 0.47891223 1.1299175 0.21999192
v 0.48056864 1.09500801 0.18159019
v 0.48977351 1.09068191 0.22384315
v 0.50044399 1.05734014 0.18123854
v 0.50951319 1.05397999 0.22292533
v 0.52147746 1.04746794 0.26262837
v 0.5252856 1.02324438 0.17744761
v 0.50377196 1.0660541 0.14019386
v 0.52675885 1.03355324 0.1363379
v 0.55236911 1.0043292 0.12994676
v 0.55281758 0.99156016 0.17130674
v 0.57962441 0.9789204 0.12189531
v 0.58225476 0.96417522 0.16190715
v 0.60582196 0.95582544 0.11266668
v 0.61171078 0.93907648 0.1507969
v 0.62219989 0.93000829 0.18249075
v 0.63740634 0.9242255 0.2090118
v 0.63896203 0.91557323 0.13775834
v 0.65135532 0.90475344 0.16800721
v 0.66632282 0.900913 0.19413635
v 0.68499666 0.90372216 0.21537707
v 0.65751975 0.92543506 0.22953735
v 0.67867076 0.88186222 0.15362255
v 0.69592893 0.87711411 0.179577
v 0.71425181 0.87898904 0.20106233
v 0.73427665 0.88576978 0.21743285
v 0.70579749 0.91251123 0.2308076
v 0.72274106 0.85299736 0.16284203
v 0.74278682 0.85213738 0.18349733
v 0.76356399 0.85747593 0.19933372
v 0.7847656 0.86925047 0.20689545
v 0.75556516 0.89784371 0.22635835
v 0.76748848 0.82583981 0.16148243
v 0.79032671 0.83005654 0.17623625
v 0.81253987 0.84122347 0.18336558
v 0.8311963 0.85793328 0.181469
v 0.80337208 0.88553136 0.20488503
v 0.8127467 0.80292183 0.14992871
v 0.83681774 0.81312936 0.15683634
v 0.85624951 0.82997626 0.15516196
v 0.86848968 0.85063999 0.14546839
v 0.84393459 0.87743055 0.17122624
v 0.85651606 0.78299129 0.12785641
v 0.87713426 0.7998799 0.126382
v 0.88982611 0.82268017 0.11753883
v 0.89456015 0.84834182 0.10346862
v 0.87389332 0.87280386 0.12972709
v 0.8930962 0.76903402 0.09335964
v 0.90723127 0.79494327 0.08659948
v 0.91240239 0.82527393 0.07542579
v 0.90776777 0.8571729 0.05984251
v 0.89201068 0.87563562 0.0843033
v 0.92096781 0.77091336 0.05160547
v 0.92676603 0.80603283 0.04488718
v 0.92003953 0.84236586 0.03403012
v 0.90764111 0.87829983 0.01814231
v 0.89806532 0.89019727 0.03847974
v 0.93669861 0.79462504 0.01366469
v 0.92917758 0.83329689 0.00841183
v 0.91500401 0.86990916 -0.00205192
v 0.89981615 0.90295529 -0.0201953
v 0.89348077 0.9113304 -0.00467663
v 0.93621027 0.82993358 -0.01716698
v 0.92141151 0.86537528 -0.02278894
v 0.90462148 0.89727449 -0.03613595
v 0.88178449 0.92143136 -0.05584814
v 0.87751716 0.92596256 -0.04500122
v 0.92718815 0.86459648 -0.04615945
v 0.90960496 0.89453887 -0.05408782
v 0.88690787 0.91966557 -0.06824179
v 0.85946166 0.93654567 -0.08842714
v 0.85548281 0.93774914 -0.07877836
v 0.91619861 0.89413487 -0.07719627
v 0.89390397 0.91753137 -0.08867592
v 0.86626392 0.93481695 -0.10580173
v 0.83365416 0.9420641 -0.12763398
v 0.82676708 0.94349253 -0.11047985
v 0.90531754 0.91804289 -0.11397612
v 0.879031 0.93305361 -0.13086313
v 0.84817278 0.93702423 -0.15108989
v 0.81627327 0.93163001 -0.17166902
v 0.79905939 0.93566727 -0.15023288
v 0.89439427 0.92846471 -0.15630674
v 0.86617469 0.93160468 -0.17461046
v 0.83772963 0.9277386 -0.19342142
v 0.81262642 0.91425144 -0.21066573
v 0.78842806 0.91297501 -0.18928444
v 0.88502973 0.92917484 -0.19683213
v 0.86008483 0.92610013 -0.21443067
v 0.83981287 0.91604584 -0.2310369
v 0.82663005 0.8981316 -0.24430903
v 0.79610097 0.89099752 -0.22423799
v 0.88225305 0.92704254 -0.23347431
v 0.86587321 0.91944229 -0.24922813
v 0.85482412 0.90493446 -0.26211351
v 0.84991383 0.88837182 -0.27182409
v 0.82037186 0.87693697 -0.25487881
v 0.8896346 0.9227308 -0.26555407
v 0.88092654 0.91183704 -0.27753028
v 0.8767513 0.89872932 -0.28671628
v 0.87630933 0.88414835 -0.29423576
v 0.84973812 0.87047618 -0.280137
v 0.90560072 0.91787385 -0.29000243
v 0.90211695 0.9081282 -0.29864329
v 0.90140801 0.8966915 -0.30550053
v 0.90398675 0.88448828 -0.31015247
v 0.87970793 0.86903029 -0.29974964
v 0.92708873 0.91562712 -0.30754175
v 0.92540383 0.90745681 -0.31314295
v 0.94602876 0.92093247 -0.313212
v 0.94626021 0.91443163 -0.31830412
v 0.95987182 0.92123109 -0.314143
v 0.95976829 0.91455394 -0.31900215
v 0.96813935 0.91810298 -0.3126454
v 0.96778434 0.91121733 -0.31730505
v 0.96590364 0.90364253 -0.31998941
v 0.95824033 0.89156121 -0.3193497
v 0.97338706 0.90637117 -0.313299
v 0.97024714 0.8984878 -0.31541517
v 0.9636417 0.88750726 -0.31527677
v 0.95271915 0.86835557 -0.30984735
v 0.94400745 0.87292802 -0.31492352
v 0.93988913 0.84670877 -0.29886081
v 0.9282726 0.85220152 -0.30564758
v 0.9179539 0.86073714 -0.30996546
v 0.91075545 0.83111995 -0.29237356
v 0.89781856 0.84119474 -0.29882833
v 0.88713854 0.85427314 -0.30136853
v 0.90961211 0.87198025 -0.31184196
v 0.87667381 0.81899535 -0.28380185
v 0.86390143 0.83408349 -0.2875981
v 0.85443443 0.85206937 -0.28597521
v 0.83673173 0.81055063 -0.27189391
v 0.82573372 0.83227086 -0.27079325
v 0.8201909 0.85492324 -0.26414182
v 0.79295468 0.81062674 -0.25491207
v 0.78730166 0.83855134 -0.2473683
v 0.78818476 0.86522382 -0.23602333
v 0.7536816 0.82053458 -0.22688724
v 0.75593727 0.85283035 -0.21512661
v 0.76803845 0.88487136 -0.20239433
v 0.72811812 0.84628319 -0.19261142
v 0.74464613 0.88184994 -0.18066445
v 0.76840895 0.91291952 -0.16752769
v 0.72777766 0.88347429 -0.15772275
v 0.75496906 0.91569179 -0.14688186
v 0.78929907 0.93810248 -0.13101388
v 0.74855315 0.9205622 -0.12764087
v 0.78562051 0.94097244 -0.11826122
v 0.82405328 0.94489336 -0.10132993
v 0.7839533 0.94326508 -0.10799428
v 0.8219006 0.94660395 -0.09429684
v 0.85191381 0.9394859 -0.07127067
v 0.8198114 0.94835019 -0.08776381
v 0.84828221 0.94258821 -0.06448396
v 0.87308353 0.93304425 -0.0347674
v 0.84451288 0.94754642 -0.05825723
v 0.8660807 0.94041442 -0.02571326
v 0.88517892 0.92155492 0.01038957
v 0.88536351 0.90512514 0.05920074
v 0.86930978 0.92187422 0.0815886
v 0.87330085 0.89576011 0.10895893
v 0.84835946 0.9402287 0.10566325
v 0.8510307 0.91663706 0.13298563
v 0.85006284 0.89709031 0.15441097
v 0.82622355 0.93749219 0.15547134
v 0.82374328 0.92103564 0.17681875
v 0.81671631 0.90362417 0.19420068
v 0.79672449 0.94562143 0.19563953
v 0.78803432 0.93053036 0.21215006
v 0.77428561 0.91408544 0.22338385
v 0.76029479 0.95809924 0.22533606
v 0.74613642 0.94282883 0.23663315
v 0.72723072 0.92660361 0.23874343
v 0.72048562 0.97061866 0.24601949
v 0.70149391 0.95159763 0.24914442
v 0.6801179 0.93535566 0.24279683
v 0.65763568 0.95617568 0.25561004
v 0.63793599 0.97453826 0.27091321
v 0.62651944 0.97774082 0.29032975
v 0.64125603 0.97806334 0.31920203
v 0.62288135 0.96209424 0.3123095
v 0.5995261 0.95695996 0.30749794
v 0.62295848 0.93915802 0.33468401
v 0.59601271 0.93382734 0.32983794
v 0.56722086 0.93885415 0.32963123
v 0.57301068 0.96210461 0.3058013
v 0.54030138 0.95441961 0.33651268
v 0.54356521 0.98069781 0.31085842
v 0.56441968 0.91831207 0.36350077
v 0.54033333 0.933398 0.37144693
v 0.52360183 0.95357614 0.3854801
v 0.54091101 0.92458212 0.41223466
v 0.52496469 0.9455114 0.42101424
v 0.53788256 0.92161887 0.45113101
v 0.52350872 0.94052916 0.45506349
v 0.5298286 0.91818594 0.48635521
v 0.51876932 0.93488615 0.48834407
v 0.51115298 0.95382452 0.49459877
v 0.511231 0.93081194 0.5180388
v 0.50570446 0.94614523 0.52161139
v 0.50433331 0.96195542 0.5281074
v 0.50795269 0.97305041 0.50536483
v 0.50821417 0.97564566 0.53684574
v 0.51211094 0.98876011 0.51819986
v 0.5168221 0.9862622 0.54603582
v 0.52216398 1.00052797 0.52993404
v 0.52355194 1.01919961 0.51571923
v 0.53874772 1.00628125 0.53783851
v 0.54381275 1.02511549 0.52351164
v 0.54486525 1.04718637 0.51215374
v 0.52158868 1.0410155 0.50566464
v 0.54216367 1.07036805 0.50392365
v 0.51819694 1.06341302 0.49873098
v 0.53590232 1.09370112 0.49621966
v 0.51211267 1.08682215 0.49461662
v 0.49504727 1.07994902 0.47899755
v 0.48529958 1.07526946 0.45645898
v 0.50467479 1.11102128 0.4935975
v 0.48520615 1.10499692 0.48128426
v 0.47220814 1.10268831 0.46074166
v 0.45785462 1.12838864 0.46876445
v 0.44679245 1.13081181 0.44599708
v 0.46388918 1.10318327 0.43657469
v 0.47951465 1.07386946 0.43029356
v 0.45734536 1.106516 0.40899309
v 0.43834152 1.13629412 0.42097291
v 0.43282491 1.14677929 0.39427492
v 0.41361886 1.17398548 0.41128465
v 0.41409054 1.19188058 0.38556397
v 0.43358099 1.16507983 0.36733627
v 0.42042371 1.16254019 0.43617501
v 0.40516451 1.18453538 0.45268836
v 0.43083962 1.15551483 0.45882746
v 0.41651907 1.17774045 0.47374549
v 0.40420502 1.19552266 0.48828029
v 0.44335904 1.15204262 0.47985354
v 0.42920145 1.17385637 0.49273055
v 0.41573226 1.19002199 0.50602722
v 0.42844674 1.18701791 0.5239951
v 0.43982577 1.18900919 0.54464709
v 0.42316737 1.19569611 0.55664032
v 0.44987779 1.19043016 0.57247531
v 0.43281462 1.19635415 0.58566308
v 0.4201976 1.20879197 0.59523987
v 0.45252373 1.20124352 0.61785614
v 0.44015666 1.2176572 0.62673842
v 0.48064205 1.20996213 0.6468411
v 0.46689871 1.23100578 0.65434968
v 0.45536851 1.25612902 0.65184718
v 0.49544632 1.24904024 0.67645627
v 0.48078301 1.27488136 0.67089128
v 0.47107625 1.30055677 0.65531426
v 0.50669574 1.29819166 0.68660146
v 0.49442744 1.3219105 0.66860103
v 0.49018672 1.3418647 0.64199996
v 0.51805043 1.34631729 0.67754811
v 0.51329016 1.36239659 0.65088021
v 0.51652568 1.37208151 0.62114244
v 0.53677713 1.38426911 0.65661513
v 0.5387755 1.39110541 0.6285513
v 0.54846966 1.3902961 0.60161262
v 0.55946207 1.41110217 0.63361609
v 0.56738793 1.41010654 0.60874408
v 0.58173644 1.40262889 0.58944326
v 0.584921 1.42936134 0.61509418
v 0.59723681 1.42367756 0.59711188
v 0.61363667 1.41398358 0.58655709
v 0.57841008 1.43066442 0.63720047
v 0.5950905 1.44975769 0.63943111
v 0.57829791 1.42782378 0.6604107
v 0.59606677 1.44759202 0.65989053
v 0.58626544 1.42059326 0.68078976
v 0.60454684 1.44233453 0.6777203
v 0.60047358 1.41056251 0.69589328
v 0.61769855 1.43497371 0.6901704
v 0.63230413 1.45799362 0.68327385
v 0.61810511 1.39966023 0.70199924
v 0.58045256 1.3844285 0.69883805
v 0.59912526 1.37044179 0.70617622
v 0.61916375 1.35744524 0.70324182
v 0.57665556 1.33932936 0.70833182
v 0.59813284 1.3237338 0.70577472
v 0.61826241 1.31094133 0.69357895
v 0.57282203 1.28851246 0.7045173
v 0.59291958 1.27507555 0.69046443
v 0.60819536 1.26815736 0.66817081
v 0.56281405 1.24159038 0.67945247
v 0.57782053 1.23605811 0.65813458
v 0.58736681 1.23787748 0.63265758
v 0.54547709 1.20720243 0.64016807
v 0.55710607 1.21130061 0.61671692
v 0.56339901 1.22339451 0.59242177
v 0.52661347 1.19548928 0.59383863
v 0.53505873 1.20993661 0.57337558
v 0.50032734 1.19514596 0.56876564
v 0.50898927 1.20524215 0.54985839
v 0.48468107 1.1896013 0.58702355
v 0.51157414 1.19135081 0.61513716
v 0.49586543 1.19655358 0.63298869
v 0.4675396 1.19197571 0.60346102
v 0.52989208 1.21281456 0.65979117
v 0.51262068 1.22744941 0.67245125
v 0.54385751 1.25481808 0.6932038
v 0.52404165 1.27476501 0.69535487
v 0.55125653 1.30670034 0.70625215
v 0.53203564 1.32652521 0.69663947
v 0.55681848 1.35604608 0.7000404
v 0.54285883 1.37166559 0.68190181
v 0.56633734 1.39683413 0.68237721
v 0.55886036 1.40633058 0.65942239
v 0.41820433 1.21520555 0.36193475
v 0.43886923 1.19375288 0.34294089
v 0.4128021 1.23854124 0.33271071
v 0.43062338 1.22139549 0.31255421
v 0.52719056 1.11813795 0.4937666
v 0.55952453 1.09820246 0.48717609
v 0.54956471 1.12455678 0.48300343
v 0.53518784 1.14957773 0.48529017
v 0.51792824 1.1749295 0.4954513
v 0.5809735 1.10087561 0.47125974
v 0.56617367 1.07275354 0.49659586
v 0.58795005 1.07176494 0.48370742
v 0.60716444 1.06895136 0.46705773
v 0.59954267 1.10053527 0.45065078
v 0.62255555 1.0639013 0.45026636
v 0.61471098 1.09594476 0.42913058
v 0.63485217 1.05369937 0.43320024
v 0.62587231 1.0833795 0.40704244
v 0.6146813 1.10850584 0.38229528
v 0.63676899 1.06368815 0.38858112
v 0.62965184 1.08857059 0.36135113
v 0.62499469 1.11228776 0.33354958
v 0.61035043 1.13381052 0.35866069
v 0.62710994 1.13743329 0.30949375
v 0.61300361 1.16007399 0.3358474
v 0.64529371 1.16626632 0.29361051
v 0.62883842 1.19002521 0.31788083
v 0.61124283 1.21005618 0.34136074
v 0.59204381 1.22600066 0.36335742
v 0.65173912 1.22190046 0.30666822
v 0.63167548 1.24388372 0.33007258
v 0.61031049 1.26239943 0.35166254
v 0.58697915 1.27500665 0.36997196
v 0.57060897 1.2404344 0.38318821
v 0.64206033 1.27852177 0.31455674
v 0.61716306 1.29752636 0.33586403
v 0.59094959 1.31142211 0.35515403
v 0.56869351 1.32145381 0.37006753
v 0.56365448 1.28598761 0.38743752
v 0.61675524 1.32951664 0.31528759
v 0.59066045 1.34418928 0.33262568
v 0.56878137 1.35579693 0.34557575
v 0.55002045 1.36719763 0.35497275
v 0.54825967 1.33499407 0.37953206
v 0.59045082 1.37654209 0.30991935
v 0.56916046 1.38846361 0.32183548
v 0.55075246 1.39929282 0.33105745
v 0.53370416 1.41103684 0.33970665
v 0.53283447 1.38018083 0.36264401
v 0.56795632 1.41920268 0.29888206
v 0.54893863 1.42870938 0.30820193
v 0.53157544 1.43938279 0.31781908
v 0.52156728 1.4545679 0.33041212
v 0.52128613 1.42672932 0.35098004
v 0.54400545 1.45396435 0.28430932
v 0.5267173 1.46364784 0.29515197
v 0.52004158 1.4788227 0.30982899
v 0.52870333 1.49522376 0.32448712
v 0.52572649 1.47226774 0.34531673
v 0.52218288 1.48551106 0.27278739
v 0.51911646 1.49942398 0.2886388
v 0.5286436 1.51440179 0.30374443
v 0.53143876 1.53256237 0.32143884
v 0.5345624 1.51424658 0.3426204
v 0.52545112 1.53113687 0.28266331
v 0.52828133 1.54733192 0.30015653
v 0.52097612 1.5652225 0.31861186
v 0.52488166 1.55133569 0.34114325
v 0.52518838 1.56042349 0.27820062
v 0.51834583 1.57672786 0.29606017
v 0.50557613 1.59368979 0.31363406
v 0.50857341 1.58264875 0.33758777
v 0.52201563 1.57038581 0.2584038
v 0.51619786 1.58552265 0.27397069
v 0.50376814 1.60247671 0.29016953
v 0.48796775 1.61976802 0.30661046
v 0.49042037 1.61022079 0.33239987
v 0.51444685 1.5932759 0.25388631
v 0.50297266 1.60933208 0.26681715
v 0.4875015 1.62687563 0.28065779
v 0.47009307 1.64378166 0.2943058
v 0.47106149 1.63576245 0.32298755
v 0.5021947 1.61638891 0.24437472
v 0.48773521 1.63295149 0.25529155
v 0.47096777 1.65002095 0.26654031
v 0.45345953 1.66590023 0.27604013
v 0.45243787 1.65870189 0.30669319
v 0.48764142 1.63955426 0.23108841
v 0.47264987 1.65545678 0.23907217
v 0.4567576 1.67100107 0.24552592
v 0.44141554 1.68475544 0.24945429
v 0.43697884 1.67854869 0.28284952
v 0.47434425 1.66074848 0.2119228
v 0.46104145 1.6751784 0.21543556
v 0.44770973 1.68815422 0.21732811
v 0.4343816 1.69868302 0.21781042
v 0.42662775 1.6949774 0.25204077
v 0.46531704 1.67923593 0.18634882
v 0.45481473 1.69080698 0.18627268
v 0.44344824 1.70041716 0.18544083
v 0.43131551 1.7068988 0.18374469
v 0.42063507 1.7053256 0.21708701
v 0.46170139 1.69394457 0.15611675
v 0.45238465 1.70273959 0.1547499
v 0.44224783 1.70939147 0.15265105
v 0.43132922 1.71149849 0.14943005
v 0.4189302 1.70831918 0.18093513
v 0.46071216 1.70572197 0.12526385
v 0.45254308 1.71167743 0.12302348
v 0.44354689 1.71432471 0.11991988
v 0.43799772 1.70850062 0.11714956
v 0.42393276 1.7043997 0.14620596
v 0.42372006 1.69316494 0.14517849
v 0.41017949 1.688066 0.17701439
v 0.41063526 1.70041108 0.17799074
v 0.43845039 1.69868397 0.11634104
v 0.44094258 1.68869817 0.11630062
v 0.42673185 1.68162858 0.14515219
v 0.44524332 1.67907261 0.11664456
v 0.45813018 1.68778514 0.09000785
v 0.46219193 1.68081212 0.08999113
v 0.4738239 1.69019496 0.06661265
v 0.47764754 1.68491971 0.06632801
v 0.49207735 1.68917143 0.04712506
v 0.39898157 1.69580185 0.21230772
v 0.4069204 1.70518791 0.21478676
v 0.39659851 1.69854795 0.25221791
v 0.41142648 1.70007002 0.25301733
v 0.40489611 1.68830537 0.29016149
v 0.42080211 1.68639493 0.28769084
v 0.41826349 1.67268419 0.32306397
v 0.43518596 1.66922164 0.3166826
v 0.43635365 1.6550306 0.34994897
v 0.45402753 1.64844119 0.33803993
v 0.45726737 1.63409531 0.36756736
v 0.47397974 1.62441456 0.35109546
v 0.47735941 1.60915279 0.37699019
v 0.4934667 1.59772861 0.35744452
v 0.49660748 1.5810306 0.38071358
v 0.51202046 1.56803703 0.36078995
v 0.5146228 1.54892098 0.38320383
v 0.52778518 1.533252 0.3628416
v 0.52708077 1.50997233 0.385614
v 0.53271967 1.49097228 0.36367207
v 0.52635431 1.46401643 0.38620495
v 0.52143466 1.44559419 0.36605295
v 0.51559943 1.41659247 0.38656768
v 0.51929903 1.39698159 0.37190046
v 0.51395213 1.36730849 0.3947182
v 0.52932715 1.34964299 0.38658946
v 0.52325224 1.32115531 0.40810474
v 0.54299563 1.30258905 0.3994621
v 0.51324868 1.29596912 0.42504969
v 0.5306831 1.27480387 0.41371262
v 0.54886174 1.25648045 0.40054002
v 0.51651418 1.25209009 0.43584057
v 0.53431832 1.23133301 0.42459237
v 0.49951547 1.27354729 0.444624
v 0.46900105 1.70843267 0.09701088
v 0.46792167 1.69825398 0.12654198
v 0.47475981 1.70248448 0.09839452
v 0.47476157 1.6903367 0.12680505
v 0.48010605 1.69648313 0.09888141
v 0.48118737 1.68229925 0.12603552
v 0.48544344 1.68998944 0.09842369
v 0.4873541 1.67464602 0.12424634
v 0.49042266 1.68369543 0.09747608
v 0.49387401 1.66671884 0.12120431
v 0.49506723 1.67791187 0.09585606
v 0.49997681 1.65916764 0.11751896
v 0.50038099 1.6710968 0.09287401
v 0.50498902 1.65122652 0.11330459
v 0.50120562 1.64683878 0.14332522
v 0.50740587 1.63730061 0.13794961
v 0.50784087 1.62649452 0.1320554
v 0.50957286 1.62355458 0.16258925
v 0.50939643 1.61177718 0.15655003
v 0.49953156 1.60442912 0.1538309
v 0.5112304 1.59834301 0.17925027
v 0.50106835 1.590577 0.17612446
v 0.488292 1.59408628 0.18033994
v 0.50358569 1.57765436 0.1943672
v 0.49033901 1.58154559 0.19896704
v 0.47569423 1.58832013 0.20555411
v 0.4926064 1.57028901 0.21357005
v 0.47715249 1.57809937 0.22030423
v 0.49318867 1.56137394 0.2251074
v 0.47787487 1.56979775 0.23084549
v 0.47689971 1.56178832 0.23794831
v 0.47295004 1.55254542 0.2375728
v 0.46734362 1.5496298 0.22768679
v 0.44660565 1.55196821 0.2390194
v 0.46166622 1.55115938 0.21671366
v 0.48694223 1.54623794 0.21052561
v 0.51187419 1.52595019 0.21999885
v 0.5287885 1.50004315 0.23680508
v 0.54202586 1.49536836 0.22192677
v 0.53715276 1.47621703 0.25971016
v 0.55436658 1.46866071 0.24758164
v 0.57278263 1.46016216 0.23305627
v 0.55959153 1.48982095 0.20427738
v 0.5922805 1.44807505 0.21490967
v 0.57864791 1.47986769 0.18637189
v 0.55516392 1.51043546 0.15789747
v 0.60158658 1.46218228 0.16373336
v 0.58371132 1.49141955 0.13342672
v 0.62498116 1.43990898 0.13942483
v 0.60899198 1.46622395 0.10833571
v 0.58884459 1.48519265 0.0772551
v 0.56712871 1.49512112 0.0468015
v 0.63310205 1.44119465 0.08488673
v 0.61513537 1.45872592 0.05351851
v 0.59508705 1.46834898 0.02323196
v 0.57436186 1.47158193 -0.00589607
v 0.54639124 1.4970237 0.01720832
v 0.63837254 1.43366754 0.03186367
v 0.61948812 1.44335353 0.00185078
v 0.59947633 1.44685804 -0.02687815
v 0.57902044 1.44435191 -0.05288366
v 0.55376768 1.46981132 -0.03305988
v 0.64156305 1.41771721 -0.01821467
v 0.62276566 1.42103195 -0.04620892
v 0.60240429 1.41812515 -0.07122546
v 0.5796023 1.40690898 -0.08962953
v 0.55637663 1.43269634 -0.0724222
v 0.64443284 1.39544487 -0.06472392
v 0.62438106 1.39235377 -0.08911068
v 0.60164451 1.38104963 -0.10672093
v 0.57880395 1.36296427 -0.1159899
v 0.55663275 1.38872242 -0.10014808
v 0.64557296 1.36748421 -0.10686046
v 0.62304276 1.35522067 -0.12338234
v 0.60048103 1.3370794 -0.13185052
v 0.5798999 1.31450653 -0.13145729
v 0.55802047 1.34013843 -0.11669887
v 0.64412146 1.32998704 -0.14039185
v 0.62193059 1.31173479 -0.1485234
v 0.60136956 1.28930664 -0.1472896
v 0.5851078 1.26391112 -0.13517096
v 0.56386888 1.28898096 -0.1211382
v 0.64351326 1.28650498 -0.16609065
v 0.62215864 1.26395499 -0.16386503
v 0.6051017 1.23874104 -0.15006211
v 0.5925489 1.21258938 -0.12806502
v 0.57327562 1.2373898 -0.1150562
v 0.64321482 1.2386955 -0.18052972
v 0.62419301 1.2136687 -0.16555544
v 0.61051094 1.1876918 -0.14175808
v 0.6015684 1.16270577 -0.11097501
v 0.58385396 1.1873188 -0.09893057
v 0.64252924 1.1891067 -0.18136476
v 0.6276583 1.16337084 -0.15592911
v 0.618541 1.13848054 -0.1236402
v 0.61184233 1.11433601 -0.08508841
v 0.59502333 1.13864719 -0.07397129
v 0.64396256 1.13956141 -0.1706305
v 0.63500595 1.11482584 -0.13698625
v 0.62815761 1.09145295 -0.09723249
v 0.62244844 1.06897842 -0.05059225
v 0.60618865 1.09169137 -0.04039986
v 0.65172648 1.09155547 -0.15072052
v 0.64616096 1.06922817 -0.11073465
v 0.64067322 1.0478053 -0.06453495
v 0.66741931 1.04739713 -0.12498165
v 0.6640973 1.02780461 -0.08257789
v 0.69451129 1.02980852 -0.13869583
v 0.69495785 1.01059114 -0.10175894
v 0.69928199 0.99659854 -0.07582037
v 0.70306259 0.98794853 -0.06078559
v 0.73321628 1.00400161 -0.12333758
v 0.73742348 0.99174195 -0.10131064
v 0.74006885 0.98514282 -0.08907054
v 0.74277293 0.97916537 -0.08044513
v 0.70845019 0.97862696 -0.05045639
v 0.74564242 0.97282117 -0.07310687
v 0.71401667 0.96938049 -0.0435187
v 0.68561613 0.96404314 -0.00807725
v 0.66271781 0.95243769 0.02863666
v 0.71744263 0.95826631 -0.04132862
v 0.69110542 0.94736582 -0.00969426
v 0.67385023 0.93125444 0.02134603
v 0.66748917 0.91233485 0.0500682
v 0.65224981 0.93384629 0.05906796
v 0.69505298 0.93267458 -0.01570544
v 0.68050736 0.91510665 0.01271617
v 0.67938852 0.89314335 0.03923051
v 0.68746238 0.8718248 0.06616044
v 0.67228049 0.89195323 0.07962122
v 0.68535387 0.89858484 0.00060535
v 0.68644183 0.87435025 0.02527502
v 0.69766318 0.85145306 0.04972184
v 0.71536052 0.83079075 0.07421422
v 0.70366513 0.8531109 0.09343762
v 0.69021999 0.85583877 0.00785061
v 0.7028175 0.83007901 0.02975221
v 0.72249651 0.80749219 0.05158007
v 0.74725729 0.78931921 0.0733895
v 0.73824083 0.81462961 0.09771893
v 0.70236367 0.8075245 0.00490839
v 0.72400367 0.7831909 0.02517277
v 0.75100064 0.76330441 0.04573338
v 0.78086459 0.74853813 0.06432567
v 0.77412712 0.77670693 0.09331233
v 0.72110563 0.75874978 -0.00560164
v 0.74883669 0.73707395 0.01247634
v 0.77977168 0.71985954 0.029048
v 0.81234836 0.70852816 0.0429974
v 0.81128794 0.73948758 0.07952016
v 0.74494588 0.71091103 -0.02672517
v 0.77716481 0.69329494 -0.01173056
v 0.81310576 0.68160092 0.00103312
v 0.85125362 0.68114894 0.01070553
v 0.84660995 0.70696902 0.05336102
v 0.78166812 0.67373418 -0.05789993
v 0.8205136 0.6652348 -0.04507762
v 0.85943722 0.67044568 -0.03556825
v 0.89495575 0.68803536 -0.02854144
v 0.88665509 0.69580775 0.0154684
v 0.83366602 0.66552376 -0.09368333
v 0.87066572 0.67370331 -0.08160872
v 0.9030174 0.6933313 -0.07133253
v 0.92678374 0.72240251 -0.0629058
v 0.92139202 0.71744012 -0.02410351
v 0.88397866 0.68949514 -0.12454918
v 0.91276031 0.70757037 -0.11141627
v 0.93343883 0.73456108 -0.09919802
v 0.94565242 0.76762878 -0.0876164
v 0.94149607 0.75752794 -0.05532008
v 0.92481249 0.72880113 -0.14813309
v 0.94206309 0.75270283 -0.13247731
v 0.95214754 0.78197133 -0.11747401
v 0.95617818 0.81328868 -0.10611302
v 0.95060664 0.80275332 -0.07785505
v 0.95274734 0.7761389 -0.16126206
v 0.96188992 0.800507 -0.14552836
v 0.96513158 0.82678145 -0.13428887
v 0.96164923 0.85294681 -0.12770481
v 0.9518218 0.84336239 -0.09972651
v 0.9726836 0.82182079 -0.17380632
v 0.97725945 0.84282398 -0.16318877
v 0.97346133 0.8645432 -0.1574603
v 0.96458447 0.88490092 -0.15665082
v 0.95206898 0.87747353 -0.12668114
v 0.98676002 0.85924619 -0.19415468
v 0.98392492 0.87707072 -0.18948485
v 0.97492319 0.89376264 -0.18816739
v 0.96152722 0.9075213 -0.18998406
v 0.95118325 0.90229046 -0.16023187
v 0.98725497 0.88819116 -0.22046451
v 0.97896164 0.9012407 -0.21857567
v 0.96765887 0.91217857 -0.21896417
v 0.95384711 0.92147994 -0.2221594
v 0.9448986 0.91899633 -0.19554318
v 0.98047679 0.90823555 -0.24674823
v 0.97107708 0.91722482 -0.2466506
v 0.9602676 0.92442482 -0.24858528
v 0.94808179 0.92900061 -0.25278335
v 0.93736082 0.92787092 -0.22871133
v 0.97331666 0.92111778 -0.27216959
v 0.96547114 0.92579859 -0.274351
v 0.95729798 0.92919963 -0.27795904
v 0.96746349 0.92592203 -0.29400232
v 0.95967114 0.92822694 -0.29522615
v 0.95968067 0.92574685 -0.30626142
v 0.94811445 0.92577427 -0.30533444
v 0.96798127 0.9230827 -0.30519083
v 0.97380715 0.92186707 -0.29345375
v 0.97417885 0.91861915 -0.30326297
v 0.97417283 0.91303187 -0.30921125
v 0.97864449 0.9073385 -0.30433234
v 0.97759836 0.90072399 -0.30754676
v 0.98285394 0.90095639 -0.29687658
v 0.98122859 0.89408999 -0.29981243
v 0.98788851 0.88864511 -0.27874547
v 0.98439431 0.88010436 -0.28271246
v 0.98916798 0.87438929 -0.25632816
v 0.98413068 0.8631556 -0.26204329
v 0.97596132 0.85315811 -0.26989832
v 0.98070228 0.84530097 -0.23829801
v 0.97070074 0.83317518 -0.24873395
v 0.95685654 0.82488638 -0.26153349
v 0.96531766 0.84653163 -0.27916017
v 0.94021278 0.82270419 -0.2739675
v 0.95242846 0.84423261 -0.29014569
v 0.92456531 0.82502222 -0.28406462
v 0.92654222 0.79904305 -0.25556865
v 0.90809679 0.80103087 -0.26659181
v 0.89142996 0.80790585 -0.27606201
v 0.88813585 0.77142691 -0.24615964
v 0.8687731 0.77937185 -0.25709295
v 0.85168999 0.79243511 -0.26611593
v 0.84235185 0.74898421 -0.2340628
v 0.8222149 0.7634468 -0.24639187
v 0.80525147 0.7847023 -0.25415903
v 0.78950721 0.73594349 -0.21989223
v 0.7699877 0.75899905 -0.23101604
v 0.75803601 0.78881746 -0.23302814
v 0.73377656 0.73748463 -0.19791171
v 0.71997904 0.77237916 -0.20497876
v 0.7191661 0.80952835 -0.20162926
v 0.69352275 0.76799702 -0.16244769
v 0.69405007 0.80752009 -0.16689261
v 0.70650088 0.84665441 -0.16493263
v 0.6807509 0.81544458 -0.12800574
v 0.69362831 0.85343068 -0.13411928
v 0.71793842 0.88983285 -0.13351787
v 0.68888175 0.86617332 -0.10434892
v 0.71365279 0.89832478 -0.11114787
v 0.74654316 0.92619407 -0.11094819
v 0.71435421 0.90960001 -0.08941733
v 0.74607342 0.9320051 -0.09774821
v 0.78328645 0.94536352 -0.09936797
v 0.74641847 0.93743115 -0.08710297
v 0.78309226 0.94873774 -0.09226796
v 0.81803125 0.95085579 -0.0822689
v 0.78297907 0.95203828 -0.08620636
v 0.81643635 0.95481354 -0.07767526
v 0.78306698 0.95621353 -0.08180637
v 0.81578111 0.95983862 -0.07513066
v 0.78277307 0.96256935 -0.08112409
v 0.81598603 0.96620005 -0.0752757
v 0.78240346 0.96868288 -0.0836137
v 0.8165338 0.97298687 -0.07740611
v 0.8382256 0.97886252 -0.05429414
v 0.81776183 0.97991317 -0.08210119
v 0.84194147 0.987562 -0.05964535
v 0.85642111 0.99851286 -0.02702855
v 0.85058641 0.98890298 -0.01961614
v 0.85961222 1.02017998 0.00944125
v 0.84810555 1.00938117 0.02031415
v 0.84840208 1.05138731 0.04008923
v 0.833431 1.03729867 0.05344336
v 0.82367372 1.02185094 0.06573926
v 0.79921317 1.04798996 0.09420317
v 0.79367888 1.02416873 0.10720141
v 0.81918084 1.00393772 0.0800222
v 0.79646176 0.99969852 0.12605324
v 0.82094371 0.9823246 0.1018242
v 0.84350282 0.96477359 0.0757512
v 0.82505631 0.95896768 0.12828043
v 0.80072206 0.97748756 0.15003657
v 0.80087155 0.95893317 0.17581401
v 0.76932185 0.97054791 0.20929096
v 0.74366569 0.99808591 0.21814255
v 0.73417091 0.98663759 0.23407138
v 0.72098153 1.02800905 0.21934858
v 0.76787149 1.04358077 0.13309219
v 0.77246844 1.07224595 0.12143134
v 0.74682676 1.09338963 0.15139836
v 0.74297666 1.05856895 0.15998446
v 0.87618154 1.0330398 -0.00490249
v 0.8681038 1.06547212 0.02023808
v 0.89721071 1.04803955 -0.02292715
v 0.89137727 1.07860076 -0.00202913
v 0.87717038 1.11115753 0.010615
v 0.91471129 1.09455931 -0.02692612
v 0.90227657 1.12350523 -0.0149087
v 0.8863762 1.15256667 -0.0092223
v 0.85919272 1.14353382 0.01747809
v 0.86984503 1.1812793 -0.00846063
v 0.84257531 1.17680656 0.01875543
v 0.85294514 1.20971739 -0.01536111
v 0.82607793 1.20816671 0.0107998
v 0.79859519 1.21062004 0.03818232
v 0.77215325 1.2183578 0.06618148
v 0.81199348 1.23656058 -0.00289954
v 0.78590363 1.24188208 0.02228305
v 0.76113599 1.25218069 0.04842488
v 0.73918306 1.26670765 0.07357565
v 0.74971246 1.23233151 0.09395942
v 0.77696132 1.27088034 0.00493522
v 0.75399202 1.28333771 0.0285835
v 0.73283845 1.29943907 0.05196767
v 0.71308124 1.31819665 0.07489055
v 0.7203949 1.2854917 0.09877435
v 0.74623143 1.30975377 0.00654855
v 0.72581702 1.32782197 0.02813069
v 0.70624315 1.34790122 0.04936294
v 0.69470077 1.36986029 0.02045602
v 0.67475163 1.39240562 0.04119797
v 0.68662464 1.36925029 0.07072391
v 0.69400358 1.33915936 0.09800025
v 0.71498698 1.34871435 0.00043646
v 0.70081216 1.36231064 -0.02815816
v 0.68031567 1.38496601 -0.00892318
v 0.73524695 1.32902634 -0.01929106
v 0.72101998 1.34150314 -0.0467597
v 0.70397543 1.34746921 -0.07392518
v 0.68330586 1.36892855 -0.05592839
v 0.75555789 1.31232237 -0.03990181
v 0.74101889 1.32360875 -0.06547541
v 0.72469818 1.32875394 -0.09132963
v 0.70755618 1.32921171 -0.11769802
v 0.68629431 1.34902715 -0.10073574
v 0.76186472 1.30858969 -0.0847239
v 0.74613177 1.31272518 -0.10889829
v 0.7295919 1.31227946 -0.13401933
v 0.71023404 1.30201304 -0.15765097
v 0.68771809 1.32142949 -0.14153176
v 0.76829373 1.30009031 -0.12656086
v 0.7525717 1.29810082 -0.15028159
v 0.79108595 1.29298675 -0.1445865
v 0.77637046 1.28915417 -0.16703851
v 0.81352973 1.29178619 -0.16392552
v 0.80116689 1.28667473 -0.18427957
v 0.83653968 1.29343676 -0.18226993
v 0.82664167 1.28868126 -0.20058567
v 0.82029432 1.2765342 -0.21741288
v 0.81851536 1.25947856 -0.2308751
v 0.85258328 1.29195654 -0.21479271
v 0.84820663 1.28205311 -0.22893005
v 0.84756815 1.2675724 -0.23899017
v 0.87494462 1.28571701 -0.23818205
v 0.87478661 1.27329218 -0.24557322
v 0.87648969 1.25968217 -0.24970439
v 0.85021323 1.25143802 -0.24576883
v 0.82208406 1.23967254 -0.24145443
v 0.85723549 1.23204159 -0.24909493
v 0.83208316 1.21741211 -0.24644388
v 0.80383408 1.20029747 -0.24379837
v 0.77466148 1.18173217 -0.24166727
v 0.84484183 1.19487297 -0.24611058
v 0.82004714 1.17501997 -0.24364055
v 0.79384809 1.15517962 -0.24195464
v 0.7673338 1.13526868 -0.24042029
v 0.74744451 1.16254365 -0.24056513
v 0.83729088 1.14994347 -0.2364614
v 0.81240361 1.12855291 -0.23288992
v 0.78678286 1.10838198 -0.22972005
v 0.76189923 1.08862185 -0.22598816
v 0.7412132 1.11462569 -0.23789747
v 0.83006304 1.10449349 -0.21679386
v 0.80503296 1.08311927 -0.21080006
v 0.77991426 1.06346488 -0.20458389
v 0.82236033 1.06227242 -0.18853454
v 0.79482424 1.04107856 -0.17939233
v 0.76459795 1.02589404 -0.16870999
v 0.77338844 1.00779974 -0.13994896
v 0.72828626 1.02190411 -0.15414422
v 0.80760777 1.02326965 -0.15251188
v 0.83898228 1.04666435 -0.16613662
v 0.84792512 1.08557617 -0.1978652
v 0.86586445 1.07246029 -0.17821775
v 0.88405746 1.0645641 -0.15928752
v 0.88847947 1.09977185 -0.18967837
v 0.90590822 1.09417617 -0.17317228
v 0.92292428 1.09362411 -0.15604676
v 0.90245038 1.061903 -0.13975605
v 0.93814712 1.09771144 -0.13753925
v 0.92069393 1.06543934 -0.11821883
v 0.89710235 1.03522229 -0.09937238
v 0.93378734 1.07609677 -0.09482934
v 0.91381198 1.04710793 -0.07175211
v 0.89067071 1.02415382 -0.05197469
v 0.86977314 1.00877332 -0.03768585
v 0.91918754 1.06825387 -0.04647634
v 0.93830496 1.09344434 -0.07277353
v 0.93473208 1.11525547 -0.05458047
v 0.95286655 1.12121892 -0.09986781
v 0.95008128 1.13887929 -0.08432526
v 0.94164931 1.15830886 -0.07323209
v 0.92426556 1.13943111 -0.04298513
v 0.92874127 1.17865467 -0.06697052
v 0.90978378 1.16423225 -0.0372345
v 0.91426551 1.19932365 -0.06527154
v 0.8938623 1.18895208 -0.03629576
v 0.89944756 1.22009646 -0.06798999
v 0.87746292 1.21354711 -0.04090154
v 0.88540673 1.24117147 -0.07666117
v 0.86271524 1.23736619 -0.05128734
v 0.83813899 1.23561132 -0.02737171
v 0.84927177 1.25844717 -0.0659937
v 0.82516038 1.2590028 -0.04298506
v 0.80065357 1.26254534 -0.01936453
v 0.81224906 1.27749693 -0.06194773
v 0.78934031 1.28407847 -0.03895418
v 0.76733702 1.29463493 -0.01600672
v 0.77623647 1.29893302 -0.06088418
v 0.79837048 1.29040467 -0.08243514
v 0.78335541 1.29693508 -0.10379885
v 0.82058447 1.28606772 -0.10379184
v 0.80571621 1.29117167 -0.12382423
v 0.84162449 1.2859838 -0.12503625
v 0.82702183 1.29074907 -0.14419037
v 0.86118638 1.28818154 -0.14652428
v 0.8480938 1.29261934 -0.16424743
v 0.87961155 1.29065966 -0.16770599
v 0.86849916 1.29493701 -0.1838646
v 0.85977 1.29561615 -0.19933974
v 0.89009332 1.29650485 -0.20109039
v 0.88360244 1.29716527 -0.21407777
v 0.87815576 1.29383194 -0.22696127
v 0.90660893 1.2976123 -0.22691075
v 0.90250968 1.29408669 -0.23739054
v 0.90033102 1.28714633 -0.24562342
v 0.92500478 1.29391133 -0.24588328
v 0.92334443 1.28761804 -0.25241676
v 0.92294126 1.27901589 -0.25644126
v 0.90027654 1.27670133 -0.2510848
v 0.92409902 1.26869285 -0.25812763
v 0.90169018 1.26504313 -0.25395909
v 0.92616516 1.25795114 -0.25820374
v 0.90457266 1.25330412 -0.25483837
v 0.881042 1.24395096 -0.25189271
v 0.88951176 1.22634983 -0.25128763
v 0.86778938 1.21187436 -0.24871935
v 0.8995983 1.20985245 -0.24802003
v 0.88098579 1.19170355 -0.24381779
v 0.86024946 1.17153358 -0.23995924
v 0.89529824 1.17439103 -0.23538322
v 0.8760997 1.15141892 -0.22883781
v 0.85433334 1.12769997 -0.22305397
v 0.89206409 1.13680434 -0.21539405
v 0.87118989 1.11091899 -0.20671804
v 0.90786993 1.12794029 -0.20122946
v 0.91034001 1.1613686 -0.2238626
v 0.92486554 1.15412414 -0.21175426
v 0.93918579 1.15116226 -0.19894971
v 0.92375987 1.12392997 -0.18677318
v 0.95176273 1.15226423 -0.18654805
v 0.93857389 1.12444376 -0.17169106
v 0.962632 1.15626418 -0.17410649
v 0.95154428 1.12859129 -0.15630871
v 0.97051471 1.16289377 -0.16169861
v 0.96105063 1.13640618 -0.14083749
v 0.94913649 1.10699546 -0.11828865
v 0.96443718 1.14811062 -0.12602613
v 0.97392445 1.17212104 -0.15000659
v 0.97247272 1.18347978 -0.13953284
v 0.96232086 1.16216504 -0.11333095
v 0.966717 1.19626557 -0.13105759
v 0.95534604 1.17784917 -0.10340622
v 0.95759731 1.20965325 -0.12526607
v 0.94435751 1.19427025 -0.09706407
v 0.94626414 1.22402036 -0.12207768
v 0.93147468 1.21133685 -0.09433995
v 0.93404549 1.23883855 -0.12276234
v 0.9183017 1.22898364 -0.0959729
v 0.92133534 1.2541455 -0.12795667
v 0.90496265 1.24722683 -0.10272476
v 0.90719091 1.26975095 -0.1382832
v 0.89100045 1.2645955 -0.11433173
v 0.87164568 1.26010322 -0.08951287
v 0.87574398 1.27875614 -0.12976303
v 0.85673236 1.27585315 -0.1067683
v 0.83521294 1.27487564 -0.08435765
v 0.89279383 1.28248429 -0.15211261
v 0.92173951 1.27514183 -0.16056166
v 0.90857183 1.28587424 -0.17319901
v 0.89803844 1.29289484 -0.18747848
v 0.9249224 1.28854095 -0.19262817
v 0.91736245 1.29424631 -0.20467513
v 0.91152501 1.2972393 -0.21628202
v 0.93625843 1.29453182 -0.21955977
v 0.93181896 1.29714822 -0.22924792
v 0.92802548 1.29727089 -0.2378523
v 0.9507929 1.29572951 -0.23839667
v 0.94744086 1.2956736 -0.24576734
v 0.94474989 1.2928065 -0.2521063
v 0.96139043 1.29307568 -0.24921789
v 0.95939505 1.29055631 -0.25499251
v 0.95782154 1.28546977 -0.25956335
v 0.9429804 1.28692948 -0.25740757
v 0.95715194 1.27838361 -0.26157531
v 0.94228619 1.27913606 -0.26021179
v 0.95736146 1.26892209 -0.26167085
v 0.9425385 1.26949763 -0.261029
v 0.9583199 1.25732255 -0.25890201
v 0.94391953 1.25835752 -0.25966277
v 0.95805114 1.24296045 -0.25332805
v 0.95169407 1.22414577 -0.24550779
v 0.96949696 1.25609087 -0.25627273
v 0.96790516 1.24062955 -0.24915194
v 0.96203094 1.2209928 -0.23958078
v 0.95233935 1.19965863 -0.23025147
v 0.93998444 1.20412039 -0.23864348
v 0.97622007 1.23986113 -0.24469231
v 0.97101938 1.22024524 -0.23395304
v 0.96257233 1.19877243 -0.22278678
v 0.9522373 1.17596924 -0.21068409
v 0.93955987 1.17752361 -0.22131933
v 0.97911298 1.22117412 -0.22848415
v 0.97245174 1.20015299 -0.2149143
v 0.9631164 1.1772989 -0.20097948
v 0.97988075 1.20311927 -0.2074522
v 0.97203582 1.18082189 -0.19107554
v 0.9854601 1.20754337 -0.19978947
v 0.97860568 1.18625402 -0.18130011
v 0.98800736 1.21399855 -0.1918932
v 0.98162818 1.1938759 -0.17178696
v 0.98748606 1.22143006 -0.18504807
v 0.9809252 1.20301401 -0.16318973
v 0.98393303 1.23018932 -0.17882208
v 0.97649115 1.21351015 -0.15593978
v 0.97837054 1.23923778 -0.17418076
v 0.96911925 1.22454237 -0.15072143
v 0.97045815 1.2484554 -0.17159584
v 0.95922255 1.23651433 -0.14773139
v 0.95975941 1.25914561 -0.17126952
v 0.94816494 1.24903047 -0.14814528
v 0.94795465 1.26962566 -0.17462632
v 0.93551695 1.26230824 -0.15230642
v 0.93540215 1.28021907 -0.18199925
v 0.97031515 1.26858151 -0.19367316
v 0.97934836 1.26052558 -0.19346404
v 0.98453784 1.27192652 -0.21426528
v 0.97731185 1.277722 -0.21501629
v 0.98482263 1.28035116 -0.22989849
v 0.9777413 1.2845056 -0.2291799
v 0.9829055 1.28553891 -0.24056987
v 0.97585451 1.2885729 -0.23842698
v 0.96659404 1.29146099 -0.23593179
v 0.95466268 1.29365634 -0.23114901
v 0.97393995 1.2903676 -0.24545814
v 0.96374118 1.29344701 -0.24290841
v 0.97232192 1.2899692 -0.25089705
v 0.98127049 1.28681087 -0.24704848
v 0.98020094 1.28625083 -0.25169399
v 0.97939491 1.284554 -0.25542384
v 0.97090834 1.28767693 -0.25589224
v 0.96979719 1.28384637 -0.25948366
v 0.96922916 1.2775855 -0.26127687
v 0.96933609 1.26827859 -0.26062917
v 0.97831326 1.25542664 -0.25364694
v 0.98512625 1.25589084 -0.25024169
v 0.98336315 1.24024701 -0.24037578
v 0.99036562 1.25750052 -0.24678765
v 0.98953974 1.24211037 -0.23565633
v 0.9858613 1.22352278 -0.22269153
v 0.99407005 1.24522662 -0.23052202
v 0.99067753 1.22722411 -0.21632187
v 0.99601411 1.24921619 -0.22614225
v 0.99317801 1.23234927 -0.21001854
v 0.99610209 1.25425839 -0.22156822
v 0.99286246 1.23855078 -0.20442879
v 0.99427151 1.26004135 -0.21766601
v 0.99017208 1.24603724 -0.19937139
v 0.99029833 1.26596093 -0.21524927
v 0.98564815 1.25315296 -0.19580443
v 0.99613344 1.26351583 -0.23969624
v 0.99416559 1.26026129 -0.24320282
v 0.9907605 1.27302813 -0.25137439
v 0.9913209 1.27542281 -0.24928933
v 0.98563194 1.2800436 -0.25385588
v 0.98602771 1.28146648 -0.25141891
v 0.92630618 1.18350529 -0.23159104
v 0.91237366 1.19519174 -0.24118503
v 0.69537705 1.11747729 -0.22325353
v 0.71937865 1.14088022 -0.23751561
v 0.67679232 1.14140617 -0.21135944
v 0.70073586 1.16649031 -0.22688488
v 0.65957188 1.16510272 -0.19704686
v 0.68385648 1.18969869 -0.21345083
v 0.6642481 1.21382069 -0.19711403
v 0.66601449 1.26158428 -0.1832779
v 0.66579324 1.30591237 -0.15798166
v 0.68853044 1.28300881 -0.1752479
v 0.66630327 1.34343516 -0.12425605
v 0.66550964 1.37133777 -0.08291184
v 0.66259467 1.39256131 -0.0374132
v 0.65952891 1.40855741 0.01109841
v 0.65492773 1.41683173 0.06279525
v 0.64764034 1.41647028 0.11598197
v 0.66804009 1.39280331 0.09316121
v 0.65679979 1.38581347 0.14500634
v 0.67564034 1.36198842 0.12131177
v 0.66950815 1.35629534 0.17344903
v 0.68732518 1.33152973 0.14886844
v 0.70359528 1.30741584 0.12376883
v 0.69867098 1.2998625 0.17406587
v 0.7141186 1.27458667 0.14776545
v 0.73074388 1.2517966 0.12116598
v 0.71799022 1.23889946 0.16837813
v 0.73393446 1.21476948 0.14005093
v 0.71632212 1.20280194 0.18643295
v 0.73224085 1.1783688 0.15630659
v 0.70225089 1.22987878 0.21529449
v 0.70323908 1.26529622 0.19593659
v 0.68663531 1.29313373 0.22320646
v 0.68592876 1.25949919 0.24363072
v 0.68144923 1.32605898 0.19994816
v 0.66067206 1.35114336 0.22515018
v 0.6656422 1.31928181 0.24889907
v 0.64965397 1.38049638 0.19793859
v 0.62787717 1.40278899 0.22208376
v 0.63763076 1.3739196 0.24916318
v 0.63637924 1.40925288 0.16902841
v 0.61433839 1.43075668 0.19286525
v 0.60493999 1.42171585 0.2441926
v 0.5831927 1.43532788 0.2612243
v 0.58901721 1.40819871 0.28722018
v 0.61297059 1.39310181 0.27043858
v 0.61583089 1.36171269 0.29385709
v 0.64176946 1.3424195 0.27281069
v 0.64239609 1.31011319 0.29390174
v 0.66587138 1.2866491 0.26989018
v 0.66310536 1.25470268 0.28973376
v 0.68204921 1.2273575 0.26320973
v 0.67062449 1.19681251 0.28166717
v 0.56287014 1.44544935 0.27401948
v 0.66089463 1.11623787 -0.18500071
v 0.67936903 1.09333586 -0.19775645
v 0.67135435 1.06917536 -0.16362379
v 0.78204226 0.97485214 -0.08825024
v 0.74853909 0.96488606 -0.06829188
v 0.74971634 0.95639836 -0.06741692
v 0.71919685 0.94644135 -0.04354538
v 0.7488774 0.94871199 -0.0714328
v 0.71796506 0.93707215 -0.05088484
v 0.6955378 0.92078554 -0.02513368
v 0.71753126 0.92776483 -0.06013977
v 0.69589656 0.9086349 -0.03770336
v 0.68687731 0.88297849 -0.01457787
v 0.69487601 0.89577424 -0.05455913
v 0.68585354 0.86644607 -0.03502107
v 0.68905144 0.83609187 -0.01508571
v 0.68155944 0.84910166 -0.06061948
v 0.68424677 0.81604516 -0.04273982
v 0.69845557 0.78526669 -0.02421489
v 0.67964047 0.79517751 -0.07620526
v 0.69471162 0.76243144 -0.06011666
v 0.71684956 0.73421996 -0.04326041
v 0.69541478 0.74272626 -0.10341572
v 0.71768564 0.71280807 -0.08783531
v 0.74717593 0.68954891 -0.07251647
v 0.73103207 0.70331674 -0.13784954
v 0.76159304 0.68282598 -0.12200859
v 0.7962076 0.67060661 -0.10664096
v 0.78610605 0.6963396 -0.16733475
v 0.81807041 0.68658775 -0.15153162
v 0.85101175 0.68337708 -0.13749578
v 0.84112805 0.71115487 -0.18990653
v 0.87047308 0.70770984 -0.17668254
v 0.89943748 0.71361297 -0.16286462
v 0.89087766 0.73757475 -0.20891298
v 0.91630464 0.74307042 -0.19491186
v 0.93797874 0.75611192 -0.17902466
v 0.93219059 0.77459812 -0.22055265
v 0.95140641 0.78519386 -0.20446978
v 0.96418422 0.80186289 -0.18763929
v 0.96275091 0.81141263 -0.22702102
v 0.97394442 0.82556229 -0.21283856
v 0.98298353 0.84150081 -0.20237736
v 0.98820483 0.85877925 -0.23037591
v 0.99080658 0.87362086 -0.22443176
v 0.9900797 0.88642102 -0.25194138
v 0.98693597 0.89817798 -0.24861657
v 0.94571667 0.80219209 -0.24224704
v 0.90969693 0.76966732 -0.23442795
v 0.86536341 0.74031823 -0.22133341
v 0.81378334 0.7204101 -0.20469465
v 0.75752645 0.71284371 -0.18394827
v 0.70741695 0.7317416 -0.15223397
v 0.68102479 0.77746111 -0.1172033
v 0.67739552 0.83100265 -0.09145878
v 0.69172179 0.8816384 -0.07714569
v 0.71636098 0.9193027 -0.07266473
v 0.74739027 0.94300913 -0.0782395
v 0.93118971 0.92270129 -0.30065247
v 0.91915708 0.9301784 -0.23907829
v 0.90244579 0.92921817 -0.21825602
v 0.92448937 0.92677259 -0.205471
v 0.91044688 0.92632031 -0.18104924
v 0.93304628 0.91663289 -0.16800521
v 0.91907894 0.91739451 -0.1408372
v 0.93810182 0.89898139 -0.13087965
v 0.92626124 0.89640653 -0.10307963
v 0.94103699 0.87111085 -0.09871336
v 0.93302685 0.86680942 -0.07178922
v 0.94539463 0.83632296 -0.07206244
v 0.9412589 0.83151292 -0.04431071
v 0.94788187 0.79485195 -0.04828774
v 0.94379299 0.7915107 -0.01766055
v 0.93709415 0.75319641 -0.0208251
v 0.93050468 0.7570154 0.01528763
v 0.91353875 0.72294837 0.01601782
v 0.90496224 0.74062705 0.0564723
v 0.87899738 0.71819764 0.0574815
v 0.87054866 0.74940812 0.09571578
v 0.84210425 0.73917335 0.09116016
v 0.83051174 0.77316945 0.1217729
v 0.80262351 0.77114379 0.10986602
v 0.78737384 0.79938364 0.13674688
v 0.76183962 0.80346465 0.11879979
v 0.74481117 0.82878804 0.14217789
v 0.72372198 0.83841961 0.11921089
v 0.70327127 0.86044907 0.13772288
v 0.68560898 0.87374323 0.10978558
v 0.66346359 0.89408022 0.12411089
v 0.65295916 0.91260355 0.09135297
v 0.63036161 0.93373441 0.10256057
v 0.90403574 0.92868989 -0.25078457
v 0.60007762 1.07347536 0.00891801
v 0.58328735 1.09905862 0.0147279
v 0.58928108 1.11674165 -0.03195212
v 0.56652206 1.12481486 0.01999293
v 0.57160437 1.14224553 -0.02425371
v 0.57740819 1.16365802 -0.06398829
v 0.55328202 1.16763234 -0.01745382
v 0.55870509 1.18847787 -0.05493143
v 0.56509488 1.21190047 -0.08784481
v 0.53830343 1.21299815 -0.04668532
v 0.54461187 1.23628985 -0.07761204
v 0.55238175 1.26203012 -0.10280914
v 0.5223003 1.26027524 -0.06821721
v 0.52987599 1.28651189 -0.09167528
v 0.54150295 1.31408119 -0.10813391
v 0.50687897 1.31081891 -0.0804094
v 0.51856482 1.33878481 -0.09550358
v 0.53555041 1.36547446 -0.10241205
v 0.49554219 1.36304342 -0.0828719
v 0.51296663 1.39013183 -0.08742508
v 0.53372019 1.41399347 -0.08407659
v 0.48962906 1.41383361 -0.07279455
v 0.50966942 1.43854427 -0.06776741
v 0.53145754 1.45792329 -0.05431626
v 0.48430085 1.46005868 -0.05017263
v 0.50510162 1.48095941 -0.03466198
v 0.52631831 1.49365663 -0.01146272
v 0.47678944 1.49616229 -0.0134557
v 0.49412286 1.5115168 0.01165897
v 0.44701993 1.50412368 0.00217086
v 0.4584313 1.52179694 0.02999384
v 0.41813907 1.51091218 0.0088065
v 0.42479044 1.52725219 0.03466379
v 0.39113095 1.52014482 0.00510788
v 0.39334273 1.53552949 0.02921552
v 0.39196008 1.54665947 0.05648241
v 0.3693417 1.55109298 0.01265913
v 0.36430969 1.56174731 0.0387214
v 0.35572075 1.56766605 0.0635338
v 0.38637003 1.55158567 0.083131
v 0.34473803 1.57077729 0.08514911
v 0.37530928 1.55553114 0.10532747
v 0.33345753 1.57277953 0.10450719
v 0.36219984 1.55741214 0.12408769
v 0.39361295 1.55777502 0.14758178
v 0.34563264 1.55749881 0.13884294
v 0.37175411 1.55722606 0.16375517
v 0.39091196 1.56027793 0.18651558
v 0.36241948 1.55929076 0.19901378
v 0.33733114 1.56571734 0.20558925
v 0.32014012 1.58765399 0.20600378
v 0.33227929 1.5898807 0.23072879
v 0.34268409 1.58941698 0.25650936
v 0.3095861 1.6156125 0.19949747
v 0.32192242 1.61692488 0.22599329
v 0.33223784 1.61560297 0.2540628
v 0.30686137 1.6452775 0.2188507
v 0.31780654 1.64638376 0.24839469
v 0.2823027 1.67422759 0.2107982
v 0.29162386 1.67783057 0.2416131
v 0.30031129 1.67794823 0.2725355
v 0.25981482 1.71173775 0.23262086
v 0.26591137 1.71546018 0.26404941
v 0.27042147 1.71633791 0.29476416
v 0.22954727 1.75294458 0.25304701
v 0.23155668 1.75670754 0.28442731
v 0.23147513 1.75776767 0.3152436
v 0.19197762 1.79458463 0.27309507
v 0.18982984 1.79747974 0.3048793
v 0.18525762 1.79663932 0.33615768
v 0.14579194 1.83145916 0.29446962
v 0.13979873 1.83127868 0.3268809
v 0.13235016 1.82708776 0.35871923
v 0.0926008 1.86044144 0.31751409
v 0.08411461 1.85524356 0.35019353
v 0.07493684 1.84463679 0.38120576
v 0.03478642 1.87873125 0.34122893
v 0.02521655 1.86643803 0.37309178
v 0.01655712 1.84836852 0.402392
v -0.02438127 1.88387668 0.36499849
v -0.03274987 1.86302399 0.3949345
v -0.03905188 1.83694994 0.42112618
v -0.08146466 1.86910855 0.38343292
v -0.08625279 1.84148538 0.4101755
v -0.08935699 1.81246185 0.43495908
v -0.13173793 1.84204447 0.39941564
v -0.13327069 1.81179344 0.425089
v -0.13392961 1.78161633 0.45075634
v -0.17512695 1.80813109 0.4155043
v -0.17410153 1.77715528 0.44188535
v -0.1722081 1.74605786 0.46802985
v -0.21232794 1.77003288 0.43226465
v -0.2094648 1.73907077 0.45941749
v -0.20574465 1.70753133 0.48545506
v -0.24552446 1.73076367 0.45045745
v -0.24154412 1.69995224 0.47728514
v -0.23932316 1.6748594 0.50707292
v -0.27601513 1.69145619 0.4687435
v -0.27296376 1.66496944 0.49825674
v -0.2759791 1.65570783 0.53622031
v -0.30535307 1.6551553 0.4891062
v -0.30677774 1.6424365 0.52647984
v -0.31411951 1.64247262 0.5659669
v -0.33651983 1.62855064 0.51579189
v -0.34283933 1.62668192 0.55522722
v -0.35219502 1.62563085 0.59376734
v -0.3707782 1.61009705 0.5439068
v -0.37916049 1.60857391 0.58218705
v -0.38876321 1.60124433 0.61947494
v -0.4051176 1.58991265 0.57055562
v -0.41312184 1.58195638 0.6070612
v -0.42219761 1.56915175 0.64225482
v -0.43692663 1.56151628 0.59514874
v -0.44438171 1.54862844 0.62956357
v -0.45121997 1.53074455 0.66232186
v -0.46656763 1.52749919 0.61757493
v -0.4722512 1.50960338 0.64946472
v -0.47507283 1.48631346 0.67884504
v -0.49222397 1.4871937 0.63658011
v -0.49449259 1.46460282 0.66504573
v -0.49477297 1.43809592 0.69165456
v -0.51384186 1.44236791 0.65122896
v -0.51276075 1.41652047 0.67656183
v -0.50895857 1.38745081 0.69955068
v -0.53121572 1.39459037 0.66156023
v -0.52673709 1.36649525 0.6831479
v -0.51945471 1.33589065 0.70171839
v -0.54567551 1.34583389 0.66693538
v -0.53822183 1.31630528 0.68383294
v -0.52841436 1.28529501 0.69748222
v -0.55900239 1.29755353 0.66648942
v -0.54996919 1.26765215 0.67852735
v -0.53891807 1.23711943 0.68705779
v -0.57421964 1.25107646 0.65990084
v -0.56481659 1.22174298 0.66660791
v -0.55323714 1.19268143 0.66985452
v -0.59430313 1.20737469 0.64611989
v -0.58487731 1.1796863 0.64700734
v -0.57037568 1.15212369 0.64527404
v -0.5794835 1.11023747 0.61569589
v -0.60155397 1.09346008 0.59141516
v -0.56788462 1.0695039 0.58429157
v -0.61799705 1.07469666 0.56631529
v -0.58201307 1.0519005 0.56326913
v -0.54425722 1.03134656 0.55443579
v -0.5943858 1.02934408 0.54831743
v -0.55506473 1.00748181 0.54401433
v -0.51540559 0.99067586 0.52739524
v -0.56616681 0.98116022 0.53412991
v -0.52875864 0.96462982 0.5164265
v -0.49718898 0.95500594 0.48758262
v -0.54540377 0.9365375 0.50301951
v -0.51506233 0.92814087 0.47478106
v -0.49067536 0.92868304 0.43848735
v -0.53586262 0.90140169 0.45775884
v -0.51133585 0.90332835 0.42271608
v -0.49367559 0.91428637 0.38458102
v -0.53527855 0.87988179 0.40325209
v -0.51698273 0.89070105 0.36748808
v -0.50665068 0.90997099 0.3315812
v -0.54478907 0.87035155 0.34795612
v -0.5328316 0.88834869 0.31463041
v -0.52900886 0.91275471 0.28258395
v -0.56385153 0.87057387 0.29576006
v -0.55793261 0.89279401 0.26733025
v -0.56049954 0.91888201 0.23988568
v -0.59177559 0.87617009 0.25067874
v -0.59127026 0.8989827 0.22671215
v -0.62896698 0.86148047 0.23269888
v -0.62778306 0.88060253 0.21268908
v -0.66727393 0.84574198 0.21404841
v -0.66756779 0.86186373 0.19742348
v -0.70724064 0.83130651 0.19394114
v -0.70750296 0.8454045 0.18008816
v -0.74744427 0.82124316 0.17004467
v -0.74722778 0.83438271 0.15770801
v -0.74681037 0.84519541 0.14698019
v -0.78076636 0.84795409 0.11463864
v -0.81546741 0.86087364 0.09834349
v -0.81292808 0.86309486 0.09303397
v -0.83857613 0.89530539 0.09574975
v -0.83465623 0.89712584 0.09143329
v -0.83409035 0.93582922 0.10624018
v -0.84087377 0.93205064 0.11230891
v -0.83527398 0.95872837 0.13896565
v -0.82314562 0.96436315 0.13228943
v -0.84963274 0.92752599 0.11589882
v -0.84881323 0.95233982 0.14201484
v -0.84826016 0.96983134 0.17070728
v -0.8313235 0.98008859 0.16911949
v -0.8601402 0.92369532 0.11693201
v -0.86346763 0.94634938 0.14151518
v -0.86629498 0.95998328 0.1684446
v -0.87034237 0.96429365 0.19459381
v -0.85058337 0.97833341 0.19999121
v -0.88121289 0.94004356 0.13772431
v -0.88660937 0.95036387 0.16198419
v -0.89250224 0.95336276 0.18528011
v -0.89863455 0.95087945 0.2060357
v -0.87567651 0.96140366 0.21846076
v -0.90883672 0.94404655 0.15190769
v -0.91538429 0.94616472 0.17223313
v -0.92240572 0.94434815 0.19087825
v -0.92883646 0.93752598 0.20768167
v -0.90492343 0.94323229 0.22497876
v -0.93861788 0.94340175 0.15838967
v -0.94506335 0.9408102 0.17535075
v -0.95149534 0.93452054 0.19051805
v -0.9570195 0.92327529 0.20274351
v -0.93439531 0.92553955 0.22160978
v -0.96718049 0.9401533 0.16158175
v -0.97301423 0.93361401 0.17494899
v -0.9783957 0.92328274 0.18595714
v -0.98304402 0.91009521 0.19408656
v -0.9614343 0.90903729 0.2118614
v -1.00468385 0.91380006 0.1785088
v -1.00821995 0.89919269 0.18192696
v -0.98628175 0.89472866 0.19841043
v -1.02562987 0.91898822 0.16085575
v -1.02883231 0.90446913 0.1640366
v -1.02924633 0.8892219 0.16291075
v -1.00918614 0.88368868 0.18078495
v -1.03796851 0.92290335 0.14316712
v -1.04215467 0.90814155 0.14594742
v -1.04179167 0.89329069 0.14469772
v -1.03764855 0.88028216 0.14010037
v -1.02585732 0.87566721 0.15760053
v -1.04724168 0.91027325 0.1281615
v -1.04770791 0.89587181 0.12770739
v -1.04215645 0.88425821 0.12503968
v -1.03634512 0.8737213 0.11936504
v -1.03189003 0.86932313 0.13362667
v -1.02614903 0.85936409 0.12528331
v -1.01726234 0.85377037 0.1407091
v -1.02191102 0.86350524 0.14989313
v -1.02996826 0.86354368 0.11152042
v -1.01811909 0.85460245 0.10389488
v -1.02938914 0.8694517 0.09898465
v -1.01335966 0.85972815 0.09087483
v -1.00677096 0.87105459 0.08313348
v -0.98340815 0.86452561 0.08358196
v -0.99071174 0.85187614 0.09065537
v -0.9978621 0.84434706 0.10137979
v -1.0262345 0.87810993 0.08862086
v -1.0207597 0.88963979 0.08473756
v -1.00064396 0.88534593 0.07991033
v -0.99653929 0.90112721 0.08129043
v -0.97304242 0.89907044 0.08368345
v -0.97702246 0.88093048 0.0812366
v -0.94861102 0.8958258 0.08707897
v -0.95210516 0.87614232 0.08447418
v -0.95728164 0.85783654 0.08712071
v -0.92427527 0.87087452 0.08855014
v -0.92870879 0.85150283 0.09221983
v -0.9350022 0.83574187 0.10038727
v -0.96395701 0.84369176 0.0947887
v -0.94263464 0.82519334 0.11290951
v -0.97124481 0.8346315 0.10586745
v -0.95074862 0.81995046 0.12809631
v -0.91110646 0.8151257 0.12153744
v -0.92052972 0.80916029 0.13832628
v -0.9301542 0.80958807 0.15699511
v -0.95887422 0.82045012 0.14409618
v -0.93925112 0.81602221 0.17521067
v -0.96620076 0.82631105 0.15995815
v -0.94741964 0.82744097 0.1914799
v -0.97307038 0.83625364 0.17415434
v -0.99698311 0.84537553 0.15841326
v -0.97952413 0.84856599 0.18579614
v -1.00286269 0.85607051 0.16804586
v -0.9845184 0.8624832 0.19396482
v -1.00732815 0.86893838 0.17576278
v -0.98713725 0.87837779 0.19850681
v -0.96055358 0.85756492 0.21349376
v -0.96382421 0.87472629 0.21804067
v -0.96419262 0.89239221 0.21759131
v -0.93942415 0.87310302 0.24004636
v -0.94028526 0.89248377 0.23864302
v -0.93874406 0.91027611 0.23250629
v -0.91412353 0.89462524 0.26212722
v -0.91302198 0.91407173 0.25393667
v -0.91032677 0.93057262 0.24169075
v -0.88669276 0.9211803 0.27570337
v -0.88457113 0.93943005 0.25990447
v -0.88104337 0.95287191 0.24034827
v -0.86129504 0.95176857 0.27625492
v -0.85871303 0.96776753 0.25338998
v -0.85473203 0.97696173 0.22770729
v -0.8392654 0.98604315 0.26640883
v -0.83491402 0.99662113 0.23442377
v -0.8320685 0.99372547 0.20183511
v -0.81747913 1.01589453 0.23997187
v -0.81420946 1.00791609 0.20061793
v -0.81446397 0.98843312 0.16419519
v -0.7980864 1.01951026 0.19691905
v -0.80089479 0.99602448 0.15678872
v -0.81382328 0.97085738 0.12257342
v -0.79273605 1.00733184 0.14642241
v -0.80896002 0.98141998 0.11107543
v -0.80941003 0.99705195 0.09787083
v -0.81216025 1.01393854 0.08341779
v -0.82786774 0.98663258 0.05568903
v -0.81490826 1.03484511 0.06176799
v -0.82907909 1.01009798 0.03483578
v -0.84180331 0.98623019 0.01444995
v -0.84109878 0.96016764 0.03661378
v -0.85366213 0.96356302 -0.00365726
v -0.85235595 0.93673867 0.02083801
v -0.86471456 0.94130468 -0.02338323
v -0.8632158 0.91592109 0.00255138
v -0.85715305 0.88892531 0.02641343
v -0.84474843 0.86167806 0.0457399
v -0.87392878 0.89293462 -0.01958175
v -0.86929142 0.86694473 0.00457958
v -0.85710388 0.84027016 0.02509399
v -0.83359682 0.8160516 0.03904317
v -0.82273942 0.83717626 0.05906272
v -0.87861955 0.84207385 -0.02065445
v -0.86641919 0.81615042 -0.00020125
v -0.84276014 0.79337179 0.01338395
v -0.81096863 0.77781122 0.01815625
v -0.80034798 0.7998954 0.0430439
v -0.87305903 0.78991103 -0.02924004
v -0.85020285 0.76809155 -0.0154903
v -0.81955391 0.75347423 -0.00995835
v -0.78576928 0.74754422 -0.01302477
v -0.77627641 0.77123808 0.01393675
v -0.85596251 0.74147623 -0.04532567
v -0.82622504 0.72695297 -0.03911823
v -0.79306584 0.72152173 -0.04104218
v -0.76080966 0.7250626 -0.05036796
v -0.75315117 0.75045585 -0.02404971
v -0.83110928 0.69997161 -0.0697591
v -0.79796874 0.69450515 -0.07062472
v -0.7656098 0.69745826 -0.07730907
v -0.73817515 0.70869338 -0.0913044
v -0.73290699 0.73602569 -0.06612782
v -0.80234313 0.6694796 -0.102544
v -0.77061355 0.67118054 -0.10834441
v -0.74384874 0.68099898 -0.12037418
v -0.72372722 0.69594931 -0.13737191
v -0.71743941 0.72446757 -0.1104255
v -0.77781987 0.64696848 -0.1417665
v -0.75180822 0.65486639 -0.15289175
v -0.73242831 0.66839551 -0.16826868
v -0.7205879 0.68525999 -0.1867485
v -0.71108573 0.71359169 -0.15788175
v -0.76295137 0.63113349 -0.18743452
v -0.7445001 0.64329659 -0.20166187
v -0.73317277 0.65955346 -0.21800041
v -0.72994405 0.67885583 -0.23551562
v -0.71675854 0.70421356 -0.20686712
v -0.75875967 0.62166947 -0.23540589
v -0.74786239 0.63754147 -0.25028058
v -0.74465721 0.65664494 -0.26555469
v -0.74868518 0.67752546 -0.28049448
v -0.7347452 0.69988411 -0.2529301
v -0.76316744 0.61815089 -0.28256696
v -0.75969201 0.63664782 -0.29617223
v -0.76312851 0.65708458 -0.30894631
v -0.77268117 0.67827993 -0.32080292
v -0.75938969 0.69938886 -0.29457572
v -0.77505123 0.6180889 -0.32666352
v -0.77808934 0.63777369 -0.33765348
v -0.7864508 0.65776681 -0.34761706
v -0.79951781 0.67741525 -0.35662356
v -0.78786015 0.69884765 -0.33141765
v -0.79294401 0.61921757 -0.36644607
v -0.80028873 0.63831293 -0.37474152
v -0.81180793 0.65682929 -0.3823125
v -0.82638496 0.67327243 -0.38916412
v -0.81542962 0.69467091 -0.36403501
v -0.81395334 0.61986535 -0.40263935
v -0.82416009 0.6370868 -0.40900287
v -0.83714431 0.65241283 -0.41482037
v -0.85204106 0.66545337 -0.42007863
v -0.84220928 0.68686771 -0.39471828
v -0.83613002 0.61818605 -0.43657392
v -0.84799397 0.63260477 -0.44165545
v -0.861368 0.64458918 -0.4460527
v -0.87605488 0.65405798 -0.44929429
v -0.8677048 0.67564165 -0.42371183
v -0.85824364 0.61342245 -0.46854987
v -0.87048894 0.62443929 -0.47255724
v -0.88382411 0.63301432 -0.47540363
v -0.8983103 0.63860839 -0.47641751
v -0.89180618 0.65996849 -0.44995772
v -0.87852001 0.6052497 -0.49932608
v -0.89064341 0.61276489 -0.50199365
v -0.90370148 0.61749988 -0.50313329
v -0.91730779 0.61865264 -0.50208586
v -0.91318672 0.64059239 -0.47505241
v -0.89580243 0.59385716 -0.52904671
v -0.90749704 0.59784579 -0.53011357
v -0.91953206 0.59844338 -0.52944189
v -0.93124383 0.59555983 -0.5269348
v -0.93027329 0.61622804 -0.49893599
v -0.90958482 0.58003205 -0.5571655
v -0.9202671 0.58020335 -0.55664104
v -0.93075215 0.57724559 -0.55490368
v -0.93937271 0.57162427 -0.55214607
v -0.94169658 0.59002071 -0.52307713
v -0.91950982 0.56258249 -0.58268976
v -0.92801982 0.55972158 -0.58167457
v -0.93511158 0.5545274 -0.57983225
v -0.94048714 0.5473597 -0.57695001
v -0.94604843 0.56358122 -0.548114
v -0.92322182 0.54315292 -0.60622054
v -0.9284113 0.53856605 -0.60449749
v -0.93251586 0.5326128 -0.60234433
v -0.93495339 0.52584713 -0.59963136
v -0.94353789 0.53913271 -0.57333916
v -0.92159193 0.52417802 -0.62600505
v -0.92385983 0.51969945 -0.62418264
v -0.9254052 0.51466882 -0.62227869
v -0.92584985 0.50942188 -0.6201933
v -0.93570053 0.51864409 -0.59631246
v -0.91690427 0.50987196 -0.64176738
v -0.91743731 0.50669688 -0.64015364
v -0.91753125 0.5031684 -0.63883388
v -0.91723513 0.49969002 -0.63724553
v -0.92525023 0.50424772 -0.6181212
v -0.91156327 0.5018115 -0.65023517
v -0.91154795 0.49998253 -0.64916455
v -0.91137051 0.49797427 -0.64788121
v -0.9054687 0.50063049 -0.65060317
v -0.90534156 0.49879607 -0.65033334
v -0.90167045 0.50351709 -0.64672136
v -0.9012413 0.50127106 -0.64606756
v -0.89857739 0.50797247 -0.63901048
v -0.89753681 0.50487154 -0.63794022
v -0.89551621 0.51673281 -0.62114912
v -0.89350718 0.51228362 -0.61947381
v -0.89246171 0.50753295 -0.61774063
v -0.88806569 0.5219959 -0.59672677
v -0.88666123 0.51542341 -0.59452539
v -0.88664376 0.50804203 -0.59206223
v -0.87945729 0.52430141 -0.56944555
v -0.8793621 0.51530015 -0.56651455
v -0.88172519 0.50687581 -0.56336277
v -0.87115365 0.52318495 -0.53849381
v -0.87377691 0.51362466 -0.53484571
v -0.87911474 0.50508695 -0.53091555
v -0.86339652 0.52064341 -0.50422728
v -0.86976444 0.51113021 -0.49953484
v -0.8790555 0.50405335 -0.49502444
v -0.85811173 0.51834899 -0.46611303
v -0.86881947 0.51126378 -0.46059644
v -0.88181603 0.50782299 -0.45583879
v -0.85771578 0.52092737 -0.4252603
v -0.87203431 0.51714843 -0.41971701
v -0.88812166 0.51773738 -0.4157736
v -0.86160248 0.52929192 -0.38372165
v -0.87879002 0.529899 -0.37928262
v -0.89679354 0.5353831 -0.37750324
v -0.8689208 0.54398924 -0.34326171
v -0.88910162 0.54931044 -0.34127977
v -0.90803438 0.56060099 -0.34289854
v -0.88138926 0.56481534 -0.30557051
v -0.90257251 0.57638514 -0.30756241
v -0.91923749 0.59443283 -0.31380966
v -0.89695221 0.59292024 -0.27220821
v -0.91483336 0.61196649 -0.27946746
v -0.92629832 0.63439041 -0.28993433
v -0.90978735 0.63045668 -0.24560962
v -0.92187047 0.65412467 -0.25766843
v -0.92814123 0.67700892 -0.2710044
v -0.91691803 0.67443025 -0.2259321
v -0.92343151 0.69865781 -0.24071908
v -0.92548275 0.71910089 -0.25549113
v -0.91835206 0.72070288 -0.21057876
v -0.9201613 0.74232769 -0.22692605
v -0.91883033 0.75980377 -0.24342532
v -0.91458946 0.76661455 -0.19978468
v -0.91298162 0.7847681 -0.21802511
v -0.90915811 0.7998563 -0.23657049
v -0.90689826 0.8107379 -0.19331356
v -0.90303075 0.82618236 -0.21332769
v -0.89596241 0.839244 -0.23382192
v -0.89657288 0.85338985 -0.1907719
v -0.88942718 0.86673396 -0.21199581
v -0.8758794 0.87606793 -0.23141802
v -0.88257777 0.89556217 -0.19016128
v -0.86861503 0.90502876 -0.21065521
v -0.84773922 0.90754705 -0.22609283
v -0.86036729 0.9341098 -0.18980898
v -0.83916783 0.93728083 -0.20739491
v -0.81351286 0.9323647 -0.21704649
v -0.82927298 0.96639913 -0.1880505
v -0.80287009 0.96246516 -0.20077844
v -0.77537608 0.95167434 -0.20449325
v -0.79058754 0.99058747 -0.18248143
v -0.7623263 0.98086446 -0.18729333
v -0.73577356 0.96731227 -0.18342857
v -0.74853926 1.00955951 -0.16953136
v -0.72091758 0.99659806 -0.16529524
v -0.69758969 0.98087996 -0.15324005
v -0.70684647 1.02628457 -0.14627708
v -0.68198519 1.01068568 -0.1336541
v -0.6630181 0.99151158 -0.11603308
v -0.66901481 1.04106891 -0.11510557
v -0.64838147 1.02176547 -0.09775833
v -0.63384884 0.99756771 -0.07539384
v -0.69501417 1.0566324 -0.12908938
v -0.68475103 1.08711493 -0.11833903
v -0.67757034 1.11542928 -0.1145052
v -0.6882537 1.14612972 -0.15193502
v -0.66456723 1.139575 -0.12488663
v -0.66760981 1.1603465 -0.16892078
v -0.64720505 1.15718281 -0.14008657
v -0.62755394 1.15734243 -0.11080338
v -0.62553495 1.17015898 -0.15603333
v -0.60815972 1.17222774 -0.1248099
v -0.60076683 1.18658101 -0.17102097
v -0.58574277 1.1871165 -0.13756598
v -0.57185578 1.1904459 -0.10372927
v -0.56173276 1.20410478 -0.14820991
v -0.54988026 1.20403814 -0.11312308
v -0.53620505 1.22235262 -0.15574288
v -0.52634525 1.21969711 -0.12000721
v -0.51014775 1.24101042 -0.16048228
v -0.50203061 1.23629629 -0.12387358
v -0.4964579 1.23385608 -0.08642923
v -0.47754162 1.25305962 -0.12525884
v -0.47353315 1.24857878 -0.08725947
v -0.47300764 1.24804472 -0.04930891
v -0.45051583 1.2641108 -0.086063
v -0.45199632 1.26171934 -0.04771542
v -0.42767539 1.28031337 -0.08321159
v -0.43064686 1.27649354 -0.04464713
v -0.40503227 1.29689717 -0.07909487
v -0.40924903 1.29222214 -0.04054172
v -0.41707387 1.29126191 -0.00418238
v -0.42902141 1.29533863 0.02878885
v -0.38678783 1.30823648 -0.03574806
v -0.3947187 1.30745685 -0.00081509
v -0.40587669 1.31141519 0.02956841
v -0.41854482 1.31870937 0.05061717
v -0.44332355 1.30299699 0.04929179
v -0.37056279 1.3232541 0.00378142
v -0.38075557 1.32762777 0.03309312
v -0.39139527 1.33451223 0.0535945
v -0.4017162 1.34280979 0.06688521
v -0.429881 1.32622003 0.06341125
v -0.35425502 1.34267008 0.03861169
v -0.36364767 1.35046422 0.05931555
v -0.37302163 1.35961246 0.07261201
v -0.38225284 1.36805057 0.08433276
v -0.41099926 1.35014164 0.07845366
v -0.33550256 1.36495339 0.06713835
v -0.34385737 1.3751229 0.08106067
v -0.35315197 1.38444542 0.09339771
v -0.36119112 1.39048945 0.10782785
v -0.39052584 1.37327861 0.09863602
v -0.31490322 1.3892039 0.09010422
v -0.32375884 1.39967012 0.10306057
v -0.33102765 1.40623819 0.11758888
v -0.33552497 1.40717029 0.1341971
v -0.36611399 1.39107775 0.12433339
v -0.29385665 1.41360855 0.1117196
v -0.30050274 1.41991782 0.12645371
v -0.30463683 1.42140138 0.14290326
v -0.30609813 1.4174571 0.15967908
v -0.33748418 1.40287053 0.15122152
v -0.270327 1.43379855 0.13418793
v -0.27350392 1.43477213 0.15057617
v -0.27446049 1.43113923 0.16700562
v -0.27362152 1.4242444 0.18321986
v -0.30572173 1.41029357 0.1761289
v -0.24246269 1.44881117 0.15713845
v -0.24221098 1.44452536 0.17329832
v -0.24102029 1.43762946 0.18943207
v -0.20946325 1.45739007 0.17881129
v -0.20809219 1.44989609 0.1949983
v -0.17546004 1.46837866 0.18382811
v -0.17431339 1.46067833 0.20013485
v -0.13993221 1.47770464 0.18883693
v -0.13907362 1.46999931 0.20468521
v -0.10250406 1.48584342 0.19260355
v -0.10189901 1.47786951 0.2086617
v -0.06331303 1.49080026 0.19563289
v -0.06403046 1.48198044 0.21249373
v -0.02400553 1.48746657 0.19914096
v -0.02625196 1.47838854 0.2163503
v 0.0133152 1.47638857 0.20434394
v 0.00973722 1.46838605 0.22118331
v 0.04678538 1.46021676 0.21066115
v 0.04251448 1.45223951 0.22643242
v 0.07633412 1.44075512 0.21477733
v 0.07173425 1.43208503 0.22951845
v 0.10298684 1.41960918 0.21595025
v 0.09830786 1.41054892 0.22890786
v 0.12988618 1.40156495 0.21545304
v 0.12572604 1.3921802 0.22712841
v 0.10708969 1.42649567 0.20329834
v 0.13325177 1.40805733 0.20414947
v 0.16174686 1.39654898 0.20539557
v 0.13561259 1.41073429 0.19235666
v 0.16444793 1.39986121 0.19413645
v 0.19528882 1.39747345 0.19429013
v 0.22391364 1.40110611 0.19513261
v 0.13547678 1.40798544 0.18080954
v 0.10914363 1.42849206 0.18954189
v 0.10822677 1.42511713 0.17644292
v 0.10457726 1.41734969 0.16638505
v 0.13277375 1.40075767 0.17223089
v 0.09914886 1.4072963 0.15898735
v 0.12726467 1.39055633 0.16585721
v 0.09231118 1.39555716 0.1513163
v 0.11955926 1.37877845 0.15922209
v 0.1465044 1.36098539 0.15633438
v 0.16618225 1.34852802 0.13707801
v 0.15343388 1.33231043 0.09652766
v 0.17781999 1.34251987 0.11181925
v 0.15718974 1.33116471 0.06505772
v 0.18459034 1.34106659 0.08245209
v 0.20873798 1.35163855 0.0986223
v 0.19084082 1.34112536 0.05216763
v 0.21633625 1.35113489 0.07118518
v 0.23893338 1.36155843 0.08844401
v 0.23112487 1.36304974 0.11348188
v 0.26079905 1.36803722 0.10461891
v 0.25279286 1.36994266 0.12735928
v 0.28382381 1.36269271 0.11964005
v 0.27568769 1.36628019 0.14038664
v 0.26878988 1.3724122 0.16014683
v 0.26380693 1.38245201 0.17519787
v 0.29724037 1.34872627 0.15411485
v 0.29233691 1.35528492 0.17273974
v 0.30465951 1.34447348 0.13277074
v 0.2931683 1.36235845 0.09723932
v 0.31433326 1.34431302 0.10906479
v 0.30310687 1.3661499 0.07470145
v 0.32493993 1.34822082 0.08536389
v 0.34475237 1.32345521 0.09127555
v 0.33538875 1.35625767 0.06303594
v 0.35501772 1.33293569 0.0663433
v 0.37715959 1.30807447 0.06830743
v 0.36454409 1.34431338 0.04356519
v 0.38548195 1.32052898 0.04281934
v 0.40896958 1.29698312 0.04080198
v 0.40190896 1.2855072 0.06972159
v 0.43352887 1.27442944 0.03824058
v 0.42673224 1.26396083 0.06995894
v 0.45761308 1.25164747 0.03540629
v 0.45093426 1.24149692 0.06879868
v 0.48129898 1.22778058 0.03231651
v 0.47452825 1.21703481 0.06695319
v 0.50538635 1.20197379 0.02932023
v 0.4964725 1.19004356 0.06577738
v 0.481671 1.18082726 0.1014594
v 0.51553106 1.15977311 0.06569062
v 0.49315443 1.14645767 0.10028815
v 0.47493127 1.14091444 0.13963444
v 0.50283581 1.11133384 0.10058034
v 0.48456698 1.10186398 0.14081054
v 0.51991015 1.08072269 0.09945835
v 0.53237646 1.13047111 0.06566071
v 0.54895657 1.10411036 0.06337612
v 0.5662176 1.0797404 0.05975266
v 0.53999865 1.0529859 0.09588804
v 0.58574795 1.05535686 0.05483
v 0.56231927 1.0273205 0.08987215
v 0.54863548 1.15049326 0.02449679
v 0.52801412 1.17612576 0.02712469
v 0.53270036 1.19303298 -0.01167362
v 0.51062017 1.21761691 -0.00637308
v 0.51614147 1.23689007 -0.03935756
v 0.4872002 1.24172055 -0.0013615
v 0.49276173 1.26046907 -0.03248055
v 0.49895328 1.28386664 -0.05933436
v 0.46929025 1.28400266 -0.02505426
v 0.47530621 1.30756044 -0.04971009
v 0.48353284 1.3347218 -0.0692932
v 0.45207735 1.32972824 -0.03996693
v 0.46044158 1.35701763 -0.05796697
v 0.47271052 1.38561785 -0.06933038
v 0.4389145 1.37700939 -0.04597255
v 0.45103514 1.40514421 -0.05563205
v 0.4664312 1.43393969 -0.05746868
v 0.4307619 1.42189002 -0.04044134
v 0.44451507 1.44828736 -0.03971387
v 0.46027416 1.4739108 -0.03066099
v 0.42321202 1.45962655 -0.02432653
v 0.43509373 1.48282432 -0.01522014
v 0.40120303 1.47014749 -0.01657416
v 0.41016346 1.49171948 -0.00802859
v 0.37905722 1.48137569 -0.02164028
v 0.38622832 1.50214338 -0.0123051
v 0.363294 1.4932537 -0.04125573
v 0.36872071 1.51579594 -0.02945219
v 0.37060493 1.53536105 -0.01107328
v 0.35477981 1.53141582 -0.05453654
v 0.35514402 1.55364215 -0.03376663
v 0.35297316 1.57129645 -0.00800102
v 0.3391875 1.57133638 -0.05590421
v 0.33865371 1.59194469 -0.02899926
v 0.33303338 1.60700047 -0.00025252
v 0.34675902 1.58336091 0.01952685
v 0.32383489 1.61637568 0.02797072
v 0.33797153 1.59101223 0.04596348
v 0.31392821 1.62192547 0.05463796
v 0.32793164 1.59561073 0.07014148
v 0.30423411 1.62502706 0.07855477
v 0.31743437 1.59750199 0.09169882
v 0.29294413 1.62582302 0.09964901
v 0.30579146 1.59767675 0.11075223
v 0.32063028 1.57323563 0.12096589
v 0.29379695 1.59758961 0.12904977
v 0.28078135 1.62512099 0.11919371
v 0.27587622 1.62761426 0.14205229
v 0.28916239 1.60086178 0.15174733
v 0.28218203 1.63424038 0.16538944
v 0.29664412 1.60869824 0.17593158
v 0.29461836 1.64125895 0.19053886
v 0.2628242 1.66028809 0.15584002
v 0.27273991 1.66804504 0.18079643
v 0.23899368 1.68780887 0.14459274
v 0.24566926 1.69712925 0.17031827
v 0.25263729 1.70551896 0.20100808
v 0.21609288 1.72674405 0.15929858
v 0.22093778 1.73737764 0.18980169
v 0.22572794 1.74631655 0.22137881
v 0.18734611 1.76802265 0.17780257
v 0.1901755 1.77935612 0.20926222
v 0.19195441 1.78841245 0.24113197
v 0.1516778 1.80893695 0.19698716
v 0.15160758 1.81985819 0.22915391
v 0.14978839 1.8275938 0.26173508
v 0.10856463 1.84672749 0.21714434
v 0.10513924 1.85576212 0.25037559
v 0.09971159 1.86038017 0.28397402
v 0.05907876 1.87987101 0.23851814
v 0.05239163 1.88514173 0.27304533
v 0.04412211 1.88489079 0.30762329
v 0.00416519 1.90575659 0.26118215
v -0.00502553 1.90528309 0.29708191
v -0.01475599 1.8983035 0.33206906
v -0.05559163 1.91792047 0.28481125
v -0.06551598 1.90831852 0.32008323
v -0.07436695 1.89158141 0.35309746
v -0.11554048 1.910802 0.30648604
v -0.12318527 1.89301252 0.3399713
v -0.12879844 1.87050759 0.3715271
v -0.17060287 1.89026653 0.32723051
v -0.17446877 1.86748766 0.35980972
v -0.17556457 1.83901453 0.38896021
v -0.21795548 1.85848605 0.34681153
v -0.21747285 1.831375 0.37743118
v -0.2150111 1.80109798 0.4051702
v -0.2574242 1.82000613 0.36566704
v -0.2535052 1.79146313 0.39488723
v -0.24929344 1.76120305 0.42276501
v -0.29088932 1.77918481 0.38463473
v -0.28531703 1.75029182 0.41297563
v -0.2803328 1.72083354 0.4408656
v -0.3205038 1.73711228 0.40279072
v -0.31440067 1.70907354 0.43102642
v -0.30910715 1.68126547 0.4593248
v -0.3477765 1.69536304 0.42093348
v -0.34155467 1.66896867 0.44946527
v -0.33678603 1.64403498 0.47942835
v -0.37322512 1.65462017 0.43937313
v -0.36727699 1.63069951 0.46928092
v -0.36552709 1.61407494 0.50473433
v -0.39722695 1.61551082 0.45931184
v -0.39388349 1.59811532 0.49362137
v -0.39771926 1.59235847 0.53245008
v -0.42154395 1.58019757 0.48313888
v -0.4239816 1.57367312 0.52150332
v -0.43033993 1.56998288 0.55921071
v -0.44961547 1.55325973 0.51154965
v -0.45518922 1.54869556 0.54884952
v -0.45997566 1.54012703 0.58403837
v -0.47924688 1.52661418 0.53939408
v -0.48299166 1.51765954 0.57346093
v -0.48802137 1.50507295 0.60590559
v -0.50569224 1.49448275 0.56345564
v -0.50953686 1.48156476 0.59452366
v -0.51250624 1.46417319 0.62376707
v -0.53117197 1.4577291 0.58310776
v -0.53272193 1.44051873 0.61102467
v -0.53307765 1.41948103 0.63739854
v -0.55327671 1.41742038 0.59861749
v -0.55305188 1.39706933 0.62401747
v -0.55051672 1.37301826 0.64681559
v -0.57400417 1.37595844 0.61098569
v -0.57102412 1.35238862 0.63250839
v -0.56600678 1.32611501 0.65104359
v -0.59289431 1.33320581 0.61880815
v -0.58820635 1.30763542 0.63590186
v -0.58198273 1.28005337 0.64963388
v -0.61227786 1.29087078 0.62111711
v -0.60738372 1.2641431 0.63321363
v -0.60155957 1.23606598 0.64161378
v -0.63480633 1.25076532 0.61763954
v -0.63140982 1.22345554 0.62397658
v -0.66324931 1.24048924 0.60338383
v -0.6618573 1.21446144 0.6078003
v -0.69236439 1.23204052 0.59003567
v -0.69161927 1.20855176 0.59285348
v -0.72111386 1.22521162 0.57816869
v -0.72154671 1.20469009 0.57888329
v -0.72350931 1.1838268 0.57450401
v -0.72767746 1.16333413 0.56238186
v -0.75056082 1.20323026 0.56704503
v -0.75209111 1.18502008 0.56312382
v -0.7535724 1.16894519 0.55116254
v -0.75529921 1.1563735 0.53157228
v -0.77942359 1.18689858 0.55302846
v -0.77906799 1.17379319 0.5411278
v -0.77790123 1.16542792 0.52315497
v -0.77706992 1.163226 0.5005064
v -0.75496536 1.1530236 0.50588655
v -0.8029387 1.17877018 0.53094738
v -0.80097633 1.17316579 0.51511472
v -0.79974043 1.17279422 0.49565839
v -0.80002772 1.17802631 0.47405681
v -0.7769196 1.16859185 0.47589677
v -0.82322454 1.17965281 0.50847601
v -0.8218854 1.18042492 0.49242556
v -0.82248699 1.18539154 0.475306
v -0.82491886 1.19560396 0.46022185
v -0.8013041 1.19041681 0.45430401
v -0.84488695 1.18527603 0.49249061
v -0.84570604 1.18905937 0.48117291
v -0.84826266 1.19606518 0.47053757
v -0.85171383 1.20590138 0.46349123
v -0.82870513 1.21037125 0.45139497
v -0.86860406 1.18881368 0.48715865
v -0.87009114 1.19240784 0.48071205
v -0.87254774 1.19742977 0.47584301
v -0.85611385 1.21668994 0.462677
v -0.88850188 1.18844699 0.48952972
v -0.89029097 1.19075965 0.4873346
v -0.89518356 1.18737494 0.49353846
v -0.89620357 1.18937599 0.49227803
v -0.89851504 1.18702793 0.49557632
v -0.89875078 1.18935275 0.49512431
v -0.897803 1.19322311 0.49527671
v -0.89756524 1.19318008 0.49768161
v -0.89295905 1.20117783 0.49795994
v -0.89335507 1.20132899 0.49437794
v -0.87852752 1.21898555 0.49813783
v -0.87988984 1.21932935 0.49041593
v -0.86023169 1.2375369 0.49810865
v -0.86247217 1.23773789 0.48677274
v -0.86278104 1.23417985 0.47581931
v -0.84141886 1.25528824 0.48426193
v -0.84184438 1.25043535 0.46924394
v -0.8389064 1.24042749 0.45646172
v -0.86019885 1.2266128 0.46727204
v -0.83357113 1.22615802 0.45064517
v -0.81675165 1.25449383 0.44927662
v -0.81149196 1.23483228 0.44045418
v -0.80552095 1.21170961 0.44186162
v -0.78529238 1.21197843 0.4364033
v -0.77964484 1.18439602 0.45223084
v -0.76955741 1.21297526 0.43212434
v -0.76270645 1.18227994 0.44897469
v -0.75648438 1.16130554 0.47533312
v -0.74935472 1.18131136 0.44368654
v -0.75896453 1.21258831 0.42699578
v -0.75260877 1.21162605 0.41818586
v -0.73996704 1.1773715 0.4331336
v -0.75373023 1.20785689 0.40760916
v -0.73879677 1.17038595 0.41944676
v -0.76009386 1.20362484 0.39876291
v -0.74253594 1.16367721 0.40669155
v -0.72836607 1.12878239 0.42684781
v -0.75064539 1.15708506 0.39595931
v -0.73533517 1.11835241 0.41331365
v -0.72537577 1.08379936 0.43971708
v -0.71630466 1.09847152 0.4545412
v -0.71342593 1.04911744 0.46578615
v -0.70171737 1.06859481 0.48067802
v -0.68200737 1.03633439 0.50252401
v -0.66969269 1.0598129 0.51560401
v -0.69443297 1.01438665 0.48846751
v -0.66609782 0.98197329 0.50262528
v -0.65324515 1.00450611 0.51871109
v -0.70737057 0.99474698 0.47100693
v -0.68181961 0.96133256 0.48470395
v -0.65084737 0.93191397 0.4864189
v -0.63250142 0.95258182 0.5063247
v -0.72171497 0.97568994 0.451848
v -0.69916296 0.94180113 0.46438375
v -0.67209088 0.91274887 0.46576809
v -0.64388436 0.88845837 0.45652675
v -0.61997884 0.90657043 0.47869518
v -0.71923989 0.92300295 0.44167771
v -0.69597381 0.89440089 0.44273018
v -0.66991239 0.87095522 0.43387788
v -0.64280539 0.85453659 0.41532576
v -0.61519426 0.87056183 0.43764779
v -0.72133088 0.87699508 0.41753715
v -0.69754707 0.85394811 0.4094614
v -0.67214822 0.83772933 0.39245232
v -0.64793038 0.83054077 0.36777144
v -0.61719805 0.84593957 0.38911333
v -0.72722917 0.83747345 0.38319098
v -0.70374906 0.82152342 0.3674429
v -0.68072485 0.8144437 0.34449344
v -0.6608079 0.81623899 0.31674322
v -0.62704402 0.83155643 0.33767792
v -0.73780727 0.80554807 0.34083193
v -0.71584564 0.79881203 0.31966212
v -0.69646006 0.80086571 0.29362371
v -0.68166619 0.81079703 0.26497265
v -0.64525437 0.8254686 0.28611233
v -0.75245493 0.78293412 0.29120367
v -0.73329854 0.78538674 0.2677564
v -0.71896445 0.79588747 0.24119809
v -0.71016436 0.81296265 0.21400222
v -0.67212081 0.82696592 0.23674869
v -0.77141523 0.77336722 0.23490968
v -0.75723558 0.78438985 0.21176314
v -0.74948477 0.80297935 0.18791177
v -0.79678916 0.78134185 0.17835986
v -0.78851139 0.79927533 0.15871508
v -0.83679407 0.78937876 0.15066798
v -0.82721787 0.80468946 0.1335922
v -0.87522649 0.80306714 0.13309493
v -0.86603868 0.81584072 0.1181384
v -0.90289717 0.82654351 0.10776159
v -0.89676249 0.84303671 0.09839645
v -0.89386194 0.86470091 0.09385986
v -0.89459633 0.89187246 0.09668929
v -0.92183727 0.89346522 0.09104285
v -0.92265862 0.91525286 0.10271246
v -0.89772331 0.9170311 0.10942235
v -0.94811362 0.91485232 0.09685526
v -0.95038044 0.9299798 0.11152894
v -0.92641377 0.93165129 0.12031299
v -0.97211051 0.91626995 0.0915083
v -0.97385305 0.92962807 0.10441643
v -0.97785997 0.93869626 0.11947325
v -0.95504576 0.93904542 0.12877208
v -0.995718 0.91726803 0.08719535
v -0.99765211 0.93018233 0.09864933
v -1.00188076 0.93734461 0.11301183
v -1.00765359 0.94019275 0.12646968
v -0.98324459 0.94211489 0.13498334
v -1.02313482 0.93251842 0.11098491
v -1.02706515 0.93401944 0.12442978
v -1.03823244 0.92217338 0.112089
v -1.04114818 0.92356264 0.12622492
v -1.04513883 0.90977257 0.11356852
v -0.96108639 0.94219911 0.14595834
v -0.93226504 0.94072711 0.13991862
v -0.90301996 0.93518745 0.12984705
v -0.87610274 0.91975468 0.11487164
v -0.85012662 0.78195685 0.16983258
v -0.88679832 0.79688352 0.15096692
v -0.86468416 0.78301894 0.19038784
v -0.89912504 0.79744488 0.17128986
v -0.87877655 0.79222011 0.21168451
v -0.91044133 0.80504983 0.1919101
v -0.89037513 0.80846077 0.23203779
v -0.92008876 0.8184697 0.21067631
v -0.89982956 0.8286243 0.24880768
v -0.92839676 0.83525717 0.22552374
v -0.9547308 0.84154558 0.20431172
v -0.93533188 0.85360443 0.23558445
v -0.90737599 0.85069406 0.25967776
v -0.91262567 0.87319231 0.26422214
v -0.87878632 0.84893918 0.2845413
v -0.88467609 0.87482959 0.28878167
v -0.88734632 0.89933574 0.28566783
v -0.8574242 0.87911188 0.31321799
v -0.86110818 0.90672493 0.30799055
v -0.86222499 0.93104773 0.29503831
v -0.83615273 0.9169994 0.32910126
v -0.83926701 0.94373232 0.3139176
v -0.84034758 0.96678286 0.29290035
v -0.81770628 0.95896732 0.33330598
v -0.82076078 0.98425006 0.31004262
v -0.820652 1.00532281 0.2792961
v -0.8029986 1.00289499 0.32521915
v -0.80448991 1.02253639 0.28752794
v -0.80176937 1.02842927 0.2419919
v -0.79155206 1.03721737 0.29259774
v -0.78812396 1.04164457 0.24224619
v -0.78469747 1.03141224 0.19155712
v -0.78094166 1.05277323 0.29614573
v -0.77593547 1.07074689 0.29835492
v -0.78851276 1.02135932 0.33553212
v -0.78054702 0.99817025 0.36970704
v -0.79774862 0.97748649 0.35311761
v -0.79059058 0.94850492 0.37278825
v -0.77085012 0.96891593 0.3938578
v -0.8125441 0.93064278 0.3503533
v -0.80471903 0.89996266 0.36101678
v -0.78053391 0.91742241 0.3859207
v -0.83086454 0.8870294 0.33691123
v -0.82231456 0.85620516 0.33741065
v -0.79366302 0.8694055 0.36549457
v -0.85043519 0.85010278 0.30995181
v -0.84076529 0.82173532 0.3012309
v -0.80990356 0.82787877 0.33310544
v -0.87019377 0.82327038 0.27322593
v -0.85957962 0.79975253 0.25725194
v -0.82689005 0.79752332 0.28919917
v -0.81002134 0.77959525 0.274686
v -0.77359169 0.78955721 0.31038767
v -0.79344636 0.80488288 0.32430926
v -0.8450194 0.78184974 0.23921573
v -0.82799583 0.7715134 0.21971327
v -0.79021805 0.77121448 0.25628709
v -0.810781 0.77137506 0.19919954
v -0.75953173 0.82063502 0.35534548
v -0.77869594 0.84204155 0.36368513
v -0.74874734 0.85962468 0.39153793
v -0.7667703 0.88681304 0.39236736
v -0.74209421 0.90461647 0.41766914
v -0.75841563 0.93622946 0.40951281
v -0.73836219 0.95590329 0.43165633
v -0.77874195 1.0915308 0.29943203
v -0.79189282 1.11013317 0.300608
v -0.7883833 1.10495102 0.25123515
v -0.78436881 1.10832738 0.20206295
v -0.81239897 1.12792563 0.29967504
v -0.8078652 1.11855113 0.25469696
v -0.8013913 1.12228 0.21054013
v -0.80053001 1.13438904 0.17221443
v -0.78809881 1.11942386 0.160398
v -0.83169049 1.13275826 0.25431838
v -0.82413077 1.13337981 0.21392764
v -0.81869214 1.14398479 0.17778591
v -0.81503605 1.16208112 0.14343845
v -0.80038964 1.15273249 0.13623587
v -0.84939235 1.1455264 0.21340848
v -0.84057468 1.15310704 0.17839181
v -0.83379316 1.16861987 0.14574535
v -0.82721549 1.19151985 0.11478665
v -0.80976301 1.18567419 0.11195579
v -0.86719453 1.16244578 0.17537458
v -0.85637491 1.17474293 0.14383451
v -0.84803128 1.19564771 0.11435205
v -0.84206664 1.22042548 0.08716747
v -0.8205443 1.21805632 0.08620036
v -0.88503807 1.1834805 0.13862346
v -0.87364751 1.20059502 0.11161275
v -0.86720812 1.22309935 0.08669842
v -0.86609888 1.24614489 0.06355758
v -0.84208488 1.2451353 0.06196465
v -0.90549039 1.20854365 0.10798066
v -0.89708125 1.22754979 0.08553149
v -0.89482784 1.2491368 0.06420674
v -0.89810502 1.27293121 0.04316148
v -0.87069642 1.27086198 0.0409868
v -0.93189978 1.23478376 0.08329632
v -0.92907428 1.25409758 0.06408599
v -0.93120324 1.27565288 0.04562975
v -0.93714958 1.29855501 0.0299208
v -0.90479666 1.29822814 0.02502441
v -0.96528106 1.26024091 0.06297323
v -0.96675288 1.27885663 0.04760709
v -0.97192823 1.298496 0.03459611
v -0.97940421 1.32046735 0.02534882
v -0.944826 1.32332003 0.01837045
v -1.00315368 1.28120732 0.04998286
v -1.0082246 1.29748702 0.03998301
v -1.0150032 1.31477701 0.03303212
v -1.02232086 1.33305943 0.03156192
v -0.98747307 1.34227657 0.02242614
v -1.04328262 1.29433465 0.0460119
v -1.0490719 1.30826032 0.04076338
v -1.055148 1.32306492 0.04037854
v -1.06090188 1.33771431 0.04527652
v -1.0290414 1.35064685 0.03616963
v -1.07947993 1.301422 0.05068199
v -1.08422243 1.31319284 0.05110967
v -1.08828234 1.32448124 0.05567776
v -1.09147918 1.33419644 0.06418094
v -1.06518673 1.35040295 0.0557659
v -1.10872304 1.30296301 0.0618954
v -1.11192035 1.31098079 0.06544499
v -1.1149888 1.31788873 0.07135286
v -1.1165235 1.32332944 0.07995083
v -1.09356153 1.34173786 0.07578095
v -1.13276362 1.29791081 0.07118471
v -1.13461804 1.30220592 0.0758344
v -1.13627076 1.30554056 0.08193326
v -1.13708066 1.3083533 0.08880063
v -1.1173774 1.32709157 0.0899747
v -1.15227639 1.28801977 0.07871648
v -1.15350842 1.28986012 0.08320519
v -1.15474307 1.29085433 0.08839544
v -1.15602707 1.29088878 0.09347194
v -1.13812208 1.30979037 0.09737406
v -1.16445922 1.2787292 0.08558648
v -1.1652745 1.27935469 0.08941426
v -1.16599929 1.27938056 0.09352829
v -1.16937255 1.27418255 0.09109655
v -1.16943264 1.27483916 0.09514743
v -1.16846418 1.27643251 0.10038529
v -1.16980755 1.27395618 0.10296007
v -1.16086518 1.28134179 0.11491222
v -1.16070568 1.2841556 0.11135439
v -1.17139375 1.27168202 0.09703953
v -1.17254185 1.26889801 0.09846864
v -1.17022001 1.27106487 0.10495435
v -1.17168784 1.27056133 0.09286861
v -1.17292296 1.26775121 0.0940411
v -1.17328298 1.2654618 0.09450134
v -1.17263472 1.26617217 0.09926673
v -1.1721847 1.2636137 0.09940616
v -1.16843307 1.26492488 0.10634398
v -1.17002224 1.26790595 0.10618045
v -1.17310214 1.26355969 0.09452831
v -1.17211043 1.26201248 0.09404474
v -1.17066323 1.26174473 0.09865704
v -1.17320156 1.26357615 0.09132044
v -1.17267704 1.26263284 0.09109797
v -1.17088794 1.26091408 0.09323103
v -1.17279326 1.2640419 0.08841238
v -1.17247974 1.26338112 0.08824382
v -1.17142474 1.26600968 0.08519622
v -1.17077088 1.26456391 0.08487893
v -1.16801488 1.26907134 0.08170826
v -1.16715824 1.26667916 0.08118107
v -1.16622376 1.26441752 0.08165057
v -1.16065037 1.27040803 0.07722395
v -1.15926802 1.26753222 0.07792966
v -1.15780842 1.26504135 0.07978338
v -1.16513407 1.26268005 0.08314314
v -1.15676224 1.2635318 0.08275961
v -1.16415786 1.26134944 0.08538333
v -1.15645849 1.26225543 0.08570153
v -1.16337966 1.26053404 0.08785673
v -1.16700017 1.26000011 0.09011972
v -1.16541373 1.2596414 0.09318029
v -1.16722941 1.25982368 0.09544418
v -1.16929912 1.26016879 0.09202826
v -1.16902864 1.26043713 0.09722555
v -1.16188955 1.26026964 0.10126412
v -1.164011 1.26103067 0.10370256
v -1.16638743 1.26244938 0.10560455
v -1.15176165 1.26374626 0.11472422
v -1.15500736 1.26588463 0.11764811
v -1.15805697 1.26899159 0.11961459
v -1.13865995 1.26958894 0.13190113
v -1.14177763 1.27450931 0.13496342
v -1.14361631 1.28048753 0.135715
v -1.15986406 1.27325701 0.11945314
v -1.14394271 1.2867043 0.13419549
v -1.16086721 1.2773087 0.11784923
v -1.14349341 1.2928245 0.1311198
v -1.12472343 1.29587268 0.15226827
v -1.12341082 1.30435657 0.14823828
v -1.12191069 1.31223118 0.1427131
v -1.14279282 1.29832875 0.12689884
v -1.12034463 1.31900548 0.13565874
v -1.09678578 1.32441747 0.15863084
v -1.09499907 1.33320331 0.1496604
v -1.09411895 1.34087777 0.13725866
v -1.11910355 1.32465624 0.12624353
v -1.09352827 1.34565937 0.12239398
v -1.11816573 1.32797467 0.11513482
v -1.09351146 1.3472079 0.10641221
v -1.11762905 1.32871496 0.10277009
v -1.09378397 1.34605026 0.09041877
v -1.06648182 1.36499118 0.10892877
v -1.06741941 1.364012 0.08928525
v -1.06713974 1.35897791 0.07100936
v -1.03760445 1.3814373 0.08767408
v -1.03698778 1.37650024 0.06601093
v -1.03400027 1.36565375 0.0482608
v -1.0040754 1.39287972 0.06146927
v -1.00049901 1.38078224 0.04095728
v -0.99483817 1.36315405 0.02730185
v -0.96610456 1.39508318 0.03494752
v -0.95989942 1.37409544 0.01964228
v -0.95262819 1.34916138 0.0140137
v -0.92636948 1.38196134 0.01409093
v -0.91975909 1.35411584 0.00822972
v -0.91254556 1.32563579 0.01261558
v -0.89043307 1.3575387 0.00192347
v -0.88436138 1.32728314 0.00677283
v -0.87739378 1.29807281 0.02076727
v -0.86611789 1.32834541 0.00195735
v -0.85969883 1.29805588 0.01702377
v -0.85000324 1.26995849 0.0385706
v -0.84477174 1.29847931 0.01243894
v -0.83110559 1.27032685 0.03384996
v -0.82069629 1.24461388 0.05895027
v -0.81448286 1.26943063 0.0263223
v -0.8014214 1.24178135 0.05379606
v -0.80230981 1.21272873 0.08254949
v -0.78705221 1.23415434 0.04301922
v -0.78846454 1.20234692 0.07296437
v -0.79621851 1.17537379 0.10388448
v -0.78245818 1.1897093 0.05944135
v -0.78950595 1.16157996 0.09134215
v -0.79167944 1.13847625 0.12414124
v -0.7895801 1.1465286 0.07668777
v -0.79071384 1.12114298 0.10952766
v -0.7936905 1.12959563 0.06038889
v -0.795403 1.10295844 0.09057889
v -0.80059355 1.10853612 0.03664131
v -0.80383455 1.08214116 0.06482511
v -0.81542235 1.05955267 0.03491387
v -0.82795095 1.03619778 0.00878208
v -0.83960187 1.01329743 -0.011016
v -0.84457522 1.01336574 -0.05674998
v -0.85151481 0.98972147 -0.02974694
v -0.85678458 0.98716431 -0.07625354
v -0.86255937 0.96544343 -0.05002798
v -0.86706346 0.96098023 -0.09816601
v -0.87215036 0.94052922 -0.07232878
v -0.87445044 0.91751837 -0.04568484
v -0.88038015 0.91522312 -0.09600884
v -0.88271266 0.89265465 -0.06998114
v -0.88258278 0.86803501 -0.04450271
v -0.88992333 0.86735385 -0.09540023
v -0.89008557 0.84230798 -0.07096335
v -0.88597643 0.81556487 -0.04844029
v -0.89646607 0.81660944 -0.09824229
v -0.89124482 0.78928029 -0.07724122
v -0.87810862 0.76320195 -0.05882356
v -0.89684492 0.76373434 -0.10550438
v -0.88369804 0.73699271 -0.08789235
v -0.86129534 0.71455186 -0.07525888
v -0.88893443 0.71242761 -0.11779282
v -0.86575841 0.69013935 -0.10655316
v -0.83523744 0.67561519 -0.10188266
v -0.87064588 0.66790121 -0.13838557
v -0.84037458 0.65341585 -0.13452656
v -0.80831617 0.64667987 -0.13589562
v -0.8473398 0.63329613 -0.16770157
v -0.81660246 0.62581867 -0.16998577
v -0.78756725 0.62510132 -0.17653718
v -0.82681638 0.60750788 -0.20453771
v -0.80005043 0.60625797 -0.21185018
v -0.7767952 0.6109063 -0.22227422
v -0.81296718 0.58940523 -0.24649767
v -0.79120737 0.5934686 -0.25677159
v -0.77396237 0.60322326 -0.26905885
v -0.80519509 0.57714873 -0.29042825
v -0.78898292 0.58616966 -0.30208069
v -0.77856606 0.60025507 -0.3145802
v -0.80406087 0.57009017 -0.33450734
v -0.79385626 0.58338213 -0.34597575
v -0.79047554 0.60044932 -0.35679763
v -0.81001466 0.56828987 -0.37691101
v -0.80598151 0.58431416 -0.38667428
v -0.80732947 0.60178387 -0.39520806
v -0.82105398 0.56914919 -0.41640371
v -0.82174831 0.5854721 -0.42415747
v -0.82674145 0.6020379 -0.43073833
v -0.83466506 0.56991863 -0.45354458
v -0.8394683 0.58543032 -0.45918464
v -0.84748268 0.6001389 -0.46400076
v -0.85147368 0.57002466 -0.48787948
v -0.85866177 0.58350151 -0.49209117
v -0.86762046 0.59528648 -0.49588877
v -0.86865824 0.5680679 -0.52004188
v -0.87637877 0.57853651 -0.52359145
v -0.88547456 0.58720684 -0.5266447
v -0.8833782 0.56285893 -0.55099201
v -0.89102828 0.57077282 -0.55384773
v -0.89936792 0.57659649 -0.5560891
v -0.89508199 0.5545817 -0.57964825
v -0.90225225 0.55957382 -0.58168697
v -0.91069299 0.56246781 -0.58272886
v -0.90367734 0.54327476 -0.6051957
v -0.910007 0.54571485 -0.60675382
v -0.91694617 0.54572027 -0.60705244
v -0.91823399 0.52827221 -0.62783956
v -0.91328275 0.51528489 -0.64461702
v -0.91559994 0.51281136 -0.64314997
v -0.89822197 0.53910481 -0.60317695
v -0.9003182 0.52475708 -0.62451452
v -0.89394825 0.5339455 -0.60108
v -0.89765644 0.52083712 -0.62283134
v -0.90009695 0.51080691 -0.6403532
v -0.901995 0.51302588 -0.64195412
v -0.90249133 0.5057218 -0.64754909
v -0.90376585 0.50786823 -0.6484521
v -0.9054259 0.50223493 -0.65158295
v -0.89037561 0.52834183 -0.5990138
v -0.88903117 0.54806006 -0.57715839
v -0.88424044 0.54076272 -0.57474881
v -0.88105148 0.53270745 -0.57213449
v -0.87736821 0.55386072 -0.54803073
v -0.87322801 0.54450303 -0.54528212
v -0.8709464 0.53378474 -0.54208391
v -0.86321514 0.55658167 -0.51663243
v -0.86020845 0.54427796 -0.51316309
v -0.86026275 0.53181618 -0.50884962
v -0.84725779 0.55588161 -0.48333427
v -0.8466376 0.54192459 -0.47818797
v -0.85016596 0.52887266 -0.47221785
v -0.83399176 0.55450874 -0.44689461
v -0.8381049 0.54074382 -0.43974658
v -0.84615171 0.52911901 -0.43221139
v -0.82529181 0.55430316 -0.40764612
v -0.83370548 0.54210954 -0.3990308
v -0.84606874 0.53325396 -0.39056712
v -0.8194043 0.55550134 -0.36656844
v -0.83298045 0.54701948 -0.35694244
v -0.8500992 0.54326766 -0.34859874
v -0.81914371 0.56173002 -0.32376819
v -0.8377915 0.55799645 -0.314509
v -0.85902565 0.55896574 -0.30802437
v -0.82550525 0.57335943 -0.28055113
v -0.84872162 0.57451373 -0.27343446
v -0.87336403 0.58083361 -0.27041554
v -0.83796739 0.59076213 -0.23903916
v -0.86454945 0.5976969 -0.23585327
v -0.89006537 0.61063653 -0.23775173
v -0.85559016 0.6150552 -0.20147639
v -0.88283383 0.62908846 -0.20403482
v -0.90403932 0.64976561 -0.21271263
v -0.87626326 0.64798486 -0.17097689
v -0.89853054 0.6695252 -0.18045246
v -0.91194236 0.69523257 -0.19461335
v -0.8933987 0.69019442 -0.14880015
v -0.90677797 0.71690559 -0.16390523
v -0.91313391 0.74371403 -0.18142317
v -0.90199577 0.73948717 -0.134358
v -0.90796804 0.76727545 -0.15325737
v -0.9088965 0.79146778 -0.17328693
v -0.90246498 0.79149389 -0.12560913
v -0.90284657 0.81663984 -0.1470752
v -0.90059542 0.83721965 -0.16914212
v -0.89658933 0.84193611 -0.12120198
v -0.89416384 0.86361384 -0.14503546
v -0.89006191 0.88126796 -0.16784767
v -0.88749659 0.8895753 -0.1204341
v -0.88297945 0.90838164 -0.14449834
v -0.87475669 0.92386055 -0.16798245
v -0.87553542 0.93496501 -0.12115028
v -0.86649972 0.95150679 -0.14565143
v -0.85125583 0.96267634 -0.16876296
v -0.85746777 0.97827661 -0.12336738
v -0.84110891 0.99011743 -0.1479128
v -0.81803554 0.99426102 -0.16876865
v -0.82943731 1.01595377 -0.12790994
v -0.80636149 1.02083742 -0.15024793
v -0.77814811 1.01835095 -0.16486173
v -0.79446053 1.04799997 -0.13376292
v -0.76658195 1.04650044 -0.14879764
v -0.73575472 1.03855788 -0.15248392
v -0.81679129 1.0426923 -0.11049453
v -0.83307635 1.0310961 -0.08351584
v -0.84628999 1.00439286 -0.10219688
v -0.79390287 1.13713097 0.01188619
v -0.78933185 1.15868949 0.03045531
v -0.78276324 1.17632913 0.04468706
v -0.7823776 1.22179377 0.02693146
v -0.7990821 1.25387477 0.00090934
v -0.80292886 1.26416456 0.01545968
v -0.82439243 1.29399049 -0.00583432
v -0.82344883 1.28708899 -0.01740779
v -0.83289718 1.29709386 0.00441473
v -0.8420127 1.327762 -0.01008595
v -0.83421003 1.32539439 -0.01990385
v -0.85264581 1.32880723 -0.002846
v -0.85420644 1.35884654 -0.01125952
v -0.84259122 1.35763335 -0.01857737
v -0.86856395 1.35892856 -0.00445572
v -0.89597374 1.38743174 0.00747646
v -0.90086287 1.41674149 0.02555827
v -0.93263304 1.40721452 0.03061737
v -0.93811923 1.42489683 0.05654246
v -0.90585112 1.43920886 0.05479749
v -0.97085195 1.40944325 0.05845719
v -0.97301727 1.41461718 0.08700414
v -0.94100046 1.43134868 0.08843709
v -1.00556063 1.39834058 0.08668003
v -1.00534486 1.39811027 0.11418325
v -0.97339743 1.41396904 0.11788511
v -1.03696024 1.38163602 0.11127009
v -1.03604674 1.37719655 0.13512127
v -1.00464963 1.39222919 0.14180626
v -1.06586349 1.36207759 0.12884961
v -1.06611907 1.35554313 0.14760604
v -1.03588795 1.36833322 0.15712414
v -1.03738129 1.35645473 0.17587181
v -1.00659954 1.36610972 0.18869151
v -1.00476193 1.38088917 0.16743868
v -1.06726932 1.34626126 0.16312541
v -1.0697385 1.33388996 0.17552362
v -1.04071593 1.34154987 0.1915439
v -1.04451632 1.3250724 0.20207546
v -1.01468849 1.32875907 0.22015079
v -1.01019978 1.34860146 0.20655761
v -1.07261395 1.32029616 0.1832703
v -1.07551324 1.30609285 0.18876656
v -1.04806876 1.30769252 0.20811662
v -1.09937501 1.31379807 0.1656343
v -1.10163009 1.3026371 0.17044132
v -1.10241556 1.29084467 0.17231857
v -1.0773772 1.2915281 0.19098004
v -1.12459576 1.28676319 0.15381397
v -1.12288451 1.27840793 0.15212312
v -1.10157811 1.27907156 0.17036347
v -1.09932434 1.26845324 0.16461989
v -1.07576298 1.2627567 0.18248133
v -1.07763207 1.27641809 0.18910305
v -1.11982476 1.27067482 0.14747531
v -1.11559736 1.26584219 0.14033195
v -1.09459745 1.26066982 0.15541562
v -1.13494908 1.26590657 0.1271145
v -1.13090431 1.26356756 0.12108312
v -1.11080753 1.26220345 0.13174441
v -1.14870786 1.26227831 0.11097379
v -1.14618217 1.2615478 0.10672057
v -1.12744748 1.26269757 0.11399769
v -1.15991652 1.25982403 0.09845133
v -1.12459456 1.26296973 0.1060696
v -1.10172617 1.25911331 0.111166
v -1.10596454 1.25966441 0.1217084
v -1.0779618 1.24988031 0.11654601
v -1.08326149 1.25110757 0.13115795
v -1.08909559 1.25493979 0.14425271
v -1.05877649 1.23991251 0.14072012
v -1.06531703 1.24468886 0.15682081
v -1.07124733 1.25207591 0.17100109
v -1.03893899 1.23308038 0.17039924
v -1.04555869 1.24223554 0.18704585
v -1.05048632 1.25502634 0.20062021
v -1.01810753 1.23146688 0.20381538
v -1.02309703 1.24648022 0.21910451
v -1.0247786 1.26565694 0.22878761
v -1.05236721 1.27140057 0.20879171
v -1.02258455 1.28684544 0.23073636
v -1.05098009 1.28962218 0.21060854
v -1.01893055 1.30823063 0.22802163
v -0.9932906 1.2832129 0.25108614
v -0.98884159 1.30809652 0.24775323
v -0.983971 1.3325026 0.23728026
v -0.95889657 1.30776274 0.26645892
v -0.95316898 1.33573257 0.25424477
v -0.94844538 1.36139965 0.23695313
v -0.97983259 1.35492932 0.22164978
v -0.9447118 1.38474702 0.21467423
v -0.97585845 1.37535381 0.20169705
v -0.94248771 1.40448498 0.18763107
v -0.97371536 1.3929522 0.17737683
v -0.94161391 1.41935324 0.15631383
v -0.97318506 1.40619683 0.1489223
v -0.94161319 1.42867529 0.12270463
v -0.91058832 1.43220841 0.1641473
v -0.91047316 1.44329726 0.12805682
v -0.90935134 1.44709289 0.09088344
v -0.87995135 1.45753049 0.1342874
v -0.87813931 1.46231389 0.09409459
v -0.87480354 1.45288562 0.05217111
v -0.84852814 1.47723972 0.09773211
v -0.84609729 1.46489572 0.05014058
v -0.81939625 1.49211704 0.10217444
v -0.81466716 1.48295378 0.05569963
v -0.7903859 1.50775325 0.10677028
v -0.78583258 1.5020796 0.06307919
v -0.77863562 1.48756492 0.02265417
v -0.75775992 1.52466094 0.06950462
v -0.75026494 1.51478767 0.03154897
v -0.74119705 1.50259661 0.00121456
v -0.77019161 1.47222936 -0.00630404
v -0.73156559 1.49056196 -0.02369612
v -0.76025599 1.46197879 -0.02729944
v -0.7876017 1.43347322 -0.0323811
v -0.75165718 1.45378375 -0.05128397
v -0.77960968 1.42856693 -0.05312162
v -0.80405223 1.40353786 -0.05278617
v -0.81159091 1.40600383 -0.0339613
v -0.82035386 1.37811386 -0.04897207
v -0.82626593 1.38143825 -0.03338557
v -0.83415752 1.35466158 -0.02933225
v -0.83092123 1.35095024 -0.04254129
v -0.83430445 1.3208425 -0.03219011
v -0.82411766 1.37718963 -0.06645716
v -0.83634716 1.34866976 -0.05646879
v -0.84024441 1.31638824 -0.04367291
v -0.84752959 1.34840214 -0.0684855
v -0.8513509 1.31308889 -0.05281077
v -0.86080515 1.349056 -0.08016264
v -0.86517286 1.31260049 -0.06228463
v -0.87844866 1.35039818 -0.09448418
v -0.88481396 1.31409931 -0.07492323
v -0.88753098 1.27714371 -0.06232578
v -0.89068174 1.24404871 -0.06155599
v -0.90926104 1.31640851 -0.09087968
v -0.91553151 1.2824074 -0.07956636
v -0.92050409 1.25331914 -0.08076332
v -0.92233103 1.22813665 -0.09276604
v -0.89249157 1.21838414 -0.07312009
v -0.9448176 1.28876996 -0.09981323
v -0.94989579 1.26116776 -0.10178471
v -0.9512611 1.23674547 -0.1122547
v -0.9485355 1.21702814 -0.13015072
v -0.91983133 1.20752406 -0.11217886
v -0.9793387 1.26749873 -0.12211065
v -0.98017108 1.24468755 -0.13204714
v -0.97744989 1.22632587 -0.14833919
v -0.9713549 1.21356105 -0.17037539
v -0.94245964 1.20290255 -0.15406146
v -1.00865316 1.25207901 -0.15185692
v -1.00604426 1.23496866 -0.16669741
v -0.99979198 1.22387528 -0.1872573
v -0.99203354 1.21826863 -0.21151568
v -0.96309477 1.20692849 -0.19721978
v -1.03332483 1.24306476 -0.18531729
v -1.02735912 1.23369169 -0.20444496
v -1.02002692 1.22943091 -0.22616735
v -1.01210141 1.23002743 -0.24993093
v -0.98312455 1.2188543 -0.23924213
v -1.05253624 1.24330675 -0.22001704
v -1.04575002 1.23952519 -0.23882725
v -1.03876733 1.23986041 -0.25936779
v -1.0320481 1.24528217 -0.28009638
v -1.00428462 1.23660779 -0.27432102
v -1.06829738 1.24877846 -0.24914704
v -1.06231737 1.24871015 -0.26613465
v -1.05774414 1.25253903 -0.28390279
v -1.05574047 1.25983095 -0.29947778
v -1.02784955 1.25487732 -0.299095
v -1.08413338 1.25664293 -0.27148217
v -1.08138132 1.25925386 -0.28509646
v -1.08076834 1.26413309 -0.2982718
v -1.08235216 1.27047121 -0.30857121
v -1.05635833 1.26932275 -0.31243294
v -1.10293138 1.26753926 -0.29654854
v -1.10482704 1.27147424 -0.30439481
v -1.12418139 1.26794159 -0.29402911
v -1.12461853 1.27043092 -0.30024513
v -1.12584376 1.27373158 -0.30629593
v -1.10732328 1.27643334 -0.31092476
v -1.08542466 1.27780735 -0.31686151
v -1.11035096 1.28285241 -0.31616082
v -1.08901846 1.2862147 -0.32325965
v -1.0640099 1.2895863 -0.33001849
v -1.05947423 1.27892804 -0.32224714
v -1.03558707 1.29261028 -0.33644068
v -1.03036963 1.27927219 -0.32685351
v -1.02725744 1.26691782 -0.31463536
v -0.99821859 1.27922308 -0.33026269
v -0.9957323 1.26350951 -0.31526377
v -0.99794518 1.24849152 -0.29634654
v -0.9622823 1.25983166 -0.31570571
v -0.96571362 1.24143767 -0.29332932
v -0.97341966 1.22686874 -0.26742446
v -0.93221521 1.23253023 -0.28842258
v -0.94227236 1.21596264 -0.25902727
v -0.95333576 1.20709753 -0.2278967
v -0.91101086 1.20400393 -0.24940918
v -0.92362123 1.19505107 -0.21607188
v -0.93404626 1.19522333 -0.18308071
v -0.89406031 1.18301224 -0.20360799
v -0.90525341 1.18345391 -0.16890241
v -0.91388374 1.19213497 -0.13781273
v -0.87728315 1.17191052 -0.15462166
v -0.88595265 1.18148028 -0.12146292
v -0.8911075 1.19766438 -0.0942002
v -0.85748106 1.17187857 -0.10546397
v -0.86047112 1.18756067 -0.07650645
v -0.8285557 1.15923798 -0.08849902
v -0.82931727 1.17400419 -0.0588145
v -0.82331043 1.15083777 -0.12146259
v -0.84988969 1.1619209 -0.13893292
v -0.8371405 1.15931427 -0.17413848
v -0.81176286 1.14791119 -0.15459081
v -0.86519074 1.1707617 -0.19020949
v -0.85003614 1.17799353 -0.22487349
v -0.82039207 1.16380071 -0.20740346
v -0.88055902 1.19127094 -0.23858578
v -0.80128562 1.17643833 -0.23460622
v -0.77398121 1.15984892 -0.20871645
v -0.79455757 1.15035319 -0.18464657
v -0.78100645 1.19455409 -0.25542435
v -0.75364953 1.17556023 -0.22835061
v -0.73125302 1.16189503 -0.20181883
v -0.71046739 1.15289151 -0.17758597
v -0.73129588 1.19098424 -0.24842645
v -0.70905578 1.17669832 -0.22200681
v -0.68848991 1.16664397 -0.1961392
v -0.68337804 1.18988668 -0.24259391
v -0.66323477 1.17898273 -0.21542385
v -0.64421773 1.17213118 -0.18676865
v -0.63451516 1.19570434 -0.23336352
v -0.61675554 1.18953263 -0.20280678
v -0.60502195 1.2189598 -0.24655164
v -0.58925288 1.21163737 -0.21498741
v -0.57457006 1.20620977 -0.18239538
v -0.56067013 1.23434376 -0.22413882
v -0.5476349 1.22701895 -0.19063141
v -0.53149032 1.25705409 -0.23031427
v -0.51997274 1.24786007 -0.19608189
v -0.50225973 1.2794007 -0.23403915
v -0.49211204 1.26854729 -0.19891898
v -0.48382923 1.2597264 -0.16258667
v -0.46459525 1.28874445 -0.19966246
v -0.457585 1.27821373 -0.16261069
v -0.45279941 1.27010846 -0.12457188
v -0.43180352 1.29688072 -0.16089187
v -0.42844244 1.28749764 -0.12224379
v -0.40634062 1.31503319 -0.1576094
v -0.40428608 1.3048017 -0.1185842
v -0.38048592 1.3319087 -0.15313342
v -0.38000315 1.32110512 -0.11350847
v -0.38194987 1.31300258 -0.07400931
v -0.35496556 1.33599817 -0.10761763
v -0.35771447 1.32798576 -0.06812655
v -0.36293605 1.32355547 -0.03030355
v -0.3325667 1.34147632 -0.06145808
v -0.3377994 1.33734142 -0.02393049
v -0.34508356 1.33769941 0.00970927
v -0.31190955 1.34928453 -0.01660272
v -0.31892284 1.3506633 0.01684011
v -0.32714256 1.35622644 0.04591633
v -0.29215884 1.36148202 0.02528714
v -0.29939547 1.36755085 0.05460073
v -0.30702036 1.37821292 0.07621131
v -0.27151203 1.3782109 0.06372341
v -0.27829667 1.39083004 0.08556457
v -0.28542661 1.40300893 0.09914699
v -0.2490808 1.40365326 0.09503684
v -0.25584739 1.41616916 0.10819795
v -0.26409122 1.42688751 0.12017929
v -0.22614754 1.42876243 0.11742448
v -0.23389436 1.44045865 0.12775269
v -0.24017785 1.44844281 0.14115542
v -0.20324257 1.45343458 0.13378556
v -0.20843356 1.46201944 0.1465841
v -0.20977224 1.46200597 0.16256295
v -0.17493365 1.47488784 0.15144319
v -0.17593517 1.4737873 0.16779223
v -0.13942369 1.48409593 0.15711773
v -0.14030684 1.48310422 0.1729151
v -0.10319279 1.49310112 0.16170086
v -0.103306 1.4917705 0.1770288
v -0.06323299 1.5012058 0.16469742
v -0.06311637 1.49750042 0.17982403
v -0.01993645 1.49889731 0.1677664
v -0.02179842 1.495126 0.18357755
v 0.0196795 1.48585915 0.17309013
v 0.01696573 1.48332083 0.18914884
v 0.05320858 1.46736669 0.17940934
v 0.0509798 1.46603846 0.19536522
v 0.08258665 1.4480977 0.18510679
v 0.08073069 1.44715404 0.2005065
v 0.05171558 1.46243071 0.16497156
v 0.08126658 1.44372928 0.17124353
v 0.04688987 1.45248973 0.15387173
v 0.07682514 1.43506324 0.16001042
v 0.04070445 1.43976843 0.14576514
v 0.07107708 1.42411899 0.15174529
v 0.03496216 1.42638433 0.13602663
v 0.06496395 1.41210019 0.14266672
v 0.03005778 1.41347992 0.12133472
v 0.05863239 1.39904511 0.12966762
v 0.0840827 1.38149046 0.1396899
v 0.05251633 1.38553917 0.11073543
v 0.07587194 1.36651432 0.12174716
v 0.04702304 1.37257278 0.08322644
v 0.06889652 1.35170412 0.09523008
v 0.04398883 1.36451506 0.05071291
v 0.06520246 1.34181094 0.06333598
v 0.09439952 1.32575631 0.07372773
v 0.06481376 1.33824133 0.02666528
v 0.09357121 1.32250642 0.03781612
v 0.12692041 1.32316422 0.04950974
v 0.1253508 1.32328271 0.08353132
v 0.0957651 1.32529842 -0.00039557
v 0.12917314 1.32487654 0.0136913
v 0.1614864 1.33274841 0.03202992
v 0.13437442 1.33000123 -0.02167044
v 0.16733749 1.33697891 -0.00002029
v 0.19810384 1.34446013 0.02272721
v 0.1764006 1.34358346 -0.02912693
v 0.20719726 1.35024642 -0.0046481
v 0.23390092 1.35750103 0.01808834
v 0.22470399 1.35237813 0.04396554
v 0.25785681 1.36604762 0.03957731
v 0.24809363 1.36224687 0.0638677
v 0.27982252 1.37232005 0.05872787
v 0.2701624 1.3685255 0.08165459
v 0.26817533 1.37312948 0.01626687
v 0.2896443 1.37872707 0.03641507
v 0.3131164 1.37355518 0.05310341
v 0.30039975 1.38748383 0.01576262
v 0.32325515 1.38300633 0.03304321
v 0.34552785 1.36661589 0.04243248
v 0.33375388 1.39319324 0.01426674
v 0.35559505 1.37906253 0.02362876
v 0.37348571 1.3579266 0.02258525
v 0.364679 1.39339315 0.00668997
v 0.38266298 1.37381219 0.00482983
v 0.40076139 1.35176301 -0.00198527
v 0.39290738 1.33487081 0.01889648
v 0.42217612 1.3289498 -0.00933842
v 0.41566932 1.31143546 0.0145814
v 0.44569823 1.30681252 -0.01696845
v 0.43972945 1.28850984 0.00907543
v 0.46353328 1.26523196 0.00373559
v 0.42989602 1.35099887 -0.02987702
v 0.40964204 1.37202537 -0.01925989
v 0.41907152 1.39609074 -0.03319967
v 0.39169469 1.39227366 -0.01064541
v 0.40130552 1.41369664 -0.02154983
v 0.41175979 1.43627941 -0.02654888
v 0.38278919 1.42830586 -0.01684333
v 0.39195901 1.44879591 -0.02036139
v 0.36381083 1.43884456 -0.02490696
v 0.37211903 1.46002078 -0.02673441
v 0.34758329 1.44501233 -0.0438863
v 0.35569858 1.46916425 -0.04567486
v 0.33270618 1.44794464 -0.069654
v 0.34195596 1.47576773 -0.07227298
v 0.35001713 1.50490224 -0.06793724
v 0.32577949 1.48172628 -0.09863071
v 0.33375242 1.5148524 -0.09292426
v 0.33719313 1.545861 -0.07766477
v 0.31390032 1.52641677 -0.11430057
v 0.31854096 1.56027567 -0.0982008
v 0.32226389 1.58985841 -0.0765807
v 0.29984855 1.5764122 -0.11886508
v 0.30369636 1.60836708 -0.09726236
v 0.30290034 1.63361227 -0.07078424
v 0.32243156 1.61305558 -0.04982785
v 0.297726 1.65244925 -0.04208643
v 0.31781861 1.63034713 -0.02085401
v 0.28740891 1.66377186 -0.01210601
v 0.30804276 1.64103663 0.0084962
v 0.27558824 1.67032432 0.01683437
v 0.29687458 1.64707243 0.03649605
v 0.26412293 1.67415165 0.0440147
v 0.28615996 1.65045177 0.06194537
v 0.25235241 1.67549121 0.06998064
v 0.27472141 1.65146946 0.08582853
v 0.24165563 1.67571497 0.09355964
v 0.26335477 1.65067052 0.10724587
v 0.23616178 1.67944896 0.11885607
v 0.25815683 1.65349328 0.13137155
v 0.21685881 1.70139849 0.07798725
v 0.21039336 1.70574009 0.10472303
v 0.21144866 1.71546399 0.13195064
v 0.18182417 1.73112416 0.09051811
v 0.18117784 1.74171531 0.11911648
v 0.18404421 1.75508534 0.14743568
v 0.14703303 1.7656579 0.10654334
v 0.14889073 1.78117871 0.13533009
v 0.15064115 1.79583466 0.16555042
v 0.11048435 1.8037188 0.1226738
v 0.11088642 1.81985402 0.15294832
v 0.11030688 1.83439862 0.18467959
v 0.06942122 1.84078514 0.13966336
v 0.06736449 1.85650122 0.17169661
v 0.064024 1.86991298 0.20461893
v 0.02309933 1.87494099 0.15772649
v 0.01826131 1.88911283 0.19114798
v 0.01194141 1.89978814 0.22571185
v -0.02910765 1.90232992 0.17706482
v -0.03661205 1.9135344 0.21202121
v -0.04556343 1.91947519 0.24810923
v -0.08610092 1.92095661 0.19767971
v -0.0960794 1.92540943 0.23437757
v -0.10626001 1.92195415 0.27106592
v -0.14618316 1.92613017 0.21982663
v -0.15628212 1.92095458 0.25689882
v -0.16468501 1.90875566 0.29301062
v -0.20436629 1.91140508 0.24204637
v -0.211327 1.89867484 0.27837353
v -0.21583288 1.88076067 0.31344574
v -0.25517913 1.88292038 0.26382041
v -0.25858178 1.86646044 0.29959279
v -0.25901615 1.84491539 0.33353975
v -0.2991144 1.84868729 0.28628519
v -0.29835948 1.82857132 0.32082831
v -0.29548636 1.80537474 0.3538073
v -0.33590737 1.80980515 0.30867952
v -0.33208292 1.78815591 0.3419978
v -0.32678723 1.76392996 0.37357318
v -0.36760634 1.76915586 0.33053284
v -0.36207091 1.74707531 0.36285913
v -0.35494583 1.7220267 0.39257463
v -0.39579439 1.72766196 0.35164326
v -0.38833138 1.70458185 0.38195899
v -0.38034912 1.67959952 0.4105657
v -0.42089858 1.68522119 0.37146535
v -0.41230016 1.66174387 0.4005495
v -0.40432968 1.63836765 0.42943283
v -0.44357991 1.64232695 0.39120954
v -0.43491008 1.62019991 0.4202356
v -0.42694023 1.5982424 0.4499776
v -0.46501153 1.60052907 0.41203546
v -0.45620834 1.57933795 0.44158962
v -0.44880846 1.5606544 0.47355821
v -0.48515763 1.55963218 0.43451508
v -0.47685185 1.54126012 0.46618115
v -0.47525599 1.53254222 0.50303435
v -0.5041182 1.52097177 0.45934319
v -0.50130581 1.51164329 0.49554517
v -0.50339597 1.50436186 0.53058409
v -0.52670127 1.49010753 0.48871341
v -0.52754509 1.48190701 0.52206939
v -0.52909815 1.47120165 0.55359768
v -0.55205345 1.45970463 0.51353818
v -0.55225342 1.44822716 0.54351371
v -0.55280232 1.43419659 0.57179653
v -0.57606357 1.42617583 0.53392475
v -0.575486 1.41226911 0.5610516
v -0.5750935 1.39565193 0.58685034
v -0.59966629 1.39224445 0.55147767
v -0.59808564 1.37548279 0.57589036
v -0.59610503 1.35595321 0.59855568
v -0.62190854 1.35650885 0.56572538
v -0.61940127 1.33743238 0.58699917
v -0.6163817 1.31555306 0.60575819
v -0.64395678 1.32031619 0.57608306
v -0.64107549 1.29957127 0.59314328
v -0.63799715 1.27644336 0.60715127
v -0.66722858 1.28539121 0.58135747
v -0.66520768 1.26416659 0.5940411
v -0.69418126 1.27321946 0.57039284
v -0.69316035 1.2536354 0.58211487
v -0.72181952 1.26287329 0.56060653
v -0.72143435 1.2449491 0.57144999
v -0.74924606 1.2542684 0.55172419
v -0.7492367 1.23778343 0.56161773
v -0.74955266 1.22045743 0.56626236
v -0.777242 1.23246073 0.55195558
v -0.77790361 1.21769821 0.55609411
v -0.77881902 1.20245182 0.5575332
v -0.80519509 1.21510422 0.54795032
v -0.8056544 1.20137274 0.54896289
v -0.80461162 1.18883693 0.54273897
v -0.83017402 1.19978678 0.53862983
v -0.82809561 1.18995821 0.53260386
v -0.82534968 1.18334853 0.52195698
v -0.84967416 1.18959593 0.52257496
v -0.84720397 1.18555975 0.51389479
v -0.84551918 1.18430924 0.50390946
v -0.86811614 1.18615508 0.50740701
v -0.86766153 1.18574404 0.50102829
v -0.86778938 1.18653559 0.49420547
v -0.88597434 1.18534934 0.49990445
v -0.88612967 1.18572473 0.49609464
v -0.88705313 1.18680119 0.49258357
v -0.89388048 1.18521535 0.4975785
v -0.8944087 1.18607759 0.49539688
v -0.89385503 1.18472445 0.49984949
v -0.88664883 1.18529236 0.50313174
v -0.89419335 1.18473255 0.50208771
v -0.89779603 1.18526256 0.50239944
v -0.89597857 1.18805337 0.50458383
v -0.89658391 1.18997645 0.50344163
v -0.89906358 1.1867305 0.5018441
v -0.89690625 1.19158518 0.50183171
v -0.8906449 1.19613003 0.50661563
v -0.89114469 1.19838511 0.50418818
v -0.89211726 1.20004439 0.50119358
v -0.89706617 1.19268286 0.49992862
v -0.8760994 1.21399092 0.50996959
v -0.87743485 1.21717631 0.50415206
v -0.85635823 1.22940778 0.51643002
v -0.85808867 1.2345705 0.50789123
v -0.8324359 1.24171686 0.52241128
v -0.83452636 1.24864554 0.51194149
v -0.83791649 1.25358402 0.49906319
v -0.80794954 1.26045703 0.51626908
v -0.81213659 1.26669418 0.50162643
v -0.81695085 1.27012848 0.48468598
v -0.7840231 1.27873563 0.50480383
v -0.79008203 1.28384971 0.4866276
v -0.81875807 1.26622963 0.46568185
v -0.75533229 1.29147648 0.50854706
v -0.76174098 1.29880261 0.49054753
v -0.72787952 1.30521929 0.5141884
v -0.7337411 1.31491756 0.49506747
v -0.70169144 1.3198558 0.52045589
v -0.70705992 1.33086371 0.50000232
v -0.71345698 1.3392297 0.47925159
v -0.67971819 1.34913575 0.50487905
v -0.68515926 1.35907697 0.48268568
v -0.69144398 1.36699771 0.46011519
v -0.72023785 1.34522557 0.45674055
v -0.69698905 1.37279534 0.43549296
v -0.72522664 1.34746217 0.43336734
v -0.70468586 1.38009488 0.41199505
v -0.73101204 1.35152006 0.41304749
v -0.75298321 1.32208478 0.41240987
v -0.73922598 1.35772824 0.39586502
v -0.75741607 1.32490158 0.39885756
v -0.76685094 1.290228 0.39991855
v -0.76440107 1.28961706 0.41084337
v -0.76280212 1.25123918 0.41166299
v -0.76513987 1.24985861 0.40207815
v -0.77474373 1.29107928 0.39095655
v -0.77202874 1.24795734 0.39391663
v -0.78556639 1.2916994 0.38193783
v -0.78190499 1.24617552 0.38663664
v -0.76966273 1.19921398 0.39072653
v -0.79927003 1.2929635 0.37218028
v -0.77956295 1.33335042 0.37449586
v -0.79559248 1.33744037 0.35907697
v -0.81541413 1.34101975 0.34132188
v -0.81769955 1.29532253 0.35957938
v -0.83858662 1.34258616 0.32360774
v -0.84203511 1.29871594 0.34175714
v -0.8645128 1.34226274 0.30645707
v -0.8692494 1.30185961 0.32285451
v -0.87247628 1.26042974 0.33113142
v -0.87454479 1.22195732 0.32756587
v -0.89853751 1.30447697 0.30447474
v -0.90339797 1.26781308 0.31131759
v -0.906452 1.23355054 0.30729654
v -0.90547853 1.20383489 0.29153201
v -0.87437576 1.18944764 0.30996549
v -0.93372386 1.27436602 0.29114183
v -0.93671429 1.24342727 0.28726461
v -0.93560749 1.21629512 0.27324098
v -0.93010598 1.19512283 0.25148487
v -0.8998267 1.18106246 0.26700955
v -0.96618074 1.25186681 0.26751053
v -0.96495628 1.22740006 0.25525313
v -0.95976787 1.20815599 0.23588073
v -0.95168596 1.19520282 0.21200227
v -0.92136549 1.18121874 0.22500139
v -0.9943251 1.23741138 0.23725882
v -0.98929822 1.22015035 0.22003817
v -0.98145532 1.2083925 0.19843488
v -0.97213947 1.20211935 0.17439504
v -0.94152259 1.1886388 0.18553368
v -1.01093006 1.22071898 0.18454355
v -1.0023868 1.21491897 0.1626147
v -0.99304229 1.21438622 0.13973151
v -0.96157354 1.20174908 0.14899492
v -1.03157568 1.22758328 0.15126891
v -1.02350187 1.2267487 0.13066664
v -1.01538729 1.23094344 0.11047492
v -0.98331528 1.21981787 0.11741937
v -1.05194449 1.23875939 0.12279828
v -1.04549312 1.24170279 0.1050296
v -1.03954017 1.24943363 0.08840922
v -1.00777638 1.24027955 0.09209676
v -1.0731014 1.25205814 0.10154342
v -1.06957733 1.25717425 0.08781255
v -1.06859743 1.26428663 0.0767942
v -1.03662288 1.25945675 0.07457329
v -1.09859466 1.26032304 0.10011143
v -1.09718561 1.26333177 0.08988495
v -1.09702515 1.26770341 0.08126408
v -1.09781849 1.27302599 0.0739618
v -1.0697354 1.27230131 0.06745021
v -1.12129128 1.26596283 0.09068759
v -1.12121129 1.26890385 0.08362893
v -1.12201035 1.27215194 0.0785943
v -1.12348532 1.27622616 0.07378474
v -1.09991753 1.27927792 0.06794581
v -1.14051342 1.26602721 0.08501779
v -1.14189374 1.2684344 0.08045212
v -1.1430937 1.27100169 0.07671853
v -1.1448841 1.27425456 0.07381168
v -1.12548744 1.28126359 0.0699763
v -1.12786769 1.28681027 0.06810447
v -1.1055063 1.29457044 0.06137785
v -1.10256123 1.28656828 0.06358486
v -1.14700484 1.27798259 0.07251203
v -1.14927935 1.28172302 0.07271698
v -1.13034653 1.29253053 0.06849492
v -1.16196107 1.2734555 0.07770866
v -1.16310262 1.2759732 0.07958484
v -1.15114164 1.28537917 0.07500691
v -1.16880571 1.27100336 0.08293861
v -1.16915583 1.27245175 0.08513349
v -1.16386127 1.27757227 0.08235829
v -1.16934728 1.27354192 0.08782997
v -1.07525003 1.29037189 0.05390636
v -1.07200396 1.28060591 0.05983872
v -1.03872013 1.28144431 0.05383506
v -1.03651619 1.26971995 0.06374669
v -1.00054192 1.26598477 0.06229822
v -1.0025258 1.25194478 0.07640005
v -0.96779269 1.24350965 0.07984671
v -0.97424513 1.22997748 0.09742549
v -0.93985277 1.21894598 0.10315977
v -0.95041167 1.20792973 0.1246967
v -0.91687214 1.19523966 0.13192845
v -0.92956829 1.18849062 0.15827696
v -0.89806383 1.17480802 0.16751244
v -0.91052752 1.17438721 0.19638903
v -0.87944459 1.15976667 0.20644851
v -0.89069861 1.16631925 0.23752109
v -0.86026352 1.1498717 0.24812233
v -0.86927753 1.16483902 0.28154161
v -0.83955782 1.14681887 0.29332864
v -1.12254846 1.26407623 0.09851083
v -0.99582886 1.25919675 0.24825073
v -0.9637317 1.27911162 0.27117666
v -0.92848265 1.3064084 0.28531131
v -0.89263933 1.34024703 0.28912887
v -0.92271029 1.3380984 0.27181354
v -0.88709086 1.37435126 0.26752695
v -0.91757416 1.36779713 0.25232082
v -0.88259464 1.40370929 0.24024868
v -0.91353571 1.39425063 0.22758048
v -0.88050824 1.42695903 0.20842485
v -0.9113056 1.41576433 0.19789549
v -0.88011789 1.44518411 0.17257967
v -0.84978497 1.43862772 0.21878305
v -0.85039871 1.45857298 0.18084561
v -0.85029834 1.47190606 0.14069907
v -0.82134473 1.47299265 0.18775339
v -0.82124996 1.48636889 0.1458984
v -0.79217183 1.48876094 0.19175609
v -0.79199469 1.50210356 0.1498847
v -0.76131945 1.50919032 0.19328261
v -0.76242512 1.52141988 0.15272946
v -0.76184028 1.52743208 0.1110678
v -0.7325803 1.54457438 0.15509446
v -0.73287957 1.55094039 0.11471133
v -0.72937095 1.54987514 0.07473529
v -0.70251071 1.57513403 0.11806671
v -0.70019495 1.57598507 0.07916249
v -0.69393789 1.57035136 0.04238072
v -0.7226262 1.54272353 0.03767118
v -0.68558239 1.56109881 0.00868579
v -0.71333777 1.53177797 0.00572363
v -0.67542165 1.5494126 -0.02244901
v -0.70327085 1.51969981 -0.02293161
v -0.66355586 1.53582954 -0.05215635
v -0.69314831 1.50654947 -0.05129114
v -0.72247797 1.47859203 -0.05022012
v -0.69169461 1.50006663 -0.08296269
v -0.7231028 1.47484374 -0.08122498
v -0.75243538 1.45112323 -0.07987073
v -0.73186588 1.47822928 -0.11449573
v -0.7615267 1.45442807 -0.11073571
v -0.78939443 1.43040895 -0.10472909
v -0.78050017 1.42748391 -0.07822987
v -0.81412071 1.40558183 -0.0958248
v -0.80499357 1.40292692 -0.07416754
v -0.83429634 1.37876236 -0.08328782
v -0.82770741 1.40924763 -0.11894429
v -0.84777754 1.38161909 -0.0999057
v -0.80284941 1.43528676 -0.13323785
v -0.77344048 1.45969116 -0.142944
v -0.78499525 1.4663912 -0.17978921
v -0.74295163 1.48341476 -0.14977462
v -0.75244331 1.48978829 -0.18767309
v -0.75903493 1.496773 -0.23115603
v -0.79292148 1.47488808 -0.22267299
v -0.72031712 1.51398444 -0.19235092
v -0.72608864 1.52022862 -0.23510693
v -0.68731993 1.53982508 -0.19500981
v -0.6913436 1.54574322 -0.23563334
v -0.69055229 1.55002081 -0.2783842
v -0.65515667 1.57300794 -0.23475627
v -0.65354269 1.5778613 -0.27410894
v -0.64677029 1.58087897 -0.31332519
v -0.68231052 1.55242872 -0.32130485
v -0.63493222 1.58341515 -0.35214382
v -0.66821199 1.5571661 -0.3624458
v -0.62119305 1.58534371 -0.38887426
v -0.65386629 1.5636096 -0.39906197
v -0.68490833 1.54436945 -0.410896
v -0.63969779 1.56712627 -0.43033993
v -0.66937011 1.5514431 -0.44099238
v -0.6964094 1.54084932 -0.45257061
v -0.65394979 1.550269 -0.468957
v -0.68075597 1.54143774 -0.47987097
v -0.70636886 1.53604829 -0.49114984
v -0.72086423 1.53472018 -0.46615314
v -0.73234379 1.53271091 -0.5035088
v -0.74461239 1.53258812 -0.48378175
v -0.75733035 1.53247785 -0.51814883
v -0.76811689 1.53160667 -0.50274097
v -0.77901655 1.52268636 -0.49115812
v -0.78795355 1.50821697 -0.48553249
v -0.78989929 1.53513395 -0.522273
v -0.79977023 1.52835452 -0.51334291
v -0.80720299 1.51630461 -0.50973641
v -0.81168037 1.50217366 -0.51057946
v -0.79046428 1.49110186 -0.48813417
v -0.81913006 1.53551244 -0.53434813
v -0.82673341 1.52621066 -0.53111308
v -0.83037948 1.51492846 -0.53317785
v -0.83106339 1.50460684 -0.53893125
v -0.81195992 1.48913085 -0.51713597
v -0.84261119 1.53580951 -0.55146753
v -0.8466376 1.52667081 -0.55281257
v -0.84760445 1.51780855 -0.55745393
v -0.84476918 1.51165103 -0.56491577
v -0.82836031 1.49650025 -0.54728466
v -0.8586874 1.53619599 -0.56830775
v -0.85965216 1.52911698 -0.57233542
v -0.85782367 1.52362048 -0.57848453
v -0.85336059 1.52120018 -0.58536183
v -0.84043103 1.50785243 -0.57282865
v -0.83396101 1.50843334 -0.5801531
v -0.81501686 1.49374055 -0.56552314
v -0.82213705 1.49316978 -0.5564537
v -0.84805804 1.52142345 -0.59133553
v -0.84224885 1.52536964 -0.5952785
v -0.8270424 1.51364457 -0.58506488
v -0.85981822 1.53354883 -0.60021841
v -0.85530185 1.53640723 -0.60341626
v -0.85129636 1.54138243 -0.60416162
v -0.83745837 1.53178107 -0.59628862
v -0.86888647 1.54386198 -0.6066854
v -0.87599629 1.55194306 -0.61035782
v -0.83430975 1.53885471 -0.59484899
v -0.817483 1.52970981 -0.58610361
v -0.82105094 1.52080512 -0.58779084
v -0.84856259 1.54708504 -0.60319203
v -0.83344757 1.54566693 -0.59094113
v -0.83507484 1.55122697 -0.58532279
v -0.81863826 1.54496932 -0.57410687
v -0.81677883 1.5382117 -0.58105027
v -0.79780817 1.53741407 -0.56078827
v -0.79533684 1.52938377 -0.56932085
v -0.79637044 1.51868701 -0.57456654
v -0.77074468 1.5201894 -0.55709832
v -0.7719106 1.50718224 -0.56286227
v -0.77678018 1.49396956 -0.56272715
v -0.80056053 1.50766682 -0.57540202
v -0.78422194 1.48327374 -0.55748277
v -0.80716466 1.49851417 -0.57289016
v -0.79259812 1.47693276 -0.54938197
v -0.75772434 1.46843814 -0.54269278
v -0.76650661 1.46158492 -0.53187608
v -0.77713483 1.45776617 -0.52009612
v -0.80082887 1.47665655 -0.5384888
v -0.78586727 1.46231925 -0.50658983
v -0.80762755 1.48112654 -0.52720487
v -0.78927832 1.47550487 -0.4957132
v -0.76137805 1.45117068 -0.48467057
v -0.76748549 1.46536088 -0.47310027
v -0.74965989 1.44711053 -0.49945053
v -0.73739498 1.446859 -0.51468604
v -0.71057492 1.43797922 -0.49487063
v -0.69647103 1.44621408 -0.51152169
v -0.66934359 1.44091618 -0.49262076
v -0.69029307 1.42996358 -0.47406461
v -0.72720295 1.45439958 -0.5284025
v -0.7201392 1.46870625 -0.5372886
v -0.68806839 1.46199822 -0.52336752
v -0.75010824 1.48038387 -0.55027353
v -0.7457624 1.49593353 -0.55082541
v -0.71593564 1.4870367 -0.54100412
v -0.7167108 1.50694596 -0.53563606
v -0.68726277 1.50524175 -0.52658277
v -0.68486321 1.48220193 -0.52953082
v -0.74505287 1.51222467 -0.54558271
v -0.74908447 1.52549219 -0.5338031
v -0.72243183 1.52352106 -0.52236598
v -0.77385258 1.53050851 -0.54691529
v -0.78073638 1.5358268 -0.5344398
v -0.80299621 1.54236722 -0.55074781
v -0.81049466 1.5412724 -0.54144984
v -0.82329237 1.54823267 -0.56623983
v -0.82946389 1.54835271 -0.55869847
v -0.83661907 1.54396879 -0.5530492
v -0.83875441 1.55442202 -0.57890915
v -0.8441649 1.55362689 -0.57302701
v -0.84994262 1.550439 -0.56850677
v -0.85524487 1.54407084 -0.56660103
v -0.85646182 1.55880785 -0.58590388
v -0.86139565 1.5566504 -0.58189177
v -0.86605471 1.55153858 -0.58022034
v -0.86895906 1.54508137 -0.58170419
v -0.86624836 1.5627706 -0.59730118
v -0.87329381 1.56407284 -0.60726428
v -0.69484531 1.52510547 -0.51294708
v -0.66745036 1.52900016 -0.50284791
v -0.65764308 1.50732719 -0.51618498
v -0.64017605 1.53642392 -0.49172845
v -0.62953019 1.51259005 -0.50404852
v -0.62554007 1.48419427 -0.50197041
v -0.65345233 1.48137605 -0.5171532
v -0.63106846 1.45859646 -0.48917833
v -0.65746438 1.45865988 -0.50741344
v -0.6480838 1.43688869 -0.47171774
v -0.6585468 1.40747356 -0.43497538
v -0.67301321 1.42200648 -0.45455837
v -0.6874277 1.38635158 -0.41895681
v -0.64214271 1.38653671 -0.41747352
v -0.67312508 1.3588761 -0.40505394
v -0.70436799 1.3342638 -0.39351362
v -0.71753925 1.3647716 -0.40633675
v -0.73810374 1.31232714 -0.38093903
v -0.74938619 1.34223139 -0.39461091
v -0.77604723 1.29425549 -0.36949753
v -0.78474986 1.32435715 -0.38516783
v -0.79390972 1.35605251 -0.39388909
v -0.8037213 1.38545799 -0.39398518
v -0.82241231 1.31505084 -0.37809762
v -0.82909941 1.34491884 -0.38814884
v -0.83768808 1.37409901 -0.38866776
v -0.84578204 1.40120065 -0.37922358
v -0.81203991 1.41185927 -0.3851692
v -0.86741161 1.33760571 -0.38216149
v -0.8745501 1.36551642 -0.38319662
v -0.88162463 1.3916943 -0.37396651
v -0.8877564 1.41295194 -0.35473924
v -0.85219341 1.42405784 -0.36025825
v -0.91208446 1.35762536 -0.37480375
v -0.91846746 1.38119709 -0.36601811
v -0.92383581 1.40012848 -0.34797471
v -0.9278419 1.41237902 -0.32223597
v -0.89261615 1.42724037 -0.32777151
v -0.95531702 1.37077176 -0.35822787
v -0.95987403 1.38732194 -0.34105843
v -0.96289879 1.39791178 -0.31709075
v -0.96453875 1.40219104 -0.2873432
v -0.9302237 1.41710841 -0.28958073
v -0.9949975 1.37444531 -0.33409017
v -0.99724251 1.38391256 -0.31255486
v -0.99826949 1.38767862 -0.28598141
v -0.99898219 1.38523876 -0.25591129
v -0.96547335 1.39923012 -0.25344175
v -1.029724 1.36992812 -0.30768141
v -1.03027033 1.37319648 -0.28460353
v -1.0305432 1.37122678 -0.25866606
v -1.03290259 1.36306846 -0.23375782
v -1.0014919 1.37541508 -0.22623555
v -1.05881917 1.3590877 -0.28363126
v -1.05922877 1.35762369 -0.26184287
v -1.06184721 1.35110235 -0.2409466
v -1.0671004 1.34073376 -0.22370857
v -1.03806984 1.35030818 -0.21228824
v -1.08527624 1.34398067 -0.26536089
v -1.08824932 1.33893048 -0.24884486
v -1.0928173 1.33059597 -0.2354348
v -1.09793639 1.32019937 -0.22568228
v -1.07314622 1.3281064 -0.21098771
v -1.11123371 1.32565546 -0.25724911
v -1.11520099 1.31927263 -0.2474863
v -1.11895275 1.31102252 -0.24027705
v -1.12178468 1.30181765 -0.23549985
v -1.10200178 1.30897665 -0.21952071
v -1.13306975 1.30776858 -0.25961297
v -1.13587451 1.30127239 -0.25371184
v -1.13729906 1.29382348 -0.24997469
v -1.13751578 1.28550028 -0.2487363
v -1.12285828 1.29142761 -0.23357746
v -1.14884793 1.29187417 -0.26588964
v -1.1495074 1.28602814 -0.26275834
v -1.14894151 1.27974915 -0.26141157
v -1.14696896 1.27335 -0.26260393
v -1.13630545 1.27760601 -0.25038832
v -1.15800285 1.27986991 -0.27329668
v -1.15725815 1.27458989 -0.27176272
v -1.15477824 1.26961755 -0.27276036
v -1.15128314 1.26655685 -0.27584779
v -1.1442517 1.26856339 -0.26642501
v -1.15935015 1.26802444 -0.28119385
v -1.15578568 1.26617348 -0.28349044
v -1.15151739 1.26556265 -0.28723377
v -1.14722287 1.26543462 -0.28011947
v -1.14295589 1.26512146 -0.28496304
v -1.13777971 1.26513505 -0.27711442
v -1.14083886 1.26603126 -0.2716822
v -1.14576339 1.26600074 -0.29178413
v -1.13669133 1.26801681 -0.29636341
v -1.13578045 1.26611387 -0.29019716
v -1.14764177 1.26811051 -0.2967312
v -1.13817834 1.27076709 -0.30173578
v -1.14960622 1.27130687 -0.30025276
v -1.14039266 1.27469551 -0.3052192
v -1.12797713 1.27852428 -0.31061464
v -1.14283108 1.2797501 -0.30676499
v -1.13055241 1.28465986 -0.31211915
v -1.11368358 1.29037821 -0.31823384
v -1.13359952 1.29095459 -0.31086972
v -1.11704134 1.29848194 -0.31673565
v -1.09740221 1.30661714 -0.32381388
v -1.09333193 1.2963339 -0.32567808
v -1.0746268 1.31523466 -0.3322784
v -1.06940412 1.30201447 -0.3339518
v -1.04842019 1.32359147 -0.34099039
v -1.04194128 1.3076806 -0.34173059
v -1.0184443 1.33192169 -0.34943765
v -1.01118397 1.31342244 -0.34928709
v -1.00384962 1.29541266 -0.34190326
v -0.97740811 1.31958043 -0.35663169
v -0.96969932 1.29878377 -0.34781241
v -0.96394401 1.27926123 -0.33388117
v -0.93391257 1.30269062 -0.35480287
v -0.92748999 1.27916109 -0.33822965
v -0.92649316 1.25516283 -0.31569594
v -0.89779204 1.30601 -0.36249613
v -0.90499943 1.33191609 -0.37347066
v -0.86104023 1.30973303 -0.37074405
v -0.94171422 1.32570481 -0.36479044
v -0.94914966 1.34920597 -0.36645755
v -0.98501533 1.34060525 -0.35833287
v -1.02419424 1.3486284 -0.34160724
v -0.99101251 1.35981738 -0.34993478
v -1.02788257 1.36165154 -0.32690018
v -1.05350101 1.33795595 -0.33357542
v -1.05704665 1.34925842 -0.32093054
v -1.05866801 1.35637986 -0.30367535
v -1.08194387 1.33608269 -0.31491464
v -1.08354067 1.3420912 -0.30055078
v -1.084077 1.34487295 -0.28323248
v -1.10459816 1.32792985 -0.29829952
v -1.10578584 1.33090007 -0.28347888
v -1.1079539 1.3298732 -0.26946046
v -1.13027668 1.31242358 -0.26638716
v -1.14439511 1.30039846 -0.27624738
v -1.14675176 1.29661035 -0.27060952
v -1.15210795 1.29210448 -0.28550636
v -1.15493214 1.28835308 -0.28057801
v -1.15705823 1.28438234 -0.27654725
v -1.15803813 1.28347277 -0.28819513
v -1.15393507 1.28772902 -0.29251501
v -1.15412747 1.28435635 -0.29763954
v -1.15906941 1.2801336 -0.29337254
v -1.15861725 1.27647924 -0.29613816
v -1.15343618 1.28038358 -0.30074194
v -1.15161597 1.27573585 -0.30155602
v -1.14642131 1.28984689 -0.30234801
v -1.14478516 1.28511142 -0.30565935
v -1.13607907 1.2961452 -0.3070276
v -1.14708423 1.29315722 -0.29715412
v -1.13796556 1.29980289 -0.30130314
v -1.1214739 1.31049907 -0.30522248
v -1.11971306 1.30524873 -0.3119927
v -1.10305583 1.32269227 -0.30961644
v -1.10073018 1.31557309 -0.31820213
v -1.07901263 1.32708227 -0.32570731
v -1.12799775 1.26509141 -0.26865524
v -1.13077795 1.26702618 -0.2609905
v -1.13365769 1.27096474 -0.254828
v -1.11595273 1.26677393 -0.24821755
v -1.11960375 1.27230513 -0.24074474
v -1.12212908 1.28107965 -0.23532164
v -1.10281431 1.27189469 -0.22456464
v -1.10501372 1.28330385 -0.21844171
v -1.10433518 1.29663813 -0.21698997
v -1.0849241 1.2835052 -0.20037885
v -1.08283901 1.29947471 -0.19921515
v -1.07839191 1.31459021 -0.20304624
v -1.05794405 1.30027246 -0.18112206
v -1.05182015 1.31864142 -0.18588893
v -1.0449388 1.33548343 -0.19605639
v -1.02339625 1.32081377 -0.16795092
v -1.01478838 1.34167397 -0.18085108
v -1.00707018 1.360116 -0.20052386
v -0.98441398 1.34657406 -0.16452333
v -0.97533875 1.36896669 -0.1880898
v -0.96858429 1.38760006 -0.21857215
v -0.94430577 1.37651729 -0.17430356
v -0.93584287 1.39921319 -0.21029374
v -0.93169891 1.41356515 -0.25156256
v -0.89611369 1.43280541 -0.29254952
v -0.86191433 1.44780433 -0.29674643
v -0.85705077 1.44023478 -0.33336156
v -0.82591015 1.46242582 -0.30533641
v -0.8215112 1.45179104 -0.34115758
v -0.81777387 1.43463349 -0.36739191
v -0.78353887 1.44547104 -0.38005602
v -0.95466172 1.34962821 -0.14705365
v -0.92653471 1.35120904 -0.1295785
v -0.93627435 1.31895792 -0.10938463
v -0.90158951 1.35133159 -0.11219307
v -0.9649294 1.32161617 -0.12964178
v -0.97397965 1.29389584 -0.12101605
v -0.99428623 1.3223766 -0.14887905
v -1.00271332 1.29752671 -0.14144973
v -1.00765526 1.27321779 -0.14297638
v -1.03065204 1.29930722 -0.16216191
v -1.03505408 1.27805745 -0.16345085
v -1.03606545 1.25838732 -0.1712249
v -1.06126618 1.28160989 -0.18241269
v -1.06147813 1.2645111 -0.18984302
v -1.05823528 1.25145542 -0.20309482
v -1.08372175 1.26930749 -0.20746541
v -1.07996118 1.25856685 -0.21923789
v -1.07455575 1.25196778 -0.23346
v -1.09889423 1.26397728 -0.23431229
v -1.09392857 1.25893366 -0.2460943
v -1.08869862 1.25663077 -0.2585949
v -1.11173939 1.26343393 -0.2576738
v -0.72569441 1.28461623 -0.36235445
v -0.76487773 1.26686608 -0.34807136
v -0.71056115 1.25963139 -0.34120249
v -0.74848085 1.24323451 -0.32388478
v -0.69279176 1.23784518 -0.3166618
v -0.72697705 1.22245597 -0.29672136
v -0.75701129 1.20934939 -0.27565157
v -0.70475977 1.20444703 -0.26959547
v -0.67339718 1.21960032 -0.29013741
v -0.65361034 1.20577669 -0.26222944
v -0.63980096 1.24294328 -0.30500769
v -0.62207949 1.22904527 -0.27685242
v -0.60653346 1.26952981 -0.31621977
v -0.59025937 1.25506234 -0.28745043
v -0.57482981 1.24342441 -0.25656592
v -0.55843949 1.28116142 -0.29495769
v -0.54430115 1.26794171 -0.2634629
v -0.52672576 1.30647397 -0.3004466
v -0.51380908 1.29187977 -0.26798301
v -0.49504321 1.33081805 -0.30405721
v -0.48339581 1.31497347 -0.27064937
v -0.47327086 1.30102598 -0.23571781
v -0.45318093 1.33694887 -0.27136519
v -0.44455963 1.32187831 -0.23559184
v -0.43732652 1.308555 -0.19872267
v -0.41575917 1.34169077 -0.23380345
v -0.41027095 1.32745504 -0.19609545
v -0.3869194 1.36012852 -0.23068571
v -0.38296666 1.34504604 -0.19226446
v -0.35778904 1.37663853 -0.22642034
v -0.35547295 1.36090946 -0.18735756
v -0.35435202 1.34716033 -0.14764621
v -0.32764098 1.37474143 -0.18157607
v -0.3277508 1.36064863 -0.14135606
v -0.32925877 1.3493154 -0.10101472
v -0.30081397 1.37233996 -0.13423579
v -0.30303722 1.36087584 -0.09366633
v -0.3067508 1.35315883 -0.05399717
v -0.27658632 1.37088716 -0.08549319
v -0.28057721 1.36333787 -0.04566584
v -0.28579735 1.36009049 -0.00825262
v -0.25436708 1.37234783 -0.03647315
v -0.25941714 1.36934626 0.00102587
v -0.26535591 1.37169182 0.03442204
v -0.23280833 1.37774789 0.01104557
v -0.23832374 1.38130843 0.04422655
v -0.24360726 1.38914775 0.07308484
v -0.21088455 1.38991248 0.05498636
v -0.21563872 1.39963662 0.08336976
v -0.22052317 1.41454792 0.1040415
v -0.18614983 1.40940427 0.09444947
v -0.19002479 1.42617702 0.11364564
v -0.19584153 1.43973755 0.12446269
v -0.1597063 1.43652272 0.12135172
v -0.16471105 1.45126974 0.13053041
v -0.17068617 1.46578693 0.13883636
v -0.13190309 1.46035707 0.13612172
v -0.13614064 1.47492945 0.14463146
v -0.09757647 1.46931195 0.14097315
v -0.10093629 1.48368132 0.14946237
v -0.0615121 1.47619807 0.14348794
v -0.06244716 1.49151814 0.15221813
v -0.02399566 1.47508359 0.14649008
v -0.02111726 1.4900974 0.15560075
v 0.01295637 1.46674943 0.14995476
v 0.01783972 1.47937631 0.15919293
v -0.02659455 1.45821535 0.13807368
v 0.00779176 1.4523369 0.14146994
v -0.02921387 1.44217872 0.12683723
v 0.00305822 1.43706262 0.13083326
v -0.03201764 1.42538213 0.10862126
v -0.00066659 1.42262756 0.11464526
v -0.03406567 1.41208696 0.08247812
v -0.00399009 1.40907573 0.09121742
v 0.02565145 1.40072596 0.10021913
v -0.00593495 1.40026485 0.06057192
v 0.02201621 1.38976287 0.07159001
v -0.00622166 1.39774274 0.0254564
v 0.020527 1.38425016 0.03788178
v -0.00469473 1.40046811 -0.01243761
v 0.02135704 1.38469791 0.00089229
v 0.04340841 1.36240291 0.01405745
v 0.02467982 1.3907212 -0.03786674
v 0.04638228 1.3670032 -0.02491647
v 0.06732296 1.34143233 -0.01295832
v 0.05283708 1.37736403 -0.06409605
v 0.07361958 1.35039329 -0.05266909
v 0.10159768 1.33243918 -0.03919927
v 0.08447927 1.36344099 -0.08956167
v 0.11181788 1.34394049 -0.07407189
v 0.14374202 1.33838713 -0.05357317
v 0.12666772 1.35783815 -0.10440313
v 0.15741701 1.34919333 -0.08180976
v 0.18857702 1.35226893 -0.05557178
v 0.17479167 1.36298644 -0.10705387
v 0.20419667 1.36306035 -0.08003155
v 0.23177994 1.36877489 -0.05313225
v 0.21841688 1.35851252 -0.02978188
v 0.25694552 1.37532746 -0.02847691
v 0.24453999 1.36553096 -0.00614573
v 0.27970269 1.38246333 -0.00503493
v 0.2713131 1.38670229 -0.0499988
v 0.29278129 1.39334738 -0.02545443
v 0.31224578 1.39793491 -0.00331662
v 0.30723324 1.40543818 -0.0446283
v 0.32441023 1.40973913 -0.02090049
v 0.34408631 1.40657889 -0.00212855
v 0.33731716 1.42447161 -0.03531728
v 0.35428032 1.42077076 -0.0163408
v 0.37378206 1.40940368 -0.00788994
v 0.32161846 1.42323648 -0.06083775
v 0.28750446 1.40041661 -0.07040426
v 0.3028588 1.42168617 -0.08716003
v 0.31446063 1.45065748 -0.09563837
v 0.28058013 1.42372298 -0.11183834
v 0.29479971 1.45549523 -0.12104246
v 0.3066917 1.49044644 -0.12279831
v 0.27350434 1.4632188 -0.14506514
v 0.28482195 1.50186944 -0.14341224
v 0.29338941 1.54018247 -0.13416524
v 0.26218795 1.51628446 -0.1619046
v 0.27202469 1.55603885 -0.15310478
v 0.27906277 1.59379541 -0.13871039
v 0.24937343 1.57447183 -0.17269721
v 0.25409996 1.6124022 -0.15714447
v 0.25462225 1.64568221 -0.13584488
v 0.28152227 1.62700212 -0.11720842
v 0.25146633 1.67288124 -0.1104943
v 0.27880296 1.65284264 -0.09096434
v 0.24583677 1.69410264 -0.08229227
v 0.27313238 1.67273867 -0.06272137
v 0.23669771 1.70840513 -0.0521102
v 0.26328015 1.68564713 -0.03262936
v 0.22442361 1.71674561 -0.02221824
v 0.25119188 1.69302117 -0.00301031
v 0.21204242 1.72230553 0.00686388
v 0.2392932 1.69775891 0.02541084
v 0.2000222 1.72555029 0.03507057
v 0.22749112 1.70016515 0.05273582
v 0.18895341 1.72700214 0.06211439
v 0.16973726 1.7513107 0.01791138
v 0.15758536 1.751392 0.04669375
v 0.14912003 1.75451743 0.0767405
v 0.12309883 1.77395212 0.0311163
v 0.11366629 1.77612376 0.0626379
v 0.10995253 1.78703248 0.09347027
v 0.07591652 1.79526829 0.04736394
v 0.07105618 1.80603098 0.07923265
v 0.0703089 1.82348716 0.10915328
v 0.03102285 1.82260465 0.06436439
v 0.02868446 1.83999633 0.09483118
v 0.02657018 1.85845828 0.1255429
v -0.01483188 1.85206413 0.08003459
v -0.01828058 1.87085247 0.11104729
v -0.02300501 1.88767898 0.14339618
v -0.06417482 1.87893378 0.09573974
v -0.07007895 1.89566409 0.12829271
v -0.07733679 1.91014504 0.16228157
v -0.11743541 1.90008473 0.11247576
v -0.1256282 1.914209 0.14671576
v -0.13545708 1.92326629 0.18260526
v -0.17436288 1.91001308 0.13224096
v -0.18462309 1.91736257 0.16797994
v -0.1951462 1.91799449 0.20498199
v -0.23192776 1.9025563 0.15371388
v -0.24160033 1.90190672 0.19031232
v -0.24938331 1.89480972 0.22720545
v -0.28535565 1.88214635 0.17605292
v -0.29212597 1.87533295 0.21315948
v -0.29677629 1.86404013 0.25002741
v -0.33243835 1.8536973 0.19982945
v -0.3360731 1.84297955 0.23703317
v -0.33727639 1.8283236 0.27356717
v -0.37329825 1.82028579 0.22478972
v -0.37399539 1.80664801 0.2615242
v -0.37210807 1.7895714 0.2970201
v -0.40938603 1.78407573 0.25017526
v -0.40701219 1.76796364 0.2857562
v -0.40205571 1.74866342 0.31942522
v -0.44077953 1.74541294 0.27523091
v -0.43549916 1.72705054 0.30891206
v -0.42874184 1.70684635 0.34097066
v -0.46840462 1.70468235 0.29943636
v -0.46117663 1.68518304 0.33136853
v -0.45273289 1.66439783 0.36186257
v -0.49280574 1.66263854 0.32290178
v -0.4838272 1.64248096 0.35340496
v -0.47429582 1.62162768 0.38286718
v -0.51442056 1.62000453 0.34609571
v -0.50451386 1.59997665 0.37578985
v -0.4947085 1.57985281 0.40499091
v -0.53424584 1.57784938 0.36984139
v -0.52385032 1.55849981 0.39905908
v -0.51337677 1.53902733 0.42839577
v -0.55244267 1.53675222 0.39420181
v -0.54124331 1.51798284 0.42330804
v -0.53064882 1.50029337 0.45341917
v -0.56867361 1.49679362 0.41899976
v -0.55721253 1.47958087 0.44840526
v -0.55246961 1.46867084 0.48151385
v -0.58413565 1.45876693 0.44335117
v -0.57897555 1.44796204 0.47476178
v -0.57723134 1.43830668 0.50540214
v -0.60636395 1.42817795 0.46941161
v -0.60346043 1.41839003 0.4984402
v -0.60138249 1.40632236 0.52567738
v -0.63085967 1.39901924 0.4929187
v -0.62691336 1.3870188 0.51793831
v -0.62429398 1.37299466 0.54252404
v -0.65319353 1.367841 0.51109588
v -0.64924168 1.35435283 0.53415674
v -0.64649713 1.33854603 0.55621296
v -0.67534577 1.33655548 0.52701014
v -0.67201906 1.32184624 0.54731959
v -0.66944581 1.30463969 0.56587243
v -0.69791626 1.30643236 0.53929215
v -0.69557827 1.29077339 0.55613666
v -0.72447782 1.29292702 0.53169244
v -0.72274583 1.27902174 0.54703152
v -0.75149822 1.2809019 0.52483505
v -0.74982172 1.26835608 0.53939884
v -0.7798435 1.27022683 0.51985472
v -0.77776473 1.25915765 0.53370922
v -0.77713882 1.24668741 0.54461205
v -0.8055889 1.25128245 0.52841317
v -0.80478006 1.24020874 0.53758567
v -0.80470901 1.22789466 0.54381269
v -0.83119201 1.23270654 0.5306195
v -0.83075499 1.22241592 0.53628236
v -0.83048999 1.21143305 0.53876411
v -0.85453248 1.21459209 0.52788472
v -0.85354399 1.20568478 0.52980858
v -0.85173726 1.19736635 0.5278083
v -0.87445747 1.20440518 0.51823872
v -0.85520529 1.22238755 0.52318567
v -0.87518316 1.20976603 0.51470899
v -0.89040607 1.19321322 0.50837254
v -0.65769392 1.37911236 0.48737049
v -0.6346488 1.40900743 0.46565663
v -0.66266787 1.38867056 0.46241465
v -0.64017003 1.41798079 0.43689182
v -0.66825646 1.39622294 0.43584594
v -0.65103054 1.43113219 0.41098526
v -0.6779102 1.40644788 0.41091755
v -0.66390454 1.44528377 0.38530555
v -0.69051957 1.41891384 0.3870534
v -0.71607267 1.38989329 0.39102298
v -0.7041983 1.4311515 0.36246001
v -0.72926414 1.39977514 0.37004295
v -0.75101196 1.36496686 0.37955912
v -0.74482637 1.40982878 0.34592729
v -0.76553034 1.3723284 0.36089167
v -0.76678496 1.32912945 0.3869903
v -0.71952825 1.44354987 0.3350971
v -0.67755955 1.45931065 0.35835325
v -0.6919505 1.47353756 0.32936275
v -0.7061063 1.4884063 0.29891589
v -0.66306746 1.5007615 0.32794597
v -0.67551285 1.51668214 0.29748538
v -0.68612992 1.53214407 0.26579076
v -0.71811687 1.5040034 0.26665777
v -0.69396024 1.54631805 0.23182512
v -0.72560417 1.51940357 0.23195236
v -0.69932419 1.55921137 0.19556814
v -0.73037409 1.53364706 0.1944354
v -0.70203948 1.56914401 0.15728628
v -0.66808193 1.58499312 0.19723975
v -0.67103099 1.59455621 0.15979683
v -0.67175263 1.60058713 0.12143871
v -0.63989085 1.62054944 0.1630302
v -0.6406033 1.62682306 0.1251419
v -0.63903099 1.62915062 0.08724906
v -0.6698876 1.60213232 0.08322912
v -0.63437855 1.62647557 0.05028478
v -0.66480016 1.59839773 0.04629724
v -0.62742382 1.61979949 0.01477439
v -0.65730768 1.59052324 0.01143403
v -0.61878544 1.61045265 -0.01906627
v -0.64768958 1.57975781 -0.02126117
v -0.60884112 1.59919595 -0.05166509
v -0.63669323 1.56764161 -0.05270415
v -0.60337871 1.59080183 -0.08659474
v -0.63214975 1.55955088 -0.08703294
v -0.65960317 1.52713191 -0.08530352
v -0.63807755 1.55796647 -0.12302473
v -0.66946315 1.52897894 -0.12065401
v -0.70096719 1.50269746 -0.1175414
v -0.67986655 1.53398656 -0.1569799
v -0.71173995 1.50794744 -0.15393661
v -0.64691317 1.56226408 -0.15883529
v -0.65263676 1.56745994 -0.19607253
v -0.6128484 1.59195089 -0.1588695
v -0.61720532 1.59646678 -0.19536322
v -0.61810499 1.60170722 -0.23240923
v -0.58061915 1.62610197 -0.19290825
v -0.58049368 1.63127875 -0.22928571
v -0.57802385 1.63648557 -0.2659235
v -0.61609286 1.6068592 -0.26995202
v -0.57200664 1.63986253 -0.30273166
v -0.6099708 1.61026537 -0.30758816
v -0.56229066 1.64029967 -0.33916446
v -0.5996226 1.61154151 -0.34460023
v -0.55032181 1.63808369 -0.37407362
v -0.58677113 1.61116409 -0.38025733
v -0.53769391 1.63203764 -0.40585729
v -0.57405865 1.6078583 -0.41148519
v -0.60779327 1.58583509 -0.42044183
v -0.56083577 1.59755623 -0.43860659
v -0.59471446 1.57866573 -0.44740808
v -0.62546682 1.56268048 -0.45805186
v -0.58194404 1.56097352 -0.46793666
v -0.6122837 1.54700291 -0.47979858
v -0.57348465 1.53280925 -0.47741401
v -0.60261172 1.52088201 -0.49037841
v -0.54852128 1.57789087 -0.45876261
v -0.53890126 1.54905951 -0.46741214
v -0.51227808 1.59613156 -0.45383349
v -0.50136572 1.56628727 -0.4634509
v -0.49243325 1.53351116 -0.46151366
v -0.46197477 1.58501958 -0.46503952
v -0.45059201 1.55136537 -0.46453777
v -0.44021073 1.51928997 -0.45131728
v -0.48414441 1.50032246 -0.44939851
v -0.42990931 1.48979377 -0.43044233
v -0.47290715 1.46871089 -0.42935794
v -0.42079678 1.46317517 -0.40341919
v -0.46104821 1.44097721 -0.4029918
v -0.50035035 1.4179641 -0.40013486
v -0.4499799 1.41707515 -0.3725835
v -0.48663115 1.39391756 -0.37028825
v -0.52173411 1.36915993 -0.36636111
v -0.53772014 1.39298546 -0.39479821
v -0.5558114 1.342615 -0.36037084
v -0.5724318 1.3650515 -0.3869903
v -0.5893383 1.31474471 -0.35259783
v -0.60615932 1.33603704 -0.37773057
v -0.62407988 1.36030554 -0.39919841
v -0.63978642 1.30788016 -0.36715564
v -0.65661263 1.33186757 -0.3882848
v -0.67439711 1.28215372 -0.3547751
v -0.69002413 1.30681264 -0.37562531
v -0.62296146 1.2868576 -0.34319263
v -0.65750873 1.26071214 -0.33122789
v -0.57338184 1.29651737 -0.32495138
v -0.54063725 1.32318246 -0.33148637
v -0.50768035 1.34860849 -0.33611771
v -0.47395297 1.37260496 -0.33905121
v -0.46299585 1.35395801 -0.3057357
v -0.43970516 1.39528513 -0.33999148
v -0.4306125 1.37555015 -0.30582132
v -0.42256423 1.35761761 -0.270466
v -0.39791384 1.39554762 -0.30450403
v -0.39179837 1.37671935 -0.26828914
v -0.36506855 1.41364181 -0.30165675
v -0.36091917 1.39406919 -0.26478189
v -0.33227273 1.42967355 -0.29739752
v -0.32998165 1.40934467 -0.259943
v -0.32854518 1.39119732 -0.22110521
v -0.29928839 1.42259824 -0.25384131
v -0.29926648 1.40376126 -0.21471461
v -0.29963696 1.3867619 -0.17484007
v -0.27006256 1.41438007 -0.2073839
v -0.27165284 1.39710032 -0.16720971
v -0.2737523 1.38242852 -0.12631358
v -0.24375645 1.40576005 -0.15863718
v -0.24674022 1.3909949 -0.11751317
v -0.25018557 1.37961053 -0.07648444
v -0.21981874 1.39810407 -0.10796889
v -0.223663 1.38684606 -0.06673004
v -0.22794237 1.37987983 -0.02652425
v -0.19710432 1.39282441 -0.05637495
v -0.20137186 1.38627719 -0.0159493
v -0.20594504 1.38500607 0.02171522
v -0.17468939 1.39164316 -0.00497378
v -0.17872218 1.3915379 0.03278342
v -0.18269233 1.39747703 0.06614501
v -0.1508612 1.3969134 0.04375945
v -0.15358366 1.40414381 0.07686427
v -0.15605081 1.41849923 0.10412211
v -0.12378864 1.41071283 0.08677559
v -0.12533474 1.42757558 0.11230526
v -0.12842188 1.44566607 0.1276856
v -0.09378757 1.43537473 0.11881665
v -0.09463955 1.45373892 0.13263534
v -0.0618451 1.44114446 0.123136
v -0.06140101 1.45850431 0.13516573
v -0.09365686 1.4171946 0.09538523
v -0.0631451 1.42275834 0.10250633
v -0.09347642 1.40617668 0.0644622
v -0.0641236 1.40978503 0.07375221
v -0.09256651 1.40246772 0.02838589
v -0.06411665 1.40479075 0.03917689
v -0.03500871 1.40426528 0.0499773
v -0.06244507 1.40591335 0.00135543
v -0.03433754 1.40361166 0.01345596
v -0.05933919 1.41300535 -0.03838698
v -0.03212908 1.40897798 -0.0255351
v -0.05428829 1.42463052 -0.07886185
v -0.02734791 1.41874659 -0.06541492
v -0.00069912 1.40814662 -0.05156907
v -0.02002726 1.43175637 -0.10504375
v 0.00624324 1.41971921 -0.09090513
v 0.03124246 1.40182995 -0.07676489
v 0.01626699 1.43404674 -0.12875516
v 0.04113309 1.4161241 -0.11440768
v 0.06286273 1.39137411 -0.10174628
v 0.05445072 1.43236005 -0.14960193
v 0.07674112 1.40798354 -0.13625931
v 0.09942915 1.37910974 -0.12212309
v 0.09540998 1.42683064 -0.16694372
v 0.11825136 1.3964374 -0.15012691
v 0.14518709 1.37422013 -0.130011
v 0.14100316 1.41763877 -0.17235031
v 0.16738304 1.3951348 -0.1518052
v 0.19446973 1.38164997 -0.12904663
v 0.18909342 1.42158436 -0.16911438
v 0.21463416 1.40767204 -0.1462305
v 0.24013489 1.39955854 -0.12212093
v 0.22207643 1.37739479 -0.10276373
v 0.26505303 1.39737451 -0.09676324
v 0.24757686 1.38087141 -0.0755907
v 0.25723388 1.42923677 -0.13604423
v 0.2338936 1.43824338 -0.15966923
v 0.25018003 1.47602248 -0.165201
v 0.20954097 1.45431339 -0.18011175
v 0.22611741 1.49300456 -0.18279628
v 0.23952473 1.5339539 -0.18065154
v 0.20175781 1.5143522 -0.20176707
v 0.21479734 1.55446136 -0.1997085
v 0.22283996 1.59457135 -0.1906484
v 0.18651565 1.5770421 -0.21814677
v 0.19395539 1.61598563 -0.20915553
v 0.19701592 1.65304195 -0.19428926
v 0.22626204 1.63210284 -0.17505799
v 0.19584575 1.68646359 -0.1738161
v 0.22581127 1.66559732 -0.15427152
v 0.19129079 1.71525585 -0.14895011
v 0.22244541 1.6941359 -0.12944383
v 0.18398264 1.73861622 -0.12089357
v 0.21634869 1.71677935 -0.1012826
v 0.17407435 1.75533664 -0.09082902
v 0.20709438 1.73264634 -0.07127457
v 0.16198462 1.76582801 -0.06019545
v 0.19485117 1.74196183 -0.04116506
v 0.14893874 1.77203571 -0.02954196
v 0.182151 1.74793624 -0.01141165
v 0.13568174 1.77463543 0.00084696
v 0.11204604 1.79226923 -0.04776332
v 0.09893605 1.79488587 -0.01639595
v 0.08606439 1.79384124 0.01504677
v 0.05971578 1.81304597 -0.03405306
v 0.04702591 1.81182181 -0.00150887
v 0.03677509 1.81259739 0.03160476
v 0.00664052 1.82731008 -0.01836072
v -0.00413892 1.82624602 0.01561028
v -0.01112932 1.83475935 0.04923424
v -0.0462091 1.83561718 -0.0014068
v -0.05419661 1.84280335 0.03303622
v -0.05934137 1.85999298 0.06445315
v -0.09753896 1.8468132 0.01618789
v -0.10404083 1.86358082 0.0481068
v -0.11037126 1.88312017 0.07969275
v -0.14867129 1.86137771 0.032551
v -0.15658552 1.88093781 0.0643567
v -0.16515387 1.89750003 0.0975665
v -0.20153388 1.87086308 0.05012481
v -0.21117913 1.8857603 0.08375868
v -0.22148539 1.89679813 0.11828333
v -0.25555431 1.87010443 0.06909264
v -0.26650041 1.87970864 0.10358379
v -0.27684465 1.88413488 0.13936613
v -0.3087506 1.85855209 0.08948665
v -0.31865271 1.86202716 0.12552803
v -0.32651871 1.8600744 0.16247774
v -0.35799148 1.83792579 0.11270758
v -0.36527982 1.83618354 0.14985911
v -0.37044054 1.83029699 0.18737843
v -0.40246066 1.81171631 0.13829349
v -0.40696489 1.80616831 0.17594374
v -0.40935722 1.79690706 0.21339568
v -0.44265472 1.78185832 0.16552078
v -0.44444441 1.77302956 0.20300971
v -0.44380989 1.76080739 0.23975719
v -0.47864151 1.74882233 0.19377538
v -0.47739547 1.73695349 0.23045708
v -0.47404661 1.72230935 0.26584765
v -0.51035767 1.71262955 0.22210738
v -0.50653624 1.69844007 0.25740701
v -0.5005908 1.68159055 0.29101595
v -0.53847783 1.67408168 0.25005471
v -0.53204286 1.65786004 0.28368029
v -0.52380055 1.63954794 0.31556031
v -0.5628885 1.63352704 0.27743992
v -0.55427622 1.61586213 0.30927342
v -0.54457807 1.59713029 0.33996644
v -0.58462476 1.59188449 0.30444064
v -0.57438093 1.57391023 0.33510106
v -0.56353122 1.55546212 0.3649609
v -0.6040166 1.55032551 0.33149895
v -0.5925365 1.53277325 0.36119735
v -0.58067911 1.51484334 0.3903073
v -0.62136769 1.5095117 0.3585523
v -0.60875272 1.49268508 0.38734248
v -0.59594452 1.47546863 0.41526958
v -0.63658022 1.46973049 0.38553208
v -0.62351834 1.45382976 0.41249048
v -0.61199587 1.43844878 0.43950554
v -0.64994865 1.48523986 0.35733968
v -0.63360548 1.52610683 0.32905477
v -0.61490291 1.56763625 0.30091252
v -0.64524203 1.54277408 0.2986412
v -0.62450283 1.58410847 0.2691569
v -0.65530145 1.55868101 0.26684966
v -0.63167452 1.59840512 0.23536418
v -0.66275352 1.57267379 0.23295748
v -0.63685959 1.61078953 0.19994351
v -0.60072463 1.62397038 0.23905652
v -0.60564059 1.63662755 0.20371778
v -0.60865408 1.64679062 0.16712644
v -0.57439589 1.66244494 0.20861308
v -0.57719051 1.67312753 0.17211215
v -0.5774371 1.68016791 0.13465791
v -0.60921728 1.65344822 0.1295094
v -0.57539755 1.68358421 0.09695301
v -0.60768955 1.65662515 0.09177219
v -0.57082462 1.68271458 0.05969524
v -0.60290783 1.65459477 0.05468032
v -0.56395143 1.67768836 0.02347358
v -0.59615665 1.64884066 0.01881698
v -0.55592781 1.67005586 -0.01155748
v -0.58819091 1.64065706 -0.01584997
v -0.54641503 1.65957331 -0.04549681
v -0.57849127 1.6296451 -0.04916397
v -0.53802388 1.64896714 -0.08014784
v -0.57102572 1.6194638 -0.08395584
v -0.53763485 1.64646661 -0.1171
v -0.57263398 1.6179856 -0.1210541
v -0.60636305 1.58859419 -0.12326521
v -0.5775575 1.62156117 -0.1569688
v -0.54134786 1.65079355 -0.15323461
v -0.54319995 1.65536391 -0.18938748
v -0.50456941 1.67893672 -0.14848002
v -0.50490653 1.68320965 -0.18478953
v -0.50285786 1.68795228 -0.22089429
v -0.54203921 1.66022431 -0.22552307
v -0.49907311 1.6929183 -0.25735318
v -0.53889918 1.66541564 -0.26187348
v -0.49279838 1.69594311 -0.29416954
v -0.53282588 1.66861605 -0.29855236
v -0.48358783 1.69522905 -0.33086088
v -0.52341634 1.6683892 -0.33501073
v -0.47241872 1.69048178 -0.36672857
v -0.51213353 1.66494977 -0.37028804
v -0.45982933 1.68028163 -0.40045779
v -0.49970635 1.65653193 -0.40324232
v -0.44658979 1.66310977 -0.43059319
v -0.48683932 1.64058744 -0.43204847
v -0.52465385 1.61829042 -0.43342468
v -0.47426101 1.61604833 -0.45373159
v -0.43343827 1.63805258 -0.45316228
v -0.42017155 1.60705709 -0.46480962
v -0.38940578 1.66110944 -0.44820645
v -0.37583047 1.63047826 -0.46002244
v -0.36384949 1.59691214 -0.45872229
v -0.40779137 1.57387995 -0.46348789
v -0.35455066 1.56347 -0.44602736
v -0.39730155 1.54181861 -0.45043313
v -0.34761175 1.53175938 -0.42495343
v -0.38820692 1.51147532 -0.42922359
v -0.34234267 1.50286674 -0.39762833
v -0.38097921 1.48390567 -0.40178394
v -0.33824399 1.47633647 -0.36682397
v -0.3750534 1.45838403 -0.37077379
v -0.4124338 1.4386233 -0.37279164
v -0.36985567 1.43502414 -0.33733329
v -0.40479904 1.41597425 -0.33950796
v -0.33510434 1.45203101 -0.33332026
v -0.30196106 1.49216449 -0.3607046
v -0.30066099 1.4669106 -0.32726344
v -0.29981961 1.44363606 -0.29148
v -0.26663887 1.47963917 -0.31956833
v -0.26762121 1.45558381 -0.28402945
v -0.26871338 1.43382382 -0.24653942
v -0.23580995 1.46564662 -0.27541941
v -0.23846395 1.44332695 -0.23804296
v -0.24110463 1.42336785 -0.19889843
v -0.20854346 1.4510653 -0.2285618
v -0.21242217 1.43070685 -0.18953304
v -0.21611379 1.41291391 -0.14919775
v -0.18403343 1.43640494 -0.17935088
v -0.18863354 1.41852021 -0.13902688
v -0.192963 1.40381372 -0.09780135
v -0.16139824 1.42276048 -0.1282327
v -0.16622723 1.40821409 -0.08704157
v -0.17056022 1.39757609 -0.04551918
v -0.13961161 1.41142499 -0.07567562
v -0.14398242 1.40127313 -0.03424733
v -0.14772766 1.39602768 0.00620362
v -0.11718079 1.40386712 -0.02256584
v -0.12026578 1.39942812 0.01745382
v -0.12240195 1.40158367 0.05461661
v -0.09020156 1.40581119 -0.0107373
v -0.11294049 1.41338503 -0.06364794
v -0.08628153 1.41396105 -0.05118123
v -0.1076004 1.42689633 -0.10468559
v -0.08092275 1.42678356 -0.09193697
v -0.10091756 1.44379103 -0.14472237
v -0.07383167 1.44287145 -0.13188514
v -0.04683208 1.43900632 -0.11863605
v -0.06495546 1.46117675 -0.17017297
v -0.03717853 1.45602917 -0.15671852
v -0.01004748 1.44721603 -0.14300499
v -0.02564679 1.47494638 -0.19255173
v 0.00226974 1.46476149 -0.1785832
v 0.02921713 1.4507606 -0.16416429
v 0.01673305 1.48434758 -0.21066501
v 0.04462675 1.46974086 -0.19584052
v 0.07110848 1.45076441 -0.1809929
v 0.06229037 1.49180173 -0.22285895
v 0.09007819 1.47252118 -0.20688292
v 0.11648985 1.44782507 -0.19070406
v 0.11044186 1.49811482 -0.22618787
v 0.13790354 1.47294616 -0.20827117
v 0.16385026 1.44454407 -0.18947301
v 0.15804837 1.50401067 -0.21771729
v 0.18434584 1.47742545 -0.19836697
v 0.17467792 1.53889846 -0.22134529
v 0.12955372 1.52806568 -0.23702558
v 0.145446 1.56204164 -0.24090929
v 0.15706551 1.59923565 -0.23848843
v 0.11519812 1.58141219 -0.26174444
v 0.12550501 1.61861693 -0.25978204
v 0.13058482 1.65640831 -0.25091624
v 0.16385535 1.63727963 -0.23016408
v 0.13070665 1.69240391 -0.23488694
v 0.16578969 1.67391192 -0.21514174
v 0.12675441 1.72481572 -0.213393
v 0.16312192 1.70692241 -0.19412167
v 0.11987853 1.75313162 -0.18812669
v 0.15711121 1.73535919 -0.16883322
v 0.11054706 1.77633476 -0.15988914
v 0.14873147 1.75865197 -0.14058525
v 0.09897091 1.7932167 -0.12938037
v 0.1378435 1.7754302 -0.1101699
v 0.08609399 1.80421388 -0.0979835
v 0.12530589 1.7861495 -0.07905204
v 0.0727474 1.81050109 -0.06616681
v 0.04550313 1.8214761 -0.11738567
v 0.03199374 1.8276875 -0.08485316
v 0.01902151 1.82973611 -0.05185734
v -0.01074194 1.84157002 -0.10399966
v -0.02375301 1.84252309 -0.07007153
v -0.03559095 1.83883488 -0.0358965
v -0.06829934 1.84900331 -0.08893294
v -0.07919865 1.84459734 -0.05392587
v -0.08905708 1.84093451 -0.01885501
v -0.12366521 1.84701526 -0.07160185
v -0.13238219 1.84201932 -0.03603841
v -0.14071422 1.84580147 -0.00040033
v -0.17608629 1.83861708 -0.05274566
v -0.18371312 1.83934438 -0.01650873
v -0.19240127 1.85298919 0.01743176
v -0.22641265 1.82912111 -0.03267351
v -0.23529246 1.84057593 0.00208877
v -0.24527828 1.8572942 0.03509877
v -0.27720207 1.82437813 -0.01300528
v -0.28758516 1.83949911 0.02039582
v -0.29809293 1.85079407 0.05457244
v -0.32803455 1.81778669 0.00685715
v -0.33841353 1.82800746 0.04130395
v -0.34866747 1.83491051 0.07644353
v -0.37734916 1.80385112 0.02911387
v -0.38707479 1.81033062 0.0644857
v -0.39578536 1.81326365 0.10094177
v -0.42445024 1.78526032 0.05377844
v -0.43257182 1.78836071 0.0903356
v -0.43868145 1.78710317 0.12782341
v -0.46847894 1.76295936 0.08104114
v -0.47415369 1.76215398 0.11845897
v -0.47754165 1.75724709 0.15626886
v -0.50877356 1.7366054 0.11025389
v -0.51155006 1.73220026 0.14802427
v -0.51214957 1.7241342 0.18553222
v -0.54483795 1.70642721 0.14081375
v -0.54504752 1.6989876 0.17827659
v -0.54275298 1.68781948 0.21477481
v -0.56966126 1.64918696 0.24388842
v -0.59373945 1.60900163 0.27264559
v -0.5424053 1.71020615 0.10310628
v -0.503618 1.7370063 0.0727883
v -0.53764867 1.71002972 0.06571377
v -0.49622246 1.73319673 0.03620265
v -0.53065663 1.70593953 0.02919812
v -0.48792496 1.72661817 0.00051684
v -0.52254033 1.69886684 -0.00622408
v -0.47880849 1.71732592 -0.03433669
v -0.51325774 1.68898785 -0.04068528
v -0.46972283 1.70653283 -0.06892895
v -0.50491309 1.67891407 -0.07543005
v -0.46561527 1.70163464 -0.10571565
v -0.50262814 1.67527818 -0.11215818
v -0.46655243 1.70550048 -0.14243693
v -0.42809286 1.72758305 -0.0975485
v -0.42766082 1.73098039 -0.13454084
v -0.42645639 1.73580062 -0.17110499
v -0.46593779 1.70998001 -0.17872874
v -0.4230383 1.74049091 -0.20754331
v -0.463202 1.71465492 -0.2150443
v -0.4179686 1.7451272 -0.24429473
v -0.45879617 1.71937239 -0.25169777
v -0.41061797 1.74758124 -0.28133609
v -0.45216265 1.72219419 -0.28864616
v -0.40050455 1.74558293 -0.31816145
v -0.44275611 1.72098517 -0.32554751
v -0.38836306 1.73901367 -0.35395577
v -0.43129804 1.71523225 -0.36159217
v -0.3742786 1.72681236 -0.38745421
v -0.41804042 1.70364821 -0.39538657
v -0.35890144 1.70897746 -0.41708251
v -0.4037047 1.68588733 -0.42554435
v -0.34349939 1.683887 -0.43964016
v -0.31240549 1.73047232 -0.40573707
v -0.29679244 1.70456206 -0.42769372
v -0.28384321 1.67211103 -0.43985417
v -0.32998111 1.65243172 -0.45126947
v -0.27445188 1.63562417 -0.44077792
v -0.31919819 1.61754059 -0.45056399
v -0.31174251 1.58237552 -0.43861091
v -0.26899713 1.59897089 -0.42959049
v -0.26671162 1.56517124 -0.40906116
v -0.30711963 1.54955053 -0.41788139
v -0.23007118 1.65118992 -0.42899867
v -0.22647069 1.61317896 -0.4193452
v -0.2263754 1.57830452 -0.39924052
v -0.22803679 1.5464456 -0.37366458
v -0.26599371 1.53422951 -0.3830049
v -0.1845165 1.62489509 -0.40722444
v -0.18670769 1.58871424 -0.38809755
v -0.19076474 1.55605363 -0.36314153
v -0.19540688 1.52600812 -0.33375924
v -0.23045091 1.51711821 -0.34379124
v -0.14813116 1.59590971 -0.37564152
v -0.1543253 1.56276321 -0.35136708
v -0.16096662 1.53259182 -0.32259377
v -0.16746978 1.50507426 -0.29042732
v -0.20005893 1.49875009 -0.30109724
v -0.11825858 1.56598222 -0.3389396
v -0.12696097 1.53607451 -0.31061703
v -0.13535155 1.50877606 -0.27856352
v -0.14303958 1.48389327 -0.24409832
v -0.17346432 1.47984635 -0.25548952
v -0.09378228 1.53658163 -0.2976101
v -0.10388767 1.5098263 -0.2661933
v -0.11307588 1.48549473 -0.23210519
v -0.12121132 1.46320128 -0.19550438
v -0.1499135 1.46109974 -0.20719711
v -0.07286874 1.50813674 -0.25311109
v -0.08354025 1.48475134 -0.2194789
v -0.09300516 1.46352338 -0.18316291
v -0.12828525 1.44306576 -0.15688718
v -0.05430273 1.48130047 -0.20622453
v -0.04225048 1.50335454 -0.23949903
v -0.01229819 1.49567353 -0.22521619
v -0.02885965 1.52841913 -0.26967209
v 0.00272265 1.51967334 -0.25425761
v 0.0332125 1.50734186 -0.23864309
v 0.0189061 1.54631447 -0.27773946
v 0.05097266 1.53330242 -0.2607446
v 0.08144018 1.51750779 -0.24359726
v 0.06835881 1.56331276 -0.27568322
v 0.10004641 1.54729378 -0.25705727
v 0.08251241 1.59743952 -0.2819257
v 0.03491661 1.57644867 -0.29459002
v 0.04843371 1.6108092 -0.30270311
v 0.05704851 1.64837026 -0.30162864
v 0.09151167 1.63461995 -0.28024259
v 0.05968649 1.68732321 -0.29225534
v 0.0951807 1.6727941 -0.27082932
v 0.0572747 1.72390031 -0.27652213
v 0.09422215 1.70901441 -0.25485834
v 0.05097092 1.75672745 -0.25540131
v 0.08934521 1.74171018 -0.23369307
v 0.04172928 1.78510165 -0.22991885
v 0.08139003 1.76995837 -0.20843224
v 0.03017747 1.80810809 -0.20104537
v 0.07106765 1.79299807 -0.18001075
v 0.01697854 1.82492518 -0.169872
v 0.0588009 1.81013143 -0.14930161
v 0.00313959 1.83608174 -0.13733302
v -0.02752166 1.83493924 -0.19025535
v -0.04191371 1.84487593 -0.15725801
v -0.0558001 1.84922075 -0.12339986
v -0.08881205 1.84932637 -0.17686386
v -0.1023331 1.85303986 -0.14264771
v -0.11397653 1.85215365 -0.10745739
v -0.14986333 1.85418653 -0.16095016
v -0.16054822 1.85222065 -0.12466052
v -0.16889415 1.84584569 -0.08859575
v -0.20710273 1.84406578 -0.14141759
v -0.21421656 1.83784198 -0.10537032
v -0.21980939 1.83008241 -0.06923516
v -0.25882041 1.82327151 -0.12148489
v -0.26316541 1.81635284 -0.08520533
v -0.26862096 1.81481766 -0.04850865
v -0.30605322 1.79910242 -0.10000897
v -0.31021544 1.79704058 -0.06339418
v -0.31801483 1.80501878 -0.02726149
v -0.35043385 1.77560269 -0.07648408
v -0.35754457 1.78272175 -0.03994821
v -0.36744362 1.79462444 -0.00566263
v -0.39595094 1.75844156 -0.05101051
v -0.40572959 1.77001357 -0.01673253
v -0.4151999 1.77886486 0.0181831
v -0.44281056 1.74426114 -0.02641982
v -0.45213136 1.75325346 0.00861345
v -0.46076387 1.75955319 0.04439142
v -0.4335263 1.73336505 -0.06093397
v -0.38975364 1.7522614 -0.08769442
v -0.34765264 1.77829539 -0.11328
v -0.38818889 1.75540816 -0.12484941
v -0.34497261 1.78389298 -0.14996208
v -0.3861812 1.76055204 -0.16152329
v -0.34003287 1.78882849 -0.18635512
v -0.38193497 1.76521444 -0.1980119
v -0.33322405 1.79315352 -0.2232517
v -0.37595784 1.76958072 -0.23481245
v -0.32390061 1.79485297 -0.26031839
v -0.36770713 1.77158296 -0.27186903
v -0.31182238 1.79173421 -0.2966859
v -0.3567276 1.7690407 -0.30850023
v -0.29775005 1.78384041 -0.33167493
v -0.34363532 1.76168751 -0.34379723
v -0.28200969 1.77025091 -0.36411452
v -0.32866683 1.7490518 -0.37676861
v -0.26505157 1.75008964 -0.39275735
v -0.23398697 1.78637206 -0.34845644
v -0.21716713 1.76471686 -0.37629392
v -0.20217062 1.73617315 -0.39828807
v -0.24955876 1.72278821 -0.41445955
v -0.19163176 1.70187413 -0.41217878
v -0.23761801 1.68904268 -0.42742809
v -0.18574169 1.66361367 -0.41584542
v -0.14578381 1.71084368 -0.39556369
v -0.1416735 1.67236614 -0.40042695
v -0.14300465 1.6328994 -0.39340639
v -0.09849331 1.67588484 -0.38440844
v -0.10268598 1.63598513 -0.37889716
v -0.10994011 1.59934282 -0.36265018
v -0.06276208 1.63487875 -0.36198684
v -0.07229671 1.59904718 -0.34784796
v -0.08308599 1.56617367 -0.32548987
v -0.0352602 1.59469592 -0.33088105
v -0.04843102 1.56278228 -0.31069344
v -0.06114682 1.53406417 -0.28400546
v -0.0143275 1.55615603 -0.29448708
v 0.00022607 1.58735883 -0.31266444
v -0.02359861 1.63011777 -0.34282857
v 0.01346553 1.6219598 -0.32341104
v -0.016937 1.66840529 -0.34423744
v 0.02160513 1.66019415 -0.32360076
v -0.01691133 1.70706045 -0.33567756
v 0.02271025 1.69924771 -0.31443139
v -0.02278073 1.74357962 -0.31941741
v 0.01837423 1.73569953 -0.29840233
v -0.03229688 1.77614498 -0.29769533
v 0.01038521 1.768404 -0.27694132
v -0.04494199 1.80327808 -0.2714096
v -0.00044203 1.79643249 -0.25108254
v -0.0592179 1.82493948 -0.24199566
v -0.01353042 1.8185054 -0.22166837
v -0.07412444 1.84025478 -0.21022887
v -0.1057888 1.82850682 -0.26278811
v -0.12164366 1.84290933 -0.23039928
v -0.13666506 1.85137426 -0.19630682
v -0.1699512 1.8395164 -0.24966631
v -0.18485222 1.84566235 -0.21440202
v -0.1975605 1.84725582 -0.17807661
v -0.23208479 1.83245265 -0.23102752
v -0.24378396 1.83249223 -0.19441829
v -0.25250339 1.82883834 -0.15770074
v -0.28929162 1.81472897 -0.20974533
v -0.29704669 1.81062758 -0.17285837
v -0.30262172 1.80533373 -0.136499
v -0.27868381 1.81565725 -0.24662384
v -0.21783024 1.82708334 -0.26663047
v -0.26552724 1.81178891 -0.28271248
v -0.20200167 1.81588721 -0.30033302
v -0.25036096 1.8020668 -0.31697884
v -0.18551765 1.79895198 -0.33144158
v -0.1535014 1.82678997 -0.28310784
v -0.13701956 1.80761241 -0.313665
v -0.12148588 1.7825582 -0.34093132
v -0.16940476 1.77565705 -0.35876828
v -0.15528056 1.7458719 -0.38095501
v -0.10874474 1.75125718 -0.36292636
v -0.10058828 1.71520495 -0.3781313
v -0.07608551 1.78122818 -0.31914112
v -0.06461362 1.74937224 -0.34120789
v -0.057633 1.71292841 -0.35739284
v -0.05715728 1.6738677 -0.36506974
v -0.09012869 1.80806338 -0.29277199
v -0.13438072 1.42569792 -0.11671838
v -0.15600286 1.44057643 -0.16846686
v -0.17899107 1.45695745 -0.218234
v -0.20441559 1.47375667 -0.26587882
v -0.23313649 1.49028015 -0.31078302
v -0.26595765 1.50577557 -0.35280573
v -0.30406221 1.5197165 -0.39114558
v -0.85182327 1.41341221 0.25291216
v -0.85783863 1.38046658 0.28268021
v -0.63543796 0.84179621 0.25707411
v -0.59914368 0.85594481 0.27616864
v -0.61070162 0.84036159 0.30565244
v -0.57675862 0.85442203 0.32648322
v -0.59497582 0.84584206 0.35830196
v -0.56369584 0.86142283 0.38100931
v -0.58772224 0.86113804 0.4115993
v -0.56030517 0.87894618 0.43556985
v -0.58942312 0.88856238 0.46087166
v -0.56561774 0.90977913 0.4847615
v -0.59849548 0.92765575 0.50054568
v -0.58025479 0.95335614 0.51947653
v -0.61763566 0.97662335 0.52445507
v -0.60580325 1.00305187 0.53834885
v -0.64104467 1.03000176 0.53049165
v -0.62924724 1.05448496 0.54415303
v -0.66041535 1.08053112 0.53547394
v -0.33572295 1.38679838 0.18703833
v -0.33729168 1.39511454 0.1682056
v -0.36721807 1.36978006 0.1779783
v -0.36878871 1.37857282 0.15891219
v -0.36849811 1.38662803 0.14144271
v -0.40057924 1.36081242 0.14731217
v -0.39909431 1.36940074 0.13115999
v -0.39629948 1.37411844 0.11473336
v -0.42906063 1.35103106 0.12034175
v -0.42457211 1.35480821 0.10590633
v -0.41881427 1.35476911 0.09135302
v -0.45379328 1.33798277 0.09759116
v -0.44771879 1.33683693 0.08559851
v -0.43983987 1.33288204 0.07416256
v -0.4579474 1.33433473 0.11018441
v -0.46087878 1.32716417 0.12238918
v -0.43266376 1.34292817 0.13366916
v -0.36331108 1.36142098 0.2021065
v -0.92361575 0.4989922 -0.61609435
v -0.93126857 0.5044139 -0.59007161
v -0.93398517 0.51111263 -0.5927543
v -0.94160324 0.52065497 -0.56440883
v -0.94389611 0.52985668 -0.56885367
v -0.95029908 0.54326611 -0.53788268
v -0.94984239 0.55389475 -0.5432235
v -0.95349752 0.57034808 -0.51099973
v -0.94919806 0.58137512 -0.51765799
v -0.95041412 0.60094797 -0.4864259
v -0.94181013 0.6103053 -0.4935534
v -0.93954247 0.63126802 -0.46383324
v -0.9274373 0.63767981 -0.47039195
v -0.92294758 0.65877735 -0.44208818
v -0.90778642 0.66165494 -0.44769105
v -0.90180254 0.6837241 -0.4214245
v -0.88457495 0.68196851 -0.42440676
v -0.87709099 0.70506471 -0.39982309
v -0.85890466 0.69793003 -0.39880523
v -0.85009324 0.72014278 -0.37450063
v -0.83230257 0.70877707 -0.37008944
v -0.82237893 0.73066955 -0.34633472
v -0.80471932 0.71630436 -0.33997318
v -0.79422104 0.73892313 -0.31648305
v -0.77566766 0.72084868 -0.30699577
v -0.76404523 0.74340754 -0.28363797
v -0.7465012 0.72176057 -0.26925835
v -0.73455256 0.74589145 -0.24568268
v -0.7219693 0.72465205 -0.22686801
v -0.71108603 0.75218409 -0.20314398
v -0.70662683 0.73250019 -0.18041223
v -0.69925707 0.76202231 -0.15695728
v -0.70440065 0.7428314 -0.13281112
v -0.69833672 0.77105277 -0.10977467
v -0.71180462 0.75201982 -0.0864681
v -0.70378863 0.77748739 -0.06260847
v -0.72498899 0.76108568 -0.04120645
v -0.71503633 0.7843455 -0.01615066
v -0.74321121 0.77369421 0.00183754
v -0.73181986 0.795937 0.02614197
v -0.76423823 0.79319018 0.0380489
v -0.75336474 0.8137139 0.05990143
v -0.78982794 0.81913417 0.06346067
v -0.78285384 0.83444076 0.07818044
v 0.5070911 1.55754351 0.22388532
v 0.5059942 1.56536376 0.20980224
v 0.51550269 1.57380175 0.21549664
v 0.5169543 1.56554377 0.23079624
v 0.51344555 1.58541584 0.19862289
v 0.51485043 1.59792375 0.20630511
v 0.5176416 1.58721411 0.22457319
v 0.51203632 1.61048698 0.18578223
v 0.5072456 1.62276446 0.19244651
v 0.51020562 1.61121702 0.21410314
v 0.50405049 1.63473796 0.16869695
v 0.49538704 1.64506757 0.17442198
v 0.4979321 1.63459062 0.1992508
v 0.49385166 1.65574491 0.14803689
v 0.48575031 1.66496801 0.1524762
v 0.48593351 1.65578007 0.17975224
v 0.47579732 1.66724622 0.18417479
v 0.48685777 1.64716386 0.20610278
v 0.47769975 1.67446732 0.15532219
v 0.46996638 1.68402576 0.15632429
v 0.50046026 1.62480759 0.22228753
v 0.51279068 1.60132098 0.23430581
v 0.51952636 1.57878816 0.24158392
v 0.64179217 1.11110675 0.28248819
v 0.63794547 1.08561551 0.31360104
v 0.64264738 1.06379854 0.34564429
v 0.65117138 1.03504407 0.33469119
v 0.6483888 1.03986191 0.37459027
v 0.65770292 1.01139521 0.36341759
v 0.65727603 0.98127114 0.35291814
v 0.65181022 1.00393426 0.32670572
v 0.64439159 0.95560282 0.34306678
v 0.65770328 0.95724707 0.38332396
v 0.64368283 0.93263435 0.3736788
v 0.62024319 0.91733133 0.36647921
v 0.63269335 0.91813284 0.41619318
v 0.61101806 0.90594059 0.41039264
v 0.58591365 0.90279698 0.40701422
v 0.59219878 0.91227787 0.36268028
v 0.56155449 0.90949398 0.40702274
v 0.57699447 0.90089392 0.45135486
v 0.55623132 0.90794026 0.45006829
v 0.56277811 0.89795637 0.49159053
v 0.54518258 0.90531075 0.48778361
v 0.54515117 0.89922332 0.52673381
v 0.53164869 0.9059264 0.52155333
v 0.51973956 0.91730529 0.51855027
v 0.51784938 0.91078841 0.55077654
v 0.50885993 0.91961413 0.54675388
v 0.50282359 0.93024802 0.54510206
v 0.49884709 0.92439967 0.57131135
v 0.49489107 0.932675 0.56924712
v 0.492464 0.94317817 0.56904584
v 0.49932271 0.94285732 0.54620158
v 0.49320852 0.95307737 0.57079374
v 0.49903553 0.95597428 0.55015802
v 0.4959205 0.96226674 0.57390904
v 0.50233846 0.96730691 0.55581212
v 0.50171929 0.96927052 0.57867455
v 0.50961011 0.97568386 0.56259065
v 0.5093581 0.97288972 0.58399337
v 0.51982909 0.9799354 0.56912273
v 0.53002035 0.99094682 0.55358928
v 0.53132355 0.97947424 0.57461601
v 0.54515492 0.99051547 0.55836844
v 0.55749362 1.00577902 0.5402981
v 0.55940246 0.98505288 0.55953377
v 0.57520288 1.00067961 0.53884029
v 0.58601504 1.02132546 0.51823991
v 0.56565326 1.02543437 0.52357077
v 0.58992421 1.04559493 0.49965736
v 0.5685051 1.04856264 0.50949394
v 0.60303688 1.01404333 0.51001238
v 0.60872596 1.0402044 0.4867374
v 0.61728924 1.00513327 0.50121718
v 0.62419176 1.0331043 0.47360032
v 0.62775439 0.99444085 0.49362775
v 0.63590973 1.02260172 0.4612545
v 0.63524419 0.98096841 0.48640969
v 0.64497822 1.0073564 0.45000731
v 0.64421939 1.036242 0.41756165
v 0.65185952 0.98748153 0.43994048
v 0.65291732 1.01361548 0.40488043
v 0.65402346 0.96332788 0.43124535
v 0.65937024 0.98612362 0.39390456
v 0.64730322 0.93858569 0.42314633
v 0.63841861 0.9448511 0.47352439
v 0.63102209 0.92547297 0.46734097
v 0.61692404 0.91034364 0.46098732
v 0.60891848 0.91570895 0.50903254
v 0.59653675 0.90390539 0.50292706
v 0.58054888 0.8974424 0.49684172
v 0.5980575 0.90166527 0.45532336
v 0.5725187 0.90298354 0.53912001
v 0.55939877 0.89879727 0.53269428
v 0.54983687 0.9067009 0.56780421
v 0.53974545 0.90425717 0.56199568
v 0.52811211 0.90516257 0.55605077
v 0.52177584 0.91040551 0.58579772
v 0.51356893 0.91220307 0.58024913
v 0.50507432 0.91696959 0.57513791
v 0.499877 0.92020428 0.59988719
v 0.4942888 0.92431026 0.59527933
v 0.48954677 0.93037676 0.59156364
v 0.48401349 0.93193185 0.61116737
v 0.48116517 0.93671816 0.60789465
v 0.47972902 0.94234508 0.60577958
v 0.48692899 0.9372822 0.58928912
v 0.47946688 0.94796055 0.60462969
v 0.48607707 0.94490295 0.58836889
v 0.48023504 0.95374298 0.6044411
v 0.48642373 0.95275157 0.58863169
v 0.48224532 0.95905923 0.60544508
v 0.48906731 0.95998305 0.59058368
v 0.48536565 0.96331113 0.60754454
v 0.49340179 0.96551722 0.59367293
v 0.48945131 0.96600699 0.61067187
v 0.49923884 0.96868646 0.59770828
v 0.49391895 0.96679276 0.61440318
v 0.50587785 0.96895194 0.60244154
v 0.51825392 0.97266989 0.58920282
v 0.51180875 0.96664542 0.60672527
v 0.52656179 0.96935099 0.59354513
v 0.54299038 0.97480881 0.57807523
v 0.53406161 0.96341538 0.59706872
v 0.55207723 0.96792358 0.58011579
v 0.57146185 0.97703754 0.55975735
v 0.55931347 0.9593659 0.58186417
v 0.58073192 0.96779882 0.55937182
v 0.60149186 0.98258918 0.53198099
v 0.59033209 0.99218905 0.53524684
v 0.58787977 0.95730555 0.55885976
v 0.61029774 0.97217124 0.52831971
v 0.59211206 0.94637256 0.55716377
v 0.61612427 0.96015399 0.52427119
v 0.59287464 0.93466883 0.55433225
v 0.61872446 0.94612413 0.51978397
v 0.63924288 0.96422588 0.47966095
v 0.6165784 0.93048447 0.51480102
v 0.5902301 0.92237931 0.55052226
v 0.58339643 0.91107565 0.54531937
v 0.56439876 0.92111539 0.57796657
v 0.55843615 0.91249752 0.57342189
v 0.54197007 0.92324173 0.59974342
v 0.5369066 0.91713708 0.59585899
v 0.52975916 0.91226053 0.5909928
v 0.51785987 0.92293536 0.61428839
v 0.51253128 0.91984647 0.60968142
v 0.50605869 0.91848474 0.60495299
v 0.4971067 0.92791736 0.6242513
v 0.49245408 0.92734164 0.6198349
v 0.48783171 0.92848247 0.61536145
v 0.48069018 0.93644791 0.63014328
v 0.47767087 0.93762058 0.62664204
v 0.47498288 0.94007271 0.62347573
v 0.4736022 0.94350361 0.62109369
v 0.46592199 0.95338171 0.63099628
v 0.47271624 0.94752746 0.61939114
v 0.46620959 0.95606672 0.63020032
v 0.47284475 0.95186907 0.6183924
v 0.46685802 0.95847809 0.6299017
v 0.47371256 0.95586085 0.61818426
v 0.46764034 0.96079337 0.63001263
v 0.47509077 0.95964151 0.61861223
v 0.46900469 0.96294564 0.63092827
v 0.47715178 0.96271336 0.61997431
v 0.47064951 0.96442264 0.6324687
v 0.47977313 0.96480798 0.62210279
v 0.47227886 0.96505719 0.63416141
v 0.48271918 0.96572685 0.62478458
v 0.47406816 0.96468728 0.63619756
v 0.48593568 0.96510553 0.62809217
v 0.49847927 0.96564334 0.61853706
v 0.48867186 0.96331387 0.63125062
v 0.50236189 0.96283316 0.62226283
v 0.51738685 0.96225023 0.61071884
v 0.50526982 0.95835089 0.62550127
v 0.52138412 0.95671498 0.61401385
v 0.53926974 0.95654875 0.59975117
v 0.52419477 0.94965535 0.61701136
v 0.54311716 0.94818133 0.6020227
v 0.56452739 0.95039576 0.58317309
v 0.54517442 0.93948221 0.60317981
v 0.56758534 0.94052082 0.58320957
v 0.54478168 0.93101799 0.60244381
v 0.56742394 0.93058341 0.58124017
v 0.52525192 0.9424389 0.61894285
v 0.52464497 0.934987 0.61918848
v 0.52217423 0.92806839 0.61770141
v 0.50655084 0.94111573 0.63113826
v 0.50458097 0.9353736 0.63014096
v 0.50131285 0.93045634 0.62796789
v 0.48959586 0.94316542 0.63823223
v 0.48695677 0.93900305 0.6368404
v 0.48375827 0.93618297 0.63450914
v 0.47185608 0.94655716 0.64112865
v 0.47019287 0.94604933 0.63859939
v 0.46128124 0.95825809 0.64456945
v 0.46092405 0.95804435 0.64402467
v 0.45980864 0.96051865 0.64484733
v 0.45929074 0.96047395 0.64436274
v 0.45939394 0.96151095 0.64502614
v 0.45884069 0.96162849 0.64455747
v 0.45843532 0.96148359 0.64353811
v 0.45869115 0.96203225 0.64446985
v 0.45833286 0.96194529 0.64355117
v 0.46001949 0.96051734 0.6399399
v 0.45966142 0.9596759 0.64038974
v 0.45836669 0.96234798 0.6433689
v 0.46043279 0.96141845 0.63961154
v 0.45870304 0.96242815 0.64430356
v 0.45911938 0.96244567 0.64463174
v 0.45929983 0.96207618 0.64485132
v 0.4606134 0.96238076 0.64517438
v 0.46042412 0.9627726 0.64493209
v 0.46054258 0.96173101 0.64525151
v 0.46414741 0.96105831 0.64528846
v 0.46459245 0.96201032 0.64477157
v 0.46466714 0.96285712 0.64408117
v 0.47737604 0.95679563 0.64267259
v 0.4773392 0.95933812 0.64169466
v 0.47679609 0.96147137 0.64033961
v 0.47570982 0.96325218 0.63854259
v 0.49187639 0.95651066 0.6361342
v 0.49067604 0.96007877 0.63382005
v 0.50691992 0.95297873 0.62822312
v 0.49209198 0.95220691 0.63781887
v 0.50740373 0.94725418 0.63036626
v 0.4914413 0.94764095 0.63864702
v -0.42578142 1.29299867 0.23285637
v -0.41768384 1.27798926 0.28300952
v -0.43434244 1.26817131 0.24133245
v -0.42166265 1.25757038 0.29140254
v -0.40997973 1.27173554 0.33184659
v -0.40891924 1.25411927 0.34075805
v -0.40101099 1.28707623 0.37140122
v -0.40005949 1.2712295 0.38013029
v -0.39461299 1.2542243 0.38863563
v -0.39580172 1.28966271 0.42004331
v -0.39022156 1.27295351 0.42833131
v -0.38299056 1.25559759 0.43854069
v -0.37637835 1.29542636 0.46373805
v -0.37018984 1.27745318 0.47308406
v -0.36439612 1.25770223 0.48489251
v -0.34596362 1.29768383 0.49777492
v -0.34037736 1.2759608 0.50912463
v -0.334627 1.25316262 0.52176606
v -0.31253042 1.29323458 0.52667182
v -0.30650243 1.27003943 0.53836166
v -0.30045518 1.24518704 0.55229699
v -0.27752679 1.28705251 0.55074256
v -0.27107724 1.26145386 0.5635842
v -0.26535874 1.23430669 0.58049285
v -0.24102377 1.277426 0.57095354
v -0.2346808 1.24944329 0.586914
v -0.22984933 1.22164392 0.60867434
v -0.20410588 1.26502525 0.59096968
v -0.1984812 1.23710441 0.61185228
v -0.17414708 1.28067874 0.59291583
v -0.16767111 1.25331771 0.61290961
v -0.1448747 1.29539954 0.59194141
v -0.18152658 1.3085885 0.57840222
v -0.15330751 1.32252931 0.5782085
v -0.12727589 1.33574056 0.57633161
v -0.18944966 1.33548498 0.56751048
v -0.19752647 1.36149072 0.55833792
v -0.21105709 1.29333698 0.57578301
v -0.21848575 1.32003271 0.56485301
v -0.22597655 1.3448441 0.55574715
v -0.24808748 1.30378365 0.55936408
v -0.25528639 1.32819438 0.55008775
v -0.26244732 1.35053074 0.54120379
v -0.2844423 1.31107556 0.54063892
v -0.29100942 1.33305835 0.53066647
v -0.29677727 1.35113239 0.52172613
v -0.31860074 1.31578517 0.51587414
v -0.32386094 1.33375406 0.50711828
v -0.32842916 1.34901082 0.49887514
v -0.35103792 1.31576132 0.48837387
v -0.35447007 1.33041012 0.48024562
v -0.35569211 1.34440577 0.4702174
v -0.38036942 1.31090915 0.45503667
v -0.38044723 1.32523775 0.44527405
v -0.39557614 1.30508077 0.41054835
v -0.39268809 1.37120783 0.84328246
v -0.38599768 1.37533485 0.85110378
v -0.39406707 1.41861093 0.84349596
v -0.38023296 1.37803185 0.85796189
v -0.38808116 1.42132341 0.85219287
v -0.38571149 1.47016561 0.84228956
v -0.38370198 1.42279624 0.86098939
v -0.37856388 1.47271788 0.85351306
v -0.36626827 1.52135789 0.84009558
v -0.38163882 1.42312324 0.87089908
v -0.37450686 1.38041102 0.87428164
v -0.37606954 1.37987947 0.88267254
v -0.38236215 1.42232978 0.88061368
v -0.3758693 1.37987744 0.8656075
v -0.38719424 1.41906786 0.88975203
v -0.38060167 1.37732148 0.88991677
v -0.38729336 1.37301588 0.89567583
v -0.39535695 1.41369164 0.89801996
v -0.39553129 1.36642897 0.90108263
v -0.37586814 1.33079218 0.90003842
v -0.38351944 1.32268762 0.90426522
v -0.34980458 1.14177525 0.92404198
v -0.37072244 1.11680126 0.92307245
v -0.39996424 1.14003598 0.92321711
v -0.39639654 1.09275353 0.92531573
v -0.42506358 1.1169393 0.92660373
v -0.44971892 1.09647166 0.94160801
v -0.47597441 1.12436211 0.94436281
v -0.4965803 1.11073172 0.96820485
v -0.51845461 1.14957189 0.96889394
v -0.49481067 1.15866136 0.94682467
v -0.52869164 1.19334173 0.96886307
v -0.53453862 1.14379906 0.99731153
v -0.54592657 1.19214582 0.99550712
v -0.54322981 1.24236393 0.99105864
v -0.5525242 1.19326281 1.02574586
v -0.54963475 1.24578702 1.01910007
v -0.53451389 1.29494738 1.00966751
v -0.54381847 1.24851918 1.04755866
v -0.52930206 1.29747974 1.03614306
v -0.50799375 1.34193468 1.02337789
v -0.51411223 1.29718327 1.05958032
v -0.49486333 1.34068226 1.04526186
v -0.47164553 1.38171112 1.03182125
v -0.47516396 1.33642232 1.06325197
v -0.45398354 1.37611973 1.04904747
v -0.4289011 1.41502726 1.03637564
v -0.43134275 1.36746633 1.06199908
v -0.4087055 1.40507268 1.04908835
v -0.3812308 1.44226265 1.03687977
v -0.3844408 1.39137673 1.05726289
v -0.35975617 1.4278804 1.0452454
v -0.33049958 1.46510767 1.03251111
v -0.33517465 1.41007614 1.04941451
v -0.30855584 1.44658494 1.0373609
v -0.27793088 1.48351538 1.02295672
v -0.28463462 1.42629909 1.03966057
v -0.25653943 1.4627434 1.02603519
v -0.2243362 1.49826204 1.00689864
v -0.2344757 1.44148838 1.02691912
v -0.20483388 1.47640991 1.00815606
v -0.17131722 1.50879156 0.98145186
v -0.1858056 1.45441865 1.00748992
v -0.15449133 1.4864887 0.98285859
v -0.1189382 1.51514887 0.95121002
v -0.13877999 1.46359944 0.98224479
v -0.10520578 1.49208521 0.95370048
v -0.06729228 1.51612401 0.92017859
v -0.09291544 1.46789097 0.95433312
v -0.05644133 1.49151802 0.92439717
v -0.01684322 1.51060473 0.89102387
v -0.04838782 1.46432256 0.92646765
v -0.00982996 1.48264181 0.89719015
v 0.03079929 1.49587023 0.86540734
v -0.00632058 1.45208919 0.90112704
v 0.0339621 1.46545076 0.87333267
v 0.07486153 1.47385311 0.84228813
v 0.03317713 1.43369579 0.87646359
v 0.0744714 1.44225382 0.85033404
v 0.1154697 1.44612836 0.82021749
v 0.06952706 1.41123557 0.84937357
v 0.11111886 1.41489863 0.82356566
v 0.15181802 1.41465258 0.79376113
v 0.10291425 1.3860979 0.81900006
v 0.14390373 1.38557243 0.79305207
v 0.18475654 1.38211524 0.76383137
v 0.13249844 1.36005973 0.78526067
v 0.17203442 1.35545277 0.75914317
v 0.20926399 1.34742355 0.72990739
v 0.15505243 1.33334934 0.74832677
v 0.18972189 1.32280635 0.72330743
v 0.2202554 1.30788719 0.69844102
v 0.16693355 1.30271315 0.71138346
v 0.1943158 1.2874422 0.68959474
v 0.21865642 1.26832604 0.66949933
v 0.17081515 1.27270805 0.67453384
v 0.19193288 1.25365102 0.65744948
v 0.2126197 1.23008322 0.64303869
v 0.16981512 1.24059915 0.64156585
v 0.19012194 1.2172991 0.62870657
v 0.21537466 1.19813203 0.61327505
v 0.17185875 1.20944404 0.60732722
v 0.19943729 1.1941998 0.59285491
v 0.22490151 1.18326377 0.57656329
v 0.18649998 1.20058369 0.56826275
v 0.21001115 1.19326496 0.55468225
v 0.22102013 1.18097817 0.53776902
v 0.19603754 1.20850789 0.52440345
v 0.20639309 1.1960932 0.51189035
v 0.17469675 1.21525955 0.53540527
v 0.166657 1.23570418 0.49834835
v 0.14843605 1.2215079 0.5464245
v 0.15881398 1.21048891 0.57950693
v 0.1363216 1.22861421 0.59308624
v 0.15033556 1.23041069 0.62053972
v 0.13273707 1.25216472 0.63378453
v 0.15074797 1.26116895 0.65575474
v 0.12892986 1.27737915 0.67299675
v 0.14654773 1.28865885 0.69348806
v 0.11902014 1.30014264 0.71330481
v 0.13630966 1.31441056 0.73280191
v 0.10262084 1.32104826 0.75352007
v 0.11788327 1.33898198 0.77134507
v 0.08031505 1.34044694 0.79181826
v 0.09234727 1.36131835 0.80759322
v 0.05217324 1.35925102 0.82655495
v 0.06146537 1.38354647 0.84018248
v 0.0211132 1.37655746 0.85832327
v 0.0284115 1.40361642 0.87076497
v -0.00666698 1.42104077 0.89883393
v -0.0439522 1.43430697 0.92519706
v -0.08294323 1.44186806 0.95226156
v -0.12420617 1.44023418 0.9799363
v -0.16749788 1.43224906 1.00508666
v -0.21272629 1.42027688 1.0256443
v -0.25978848 1.40553808 1.04054987
v -0.30841565 1.39017486 1.05161893
v -0.35686221 1.37447762 1.06117034
v -0.40436944 1.35562217 1.06997251
v 0.51055651 1.70182514 0.01853231
f 1 133 12 134
f 1 135 136 133
f 137 138 139 1
f 140 135 1 139
f 1 134 141 137
f 2 142 143 144
f 2 145 146 147
f 2 147 148 142
f 2 144 149 150
f 2 150 151 145
f 3 152 43 153
f 3 154 155 152
f 3 153 156 157
f 4 158 159 160
f 4 160 161 162
f 4 162 163 164
f 4 165 166 158
f 4 164 167 165
f 5 168 169 170
f 5 170 171 172
f 5 172 173 174
f 5 174 175 176
f 5 176 177 168
f 6 44 178 179
f 6 180 181 182
f 6 182 183 45
f 6 184 185 44
f 6 45 186 184
f 7 186 187 188
f 7 189 184 186
f 7 188 190 191
f 7 191 192 193
f 7 193 194 189
f 8 195 196 197
f 8 198 199 200
f 8 200 201 195
f 8 197 202 203
f 8 203 204 198
f 9 205 206 207
f 9 207 208 209
f 9 210 211 205
f 9 209 212 213
f 9 213 214 210
f 10 215 216 217
f 10 217 218 219
f 10 220 221 215
f 11 222 223 224
f 11 224 225 226
f 11 226 227 228
f 11 229 230 222
f 11 228 231 229
f 12 232 233 134
f 12 234 235 232
f 13 236 237 238
f 13 238 239 240
f 13 240 241 236
f 14 242 243 244
f 14 245 246 242
f 14 244 247 248
f 14 248 249 250
f 14 250 93 245
f 15 251 252 253
f 15 253 254 255
f 15 255 256 257
f 15 208 207 251
f 15 257 258 208
f 16 259 260 261
f 16 261 262 263
f 16 264 265 266
f 16 263 267 264
f 17 272 273 274
f 17 275 276 272
f 17 274 277 278
f 18 279 280 281
f 18 281 282 283
f 18 283 284 285
f 18 286 287 279
f 18 285 288 286
f 19 289 290 291
f 19 292 293 289
f 19 294 295 292
f 19 296 297 294
f 19 291 298 296
f 20 299 300 301
f 20 302 303 299
f 20 301 304 302
f 21 305 306 307
f 21 307 308 309
f 21 310 311 305
f 21 309 312 313
f 21 313 314 310
f 22 315 316 317
f 22 317 318 319
f 22 319 320 315
f 23 321 322 323
f 23 24 324 321
f 23 323 325 24
f 24 326 327 324
f 24 325 328 326
f 25 329 330 331
f 25 332 333 334
f 25 334 335 329
f 25 336 337 332
f 25 331 338 336
f 26 339 340 341
f 26 341 342 343
f 26 343 344 345
f 26 345 346 347
f 26 347 348 339
f 27 349 350 351
f 27 351 352 353
f 27 353 354 349
f 28 355 356 357
f 28 358 359 360
f 28 357 361 358
f 28 360 362 363
f 28 363 364 355
f 29 365 366 367
f 29 367 368 369
f 29 369 370 371
f 29 371 372 373
f 29 373 374 365
f 30 375 376 377
f 30 377 378 379
f 30 379 380 381
f 30 381 382 383
f 30 383 384 375
f 31 385 386 387
f 31 388 389 385
f 31 387 390 388
f 32 391 392 393
f 32 394 395 391
f 32 396 397 394
f 32 393 398 399
f 32 399 400 396
f 33 401 402 269
f 33 403 404 405
f 33 269 268 406
f 33 406 407 408
f 33 408 409 403
f 34 410 411 412
f 34 413 414 410
f 34 415 416 413
f 34 417 418 415
f 34 412 419 417
f 35 420 421 422
f 35 422 423 424
f 35 425 426 427
f 35 424 428 425
f 35 427 429 420
f 36 430 431 432
f 36 433 434 430
f 36 435 436 433
f 37 437 438 439
f 37 439 440 441
f 37 441 442 437
f 38 443 40 444
f 38 445 446 447
f 38 447 39 443
f 38 444 54 53
f 39 447 448 55
f 39 55 449 443
f 40 443 449 450
f 41 452 453 454
f 41 455 456 452
f 41 457 458 455
f 41 398 459 457
f 41 454 399 398
f 42 460 461 462
f 42 462 463 464
f 42 465 466 460
f 42 467 468 465
f 42 464 469 467
f 43 152 470 471
f 43 471 472 473
f 43 474 475 153
f 43 473 183 474
f 44 476 477 178
f 44 478 60 476
f 45 46 187 186
f 45 183 473 479
f 45 479 480 46
f 46 480 481 482
f 46 482 60 483
f 46 483 484 187
f 47 485 486 487
f 47 488 489 490
f 47 490 491 485
f 47 492 103 488
f 48 493 494 495
f 48 496 497 498
f 48 499 500 496
f 48 495 501 499
f 48 498 502 493
f 49 503 504 505
f 49 505 506 507
f 49 508 509 503
f 49 510 511 508
f 49 507 512 510
f 50 513 514 515
f 50 515 516 517
f 50 518 519 520
f 50 520 521 513
f 50 517 522 518
f 51 523 524 525
f 51 526 527 523
f 51 528 529 526
f 51 525 530 531
f 51 531 532 528
f 52 533 534 535
f 52 535 124 536
f 52 536 537 538
f 52 539 540 533
f 52 538 541 539
f 54 444 542 543
f 54 543 544 53
f 53 544 445 38
f 55 448 326 328
f 55 545 546 449
f 55 328 547 545
f 56 548 549 550
f 56 551 552 548
f 56 550 553 551
f 57 554 555 556
f 57 557 558 554
f 57 556 559 557
f 58 560 83 561
f 58 562 563 560
f 58 564 565 566
f 58 561 567 564
f 58 566 568 562
f 59 569 570 571
f 59 572 573 574
f 59 574 575 569
f 59 571 576 577
f 59 577 578 572
f 60 482 579 476
f 61 244 243 580
f 61 581 247 244
f 61 580 582 581
f 62 583 584 585
f 62 586 587 583
f 62 588 589 586
f 62 590 591 588
f 62 585 592 590
f 63 593 594 595
f 63 596 597 593
f 63 595 598 599
f 63 599 600 601
f 63 601 602 596
f 64 603 604 605
f 64 606 607 603
f 64 605 608 609
f 64 609 610 611
f 64 611 612 606
f 65 66 271 270
f 65 270 269 402
f 65 402 608 66
f 67 613 614 615
f 67 616 617 613
f 67 615 618 616
f 68 619 620 621
f 68 322 622 619
f 68 621 323 322
f 69 623 624 625
f 69 625 626 627
f 69 627 628 623
f 70 629 630 631
f 70 632 633 629
f 70 631 634 632
f 71 635 636 637
f 71 637 638 639
f 71 639 640 635
f 72 641 642 643
f 72 644 645 641
f 72 646 647 644
f 72 648 649 646
f 72 643 650 648
f 651 652 653 654
f 73 655 656 657
f 73 658 659 655
f 73 657 660 658
f 74 661 662 663
f 74 664 665 661
f 74 666 667 664
f 74 663 668 669
f 74 669 670 666
f 75 671 672 673
f 75 674 675 671
f 75 673 676 674
f 76 390 677 678
f 76 678 679 680
f 76 680 388 390
f 77 681 682 683
f 77 684 685 681
f 77 683 686 687
f 77 687 688 689
f 78 690 691 692
f 78 693 694 690
f 78 692 695 693
f 79 696 697 698
f 79 698 699 700
f 79 700 701 696
f 80 702 703 704
f 80 705 706 707
f 80 708 709 702
f 80 707 710 708
f 81 711 712 713
f 81 713 714 715
f 81 715 716 711
f 82 717 718 719
f 82 719 720 721
f 82 722 723 717
f 82 721 724 725
f 83 560 726 727
f 83 727 728 561
f 84 729 730 731
f 84 731 732 733
f 84 733 734 729
f 85 735 736 737
f 85 738 739 735
f 85 737 740 741
f 85 741 742 743
f 85 743 744 738
f 86 745 746 747
f 86 748 749 745
f 86 747 750 751
f 86 751 752 753
f 86 753 754 748
f 87 755 756 757
f 87 757 758 759
f 87 759 760 755
f 88 761 762 624
f 88 763 764 761
f 88 624 623 763
f 89 765 766 767
f 89 767 160 159
f 89 159 768 769
f 89 769 628 770
f 89 770 771 765
f 90 772 773 774
f 90 775 776 772
f 90 774 777 775
f 91 778 779 780
f 91 781 782 778
f 91 780 783 781
f 92 784 785 786
f 92 787 93 784
f 92 786 788 787
f 93 787 789 245
f 93 790 791 784
f 93 250 792 790
f 94 793 788 786
f 94 794 795 793
f 94 786 785 796
f 94 796 797 798
f 94 798 799 794
f 95 800 801 802
f 95 803 804 800
f 95 802 805 803
f 96 806 807 808
f 96 808 809 810
f 96 810 811 806
f 97 812 813 814
f 97 814 815 816
f 97 816 817 812
f 98 818 819 820
f 98 821 822 818
f 98 820 823 821
f 99 824 825 826
f 99 827 828 824
f 99 826 829 827
f 100 830 831 832
f 100 832 833 834
f 100 834 835 830
f 101 836 837 838
f 101 838 839 840
f 101 840 841 836
f 102 842 843 844
f 102 845 846 842
f 102 844 847 848
f 102 848 849 850
f 102 850 851 845
f 103 852 853 854
f 103 492 855 856
f 103 856 857 852
f 103 854 858 488
f 104 859 860 861
f 104 861 862 612
f 104 612 611 859
f 33 405 863 401
f 105 864 865 866
f 105 867 868 864
f 105 866 869 870
f 105 871 872 867
f 105 870 873 871
f 106 874 875 876
f 106 876 877 878
f 106 878 879 874
f 107 880 881 882
f 107 883 320 880
f 107 882 884 883
f 108 885 886 887
f 108 888 889 885
f 108 887 890 888
f 109 891 892 893
f 109 894 895 891
f 109 893 896 897
f 109 897 898 899
f 109 899 582 894
f 110 900 901 902
f 110 903 904 900
f 110 902 905 903
f 111 906 907 908
f 111 909 910 906
f 111 908 911 909
f 112 912 913 914
f 112 914 915 916
f 112 916 917 912
f 113 918 919 920
f 113 920 921 922
f 113 922 923 918
f 114 924 925 926
f 114 926 927 928
f 114 928 929 924
f 115 930 931 932
f 115 933 934 930
f 115 935 936 933
f 115 932 937 938
f 115 938 939 935
f 116 940 941 942
f 116 943 944 940
f 116 942 945 943
f 117 946 947 948
f 117 949 950 946
f 117 948 951 949
f 118 952 953 954
f 118 955 956 952
f 118 954 957 955
f 119 958 959 960
f 119 960 961 962
f 119 962 963 958
f 120 964 965 966
f 120 967 968 964
f 120 966 969 967
f 121 970 971 972
f 121 972 973 974
f 121 974 975 970
f 122 976 977 978
f 122 979 980 976
f 122 981 982 983
f 122 983 984 979
f 122 978 985 981
f 123 986 987 988
f 123 988 989 990
f 123 990 991 986
f 124 992 993 994
f 124 994 995 536
f 124 996 997 992
f 124 535 998 996
f 125 999 1000 1001
f 125 1001 1002 1003
f 125 1003 1004 999
f 126 1005 1006 1007
f 126 1007 1008 1009
f 126 1009 1010 1005
f 127 1011 1012 1013
f 127 1013 1014 1015
f 127 1015 1016 1011
f 128 1017 1018 1019
f 128 1020 1021 1017
f 128 1019 1022 1020
f 129 1023 1024 1025
f 129 1026 1027 1023
f 129 1025 1028 1026
f 130 1029 1030 1031
f 130 1032 1033 1029
f 130 1031 1034 1032
f 131 1035 1036 1037
f 131 1037 1038 1039
f 131 1039 1040 1035
f 132 1041 1042 1043
f 132 1044 1045 1041
f 132 1043 1046 1047
f 132 1047 1048 1049
f 132 1049 1050 1044
f 1050 1049 1051 1052
f 1050 1052 1053 1054
f 1050 1054 1055 1044
f 1055 1056 1045 1044
f 1055 1054 1057 1058
f 1055 1058 1059 1056
f 1059 1060 1061 1056
f 1059 1058 1062 1063
f 1059 1063 1064 1060
f 1064 1065 1066 1060
f 1064 1063 1067 1068
f 1064 1068 1069 1065
f 1069 1070 1071 1065
f 1069 1068 1072 1073
f 1069 1073 1074 1070
f 1074 1075 1076 1070
f 1074 1073 1077 1078
f 1074 1078 1079 1075
f 1079 1080 1081 1075
f 1079 1078 1082 1083
f 1079 1083 1084 1080
f 1084 1085 1086 1080
f 1084 1083 1087 1088
f 1084 1088 1089 1085
f 1089 1090 1091 1085
f 1089 1088 1092 1093
f 1089 1093 1094 1090
f 1094 36 432 1090
f 1094 1093 1095 1096
f 1094 1096 435 36
f 1096 1095 1097 1098
f 1096 1098 1099 435
f 1099 1100 436 435
f 1099 1098 1101 1102
f 1099 1102 1103 1100
f 1103 1104 1105 1100
f 1103 1102 1106 1107
f 1103 1107 1108 1104
f 1108 1109 1110 1104
f 1108 1107 1111 1112
f 1108 1112 1113 1109
f 1113 1114 1115 1109
f 1113 1112 1116 1117
f 1113 1117 1118 1114
f 1118 1119 1120 1114
f 1118 1117 1121 1122
f 1118 1122 1123 1119
f 1123 1124 1125 1119
f 1123 1122 1126 1127
f 1123 1127 1128 1124
f 1128 1129 1130 1124
f 1128 1127 1131 1132
f 1128 1132 1133 1129
f 1133 1134 1135 1129
f 1133 1132 1136 1137
f 1133 1137 1138 1134
f 1138 1139 1140 1134
f 1138 1137 1141 1142
f 1138 1142 1143 1139
f 1143 757 756 1139
f 1143 1142 1144 1145
f 1143 1145 758 757
f 1145 1144 1146 1147
f 1145 1147 1148 758
f 1148 1149 759 758
f 1148 1147 1150 1151
f 1148 1151 1152 1149
f 1152 1153 1154 1149
f 1152 1151 1155 1156
f 1152 1156 1157 1153
f 1157 1158 1159 1153
f 1157 1156 1160 1161
f 1157 1161 1162 1158
f 1162 1163 1164 1158
f 1162 1161 1165 1166
f 1162 1166 1167 1163
f 1167 1168 1169 1163
f 1167 1166 1170 1171
f 1167 1171 1172 1168
f 1172 1173 1174 1168
f 1172 1171 1175 1176
f 1172 1176 1177 1173
f 1177 1178 1179 1173
f 1177 1176 1180 1181
f 1177 1181 1182 1178
f 1182 1183 1184 1178
f 1182 1181 1185 1186
f 1182 1186 335 1183
f 1186 1185 1187 1188
f 1186 1188 329 335
f 1188 1187 1189 1190
f 1188 1190 330 329
f 1190 1189 1191 1192
f 1190 1192 1193 330
f 1193 1194 331 330
f 1193 1192 1195 1196
f 1193 1196 1197 1194
f 1197 1196 1198 1199
f 1197 1199 1200 1201
f 1197 1201 1202 1194
f 1202 338 331 1194
f 1202 1201 1203 1204
f 1202 1204 1205 338
f 1205 1206 336 338
f 1205 1204 1207 1208
f 1205 1208 1209 1206
f 1209 1210 1211 1206
f 1209 1208 1212 1213
f 1209 1213 1214 1210
f 1214 1215 1216 1210
f 1214 1213 1217 1218
f 1214 1218 1219 1215
f 1219 1220 1221 1215
f 1219 1218 1222 1223
f 1219 1223 1224 1220
f 1224 1225 1226 1220
f 1224 1223 1227 1228
f 1224 1228 1229 1225
f 1229 1230 1231 1225
f 1229 1228 1232 1233
f 1229 1233 1234 1230
f 1234 1235 1236 1230
f 1234 1233 1237 1238
f 1234 1238 1239 1235
f 1239 1240 1241 1235
f 1239 1238 1242 1243
f 1239 1243 1244 1240
f 1244 1245 1246 1240
f 1244 1243 1247 1248
f 1244 1248 622 1245
f 1248 1247 1249 1250
f 1248 1250 619 622
f 1250 1249 1251 1252
f 1250 1252 620 619
f 1252 1251 1253 1254
f 1252 1254 1255 620
f 1255 1256 621 620
f 1255 1254 1257 1258
f 1255 1258 547 1256
f 1258 1257 1259 1260
f 1258 1260 545 547
f 1260 1259 1261 1262
f 1260 1262 546 545
f 1262 1261 1263 1264
f 1262 1264 1265 546
f 1265 450 449 546
f 1265 1264 1266 1267
f 1265 1267 451 450
f 1267 1266 1268 542
f 1267 542 444 451
f 1268 1266 1269 1270
f 1268 1270 1271 1272
f 1268 1272 543 542
f 1272 1271 1273 1274
f 1272 1274 544 543
f 1274 1273 1275 1276
f 1274 1276 445 544
f 1276 1275 1277 1278
f 1276 1278 446 445
f 1278 1277 1279 1280
f 1278 1280 1281 446
f 1281 448 447 446
f 1281 1280 1282 327
f 1281 327 326 448
f 1282 1280 1279 1241
f 1282 1241 1240 1246
f 1282 1246 324 327
f 1279 1277 1283 1236
f 1279 1236 1235 1241
f 1283 1277 1275 1284
f 1283 1284 1285 1231
f 1283 1231 1230 1236
f 1285 1284 1286 1287
f 1285 1287 1288 1226
f 1285 1226 1225 1231
f 1288 1287 1289 1290
f 1288 1290 1291 1221
f 1288 1221 1220 1226
f 1291 1290 1292 1293
f 1291 1293 1294 1216
f 1291 1216 1215 1221
f 1294 1293 1295 1296
f 1294 1296 337 1211
f 1294 1211 1210 1216
f 1296 1295 1297 1298
f 1296 1298 332 337
f 1298 1297 1299 1300
f 1298 1300 333 332
f 1300 1299 1301 1302
f 1300 1302 1303 333
f 1303 1302 1304 1305
f 1303 1305 1306 1307
f 1303 1307 334 333
f 1307 1306 1184 1183
f 1307 1183 335 334
f 1306 1305 1308 1309
f 1306 1309 1310 1184
f 1310 1309 1311 1312
f 1310 1312 1313 1179
f 1310 1179 1178 1184
f 1313 1312 1314 1315
f 1313 1315 1316 1174
f 1313 1174 1173 1179
f 1316 1315 1317 1318
f 1316 1318 1319 1169
f 1316 1169 1168 1174
f 1319 1318 1320 1321
f 1319 1321 1322 1164
f 1319 1164 1163 1169
f 1322 1321 1323 1324
f 1322 1324 1325 1159
f 1322 1159 1158 1164
f 1325 1324 1326 1327
f 1325 1327 760 1154
f 1325 1154 1153 1159
f 1327 1326 1328 1329
f 1327 1329 755 760
f 1329 1328 1330 1331
f 1329 1331 756 755
f 1331 1330 1332 1140
f 1331 1140 1139 756
f 1332 1330 427 426
f 1332 426 1333 1135
f 1332 1135 1134 1140
f 1333 426 425 1334
f 1333 1334 1335 1130
f 1333 1130 1129 1135
f 1335 1334 1336 1337
f 1335 1337 1338 1125
f 1335 1125 1124 1130
f 1338 1337 1339 1340
f 1338 1340 1341 1120
f 1338 1120 1119 1125
f 1341 1340 1342 1343
f 1341 1343 1344 1115
f 1341 1115 1114 1120
f 1344 1343 1345 1346
f 1344 1346 1347 1110
f 1344 1110 1109 1115
f 1347 1346 1348 1349
f 1347 1349 1350 1105
f 1347 1105 1104 1110
f 1350 1349 1351 1352
f 1350 1352 433 436
f 1350 436 1100 1105
f 1352 1351 1353 1354
f 1352 1354 434 433
f 1354 1353 1355 1356
f 1354 1356 1357 434
f 1357 1356 1358 1359
f 1357 1359 1360 1361
f 1357 1361 430 434
f 1361 1360 1362 1363
f 1361 1363 431 430
f 1363 1362 1364 1365
f 1363 1365 1366 431
f 1366 1365 1367 1368
f 1366 1368 1369 1370
f 1366 1370 432 431
f 1370 1369 1371 1091
f 1370 1091 1090 432
f 1371 1369 1372 1373
f 1371 1373 1374 1086
f 1371 1086 1085 1091
f 1374 1373 1375 1376
f 1374 1376 1377 1081
f 1374 1081 1080 1086
f 1377 1376 1378 1379
f 1377 1379 1380 1076
f 1377 1076 1075 1081
f 1380 1379 1381 1382
f 1380 1382 1383 1071
f 1380 1071 1070 1076
f 1383 1382 1384 1385
f 1383 1385 1386 1066
f 1383 1066 1065 1071
f 1386 1385 1387 1388
f 1386 1388 1389 1061
f 1386 1061 1060 1066
f 1389 1388 1390 1391
f 1389 1391 1041 1045
f 1389 1045 1056 1061
f 1391 1390 1392 1393
f 1391 1393 1042 1041
f 1393 1392 1394 1395
f 1393 1395 568 1042
f 1395 1394 1396 1397
f 1395 1397 562 568
f 1397 1396 1398 1399
f 1397 1399 563 562
f 1399 1398 1400 1401
f 1399 1401 1402 563
f 1402 726 560 563
f 1402 1401 1403 1404
f 1402 1404 1405 726
f 1405 1406 727 726
f 1405 1404 1407 1408
f 1405 1408 1409 1406
f 1409 1410 1411 1406
f 1409 1408 1412 1413
f 1409 1413 1414 1410
f 1414 1415 1416 1410
f 1414 1413 1417 1418
f 1414 1418 1419 1415
f 1419 1418 1420 1421
f 1419 1421 1422 1423
f 1419 1423 1424 1415
f 1424 1423 1425 1426
f 1424 1426 1427 1428
f 1424 1428 1416 1415
f 1428 1427 1429 1430
f 1428 1430 1431 1416
f 1431 1411 1410 1416
f 1431 1430 1432 1433
f 1431 1433 728 1411
f 1433 1432 1434 567
f 1433 567 561 728
f 1434 1432 1435 1436
f 1434 1436 1437 1438
f 1434 1438 564 567
f 1438 1437 1439 1440
f 1438 1440 565 564
f 1440 1439 1441 1442
f 1440 1442 1046 565
f 1442 1441 1443 1444
f 1442 1444 1047 1046
f 1444 1443 1445 1446
f 1444 1446 1048 1047
f 1446 1445 1447 1448
f 1446 1448 1449 1048
f 1449 1051 1049 1048
f 1449 1448 1450 1451
f 1449 1451 1452 1051
f 1452 1453 1052 1051
f 1452 1451 1454 766
f 1452 766 765 1453
f 1454 1451 1450 1455
f 1454 1455 1456 1457
f 1454 1457 767 766
f 1457 1456 1458 161
f 1457 161 160 767
f 1458 1456 1459 1460
f 1458 1460 1461 1462
f 1458 1462 162 161
f 1462 1461 1463 1464
f 1462 1464 163 162
f 1464 1463 1465 1466
f 1464 1466 1467 163
f 1467 1466 1468 1469
f 1467 1469 1470 1471
f 1467 1471 164 163
f 1471 1470 1472 1473
f 1471 1473 167 164
f 1473 1472 1474 1475
f 1473 1475 1476 167
f 1476 1477 165 167
f 1476 1475 1478 1479
f 1476 1479 1480 1477
f 1480 1481 1482 1477
f 1480 1479 138 137
f 1480 137 141 1481
f 1482 236 241 166
f 1482 166 165 1477
f 1482 1481 237 236
f 1481 141 1483 237
f 1483 233 1484 1485
f 1483 1485 238 237
f 1483 141 134 233
f 1485 1484 1486 1487
f 1485 1487 239 238
f 1487 1486 1488 1489
f 1487 1489 1490 239
f 1490 1489 762 761
f 1490 761 764 1491
f 1490 1491 240 239
f 1491 764 768 1492
f 1491 1492 241 240
f 1492 768 159 158
f 1492 158 166 241
f 1489 1488 1493 762
f 1493 1494 626 625
f 1493 625 624 762
f 1493 1488 1495 1494
f 1495 1496 1497 1494
f 1495 1488 1486 1498
f 1495 1498 1499 1496
f 1499 1500 1501 1496
f 1499 1498 1502 1503
f 1499 1503 1504 1500
f 1504 1505 1506 1500
f 1504 1503 235 1507
f 1504 1507 1508 1505
f 1508 1509 1510 1505
f 1508 1507 1511 1512
f 1508 1512 1513 1509
f 1513 1514 1515 1509
f 1513 1512 1516 1517
f 1513 1517 1518 1514
f 1518 1519 1520 1514
f 1518 1517 1521 1522
f 1518 1522 1523 1519
f 1523 1524 1525 1519
f 1523 1522 1526 1527
f 1523 1527 1528 1524
f 1528 1529 1530 1524
f 1528 1527 1531 1532
f 1528 1532 1533 1529
f 1533 1534 1535 1529
f 1533 1532 1536 1537
f 1533 1537 1538 1534
f 1538 1539 1540 1534
f 1538 1537 1541 1542
f 1538 1542 1543 1539
f 1543 1544 1545 1539
f 1543 1542 1546 1547
f 1543 1547 1548 1544
f 1548 1549 1550 1544
f 1548 1547 1551 1552
f 1548 1552 1553 1549
f 1553 1554 1555 1549
f 1553 1552 1556 1557
f 1553 1557 1558 1554
f 1558 1559 1560 1554
f 1558 1557 1561 1562
f 1558 1562 1563 1559
f 1563 1564 1565 1559
f 1563 1562 1566 1567
f 1563 1567 1568 1564
f 1568 1569 1570 1564
f 1568 1567 1571 1572
f 1568 1572 1573 1569
f 1573 1574 1575 1569
f 1573 1572 1576 1577
f 1573 1577 1578 1574
f 1578 1579 1580 1574
f 1578 1577 1581 1582
f 1578 1582 1583 1579
f 1583 1584 1585 1579
f 1583 1582 1586 1587
f 1583 1587 1588 1584
f 1588 1589 1590 1584
f 1588 1587 1591 1592
f 1588 1592 1593 1589
f 1593 1594 1595 1589
f 1593 1592 1596 1597
f 1593 1597 1598 1594
f 1598 1599 1600 1594
f 1598 1597 1601 1602
f 1598 1602 1603 1599
f 1603 1604 1605 1599
f 1603 1602 1606 1607
f 1603 1607 1608 1604
f 1608 1609 1610 1604
f 1608 1607 1611 1612
f 1608 1612 1613 1609
f 1613 1614 1615 1609
f 1613 1612 1616 1617
f 1613 1617 1618 1614
f 1618 773 1619 1614
f 1618 1617 1620 1621
f 1618 1621 774 773
f 1621 1620 1622 1623
f 1621 1623 777 774
f 1623 1624 1625 777
f 1623 1622 1626 1624
f 1626 1627 1628 1624
f 1626 1622 1629 1630
f 1626 1630 1631 1627
f 1631 1632 1633 1627
f 1631 1630 1634 1635
f 1631 1635 1636 1632
f 1636 1637 1638 1632
f 1636 1635 1639 1640
f 1636 1640 1641 1637
f 1641 1642 1643 1637
f 1641 1640 1644 1645
f 1641 1645 1646 1642
f 1646 1647 1648 1642
f 1646 1645 1649 1650
f 1646 1650 1651 1647
f 1651 1650 1652 1653
f 1651 1653 1348 1654
f 1651 1654 1655 1647
f 1655 1656 1648 1647
f 1655 1654 1345 1657
f 1655 1657 1658 1656
f 1658 1659 1660 1656
f 1658 1657 1342 1661
f 1658 1661 1662 1659
f 1662 1663 1664 1659
f 1662 1661 1339 1665
f 1662 1665 1666 1663
f 1666 1667 1668 1663
f 1666 1665 1336 428
f 1666 428 424 1667
f 1668 1207 1204 1203
f 1668 1203 1664 1663
f 1668 1667 1669 1207
f 1669 1212 1208 1207
f 1669 1667 424 423
f 1669 423 1670 1212
f 1670 1217 1213 1212
f 1670 423 422 1671
f 1670 1671 1672 1217
f 1672 1222 1218 1217
f 1672 1671 1673 1674
f 1672 1674 1675 1222
f 1675 1227 1223 1222
f 1675 1674 1676 1677
f 1675 1677 1678 1227
f 1678 1232 1228 1227
f 1678 1677 1679 1680
f 1678 1680 1681 1232
f 1681 1237 1233 1232
f 1681 1680 1682 1683
f 1681 1683 1684 1237
f 1684 1242 1238 1237
f 1684 1683 1685 1686
f 1684 1686 1687 1242
f 1687 1247 1243 1242
f 1687 1686 1688 1689
f 1687 1689 1249 1247
f 1689 1688 1690 1691
f 1689 1691 1251 1249
f 1691 1690 1692 1693
f 1691 1693 1253 1251
f 1693 1692 1694 1695
f 1693 1695 1696 1253
f 1696 1257 1254 1253
f 1696 1695 1697 1698
f 1696 1698 1259 1257
f 1698 1697 1699 1700
f 1698 1700 1261 1259
f 1700 1699 1701 1702
f 1700 1702 1263 1261
f 1702 1701 1703 1704
f 1702 1704 1269 1263
f 1704 1703 1705 1706
f 1704 1706 1270 1269
f 1706 1705 1289 1707
f 1706 1707 1271 1270
f 1707 1289 1287 1286
f 1707 1286 1273 1271
f 1705 1703 1708 1292
f 1705 1292 1290 1289
f 1708 1703 1701 1709
f 1708 1709 1297 1295
f 1708 1295 1293 1292
f 1709 1701 1699 1710
f 1709 1710 1299 1297
f 1710 1699 1697 1711
f 1710 1711 1301 1299
f 1711 1697 1695 1694
f 1711 1694 1712 1301
f 1712 1694 1692 1713
f 1712 1713 1714 1304
f 1712 1304 1302 1301
f 1714 1713 1715 1716
f 1714 1716 1717 1308
f 1714 1308 1305 1304
f 1717 1716 1718 1719
f 1717 1719 1720 1311
f 1717 1311 1309 1308
f 1720 1719 1721 1722
f 1720 1722 1723 1314
f 1720 1314 1312 1311
f 1723 1722 1724 1725
f 1723 1725 1726 1317
f 1723 1317 1315 1314
f 1726 1725 1727 1728
f 1726 1728 1729 1320
f 1726 1320 1318 1317
f 1729 1728 1730 1731
f 1729 1731 1732 1323
f 1729 1323 1321 1320
f 1732 1731 420 429
f 1732 429 1328 1326
f 1732 1326 1324 1323
f 1731 1730 421 420
f 1730 1733 1673 421
f 1730 1728 1727 1733
f 1733 1676 1674 1673
f 1733 1727 1734 1676
f 1734 1679 1677 1676
f 1734 1727 1725 1724
f 1734 1724 1735 1679
f 1735 1682 1680 1679
f 1735 1724 1722 1721
f 1735 1721 1736 1682
f 1736 1685 1683 1682
f 1736 1721 1719 1718
f 1736 1718 1737 1685
f 1737 1688 1686 1685
f 1737 1718 1716 1715
f 1737 1715 1690 1688
f 1715 1713 1692 1690
f 1673 1671 422 421
f 1665 1339 1337 1336
f 1664 1203 1201 1200
f 1664 1200 1660 1659
f 1661 1342 1340 1339
f 1660 1200 1199 1738
f 1660 1738 1648 1656
f 1738 1199 1198 1643
f 1738 1643 1642 1648
f 1657 1345 1343 1342
f 1654 1348 1346 1345
f 1653 1652 1353 1351
f 1653 1351 1349 1348
f 1652 1650 1649 1739
f 1652 1739 1355 1353
f 1739 1649 1740 1741
f 1739 1741 1742 1355
f 1742 1741 1743 1744
f 1742 1744 1745 1358
f 1742 1358 1356 1355
f 1745 1744 1746 1747
f 1745 1747 1748 1749
f 1745 1749 1359 1358
f 1749 1748 1750 1751
f 1749 1751 1360 1359
f 1751 1750 1752 1753
f 1751 1753 1362 1360
f 1753 1752 1754 1755
f 1753 1755 1364 1362
f 1755 1754 1756 1757
f 1755 1757 1758 1364
f 1758 1367 1365 1364
f 1758 1757 1759 1760
f 1758 1760 1761 1367
f 1761 1762 1368 1367
f 1761 1760 718 717
f 1761 717 723 1762
f 1762 723 1763 1372
f 1762 1372 1369 1368
f 1763 723 722 1764
f 1763 1764 1765 1375
f 1763 1375 1373 1372
f 1765 1764 1766 1767
f 1765 1767 1768 1378
f 1765 1378 1376 1375
f 1768 1767 1769 1770
f 1768 1770 1771 1381
f 1768 1381 1379 1378
f 1771 1770 1772 1773
f 1771 1773 1774 1384
f 1771 1384 1382 1381
f 1774 1773 1775 1776
f 1774 1776 1777 1387
f 1774 1387 1385 1384
f 1777 1776 1778 1779
f 1777 1779 1392 1390
f 1777 1390 1388 1387
f 1779 1778 1780 1781
f 1779 1781 1394 1392
f 1781 1780 1782 1783
f 1781 1783 1396 1394
f 1783 1782 1784 1785
f 1783 1785 1398 1396
f 1785 1784 1786 1787
f 1785 1787 1400 1398
f 1787 1786 1788 1789
f 1787 1789 1790 1400
f 1790 1403 1401 1400
f 1790 1789 1791 1792
f 1790 1792 1793 1403
f 1793 1407 1404 1403
f 1793 1792 1794 1795
f 1793 1795 1796 1407
f 1796 1412 1408 1407
f 1796 1795 1797 1798
f 1796 1798 1799 1412
f 1799 1417 1413 1412
f 1799 1798 1800 1801
f 1799 1801 1802 1417
f 1802 1420 1418 1417
f 1802 1801 1803 1022
f 1802 1022 1019 1420
f 1803 1801 1800 1804
f 1803 1804 1805 1806
f 1803 1806 1020 1022
f 1806 1805 1807 1808
f 1806 1808 1021 1020
f 1808 1807 1809 1810
f 1808 1810 1811 1021
f 1811 1810 1812 1813
f 1811 1813 1814 1815
f 1811 1815 1017 1021
f 1815 1814 1816 1817
f 1815 1817 1018 1017
f 1817 1816 1818 1422
f 1817 1422 1421 1018
f 1818 1816 1819 1820
f 1818 1820 1821 1425
f 1818 1425 1423 1422
f 1821 1820 1822 1823
f 1821 1823 1824 1825
f 1821 1825 1426 1425
f 1825 1824 1826 1827
f 1825 1827 1427 1426
f 1827 1826 1828 1829
f 1827 1829 1429 1427
f 1829 1828 1830 1831
f 1829 1831 1435 1429
f 1831 1830 1832 1833
f 1831 1833 1436 1435
f 1833 1832 1834 1835
f 1833 1835 1437 1436
f 1835 1834 1836 1837
f 1835 1837 1439 1437
f 1837 1836 1838 1839
f 1837 1839 1441 1439
f 1839 1838 1840 1841
f 1839 1841 1443 1441
f 1841 1840 1842 1843
f 1841 1843 1445 1443
f 1843 1842 1844 1845
f 1843 1845 1447 1445
f 1845 1844 1846 1847
f 1845 1847 1848 1447
f 1848 1450 1448 1447
f 1848 1847 1849 1850
f 1848 1850 1455 1450
f 1850 1849 1851 1459
f 1850 1459 1456 1455
f 1851 1849 1852 1853
f 1851 1853 1854 1855
f 1851 1855 1460 1459
f 1855 1854 1856 1857
f 1855 1857 1461 1460
f 1857 1856 1858 1859
f 1857 1859 1463 1461
f 1859 1858 1860 1861
f 1859 1861 1465 1463
f 1861 1860 1862 1863
f 1861 1863 1864 1465
f 1864 1863 1865 1866
f 1864 1866 1867 1468
f 1864 1468 1466 1465
f 1867 1866 1868 1869
f 1867 1869 1870 1871
f 1867 1871 1469 1468
f 1871 1870 1872 1873
f 1871 1873 1470 1469
f 1873 1872 1874 1875
f 1873 1875 1472 1470
f 1875 1874 1876 1877
f 1875 1877 1474 1472
f 1877 1876 1878 1879
f 1877 1879 1880 1474
f 1880 1478 1475 1474
f 1880 1879 1881 1882
f 1880 1882 1883 1478
f 1883 138 1479 1478
f 1883 1882 1884 1885
f 1883 1885 139 138
f 1885 1884 1886 1887
f 1885 1887 140 139
f 1887 1886 1888 1889
f 1887 1889 1890 140
f 1890 1891 135 140
f 1890 1889 1892 1893
f 1890 1893 1894 1891
f 1894 462 461 1891
f 1894 1893 1895 1896
f 1894 1896 463 462
f 1896 1895 1897 1898
f 1896 1898 1899 463
f 1899 1900 464 463
f 1899 1898 1901 1902
f 1899 1902 1903 1900
f 1903 1904 1905 1900
f 1903 1902 1906 1907
f 1903 1907 1908 1904
f 1908 1909 1910 1904
f 1908 1907 1911 1912
f 1908 1912 1913 1909
f 1913 1914 1915 1909
f 1913 1912 1916 1917
f 1913 1917 1918 1914
f 1918 1919 1920 1914
f 1918 1917 1921 1922
f 1918 1922 1923 1919
f 1923 1924 1925 1919
f 1923 1922 1926 1927
f 1923 1927 1928 1924
f 1928 1929 1930 1924
f 1928 1927 1931 1932
f 1928 1932 1933 1929
f 1933 1934 1935 1929
f 1933 1932 1936 1937
f 1933 1937 1938 1934
f 1938 1939 1940 1934
f 1938 1937 1941 1942
f 1938 1942 354 1939
f 1942 1941 1943 1944
f 1942 1944 349 354
f 1944 1943 1029 1033
f 1944 1033 350 349
f 1943 1941 1945 1946
f 1943 1946 1030 1029
f 1946 1945 1947 1038
f 1946 1038 1037 1030
f 1947 1945 1936 1948
f 1947 1948 1949 1950
f 1947 1950 1039 1038
f 1950 1949 1951 1952
f 1950 1952 1040 1039
f 1952 1951 1953 1954
f 1952 1954 1955 1040
f 1955 1954 553 550
f 1955 550 549 1956
f 1955 1956 1035 1040
f 1956 549 1957 1958
f 1956 1958 1036 1035
f 1958 1957 1959 1034
f 1958 1034 1031 1036
f 1959 1957 1960 1961
f 1959 1961 1962 1963
f 1959 1963 1032 1034
f 1963 1962 351 350
f 1963 350 1033 1032
f 1962 1961 1964 1965
f 1962 1965 352 351
f 1965 1964 1966 1967
f 1965 1967 1968 352
f 1968 1967 1969 1970
f 1968 1970 1971 1972
f 1968 1972 353 352
f 1972 1971 1940 1939
f 1972 1939 354 353
f 1971 1970 1973 1974
f 1971 1974 1975 1940
f 1975 1974 1976 1977
f 1975 1977 1978 1935
f 1975 1935 1934 1940
f 1978 1977 1979 1980
f 1978 1980 1981 1930
f 1978 1930 1929 1935
f 1981 1980 1982 1983
f 1981 1983 1984 1925
f 1981 1925 1924 1930
f 1984 1983 1985 1986
f 1984 1986 1987 1920
f 1984 1920 1919 1925
f 1987 1986 147 146
f 1987 146 1988 1915
f 1987 1915 1914 1920
f 1988 146 145 1989
f 1988 1989 1990 1910
f 1988 1910 1909 1915
f 1990 1989 1991 1992
f 1990 1992 469 1905
f 1990 1905 1904 1910
f 1992 1991 1993 1994
f 1992 1994 467 469
f 1994 1993 1995 1996
f 1994 1996 468 467
f 1996 1995 1997 1998
f 1996 1998 1999 468
f 1999 2000 465 468
f 1999 1998 2001 2002
f 1999 2002 2003 2000
f 2003 2004 2005 2000
f 2003 2002 2006 2007
f 2003 2007 2008 2004
f 2008 2009 2010 2004
f 2008 2007 2011 2012
f 2008 2012 2013 2009
f 2013 2014 2015 2009
f 2013 2012 2016 2017
f 2013 2017 2018 2014
f 2018 2019 2020 2014
f 2018 2017 2021 2022
f 2018 2022 2023 2019
f 2023 2024 2025 2019
f 2023 2022 2026 2027
f 2023 2027 2028 2024
f 2028 2029 2030 2024
f 2028 2027 2031 2032
f 2028 2032 2033 2029
f 2033 2034 2035 2029
f 2033 2032 2036 2037
f 2033 2037 2038 2034
f 2038 2039 2040 2034
f 2038 2037 2041 2042
f 2038 2042 2043 2039
f 2043 2044 2045 2039
f 2043 2042 2046 2047
f 2043 2047 2048 2044
f 2048 2049 2050 2044
f 2048 2047 2051 2052
f 2048 2052 2053 2049
f 2053 2054 2055 2049
f 2053 2052 2056 2057
f 2053 2057 2058 2054
f 2058 2059 589 2054
f 2058 2057 2060 2061
f 2058 2061 2062 2059
f 2062 2063 2064 2059
f 2062 2061 2065 2066
f 2062 2066 2067 2063
f 2067 2068 2069 2063
f 2067 2066 2070 2071
f 2067 2071 2072 2068
f 2072 2073 2074 2068
f 2072 2071 2075 2076
f 2072 2076 2077 2073
f 2077 2078 2079 2073
f 2077 2076 2080 2081
f 2077 2081 2082 2078
f 2082 2083 2084 2078
f 2082 2081 2085 2086
f 2082 2086 2087 2083
f 2087 2088 2089 2083
f 2087 2086 2090 2091
f 2087 2091 2092 2088
f 2092 2093 2094 2088
f 2092 2091 2095 2096
f 2092 2096 2097 2093
f 2097 2098 2099 2093
f 2097 2096 2100 2101
f 2100 2096 2095 2102
f 2102 2095 2103 2104
f 2104 2103 2105 2106
f 2107 2108 2109 2110
f 2107 2110 2111 2112
f 2107 2112 863 405
f 2112 2111 2113 2114
f 2112 2114 610 863
f 2114 2113 860 859
f 2114 859 611 610
f 2113 2111 2115 2116
f 2113 2116 2117 860
f 2117 2116 2118 2119
f 2117 2119 2120 2121
f 2117 2121 861 860
f 2121 2120 2122 2123
f 2121 2123 862 861
f 2123 2122 2124 2125
f 2123 2125 2126 862
f 2126 2125 2127 2128
f 2126 2128 607 606
f 2126 606 612 862
f 2128 2127 2129 2130
f 2128 2130 2131 607
f 2131 2130 2132 2133
f 2131 2133 2134 2135
f 2131 2135 603 607
f 2135 2134 271 66
f 2135 66 604 603
f 2134 2133 407 406
f 2134 406 268 271
f 2133 2132 2136 407
f 2136 2132 2137 2138
f 2136 2138 2139 2140
f 2136 2140 408 407
f 2140 2139 2141 2142
f 2140 2142 409 408
f 2142 2141 2143 2144
f 2142 2144 2145 409
f 2145 2144 2146 2147
f 2145 2147 2148 2149
f 2145 2149 403 409
f 2149 2148 2150 2151
f 2149 2151 404 403
f 2150 2148 2152 2153
f 2152 2148 2147 2098
f 2147 2146 2099 2098
f 2146 2144 2143 2154
f 2146 2154 2155 2099
f 2155 2154 2156 2157
f 2155 2157 2158 2094
f 2155 2094 2093 2099
f 2158 2157 2159 2160
f 2158 2160 2161 2089
f 2158 2089 2088 2094
f 2161 2160 2162 2163
f 2161 2163 2164 2084
f 2161 2084 2083 2089
f 2164 2163 2165 2166
f 2164 2166 2167 2079
f 2164 2079 2078 2084
f 2167 2166 2168 2169
f 2167 2169 2170 2074
f 2167 2074 2073 2079
f 2170 2169 2171 2172
f 2170 2172 2173 2069
f 2170 2069 2068 2074
f 2173 2172 2174 587
f 2173 587 586 2064
f 2173 2064 2063 2069
f 2174 2175 2176 2177
f 2174 2177 583 587
f 2174 2172 2171 2175
f 2177 2176 2178 2179
f 2177 2179 584 583
f 2179 2178 2180 2181
f 2179 2181 2182 584
f 2182 2181 2183 2184
f 2182 2184 2185 2186
f 2182 2186 585 584
f 2186 2185 2187 2188
f 2186 2188 592 585
f 2188 2187 2189 2190
f 2188 2190 2191 592
f 2191 2190 2192 2193
f 2191 2193 484 2194
f 2191 2194 590 592
f 2194 484 483 2195
f 2194 2195 591 590
f 2195 483 60 2196
f 2195 2196 2197 591
f 2197 2196 2198 2050
f 2197 2050 2049 2055
f 2197 2055 588 591
f 2198 2196 60 478
f 2198 478 2199 2045
f 2198 2045 2044 2050
f 2199 478 44 185
f 2199 185 2200 2040
f 2199 2040 2039 2045
f 2200 185 184 189
f 2200 189 194 2035
f 2200 2035 2034 2040
f 2193 2192 190 188
f 2193 188 187 484
f 2192 2190 2189 2201
f 2192 2201 2202 190
f 2202 2201 481 480
f 2202 480 479 2203
f 2202 2203 191 190
f 2203 479 473 472
f 2203 472 192 191
f 2201 2189 2204 481
f 2204 2189 2187 2205
f 2204 2205 2206 579
f 2204 579 482 481
f 2206 2205 2207 2208
f 2206 2208 2209 477
f 2206 477 476 579
f 2209 2208 195 201
f 2209 201 2210 2211
f 2209 2211 178 477
f 2211 2210 2212 2213
f 2211 2213 179 178
f 2213 2212 2214 2215
f 2213 2215 2216 179
f 2216 180 6 179
f 2216 2215 2217 2218
f 2216 2218 2219 180
f 2219 2220 181 180
f 2219 2218 2221 2222
f 2219 2222 2223 2220
f 2223 2224 2225 2220
f 2223 2222 2226 2227
f 2223 2227 2228 2224
f 2228 2229 2230 2224
f 2228 2227 2231 2232
f 2228 2232 2233 2229
f 2233 2234 2235 2229
f 2233 2232 2236 2237
f 2233 2237 2238 2234
f 2238 2239 2240 2234
f 2238 2237 2241 2242
f 2238 2242 2243 2239
f 2243 2244 2245 2239
f 2243 2242 2246 2247
f 2243 2247 2248 2244
f 2248 2249 2250 2244
f 2248 2247 2251 2252
f 2248 2252 2253 2249
f 2253 2254 2255 2249
f 2253 2252 2256 2257
f 2253 2257 2258 2254
f 2258 2259 2260 2254
f 2258 2257 2261 2262
f 2258 2262 2263 2259
f 2263 2264 2265 2259
f 2263 2262 2266 2267
f 2263 2267 2268 2264
f 2268 2269 2270 2264
f 2268 2267 2271 2272
f 2268 2272 2273 2269
f 2273 2274 2275 2269
f 2273 2272 2276 2277
f 2273 2277 2278 2274
f 2278 2279 2280 2274
f 2278 2277 2281 2282
f 2278 2282 2283 2279
f 2283 2284 2285 2279
f 2283 2282 2286 2287
f 2283 2287 2288 2284
f 2288 2289 2290 2284
f 2288 2287 2291 2292
f 2288 2292 2293 2289
f 2293 2294 2295 2289
f 2293 2292 2296 2297
f 2293 2297 2298 2294
f 2298 2299 2300 2294
f 2298 2297 2301 2302
f 2298 2302 2303 2299
f 2303 2304 2305 2299
f 2303 2302 2306 2307
f 2303 2307 2308 2304
f 2308 2309 2310 2304
f 2308 2307 2311 2312
f 2308 2312 2313 2309
f 2313 2314 2315 2309
f 2313 2312 2316 2317
f 2313 2317 2318 2314
f 2318 2319 2320 2314
f 2318 2317 2321 2322
f 2318 2322 2323 2319
f 2323 2324 2325 2319
f 2323 2322 2326 2327
f 2323 2327 2328 2324
f 2328 2329 2330 2324
f 2328 2327 2331 2332
f 2328 2332 2333 2329
f 2333 2334 2335 2329
f 2333 2332 2336 2337
f 2333 2337 2338 2334
f 2338 2339 2340 2334
f 2338 2337 2341 2342
f 2338 2342 2343 2339
f 2343 2344 2345 2339
f 2343 2342 2346 2347
f 2343 2347 2348 2344
f 2348 2349 2350 2344
f 2348 2347 2351 2352
f 2348 2352 2353 2349
f 2353 2354 2355 2349
f 2353 2352 2356 2357
f 2353 2357 2358 2354
f 2358 2359 2360 2354
f 2358 2357 2361 2362
f 2358 2362 2363 2359
f 2363 2364 2365 2359
f 2363 2362 2366 2367
f 2363 2367 2368 2364
f 2368 2369 2370 2364
f 2368 2367 2371 2372
f 2368 2372 2373 2369
f 2373 2374 2375 2369
f 2373 2372 2376 2377
f 2373 2377 2378 2374
f 2378 2379 2380 2374
f 2378 2377 2381 2382
f 2378 2382 2383 2379
f 2383 2384 2385 2379
f 2383 2382 2386 2387
f 2383 2387 2388 2384
f 2388 2389 2390 2384
f 2388 2387 2391 2392
f 2388 2392 2393 2389
f 2393 2394 2395 2389
f 2393 2392 2396 2397
f 2393 2397 2398 2394
f 2398 2399 2400 2394
f 2398 2397 2401 868
f 2398 868 867 2399
f 2401 2397 2396 2402
f 2401 2402 2403 2404
f 2401 2404 864 868
f 2404 2403 2405 2406
f 2404 2406 865 864
f 2406 2405 2407 2408
f 2406 2408 2409 865
f 2409 2410 866 865
f 2409 2408 2411 2412
f 2409 2412 2413 2410
f 2413 2412 2414 2415
f 2413 2415 2416 2417
f 2413 2417 2418 2410
f 2418 869 866 2410
f 2418 2417 2419 2420
f 2418 2420 2421 869
f 2421 2422 870 869
f 2421 2420 2423 2424
f 2421 2424 2425 2422
f 2425 2426 2427 2422
f 2425 2424 2428 2429
f 2425 2429 2430 2426
f 2430 2431 2432 2426
f 2430 2429 2433 2434
f 2430 2434 2435 2431
f 2435 2436 2437 2431
f 2435 2434 2438 2439
f 2435 2439 2440 2436
f 2440 2441 2442 2436
f 2440 2439 2443 2444
f 2440 2444 2445 2441
f 2445 2446 2447 2441
f 2445 2444 2448 2449
f 2445 2449 2450 2446
f 2450 2451 2452 2446
f 2450 2449 2453 2454
f 2450 2454 2455 2451
f 2455 2456 2457 2451
f 2455 2454 2458 2459
f 2455 2459 2460 2456
f 2460 2461 2462 2456
f 2460 2459 2463 2464
f 2460 2464 2465 2461
f 2465 2466 2467 2461
f 2465 2464 2468 2469
f 2465 2469 2470 2466
f 2470 2471 2472 2466
f 2470 2469 2473 2474
f 2470 2474 2475 2471
f 2475 2476 2477 2471
f 2475 2474 2478 2479
f 2475 2479 2480 2476
f 2480 2481 2482 2476
f 2480 2479 2483 2484
f 2480 2484 2485 2481
f 2485 2486 2487 2481
f 2485 2484 2488 2489
f 2485 2489 2490 2486
f 2490 2491 2492 2486
f 2490 2489 2493 2494
f 2490 2494 2495 2491
f 2495 2496 2497 2491
f 2495 2494 2498 2499
f 2495 2499 2500 2496
f 2500 2501 2502 2496
f 2500 2499 2503 2504
f 2500 2504 2505 2501
f 2505 2506 2507 2501
f 2505 2504 2508 2509
f 2505 2509 2510 2506
f 2510 2511 2512 2506
f 2510 2509 2513 2514
f 2510 2514 2515 2511
f 2515 2516 2517 2511
f 2515 2514 2518 2519
f 2515 2519 2520 2516
f 2520 2521 2522 2516
f 2520 2519 2523 2524
f 2520 2524 2525 2521
f 2525 2526 2527 2521
f 2525 2524 2528 2529
f 2525 2529 884 2526
f 2529 2528 2530 2531
f 2529 2531 883 884
f 2531 2530 316 315
f 2531 315 320 883
f 2530 2528 2532 2533
f 2530 2533 2534 316
f 2534 2533 2535 2536
f 2534 2536 2537 2538
f 2534 2538 317 316
f 2538 2537 2539 2540
f 2538 2540 318 317
f 2540 2539 2541 2542
f 2540 2542 2543 318
f 2543 2542 2544 2545
f 2543 2545 2546 2547
f 2543 2547 319 318
f 2547 2546 881 880
f 2547 880 320 319
f 2546 2545 2548 2549
f 2546 2549 2550 881
f 2550 2549 2551 2552
f 2550 2552 2553 2554
f 2550 2554 882 881
f 2554 2553 2527 2526
f 2554 2526 884 882
f 2553 2552 2555 2556
f 2553 2556 2557 2527
f 2557 2556 2558 2559
f 2557 2559 2560 2522
f 2557 2522 2521 2527
f 2560 2559 2561 2562
f 2560 2562 2563 2517
f 2560 2517 2516 2522
f 2563 2562 2564 2565
f 2563 2565 2566 2512
f 2563 2512 2511 2517
f 2566 2565 2567 2568
f 2566 2568 2569 2507
f 2566 2507 2506 2512
f 2569 2568 2570 2571
f 2569 2571 2572 2502
f 2569 2502 2501 2507
f 2572 2571 2573 2574
f 2572 2574 2575 2497
f 2572 2497 2496 2502
f 2575 2574 2576 2577
f 2575 2577 2578 2492
f 2575 2492 2491 2497
f 2578 2577 2579 2580
f 2578 2580 2581 2487
f 2578 2487 2486 2492
f 2581 2580 2582 2583
f 2581 2583 2584 2482
f 2581 2482 2481 2487
f 2584 2583 2585 2586
f 2584 2586 2587 2477
f 2584 2477 2476 2482
f 2587 2586 2588 2589
f 2587 2589 2590 2472
f 2587 2472 2471 2477
f 2590 2589 2591 2592
f 2590 2592 2593 2467
f 2590 2467 2466 2472
f 2593 2592 2594 2595
f 2593 2595 2596 2462
f 2593 2462 2461 2467
f 2596 2595 2597 2598
f 2596 2598 2599 2457
f 2596 2457 2456 2462
f 2599 2598 2600 2601
f 2599 2601 2602 2452
f 2599 2452 2451 2457
f 2602 2601 2603 2604
f 2602 2604 2605 2447
f 2602 2447 2446 2452
f 2605 2604 2606 2607
f 2605 2607 2608 2442
f 2605 2442 2441 2447
f 2608 2607 2609 2610
f 2608 2610 2611 2437
f 2608 2437 2436 2442
f 2611 2610 2612 2613
f 2611 2613 2614 2432
f 2611 2432 2431 2437
f 2614 2613 2615 2616
f 2614 2616 873 2427
f 2614 2427 2426 2432
f 2616 2615 2617 2618
f 2616 2618 871 873
f 2618 2617 2619 2620
f 2618 2620 872 871
f 2620 2619 2621 2622
f 2620 2622 2623 872
f 2623 2622 2624 2625
f 2623 2625 2400 2399
f 2623 2399 867 872
f 2625 2624 2626 2627
f 2625 2627 2628 2400
f 2628 2627 2629 2630
f 2628 2630 2631 2395
f 2628 2395 2394 2400
f 2631 2630 2632 2633
f 2631 2633 2634 2390
f 2631 2390 2389 2395
f 2634 2633 2635 2636
f 2634 2636 2637 2385
f 2634 2385 2384 2390
f 2637 2636 2638 2639
f 2637 2639 2640 2380
f 2637 2380 2379 2385
f 2640 2639 2641 2642
f 2640 2642 2643 2375
f 2640 2375 2374 2380
f 2643 2642 2644 2645
f 2643 2645 2646 2370
f 2643 2370 2369 2375
f 2646 2645 2647 2648
f 2646 2648 2649 2365
f 2646 2365 2364 2370
f 2649 2648 2650 2651
f 2649 2651 2652 2360
f 2649 2360 2359 2365
f 2652 2651 2653 2654
f 2652 2654 2655 2355
f 2652 2355 2354 2360
f 2655 2654 2656 2657
f 2655 2657 2658 2350
f 2655 2350 2349 2355
f 2658 2657 2659 2660
f 2658 2660 2661 2345
f 2658 2345 2344 2350
f 2661 2660 2662 2663
f 2661 2663 2664 2340
f 2661 2340 2339 2345
f 2664 2663 2665 2666
f 2664 2666 2667 2335
f 2664 2335 2334 2340
f 2667 2666 2668 2669
f 2667 2669 2670 2330
f 2667 2330 2329 2335
f 2670 2669 2671 2672
f 2670 2672 2673 2325
f 2670 2325 2324 2330
f 2673 2672 2674 2675
f 2673 2675 2676 2320
f 2673 2320 2319 2325
f 2676 2675 2677 2678
f 2676 2678 2679 2315
f 2676 2315 2314 2320
f 2679 2678 2680 2681
f 2679 2681 2682 2310
f 2679 2310 2309 2315
f 2682 2681 2683 2684
f 2682 2684 2685 2305
f 2682 2305 2304 2310
f 2685 2684 2686 2687
f 2685 2687 2688 2300
f 2685 2300 2299 2305
f 2688 2687 2689 2690
f 2688 2690 2691 2295
f 2688 2295 2294 2300
f 2691 2690 2692 2693
f 2691 2693 2694 2290
f 2691 2290 2289 2295
f 2694 2693 2695 2696
f 2694 2696 2697 2285
f 2694 2285 2284 2290
f 2697 2696 2698 2699
f 2697 2699 2700 2280
f 2697 2280 2279 2285
f 2700 2699 2701 2702
f 2700 2702 2703 2275
f 2700 2275 2274 2280
f 2703 2702 2704 2705
f 2703 2705 2706 2270
f 2703 2270 2269 2275
f 2706 2705 2707 2708
f 2706 2708 2709 2265
f 2706 2265 2264 2270
f 2709 2708 2710 2711
f 2709 2711 2712 2260
f 2709 2260 2259 2265
f 2712 2711 2713 2714
f 2712 2714 2715 2255
f 2712 2255 2254 2260
f 2715 2714 2716 2717
f 2715 2717 2718 2250
f 2715 2250 2249 2255
f 2718 2717 2719 2720
f 2718 2720 2721 2245
f 2718 2245 2244 2250
f 2721 2720 2722 2723
f 2721 2723 2724 2240
f 2721 2240 2239 2245
f 2724 2723 2725 2726
f 2724 2726 2727 2235
f 2724 2235 2234 2240
f 2727 2726 2728 2729
f 2727 2729 2730 2230
f 2727 2230 2229 2235
f 2730 2729 2731 2732
f 2730 2732 2733 2225
f 2730 2225 2224 2230
f 2733 2732 2734 2735
f 2733 2735 182 181
f 2733 181 2220 2225
f 2735 2734 475 474
f 2735 474 183 182
f 2734 2736 2737 475
f 2734 2732 2731 2736
f 2737 2738 2739 156
f 2737 156 153 475
f 2737 2736 2740 2738
f 2740 2741 2742 2738
f 2740 2736 2731 2743
f 2740 2743 2744 2741
f 2744 2745 2746 2741
f 2744 2743 2728 2747
f 2744 2747 2748 2745
f 2748 2749 2750 2745
f 2748 2747 2725 2751
f 2748 2751 2752 2749
f 2752 2753 2754 2749
f 2752 2751 2722 2755
f 2752 2755 2756 2753
f 2756 2757 2758 2753
f 2756 2755 2719 2759
f 2756 2759 2760 2757
f 2760 2761 2762 2757
f 2760 2759 2716 2763
f 2760 2763 2764 2761
f 2764 2765 2766 2761
f 2764 2763 2713 2767
f 2764 2767 2768 2765
f 2768 2769 2770 2765
f 2768 2767 2710 2771
f 2768 2771 2772 2769
f 2772 2773 2774 2769
f 2772 2771 2707 2775
f 2772 2775 2776 2773
f 2776 2777 2778 2773
f 2776 2775 2704 2779
f 2776 2779 2780 2777
f 2780 2781 2782 2777
f 2780 2779 2701 2783
f 2780 2783 2784 2781
f 2784 749 2785 2781
f 2784 2783 2698 2786
f 2784 2786 745 749
f 2786 2698 2696 2695
f 2786 2695 746 745
f 2785 2787 2788 2789
f 2785 2789 2782 2781
f 2785 749 748 2787
f 2789 2788 1581 2790
f 2789 2790 2791 2782
f 2791 2790 1576 2792
f 2791 2792 2793 2778
f 2791 2778 2777 2782
f 2793 2792 1571 2794
f 2793 2794 2795 2774
f 2793 2774 2773 2778
f 2795 2794 1566 2796
f 2795 2796 2797 2770
f 2795 2770 2769 2774
f 2797 2796 1561 2798
f 2797 2798 2799 2766
f 2797 2766 2765 2770
f 2799 2798 1556 2800
f 2799 2800 2801 2762
f 2799 2762 2761 2766
f 2801 2800 1551 2802
f 2801 2802 2803 2758
f 2801 2758 2757 2762
f 2803 2802 1546 2804
f 2803 2804 2805 2754
f 2803 2754 2753 2758
f 2805 2804 1541 2806
f 2805 2806 2807 2750
f 2805 2750 2749 2754
f 2807 2806 1536 2808
f 2807 2808 2809 2746
f 2807 2746 2745 2750
f 2809 2808 1531 2810
f 2809 2810 2811 2742
f 2809 2742 2741 2746
f 2811 2810 1526 2812
f 2811 2812 2813 2739
f 2811 2739 2738 2742
f 2813 2812 1521 2814
f 2813 2814 2815 157
f 2813 157 156 2739
f 2815 2814 1516 2816
f 2815 2816 2817 2818
f 2815 2818 3 157
f 2818 2817 2819 2820
f 2818 2820 154 3
f 2820 2819 2821 2822
f 2820 2822 2823 154
f 2823 2822 2824 2825
f 2823 2825 2010 2826
f 2823 2826 155 154
f 2826 2010 2009 2015
f 2826 2015 2827 155
f 2827 470 152 155
f 2827 2015 2014 2020
f 2827 2020 2828 470
f 2828 2829 471 470
f 2828 2020 2019 2025
f 2828 2025 2830 2829
f 2830 193 192 2829
f 2830 2025 2024 2030
f 2830 2030 194 193
f 2829 192 472 471
f 2825 2824 466 2005
f 2825 2005 2004 2010
f 2824 2822 2821 2831
f 2824 2831 460 466
f 2831 2821 133 136
f 2831 136 461 460
f 2821 2819 12 133
f 2819 2817 234 12
f 2817 2816 1511 234
f 2816 1516 1512 1511
f 2814 1521 1517 1516
f 2812 1526 1522 1521
f 2810 1531 1527 1526
f 2808 1536 1532 1531
f 2806 1541 1537 1536
f 2804 1546 1542 1541
f 2802 1551 1547 1546
f 2800 1556 1552 1551
f 2798 1561 1557 1556
f 2796 1566 1562 1561
f 2794 1571 1567 1566
f 2792 1576 1572 1571
f 2790 1581 1577 1576
f 2788 1586 1582 1581
f 2788 2787 2832 1586
f 2832 1591 1587 1586
f 2832 2787 748 754
f 2832 754 2833 1591
f 2833 1596 1592 1591
f 2833 754 753 2834
f 2833 2834 2835 1596
f 2835 1601 1597 1596
f 2835 2834 2836 2837
f 2835 2837 2838 1601
f 2838 1606 1602 1601
f 2838 2837 2839 2840
f 2838 2840 2841 1606
f 2841 1611 1607 1606
f 2841 2840 2842 2843
f 2841 2843 2844 1611
f 2844 1616 1612 1611
f 2844 2843 2845 2846
f 2844 2846 2847 1616
f 2847 1629 1622 1620
f 2847 1620 1617 1616
f 2847 2846 2848 1629
f 2848 1634 1630 1629
f 2848 2846 2845 2849
f 2848 2849 2850 1634
f 2850 1639 1635 1634
f 2850 2849 2851 2852
f 2850 2852 2853 1639
f 2853 1644 1640 1639
f 2853 2852 2854 2855
f 2853 2855 1740 1644
f 2855 2854 2856 1743
f 2855 1743 1741 1740
f 2856 2854 2857 2858
f 2856 2858 2859 1746
f 2856 1746 1744 1743
f 2859 2858 2860 2861
f 2859 2861 2862 2863
f 2859 2863 1747 1746
f 2863 2862 2864 2865
f 2863 2865 1748 1747
f 2865 2864 2866 2867
f 2865 2867 1750 1748
f 2867 2866 2868 2869
f 2867 2869 1752 1750
f 2869 2868 2870 2871
f 2869 2871 1754 1752
f 2871 2870 2872 2873
f 2871 2873 1756 1754
f 2873 2872 2874 2875
f 2873 2875 2876 1756
f 2876 1759 1757 1756
f 2876 2875 2877 2878
f 2876 2878 2879 1759
f 2879 718 1760 1759
f 2879 2878 2880 2881
f 2879 2881 719 718
f 2881 2880 2671 2882
f 2881 2882 720 719
f 2882 2671 2669 2668
f 2882 2668 2883 720
f 2883 2884 721 720
f 2883 2668 2666 2665
f 2883 2665 2885 2884
f 2885 2886 2887 2884
f 2885 2665 2663 2662
f 2885 2662 2888 2886
f 2888 2889 2890 2886
f 2888 2662 2660 2659
f 2888 2659 2891 2889
f 2891 2892 2893 2889
f 2891 2659 2657 2656
f 2891 2656 2894 2892
f 2894 2895 2896 2892
f 2894 2656 2654 2653
f 2894 2653 2897 2895
f 2897 2898 2899 2895
f 2897 2653 2651 2650
f 2897 2650 2900 2898
f 2900 2901 2902 2898
f 2900 2650 2648 2647
f 2900 2647 2903 2901
f 2903 2904 2905 2901
f 2903 2647 2645 2644
f 2903 2644 2906 2904
f 2906 2907 2908 2904
f 2906 2644 2642 2641
f 2906 2641 2909 2907
f 2909 2910 2911 2907
f 2909 2641 2639 2638
f 2909 2638 2912 2910
f 2912 2913 2914 2910
f 2912 2638 2636 2635
f 2912 2635 2915 2913
f 2915 2916 2917 2913
f 2915 2635 2633 2632
f 2915 2632 2918 2916
f 2918 2919 2920 2916
f 2918 2632 2630 2629
f 2918 2629 2921 2919
f 2921 2922 2923 2919
f 2921 2629 2627 2626
f 2921 2626 2924 2922
f 2924 2925 2926 2922
f 2924 2626 2624 2927
f 2924 2927 2928 2925
f 2928 2929 2930 2925
f 2928 2927 2621 512
f 2928 512 507 2929
f 2930 2931 2932 2933
f 2930 2933 2926 2925
f 2930 2929 2934 2931
f 2934 2935 2936 2931
f 2934 2929 507 506
f 2934 506 2937 2935
f 2937 506 505 2938
f 2937 2938 2939 2940
f 2937 2940 2941 2935
f 2941 2942 2936 2935
f 2941 2940 2943 2944
f 2941 2944 2945 2942
f 2945 2946 2947 2948
f 2945 2948 2949 2942
f 2945 2944 2950 2946
f 2950 2944 2943 2951
f 2950 2951 2952 2953
f 2950 2953 2954 2946
f 2954 2955 2947 2946
f 2954 2953 2956 2957
f 2954 2957 2958 2955
f 2958 441 440 2959
f 2958 2959 2960 2955
f 2958 2957 442 441
f 2960 2959 2961 2962
f 2960 2962 2963 2964
f 2960 2964 2947 2955
f 2964 2963 2965 2966
f 2964 2966 2948 2947
f 2966 2965 2967 2968
f 2966 2968 2949 2948
f 2968 2967 2969 2970
f 2968 2970 2971 2949
f 2971 2970 2972 2932
f 2971 2932 2931 2936
f 2971 2936 2942 2949
f 2972 2970 2969 2973
f 2972 2973 2974 2975
f 2972 2975 2933 2932
f 2975 2974 2976 2977
f 2975 2977 2926 2933
f 2977 2976 2978 2923
f 2977 2923 2922 2926
f 2978 2976 221 2979
f 2978 2979 2980 2920
f 2978 2920 2919 2923
f 2980 2979 2981 2982
f 2980 2982 2983 2917
f 2980 2917 2916 2920
f 2983 2982 2984 2985
f 2983 2985 2986 2914
f 2983 2914 2913 2917
f 2986 2985 2987 2988
f 2986 2988 2989 2911
f 2986 2911 2910 2914
f 2989 2988 2990 2991
f 2989 2991 2992 2908
f 2989 2908 2907 2911
f 2992 2991 2993 2994
f 2992 2994 2995 2905
f 2992 2905 2904 2908
f 2995 2994 2996 2997
f 2995 2997 2998 2902
f 2995 2902 2901 2905
f 2998 2997 2999 3000
f 2998 3000 3001 2899
f 2998 2899 2898 2902
f 3001 3000 3002 3003
f 3001 3003 3004 2896
f 3001 2896 2895 2899
f 3004 3003 3005 3006
f 3004 3006 3007 2893
f 3004 2893 2892 2896
f 3007 3006 3008 3009
f 3007 3009 3010 2890
f 3007 2890 2889 2893
f 3010 3009 3011 3012
f 3010 3012 724 2887
f 3010 2887 2886 2890
f 3012 3011 3013 3014
f 3012 3014 725 724
f 3014 3013 3015 3016
f 3014 3016 3017 725
f 3017 3016 3018 1766
f 3017 1766 1764 722
f 3017 722 82 725
f 3018 3016 3015 3019
f 3018 3019 3020 1769
f 3018 1769 1767 1766
f 3020 3019 3021 3022
f 3020 3022 3023 1772
f 3020 1772 1770 1769
f 3023 3022 3024 3025
f 3023 3025 3026 1775
f 3023 1775 1773 1772
f 3026 3025 3027 3028
f 3026 3028 1780 1778
f 3026 1778 1776 1775
f 3028 3027 1027 3029
f 3028 3029 1782 1780
f 3029 1027 1026 3030
f 3029 3030 1784 1782
f 3030 1026 1028 3031
f 3030 3031 1786 1784
f 3031 1028 3032 3033
f 3031 3033 1788 1786
f 3033 3032 3034 3035
f 3033 3035 3036 1788
f 3036 1791 1789 1788
f 3036 3035 3037 3038
f 3036 3038 3039 1791
f 3039 1794 1792 1791
f 3039 3038 3040 3041
f 3039 3041 3042 1794
f 3042 1797 1795 1794
f 3042 3041 3043 3044
f 3042 3044 3045 1797
f 3045 1800 1798 1797
f 3045 3044 3046 3047
f 3045 3047 1804 1800
f 3047 3046 3048 3049
f 3047 3049 1805 1804
f 3049 3048 3050 3051
f 3049 3051 1807 1805
f 3051 3050 3052 3053
f 3051 3053 1809 1807
f 3053 3052 3054 3055
f 3053 3055 3056 1809
f 3056 1812 1810 1809
f 3056 3055 3057 3058
f 3056 3058 3059 1812
f 3059 3058 3060 3061
f 3059 3061 3062 3063
f 3059 3063 1813 1812
f 3063 3062 3064 3065
f 3063 3065 1814 1813
f 3065 3064 3066 1819
f 3065 1819 1816 1814
f 3066 3064 3067 3068
f 3066 3068 3069 1822
f 3066 1822 1820 1819
f 3069 3068 3070 3071
f 3069 3071 3072 3073
f 3069 3073 1823 1822
f 3073 3072 3074 3075
f 3073 3075 1824 1823
f 3075 3074 3076 3077
f 3075 3077 1826 1824
f 3077 3076 3078 3079
f 3077 3079 1828 1826
f 3079 3078 3080 3081
f 3079 3081 1830 1828
f 3081 3080 3082 3083
f 3081 3083 1832 1830
f 3083 3082 3084 3085
f 3083 3085 1834 1832
f 3085 3084 3086 3087
f 3085 3087 1836 1834
f 3087 3086 3088 3089
f 3087 3089 1838 1836
f 3089 3088 3090 3091
f 3089 3091 1840 1838
f 3091 3090 3092 3093
f 3091 3093 1842 1840
f 3093 3092 3094 3095
f 3093 3095 1844 1842
f 3095 3094 3096 3097
f 3095 3097 1846 1844
f 3097 3096 3098 3099
f 3097 3099 1852 1846
f 3099 3098 885 889
f 3099 889 1853 1852
f 3098 3096 3100 3101
f 3098 3101 886 885
f 3101 3100 3102 3103
f 3101 3103 3104 886
f 3104 3103 3105 3106
f 3104 3106 3107 3108
f 3104 3108 887 886
f 3108 3107 3109 3110
f 3108 3110 890 887
f 3110 3109 1860 1858
f 3110 1858 1856 890
f 3109 3107 3111 3112
f 3109 3112 1862 1860
f 3112 3111 3113 3114
f 3112 3114 3115 1862
f 3115 3114 3116 3117
f 3115 3117 3118 1865
f 3115 1865 1863 1862
f 3118 3117 3119 3120
f 3118 3120 892 1868
f 3118 1868 1866 1865
f 3120 3119 3121 3122
f 3120 3122 893 892
f 3122 3121 3123 3124
f 3122 3124 896 893
f 3124 3123 3125 3126
f 3124 3126 3127 896
f 3127 3126 3128 3129
f 3127 3129 3130 3131
f 3127 3131 897 896
f 3131 3130 3132 3133
f 3131 3133 898 897
f 3133 3132 3134 3135
f 3133 3135 3136 898
f 3136 3137 899 898
f 3136 3135 3138 3139
f 3136 3139 3140 3137
f 3140 247 581 3137
f 3140 3139 3141 3142
f 3140 3142 248 247
f 3142 3141 3143 3144
f 3142 3144 249 248
f 3144 3143 3145 3146
f 3144 3146 3147 249
f 3147 792 250 249
f 3147 3146 650 643
f 3147 643 642 792
f 3146 3145 3148 650
f 3148 3145 3149 3150
f 3148 3150 3151 3152
f 3148 3152 648 650
f 3152 3151 3153 3154
f 3152 3154 649 648
f 3154 3153 3155 3156
f 3154 3156 3157 649
f 3157 3158 646 649
f 3157 3156 3159 3160
f 3157 3160 3161 3158
f 3161 3162 3163 3158
f 3161 3160 3164 3165
f 3161 3165 3166 3162
f 3166 3167 3168 3162
f 3166 3165 3169 3170
f 3166 3170 3171 3167
f 3171 3172 3173 3167
f 3171 3170 3174 3175
f 3171 3175 3176 3172
f 3176 3177 3178 3172
f 3176 3175 3179 3180
f 3176 3180 3181 3177
f 3181 3182 3183 3177
f 3181 3180 3184 3185
f 3181 3185 3186 3182
f 3186 3187 3188 3182
f 3186 3185 3189 3190
f 3186 3190 3191 3187
f 3191 3192 3193 3187
f 3191 3190 3194 3195
f 3191 3195 3196 3192
f 3196 3197 3198 3192
f 3196 3195 3199 3200
f 3196 3200 3201 3197
f 3201 3202 3203 3197
f 3201 3200 3204 3205
f 3201 3205 3206 3202
f 3206 3207 3208 3202
f 3206 3205 3209 3210
f 3206 3210 3211 3207
f 3211 3212 3213 3207
f 3211 3210 3214 3215
f 3211 3215 3216 3212
f 3216 3217 3218 3212
f 3216 3215 3219 3220
f 3216 3220 3221 3217
f 3221 3222 3223 3217
f 3221 3220 3224 3225
f 3221 3225 3226 3222
f 3226 3227 3228 3222
f 3226 3225 3229 3230
f 3226 3230 3231 3227
f 3231 3232 3233 3227
f 3231 3230 3234 3235
f 3231 3235 3236 3232
f 3236 3237 3238 3232
f 3236 3235 3239 3240
f 3236 3240 3241 3237
f 3241 3242 3243 3237
f 3241 3240 3244 3245
f 3241 3245 3246 3242
f 3246 3247 3248 3242
f 3246 3245 3249 3250
f 3246 3250 691 3247
f 3250 3249 3251 3252
f 3250 3252 692 691
f 3252 3251 3253 3254
f 3252 3254 695 692
f 3254 3253 3255 3256
f 3254 3256 3257 695
f 3257 3258 693 695
f 3257 3256 3259 3260
f 3257 3260 3261 3258
f 3261 830 835 3262
f 3261 3262 3263 3258
f 3261 3260 831 830
f 3263 3262 3264 3265
f 3263 3265 3266 694
f 3263 694 693 3258
f 3266 3265 3267 3268
f 3266 3268 3269 3270
f 3266 3270 690 694
f 3270 3269 3248 3247
f 3270 3247 691 690
f 3269 3268 3271 3272
f 3269 3272 3273 3248
f 3273 3272 3274 3275
f 3273 3275 3276 3243
f 3273 3243 3242 3248
f 3276 3275 3277 3278
f 3276 3278 3279 3238
f 3276 3238 3237 3243
f 3279 3278 3280 3281
f 3279 3281 3282 3233
f 3279 3233 3232 3238
f 3282 3281 3283 3284
f 3282 3284 3285 3228
f 3282 3228 3227 3233
f 3285 3284 3286 3287
f 3285 3287 3288 3223
f 3285 3223 3222 3228
f 3288 3287 3289 3290
f 3288 3290 3291 3218
f 3288 3218 3217 3223
f 3291 3290 3292 3293
f 3291 3293 3294 3213
f 3291 3213 3212 3218
f 3294 3293 3295 3296
f 3294 3296 3297 3208
f 3294 3208 3207 3213
f 3297 3296 3298 3299
f 3297 3299 3300 3203
f 3297 3203 3202 3208
f 3300 3299 681 685
f 3300 685 3301 3198
f 3300 3198 3197 3203
f 3301 685 684 3302
f 3301 3302 3303 3193
f 3301 3193 3192 3198
f 3303 3302 3304 3305
f 3303 3305 3306 3188
f 3303 3188 3187 3193
f 3306 3305 3307 3308
f 3306 3308 3309 3183
f 3306 3183 3182 3188
f 3309 3308 3310 3311
f 3309 3311 3312 3178
f 3309 3178 3177 3183
f 3312 3311 3313 3314
f 3312 3314 3315 3173
f 3312 3173 3172 3178
f 3315 3314 3316 3317
f 3315 3317 3318 3168
f 3315 3168 3167 3173
f 3318 3317 256 3319
f 3318 3319 647 3163
f 3318 3163 3162 3168
f 3319 256 255 3320
f 3319 3320 644 647
f 3320 255 254 3321
f 3320 3321 645 644
f 3321 254 3322 3323
f 3321 3323 3324 645
f 3324 3323 3325 3326
f 3324 3326 3327 3328
f 3324 3328 641 645
f 3328 3327 3329 3330
f 3328 3330 642 641
f 3330 3329 791 790
f 3330 790 792 642
f 3329 3327 3331 3332
f 3329 3332 3333 791
f 3333 3332 3334 3335
f 3333 3335 796 785
f 3333 785 784 791
f 3335 3334 3336 3337
f 3335 3337 797 796
f 3337 3336 3338 3339
f 3337 3339 3340 797
f 3340 3339 3341 3342
f 3340 3342 3343 3344
f 3340 3344 798 797
f 3344 3343 3345 3346
f 3344 3346 799 798
f 3346 3345 3347 3348
f 3346 3348 3349 799
f 3349 3348 3350 3351
f 3349 3351 3352 3353
f 3349 3353 794 799
f 3353 3352 3354 3355
f 3353 3355 795 794
f 3355 3354 3356 3357
f 3355 3357 3358 795
f 3358 3359 793 795
f 3358 3357 3360 3361
f 3358 3361 3362 3359
f 3362 3363 3364 3365
f 3362 3365 3366 3359
f 3362 3361 744 3363
f 3366 3365 3367 789
f 3366 789 787 788
f 3366 788 793 3359
f 3367 3368 3369 246
f 3367 246 245 789
f 3367 3365 3364 3368
f 3369 3370 3371 3372
f 3369 3372 242 246
f 3369 3368 3373 3370
f 3373 3374 1878 3370
f 3373 3368 3364 3375
f 3373 3375 3376 3374
f 3376 3377 1881 3374
f 3376 3375 3378 3379
f 3376 3379 3380 3377
f 3380 1886 1884 3377
f 3380 3379 742 3381
f 3380 3381 1888 1886
f 3381 742 741 3382
f 3381 3382 3383 1888
f 3383 1892 1889 1888
f 3383 3382 3384 3385
f 3383 3385 3386 1892
f 3386 1895 1893 1892
f 3386 3385 3387 3388
f 3386 3388 1897 1895
f 3388 3387 3389 3390
f 3388 3390 3391 1897
f 3391 1901 1898 1897
f 3391 3390 3392 3393
f 3391 3393 3394 1901
f 3394 1906 1902 1901
f 3394 3393 3395 3396
f 3394 3396 3397 1906
f 3397 1911 1907 1906
f 3397 3396 3398 3399
f 3397 3399 3400 1911
f 3400 1916 1912 1911
f 3400 3399 3401 3402
f 3400 3402 3403 1916
f 3403 1921 1917 1916
f 3403 3402 3404 3405
f 3403 3405 3406 1921
f 3406 1926 1922 1921
f 3406 3405 3407 3408
f 3406 3408 3409 1926
f 3409 1931 1927 1926
f 3409 3408 1951 1949
f 3409 1949 1948 1931
f 3408 3407 1953 1951
f 3407 3405 3404 3410
f 3407 3410 3411 1953
f 3411 3410 3412 3413
f 3411 3413 551 553
f 3411 553 1954 1953
f 3413 3412 3414 3415
f 3413 3415 552 551
f 3415 3414 3416 3417
f 3415 3417 3418 552
f 3418 3417 1966 1964
f 3418 1964 1961 1960
f 3418 1960 548 552
f 3417 3416 3419 1966
f 3419 3416 3420 3421
f 3419 3421 3422 1969
f 3419 1969 1967 1966
f 3422 3421 3423 3424
f 3422 3424 3425 1973
f 3422 1973 1970 1969
f 3425 3424 3426 3427
f 3425 3427 3428 1976
f 3425 1976 1974 1973
f 3428 3427 3429 3430
f 3428 3430 3431 1979
f 3428 1979 1977 1976
f 3431 3430 3432 3433
f 3431 3433 3434 1982
f 3431 1982 1980 1979
f 3434 3433 3435 3436
f 3434 3436 148 1985
f 3434 1985 1983 1982
f 3436 3435 3437 3438
f 3436 3438 142 148
f 3438 3437 737 736
f 3438 736 143 142
f 3437 3439 740 737
f 3437 3435 3440 3439
f 3440 3441 3442 3439
f 3440 3435 3433 3432
f 3440 3432 3443 3441
f 3443 3444 3389 3441
f 3443 3432 3430 3429
f 3443 3429 3445 3444
f 3445 3446 3392 3444
f 3445 3429 3427 3426
f 3445 3426 3447 3446
f 3447 3448 3395 3446
f 3447 3426 3424 3423
f 3447 3423 3449 3448
f 3449 3450 3398 3448
f 3449 3423 3421 3420
f 3449 3420 3451 3450
f 3451 3452 3401 3450
f 3451 3420 3416 3414
f 3451 3414 3412 3452
f 3452 3404 3402 3401
f 3452 3412 3410 3404
f 3450 3401 3399 3398
f 3448 3398 3396 3395
f 3446 3395 3393 3392
f 3444 3392 3390 3389
f 3442 3387 3385 3384
f 3442 3384 740 3439
f 3442 3441 3389 3387
f 3384 3382 741 740
f 3379 3378 743 742
f 3378 3375 3364 3363
f 3378 3363 744 743
f 3377 1884 1882 1881
f 3374 1881 1879 1878
f 3372 3371 3453 3454
f 3372 3454 243 242
f 3454 3453 3455 3456
f 3454 3456 580 243
f 3456 3455 895 894
f 3456 894 582 580
f 3455 1872 1870 895
f 3455 3453 1874 1872
f 3453 3371 1876 1874
f 3371 3370 1878 1876
f 3361 3360 738 744
f 3360 3357 3356 3457
f 3360 3457 739 738
f 3457 3356 3458 3459
f 3457 3459 3460 739
f 3460 3459 575 574
f 3460 574 573 3461
f 3460 3461 735 739
f 3461 143 736 735
f 3461 573 144 143
f 3459 3458 3462 575
f 3462 3458 3463 3464
f 3462 3464 3465 3466
f 3462 3466 569 575
f 3466 3465 3467 3468
f 3466 3468 570 569
f 3468 3467 3469 3470
f 3468 3470 3471 570
f 3471 3470 3472 3473
f 3471 3473 3474 3475
f 3471 3475 571 570
f 3475 3474 3476 3477
f 3475 3477 576 571
f 3477 3476 3478 3479
f 3477 3479 3480 576
f 3480 3481 577 576
f 3480 3479 3482 3483
f 3480 3483 3484 3481
f 3484 3485 3486 3481
f 3484 3483 3487 3488
f 3484 3488 3489 3485
f 3489 3490 3491 3485
f 3489 3488 3492 3493
f 3489 3493 3494 3490
f 3494 3495 3496 3490
f 3494 3493 3497 3498
f 3494 3498 3499 3495
f 3499 3500 3501 3495
f 3499 3498 3502 3503
f 3499 3503 3504 3500
f 3504 3505 3506 3500
f 3504 3503 3507 3508
f 3504 3508 3509 3505
f 3509 3510 3511 3505
f 3509 3508 3512 3513
f 3509 3513 3514 3510
f 3514 3515 3516 3510
f 3514 3513 259 3517
f 3514 3517 3518 3515
f 3518 3519 3520 3515
f 3518 3517 266 3521
f 3518 3521 3522 3519
f 3522 3523 3524 3519
f 3522 3521 3525 3526
f 3522 3526 3527 3523
f 3527 3528 3529 3523
f 3527 3526 3530 3531
f 3527 3531 3532 3528
f 3532 3533 3534 3528
f 3532 3531 3535 3536
f 3532 3536 3537 3533
f 3537 3538 3539 3533
f 3537 3536 3540 3541
f 3537 3541 3542 3538
f 3542 3543 3544 3538
f 3542 3541 3545 3546
f 3542 3546 3547 3543
f 3547 3548 3549 3543
f 3547 3546 3550 3551
f 3547 3551 3552 3548
f 3552 3553 3554 3548
f 3552 3551 3555 3556
f 3552 3556 3557 3553
f 3557 3558 3559 3553
f 3557 3556 3560 3561
f 3557 3561 3562 3558
f 3562 3563 3564 3558
f 3562 3561 2124 2122
f 3562 2122 2120 3563
f 3564 3565 3566 3567
f 3564 3567 3559 3558
f 3564 3563 3568 3565
f 3568 3569 3570 3565
f 3568 3563 2120 2119
f 3568 2119 2118 3569
f 3570 2070 2066 2065
f 3570 2065 3566 3565
f 3570 3569 3571 2070
f 3571 2075 2071 2070
f 3571 3569 2118 3572
f 3571 3572 3573 2075
f 3573 2080 2076 2075
f 3573 3572 2115 3574
f 3573 3574 3575 2080
f 3575 2085 2081 2080
f 3575 3574 2110 2109
f 3575 2109 3576 2085
f 3576 2090 2086 2085
f 3576 2109 2108 2105
f 3576 2105 2103 2090
f 3574 2115 2111 2110
f 3572 2118 2116 2115
f 3567 3566 2060 3577
f 3567 3577 3578 3559
f 3578 3577 2056 3579
f 3578 3579 3580 3554
f 3578 3554 3553 3559
f 3580 3579 2051 3581
f 3580 3581 3582 3549
f 3580 3549 3548 3554
f 3582 3581 2046 3583
f 3582 3583 3584 3544
f 3582 3544 3543 3549
f 3584 3583 2041 3585
f 3584 3585 3586 3539
f 3584 3539 3538 3544
f 3586 3585 2036 3587
f 3586 3587 3588 3534
f 3586 3534 3533 3539
f 3588 3587 2031 3589
f 3588 3589 3590 3529
f 3588 3529 3528 3534
f 3590 3589 2026 3591
f 3590 3591 3592 3524
f 3590 3524 3523 3529
f 3592 3591 2021 3593
f 3592 3593 3594 3520
f 3592 3520 3519 3524
f 3594 3593 2016 3595
f 3594 3595 3596 3516
f 3594 3516 3515 3520
f 3596 3595 2011 3597
f 3596 3597 3598 3511
f 3596 3511 3510 3516
f 3598 3597 2006 3599
f 3598 3599 3600 3506
f 3598 3506 3505 3511
f 3600 3599 2001 3601
f 3600 3601 3602 3501
f 3600 3501 3500 3506
f 3602 3601 1997 3603
f 3602 3603 3604 3496
f 3602 3496 3495 3501
f 3604 3603 3605 3606
f 3604 3606 3607 3491
f 3604 3491 3490 3496
f 3607 3606 3608 3609
f 3607 3609 578 3486
f 3607 3486 3485 3491
f 3609 3608 150 149
f 3609 149 572 578
f 3608 3610 151 150
f 3608 3606 3605 3610
f 3610 1993 1991 151
f 3610 3605 1995 1993
f 3605 3603 1997 1995
f 3601 2001 1998 1997
f 3599 2006 2002 2001
f 3597 2011 2007 2006
f 3595 2016 2012 2011
f 3593 2021 2017 2016
f 3591 2026 2022 2021
f 3589 2031 2027 2026
f 3587 2036 2032 2031
f 3585 2041 2037 2036
f 3583 2046 2042 2041
f 3581 2051 2047 2046
f 3579 2056 2052 2051
f 3577 2060 2057 2056
f 3566 2065 2061 2060
f 3561 3560 3611 2124
f 3611 3560 3612 3613
f 3611 3613 2129 2127
f 3611 2127 2125 2124
f 3613 3612 3614 3615
f 3613 3615 2137 2129
f 3615 3614 3616 3617
f 3615 3617 2138 2137
f 3617 3616 3618 3619
f 3617 3619 2139 2138
f 3619 3618 3620 3621
f 3619 3621 2141 2139
f 3621 3620 3622 3623
f 3621 3623 2143 2141
f 3623 3622 3624 2156
f 3623 2156 2154 2143
f 3624 3622 3625 3626
f 3624 3626 3627 2159
f 3624 2159 2157 2156
f 3627 3626 3628 3629
f 3627 3629 3630 2162
f 3627 2162 2160 2159
f 3630 3629 3631 3632
f 3630 3632 3633 2165
f 3630 2165 2163 2162
f 3633 3632 3634 3635
f 3633 3635 3636 2168
f 3633 2168 2166 2165
f 3636 3635 3637 3638
f 3636 3638 2175 2171
f 3636 2171 2169 2168
f 3638 3637 3639 3640
f 3638 3640 2176 2175
f 3640 3639 267 3641
f 3640 3641 2178 2176
f 3641 267 263 3642
f 3641 3642 2180 2178
f 3642 263 262 3643
f 3642 3643 3644 2180
f 3644 3643 3645 202
f 3644 202 197 2183
f 3644 2183 2181 2180
f 3645 3646 485 491
f 3645 491 203 202
f 3645 3643 262 3646
f 3646 3647 486 485
f 3646 262 261 3647
f 3647 261 260 3648
f 3647 3648 3649 486
f 3649 3648 3650 3651
f 3649 3651 3652 3653
f 3649 3653 487 486
f 3653 3652 3654 3655
f 3653 3655 3656 487
f 3656 492 47 487
f 3656 3655 3657 3658
f 3656 3658 855 492
f 3658 3657 3659 3660
f 3658 3660 3661 855
f 3661 3662 856 855
f 3661 3660 3663 3664
f 3661 3664 3665 3662
f 3665 3666 3667 3662
f 3665 3664 3668 3669
f 3665 3669 3670 3666
f 3670 3671 3672 3666
f 3670 3669 3673 3674
f 3670 3674 3675 3671
f 3675 3676 3677 3671
f 3675 3674 3678 3679
f 3675 3679 3680 3676
f 3680 3681 3682 3676
f 3680 3679 3683 3684
f 3680 3684 3685 3681
f 3685 3686 3687 3681
f 3685 3684 3688 3689
f 3685 3689 3690 3686
f 3690 3691 3692 3686
f 3690 3689 3693 3694
f 3690 3694 3695 3691
f 3695 3696 3697 3691
f 3695 3694 3698 3699
f 3695 3699 3700 3696
f 3700 3701 3702 3696
f 3700 3699 3703 3704
f 3700 3704 3705 3701
f 3705 3706 3707 3701
f 3705 3704 3708 3709
f 3705 3709 3710 3706
f 3710 3711 3712 3706
f 3710 3709 3713 3714
f 3710 3714 3715 3711
f 3715 848 847 3711
f 3715 3714 3716 3717
f 3715 3717 849 848
f 3717 3716 3718 3719
f 3717 3719 3720 849
f 3720 3721 850 849
f 3720 3719 3722 3723
f 3720 3723 3724 3721
f 3724 3725 3726 3721
f 3724 3723 709 708
f 3724 708 710 3725
f 3726 851 850 3721
f 3726 3725 3727 3728
f 3726 3728 3729 851
f 3729 3730 845 851
f 3729 3728 3731 3732
f 3729 3732 3733 3730
f 3733 3734 3735 3730
f 3733 3732 3736 3737
f 3733 3737 3738 3734
f 3738 3739 3740 3734
f 3738 3737 3741 3742
f 3738 3742 3743 3739
f 3743 3744 3745 3739
f 3743 3742 3746 3747
f 3743 3747 3748 3744
f 3748 3749 3750 3744
f 3748 3747 3751 3752
f 3748 3752 3753 3749
f 3753 3754 3755 3749
f 3753 3752 3756 3757
f 3753 3757 3758 3754
f 3758 3759 3760 3754
f 3758 3757 3761 3762
f 3758 3762 3763 3759
f 3763 3764 3765 3759
f 3763 3762 3766 3767
f 3763 3767 3768 3764
f 3768 3769 3770 3764
f 3768 3767 3771 3772
f 3768 3772 3773 3769
f 3773 3774 3775 3769
f 3773 3772 3776 3777
f 3773 3777 3778 3774
f 3778 3779 3780 3774
f 3778 3777 3781 3782
f 3778 3782 3783 3779
f 3783 3784 3785 3779
f 3783 3782 3786 3787
f 3783 3787 3788 3784
f 3788 3789 3790 3784
f 3788 3787 3791 3792
f 3788 3792 3793 3789
f 3793 3794 3795 3789
f 3793 3792 3796 3797
f 3793 3797 3798 3794
f 3798 3799 3800 3794
f 3798 3797 3801 3802
f 3798 3802 3803 3799
f 3803 3804 3805 3799
f 3803 3802 3806 3807
f 3803 3807 3808 3804
f 3808 3809 3810 3804
f 3808 3807 3811 3812
f 3808 3812 3813 3809
f 3813 826 825 3809
f 3813 3812 3814 3815
f 3813 3815 829 826
f 3815 3816 3817 829
f 3815 3814 3818 3816
f 3818 3255 3253 3816
f 3818 3814 3819 3820
f 3818 3820 3821 3255
f 3821 3259 3256 3255
f 3821 3820 841 3822
f 3821 3822 3823 3259
f 3823 831 3260 3259
f 3823 3822 3824 3825
f 3823 3825 832 831
f 3825 3824 3826 3827
f 3825 3827 833 832
f 3827 3826 3828 3829
f 3827 3829 3830 833
f 3830 3829 3831 3832
f 3830 3832 3833 3834
f 3830 3834 834 833
f 3834 3833 3835 3836
f 3834 3836 835 834
f 3836 3835 3837 3264
f 3836 3264 3262 835
f 3837 3835 3838 3839
f 3837 3839 3840 3267
f 3837 3267 3265 3264
f 3840 3839 3841 3842
f 3840 3842 3843 3271
f 3840 3271 3268 3267
f 3843 3842 3844 3845
f 3843 3845 3846 3274
f 3843 3274 3272 3271
f 3846 3845 3847 3848
f 3846 3848 3849 3277
f 3846 3277 3275 3274
f 3849 3848 3850 3851
f 3849 3851 3852 3280
f 3849 3280 3278 3277
f 3852 3851 3853 3854
f 3852 3854 3855 3283
f 3852 3283 3281 3280
f 3855 3854 3856 3857
f 3855 3857 3858 3286
f 3855 3286 3284 3283
f 3858 3857 3859 3860
f 3858 3860 3861 3289
f 3858 3289 3287 3286
f 3861 3860 3862 3863
f 3861 3863 3864 3292
f 3861 3292 3290 3289
f 3864 3863 3865 3866
f 3864 3866 3867 3295
f 3864 3295 3293 3292
f 3867 3866 3868 3869
f 3867 3869 682 3298
f 3867 3298 3296 3295
f 3869 3868 3870 3871
f 3869 3871 683 682
f 3871 3870 3872 3873
f 3871 3873 686 683
f 3873 3872 3874 3875
f 3873 3875 3876 686
f 3876 3875 3877 3878
f 3876 3878 3879 3880
f 3876 3880 687 686
f 3880 3879 3881 3882
f 3880 3882 688 687
f 3882 3881 3883 3884
f 3882 3884 3885 688
f 3885 3884 494 3886
f 3885 3886 3887 3888
f 3885 3888 689 688
f 3888 3887 3889 3890
f 3888 3890 3891 689
f 3891 3890 3892 3304
f 3891 3304 3302 684
f 3891 684 77 689
f 3892 3890 3889 3893
f 3892 3893 3894 3307
f 3892 3307 3305 3304
f 3894 3893 803 805
f 3894 805 3895 3310
f 3894 3310 3308 3307
f 3895 805 802 3896
f 3895 3896 3897 3313
f 3895 3313 3311 3310
f 3897 3896 3898 258
f 3897 258 257 3316
f 3897 3316 3314 3313
f 3898 209 208 258
f 3898 3896 802 801
f 3898 801 212 209
f 3893 3889 804 803
f 3889 3887 3899 804
f 3899 3900 3901 3902
f 3899 3902 800 804
f 3899 3887 3886 3900
f 3902 3901 213 212
f 3902 212 801 800
f 3901 502 214 213
f 3901 3900 493 502
f 3900 3886 494 493
f 3884 3883 495 494
f 3883 3881 3903 3904
f 3883 3904 501 495
f 3904 3903 3905 3906
f 3904 3906 3907 501
f 3907 3906 3908 3909
f 3907 3909 3910 3911
f 3907 3911 499 501
f 3911 3910 3912 3913
f 3911 3913 500 499
f 3913 3912 3914 3915
f 3913 3915 3916 500
f 3916 3917 496 500
f 3916 3915 3918 3919
f 3916 3919 3920 3917
f 3920 3921 3922 3917
f 3920 3919 3923 3924
f 3920 3924 3925 3921
f 3925 3926 3927 3921
f 3925 3924 3928 3929
f 3925 3929 3930 3926
f 3930 3931 3932 3933
f 3930 3933 3934 3926
f 3930 3929 3935 3931
f 3935 3936 3937 3931
f 3935 3929 3928 3938
f 3935 3938 3939 3936
f 3939 3940 3941 3936
f 3939 3938 3942 3943
f 3939 3943 3944 3940
f 3944 3945 3946 3940
f 3944 3943 3947 3948
f 3944 3948 3949 3945
f 3949 3950 3951 3945
f 3949 3948 3952 3953
f 3949 3953 297 3950
f 3953 3952 3954 3955
f 3953 3955 294 297
f 3955 3954 3956 3957
f 3955 3957 295 294
f 3957 3956 3958 3959
f 3957 3959 3960 295
f 3960 3961 292 295
f 3960 3959 3962 3963
f 3960 3963 3964 3961
f 3964 3963 3965 3966
f 3964 3966 3967 3968
f 3964 3968 3969 3961
f 3969 293 292 3961
f 3969 3968 3970 3971
f 3969 3971 3972 293
f 3972 3973 289 293
f 3972 3971 3974 3975
f 3972 3975 3976 3973
f 3976 3977 3978 3973
f 3976 3975 3979 3980
f 3976 3980 3981 3977
f 3981 3982 3983 3977
f 3981 3980 3984 3985
f 3981 3985 3986 3982
f 3986 701 700 3982
f 3986 3985 3987 3988
f 3986 3988 3989 701
f 3989 3990 3722 3991
f 3989 3991 696 701
f 3989 3988 3992 3990
f 3992 3988 3987 3993
f 3992 3993 703 702
f 3992 702 709 3990
f 3993 3987 3994 3995
f 3993 3995 3996 703
f 3996 3995 3997 3998
f 3996 3998 3999 4000
f 3996 4000 704 703
f 4000 3999 4001 4002
f 4000 4002 4003 704
f 4003 705 80 704
f 4003 4002 4004 4005
f 4003 4005 4006 705
f 4006 4007 706 705
f 4006 4005 4008 3905
f 4006 3905 3903 4007
f 4008 4005 4004 4009
f 4008 4009 4010 3908
f 4008 3908 3906 3905
f 4010 4009 4011 4012
f 4010 4012 4013 4014
f 4010 4014 3909 3908
f 4014 4013 4015 4016
f 4014 4016 3910 3909
f 4016 4015 4017 4018
f 4016 4018 3912 3910
f 4018 4017 4019 4020
f 4018 4020 3914 3912
f 4020 4019 4021 4022
f 4020 4022 4023 3914
f 4023 3918 3915 3914
f 4023 4022 4024 4025
f 4023 4025 4026 3918
f 4026 3923 3919 3918
f 4026 4025 4027 4028
f 4026 4028 4029 3923
f 4029 3928 3924 3923
f 4029 4028 4030 3942
f 4029 3942 3938 3928
f 4030 4028 4027 4031
f 4030 4031 4032 3947
f 4030 3947 3943 3942
f 4032 3952 3948 3947
f 4032 4031 4033 4034
f 4032 4034 3954 3952
f 4034 4033 4035 4036
f 4034 4036 3956 3954
f 4036 4035 4037 4038
f 4036 4038 3958 3956
f 4038 4037 4039 4040
f 4038 4040 4041 3958
f 4041 4040 4042 4043
f 4041 4043 4044 3962
f 4041 3962 3959 3958
f 4044 4043 4045 4046
f 4044 4046 4047 3965
f 4044 3965 3963 3962
f 4047 4046 4048 4049
f 4047 4049 4050 4051
f 4047 4051 3966 3965
f 4051 4050 4052 4053
f 4051 4053 3967 3966
f 4053 4052 4054 4055
f 4053 4055 4056 3967
f 4056 3970 3968 3967
f 4056 4055 618 4057
f 4056 4057 4058 3970
f 4058 3974 3971 3970
f 4058 4057 4059 4060
f 4058 4060 4061 3974
f 4061 3979 3975 3974
f 4061 4060 4062 4063
f 4061 4063 4064 3979
f 4064 3984 3980 3979
f 4064 4063 4065 4066
f 4064 4066 3994 3984
f 4066 4065 4067 3997
f 4066 3997 3995 3994
f 4067 4065 4068 4069
f 4067 4069 4070 4071
f 4067 4071 3998 3997
f 4071 4070 4072 4073
f 4071 4073 3999 3998
f 4073 4072 4074 4075
f 4073 4075 4001 3999
f 4075 4074 4076 4077
f 4075 4077 4078 4001
f 4078 4004 4002 4001
f 4078 4077 4079 4011
f 4078 4011 4009 4004
f 4079 4077 4076 4080
f 4079 4080 4081 4082
f 4079 4082 4012 4011
f 4082 4081 4083 4084
f 4082 4084 4013 4012
f 4084 4083 4085 4086
f 4084 4086 4015 4013
f 4086 4085 4087 4088
f 4086 4088 4017 4015
f 4088 4087 4089 4090
f 4088 4090 4019 4017
f 4090 4089 4091 4092
f 4090 4092 4021 4019
f 4092 4091 4093 4094
f 4092 4094 4095 4021
f 4095 4024 4022 4021
f 4095 4094 4096 4097
f 4095 4097 4098 4024
f 4098 4027 4025 4024
f 4098 4097 4035 4033
f 4098 4033 4031 4027
f 4097 4096 4037 4035
f 4096 4094 4093 4099
f 4096 4099 4039 4037
f 4099 4093 4100 4101
f 4099 4101 4102 4039
f 4102 4101 4103 4104
f 4102 4104 4105 4042
f 4102 4042 4040 4039
f 4105 4104 4106 4107
f 4105 4107 4108 4045
f 4105 4045 4043 4042
f 4108 4107 4109 4110
f 4108 4110 4111 4048
f 4108 4048 4046 4045
f 4111 4110 4112 4113
f 4111 4113 4114 4115
f 4111 4115 4049 4048
f 4115 4114 4116 4117
f 4115 4117 4050 4049
f 4117 4116 4118 4119
f 4117 4119 4052 4050
f 4119 4118 4120 4121
f 4119 4121 4054 4052
f 4121 4120 4122 617
f 4121 617 616 4054
f 4122 4123 613 617
f 4122 4120 4124 4125
f 4122 4125 4126 4123
f 4126 4127 4128 4123
f 4126 4125 4129 4130
f 4126 4130 4131 4127
f 4131 4132 4133 4127
f 4131 4130 4134 4135
f 4131 4135 4136 4132
f 4136 4072 4070 4132
f 4136 4135 4137 4138
f 4136 4138 4074 4072
f 4138 4137 4139 4140
f 4138 4140 4076 4074
f 4140 4139 4141 4142
f 4140 4142 4080 4076
f 4142 4141 4143 4144
f 4142 4144 4081 4080
f 4144 4143 4145 4146
f 4144 4146 4083 4081
f 4146 4145 4147 4148
f 4146 4148 4085 4083
f 4148 4147 4149 4150
f 4148 4150 4087 4085
f 4150 4149 4151 4152
f 4150 4152 4089 4087
f 4152 4151 4153 4154
f 4152 4154 4091 4089
f 4154 4153 4155 4100
f 4154 4100 4093 4091
f 4155 4153 822 821
f 4155 821 823 4103
f 4155 4103 4101 4100
f 4153 4151 4156 822
f 4156 4151 4149 4157
f 4156 4157 4158 4159
f 4156 4159 818 822
f 4159 4158 4160 4161
f 4159 4161 819 818
f 4161 4160 4162 4163
f 4161 4163 4164 819
f 4164 4165 820 819
f 4164 4163 4166 4167
f 4164 4167 4109 4165
f 4167 4166 4168 4112
f 4167 4112 4110 4109
f 4168 4166 4169 4170
f 4168 4170 4171 4172
f 4168 4172 4113 4112
f 4172 4171 807 4173
f 4172 4173 4114 4113
f 4173 807 806 4174
f 4173 4174 4116 4114
f 4174 806 811 4175
f 4174 4175 4118 4116
f 4175 811 4176 4124
f 4175 4124 4120 4118
f 4176 4129 4125 4124
f 4176 811 810 4177
f 4176 4177 4178 4129
f 4178 4134 4130 4129
f 4178 4177 4179 4180
f 4178 4180 4181 4134
f 4181 4137 4135 4134
f 4181 4180 4182 4183
f 4181 4183 4139 4137
f 4183 4182 4184 4185
f 4183 4185 4141 4139
f 4185 4184 4186 4187
f 4185 4187 4143 4141
f 4187 4186 4188 4189
f 4187 4189 4145 4143
f 4189 4188 4190 4191
f 4189 4191 4147 4145
f 4191 4190 4158 4157
f 4191 4157 4149 4147
f 4190 4188 816 815
f 4190 815 4160 4158
f 4188 4186 817 816
f 4186 4184 4192 817
f 4192 4184 4182 4193
f 4192 4193 4194 4195
f 4192 4195 812 817
f 4195 4194 4196 4197
f 4195 4197 813 812
f 4197 4170 4169 813
f 4197 4196 4171 4170
f 4196 4194 809 808
f 4196 808 807 4171
f 4194 4193 4179 809
f 4193 4182 4180 4179
f 4179 4177 810 809
f 4169 4166 4163 4162
f 4169 4162 814 813
f 4165 4106 823 820
f 4165 4109 4107 4106
f 4162 4160 815 814
f 4133 4069 4068 4198
f 4133 4198 4128 4127
f 4133 4132 4070 4069
f 4198 4068 4062 4199
f 4198 4199 614 4128
f 4199 4062 4060 4059
f 4199 4059 615 614
f 4128 614 613 4123
f 4106 4104 4103 823
f 4068 4065 4063 4062
f 4059 4057 618 615
f 4055 4054 616 618
f 4007 3879 3878 706
f 4007 3903 3881 3879
f 3994 3987 3985 3984
f 3991 3722 3719 3718
f 3991 3718 697 696
f 3990 709 3723 3722
f 3983 699 4200 4201
f 3983 4201 3978 3977
f 3983 3982 700 699
f 4201 4200 4202 4203
f 4201 4203 290 3978
f 4203 4202 4204 4205
f 4203 4205 291 290
f 4205 4204 3703 4206
f 4205 4206 298 291
f 4206 3703 3699 3698
f 4206 3698 4207 298
f 4207 3698 3694 3693
f 4207 3693 4208 4209
f 4207 4209 296 298
f 4209 4208 3951 3950
f 4209 3950 297 296
f 4208 3693 3689 3688
f 4208 3688 4210 3951
f 4210 3688 3684 3683
f 4210 3683 4211 3946
f 4210 3946 3945 3951
f 4211 3683 3679 3678
f 4211 3678 4212 3941
f 4211 3941 3940 3946
f 4212 3678 3674 3673
f 4212 3673 4213 3937
f 4212 3937 3936 3941
f 4213 3673 3669 3668
f 4213 3668 4214 3932
f 4213 3932 3931 3937
f 4214 3668 3664 3663
f 4214 3663 4215 4216
f 4214 4216 3933 3932
f 4216 4215 4217 4218
f 4216 4218 3934 3933
f 4218 4217 4219 4220
f 4218 4220 4221 3934
f 4221 4220 4222 4223
f 4221 4223 4224 3927
f 4221 3927 3926 3934
f 4224 4223 4225 4226
f 4224 4226 497 3922
f 4224 3922 3921 3927
f 4226 4225 4227 4228
f 4226 4228 498 497
f 4228 4227 210 214
f 4228 214 502 498
f 4227 4229 211 210
f 4227 4225 4230 4229
f 4230 4231 4232 4229
f 4230 4225 4223 4222
f 4230 4222 4233 4231
f 4233 4234 4235 4231
f 4233 4222 4220 4219
f 4233 4219 4236 4234
f 4236 4237 4238 4234
f 4236 4219 4217 4239
f 4236 4239 4240 4237
f 4240 3654 4241 4237
f 4240 4239 3659 3657
f 4240 3657 3655 3654
f 4241 4242 4243 4244
f 4241 4244 4238 4237
f 4241 3654 3652 4242
f 4244 4243 3497 4245
f 4244 4245 4246 4238
f 4246 4245 3492 4247
f 4246 4247 4248 4235
f 4246 4235 4234 4238
f 4248 4247 3487 4249
f 4248 4249 4250 4232
f 4248 4232 4231 4235
f 4250 4249 3482 4251
f 4250 4251 205 211
f 4250 211 4229 4232
f 4251 3482 3479 3478
f 4251 3478 206 205
f 4249 3487 3483 3482
f 4247 3492 3488 3487
f 4245 3497 3493 3492
f 4243 3502 3498 3497
f 4243 4242 4252 3502
f 4252 3507 3503 3502
f 4252 4242 3652 3651
f 4252 3651 3650 3507
f 4239 4217 4215 3659
f 4215 3663 3660 3659
f 4204 3708 3704 3703
f 4204 4202 4253 3708
f 4253 3713 3709 3708
f 4253 4202 4200 4254
f 4253 4254 4255 3713
f 4255 3716 3714 3713
f 4255 4254 698 697
f 4255 697 3718 3716
f 4254 4200 699 698
f 3978 290 289 3973
f 3922 497 496 3917
f 3878 3877 707 706
f 3877 4256 710 707
f 3877 3875 3874 4256
f 4256 3727 3725 710
f 4256 3874 4257 3727
f 4257 3731 3728 3727
f 4257 3874 3872 4258
f 4257 4258 4259 3731
f 4259 3736 3732 3731
f 4259 4258 4260 4261
f 4259 4261 4262 3736
f 4262 3741 3737 3736
f 4262 4261 4263 4264
f 4262 4264 4265 3741
f 4265 3746 3742 3741
f 4265 4264 4266 4267
f 4265 4267 4268 3746
f 4268 3751 3747 3746
f 4268 4267 4269 4270
f 4268 4270 4271 3751
f 4271 3756 3752 3751
f 4271 4270 4272 4273
f 4271 4273 4274 3756
f 4274 3761 3757 3756
f 4274 4273 4275 4276
f 4274 4276 4277 3761
f 4277 3766 3762 3761
f 4277 4276 4278 4279
f 4277 4279 4280 3766
f 4280 3771 3767 3766
f 4280 4279 4281 4282
f 4280 4282 4283 3771
f 4283 3776 3772 3771
f 4283 4282 4284 4285
f 4283 4285 4286 3776
f 4286 3781 3777 3776
f 4286 4285 4287 4288
f 4286 4288 4289 3781
f 4289 3786 3782 3781
f 4289 4288 4290 4291
f 4289 4291 4292 3786
f 4292 3791 3787 3786
f 4292 4291 4293 4294
f 4292 4294 4295 3791
f 4295 3796 3792 3791
f 4295 4294 3831 4296
f 4295 4296 4297 3796
f 4297 3801 3797 3796
f 4297 4296 3828 4298
f 4297 4298 4299 3801
f 4299 3806 3802 3801
f 4299 4298 839 838
f 4299 838 837 3806
f 4298 3828 3826 839
f 4296 3831 3829 3828
f 4294 4293 3832 3831
f 4293 4291 4290 4300
f 4293 4300 3833 3832
f 4300 4290 4301 3838
f 4300 3838 3835 3833
f 4301 4290 4288 4287
f 4301 4287 4302 3841
f 4301 3841 3839 3838
f 4302 4287 4285 4284
f 4302 4284 4303 3844
f 4302 3844 3842 3841
f 4303 4284 4282 4281
f 4303 4281 4304 3847
f 4303 3847 3845 3844
f 4304 4281 4279 4278
f 4304 4278 4305 3850
f 4304 3850 3848 3847
f 4305 4278 4276 4275
f 4305 4275 4306 3853
f 4305 3853 3851 3850
f 4306 4275 4273 4272
f 4306 4272 4307 3856
f 4306 3856 3854 3853
f 4307 4272 4270 4269
f 4307 4269 4308 3859
f 4307 3859 3857 3856
f 4308 4269 4267 4266
f 4308 4266 4309 3862
f 4308 3862 3860 3859
f 4309 4266 4264 4263
f 4309 4263 4310 3865
f 4309 3865 3863 3862
f 4310 4263 4261 4260
f 4310 4260 3870 3868
f 4310 3868 3866 3865
f 4260 4258 3872 3870
f 3826 3824 840 839
f 3824 3822 841 840
f 3820 3819 836 841
f 3819 3814 3812 3811
f 3819 3811 837 836
f 3817 3251 3249 4311
f 3817 4311 827 829
f 3817 3816 3253 3251
f 4311 3249 3245 3244
f 4311 3244 828 827
f 3811 3807 3806 837
f 3810 4312 4313 4314
f 3810 4314 3805 3804
f 3810 3809 825 4312
f 4314 4313 3229 4315
f 4314 4315 4316 3805
f 4316 4315 3224 4317
f 4316 4317 4318 3800
f 4316 3800 3799 3805
f 4318 4317 3219 4319
f 4318 4319 4320 3795
f 4318 3795 3794 3800
f 4320 4319 3214 4321
f 4320 4321 4322 3790
f 4320 3790 3789 3795
f 4322 4321 3209 4323
f 4322 4323 4324 3785
f 4322 3785 3784 3790
f 4324 4323 3204 4325
f 4324 4325 4326 3780
f 4324 3780 3779 3785
f 4326 4325 3199 4327
f 4326 4327 4328 3775
f 4326 3775 3774 3780
f 4328 4327 3194 4329
f 4328 4329 4330 3770
f 4328 3770 3769 3775
f 4330 4329 3189 4331
f 4330 4331 4332 3765
f 4330 3765 3764 3770
f 4332 4331 3184 4333
f 4332 4333 4334 3760
f 4332 3760 3759 3765
f 4334 4333 3179 4335
f 4334 4335 4336 3755
f 4334 3755 3754 3760
f 4336 4335 3174 4337
f 4336 4337 4338 3750
f 4336 3750 3749 3755
f 4338 4337 3169 4339
f 4338 4339 4340 3745
f 4338 3745 3744 3750
f 4340 4339 3164 4341
f 4340 4341 4342 3740
f 4340 3740 3739 3745
f 4342 4341 3159 4343
f 4342 4343 846 3735
f 4342 3735 3734 3740
f 4343 3159 3156 3155
f 4343 3155 842 846
f 4341 3164 3160 3159
f 4339 3169 3165 3164
f 4337 3174 3170 3169
f 4335 3179 3175 3174
f 4333 3184 3180 3179
f 4331 3189 3185 3184
f 4329 3194 3190 3189
f 4327 3199 3195 3194
f 4325 3204 3200 3199
f 4323 3209 3205 3204
f 4321 3214 3210 3209
f 4319 3219 3215 3214
f 4317 3224 3220 3219
f 4315 3229 3225 3224
f 4313 3234 3230 3229
f 4313 4312 4344 3234
f 4344 3239 3235 3234
f 4344 4312 825 824
f 4344 824 828 3239
f 3735 846 845 3730
f 3712 4345 4346 4347
f 3712 4347 3707 3706
f 3712 3711 847 4345
f 4347 4346 4348 4349
f 4347 4349 4350 3707
f 4350 4349 4351 4352
f 4350 4352 4353 3702
f 4350 3702 3701 3707
f 4353 4352 4354 4355
f 4353 4355 4356 3697
f 4353 3697 3696 3702
f 4356 4355 4357 4358
f 4356 4358 4359 3692
f 4356 3692 3691 3697
f 4359 4358 4360 4361
f 4359 4361 4362 3687
f 4359 3687 3686 3692
f 4362 4361 4363 4364
f 4362 4364 4365 3682
f 4362 3682 3681 3687
f 4365 4364 4366 4367
f 4365 4367 4368 3677
f 4365 3677 3676 3682
f 4368 4367 4369 4370
f 4368 4370 4371 3672
f 4368 3672 3671 3677
f 4371 4370 4372 4373
f 4371 4373 857 3667
f 4371 3667 3666 3672
f 4373 4372 4374 4375
f 4373 4375 852 857
f 4375 4374 4376 4377
f 4375 4377 853 852
f 4377 4376 4378 4379
f 4377 4379 4380 853
f 4380 4379 4381 4382
f 4380 4382 4383 4384
f 4380 4384 854 853
f 4384 4383 4385 4386
f 4384 4386 858 854
f 4386 4385 4387 4388
f 4386 4388 4389 858
f 4389 4388 4390 4391
f 4389 4391 4392 489
f 4389 489 488 858
f 4392 4391 904 4393
f 4392 4393 198 204
f 4392 204 490 489
f 4393 904 903 4394
f 4393 4394 199 198
f 4394 903 905 4395
f 4394 4395 4396 199
f 4396 4397 200 199
f 4396 4395 4398 4399
f 4396 4399 4400 4397
f 4400 2212 2210 4397
f 4400 4399 4401 4402
f 4400 4402 2214 2212
f 4402 4401 4403 4404
f 4402 4404 4405 2214
f 4405 2217 2215 2214
f 4405 4404 4406 4407
f 4405 4407 4408 2217
f 4408 2221 2218 2217
f 4408 4407 4409 4410
f 4408 4410 4411 2221
f 4411 2226 2222 2221
f 4411 4410 4412 4413
f 4411 4413 4414 2226
f 4414 2231 2227 2226
f 4414 4413 4415 4416
f 4414 4416 4417 2231
f 4417 2236 2232 2231
f 4417 4416 4418 4419
f 4417 4419 4420 2236
f 4420 2241 2237 2236
f 4420 4419 4421 4422
f 4420 4422 4423 2241
f 4423 2246 2242 2241
f 4423 4422 4424 4425
f 4423 4425 4426 2246
f 4426 2251 2247 2246
f 4426 4425 4427 4428
f 4426 4428 4429 2251
f 4429 2256 2252 2251
f 4429 4428 4430 4431
f 4429 4431 4432 2256
f 4432 2261 2257 2256
f 4432 4431 4433 4434
f 4432 4434 4435 2261
f 4435 2266 2262 2261
f 4435 4434 4436 4437
f 4435 4437 4438 2266
f 4438 2271 2267 2266
f 4438 4437 4439 4440
f 4438 4440 4441 2271
f 4441 2276 2272 2271
f 4441 4440 4442 4443
f 4441 4443 4444 2276
f 4444 2281 2277 2276
f 4444 4443 4445 4446
f 4444 4446 4447 2281
f 4447 2286 2282 2281
f 4447 4446 4448 4449
f 4447 4449 4450 2286
f 4450 2291 2287 2286
f 4450 4449 4451 4452
f 4450 4452 4453 2291
f 4453 2296 2292 2291
f 4453 4452 4454 4455
f 4453 4455 4456 2296
f 4456 2301 2297 2296
f 4456 4455 4457 4458
f 4456 4458 4459 2301
f 4459 2306 2302 2301
f 4459 4458 4460 4461
f 4459 4461 4462 2306
f 4462 2311 2307 2306
f 4462 4461 4463 4464
f 4462 4464 4465 2311
f 4465 2316 2312 2311
f 4465 4464 4466 4467
f 4465 4467 4468 2316
f 4468 2321 2317 2316
f 4468 4467 4469 4470
f 4468 4470 4471 2321
f 4471 2326 2322 2321
f 4471 4470 4472 4473
f 4471 4473 4474 2326
f 4474 2331 2327 2326
f 4474 4473 4475 4476
f 4474 4476 4477 2331
f 4477 2336 2332 2331
f 4477 4476 4478 4479
f 4477 4479 4480 2336
f 4480 2341 2337 2336
f 4480 4479 4481 4482
f 4480 4482 4483 2341
f 4483 2346 2342 2341
f 4483 4482 394 397
f 4483 397 4484 2346
f 4484 2351 2347 2346
f 4484 397 396 4485
f 4484 4485 4486 2351
f 4486 2356 2352 2351
f 4486 4485 4487 4488
f 4486 4488 4489 2356
f 4489 2361 2357 2356
f 4489 4488 4490 4491
f 4489 4491 4492 2361
f 4492 2366 2362 2361
f 4492 4491 4493 4494
f 4492 4494 4495 2366
f 4495 2371 2367 2366
f 4495 4494 4496 4497
f 4495 4497 4498 2371
f 4498 2376 2372 2371
f 4498 4497 4499 4500
f 4498 4500 4501 2376
f 4501 2381 2377 2376
f 4501 4500 4502 4503
f 4501 4503 4504 2381
f 4504 2386 2382 2381
f 4504 4503 4505 4506
f 4504 4506 4507 2386
f 4507 2391 2387 2386
f 4507 4506 4508 4509
f 4507 4509 4510 2391
f 4510 2396 2392 2391
f 4510 4509 4511 4512
f 4510 4512 2402 2396
f 4512 4511 4513 4514
f 4512 4514 2403 2402
f 4514 4513 4515 4516
f 4514 4516 2405 2403
f 4516 4515 4517 4518
f 4516 4518 2407 2405
f 4518 4517 4519 4520
f 4518 4520 4521 2407
f 4521 2411 2408 2407
f 4521 4520 381 380
f 4521 380 4522 2411
f 4522 2414 2412 2411
f 4522 380 379 4523
f 4522 4523 4524 2414
f 4524 4523 4525 4526
f 4524 4526 412 411
f 4524 411 2415 2414
f 4526 4527 419 412
f 4526 4525 4528 4527
f 4528 4529 4530 4527
f 4528 4525 378 4531
f 4528 4531 4532 4529
f 4532 4533 4534 4529
f 4532 4531 4535 4536
f 4532 4536 4537 4533
f 4537 4538 4539 4533
f 4537 4536 4540 4541
f 4537 4541 4542 4538
f 4542 4543 4544 4538
f 4542 4541 4545 4546
f 4542 4546 4547 4543
f 4547 4548 4549 4543
f 4547 4546 4550 4551
f 4547 4551 4552 4548
f 4552 4553 4554 4548
f 4552 4551 4555 4556
f 4552 4556 4557 4553
f 4557 4558 4559 4553
f 4557 4556 671 675
f 4557 675 4560 4558
f 4560 4561 4562 4558
f 4560 675 674 4563
f 4560 4563 4564 4561
f 4564 4565 4566 4561
f 4564 4563 4567 4568
f 4564 4568 4569 4565
f 4569 4570 4571 4565
f 4569 4568 4572 4573
f 4569 4573 4574 4570
f 4574 4575 4576 4570
f 4574 4573 913 912
f 4574 912 917 4575
f 4576 4577 4578 4579
f 4576 4579 4571 4570
f 4576 4575 4580 4577
f 4580 4581 927 4577
f 4580 4575 917 4582
f 4580 4582 4583 4581
f 4583 4584 4585 4586
f 4583 4586 4587 4581
f 4583 4582 4588 4584
f 4588 4589 4590 4584
f 4588 4582 917 916
f 4588 916 915 4589
f 4590 4591 4592 4593
f 4590 4593 4585 4584
f 4590 4589 921 4591
f 4593 4592 4594 4595
f 4593 4595 4596 4585
f 4596 4595 4597 4598
f 4596 4598 4599 4600
f 4596 4600 4586 4585
f 4600 4599 4601 4602
f 4600 4602 4587 4586
f 4602 4601 4603 929
f 4602 929 928 4587
f 4603 4601 4604 4605
f 4603 4605 4606 4607
f 4603 4607 924 929
f 4607 4606 4608 4609
f 4607 4609 925 924
f 4609 4608 4610 4611
f 4609 4611 4612 925
f 4612 4611 4613 4614
f 4612 4614 4579 4578
f 4612 4578 926 925
f 4614 4613 4615 4616
f 4614 4616 4571 4579
f 4616 4615 4617 4566
f 4616 4566 4565 4571
f 4617 4615 4618 4619
f 4617 4619 4620 4562
f 4617 4562 4561 4566
f 4620 4619 4621 4622
f 4620 4622 4623 4559
f 4620 4559 4558 4562
f 4623 4622 4624 4625
f 4623 4625 4626 4554
f 4623 4554 4553 4559
f 4626 4625 4627 4628
f 4626 4628 4629 4549
f 4626 4549 4548 4554
f 4629 4628 4630 4631
f 4629 4631 4632 4544
f 4629 4544 4543 4549
f 4632 4631 4633 4634
f 4632 4634 4635 4539
f 4632 4539 4538 4544
f 4635 4634 4636 4637
f 4635 4637 4638 4534
f 4635 4534 4533 4539
f 4638 4637 4639 4640
f 4638 4640 4641 4530
f 4638 4530 4529 4534
f 4641 4640 4642 4643
f 4641 4643 417 419
f 4641 419 4527 4530
f 4643 4642 368 4644
f 4643 4644 418 417
f 4644 368 367 4645
f 4644 4645 4646 418
f 4646 4645 4647 4648
f 4646 4648 4649 4650
f 4646 4650 415 418
f 4650 4649 4651 4652
f 4650 4652 416 415
f 4652 4651 4653 4654
f 4652 4654 4655 416
f 4655 4656 413 416
f 4655 4654 4657 4658
f 4655 4658 4659 4656
f 4659 4660 4661 4656
f 4659 4658 4662 4663
f 4659 4663 4664 4660
f 4664 4665 4666 4660
f 4664 4663 4667 4668
f 4664 4668 4669 4665
f 4669 4670 4671 4665
f 4669 4668 4672 4673
f 4669 4673 4674 4670
f 4674 4675 4676 4670
f 4674 4673 4677 4678
f 4674 4678 4679 4675
f 4679 4680 4681 4675
f 4679 4678 4682 4683
f 4679 4683 4684 4680
f 4684 4685 4686 4680
f 4684 4683 4687 4688
f 4684 4688 4689 4685
f 4689 4690 4691 4685
f 4689 4688 4692 4693
f 4689 4693 4694 4690
f 4694 4695 4696 4690
f 4694 4693 4697 4698
f 4694 4698 4699 4695
f 4699 4700 4701 4695
f 4699 4698 4702 4703
f 4699 4703 4704 4700
f 4704 4705 4706 4700
f 4704 4703 4707 4708
f 4704 4708 4709 4705
f 4709 4710 4711 4705
f 4709 4708 4712 4713
f 4709 4713 4714 4710
f 4714 4715 4716 4710
f 4714 4713 4717 4718
f 4714 4718 4719 4715
f 4719 4720 4721 4715
f 4719 4718 4722 4723
f 4719 4723 4724 4720
f 4724 4725 4726 4720
f 4724 4723 4727 4728
f 4724 4728 4729 4725
f 4729 4730 4731 4725
f 4729 4728 4732 4733
f 4729 4733 4734 4730
f 4734 4735 4736 4730
f 4734 4733 4737 4738
f 4734 4738 4739 4735
f 4739 4740 4741 4735
f 4739 4738 4742 4743
f 4739 4743 4744 4740
f 4744 4745 4746 4740
f 4744 4743 4747 4748
f 4744 4748 4749 4745
f 4749 4750 4751 4745
f 4749 4748 4752 4753
f 4749 4753 4754 4750
f 4754 4755 4756 4750
f 4754 4753 4757 4758
f 4754 4758 4759 4755
f 4759 4760 4761 4755
f 4759 4758 4762 4763
f 4759 4763 4764 4760
f 4764 4765 4766 4760
f 4764 4763 4767 4768
f 4764 4768 4769 4765
f 4769 2536 2535 4765
f 4769 4768 4770 4771
f 4769 4771 2537 2536
f 4771 4770 4772 4773
f 4771 4773 2539 2537
f 4773 4772 4774 4775
f 4773 4775 2541 2539
f 4775 4774 4776 4777
f 4775 4777 4778 2541
f 4778 4777 4779 4780
f 4778 4780 4781 2544
f 4778 2544 2542 2541
f 4781 4780 4782 4783
f 4781 4783 4784 2548
f 4781 2548 2545 2544
f 4784 4783 4785 4786
f 4784 4786 4787 2551
f 4784 2551 2549 2548
f 4787 4786 4788 4789
f 4787 4789 4790 2555
f 4787 2555 2552 2551
f 4790 4789 4791 4792
f 4790 4792 4793 2558
f 4790 2558 2556 2555
f 4793 4792 4794 4795
f 4793 4795 4796 2561
f 4793 2561 2559 2558
f 4796 4795 4797 4798
f 4796 4798 4799 2564
f 4796 2564 2562 2561
f 4799 4798 4800 4801
f 4799 4801 4802 2567
f 4799 2567 2565 2564
f 4802 4801 4803 4804
f 4802 4804 4805 2570
f 4802 2570 2568 2567
f 4805 4804 4806 4807
f 4805 4807 4808 2573
f 4805 2573 2571 2570
f 4808 4807 4809 4810
f 4808 4810 4811 2576
f 4808 2576 2574 2573
f 4811 4810 4812 4813
f 4811 4813 4814 2579
f 4811 2579 2577 2576
f 4814 4813 4815 4816
f 4814 4816 4817 2582
f 4814 2582 2580 2579
f 4817 4816 4818 4819
f 4817 4819 4820 2585
f 4817 2585 2583 2582
f 4820 4819 4821 4822
f 4820 4822 4823 2588
f 4820 2588 2586 2585
f 4823 4822 4824 4825
f 4823 4825 4826 2591
f 4823 2591 2589 2588
f 4826 4825 4827 4828
f 4826 4828 4829 2594
f 4826 2594 2592 2591
f 4829 4828 4830 4831
f 4829 4831 4832 2597
f 4829 2597 2595 2594
f 4832 4831 4833 4834
f 4832 4834 4835 2600
f 4832 2600 2598 2597
f 4835 4834 4836 4837
f 4835 4837 4838 2603
f 4835 2603 2601 2600
f 4838 4837 4839 4840
f 4838 4840 4841 2606
f 4838 2606 2604 2603
f 4841 4840 4842 4843
f 4841 4843 4844 2609
f 4841 2609 2607 2606
f 4844 4843 4845 4846
f 4844 4846 4847 2612
f 4844 2612 2610 2609
f 4847 4846 508 511
f 4847 511 2617 2615
f 4847 2615 2613 2612
f 4846 4845 509 508
f 4845 4848 4849 509
f 4845 4843 4842 4848
f 4849 515 514 4850
f 4849 4850 503 509
f 4849 4848 516 515
f 4850 514 4851 4852
f 4850 4852 504 503
f 4852 4851 4853 4854
f 4852 4854 4855 504
f 4855 2938 505 504
f 4855 4854 4856 4857
f 4855 4857 2939 2938
f 4857 4856 4858 4859
f 4857 4859 4860 2939
f 4860 2943 2940 2939
f 4860 4859 4861 4862
f 4860 4862 2951 2943
f 4862 4861 4863 4864
f 4862 4864 2952 2951
f 4864 4863 4865 4866
f 4864 4866 4867 2952
f 4867 2956 2953 2952
f 4867 4866 4868 4869
f 4867 4869 4870 2956
f 4870 442 2957 2956
f 4870 4869 4871 4872
f 4870 4872 437 442
f 4872 4871 4873 4874
f 4872 4874 438 437
f 4874 4873 4875 4876
f 4874 4876 4877 438
f 4877 4878 439 438
f 4877 4876 4879 4880
f 4877 4880 4881 4878
f 4881 4882 4883 4878
f 4881 4880 4884 4885
f 4881 4885 4886 4882
f 4886 4887 4888 4882
f 4886 4885 4889 4890
f 4886 4890 4891 4887
f 4891 4892 4893 4887
f 4891 4890 4894 4895
f 4891 4895 4896 4892
f 4896 4897 4898 4892
f 4896 4895 4899 4900
f 4896 4900 4901 4897
f 4901 4902 4903 4897
f 4901 4900 4904 4905
f 4901 4905 4906 4902
f 4906 4907 4908 4902
f 4906 4905 4909 4910
f 4906 4910 4911 4907
f 4911 4912 4913 4907
f 4911 4910 4914 4915
f 4911 4915 4916 4912
f 4916 3072 3071 4912
f 4916 4915 4917 4918
f 4916 4918 3074 3072
f 4918 4917 4919 4920
f 4918 4920 3076 3074
f 4920 4919 4921 4922
f 4920 4922 3078 3076
f 4922 4921 4923 4924
f 4922 4924 3080 3078
f 4924 4923 4925 4926
f 4924 4926 3082 3080
f 4926 4925 4927 4928
f 4926 4928 3084 3082
f 4928 4927 4929 4930
f 4928 4930 3086 3084
f 4930 4929 4931 4932
f 4930 4932 3088 3086
f 4932 4931 4933 4934
f 4932 4934 3090 3088
f 4934 4933 4935 4936
f 4934 4936 3092 3090
f 4936 4935 4937 4938
f 4936 4938 3094 3092
f 4938 4937 3102 3100
f 4938 3100 3096 3094
f 4937 4935 4939 4940
f 4937 4940 4941 3102
f 4941 4940 4942 4943
f 4941 4943 4944 3105
f 4941 3105 3103 3102
f 4944 4943 597 596
f 4944 596 602 4945
f 4944 4945 3106 3105
f 4945 602 3113 3111
f 4945 3111 3107 3106
f 4943 4942 4946 597
f 4946 4942 4947 4948
f 4946 4948 4949 4950
f 4946 4950 593 597
f 4950 4949 4951 4952
f 4950 4952 594 593
f 4952 4951 4953 4954
f 4952 4954 4955 594
f 4955 4954 714 713
f 4955 713 712 4956
f 4955 4956 595 594
f 4956 712 4957 4958
f 4956 4958 598 595
f 4958 4957 4959 4960
f 4958 4960 4961 598
f 4961 4960 4962 4963
f 4961 4963 4964 4965
f 4961 4965 599 598
f 4965 4964 4966 4967
f 4965 4967 600 599
f 4967 4966 4968 4969
f 4967 4969 4970 600
f 4970 4971 601 600
f 4970 4969 4972 4973
f 4970 4973 3116 4971
f 4973 4972 3121 3119
f 4973 3119 3117 3116
f 4972 4969 4968 4974
f 4972 4974 3123 3121
f 4974 4968 4975 4976
f 4974 4976 3125 3123
f 4976 4975 4977 4978
f 4976 4978 4979 3125
f 4979 4978 4980 4981
f 4979 4981 4982 3128
f 4979 3128 3126 3125
f 4982 4981 4983 4984
f 4982 4984 4985 4986
f 4982 4986 3129 3128
f 4986 4985 4987 4988
f 4986 4988 3130 3129
f 4988 4987 4989 4990
f 4988 4990 3132 3130
f 4990 4989 4991 4992
f 4990 4992 3134 3132
f 4992 4991 4993 4994
f 4992 4994 4995 3134
f 4995 3138 3135 3134
f 4995 4994 4996 4997
f 4995 4997 4998 3138
f 4998 3141 3139 3138
f 4998 4997 4999 5000
f 4998 5000 3143 3141
f 5000 4999 5001 3149
f 5000 3149 3145 3143
f 5001 4999 5002 5003
f 5001 5003 5004 5005
f 5001 5005 3150 3149
f 5005 5004 5006 5007
f 5005 5007 3151 3150
f 5007 5006 844 843
f 5007 843 3153 3151
f 5006 5004 4346 4345
f 5006 4345 847 844
f 5004 5003 4348 4346
f 5003 5002 5008 4348
f 5008 5002 4996 5009
f 5008 5009 5010 4351
f 5008 4351 4349 4348
f 5010 5009 4993 5011
f 5010 5011 5012 4354
f 5010 4354 4352 4351
f 5012 5011 5013 5014
f 5012 5014 5015 4357
f 5012 4357 4355 4354
f 5015 5014 5016 5017
f 5015 5017 5018 4360
f 5015 4360 4358 4357
f 5018 5017 5019 5020
f 5018 5020 5021 4363
f 5018 4363 4361 4360
f 5021 5020 5022 5023
f 5021 5023 5024 4366
f 5021 4366 4364 4363
f 5024 5023 5025 5026
f 5024 5026 5027 4369
f 5024 4369 4367 4366
f 5027 5026 5028 5029
f 5027 5029 4374 4372
f 5027 4372 4370 4369
f 5029 5028 5030 5031
f 5029 5031 4376 4374
f 5031 5030 5032 5033
f 5031 5033 4378 4376
f 5033 5032 5034 5035
f 5033 5035 5036 4378
f 5036 5035 5037 5038
f 5036 5038 5039 4381
f 5036 4381 4379 4378
f 5039 5038 5040 5041
f 5039 5041 5042 5043
f 5039 5043 4382 4381
f 5043 5042 5044 5045
f 5043 5045 4383 4382
f 5045 5044 5046 5047
f 5045 5047 4385 4383
f 5047 5046 5048 5049
f 5047 5049 4387 4385
f 5049 5048 5050 5051
f 5049 5051 5052 4387
f 5052 5051 5053 901
f 5052 901 900 4390
f 5052 4390 4388 4387
f 5053 5051 5050 5054
f 5053 5054 5055 5056
f 5053 5056 902 901
f 5056 5055 5057 5058
f 5056 5058 905 902
f 5058 5057 5059 4398
f 5058 4398 4395 905
f 5059 4401 4399 4398
f 5059 5057 5060 5061
f 5059 5061 4403 4401
f 5061 5060 5062 5063
f 5061 5063 5064 4403
f 5064 4406 4404 4403
f 5064 5063 5065 5066
f 5064 5066 5067 4406
f 5067 4409 4407 4406
f 5067 5066 5068 5069
f 5067 5069 5070 4409
f 5070 4412 4410 4409
f 5070 5069 5071 5072
f 5070 5072 5073 4412
f 5073 4415 4413 4412
f 5073 5072 5074 5075
f 5073 5075 5076 4415
f 5076 4418 4416 4415
f 5076 5075 5077 5078
f 5076 5078 5079 4418
f 5079 4421 4419 4418
f 5079 5078 5080 5081
f 5079 5081 5082 4421
f 5082 4424 4422 4421
f 5082 5081 5083 5084
f 5082 5084 5085 4424
f 5085 4427 4425 4424
f 5085 5084 5086 5087
f 5085 5087 5088 4427
f 5088 4430 4428 4427
f 5088 5087 5089 5090
f 5088 5090 5091 4430
f 5091 4433 4431 4430
f 5091 5090 5092 5093
f 5091 5093 5094 4433
f 5094 4436 4434 4433
f 5094 5093 5095 5096
f 5094 5096 5097 4436
f 5097 4439 4437 4436
f 5097 5096 5098 5099
f 5097 5099 5100 4439
f 5100 4442 4440 4439
f 5100 5099 5101 5102
f 5100 5102 5103 4442
f 5103 4445 4443 4442
f 5103 5102 5104 5105
f 5103 5105 5106 4445
f 5106 4448 4446 4445
f 5106 5105 5107 5108
f 5106 5108 5109 4448
f 5109 4451 4449 4448
f 5109 5108 5110 5111
f 5109 5111 5112 4451
f 5112 4454 4452 4451
f 5112 5111 5113 5114
f 5112 5114 5115 4454
f 5115 4457 4455 4454
f 5115 5114 5116 5117
f 5115 5117 5118 4457
f 5118 4460 4458 4457
f 5118 5117 5119 5120
f 5118 5120 5121 4460
f 5121 4463 4461 4460
f 5121 5120 5122 5123
f 5121 5123 5124 4463
f 5124 4466 4464 4463
f 5124 5123 5125 5126
f 5124 5126 5127 4466
f 5127 4469 4467 4466
f 5127 5126 5128 5129
f 5127 5129 5130 4469
f 5130 4472 4470 4469
f 5130 5129 5131 5132
f 5130 5132 5133 4472
f 5133 4475 4473 4472
f 5133 5132 5134 5135
f 5133 5135 5136 4475
f 5136 4478 4476 4475
f 5136 5135 5137 5138
f 5136 5138 5139 4478
f 5139 4481 4479 4478
f 5139 5138 5140 5141
f 5139 5141 395 4481
f 5141 5140 5142 5143
f 5141 5143 391 395
f 5143 5142 5144 5145
f 5143 5145 392 391
f 5145 5144 5146 5147
f 5145 5147 5148 392
f 5148 5149 393 392
f 5148 5147 5150 5151
f 5148 5151 5152 5149
f 5152 5153 459 5149
f 5152 5151 5154 5155
f 5152 5155 5156 5153
f 5156 5157 5158 5153
f 5156 5155 5159 5160
f 5156 5160 5161 5157
f 5161 5162 5163 5157
f 5161 5160 5164 5165
f 5161 5165 5166 5162
f 5166 5167 5168 5162
f 5166 5165 5169 5170
f 5166 5170 5171 5167
f 5171 5172 5173 5167
f 5171 5170 5174 5175
f 5171 5175 5176 5172
f 5176 907 5177 5172
f 5176 5175 5178 5179
f 5176 5179 908 907
f 5179 5178 5180 5181
f 5179 5181 911 908
f 5181 5180 5182 5183
f 5181 5183 5184 911
f 5184 5185 5186 5187
f 5184 5187 909 911
f 5184 5183 679 5185
f 5187 5186 5188 5189
f 5187 5189 910 909
f 5189 5188 5190 5191
f 5189 5191 5192 910
f 5192 5191 5193 5194
f 5192 5194 5195 5196
f 5192 5196 906 910
f 5196 5195 5197 5177
f 5196 5177 907 906
f 5197 5195 5198 5199
f 5197 5199 5200 5173
f 5197 5173 5172 5177
f 5200 5199 169 5201
f 5200 5201 5202 5168
f 5200 5168 5167 5173
f 5202 5201 5203 5204
f 5202 5204 5205 5163
f 5202 5163 5162 5168
f 5205 5204 5206 458
f 5205 458 457 5158
f 5205 5158 5157 5163
f 5206 5207 5208 5209
f 5206 5209 455 458
f 5206 5204 5203 5207
f 5209 5208 5210 5211
f 5209 5211 456 455
f 5211 5210 5212 5213
f 5211 5213 5214 456
f 5214 5213 5215 5216
f 5214 5216 5217 5218
f 5214 5218 452 456
f 5218 5217 5219 5220
f 5218 5220 453 452
f 5220 5221 5222 453
f 5220 5219 5223 5221
f 5223 5224 5225 5221
f 5223 5219 984 5226
f 5223 5226 5227 5224
f 5227 5228 5229 5224
f 5227 5226 5230 5231
f 5227 5231 5232 5228
f 5232 5233 5234 5228
f 5232 5231 5235 5236
f 5232 5236 5237 5233
f 5237 5238 5239 5233
f 5237 5236 5240 5241
f 5237 5241 5242 5238
f 5242 5243 5244 5238
f 5242 5241 5245 5246
f 5242 5246 5247 5243
f 5247 5248 5249 5243
f 5247 5246 5250 5251
f 5247 5251 5252 5248
f 5252 5253 5254 5248
f 5252 5251 5255 5256
f 5252 5256 5257 5253
f 5257 5258 5259 5253
f 5257 5256 5260 5261
f 5257 5261 5262 5258
f 5262 4519 4517 5258
f 5262 5261 5263 5264
f 5262 5264 382 4519
f 5264 5263 5265 5266
f 5264 5266 383 382
f 5266 5265 5267 5268
f 5266 5268 384 383
f 5268 5267 4604 5269
f 5268 5269 5270 384
f 5270 5271 375 384
f 5270 5269 4599 4598
f 5270 4598 4597 5271
f 5271 5272 376 375
f 5271 4597 5273 5272
f 5273 5274 5275 5272
f 5273 4597 4595 4594
f 5273 4594 5276 5274
f 5276 5277 5278 5274
f 5276 4594 4592 5279
f 5276 5279 5280 5277
f 5280 5281 5282 5277
f 5280 5279 5283 5284
f 5280 5284 5285 5281
f 5285 5286 5287 5281
f 5285 5284 919 5288
f 5285 5288 5289 5286
f 5289 676 673 5286
f 5289 5288 5290 5291
f 5289 5291 4567 676
f 5291 4572 4568 4567
f 5291 5290 5292 4572
f 5292 913 4573 4572
f 5292 5290 918 923
f 5292 923 914 913
f 5290 5288 919 918
f 5287 672 4555 5293
f 5287 5293 5282 5281
f 5287 5286 673 672
f 5293 4555 4551 4550
f 5293 4550 5294 5282
f 5294 4550 4546 4545
f 5294 4545 5295 5278
f 5294 5278 5277 5282
f 5295 4545 4541 4540
f 5295 4540 5296 5275
f 5295 5275 5274 5278
f 5296 4540 4536 4535
f 5296 4535 377 376
f 5296 376 5272 5275
f 5284 5283 920 919
f 5283 5279 4592 4591
f 5283 4591 921 920
f 5269 4604 4601 4599
f 5267 5265 5297 5298
f 5267 5298 4605 4604
f 5298 5297 5299 5300
f 5298 5300 4606 4605
f 5300 5299 5301 5302
f 5300 5302 4608 4606
f 5302 5301 5303 5304
f 5302 5304 4610 4608
f 5304 5303 5305 5306
f 5304 5306 5307 4610
f 5307 5306 5308 4618
f 5307 4618 4615 4613
f 5307 4613 4611 4610
f 5308 5306 5305 5309
f 5308 5309 5310 4621
f 5308 4621 4619 4618
f 5310 5309 5311 5312
f 5310 5312 5313 4624
f 5310 4624 4622 4621
f 5313 5312 5314 5315
f 5313 5315 5316 4627
f 5313 4627 4625 4624
f 5316 5315 5317 5318
f 5316 5318 5319 4630
f 5316 4630 4628 4627
f 5319 5318 5320 5321
f 5319 5321 5322 4633
f 5319 4633 4631 4630
f 5322 5321 5323 5324
f 5322 5324 5325 4636
f 5322 4636 4634 4633
f 5325 5324 5326 5327
f 5325 5327 5328 4639
f 5325 4639 4637 4636
f 5328 5327 370 369
f 5328 369 368 4642
f 5328 4642 4640 4639
f 5327 5326 5329 370
f 5329 985 978 5330
f 5329 5330 371 370
f 5329 5326 5331 985
f 5331 5332 981 985
f 5331 5326 5324 5323
f 5331 5323 5333 5332
f 5333 5334 5335 5332
f 5333 5323 5321 5320
f 5333 5320 5336 5334
f 5336 5337 5338 5334
f 5336 5320 5318 5317
f 5336 5317 5339 5337
f 5339 5340 5341 5337
f 5339 5317 5315 5314
f 5339 5314 5342 5340
f 5342 5343 5344 5340
f 5342 5314 5312 5311
f 5342 5311 5345 5343
f 5345 5346 5347 5343
f 5345 5311 5309 5305
f 5345 5305 5303 5346
f 5347 5348 5349 5350
f 5347 5350 5344 5343
f 5347 5346 5351 5348
f 5351 5352 5353 5348
f 5351 5346 5303 5301
f 5351 5301 5299 5352
f 5353 5260 5256 5255
f 5353 5255 5349 5348
f 5353 5352 5354 5260
f 5354 5263 5261 5260
f 5354 5352 5299 5297
f 5354 5297 5265 5263
f 5350 5349 5250 5355
f 5350 5355 5356 5344
f 5356 5355 5245 5357
f 5356 5357 5358 5341
f 5356 5341 5340 5344
f 5358 5357 5240 5359
f 5358 5359 5360 5338
f 5358 5338 5337 5341
f 5360 5359 5235 5361
f 5360 5361 982 5335
f 5360 5335 5334 5338
f 5361 5235 5231 5230
f 5361 5230 983 982
f 5359 5240 5236 5235
f 5357 5245 5241 5240
f 5355 5250 5246 5245
f 5349 5255 5251 5250
f 5335 982 981 5332
f 5330 978 977 5362
f 5330 5362 372 371
f 5362 977 359 5363
f 5362 5363 5364 372
f 5364 5365 373 372
f 5364 5363 5366 5367
f 5364 5367 5368 5365
f 5368 5369 5370 5365
f 5368 5367 5371 5372
f 5368 5372 5373 5369
f 5373 5374 5375 5369
f 5373 5372 5376 5377
f 5373 5377 5378 5374
f 5378 5379 5380 5374
f 5378 5377 5381 5382
f 5378 5382 5383 5379
f 5383 5384 5385 5379
f 5383 5382 5386 5387
f 5383 5387 5388 5384
f 5388 5389 5390 5384
f 5388 5387 5391 5392
f 5388 5392 5393 5389
f 5393 5394 5395 5389
f 5393 5392 5396 5397
f 5393 5397 5398 5394
f 5398 5399 5400 5394
f 5398 5397 5401 5402
f 5398 5402 5403 5399
f 5403 5404 5405 5399
f 5403 5402 5406 5407
f 5403 5407 5408 5404
f 5408 5409 5410 5404
f 5408 5407 5411 5412
f 5408 5412 5413 5409
f 5413 5414 5415 5409
f 5413 5412 5416 5417
f 5413 5417 5418 5414
f 5418 5419 5420 5414
f 5418 5417 5421 5422
f 5418 5422 5423 5419
f 5423 5424 5425 5419
f 5423 5422 5426 5427
f 5423 5427 5428 5424
f 5428 5429 5430 5424
f 5428 5427 5431 5432
f 5428 5432 5433 5429
f 5433 5434 5435 5429
f 5433 5432 5436 5437
f 5433 5437 5438 5434
f 5438 987 986 5434
f 5438 5437 5439 5440
f 5438 5440 5441 987
f 5441 5442 5443 5444
f 5441 5444 988 987
f 5441 5440 5445 5442
f 5445 5446 5447 5442
f 5445 5440 5439 5448
f 5445 5448 5449 5446
f 5449 5450 5451 5446
f 5449 5448 957 954
f 5449 954 953 5450
f 5451 5452 5453 5454
f 5451 5454 5447 5446
f 5451 5450 5455 5452
f 5455 5456 5457 5452
f 5455 5450 953 5458
f 5455 5458 5459 5456
f 5459 947 5460 5456
f 5459 5458 5461 5462
f 5459 5462 948 947
f 5462 5461 5463 5464
f 5462 5464 951 948
f 5464 5463 5465 5466
f 5464 5466 5467 951
f 5467 5466 5468 5469
f 5467 5469 5470 5471
f 5467 5471 949 951
f 5471 5470 5472 5473
f 5471 5473 950 949
f 5473 5472 5474 5475
f 5473 5475 5476 950
f 5476 5475 944 5477
f 5476 5477 5478 5479
f 5476 5479 946 950
f 5479 5478 5480 5460
f 5479 5460 947 946
f 5480 5478 5481 5482
f 5480 5482 5483 5457
f 5480 5457 5456 5460
f 5483 5482 5484 5485
f 5483 5485 5486 5453
f 5483 5453 5452 5457
f 5486 5485 5487 5488
f 5486 5488 5489 5490
f 5486 5490 5454 5453
f 5490 5489 5491 5492
f 5490 5492 5447 5454
f 5492 5491 5493 5443
f 5492 5443 5442 5447
f 5493 5491 5494 5495
f 5493 5495 5496 5497
f 5493 5497 5444 5443
f 5497 5496 5498 989
f 5497 989 988 5444
f 5498 5496 5499 5500
f 5498 5500 5501 5502
f 5498 5502 990 989
f 5502 5501 5503 5504
f 5502 5504 991 990
f 5504 5503 5505 5506
f 5504 5506 5435 991
f 5506 5505 5507 5430
f 5506 5430 5429 5435
f 5507 5505 5508 5509
f 5507 5509 5510 5425
f 5507 5425 5424 5430
f 5510 5509 5511 5512
f 5510 5512 5513 5420
f 5510 5420 5419 5425
f 5513 5512 5514 5515
f 5513 5515 5516 5415
f 5513 5415 5414 5420
f 5516 5515 5517 5518
f 5516 5518 5519 5410
f 5516 5410 5409 5415
f 5519 5518 5520 5521
f 5519 5521 5522 5405
f 5519 5405 5404 5410
f 5522 5521 5523 5524
f 5522 5524 5525 5400
f 5522 5400 5399 5405
f 5525 5524 5526 5527
f 5525 5527 5528 5395
f 5525 5395 5394 5400
f 5528 5527 5529 5530
f 5528 5530 5531 5390
f 5528 5390 5389 5395
f 5531 5530 5532 5533
f 5531 5533 5534 5385
f 5531 5385 5384 5390
f 5534 5533 5535 5536
f 5534 5536 5537 5380
f 5534 5380 5379 5385
f 5537 5536 5538 5539
f 5537 5539 5540 5375
f 5537 5375 5374 5380
f 5540 5539 5541 5542
f 5540 5542 374 5370
f 5540 5370 5369 5375
f 5542 5541 5543 5544
f 5542 5544 365 374
f 5544 5543 5545 5546
f 5544 5546 366 365
f 5546 5545 282 5547
f 5546 5547 4647 366
f 5547 282 281 5548
f 5547 5548 4648 4647
f 5548 281 280 5549
f 5548 5549 4649 4648
f 5549 280 5550 5551
f 5549 5551 4651 4649
f 5551 5550 5552 5553
f 5551 5553 4653 4651
f 5553 5552 5554 5555
f 5553 5555 5556 4653
f 5556 4657 4654 4653
f 5556 5555 5557 5558
f 5556 5558 5559 4657
f 5559 4662 4658 4657
f 5559 5558 5560 5561
f 5559 5561 5562 4662
f 5562 4667 4663 4662
f 5562 5561 5563 5564
f 5562 5564 5565 4667
f 5565 4672 4668 4667
f 5565 5564 5566 5567
f 5565 5567 5568 4672
f 5568 4677 4673 4672
f 5568 5567 5569 5570
f 5568 5570 5571 4677
f 5571 4682 4678 4677
f 5571 5570 5572 5573
f 5571 5573 5574 4682
f 5574 4687 4683 4682
f 5574 5573 5575 5576
f 5574 5576 5577 4687
f 5577 4692 4688 4687
f 5577 5576 5578 5579
f 5577 5579 5580 4692
f 5580 4697 4693 4692
f 5580 5579 5581 5582
f 5580 5582 5583 4697
f 5583 4702 4698 4697
f 5583 5582 5584 5585
f 5583 5585 5586 4702
f 5586 4707 4703 4702
f 5586 5585 5587 5588
f 5586 5588 5589 4707
f 5589 4712 4708 4707
f 5589 5588 5590 5591
f 5589 5591 5592 4712
f 5592 4717 4713 4712
f 5592 5591 5593 5594
f 5592 5594 5595 4717
f 5595 4722 4718 4717
f 5595 5594 5596 5597
f 5595 5597 5598 4722
f 5598 4727 4723 4722
f 5598 5597 5599 5600
f 5598 5600 5601 4727
f 5601 4732 4728 4727
f 5601 5600 5602 5603
f 5601 5603 5604 4732
f 5604 4737 4733 4732
f 5604 5603 5605 5606
f 5604 5606 5607 4737
f 5607 4742 4738 4737
f 5607 5606 5608 5609
f 5607 5609 5610 4742
f 5610 4747 4743 4742
f 5610 5609 5611 5612
f 5610 5612 5613 4747
f 5613 4752 4748 4747
f 5613 5612 876 875
f 5613 875 5614 4752
f 5614 4757 4753 4752
f 5614 875 874 5615
f 5614 5615 5616 4757
f 5616 4762 4758 4757
f 5616 5615 652 651
f 5616 651 654 4762
f 5615 874 879 652
f 5612 5611 877 876
f 5611 5609 5608 5617
f 5611 5617 5618 877
f 5618 5617 5619 5620
f 5618 5620 5621 5622
f 5618 5622 878 877
f 5622 5621 5623 5624
f 5622 5624 879 878
f 5624 5623 5625 653
f 5624 653 652 879
f 5625 5623 4772 4770
f 5625 4770 4768 4767
f 5625 4767 654 653
f 5623 5621 4774 4772
f 5621 5620 4776 4774
f 5620 5619 5626 4776
f 5626 5619 5627 5628
f 5626 5628 5629 4779
f 5626 4779 4777 4776
f 5629 5628 5630 5631
f 5629 5631 5632 4782
f 5629 4782 4780 4779
f 5632 5631 5633 5634
f 5632 5634 5635 4785
f 5632 4785 4783 4782
f 5635 5634 5636 5637
f 5635 5637 5638 4788
f 5635 4788 4786 4785
f 5638 5637 5639 5640
f 5638 5640 5641 4791
f 5638 4791 4789 4788
f 5641 5640 5642 5643
f 5641 5643 5644 4794
f 5641 4794 4792 4791
f 5644 5643 5645 5646
f 5644 5646 5647 4797
f 5644 4797 4795 4794
f 5647 5646 5648 5649
f 5647 5649 5650 4800
f 5647 4800 4798 4797
f 5650 5649 5651 5652
f 5650 5652 5653 4803
f 5650 4803 4801 4800
f 5653 5652 5654 5655
f 5653 5655 5656 4806
f 5653 4806 4804 4803
f 5656 5655 5657 5658
f 5656 5658 5659 4809
f 5656 4809 4807 4806
f 5659 5658 5660 5661
f 5659 5661 5662 4812
f 5659 4812 4810 4809
f 5662 5661 5663 5664
f 5662 5664 5665 4815
f 5662 4815 4813 4812
f 5665 5664 5666 5667
f 5665 5667 5668 4818
f 5665 4818 4816 4815
f 5668 5667 5669 5670
f 5668 5670 5671 4821
f 5668 4821 4819 4818
f 5671 5670 5672 5673
f 5671 5673 5674 4824
f 5671 4824 4822 4821
f 5674 5673 5675 5676
f 5674 5676 5677 4827
f 5674 4827 4825 4824
f 5677 5676 5678 5679
f 5677 5679 5680 4830
f 5677 4830 4828 4827
f 5680 5679 5681 5682
f 5680 5682 5683 4833
f 5680 4833 4831 4830
f 5683 5682 5684 5685
f 5683 5685 5686 4836
f 5683 4836 4834 4833
f 5686 5685 5687 5688
f 5686 5688 5689 4839
f 5686 4839 4837 4836
f 5689 5688 517 516
f 5689 516 4848 4842
f 5689 4842 4840 4839
f 5688 5687 522 517
f 5687 5690 287 522
f 5687 5685 5684 5690
f 5690 5691 279 287
f 5690 5684 5692 5691
f 5692 5552 5550 5691
f 5692 5684 5682 5681
f 5692 5681 5554 5552
f 5691 5550 280 279
f 5681 5679 5678 5554
f 5678 5557 5555 5554
f 5678 5676 5675 5557
f 5675 5560 5558 5557
f 5675 5673 5672 5560
f 5672 5563 5561 5560
f 5672 5670 5669 5563
f 5669 5566 5564 5563
f 5669 5667 5666 5566
f 5666 5569 5567 5566
f 5666 5664 5663 5569
f 5663 5572 5570 5569
f 5663 5661 5660 5572
f 5660 5575 5573 5572
f 5660 5658 5657 5575
f 5657 5578 5576 5575
f 5657 5655 5654 5578
f 5654 5581 5579 5578
f 5654 5652 5651 5581
f 5651 5584 5582 5581
f 5651 5649 5648 5584
f 5648 5587 5585 5584
f 5648 5646 5645 5587
f 5645 5590 5588 5587
f 5645 5643 5642 5590
f 5642 5593 5591 5590
f 5642 5640 5639 5593
f 5639 5596 5594 5593
f 5639 5637 5636 5596
f 5636 5599 5597 5596
f 5636 5634 5633 5599
f 5633 5602 5600 5599
f 5633 5631 5630 5602
f 5630 5605 5603 5602
f 5630 5628 5627 5605
f 5627 5608 5606 5605
f 5627 5619 5617 5608
f 5545 5693 283 282
f 5545 5543 5694 5693
f 5694 933 936 5693
f 5694 5543 5541 5695
f 5694 5695 934 933
f 5695 5541 5539 5538
f 5695 5538 5696 934
f 5696 5697 930 934
f 5696 5538 5536 5535
f 5696 5535 5698 5697
f 5698 5699 5700 5697
f 5698 5535 5533 5532
f 5698 5532 5701 5699
f 5701 5702 5703 5699
f 5701 5532 5530 5529
f 5701 5529 5704 5702
f 5704 5705 5706 5702
f 5704 5529 5527 5526
f 5704 5526 5707 5705
f 5707 277 274 5705
f 5707 5526 5524 5523
f 5707 5523 5708 277
f 5708 5709 278 277
f 5708 5523 5521 5520
f 5708 5520 5710 5709
f 5710 5711 5712 5709
f 5710 5520 5518 5517
f 5710 5517 5713 5711
f 5713 5714 5715 5711
f 5713 5517 5515 5514
f 5713 5514 5716 5714
f 5716 5717 5718 5714
f 5716 5514 5512 5511
f 5716 5511 5719 5717
f 5719 5720 5721 5717
f 5719 5511 5509 5508
f 5719 5508 5722 5720
f 5722 5723 5724 5720
f 5722 5508 5505 5503
f 5722 5503 5501 5723
f 5724 5725 5726 5727
f 5724 5727 5721 5720
f 5724 5723 5728 5725
f 5728 5729 5730 5725
f 5728 5723 5501 5500
f 5728 5500 5499 5729
f 5730 5731 5732 5733
f 5730 5733 5726 5725
f 5730 5729 5734 5731
f 5734 5735 5736 5731
f 5734 5729 5499 5737
f 5734 5737 5738 5735
f 5738 5739 5740 5735
f 5738 5737 5495 5494
f 5738 5494 5741 5739
f 5741 5742 5743 5739
f 5741 5494 5491 5489
f 5741 5489 5488 5742
f 5743 5744 5745 5746
f 5743 5746 5740 5739
f 5743 5742 5747 5744
f 5747 5748 5749 5744
f 5747 5742 5488 5487
f 5747 5487 5750 5748
f 5750 5751 5752 5748
f 5750 5487 5485 5484
f 5750 5484 5753 5751
f 5753 5754 5755 5751
f 5753 5484 5482 5481
f 5753 5481 5756 5754
f 5756 943 945 5754
f 5756 5481 5478 5477
f 5756 5477 944 943
f 5755 5757 5758 5759
f 5755 5759 5752 5751
f 5755 5754 945 5757
f 5759 5758 5760 5761
f 5759 5761 5762 5752
f 5762 5761 5763 5764
f 5762 5764 5765 5749
f 5762 5749 5748 5752
f 5765 5764 5766 5767
f 5765 5767 5768 5745
f 5765 5745 5744 5749
f 5768 5767 5769 5770
f 5768 5770 5771 5772
f 5768 5772 5746 5745
f 5772 5771 5773 5774
f 5772 5774 5740 5746
f 5774 5773 5775 5736
f 5774 5736 5735 5740
f 5775 5773 5776 5777
f 5775 5777 5778 5732
f 5775 5732 5731 5736
f 5778 5777 5779 5780
f 5778 5780 5781 5782
f 5778 5782 5733 5732
f 5782 5781 5783 5784
f 5782 5784 5726 5733
f 5784 5783 5785 5786
f 5784 5786 5727 5726
f 5786 5785 5787 5788
f 5786 5788 5721 5727
f 5788 5787 5789 5718
f 5788 5718 5717 5721
f 5789 5787 5790 5791
f 5789 5791 5792 5715
f 5789 5715 5714 5718
f 5792 5791 5793 5794
f 5792 5794 5795 5712
f 5792 5712 5711 5715
f 5795 5794 5796 5797
f 5795 5797 17 278
f 5795 278 5709 5712
f 5797 5796 5798 5799
f 5797 5799 275 17
f 5799 5798 5800 5801
f 5799 5801 5802 275
f 5802 5801 5803 5804
f 5802 5804 5805 5806
f 5802 5806 276 275
f 5806 5805 5807 5808
f 5806 5808 5809 276
f 5809 5808 5810 5811
f 5809 5811 5812 5813
f 5809 5813 272 276
f 5813 5812 5814 5815
f 5813 5815 273 272
f 5815 5816 5706 273
f 5815 5814 5817 5816
f 5817 5818 5703 5816
f 5817 5814 5819 5820
f 5817 5820 5821 5818
f 5821 931 5700 5818
f 5821 5820 5822 5823
f 5821 5823 932 931
f 5823 5822 5824 5825
f 5823 5825 937 932
f 5825 5824 5826 5827
f 5825 5827 5828 937
f 5828 5829 938 937
f 5828 5827 5830 5831
f 5828 5831 5832 5829
f 5832 5833 5834 5829
f 5832 5831 5835 5836
f 5832 5836 5837 5833
f 5837 5838 5839 5833
f 5837 5836 5840 5841
f 5837 5841 5842 5838
f 5842 5843 5844 5838
f 5842 5841 5845 5846
f 5842 5846 5847 5843
f 5847 5848 5849 5843
f 5847 5846 5850 5851
f 5847 5851 5852 5848
f 5852 5853 5854 5848
f 5852 5851 5855 5856
f 5852 5856 5857 5853
f 5857 5858 5859 5853
f 5857 5856 5860 5861
f 5857 5861 5862 5858
f 5862 5863 5864 5858
f 5862 5861 5865 5866
f 5862 5866 5867 5863
f 5867 5868 5869 5863
f 5867 5866 630 5870
f 5867 5870 5871 5868
f 5871 5870 5872 5873
f 5871 5873 5874 5875
f 5871 5875 5876 5868
f 5876 5875 5877 5878
f 5876 5878 5879 5880
f 5876 5880 5869 5868
f 5880 5879 5881 5882
f 5880 5882 5883 5869
f 5883 5882 5884 5885
f 5883 5885 5886 5864
f 5883 5864 5863 5869
f 5886 5885 5887 5888
f 5886 5888 5889 5859
f 5886 5859 5858 5864
f 5889 5888 5890 5891
f 5889 5891 5892 5854
f 5889 5854 5853 5859
f 5892 5891 5893 5894
f 5892 5894 5895 5849
f 5892 5849 5848 5854
f 5895 5894 5896 5897
f 5895 5897 5898 5844
f 5895 5844 5843 5849
f 5898 5897 5899 5900
f 5898 5900 5901 5839
f 5898 5839 5838 5844
f 5901 5900 5902 5903
f 5901 5903 939 5834
f 5901 5834 5833 5839
f 5903 5902 5904 5905
f 5903 5905 935 939
f 5905 5904 285 284
f 5905 284 936 935
f 5904 5906 288 285
f 5904 5902 5907 5906
f 5907 5908 5909 5906
f 5907 5902 5900 5899
f 5907 5899 5910 5908
f 5910 5911 5912 5908
f 5910 5899 5897 5896
f 5910 5896 5913 5911
f 5913 228 227 5911
f 5913 5896 5894 5893
f 5913 5893 231 228
f 5912 5914 5915 5916
f 5912 5916 5909 5908
f 5912 5911 227 5914
f 5916 5915 521 520
f 5916 520 519 5909
f 5915 5914 5917 5918
f 5915 5918 5919 521
f 5919 5920 513 521
f 5919 5918 5921 5922
f 5919 5922 5923 5920
f 5923 4853 4851 5920
f 5923 5922 5924 5925
f 5923 5925 5926 4853
f 5926 4856 4854 4853
f 5926 5925 5927 5928
f 5926 5928 4858 4856
f 5928 5927 5929 5930
f 5928 5930 5931 4858
f 5931 4861 4859 4858
f 5931 5930 5932 5933
f 5931 5933 4863 4861
f 5933 5932 5934 5935
f 5933 5935 4865 4863
f 5935 5934 5936 5937
f 5935 5937 5938 4865
f 5938 4868 4866 4865
f 5938 5937 5939 5940
f 5938 5940 5941 4868
f 5941 4871 4869 4868
f 5941 5940 5942 5943
f 5941 5943 4873 4871
f 5943 5942 5944 5945
f 5943 5945 4875 4873
f 5945 5944 5946 5947
f 5945 5947 5948 4875
f 5948 4879 4876 4875
f 5948 5947 5949 5950
f 5948 5950 5951 4879
f 5951 4884 4880 4879
f 5951 5950 5952 5953
f 5951 5953 5954 4884
f 5954 4889 4885 4884
f 5954 5953 5955 5956
f 5954 5956 5957 4889
f 5957 4894 4890 4889
f 5957 5956 5958 5959
f 5957 5959 5960 4894
f 5960 4899 4895 4894
f 5960 5959 5961 5962
f 5960 5962 5963 4899
f 5963 4904 4900 4899
f 5963 5962 5964 5965
f 5963 5965 5966 4904
f 5966 4909 4905 4904
f 5966 5965 5967 5968
f 5966 5968 5969 4909
f 5969 4914 4910 4909
f 5969 5968 5970 5971
f 5969 5971 5972 4914
f 5972 4917 4915 4914
f 5972 5971 5973 5974
f 5972 5974 4919 4917
f 5974 5973 5975 5976
f 5974 5976 4921 4919
f 5976 5975 5977 5978
f 5976 5978 4923 4921
f 5978 5977 5979 5980
f 5978 5980 4925 4923
f 5980 5979 5981 5982
f 5980 5982 4927 4925
f 5982 5981 5983 5984
f 5982 5984 4929 4927
f 5984 5983 5985 5986
f 5984 5986 4931 4929
f 5986 5985 5987 5988
f 5986 5988 4933 4931
f 5988 5987 4947 4939
f 5988 4939 4935 4933
f 5987 5985 5989 5990
f 5987 5990 4948 4947
f 5990 5989 5991 5992
f 5990 5992 4949 4948
f 5992 5991 5993 5994
f 5992 5994 4951 4949
f 5994 5993 5995 5996
f 5994 5996 4953 4951
f 5996 5995 5997 5998
f 5996 5998 5999 4953
f 5999 5998 6000 6001
f 5999 6001 715 714
f 5999 714 4954 4953
f 6001 6000 6002 6003
f 6001 6003 716 715
f 6003 6002 6004 6005
f 6003 6005 6006 716
f 6006 6005 6007 6008
f 6006 6008 6009 6010
f 6006 6010 711 716
f 6010 6009 4959 4957
f 6010 4957 712 711
f 6009 6008 6011 6012
f 6009 6012 6013 4959
f 6013 6012 6014 6015
f 6013 6015 6016 4962
f 6013 4962 4960 4959
f 6016 6015 6017 6018
f 6016 6018 6019 6020
f 6016 6020 4963 4962
f 6020 6019 6021 6022
f 6020 6022 4964 4963
f 6022 6021 6023 6024
f 6022 6024 4966 4964
f 6024 6023 4977 4975
f 6024 4975 4968 4966
f 6023 6021 6025 6026
f 6023 6026 6027 4977
f 6027 6026 6028 6029
f 6027 6029 6030 4980
f 6027 4980 4978 4977
f 6030 6029 6031 6032
f 6030 6032 6033 4983
f 6030 4983 4981 4980
f 6033 6032 6034 6035
f 6033 6035 6036 6037
f 6033 6037 4984 4983
f 6037 6036 6038 6039
f 6037 6039 4985 4984
f 6039 6038 6040 6041
f 6039 6041 4987 4985
f 6041 6040 5016 6042
f 6041 6042 4989 4987
f 6042 5016 5014 5013
f 6042 5013 4991 4989
f 6040 6038 6043 5019
f 6040 5019 5017 5016
f 6043 6038 6036 6044
f 6043 6044 6045 5022
f 6043 5022 5020 5019
f 6045 6044 6046 6047
f 6045 6047 6048 5025
f 6045 5025 5023 5022
f 6048 6047 6049 6050
f 6048 6050 5030 5028
f 6048 5028 5026 5025
f 6050 6049 6051 6052
f 6050 6052 5032 5030
f 6052 6051 6053 6054
f 6052 6054 5034 5032
f 6054 6053 6055 6056
f 6054 6056 6057 5034
f 6057 6056 6058 6059
f 6057 6059 6060 5037
f 6057 5037 5035 5034
f 6060 6059 6061 6062
f 6060 6062 6063 5040
f 6060 5040 5038 5037
f 6063 6062 6064 6065
f 6063 6065 6066 6067
f 6063 6067 5041 5040
f 6067 6066 6068 6069
f 6067 6069 5042 5041
f 6069 6068 6070 6071
f 6069 6071 5044 5042
f 6071 6070 6072 6073
f 6071 6073 5046 5044
f 6073 6072 6074 6075
f 6073 6075 5048 5046
f 6075 6074 6076 6077
f 6075 6077 5050 5048
f 6077 6076 6078 6079
f 6077 6079 5054 5050
f 6079 6078 6080 6081
f 6079 6081 5055 5054
f 6081 6080 5062 5060
f 6081 5060 5057 5055
f 6080 6078 6082 6083
f 6080 6083 6084 5062
f 6084 5065 5063 5062
f 6084 6083 6085 6086
f 6084 6086 6087 5065
f 6087 5068 5066 5065
f 6087 6086 6088 6089
f 6087 6089 6090 5068
f 6090 5071 5069 5068
f 6090 6089 6091 6092
f 6090 6092 6093 5071
f 6093 5074 5072 5071
f 6093 6092 6094 6095
f 6093 6095 6096 5074
f 6096 5077 5075 5074
f 6096 6095 6097 6098
f 6096 6098 6099 5077
f 6099 5080 5078 5077
f 6099 6098 6100 6101
f 6099 6101 6102 5080
f 6102 5083 5081 5080
f 6102 6101 6103 6104
f 6102 6104 6105 5083
f 6105 5086 5084 5083
f 6105 6104 6106 6107
f 6105 6107 6108 5086
f 6108 5089 5087 5086
f 6108 6107 6109 6110
f 6108 6110 6111 5089
f 6111 5092 5090 5089
f 6111 6110 6112 6113
f 6111 6113 6114 5092
f 6114 5095 5093 5092
f 6114 6113 6115 6116
f 6114 6116 6117 5095
f 6117 5098 5096 5095
f 6117 6116 6118 6119
f 6117 6119 6120 5098
f 6120 5101 5099 5098
f 6120 6119 6121 6122
f 6120 6122 6123 5101
f 6123 5104 5102 5101
f 6123 6122 6124 6125
f 6123 6125 6126 5104
f 6126 5107 5105 5104
f 6126 6125 6127 6128
f 6126 6128 6129 5107
f 6129 5110 5108 5107
f 6129 6128 6130 6131
f 6129 6131 6132 5110
f 6132 5113 5111 5110
f 6132 6131 6133 6134
f 6132 6134 6135 5113
f 6135 5116 5114 5113
f 6135 6134 6136 6137
f 6135 6137 6138 5116
f 6138 5119 5117 5116
f 6138 6137 6139 6140
f 6138 6140 6141 5119
f 6141 5122 5120 5119
f 6141 6140 6142 6143
f 6141 6143 6144 5122
f 6144 5125 5123 5122
f 6144 6143 6145 6146
f 6144 6146 6147 5125
f 6147 5128 5126 5125
f 6147 6146 6148 6149
f 6147 6149 6150 5128
f 6150 5131 5129 5128
f 6150 6149 6151 6152
f 6150 6152 6153 5131
f 6153 5134 5132 5131
f 6153 6152 6154 6155
f 6153 6155 6156 5134
f 6156 5137 5135 5134
f 6156 6155 6157 6158
f 6156 6158 6159 5137
f 6159 5140 5138 5137
f 6159 6158 6160 6161
f 6159 6161 5142 5140
f 6161 6160 6162 6163
f 6161 6163 5144 5142
f 6163 6162 6164 6165
f 6163 6165 5146 5144
f 6165 6164 6166 6167
f 6165 6167 6168 5146
f 6168 5150 5147 5146
f 6168 6167 6169 6170
f 6168 6170 6171 5150
f 6171 5154 5151 5150
f 6171 6170 6172 6173
f 6171 6173 6174 5154
f 6174 5159 5155 5154
f 6174 6173 6175 6176
f 6174 6176 6177 5159
f 6177 5164 5160 5159
f 6177 6176 6178 6179
f 6177 6179 6180 5164
f 6180 5169 5165 5164
f 6180 6179 6181 6182
f 6180 6182 6183 5169
f 6183 5174 5170 5169
f 6183 6182 6184 6185
f 6183 6185 6186 5174
f 6186 5178 5175 5174
f 6186 6185 6187 6188
f 6186 6188 5180 5178
f 6188 6187 385 389
f 6188 389 5182 5180
f 6187 6185 6184 6189
f 6187 6189 386 385
f 6189 6184 6190 6191
f 6189 6191 6192 386
f 6192 6191 975 6193
f 6192 6193 6194 6195
f 6192 6195 387 386
f 6195 6194 6196 677
f 6195 677 390 387
f 6196 6194 6197 6198
f 6196 6198 6199 6200
f 6196 6200 678 677
f 6200 6199 5186 5185
f 6200 5185 679 678
f 6199 6198 6201 6202
f 6199 6202 5188 5186
f 6202 6201 6203 6204
f 6202 6204 5190 5188
f 6204 6203 6205 6206
f 6204 6206 6207 5190
f 6207 6206 6208 6209
f 6207 6209 6210 5193
f 6207 5193 5191 5190
f 6210 6209 6211 6212
f 6210 6212 171 6213
f 6210 6213 5194 5193
f 6213 171 170 5198
f 6213 5198 5195 5194
f 6212 6211 6214 6215
f 6212 6215 172 171
f 6215 6214 6216 6217
f 6215 6217 173 172
f 6217 6216 6218 6219
f 6217 6219 6220 173
f 6220 6219 6221 6222
f 6220 6222 6223 6224
f 6220 6224 174 173
f 6224 6223 6225 6226
f 6224 6226 175 174
f 6226 6225 6227 6228
f 6226 6228 6229 175
f 6229 6228 6230 6231
f 6229 6231 6232 6233
f 6229 6233 176 175
f 6233 6234 177 176
f 6233 6232 6235 6234
f 6235 5210 5208 6234
f 6235 6232 6236 6237
f 6235 6237 5212 5210
f 6237 6236 6238 6239
f 6237 6239 6240 5212
f 6240 6239 364 363
f 6240 363 362 5215
f 6240 5215 5213 5212
f 6239 6238 6241 364
f 6241 6238 6242 6243
f 6241 6243 6244 6245
f 6241 6245 355 364
f 6245 6244 6246 6247
f 6245 6247 356 355
f 6247 6246 6248 6249
f 6247 6249 6250 356
f 6250 6251 357 356
f 6250 6249 6252 6253
f 6250 6253 6254 6251
f 6254 6255 6256 6251
f 6254 6253 6257 6258
f 6254 6258 6259 6255
f 6259 6260 6261 6255
f 6259 6258 6262 6263
f 6259 6263 6264 6260
f 6264 6265 6266 6260
f 6264 6263 6267 6268
f 6264 6268 6269 6265
f 6269 6270 6271 6265
f 6269 6268 5769 6272
f 6269 6272 6273 6270
f 6273 6274 6275 6270
f 6273 6272 5766 6276
f 6273 6276 6277 6274
f 6277 6278 6279 6274
f 6277 6276 5763 6280
f 6277 6280 6281 6278
f 6281 6282 6283 6278
f 6281 6280 5760 6284
f 6281 6284 6285 6282
f 6285 6286 6287 6282
f 6285 6284 6288 6289
f 6285 6289 6290 6286
f 6290 6291 6292 6286
f 6290 6289 6293 6294
f 6290 6294 6295 6291
f 6295 6296 6297 6291
f 6295 6294 6298 6299
f 6295 6299 6300 6296
f 6300 6301 6302 6296
f 6300 6299 5472 5470
f 6300 5470 5469 6301
f 6302 6303 6304 6305
f 6302 6305 6297 6296
f 6302 6301 6306 6303
f 6306 6307 6308 6303
f 6306 6301 5469 5468
f 6306 5468 6309 6307
f 6309 6310 6311 6307
f 6309 5468 5466 5465
f 6309 5465 6312 6310
f 6312 6313 6314 6310
f 6312 5465 5463 956
f 6312 956 955 6313
f 6314 5436 5432 5431
f 6314 5431 6311 6310
f 6314 6313 6315 5436
f 6315 5439 5437 5436
f 6315 6313 955 957
f 6315 957 5448 5439
f 6311 5431 5427 5426
f 6311 5426 6308 6307
f 6308 5426 5422 5421
f 6308 5421 6304 6303
f 6305 6304 5416 6316
f 6305 6316 6317 6297
f 6317 6316 5411 6318
f 6317 6318 6319 6292
f 6317 6292 6291 6297
f 6319 6318 5406 6320
f 6319 6320 6321 6287
f 6319 6287 6286 6292
f 6321 6320 5401 6322
f 6321 6322 6323 6283
f 6321 6283 6282 6287
f 6323 6322 5396 6324
f 6323 6324 6325 6279
f 6323 6279 6278 6283
f 6325 6324 5391 6326
f 6325 6326 6327 6275
f 6325 6275 6274 6279
f 6327 6326 5386 6328
f 6327 6328 6329 6271
f 6327 6271 6270 6275
f 6329 6328 5381 6330
f 6329 6330 6331 6266
f 6329 6266 6265 6271
f 6331 6330 5376 6332
f 6331 6332 6333 6261
f 6331 6261 6260 6266
f 6333 6332 5371 6334
f 6333 6334 361 6256
f 6333 6256 6255 6261
f 6334 5371 5367 5366
f 6334 5366 358 361
f 6332 5376 5372 5371
f 6330 5381 5377 5376
f 6328 5386 5382 5381
f 6326 5391 5387 5386
f 6324 5396 5392 5391
f 6322 5401 5397 5396
f 6320 5406 5402 5401
f 6318 5411 5407 5406
f 6316 5416 5412 5411
f 6304 5421 5417 5416
f 6299 6298 5474 5472
f 6298 6294 6293 941
f 6298 941 940 5474
f 6293 6289 6288 6335
f 6293 6335 942 941
f 6335 6288 5758 5757
f 6335 5757 945 942
f 6288 6284 5760 5758
f 6280 5763 5761 5760
f 6276 5766 5764 5763
f 6272 5769 5767 5766
f 6268 6267 5770 5769
f 6267 6263 6262 6336
f 6267 6336 5771 5770
f 6336 6262 6337 5776
f 6336 5776 5773 5771
f 6337 6262 6258 6257
f 6337 6257 6338 5779
f 6337 5779 5777 5776
f 6338 6257 6253 6252
f 6338 6252 6339 6340
f 6338 6340 5780 5779
f 6340 6339 6341 6342
f 6340 6342 5781 5780
f 6342 6341 6343 6344
f 6342 6344 5783 5781
f 6344 6343 6345 6346
f 6344 6346 5785 5783
f 6346 6345 6347 5790
f 6346 5790 5787 5785
f 6347 6345 6348 6349
f 6347 6349 6350 5793
f 6347 5793 5791 5790
f 6350 6349 6351 6352
f 6350 6352 5798 5796
f 6350 5796 5794 5793
f 6352 6351 6353 6354
f 6352 6354 5800 5798
f 6354 6353 6355 6356
f 6354 6356 6357 5800
f 6357 6356 6358 6359
f 6357 6359 6360 5803
f 6357 5803 5801 5800
f 6360 6359 6361 6362
f 6360 6362 6363 6364
f 6360 6364 5804 5803
f 6364 6363 6365 6366
f 6364 6366 5805 5804
f 6366 6365 6367 6368
f 6366 6368 5807 5805
f 6368 6367 6369 6370
f 6368 6370 6371 5807
f 6371 6370 6372 6373
f 6371 6373 6374 5810
f 6371 5810 5808 5807
f 6374 6373 6375 6376
f 6374 6376 6377 6378
f 6374 6378 5811 5810
f 6378 6377 6379 6380
f 6378 6380 5812 5811
f 6380 6379 6381 5819
f 6380 5819 5814 5812
f 6381 5822 5820 5819
f 6381 6379 6382 6383
f 6381 6383 5824 5822
f 6383 6382 525 524
f 6383 524 5826 5824
f 6382 6379 6377 6384
f 6382 6384 530 525
f 6384 6377 6376 6385
f 6384 6385 6386 530
f 6386 6385 6387 6388
f 6386 6388 6389 6390
f 6386 6390 531 530
f 6390 6389 992 997
f 6390 997 532 531
f 6389 6388 6391 6392
f 6389 6392 993 992
f 6392 6391 6393 6394
f 6392 6394 6395 993
f 6395 6394 6396 6397
f 6395 6397 6398 6399
f 6395 6399 994 993
f 6399 6398 6400 6401
f 6399 6401 995 994
f 6401 6400 6402 6403
f 6401 6403 6404 995
f 6404 6403 6405 6406
f 6404 6406 6407 537
f 6404 537 536 995
f 6407 6406 6408 6409
f 6407 6409 6410 6411
f 6407 6411 538 537
f 6411 6410 6412 6413
f 6411 6413 541 538
f 6413 6412 6414 6415
f 6413 6415 6416 541
f 6416 6417 539 541
f 6416 6415 6418 6419
f 6416 6419 6420 6417
f 6420 6421 6422 6417
f 6420 6419 6423 6424
f 6420 6424 6425 6421
f 6425 6426 6427 6421
f 6425 6424 6428 6429
f 6425 6429 6430 6426
f 6430 6431 6432 6426
f 6430 6429 6433 6434
f 6430 6434 6435 6431
f 6435 6436 6437 6431
f 6435 6434 1002 1001
f 6435 1001 1000 6436
f 6437 6438 6439 6440
f 6437 6440 6432 6431
f 6437 6436 6441 6438
f 6441 6442 6443 6438
f 6441 6436 1000 6444
f 6441 6444 6445 6442
f 6445 6446 6447 6442
f 6445 6444 6448 640
f 6445 640 639 6446
f 6448 6444 1000 999
f 6448 999 1004 6449
f 6448 6449 635 640
f 6449 1010 636 635
f 6449 1004 1005 1010
f 6447 6450 6451 6452
f 6447 6452 6443 6442
f 6447 6446 6453 6450
f 6453 1012 6454 6450
f 6453 6446 639 638
f 6453 638 1013 1012
f 6454 6455 6456 6457
f 6454 6457 6451 6450
f 6454 1012 1011 6455
f 6457 6456 6458 6459
f 6457 6459 6460 6451
f 6460 6459 6461 6462
f 6460 6462 6463 6464
f 6460 6464 6452 6451
f 6464 6463 6465 6466
f 6464 6466 6443 6452
f 6466 6465 6467 6439
f 6466 6439 6438 6443
f 6467 6465 6468 6469
f 6467 6469 6470 6471
f 6467 6471 6440 6439
f 6471 6470 6472 6473
f 6471 6473 6432 6440
f 6473 6472 6474 6427
f 6473 6427 6426 6432
f 6474 6472 6475 6476
f 6474 6476 540 6422
f 6474 6422 6421 6427
f 6476 6475 345 344
f 6476 344 533 540
f 6475 6477 346 345
f 6475 6472 6470 6477
f 6477 6478 6479 346
f 6477 6470 6469 6478
f 6479 6480 6481 6482
f 6479 6482 347 346
f 6479 6478 6483 6480
f 6483 6484 6485 6480
f 6483 6478 6469 6468
f 6483 6468 6486 6484
f 6486 6487 6488 6484
f 6486 6468 6465 6463
f 6486 6463 6462 6487
f 6488 6489 6490 6491
f 6488 6491 6485 6484
f 6488 6487 6492 6489
f 6492 6493 6494 6489
f 6492 6487 6462 6461
f 6492 6461 6495 6493
f 6495 6496 6414 6493
f 6495 6461 6459 6458
f 6495 6458 6497 6496
f 6497 6498 6418 6496
f 6497 6458 6456 6499
f 6497 6499 6500 6498
f 6500 6501 6423 6498
f 6500 6499 6502 6503
f 6500 6503 6504 6501
f 6504 6505 6428 6501
f 6504 6503 6506 6507
f 6504 6507 6508 6505
f 6508 6509 6433 6505
f 6508 6507 1008 1007
f 6508 1007 1006 6509
f 6509 1002 6434 6433
f 6509 1006 1003 1002
f 6507 6506 6510 1008
f 6510 6506 1016 1015
f 6510 1015 1014 6511
f 6510 6511 1009 1008
f 6511 1014 637 636
f 6511 636 1010 1009
f 6506 6503 6502 1016
f 6505 6433 6429 6428
f 6502 6499 6456 6455
f 6502 6455 1011 1016
f 6501 6428 6424 6423
f 6498 6423 6419 6418
f 6496 6418 6415 6414
f 6494 6412 6410 6512
f 6494 6512 6490 6489
f 6494 6493 6414 6412
f 6512 6410 6409 6513
f 6512 6513 6514 6490
f 6514 6513 6515 6516
f 6514 6516 6517 6518
f 6514 6518 6491 6490
f 6518 6517 6519 6520
f 6518 6520 6485 6491
f 6520 6519 6521 6481
f 6520 6481 6480 6485
f 6521 6519 313 312
f 6521 312 6522 6523
f 6521 6523 6482 6481
f 6523 6522 6524 348
f 6523 348 347 6482
f 6524 6522 6525 6526
f 6524 6526 6527 6528
f 6524 6528 339 348
f 6528 6527 6529 6530
f 6528 6530 340 339
f 6530 6529 6531 6532
f 6530 6532 6533 340
f 6533 6534 341 340
f 6533 6532 6535 6536
f 6533 6536 6537 6534
f 6537 6538 6539 6534
f 6537 6536 6540 6541
f 6537 6541 6542 6538
f 6542 6543 6544 6538
f 6542 6541 6545 6546
f 6542 6546 6547 6543
f 6547 6548 6549 6543
f 6547 6546 6550 6551
f 6547 6551 6552 6548
f 6552 6553 6554 6548
f 6552 6551 6555 6556
f 6552 6556 6557 6553
f 6557 6558 6559 6553
f 6557 6556 6560 6561
f 6557 6561 6562 6558
f 6562 6563 6564 6558
f 6562 6561 6565 6566
f 6562 6566 6567 6563
f 6567 6568 6569 6563
f 6567 6566 6570 6571
f 6567 6571 6572 6568
f 6572 6573 6574 6568
f 6572 6571 6575 6576
f 6572 6576 6577 6573
f 6577 6578 6579 6573
f 6577 6576 6580 6581
f 6577 6581 6582 6578
f 6582 6583 6584 6578
f 6582 6581 6585 6586
f 6582 6586 6587 6583
f 6587 6588 6589 6583
f 6587 6586 6590 6591
f 6587 6591 6592 6588
f 6592 6593 6594 6588
f 6592 6591 961 6595
f 6592 6595 6596 6593
f 6596 6597 6598 6593
f 6596 6595 304 301
f 6596 301 300 6597
f 6598 6599 6600 6601
f 6598 6601 6594 6593
f 6598 6597 6602 6599
f 6602 6603 6604 6599
f 6602 6597 300 6605
f 6602 6605 6606 6603
f 6606 6605 6607 6608
f 6606 6608 6609 5874
f 6606 5874 5873 6603
f 6609 6608 6610 6611
f 6609 6611 6612 5877
f 6609 5877 5875 5874
f 6612 6611 6613 6614
f 6612 6614 6615 6616
f 6612 6616 5878 5877
f 6616 6615 6617 6618
f 6616 6618 5879 5878
f 6618 6617 6619 6620
f 6618 6620 5881 5879
f 6620 6619 6621 6622
f 6620 6622 6623 5881
f 6623 5884 5882 5881
f 6623 6622 6624 6625
f 6623 6625 6626 5884
f 6626 5887 5885 5884
f 6626 6625 6627 6628
f 6626 6628 6629 5887
f 6629 6628 230 229
f 6629 229 231 5890
f 6629 5890 5888 5887
f 6628 6627 6630 230
f 6630 6631 6540 6632
f 6630 6632 222 230
f 6630 6627 6633 6631
f 6633 6634 6545 6631
f 6633 6627 6625 6624
f 6633 6624 6635 6634
f 6635 6624 6622 6621
f 6635 6621 6636 6637
f 6635 6637 6550 6634
f 6637 6555 6551 6550
f 6637 6636 6638 6555
f 6638 6560 6556 6555
f 6638 6636 6639 6640
f 6638 6640 6641 6560
f 6641 6565 6561 6560
f 6641 6640 6642 6643
f 6641 6643 6644 6565
f 6644 6643 6645 6646
f 6644 6646 6647 6570
f 6644 6570 6566 6565
f 6647 6646 967 969
f 6647 969 6648 6575
f 6647 6575 6571 6570
f 6648 969 966 6649
f 6648 6649 6650 6580
f 6648 6580 6576 6575
f 6650 6649 6651 6652
f 6650 6652 6653 6585
f 6650 6585 6581 6580
f 6653 6590 6586 6585
f 6653 6652 6654 963
f 6653 963 962 6590
f 6654 6652 6651 6655
f 6654 6655 6656 6657
f 6654 6657 958 963
f 6657 6658 959 958
f 6657 6656 6659 6658
f 6659 6660 303 6658
f 6659 6656 6661 6662
f 6659 6662 6610 6660
f 6662 6661 6663 6613
f 6662 6613 6611 6610
f 6663 6661 6664 6665
f 6663 6665 6666 6667
f 6663 6667 6614 6613
f 6667 6666 6668 6669
f 6667 6669 6615 6614
f 6669 6668 6642 6670
f 6669 6670 6617 6615
f 6670 6642 6640 6639
f 6670 6639 6619 6617
f 6668 6666 968 6645
f 6668 6645 6643 6642
f 6666 6665 964 968
f 6665 6664 965 964
f 6664 6661 6656 6655
f 6664 6655 6651 965
f 6660 6607 299 303
f 6660 6610 6608 6607
f 6658 303 302 959
f 6651 6649 966 965
f 6646 6645 968 967
f 6639 6636 6621 6619
f 6634 6550 6546 6545
f 6632 6540 6536 6535
f 6632 6535 223 222
f 6631 6545 6541 6540
f 6607 6605 300 299
f 6604 633 6600 6599
f 6604 6603 5873 5872
f 6604 5872 629 633
f 6601 6600 6671 6672
f 6601 6672 6673 6594
f 6673 6672 6674 6675
f 6673 6675 6676 6589
f 6673 6589 6588 6594
f 6676 6675 6677 6678
f 6676 6678 6679 6584
f 6676 6584 6583 6589
f 6679 6678 6680 6681
f 6679 6681 6682 6579
f 6679 6579 6578 6584
f 6682 6681 6683 6684
f 6682 6684 6685 6574
f 6682 6574 6573 6579
f 6685 6684 6686 6687
f 6685 6687 6688 6569
f 6685 6569 6568 6574
f 6688 6687 6689 6690
f 6688 6690 6691 6564
f 6688 6564 6563 6569
f 6691 6690 6692 6693
f 6691 6693 6694 6559
f 6691 6559 6558 6564
f 6694 6693 526 529
f 6694 529 6695 6554
f 6694 6554 6553 6559
f 6695 529 528 6696
f 6695 6696 6697 6549
f 6695 6549 6548 6554
f 6697 6696 6698 6699
f 6697 6699 6700 6544
f 6697 6544 6543 6549
f 6700 6699 998 6701
f 6700 6701 342 6539
f 6700 6539 6538 6544
f 6701 998 535 534
f 6701 534 343 342
f 6699 6698 996 998
f 6698 532 997 996
f 6698 6696 528 532
f 6693 6692 527 526
f 6692 6702 6703 527
f 6692 6690 6689 6702
f 6703 6704 5830 6705
f 6703 6705 523 527
f 6703 6702 6706 6704
f 6706 6707 5835 6704
f 6706 6702 6689 6708
f 6706 6708 6709 6707
f 6709 6710 5840 6707
f 6709 6708 6686 6711
f 6709 6711 6712 6710
f 6712 6713 5845 6710
f 6712 6711 6683 6714
f 6712 6714 6715 6713
f 6715 6716 5850 6713
f 6715 6714 6680 6717
f 6715 6717 6718 6716
f 6718 6719 5855 6716
f 6718 6717 6677 6720
f 6718 6720 6721 6719
f 6721 6722 5860 6719
f 6721 6720 6674 6723
f 6721 6723 634 6722
f 6723 6674 6672 6671
f 6723 6671 632 634
f 6722 5865 5861 5860
f 6722 634 631 5865
f 6720 6677 6675 6674
f 6719 5860 5856 5855
f 6717 6680 6678 6677
f 6716 5855 5851 5850
f 6714 6683 6681 6680
f 6713 5850 5846 5845
f 6711 6686 6684 6683
f 6710 5845 5841 5840
f 6708 6689 6687 6686
f 6707 5840 5836 5835
f 6705 5830 5827 5826
f 6705 5826 524 523
f 6704 5835 5831 5830
f 6671 6600 633 632
f 6595 961 960 304
f 6591 6590 962 961
f 6539 342 341 6534
f 6535 6532 6531 223
f 6531 6529 6724 6725
f 6531 6725 224 223
f 6725 6724 6726 6727
f 6725 6727 225 224
f 6727 6726 6728 6729
f 6727 6729 6730 225
f 6730 5921 5918 5917
f 6730 5917 226 225
f 6730 6729 6731 5921
f 6731 5924 5922 5921
f 6731 6729 6728 6732
f 6731 6732 6733 5924
f 6733 5927 5925 5924
f 6733 6732 6734 6735
f 6733 6735 5929 5927
f 6735 6734 6736 6737
f 6735 6737 6738 5929
f 6738 6737 6739 6740
f 6738 6740 5934 5932
f 6738 5932 5930 5929
f 6740 6739 6741 6742
f 6740 6742 5936 5934
f 6742 6741 6743 6744
f 6742 6744 6745 5936
f 6745 6744 6746 6747
f 6745 6747 6748 5939
f 6745 5939 5937 5936
f 6748 6747 6749 6750
f 6748 6750 5944 5942
f 6748 5942 5940 5939
f 6750 6749 6751 6752
f 6750 6752 5946 5944
f 6752 6751 6753 6754
f 6752 6754 6755 5946
f 6755 5949 5947 5946
f 6755 6754 6756 6757
f 6755 6757 6758 5949
f 6758 5952 5950 5949
f 6758 6757 6759 6760
f 6758 6760 6761 5952
f 6761 5955 5953 5952
f 6761 6760 6762 6763
f 6761 6763 6764 5955
f 6764 5958 5956 5955
f 6764 6763 6765 6766
f 6764 6766 6767 5958
f 6767 5961 5959 5958
f 6767 6766 6768 6769
f 6767 6769 6770 5961
f 6770 5964 5962 5961
f 6770 6769 6771 6772
f 6770 6772 6773 5964
f 6773 5967 5965 5964
f 6773 6772 6774 6775
f 6773 6775 6776 5967
f 6776 5970 5968 5967
f 6776 6775 6777 6778
f 6776 6778 6779 5970
f 6779 5973 5971 5970
f 6779 6778 6780 6781
f 6779 6781 5975 5973
f 6781 6780 6782 6783
f 6781 6783 5977 5975
f 6783 6782 6784 6785
f 6783 6785 5979 5977
f 6785 6784 6786 6787
f 6785 6787 5981 5979
f 6787 6786 6788 6789
f 6787 6789 5983 5981
f 6789 6788 5991 5989
f 6789 5989 5985 5983
f 6788 6786 6790 6791
f 6788 6791 5993 5991
f 6791 6790 6792 6793
f 6791 6793 5995 5993
f 6793 6792 6794 6795
f 6793 6795 5997 5995
f 6795 6794 6796 6797
f 6795 6797 6798 5997
f 6798 6797 6799 6800
f 6798 6800 6002 6000
f 6798 6000 5998 5997
f 6800 6799 6801 6802
f 6800 6802 6004 6002
f 6802 6801 6803 6804
f 6802 6804 6805 6004
f 6805 6804 6806 6807
f 6805 6807 6808 6007
f 6805 6007 6005 6004
f 6808 6807 6809 6810
f 6808 6810 6811 6011
f 6808 6011 6008 6007
f 6811 6810 6812 6813
f 6811 6813 6814 6014
f 6811 6014 6012 6011
f 6814 6813 6815 6816
f 6814 6816 6817 6017
f 6814 6017 6015 6014
f 6817 6816 6818 6819
f 6817 6819 6820 6821
f 6817 6821 6018 6017
f 6821 6820 6822 6823
f 6821 6823 6019 6018
f 6823 6822 6824 6025
f 6823 6025 6021 6019
f 6824 6822 6825 6826
f 6824 6826 6827 6028
f 6824 6028 6026 6025
f 6827 6826 6828 6829
f 6827 6829 6830 6031
f 6827 6031 6029 6028
f 6830 6829 6831 6832
f 6830 6832 6833 6034
f 6830 6034 6032 6031
f 6833 6832 6051 6049
f 6833 6049 6047 6046
f 6833 6046 6035 6034
f 6832 6831 6053 6051
f 6831 6829 6828 6834
f 6831 6834 6055 6053
f 6834 6828 6835 6836
f 6834 6836 6837 6055
f 6837 6836 6838 6839
f 6837 6839 6840 6058
f 6837 6058 6056 6055
f 6840 6839 6841 6842
f 6840 6842 6843 6061
f 6840 6061 6059 6058
f 6843 6842 6844 6845
f 6843 6845 6846 6064
f 6843 6064 6062 6061
f 6846 6845 6847 6848
f 6846 6848 6849 6850
f 6846 6850 6065 6064
f 6850 6849 6851 6852
f 6850 6852 6066 6065
f 6852 6851 6853 6854
f 6852 6854 6068 6066
f 6854 6853 6855 6856
f 6854 6856 6070 6068
f 6856 6855 6857 6858
f 6856 6858 6072 6070
f 6858 6857 6859 6860
f 6858 6860 6074 6072
f 6860 6859 6861 6862
f 6860 6862 6076 6074
f 6862 6861 6863 6082
f 6862 6082 6078 6076
f 6863 6861 6864 6865
f 6863 6865 6866 6085
f 6863 6085 6083 6082
f 6866 6088 6086 6085
f 6866 6865 6867 6868
f 6866 6868 6869 6088
f 6869 6091 6089 6088
f 6869 6868 6870 6871
f 6869 6871 6872 6091
f 6872 6094 6092 6091
f 6872 6871 6873 6874
f 6872 6874 6875 6094
f 6875 6097 6095 6094
f 6875 6874 6876 6877
f 6875 6877 6878 6097
f 6878 6100 6098 6097
f 6878 6877 6879 6880
f 6878 6880 6881 6100
f 6881 6103 6101 6100
f 6881 6880 6882 6883
f 6881 6883 6884 6103
f 6884 6106 6104 6103
f 6884 6883 6885 6886
f 6884 6886 6887 6106
f 6887 6109 6107 6106
f 6887 6886 6888 6889
f 6887 6889 6890 6109
f 6890 6112 6110 6109
f 6890 6889 6891 6892
f 6890 6892 6893 6112
f 6893 6115 6113 6112
f 6893 6892 6894 6895
f 6893 6895 6896 6115
f 6896 6118 6116 6115
f 6896 6895 6897 6898
f 6896 6898 6899 6118
f 6899 6121 6119 6118
f 6899 6898 6900 6901
f 6899 6901 6902 6121
f 6902 6124 6122 6121
f 6902 6901 6903 6904
f 6902 6904 6905 6124
f 6905 6127 6125 6124
f 6905 6904 6906 6907
f 6905 6907 6908 6127
f 6908 6130 6128 6127
f 6908 6907 6909 6910
f 6908 6910 6911 6130
f 6911 6133 6131 6130
f 6911 6910 6912 6913
f 6911 6913 6914 6133
f 6914 6136 6134 6133
f 6914 6913 6915 6916
f 6914 6916 6917 6136
f 6917 6139 6137 6136
f 6917 6916 6918 6919
f 6917 6919 6920 6139
f 6920 6142 6140 6139
f 6920 6919 6921 6922
f 6920 6922 6923 6142
f 6923 6145 6143 6142
f 6923 6922 6924 6925
f 6923 6925 6926 6145
f 6926 6148 6146 6145
f 6926 6925 6927 6928
f 6926 6928 6929 6148
f 6929 6151 6149 6148
f 6929 6928 6930 6931
f 6929 6931 6932 6151
f 6932 6154 6152 6151
f 6932 6931 6933 6934
f 6932 6934 6935 6154
f 6935 6157 6155 6154
f 6935 6934 6936 6937
f 6935 6937 6938 6157
f 6938 6160 6158 6157
f 6938 6937 6939 6940
f 6938 6940 6162 6160
f 6940 6939 6941 6942
f 6940 6942 6164 6162
f 6942 6941 6943 6944
f 6942 6944 6166 6164
f 6944 6943 6945 6946
f 6944 6946 6947 6166
f 6947 6169 6167 6166
f 6947 6946 6948 6949
f 6947 6949 6950 6169
f 6950 6172 6170 6169
f 6950 6949 6951 6952
f 6950 6952 6953 6172
f 6953 6175 6173 6172
f 6953 6952 6954 6955
f 6953 6955 6956 6175
f 6956 6178 6176 6175
f 6956 6955 973 972
f 6956 972 971 6178
f 6955 6954 6957 973
f 6957 6954 6958 6959
f 6957 6959 6197 6960
f 6957 6960 974 973
f 6960 6197 6194 6193
f 6960 6193 975 974
f 6959 6958 6203 6201
f 6959 6201 6198 6197
f 6958 6954 6952 6951
f 6958 6951 6205 6203
f 6951 6949 6948 6205
f 6948 6946 6945 6208
f 6948 6208 6206 6205
f 6945 6943 6214 6211
f 6945 6211 6209 6208
f 6943 6941 6216 6214
f 6941 6939 6218 6216
f 6939 6937 6936 6218
f 6936 6934 6933 6221
f 6936 6221 6219 6218
f 6933 6931 6930 6961
f 6933 6961 6222 6221
f 6961 6930 6962 6963
f 6961 6963 6223 6222
f 6963 6962 6964 6965
f 6963 6965 6225 6223
f 6965 6964 6966 6967
f 6965 6967 6227 6225
f 6967 6966 6968 6969
f 6967 6969 6970 6227
f 6970 6969 6971 6972
f 6970 6972 6973 6230
f 6970 6230 6228 6227
f 6973 6972 6974 6975
f 6973 6975 6242 6976
f 6973 6976 6231 6230
f 6976 6236 6232 6231
f 6976 6242 6238 6236
f 6975 6974 664 667
f 6975 667 6243 6242
f 6974 6972 6971 6977
f 6974 6977 665 664
f 6977 6971 6978 6979
f 6977 6979 6980 665
f 6980 6979 6981 6982
f 6980 6982 6983 6984
f 6980 6984 661 665
f 6984 6983 6985 6986
f 6984 6986 662 661
f 6986 6985 6987 6988
f 6986 6988 6355 662
f 6988 6987 6989 6358
f 6988 6358 6356 6355
f 6989 6987 6990 6991
f 6989 6991 6992 6361
f 6989 6361 6359 6358
f 6992 6991 6993 6994
f 6992 6994 6995 6996
f 6992 6996 6362 6361
f 6996 6995 6997 6998
f 6996 6998 6363 6362
f 6998 6997 6999 7000
f 6998 7000 6365 6363
f 7000 6999 7001 7002
f 7000 7002 6367 6365
f 7002 7001 7003 7004
f 7002 7004 6369 6367
f 7004 7003 7005 7006
f 7004 7006 7007 6369
f 7007 7006 7008 7009
f 7007 7009 7010 6372
f 7007 6372 6370 6369
f 7010 7009 7011 7012
f 7010 7012 6387 6375
f 7010 6375 6373 6372
f 7012 7011 6393 6391
f 7012 6391 6388 6387
f 7011 7009 7008 7013
f 7011 7013 7014 6393
f 7014 7013 7015 7016
f 7014 7016 7017 6396
f 7014 6396 6394 6393
f 7017 7016 7018 7019
f 7017 7019 7020 7021
f 7017 7021 6397 6396
f 7021 7020 7022 7023
f 7021 7023 6398 6397
f 7023 7022 7024 7025
f 7023 7025 6400 6398
f 7025 7024 7026 7027
f 7025 7027 6402 6400
f 7027 7026 7028 7029
f 7027 7029 7030 6402
f 7030 7029 7031 7032
f 7030 7032 7033 6405
f 7030 6405 6403 6402
f 7033 7032 7034 7035
f 7033 7035 6515 6408
f 7033 6408 6406 6405
f 7035 7034 7036 7037
f 7035 7037 6516 6515
f 7037 7036 310 314
f 7037 314 6517 6516
f 7036 7034 7038 7039
f 7036 7039 311 310
f 7039 7038 7040 7041
f 7039 7041 7042 311
f 7042 7041 7043 7044
f 7042 7044 7045 7046
f 7042 7046 305 311
f 7046 7045 7047 7048
f 7046 7048 306 305
f 7048 7047 7049 7050
f 7048 7050 7051 306
f 7051 7050 7052 7053
f 7051 7053 7054 7055
f 7051 7055 307 306
f 7055 7054 7056 7057
f 7055 7057 308 307
f 7057 7056 7058 7059
f 7057 7059 7060 308
f 7060 6525 309 308
f 7060 7059 7061 7062
f 7060 7062 6526 6525
f 7062 7061 7063 7064
f 7062 7064 6527 6526
f 7064 7063 6726 6724
f 7064 6724 6529 6527
f 7063 7061 7065 7066
f 7063 7066 6728 6726
f 7066 7065 6736 6734
f 7066 6734 6732 6728
f 7065 7061 7059 7058
f 7065 7058 7067 6736
f 7067 7058 7056 7068
f 7067 7068 6741 6739
f 7067 6739 6737 6736
f 7068 7056 7054 7069
f 7068 7069 6743 6741
f 7069 7054 7053 7070
f 7069 7070 7071 6743
f 7071 7070 7072 7073
f 7071 7073 7074 6746
f 7071 6746 6744 6743
f 7074 7073 7075 7076
f 7074 7076 6751 6749
f 7074 6749 6747 6746
f 7076 7075 7077 7078
f 7076 7078 6753 6751
f 7078 7077 7079 7080
f 7078 7080 7081 6753
f 7081 6756 6754 6753
f 7081 7080 7082 7083
f 7081 7083 7084 6756
f 7084 6759 6757 6756
f 7084 7083 7085 7086
f 7084 7086 7087 6759
f 7087 6762 6760 6759
f 7087 7086 7088 7089
f 7087 7089 7090 6762
f 7090 6765 6763 6762
f 7090 7089 7091 7092
f 7090 7092 7093 6765
f 7093 6768 6766 6765
f 7093 7092 7094 7095
f 7093 7095 7096 6768
f 7096 6771 6769 6768
f 7096 7095 7097 7098
f 7096 7098 7099 6771
f 7099 6774 6772 6771
f 7099 7098 7100 7101
f 7099 7101 7102 6774
f 7102 6777 6775 6774
f 7102 7101 7103 7104
f 7102 7104 7105 6777
f 7105 6780 6778 6777
f 7105 7104 7106 7107
f 7105 7107 6782 6780
f 7107 7106 7108 7109
f 7107 7109 6784 6782
f 7109 7108 6792 6790
f 7109 6790 6786 6784
f 7108 7106 7110 7111
f 7108 7111 6794 6792
f 7111 7110 7112 7113
f 7111 7113 6796 6794
f 7113 7112 7114 7115
f 7113 7115 7116 6796
f 7116 7115 7117 7118
f 7116 7118 6801 6799
f 7116 6799 6797 6796
f 7118 7117 7119 7120
f 7118 7120 6803 6801
f 7120 7119 7121 7122
f 7120 7122 7123 6803
f 7123 7122 7124 7125
f 7123 7125 7126 6806
f 7123 6806 6804 6803
f 7126 7125 7127 7128
f 7126 7128 7129 6809
f 7126 6809 6807 6806
f 7129 7128 7130 7131
f 7129 7131 7132 6812
f 7129 6812 6810 6809
f 7132 7131 7133 7134
f 7132 7134 7135 6815
f 7132 6815 6813 6812
f 7135 7134 7136 7137
f 7135 7137 7138 6818
f 7135 6818 6816 6815
f 7138 7137 7139 7140
f 7138 7140 7141 7142
f 7138 7142 6819 6818
f 7142 7141 7143 7144
f 7142 7144 6820 6819
f 7144 7143 6835 6825
f 7144 6825 6822 6820
f 7143 7141 7145 6838
f 7143 6838 6836 6835
f 7145 7141 7140 7146
f 7145 7146 7147 6841
f 7145 6841 6839 6838
f 7147 7146 7148 7149
f 7147 7149 7150 6844
f 7147 6844 6842 6841
f 7150 7149 7151 7152
f 7150 7152 7153 6847
f 7150 6847 6845 6844
f 7153 7152 7154 7155
f 7153 7155 7156 7157
f 7153 7157 6848 6847
f 7157 7156 7158 7159
f 7157 7159 6849 6848
f 7159 7158 7160 7161
f 7159 7161 6851 6849
f 7161 7160 7162 7163
f 7161 7163 6853 6851
f 7163 7162 7164 7165
f 7163 7165 6855 6853
f 7165 7164 7166 7167
f 7165 7167 6857 6855
f 7167 7166 7168 7169
f 7167 7169 6859 6857
f 7169 7168 7170 6864
f 7169 6864 6861 6859
f 7170 7168 7171 7172
f 7170 7172 7173 6867
f 7170 6867 6865 6864
f 7173 7172 7174 7175
f 7173 7175 7176 6870
f 7173 6870 6868 6867
f 7176 6873 6871 6870
f 7176 7175 7177 7178
f 7176 7178 7179 6873
f 7179 6876 6874 6873
f 7179 7178 7180 7181
f 7179 7181 7182 6876
f 7182 6879 6877 6876
f 7182 7181 7183 7184
f 7182 7184 7185 6879
f 7185 6882 6880 6879
f 7185 7184 7186 7187
f 7185 7187 7188 6882
f 7188 6885 6883 6882
f 7188 7187 7189 7190
f 7188 7190 7191 6885
f 7191 6888 6886 6885
f 7191 7190 7192 7193
f 7191 7193 7194 6888
f 7194 6891 6889 6888
f 7194 7193 7195 7196
f 7194 7196 7197 6891
f 7197 6894 6892 6891
f 7197 7196 7198 7199
f 7197 7199 7200 6894
f 7200 6897 6895 6894
f 7200 7199 7201 7202
f 7200 7202 7203 6897
f 7203 6900 6898 6897
f 7203 7202 7204 7205
f 7203 7205 7206 6900
f 7206 6903 6901 6900
f 7206 7205 7207 7208
f 7206 7208 7209 6903
f 7209 6906 6904 6903
f 7209 7208 7210 7211
f 7209 7211 7212 6906
f 7212 6909 6907 6906
f 7212 7211 7213 7214
f 7212 7214 7215 6909
f 7215 6912 6910 6909
f 7215 7214 7216 7217
f 7215 7217 7218 6912
f 7218 6915 6913 6912
f 7218 7217 7219 7220
f 7218 7220 7221 6915
f 7221 6918 6916 6915
f 7221 7220 7222 7223
f 7221 7223 7224 6918
f 7224 6921 6919 6918
f 7224 7223 7225 7226
f 7224 7226 7227 6921
f 7227 6924 6922 6921
f 7227 7226 7228 7229
f 7227 7229 7230 6924
f 7230 6927 6925 6924
f 7230 7229 6966 6964
f 7230 6964 6962 6927
f 7229 7228 6968 6966
f 7228 7226 7225 7231
f 7228 7231 6978 6968
f 7231 7225 7232 6981
f 7231 6981 6979 6978
f 7232 7225 7223 7222
f 7232 7222 7233 7234
f 7232 7234 6982 6981
f 7234 7233 7235 7236
f 7234 7236 6983 6982
f 7236 7235 7237 7238
f 7236 7238 6985 6983
f 7238 7237 7239 6990
f 7238 6990 6987 6985
f 7239 7237 7240 7241
f 7239 7241 7242 6993
f 7239 6993 6991 6990
f 7242 7241 7243 7244
f 7242 7244 7245 7246
f 7242 7246 6994 6993
f 7246 7245 7247 7248
f 7246 7248 6995 6994
f 7248 7247 7249 7250
f 7248 7250 6997 6995
f 7250 7249 7251 7252
f 7250 7252 6999 6997
f 7252 7251 7253 7254
f 7252 7254 7001 6999
f 7254 7253 7255 7256
f 7254 7256 7003 7001
f 7256 7255 7257 7258
f 7256 7258 7005 7003
f 7258 7257 7259 7260
f 7258 7260 7261 7005
f 7261 7260 7262 7015
f 7261 7015 7013 7008
f 7261 7008 7006 7005
f 7262 7260 7259 7263
f 7262 7263 7264 7018
f 7262 7018 7016 7015
f 7264 7263 7265 7266
f 7264 7266 7267 7268
f 7264 7268 7019 7018
f 7268 7267 7269 7270
f 7268 7270 7020 7019
f 7270 7269 7271 7272
f 7270 7272 7022 7020
f 7272 7271 7273 7274
f 7272 7274 7024 7022
f 7274 7273 7275 7276
f 7274 7276 7026 7024
f 7276 7275 7277 7278
f 7276 7278 7028 7026
f 7278 7277 7279 7280
f 7278 7280 7281 7028
f 7281 7280 7282 7040
f 7281 7040 7038 7031
f 7281 7031 7029 7028
f 7282 7280 7279 7283
f 7282 7283 7284 7043
f 7282 7043 7041 7040
f 7284 7283 7285 7286
f 7284 7286 7287 7288
f 7284 7288 7044 7043
f 7288 7287 7289 7290
f 7288 7290 7045 7044
f 7290 7289 7291 7292
f 7290 7292 7047 7045
f 7292 7291 7293 7294
f 7292 7294 7049 7047
f 7294 7293 7295 7296
f 7294 7296 7297 7049
f 7297 7296 7298 7299
f 7297 7299 7072 7052
f 7297 7052 7050 7049
f 7299 7298 7077 7075
f 7299 7075 7073 7072
f 7298 7296 7295 7300
f 7298 7300 7079 7077
f 7300 7295 7301 7302
f 7300 7302 7303 7079
f 7303 7082 7080 7079
f 7303 7302 7304 7305
f 7303 7305 7306 7082
f 7306 7085 7083 7082
f 7306 7305 7307 7308
f 7306 7308 7309 7085
f 7309 7088 7086 7085
f 7309 7308 7310 7311
f 7309 7311 7312 7088
f 7312 7091 7089 7088
f 7312 7311 7313 7314
f 7312 7314 7315 7091
f 7315 7094 7092 7091
f 7315 7314 7316 7317
f 7315 7317 7318 7094
f 7318 7097 7095 7094
f 7318 7317 7319 7320
f 7318 7320 7321 7097
f 7321 7100 7098 7097
f 7321 7320 7322 7323
f 7321 7323 7324 7100
f 7324 7103 7101 7100
f 7324 7323 7114 7112
f 7324 7112 7110 7103
f 7323 7322 7325 7114
f 7325 7322 7326 7327
f 7325 7327 7119 7117
f 7325 7117 7115 7114
f 7327 7326 7328 7329
f 7327 7329 7121 7119
f 7329 7328 7330 7331
f 7329 7331 7332 7121
f 7332 7331 7333 7334
f 7332 7334 7335 7124
f 7332 7124 7122 7121
f 7335 7334 7336 7337
f 7335 7337 7338 7127
f 7335 7127 7125 7124
f 7338 7337 7339 7340
f 7338 7340 7341 7130
f 7338 7130 7128 7127
f 7341 7340 7342 7343
f 7341 7343 7344 7133
f 7341 7133 7131 7130
f 7344 7343 7345 7346
f 7344 7346 7347 7136
f 7344 7136 7134 7133
f 7347 7346 7348 7349
f 7347 7349 7148 7139
f 7347 7139 7137 7136
f 7349 7348 7350 7151
f 7349 7151 7149 7148
f 7350 7348 7351 7352
f 7350 7352 7353 7154
f 7350 7154 7152 7151
f 7353 7352 7354 7355
f 7353 7355 7356 7357
f 7353 7357 7155 7154
f 7357 7356 7358 7359
f 7357 7359 7156 7155
f 7359 7358 7360 7361
f 7359 7361 7158 7156
f 7361 7360 7362 7363
f 7361 7363 7160 7158
f 7363 7362 7364 7365
f 7363 7365 7162 7160
f 7365 7364 7366 7367
f 7365 7367 7164 7162
f 7367 7366 7368 7369
f 7367 7369 7166 7164
f 7369 7368 7370 7171
f 7369 7171 7168 7166
f 7370 7368 7371 7372
f 7370 7372 7373 7174
f 7370 7174 7172 7171
f 7373 7372 7374 7375
f 7373 7375 7376 7177
f 7373 7177 7175 7174
f 7376 7375 7377 7378
f 7376 7378 7379 7180
f 7376 7180 7178 7177
f 7379 7183 7181 7180
f 7379 7378 7380 7381
f 7379 7381 7382 7183
f 7382 7186 7184 7183
f 7382 7381 7383 7384
f 7382 7384 7385 7186
f 7385 7189 7187 7186
f 7385 7384 7386 7387
f 7385 7387 7388 7189
f 7388 7192 7190 7189
f 7388 7387 7389 7390
f 7388 7390 7391 7192
f 7391 7195 7193 7192
f 7391 7390 7392 7393
f 7391 7393 7394 7195
f 7394 7198 7196 7195
f 7394 7393 7395 7396
f 7394 7396 7397 7198
f 7397 7201 7199 7198
f 7397 7396 7398 7399
f 7397 7399 7400 7201
f 7400 7204 7202 7201
f 7400 7399 7401 7402
f 7400 7402 7403 7204
f 7403 7207 7205 7204
f 7403 7402 7404 7405
f 7403 7405 7406 7207
f 7406 7210 7208 7207
f 7406 7405 7407 7408
f 7406 7408 7409 7210
f 7409 7213 7211 7210
f 7409 7408 7244 7243
f 7409 7243 7410 7213
f 7410 7216 7214 7213
f 7410 7243 7241 7240
f 7410 7240 7411 7216
f 7411 7219 7217 7216
f 7411 7240 7237 7235
f 7411 7235 7233 7219
f 7408 7407 7245 7244
f 7407 7405 7404 7412
f 7407 7412 7247 7245
f 7412 7404 7413 7414
f 7412 7414 7249 7247
f 7414 7413 7415 7416
f 7414 7416 7251 7249
f 7416 7415 7417 7418
f 7416 7418 7253 7251
f 7418 7417 7419 7420
f 7418 7420 7255 7253
f 7420 7419 7421 7422
f 7420 7422 7257 7255
f 7422 7421 7423 7424
f 7422 7424 7259 7257
f 7424 7423 7425 7265
f 7424 7265 7263 7259
f 7425 7423 7426 7427
f 7425 7427 7428 7429
f 7425 7429 7266 7265
f 7429 7428 7430 7431
f 7429 7431 7267 7266
f 7431 7430 7432 7433
f 7431 7433 7269 7267
f 7433 7432 7434 7435
f 7433 7435 7271 7269
f 7435 7434 7436 7437
f 7435 7437 7273 7271
f 7437 7436 7438 7439
f 7437 7439 7275 7273
f 7439 7438 7440 7441
f 7439 7441 7277 7275
f 7441 7440 7442 7443
f 7441 7443 7279 7277
f 7443 7442 7444 7285
f 7443 7285 7283 7279
f 7444 7442 7445 7446
f 7444 7446 7447 7448
f 7444 7448 7286 7285
f 7448 7447 7449 7450
f 7448 7450 7287 7286
f 7450 7451 7289 7287
f 7450 7449 7452 7451
f 7452 7453 7454 7451
f 7452 7449 7455 7456
f 7452 7456 7457 7453
f 7457 7458 7459 7453
f 7457 7456 7460 7461
f 7457 7461 7462 7458
f 7462 7463 7464 7458
f 7462 7461 7465 7466
f 7462 7466 7467 7463
f 7467 7468 7469 7463
f 7467 7466 7470 7471
f 7467 7471 7472 7468
f 7472 7473 7474 7468
f 7472 7471 7475 7476
f 7472 7476 7477 7473
f 7477 7478 7479 7473
f 7477 7476 7480 7481
f 7477 7481 7482 7478
f 7482 7330 7483 7478
f 7482 7481 7484 7333
f 7482 7333 7331 7330
f 7484 7481 7480 7485
f 7484 7485 7486 7336
f 7484 7336 7334 7333
f 7486 7485 7487 7488
f 7486 7488 7489 7339
f 7486 7339 7337 7336
f 7489 7488 7490 7491
f 7489 7491 7492 7342
f 7489 7342 7340 7339
f 7492 7491 7493 7494
f 7492 7494 7351 7345
f 7492 7345 7343 7342
f 7494 7493 7495 7354
f 7494 7354 7352 7351
f 7495 7493 7496 7497
f 7495 7497 7498 7499
f 7495 7499 7355 7354
f 7499 7498 7500 7501
f 7499 7501 7356 7355
f 7501 7500 7502 7503
f 7501 7503 7358 7356
f 7503 7502 7504 7505
f 7503 7505 7360 7358
f 7505 7504 7506 7507
f 7505 7507 7362 7360
f 7507 7506 7508 7509
f 7507 7509 7364 7362
f 7509 7508 7510 7511
f 7509 7511 7366 7364
f 7511 7510 7512 7371
f 7511 7371 7368 7366
f 7512 7510 7513 7514
f 7512 7514 7515 7374
f 7512 7374 7372 7371
f 7515 7514 7516 7517
f 7515 7517 7518 7377
f 7515 7377 7375 7374
f 7518 7517 7519 7520
f 7518 7520 7521 7380
f 7518 7380 7378 7377
f 7521 7383 7381 7380
f 7521 7520 7522 7523
f 7521 7523 7524 7383
f 7524 7386 7384 7383
f 7524 7523 7525 7526
f 7524 7526 7527 7386
f 7527 7389 7387 7386
f 7527 7526 7528 7529
f 7527 7529 7530 7389
f 7530 7392 7390 7389
f 7530 7529 7531 7532
f 7530 7532 7533 7392
f 7533 7395 7393 7392
f 7533 7532 7534 7535
f 7533 7535 7536 7395
f 7536 7398 7396 7395
f 7536 7535 7537 7538
f 7536 7538 7539 7398
f 7539 7401 7399 7398
f 7539 7538 7417 7415
f 7539 7415 7413 7401
f 7538 7537 7419 7417
f 7537 7535 7534 7540
f 7537 7540 7421 7419
f 7540 7534 7541 7426
f 7540 7426 7423 7421
f 7541 7534 7532 7531
f 7541 7531 7542 7543
f 7541 7543 7427 7426
f 7543 7542 7544 7545
f 7543 7545 7428 7427
f 7545 7544 7546 7547
f 7545 7547 7430 7428
f 7547 7546 7548 7549
f 7547 7549 7432 7430
f 7549 7548 7550 7551
f 7549 7551 7434 7432
f 7551 7550 7552 7553
f 7551 7553 7436 7434
f 7553 7552 7554 7555
f 7553 7555 7438 7436
f 7555 7554 7556 7557
f 7555 7557 7440 7438
f 7557 7556 7558 7445
f 7557 7445 7442 7440
f 7558 7556 7559 7560
f 7558 7560 7561 7562
f 7558 7562 7446 7445
f 7562 7561 7563 7564
f 7562 7564 7447 7446
f 7564 7455 7449 7447
f 7564 7563 7565 7455
f 7565 7460 7456 7455
f 7565 7563 7566 7567
f 7565 7567 7568 7460
f 7568 7465 7461 7460
f 7568 7567 7569 7570
f 7568 7570 7571 7465
f 7571 7470 7466 7465
f 7571 7570 7572 7573
f 7571 7573 7574 7470
f 7574 7475 7471 7470
f 7574 7573 7575 7576
f 7574 7576 7577 7475
f 7577 7480 7476 7475
f 7577 7576 7578 7487
f 7577 7487 7485 7480
f 7578 7576 7575 7579
f 7578 7579 7496 7490
f 7578 7490 7488 7487
f 7579 7575 7580 7581
f 7579 7581 7497 7496
f 7581 7580 7582 7583
f 7581 7583 7498 7497
f 7583 7582 7584 7585
f 7583 7585 7500 7498
f 7585 7584 7586 7587
f 7585 7587 7502 7500
f 7587 7586 7588 7589
f 7587 7589 7504 7502
f 7589 7588 7590 7591
f 7589 7591 7506 7504
f 7591 7590 7592 7593
f 7591 7593 7508 7506
f 7593 7592 7594 7513
f 7593 7513 7510 7508
f 7594 7592 7595 7596
f 7594 7596 7597 7516
f 7594 7516 7514 7513
f 7597 7596 7598 7599
f 7597 7599 7600 7519
f 7597 7519 7517 7516
f 7600 7522 7520 7519
f 7600 7599 7601 7602
f 7600 7602 7603 7522
f 7603 7525 7523 7522
f 7603 7602 7604 7605
f 7603 7605 7606 7525
f 7606 7528 7526 7525
f 7606 7605 7546 7544
f 7606 7544 7542 7528
f 7605 7604 7548 7546
f 7604 7602 7601 7607
f 7604 7607 7550 7548
f 7607 7601 7608 7609
f 7607 7609 7552 7550
f 7609 7608 7610 7611
f 7609 7611 7554 7552
f 7611 7610 7612 7559
f 7611 7559 7556 7554
f 7612 7610 7613 7614
f 7612 7614 7615 7616
f 7612 7616 7560 7559
f 7616 7617 7561 7560
f 7616 7615 7618 7617
f 7618 7619 7566 7617
f 7618 7615 7620 7621
f 7618 7621 7622 7619
f 7622 7623 7569 7619
f 7622 7621 7586 7584
f 7622 7584 7582 7623
f 7623 7572 7570 7569
f 7623 7582 7580 7572
f 7621 7620 7588 7586
f 7620 7615 7614 7624
f 7620 7624 7590 7588
f 7624 7614 7613 7595
f 7624 7595 7592 7590
f 7619 7569 7567 7566
f 7617 7566 7563 7561
f 7613 7610 7608 7598
f 7613 7598 7596 7595
f 7608 7601 7599 7598
f 7580 7575 7573 7572
f 7542 7531 7529 7528
f 7496 7493 7491 7490
f 7483 7625 7316 7626
f 7483 7626 7479 7478
f 7483 7330 7328 7625
f 7626 7316 7314 7313
f 7626 7313 7627 7479
f 7627 7313 7311 7310
f 7627 7310 7628 7474
f 7627 7474 7473 7479
f 7628 7310 7308 7307
f 7628 7307 7629 7469
f 7628 7469 7468 7474
f 7629 7307 7305 7304
f 7629 7304 7630 7464
f 7629 7464 7463 7469
f 7630 7304 7302 7301
f 7630 7301 7631 7459
f 7630 7459 7458 7464
f 7631 7301 7295 7293
f 7631 7293 7291 7454
f 7631 7454 7453 7459
f 7625 7319 7317 7316
f 7625 7328 7326 7319
f 7454 7291 7289 7451
f 7413 7404 7402 7401
f 7351 7348 7346 7345
f 7326 7322 7320 7319
f 7233 7222 7220 7219
f 7148 7146 7140 7139
f 7110 7106 7104 7103
f 7072 7070 7053 7052
f 7038 7034 7032 7031
f 6978 6971 6969 6968
f 6962 6930 6928 6927
f 6835 6828 6826 6825
f 6525 6522 312 309
f 6519 6517 314 313
f 6515 6513 6409 6408
f 6422 540 539 6417
f 6387 6385 6376 6375
f 6355 6353 663 662
f 6353 6351 668 663
f 6351 6349 6348 668
f 6348 7632 669 668
f 6348 6345 6343 7632
f 7632 7633 670 669
f 7632 6343 6341 7633
f 7633 6248 6246 670
f 7633 6341 6339 6248
f 6339 6252 6249 6248
f 6256 361 357 6251
f 6246 6244 666 670
f 6244 6243 667 666
f 6234 5208 5207 177
f 6191 6190 970 975
f 6190 6184 6182 6181
f 6190 6181 971 970
f 6181 6179 6178 971
f 6046 6044 6036 6035
f 5920 4851 514 513
f 5917 5914 227 226
f 5909 519 288 5906
f 5893 5891 5890 231
f 5872 5870 630 629
f 5866 5865 631 630
f 5834 939 938 5829
f 5818 5700 5699 5703
f 5816 5703 5702 5706
f 5737 5499 5496 5495
f 5706 5705 274 273
f 5700 931 930 5697
f 5693 936 284 283
f 5475 5474 940 944
f 5463 5461 952 956
f 5461 5458 953 952
f 5435 5434 986 991
f 5370 374 373 5365
f 5366 5363 359 358
f 5259 4515 4513 7634
f 5259 7634 5254 5253
f 5259 5258 4517 4515
f 7634 4513 4511 7635
f 7634 7635 7636 5254
f 7636 7635 4508 7637
f 7636 7637 7638 5249
f 7636 5249 5248 5254
f 7638 7637 4505 7639
f 7638 7639 7640 5244
f 7638 5244 5243 5249
f 7640 7639 4502 7641
f 7640 7641 7642 5239
f 7640 5239 5238 5244
f 7642 7641 4499 7643
f 7642 7643 7644 5234
f 7642 5234 5233 5239
f 7644 7643 4496 7645
f 7644 7645 7646 5229
f 7644 5229 5228 5234
f 7646 7645 4493 7647
f 7646 7647 7648 5225
f 7646 5225 5224 5229
f 7648 7647 4490 7649
f 7648 7649 7650 5222
f 7648 5222 5221 5225
f 7650 7649 4487 400
f 7650 400 399 454
f 7650 454 453 5222
f 7649 4490 4488 4487
f 7647 4493 4491 4490
f 7645 4496 4494 4493
f 7643 4499 4497 4496
f 7641 4502 4500 4499
f 7639 4505 4503 4502
f 7637 4508 4506 4505
f 7635 4511 4509 4508
f 5230 5226 984 983
f 5219 5217 979 984
f 5217 5216 980 979
f 5216 5215 362 980
f 5207 5203 168 177
f 5203 5201 169 168
f 5199 5198 170 169
f 5183 5182 680 679
f 5182 389 388 680
f 5158 457 459 5153
f 5149 459 398 393
f 5013 5011 4993 4991
f 5009 4996 4994 4993
f 5002 4999 4997 4996
f 4971 3113 602 601
f 4971 3116 3114 3113
f 4947 4942 4940 4939
f 4913 3070 7651 7652
f 4913 7652 4908 4907
f 4913 4912 3071 3070
f 7652 7651 7653 7654
f 7652 7654 7655 4908
f 7655 7654 7656 7657
f 7655 7657 7658 4903
f 7655 4903 4902 4908
f 7658 7657 7659 7660
f 7658 7660 7661 4898
f 7658 4898 4897 4903
f 7661 7660 7662 7663
f 7661 7663 7664 4893
f 7661 4893 4892 4898
f 7664 7663 2963 2962
f 7664 2962 2961 4888
f 7664 4888 4887 4893
f 7663 7662 2965 2963
f 7662 7665 2967 2965
f 7662 7660 7659 7665
f 7665 7666 2969 2967
f 7665 7659 7667 7666
f 7667 217 216 7666
f 7667 7659 7657 7656
f 7667 7656 218 217
f 7666 216 2973 2969
f 7656 7654 7653 218
f 7653 7668 219 218
f 7653 7651 3067 7668
f 7668 3062 3061 219
f 7668 3067 3064 3062
f 7651 3070 3068 3067
f 4888 2961 4883 4882
f 4883 2961 2959 440
f 4883 440 439 4878
f 4767 4763 4762 654
f 4766 7669 7670 7671
f 4766 7671 4761 4760
f 4766 4765 2535 7669
f 7671 7670 2518 7672
f 7671 7672 7673 4761
f 7673 7672 2513 7674
f 7673 7674 7675 4756
f 7673 4756 4755 4761
f 7675 7674 2508 7676
f 7675 7676 7677 4751
f 7675 4751 4750 4756
f 7677 7676 2503 7678
f 7677 7678 7679 4746
f 7677 4746 4745 4751
f 7679 7678 2498 7680
f 7679 7680 7681 4741
f 7679 4741 4740 4746
f 7681 7680 2493 7682
f 7681 7682 7683 4736
f 7681 4736 4735 4741
f 7683 7682 2488 7684
f 7683 7684 7685 4731
f 7683 4731 4730 4736
f 7685 7684 2483 7686
f 7685 7686 7687 4726
f 7685 4726 4725 4731
f 7687 7686 2478 7688
f 7687 7688 7689 4721
f 7687 4721 4720 4726
f 7689 7688 2473 7690
f 7689 7690 7691 4716
f 7689 4716 4715 4721
f 7691 7690 2468 7692
f 7691 7692 7693 4711
f 7691 4711 4710 4716
f 7693 7692 2463 7694
f 7693 7694 7695 4706
f 7693 4706 4705 4711
f 7695 7694 2458 7696
f 7695 7696 7697 4701
f 7695 4701 4700 4706
f 7697 7696 2453 7698
f 7697 7698 7699 4696
f 7697 4696 4695 4701
f 7699 7698 2448 7700
f 7699 7700 7701 4691
f 7699 4691 4690 4696
f 7701 7700 2443 7702
f 7701 7702 7703 4686
f 7701 4686 4685 4691
f 7703 7702 2438 7704
f 7703 7704 7705 4681
f 7703 4681 4680 4686
f 7705 7704 2433 7706
f 7705 7706 7707 4676
f 7705 4676 4675 4681
f 7707 7706 2428 7708
f 7707 7708 7709 4671
f 7707 4671 4670 4676
f 7709 7708 2423 7710
f 7709 7710 7711 4666
f 7709 4666 4665 4671
f 7711 7710 2419 7712
f 7711 7712 414 4661
f 7711 4661 4660 4666
f 7712 2419 2417 2416
f 7712 2416 410 414
f 7710 2423 2420 2419
f 7708 2428 2424 2423
f 7706 2433 2429 2428
f 7704 2438 2434 2433
f 7702 2443 2439 2438
f 7700 2448 2444 2443
f 7698 2453 2449 2448
f 7696 2458 2454 2453
f 7694 2463 2459 2458
f 7692 2468 2464 2463
f 7690 2473 2469 2468
f 7688 2478 2474 2473
f 7686 2483 2479 2478
f 7684 2488 2484 2483
f 7682 2493 2489 2488
f 7680 2498 2494 2493
f 7678 2503 2499 2498
f 7676 2508 2504 2503
f 7674 2513 2509 2508
f 7672 2518 2514 2513
f 7670 2523 2519 2518
f 7670 7669 2532 2523
f 7669 2535 2533 2532
f 4661 414 413 4656
f 4647 4645 367 366
f 4589 915 922 921
f 4587 928 927 4581
f 4578 4577 927 926
f 4567 4563 674 676
f 4556 4555 672 671
f 4535 4531 378 377
f 4525 4523 379 378
f 4520 4519 382 381
f 4487 4485 396 400
f 4482 4481 395 394
f 4397 2210 201 200
f 4391 4390 900 904
f 3667 857 856 3662
f 3650 3512 3508 3507
f 3650 3648 260 3512
f 3639 7713 264 267
f 3639 3637 7714 7713
f 7714 7715 7716 7713
f 7714 3637 3635 3634
f 7714 3634 7717 7715
f 7717 7718 7719 7715
f 7717 3634 3632 3631
f 7717 3631 7720 7718
f 7720 7721 7722 7718
f 7720 3631 3629 3628
f 7720 3628 7723 7721
f 7723 7724 7725 7721
f 7723 3628 3626 3625
f 7723 3625 7726 7724
f 7726 7727 7728 7724
f 7726 3625 3622 3620
f 7726 3620 3618 7727
f 7728 7729 3545 7730
f 7728 7730 7725 7724
f 7728 7727 7731 7729
f 7731 7732 3550 7729
f 7731 7727 3618 3616
f 7731 3616 3614 7732
f 7732 3555 3551 3550
f 7732 3614 3612 3555
f 7730 3545 3541 3540
f 7730 3540 7733 7725
f 7733 3540 3536 3535
f 7733 3535 7734 7722
f 7733 7722 7721 7725
f 7734 3535 3531 3530
f 7734 3530 7735 7719
f 7734 7719 7718 7722
f 7735 3530 3526 3525
f 7735 3525 265 7716
f 7735 7716 7715 7719
f 7729 3550 3546 3545
f 7716 265 264 7713
f 3612 3560 3556 3555
f 3525 3521 266 265
f 3517 259 16 266
f 3513 3512 260 259
f 3486 578 577 3481
f 3478 3476 7736 206
f 7736 3476 3474 7737
f 7736 7737 252 251
f 7736 251 207 206
f 7737 3474 3473 7738
f 7737 7738 7739 252
f 7739 7738 7740 7741
f 7739 7741 7742 7743
f 7739 7743 253 252
f 7743 7742 7744 3322
f 7743 3322 254 253
f 7744 7742 7745 7746
f 7744 7746 7747 3325
f 7744 3325 3323 3322
f 7747 7746 7748 7749
f 7747 7749 7750 7751
f 7747 7751 3326 3325
f 7751 7750 7752 3331
f 7751 3331 3327 3326
f 7752 7750 7753 7754
f 7752 7754 3336 3334
f 7752 3334 3332 3331
f 7754 7753 7755 7756
f 7754 7756 3338 3336
f 7756 7755 7757 7758
f 7756 7758 7759 3338
f 7759 7758 7760 7761
f 7759 7761 7762 3341
f 7759 3341 3339 3338
f 7762 7761 7763 7764
f 7762 7764 7765 7766
f 7762 7766 3342 3341
f 7766 7765 7767 7768
f 7766 7768 3343 3342
f 7768 7767 7769 7770
f 7768 7770 3345 3343
f 7770 7769 7771 7772
f 7770 7772 3347 3345
f 7772 7771 7773 7774
f 7772 7774 7775 3347
f 7775 7774 7776 7777
f 7775 7777 7778 3350
f 7775 3350 3348 3347
f 7778 7777 7779 7780
f 7778 7780 7781 7782
f 7778 7782 3351 3350
f 7782 7781 7783 7784
f 7782 7784 3352 3351
f 7784 7783 3464 3463
f 7784 3463 3354 3352
f 7783 7781 7785 7786
f 7783 7786 3465 3464
f 7786 7785 7787 7788
f 7786 7788 3467 3465
f 7788 7787 7789 7790
f 7788 7790 3469 3467
f 7790 7789 7791 7792
f 7790 7792 7793 3469
f 7793 7792 7794 7795
f 7793 7795 7740 3472
f 7793 3472 3470 3469
f 7795 7794 7796 7797
f 7795 7797 7741 7740
f 7797 7796 7798 7745
f 7797 7745 7742 7741
f 7798 7796 7799 7800
f 7798 7800 7801 7748
f 7798 7748 7746 7745
f 7801 7800 7802 7803
f 7801 7803 7804 7805
f 7801 7805 7749 7748
f 7805 7804 7755 7753
f 7805 7753 7750 7749
f 7804 7803 7806 7807
f 7804 7807 7757 7755
f 7807 7806 7808 7809
f 7807 7809 7810 7757
f 7810 7809 7811 7812
f 7810 7812 7813 7760
f 7810 7760 7758 7757
f 7813 7812 7814 7815
f 7813 7815 7816 7763
f 7813 7763 7761 7760
f 7816 7815 7817 7818
f 7816 7818 7819 7820
f 7816 7820 7764 7763
f 7820 7819 7821 7822
f 7820 7822 7765 7764
f 7822 7821 7823 7824
f 7822 7824 7767 7765
f 7824 7823 7825 7826
f 7824 7826 7769 7767
f 7826 7825 7827 7828
f 7826 7828 7771 7769
f 7828 7827 7829 7830
f 7828 7830 7773 7771
f 7830 7829 7831 7832
f 7830 7832 7833 7773
f 7833 7832 7834 7835
f 7833 7835 7836 7776
f 7833 7776 7774 7773
f 7836 7835 7837 7838
f 7836 7838 7839 7779
f 7836 7779 7777 7776
f 7839 7838 7840 7841
f 7839 7841 7842 7843
f 7839 7843 7780 7779
f 7843 7842 7787 7785
f 7843 7785 7781 7780
f 7842 7841 7844 7845
f 7842 7845 7789 7787
f 7845 7844 7846 7847
f 7845 7847 7791 7789
f 7847 7846 7848 7849
f 7847 7849 7850 7791
f 7850 7849 7851 7799
f 7850 7799 7796 7794
f 7850 7794 7792 7791
f 7851 7849 7848 7852
f 7851 7852 7853 7802
f 7851 7802 7800 7799
f 7853 7852 7854 7855
f 7853 7855 7808 7806
f 7853 7806 7803 7802
f 7855 7854 7856 7857
f 7855 7857 7858 7808
f 7858 7857 7859 7860
f 7858 7860 7861 7811
f 7858 7811 7809 7808
f 7861 7860 7862 7863
f 7861 7863 7864 7814
f 7861 7814 7812 7811
f 7864 7863 7865 7866
f 7864 7866 7867 7817
f 7864 7817 7815 7814
f 7867 7866 559 556
f 7867 556 555 7868
f 7867 7868 7818 7817
f 7868 555 7869 7870
f 7868 7870 7819 7818
f 7870 7869 7871 7872
f 7870 7872 7821 7819
f 7872 7871 7873 7874
f 7872 7874 7823 7821
f 7874 7873 7875 7876
f 7874 7876 7825 7823
f 7876 7875 7877 7878
f 7876 7878 7827 7825
f 7878 7877 7879 7880
f 7878 7880 7829 7827
f 7880 7879 7881 7882
f 7880 7882 7831 7829
f 7882 7881 7883 7884
f 7882 7884 7885 7831
f 7885 7884 7886 7887
f 7885 7887 7888 7834
f 7885 7834 7832 7831
f 7888 7887 7889 7890
f 7888 7890 7891 7837
f 7888 7837 7835 7834
f 7891 7890 7892 7893
f 7891 7893 7894 7840
f 7891 7840 7838 7837
f 7894 7893 7895 7896
f 7894 7896 7846 7844
f 7894 7844 7841 7840
f 7896 7895 7897 7898
f 7896 7898 7848 7846
f 7898 7897 7856 7854
f 7898 7854 7852 7848
f 7897 7895 7899 7900
f 7897 7900 7901 7856
f 7901 7900 7902 7903
f 7901 7903 7904 7859
f 7901 7859 7857 7856
f 7904 7903 7905 7906
f 7904 7906 7907 7862
f 7904 7862 7860 7859
f 7907 7906 782 7908
f 7907 7908 7909 7865
f 7907 7865 7863 7862
f 7909 7908 7910 7911
f 7909 7911 557 559
f 7909 559 7866 7865
f 7911 7910 7912 7913
f 7911 7913 558 557
f 7913 7912 7914 7915
f 7913 7915 7916 558
f 7916 7915 7917 7918
f 7916 7918 7919 7920
f 7916 7920 554 558
f 7920 7919 7871 7869
f 7920 7869 555 554
f 7919 7918 7921 7922
f 7919 7922 7873 7871
f 7922 7921 657 656
f 7922 656 7875 7873
f 7921 7918 7917 7923
f 7921 7923 660 657
f 7923 7924 730 660
f 7923 7917 7925 7924
f 7925 7926 7927 7924
f 7925 7917 7915 7914
f 7925 7914 7928 7926
f 7928 7929 7930 7926
f 7928 7914 7912 783
f 7928 783 780 7929
f 7930 7931 7927 7926
f 7930 7929 7932 7933
f 7930 7933 7934 7931
f 7934 7935 732 7931
f 7934 7933 7936 7937
f 7934 7937 7886 7935
f 7937 7936 7938 7889
f 7937 7889 7887 7886
f 7938 7936 7939 7940
f 7938 7940 7899 7892
f 7938 7892 7890 7889
f 7940 7939 7941 7902
f 7940 7902 7900 7899
f 7941 7939 7932 779
f 7941 779 778 7905
f 7941 7905 7903 7902
f 7939 7936 7933 7932
f 7935 7883 733 732
f 7935 7886 7884 7883
f 7932 7929 780 779
f 7931 732 731 7927
f 7927 731 730 7924
f 7912 7910 781 783
f 7910 7908 782 781
f 7906 7905 778 782
f 7899 7895 7893 7892
f 7883 7881 734 733
f 7881 7879 659 734
f 7879 7877 655 659
f 7877 7875 656 655
f 7740 7738 3473 3472
f 3463 3458 3356 3354
f 3317 3316 257 256
f 3299 3298 682 681
f 3244 3240 3239 828
f 3163 647 646 3158
f 3155 3153 843 842
f 3137 581 582 899
f 3061 3060 10 219
f 3060 3058 3057 7942
f 3060 7942 220 10
f 7942 3057 7943 7944
f 7942 7944 2981 220
f 7944 7943 7945 2984
f 7944 2984 2982 2981
f 7945 7943 3054 7946
f 7945 7946 7947 2987
f 7945 2987 2985 2984
f 7947 7946 7948 7949
f 7947 7949 7950 2990
f 7947 2990 2988 2987
f 7950 7949 7951 7952
f 7950 7952 7953 2993
f 7950 2993 2991 2990
f 7953 7952 7954 7955
f 7953 7955 7956 2996
f 7953 2996 2994 2993
f 7956 7955 7957 7958
f 7956 7958 7959 2999
f 7956 2999 2997 2996
f 7959 7958 7960 7961
f 7959 7961 7962 3002
f 7959 3002 3000 2999
f 7962 7961 7963 7964
f 7962 7964 7965 3005
f 7962 3005 3003 3002
f 7965 7964 7966 7967
f 7965 7967 7968 3008
f 7965 3008 3006 3005
f 7968 7967 7969 7970
f 7968 7970 3013 3011
f 7968 3011 3009 3008
f 7970 7969 7971 7972
f 7970 7972 3015 3013
f 7972 7971 7973 3021
f 7972 3021 3019 3015
f 7973 7971 7974 7975
f 7973 7975 7976 3024
f 7973 3024 3022 3021
f 7976 7975 1024 1023
f 7976 1023 1027 3027
f 7976 3027 3025 3024
f 7975 7974 7977 1024
f 7977 7978 1025 1024
f 7977 7974 7979 7980
f 7977 7980 7981 7978
f 7981 3034 3032 7978
f 7981 7980 7982 7983
f 7981 7983 7984 3034
f 7984 3037 3035 3034
f 7984 7983 7985 7986
f 7984 7986 7987 3037
f 7987 3040 3038 3037
f 7987 7986 7988 7989
f 7987 7989 7990 3040
f 7990 3043 3041 3040
f 7990 7989 7991 7992
f 7990 7992 7993 3043
f 7993 3046 3044 3043
f 7993 7992 7994 7995
f 7993 7995 3048 3046
f 7995 7994 7951 7996
f 7995 7996 3050 3048
f 7996 7951 7949 7948
f 7996 7948 3052 3050
f 7994 7992 7991 7954
f 7994 7954 7952 7951
f 7991 7989 7988 7957
f 7991 7957 7955 7954
f 7988 7986 7985 7960
f 7988 7960 7958 7957
f 7985 7983 7982 7963
f 7985 7963 7961 7960
f 7982 7980 7979 7966
f 7982 7966 7964 7963
f 7979 7974 7971 7969
f 7979 7969 7967 7966
f 7978 3032 1028 1025
f 7948 7946 3054 3052
f 7943 3057 3055 3054
f 2981 2979 221 220
f 2976 2974 215 221
f 2974 2973 216 215
f 2927 2624 2622 2621
f 2887 724 721 2884
f 2880 2878 2877 2674
f 2880 2674 2672 2671
f 2877 2875 2874 2677
f 2877 2677 2675 2674
f 2874 2872 7997 2680
f 2874 2680 2678 2677
f 7997 2872 2870 7998
f 7997 7998 7999 2683
f 7997 2683 2681 2680
f 7999 7998 8000 8001
f 7999 8001 8002 2686
f 7999 2686 2684 2683
f 8002 8001 8003 8004
f 8002 8004 8005 2689
f 8002 2689 2687 2686
f 8005 8004 750 747
f 8005 747 746 2692
f 8005 2692 2690 2689
f 8004 8003 8006 750
f 8006 8007 8008 8009
f 8006 8009 751 750
f 8006 8003 8010 8007
f 8010 2866 2864 8007
f 8010 8003 8001 8000
f 8010 8000 2868 2866
f 8009 8011 752 751
f 8009 8008 8012 8011
f 8012 2861 2860 8013
f 8012 8013 8014 8011
f 8012 8008 2862 2861
f 8014 2839 2837 2836
f 8014 2836 752 8011
f 8014 8013 8015 2839
f 8015 8016 8017 2842
f 8015 2842 2840 2839
f 8015 8013 2860 8016
f 8017 2851 2849 2845
f 8017 2845 2843 2842
f 8017 8016 2857 2851
f 8016 2860 2858 2857
f 8008 8007 2864 2862
f 8000 7998 2870 2868
f 2857 2854 2852 2851
f 2836 2834 753 752
f 2783 2701 2699 2698
f 2779 2704 2702 2701
f 2775 2707 2705 2704
f 2771 2710 2708 2707
f 2767 2713 2711 2710
f 2763 2716 2714 2713
f 2759 2719 2717 2716
f 2755 2722 2720 2719
f 2751 2725 2723 2722
f 2747 2728 2726 2725
f 2743 2731 2729 2728
f 2695 2693 2692 746
f 2621 2619 510 512
f 2619 2617 511 510
f 2532 2528 2524 2523
f 2427 873 870 2422
f 2416 2415 411 410
f 2208 2207 196 195
f 2207 2205 2187 2185
f 2207 2185 2184 196
f 2184 2183 197 196
f 2137 2132 2130 2129
f 2103 2095 2091 2090
f 2064 586 589 2059
f 2055 2054 589 588
f 2035 194 2030 2029
f 2005 466 465 2000
f 1991 1989 145 151
f 1986 1985 148 147
f 1960 1957 549 548
f 1948 1936 1932 1931
f 1945 1941 1937 1936
f 1905 469 464 1900
f 1891 461 136 135
f 1870 1869 891 895
f 1869 1868 892 891
f 1856 1854 888 890
f 1854 1853 889 888
f 1852 1849 1847 1846
f 1740 1649 1645 1644
f 1643 1198 1638 1637
f 1638 1198 1196 1195
f 1638 1195 1633 1632
f 1633 1195 1192 1191
f 1633 1191 1628 1627
f 1628 1191 1189 8018
f 1628 8018 1625 1624
f 8018 1189 1187 8019
f 8018 8019 8020 1625
f 8020 8019 8021 8022
f 8020 8022 776 775
f 8020 775 777 1625
f 8022 8021 1180 8023
f 8022 8023 8024 776
f 8024 8023 1175 8025
f 8024 8025 8026 8027
f 8024 8027 772 776
f 8027 8026 8028 1619
f 8027 1619 773 772
f 8028 8026 8029 8030
f 8028 8030 8031 1615
f 8028 1615 1614 1619
f 8031 8030 8032 8033
f 8031 8033 8034 1610
f 8031 1610 1609 1615
f 8034 8033 8035 8036
f 8034 8036 8037 1605
f 8034 1605 1604 1610
f 8037 8036 8038 8039
f 8037 8039 8040 1600
f 8037 1600 1599 1605
f 8040 8039 8041 8042
f 8040 8042 8043 1595
f 8040 1595 1594 1600
f 8043 8042 8044 8045
f 8043 8045 8046 1590
f 8043 1590 1589 1595
f 8046 8045 8047 8048
f 8046 8048 8049 1585
f 8046 1585 1584 1590
f 8049 8048 8050 8051
f 8049 8051 8052 1580
f 8049 1580 1579 1585
f 8052 8051 8053 8054
f 8052 8054 8055 1575
f 8052 1575 1574 1580
f 8055 8054 8056 8057
f 8055 8057 8058 1570
f 8055 1570 1569 1575
f 8058 8057 8059 8060
f 8058 8060 8061 1565
f 8058 1565 1564 1570
f 8061 8060 8062 8063
f 8061 8063 8064 1560
f 8061 1560 1559 1565
f 8064 8063 8065 8066
f 8064 8066 8067 1555
f 8064 1555 1554 1560
f 8067 8066 8068 8069
f 8067 8069 8070 1550
f 8067 1550 1549 1555
f 8070 8069 8071 8072
f 8070 8072 8073 1545
f 8070 1545 1544 1550
f 8073 8072 8074 8075
f 8073 8075 8076 1540
f 8073 1540 1539 1545
f 8076 8075 8077 8078
f 8076 8078 8079 1535
f 8076 1535 1534 1540
f 8079 8078 8080 8081
f 8079 8081 8082 1530
f 8079 1530 1529 1535
f 8082 8081 8083 8084
f 8082 8084 8085 1525
f 8082 1525 1524 1530
f 8085 8084 8086 8087
f 8085 8087 8088 1520
f 8085 1520 1519 1525
f 8088 8087 8089 8090
f 8088 8090 8091 1515
f 8088 1515 1514 1520
f 8091 8090 8092 8093
f 8091 8093 8094 1510
f 8091 1510 1509 1515
f 8094 8093 8095 8096
f 8094 8096 8097 1506
f 8094 1506 1505 1510
f 8097 8096 8098 8099
f 8097 8099 8100 1501
f 8097 1501 1500 1506
f 8100 8099 8101 8102
f 8100 8102 8103 1497
f 8100 1497 1496 1501
f 8103 8102 8104 8105
f 8103 8105 627 626
f 8103 626 1494 1497
f 8105 8104 771 770
f 8105 770 628 627
f 8104 8106 8107 771
f 8104 8102 8101 8106
f 8107 1053 1052 1453
f 8107 1453 765 771
f 8107 8106 8108 1053
f 8108 1057 1054 1053
f 8108 8106 8101 8109
f 8108 8109 8110 1057
f 8110 1062 1058 1057
f 8110 8109 8098 8111
f 8110 8111 8112 1062
f 8112 1067 1063 1062
f 8112 8111 8095 8113
f 8112 8113 8114 1067
f 8114 1072 1068 1067
f 8114 8113 8092 8115
f 8114 8115 8116 1072
f 8116 1077 1073 1072
f 8116 8115 8089 8117
f 8116 8117 8118 1077
f 8118 1082 1078 1077
f 8118 8117 8086 8119
f 8118 8119 8120 1082
f 8120 1087 1083 1082
f 8120 8119 8083 8121
f 8120 8121 8122 1087
f 8122 1092 1088 1087
f 8122 8121 8080 8123
f 8122 8123 8124 1092
f 8124 1095 1093 1092
f 8124 8123 8077 8125
f 8124 8125 1097 1095
f 8125 8077 8075 8074
f 8125 8074 8126 1097
f 8126 1101 1098 1097
f 8126 8074 8072 8071
f 8126 8071 8127 1101
f 8127 1106 1102 1101
f 8127 8071 8069 8068
f 8127 8068 8128 1106
f 8128 1111 1107 1106
f 8128 8068 8066 8065
f 8128 8065 8129 1111
f 8129 1116 1112 1111
f 8129 8065 8063 8062
f 8129 8062 8130 1116
f 8130 1121 1117 1116
f 8130 8062 8060 8059
f 8130 8059 8131 1121
f 8131 1126 1122 1121
f 8131 8059 8057 8056
f 8131 8056 8132 1126
f 8132 1131 1127 1126
f 8132 8056 8054 8053
f 8132 8053 8133 1131
f 8133 1136 1132 1131
f 8133 8053 8051 8050
f 8133 8050 8134 1136
f 8134 1141 1137 1136
f 8134 8050 8048 8047
f 8134 8047 8135 1141
f 8135 1144 1142 1141
f 8135 8047 8045 8044
f 8135 8044 1146 1144
f 8123 8080 8078 8077
f 8121 8083 8081 8080
f 8119 8086 8084 8083
f 8117 8089 8087 8086
f 8115 8092 8090 8089
f 8113 8095 8093 8092
f 8111 8098 8096 8095
f 8109 8101 8099 8098
f 8044 8042 8041 1146
f 8041 1150 1147 1146
f 8041 8039 8038 1150
f 8038 1155 1151 1150
f 8038 8036 8035 1155
f 8035 1160 1156 1155
f 8035 8033 8032 1160
f 8032 1165 1161 1160
f 8032 8030 8029 1165
f 8029 1170 1166 1165
f 8029 8026 8025 1170
f 8025 1175 1171 1170
f 8023 1180 1176 1175
f 8021 1185 1181 1180
f 8021 8019 1187 1185
f 1511 1507 235 234
f 1503 1502 232 235
f 1502 1498 1486 1484
f 1502 1484 233 232
f 1435 1432 1430 1429
f 1421 1420 1019 1018
f 1411 728 727 1406
f 1336 1334 425 428
f 1330 1328 429 427
f 1286 1284 1275 1273
f 1269 1266 1264 1263
f 1256 325 323 621
f 1256 547 328 325
f 1246 1245 321 324
f 1245 622 322 321
f 1211 337 336 1206
f 1154 760 759 1149
f 1046 1043 566 565
f 1043 1042 568 566
f 1037 1036 1031 1030
f 1014 1013 638 637
f 1006 1005 1004 1003
f 980 362 360 976
f 977 976 360 359
f 960 959 302 304
f 923 922 915 914
f 863 610 609 401
f 769 768 764 763
f 769 763 623 628
f 734 659 658 729
f 730 729 658 660
f 609 608 402 401
f 573 572 149 144
f 534 533 344 343
f 522 287 286 518
f 519 518 286 288
f 491 490 204 203
f 8136 2106 2105 2108
f 268 269 270 271
f 40 450 451 444
f 8136 2108 405 404
f 2108 2107 405
f 2153 2152 2101
f 2152 2098 2097 2101
f 66 608 605 604

 