# File exported by ZBrush version 2026
# www.zbrush.com
g ZBrushPolyMesh3D
#Vertex Count 12355
#Face Count 12355
#Auto scale x=1.000000 y=1.000000 z=1.000000
#Auto offset x=0.000000 y=0.000000 z=0.000000
v -0.68752431 0.62307143 0.16744226
v -0.67436528 0.28066346 0.20870524
v -0.67277908 0.48111245 0.35150611
v -0.67262053 0.28106713 0.2088142
v -0.6748979 0.4850561 0.3410381
v -0.67512887 0.29082891 0.20989032
v -0.67799466 0.48119926 0.3509134
v -0.64159888 0.68803399 0.01102553
v -0.68458396 0.89616322 0.03324417
v -0.74201583 0.88273376 0.06998093
v -0.6765061 0.28961017 0.20886248
v -0.64957392 0.66033095 0.11398962
v -0.73672181 0.76406437 0.07815035
v -0.66421634 0.65173405 0.17740425
v -0.67259305 0.63035434 0.19840827
v -0.69143158 0.61981135 0.19047047
v -0.66315639 0.64445453 0.14834334
v -0.65318411 0.67334926 0.14960125
v -0.71029347 0.63902038 0.19411194
v -0.71637481 0.66043049 0.17028555
v -0.67221397 0.28766027 0.2064448
v -0.67707818 0.28673446 0.20707602
v -0.67756801 0.28837391 0.2034704
v -0.68237471 0.49144181 0.34530165
v -0.67995095 0.49270981 0.34877827
v -0.67533689 0.48542922 0.35389033
v -0.67487496 0.49336811 0.35430014
v -0.67266988 0.48644909 0.35628303
v -0.67390579 0.28935357 0.20310035
v -0.67085677 0.50524747 0.33223268
v -0.66961789 0.50603139 0.33487534
v -0.67692023 0.48406949 0.34293764
v -0.6714046 0.29143941 0.20829898
v -0.67061436 0.2919003 0.20933388
v -0.67749995 0.30215206 0.20878936
v -0.6791886 0.30096131 0.20720215
v -0.68064606 0.30033099 0.20511232
v -0.67715162 0.49414536 0.35197156
v -0.66888338 0.51350808 0.33682027
v -0.66945695 0.50996822 0.34196651
v -0.67166894 0.51130455 0.34597665
v -0.67639905 0.51194894 0.34851476
v -0.64595139 0.71579855 0.01598597
v -0.64052736 0.7041583 0.04462065
v -0.63645458 0.67480164 0.03002146
v -0.64029032 0.65552341 0.00999508
v -0.6488018 0.6858263 -0.00913666
v -0.65795314 0.72440481 -0.00905333
v -0.68669158 0.88091188 0.01851168
v -0.70683562 0.88597166 0.01710789
v -0.6972084 0.90401601 0.03731089
v -0.66693443 0.89502161 0.04581297
v -0.66271883 0.87386053 0.02911413
v -0.6763544 0.90859472 0.05895016
v -0.73375022 0.8783887 0.08620367
v -0.72774177 0.8952133 0.08978362
v -0.74211657 0.89626842 0.06679323
v -0.75459063 0.87824511 0.04576678
v -0.74867963 0.866921 0.0578099
v -0.74047356 0.85728764 0.07507835
v -0.68116825 0.29951852 0.2023455
v -0.67391377 0.3004606 0.20051135
v -0.67258065 0.30104252 0.20277562
v -0.67203551 0.30123144 0.20500546
v -0.64065641 0.6880052 0.07640077
v -0.63893199 0.71447187 0.08933413
v -0.64475232 0.69273895 0.12195801
v -0.67216372 0.61487561 0.15404622
v -0.65964001 0.61666154 0.13554738
v -0.64127326 0.639903 0.08810181
v -0.63703501 0.66150707 0.05783556
v -0.64850568 0.60679215 0.11529103
v -0.73466265 0.78380429 0.0864
v -0.74184548 0.79403495 0.06750873
v -0.74159497 0.76404601 0.06232392
v -0.73805385 0.73734778 0.0680053
v -0.73411095 0.74787712 0.08725819
v -0.72932636 0.76834893 0.10365737
v -0.7304396 0.72989565 0.10140833
v -0.72564262 0.7492308 0.11932495
v -0.72013068 0.7700389 0.13543391
v -0.72444713 0.79215616 0.11758945
v -0.73075622 0.80838668 0.09835712
v -0.73823165 0.82104086 0.07911145
v -0.71798175 0.81346201 0.13131097
v -0.7245019 0.83202642 0.11201635
v -0.73223054 0.84657263 0.09305117
v -0.74633902 0.83113318 0.06026676
v -0.7170996 0.85091322 0.12358115
v -0.72477001 0.86710917 0.1050677
v -0.7076919 0.866975 0.13233071
v -0.71581244 0.88399535 0.11167776
v -0.69486337 0.88002497 0.13838329
v -0.7064147 0.89929854 0.11499048
v -0.72302103 0.90959864 0.08940757
v -0.74233204 0.90730267 0.06331918
v -0.69440031 0.91031509 0.11350655
v -0.71313673 0.91932457 0.08470649
v -0.73389732 0.91647607 0.05577263
v -0.75047671 0.89513546 0.0277146
v -0.75870621 0.8886066 0.0380876
v -0.70014947 0.92269814 0.07609339
v -0.72105181 0.91836386 0.0473642
v -0.73819083 0.89557915 0.02168641
v -0.70955687 0.91080248 0.04190668
v -0.72360855 0.89090472 0.01885433
v -0.73095417 0.86127913 -0.00255148
v -0.74711769 0.86311858 -0.00131554
v -0.76009422 0.86195391 0.0039804
v -0.76663994 0.85621833 0.01613428
v -0.75041836 0.82310193 -0.02153138
v -0.76371926 0.82103735 -0.01531826
v -0.76616406 0.81638425 -0.00153382
v -0.76185464 0.81124538 0.01307799
v -0.76097279 0.84844958 0.02795589
v -0.76089787 0.77298831 -0.02884314
v -0.76140981 0.77100181 -0.01333844
v -0.75820875 0.76902312 0.00291922
v -0.75339943 0.76733607 0.02053176
v -0.75594711 0.80632454 0.02895602
v -0.75225776 0.72288721 -0.01610603
v -0.75070452 0.72561085 0.00245698
v -0.74694299 0.72973406 0.0232407
v -0.74261081 0.73337507 0.0463139
v -0.74756032 0.76599049 0.04084574
v -0.74215024 0.68920207 0.0152916
v -0.73992049 0.69663351 0.03686728
v -0.73727655 0.70503139 0.06056928
v -0.73449349 0.7152251 0.0815795
v -0.73420614 0.66949188 0.05893496
v -0.73215293 0.6810286 0.0817973
v -0.72986275 0.69337052 0.10107786
v -0.72660851 0.70820313 0.11953304
v -0.72615563 0.65924876 0.10990136
v -0.72382688 0.66691523 0.12953677
v -0.7226094 0.68618637 0.1412059
v -0.71917367 0.70403724 0.15654903
v -0.7224574 0.72670042 0.1368369
v -0.71543067 0.68145495 0.18005634
v -0.71123272 0.65739476 0.20408737
v -0.70896899 0.67196214 0.21651439
v -0.71190625 0.69772356 0.19387157
v -0.71446394 0.72196525 0.17293255
v -0.71691304 0.74586224 0.15401737
v -0.70696437 0.71142393 0.20896291
v -0.70837265 0.73811394 0.18964438
v -0.71027422 0.76374024 0.1703843
v -0.71330833 0.78941559 0.15098635
v -0.70217299 0.75043088 0.20438623
v -0.7031967 0.77833032 0.184537
v -0.70595979 0.80523502 0.16427104
v -0.71074742 0.82957869 0.14330807
v -0.69586139 0.7898435 0.19673112
v -0.69758486 0.81835794 0.17534147
v -0.70163524 0.84424042 0.15386644
v -0.68624424 0.82939636 0.18494467
v -0.68961912 0.85692989 0.16188494
v -0.67145389 0.83660662 0.19084511
v -0.67379993 0.8665055 0.16653132
v -0.68040204 0.89161706 0.14087659
v -0.65671539 0.86445033 0.15976735
v -0.66507029 0.89104878 0.13275449
v -0.68007814 0.91179806 0.10524004
v -0.64844143 0.88911497 0.12409927
v -0.66656655 0.90826237 0.09528152
v -0.68835574 0.91681361 0.06821498
v -0.65332126 0.89950341 0.08218664
v -0.63642019 0.87900441 0.10976122
v -0.62757897 0.86366581 0.09298127
v -0.6435948 0.88393539 0.06609945
v -0.62431788 0.84302496 0.07502666
v -0.63995248 0.86180877 0.04846233
v -0.62835991 0.81569159 0.055488
v -0.64382582 0.83290863 0.02951172
v -0.66513413 0.84529119 0.01160348
v -0.68887621 0.85331034 0.0016671
v -0.65364342 0.79804652 0.01257657
v -0.67235124 0.81003922 -0.00571846
v -0.69422715 0.81847477 -0.01558738
v -0.71568709 0.82284522 -0.01999473
v -0.71168369 0.85806971 -0.00197839
v -0.67838078 0.77095764 -0.01831894
v -0.69853991 0.77639687 -0.03032627
v -0.71710026 0.77725726 -0.03720539
v -0.73376447 0.77656072 -0.039469
v -0.73392367 0.82359784 -0.02178007
v -0.69107836 0.72996485 -0.04148525
v -0.70869731 0.7273367 -0.04838798
v -0.72601616 0.72432839 -0.0500213
v -0.74169105 0.72165572 -0.04494061
v -0.74946939 0.77466893 -0.03671556
v -0.69305288 0.6774922 -0.04464065
v -0.71111971 0.67408329 -0.04204177
v -0.7278341 0.67171639 -0.03553756
v -0.73817712 0.67490404 -0.02090371
v -0.7512204 0.72124332 -0.03326444
v -0.6995157 0.63349813 -0.02269106
v -0.71672701 0.63593286 -0.01416637
v -0.72845089 0.6425473 0.0007722
v -0.7345044 0.65142357 0.01852675
v -0.74246758 0.68166267 -0.00354515
v -0.71408808 0.60759162 0.00909643
v -0.72449195 0.61677259 0.02492676
v -0.72967511 0.62686556 0.04335393
v -0.730291 0.63728559 0.06459921
v -0.73565244 0.66039812 0.03730256
v -0.72354584 0.59470862 0.05121861
v -0.72600287 0.60678798 0.07148259
v -0.7244066 0.6176455 0.09435578
v -0.72128593 0.62917333 0.11833428
v -0.72844302 0.64792984 0.08874759
v -0.72165137 0.58800774 0.09951977
v -0.71794629 0.59899991 0.12173417
v -0.70864063 0.61095762 0.14713783
v -0.71675908 0.56566315 0.12058212
v -0.71233332 0.57390165 0.1396694
v -0.70482361 0.58040005 0.1573458
v -0.68627399 0.58338415 0.16600915
v -0.70814579 0.54205012 0.15246728
v -0.70059287 0.54652869 0.16648538
v -0.68886143 0.54901802 0.17631262
v -0.67276078 0.54759961 0.17080618
v -0.66821044 0.58196604 0.15614309
v -0.6980586 0.50888246 0.17553485
v -0.6880424 0.51096475 0.18450972
v -0.67406052 0.50937151 0.18101646
v -0.66428315 0.50577879 0.16961121
v -0.65958946 0.54315358 0.15857809
v -0.68777102 0.47099885 0.19025147
v -0.67654013 0.47005289 0.186029
v -0.66801577 0.46762704 0.17630158
v -0.66500371 0.4641425 0.16430874
v -0.65998691 0.50030642 0.15509076
v -0.67775917 0.43276283 0.18909238
v -0.67200422 0.43120649 0.18121834
v -0.66967326 0.4287281 0.17179712
v -0.67156714 0.42583215 0.16218078
v -0.66727906 0.46007537 0.15154698
v -0.67425108 0.39741066 0.18726168
v -0.6729235 0.39560744 0.18013332
v -0.67449116 0.39342868 0.17315192
v -0.678662 0.39144474 0.16731548
v -0.67666602 0.42295914 0.15410146
v -0.6740815 0.36556446 0.18810086
v -0.67564439 0.36401242 0.18291845
v -0.67869252 0.36242067 0.17845384
v -0.68300807 0.36109644 0.175618
v -0.68442285 0.38966774 0.16320319
v -0.67510092 0.33869481 0.19062024
v -0.67780137 0.33741664 0.18725332
v -0.68124544 0.33637547 0.18474069
v -0.68533158 0.33565846 0.18367578
v -0.68824714 0.3601571 0.17460355
v -0.6761403 0.31727916 0.19402305
v -0.6790744 0.31629812 0.19217298
v -0.68239742 0.31566262 0.19129359
v -0.68484377 0.31589263 0.19341377
v -0.68898129 0.33596202 0.18602693
v -0.67625224 0.29966068 0.1986664
v -0.67862838 0.29879808 0.19769299
v -0.68057745 0.29892283 0.19946348
v -0.68557059 0.31669145 0.19667691
v -0.67450672 0.28526735 0.20389284
v -0.68507379 0.31766951 0.20009641
v -0.68941104 0.33850044 0.19467203
v -0.68984043 0.33754617 0.1902111
v -0.69348841 0.36344429 0.18814955
v -0.69364714 0.36156737 0.18257874
v -0.69267863 0.36050382 0.17729933
v -0.69804489 0.39221721 0.17233233
v -0.69647204 0.3895663 0.16545917
v -0.69135183 0.38816466 0.1612482
v -0.70019626 0.42072388 0.15140231
v -0.69433087 0.41828799 0.14552132
v -0.6847428 0.42014864 0.14792665
v -0.69751423 0.44967639 0.12963201
v -0.68470525 0.45192381 0.13234739
v -0.67387396 0.45575815 0.14007805
v -0.68500357 0.48196482 0.11601593
v -0.67092496 0.4866409 0.12499629
v -0.66186356 0.49336016 0.13914379
v -0.66751778 0.5146138 0.10699192
v -0.65759712 0.52417606 0.12299758
v -0.65375417 0.53437209 0.14103184
v -0.65242105 0.55108445 0.1014837
v -0.64941078 0.56458753 0.1199031
v -0.65568292 0.57584095 0.13918437
v -0.64285719 0.59185493 0.09354952
v -0.64622676 0.57554137 0.07509299
v -0.64248812 0.59934157 0.04631546
v -0.63712954 0.61806917 0.06501256
v -0.64475607 0.62194705 0.01880671
v -0.63603687 0.63806963 0.03608914
v -0.64972114 0.64668881 -0.00763463
v -0.66281616 0.64028638 -0.01913407
v -0.67538559 0.68261659 -0.03937001
v -0.66080039 0.68597942 -0.02714195
v -0.65771687 0.61100345 0.00662026
v -0.67594122 0.60540223 0.00113462
v -0.680399 0.63522189 -0.02443953
v -0.65737444 0.58696311 0.0340425
v -0.67663127 0.58008658 0.0272715
v -0.69752311 0.57733428 0.02485913
v -0.69568252 0.60347688 0.00083648
v -0.6593787 0.56302535 0.06051633
v -0.67941099 0.55672633 0.05239785
v -0.70070725 0.55408543 0.04966918
v -0.71693843 0.56190633 0.05952369
v -0.71551668 0.58315783 0.0336021
v -0.68211716 0.53316885 0.07577053
v -0.70262068 0.53185701 0.07361328
v -0.71666359 0.54023277 0.0840578
v -0.7187469 0.55354332 0.101452
v -0.72155726 0.57502466 0.07797964
v -0.70287138 0.50721836 0.09469521
v -0.71404576 0.51508075 0.10507941
v -0.71459597 0.52623444 0.12067573
v -0.71273368 0.53551197 0.137011
v -0.71052938 0.48512801 0.12232437
v -0.71079593 0.49365276 0.13585129
v -0.70926392 0.50065243 0.14976683
v -0.7051059 0.50551956 0.16362352
v -0.70712095 0.45936328 0.14913016
v -0.70624405 0.46444675 0.16048607
v -0.70290845 0.46778091 0.17180033
v -0.69609266 0.46986883 0.18207573
v -0.7024182 0.42814499 0.17055282
v -0.69945496 0.43076354 0.17885097
v -0.69382876 0.43243426 0.18710406
v -0.68594294 0.43321833 0.19316361
v -0.69571906 0.39627376 0.18627992
v -0.69135832 0.39799618 0.19188636
v -0.68490159 0.39901912 0.19558738
v -0.67828494 0.39869478 0.19298438
v -0.68808317 0.3666355 0.19726224
v -0.6832003 0.3677532 0.19945694
v -0.67787241 0.36786598 0.19783984
v -0.67451328 0.3670091 0.19353015
v -0.68085932 0.34149891 0.2033972
v -0.67658925 0.34163755 0.20251166
v -0.67418491 0.3409267 0.19894443
v -0.67365175 0.34001973 0.19462423
v -0.67483955 0.32066997 0.20601764
v -0.67306995 0.320003 0.20321768
v -0.6730284 0.31920644 0.19990827
v -0.67407035 0.31837028 0.19672536
v -0.67161303 0.30189475 0.20733259
v -0.67344152 0.30327913 0.20972581
v -0.67812866 0.32061341 0.2067604
v -0.67600554 0.30696302 0.20908224
v -0.68134778 0.3197748 0.20569586
v -0.68479943 0.34101161 0.20180466
v -0.68777084 0.33979472 0.19865936
v -0.68369954 0.31875419 0.20322841
v -0.69150078 0.36508315 0.19302919
v -0.69773197 0.39434939 0.1796085
v -0.70244592 0.4250133 0.16152118
v -0.7056232 0.45301261 0.1371544
v -0.70100325 0.47962522 0.11288528
v -0.68408882 0.5084331 0.09677159
v -0.66411846 0.54007804 0.0858668
v -0.67369955 0.72962415 -0.02806248
v -0.66038554 0.76107382 -0.00028883
v -0.63919472 0.78342098 0.03751773
v -0.64680349 0.74845564 0.02471141
v -0.63157534 0.76624697 0.06843318
v -0.63965743 0.73366099 0.05525545
v -0.63099813 0.74383336 0.10287171
v -0.62164729 0.7946245 0.08689738
v -0.62177008 0.768655 0.12072625
v -0.62670105 0.73965203 0.15122678
v -0.63603496 0.71838414 0.13451285
v -0.63505566 0.71168506 0.17506127
v -0.64404594 0.69416368 0.16174486
v -0.64304721 0.68557828 0.19763173
v -0.65307349 0.6700229 0.18602515
v -0.650384 0.65887904 0.21757324
v -0.66035658 0.64515286 0.20713941
v -0.65653681 0.63505113 0.23605336
v -0.66573631 0.62378889 0.22595857
v -0.6768217 0.6133967 0.21746657
v -0.66943395 0.60166221 0.24600407
v -0.67886042 0.59339261 0.23873548
v -0.69076114 0.58776575 0.2342038
v -0.69109654 0.60685288 0.21234184
v -0.70086389 0.59464877 0.24080906
v -0.70471245 0.61649686 0.21887059
v -0.70372355 0.60588997 0.25051587
v -0.70744574 0.63094508 0.22908158
v -0.70395344 0.61649531 0.26049882
v -0.70588922 0.64443481 0.23945964
v -0.70211249 0.62467783 0.27018886
v -0.70305806 0.6548568 0.25096812
v -0.70494604 0.68384867 0.22978532
v -0.69944828 0.66199332 0.26271465
v -0.70044112 0.69272327 0.24291531
v -0.70163559 0.72165942 0.2232929
v -0.69529295 0.69986796 0.25588506
v -0.69577211 0.7301715 0.23647876
v -0.69569355 0.76009047 0.2170955
v -0.68849927 0.73737764 0.24845936
v -0.68757242 0.76855826 0.2289381
v -0.68623626 0.79948008 0.20765872
v -0.67379844 0.77272105 0.23600286
v -0.67172861 0.80497825 0.21439908
v -0.65805703 0.76982194 0.23381954
v -0.6550616 0.80237758 0.21153695
v -0.65388232 0.83466941 0.18676503
v -0.64017933 0.7956677 0.20438881
v -0.638453 0.82816427 0.1783811
v -0.64041966 0.85972988 0.15118059
v -0.62687271 0.81781762 0.16679528
v -0.62807458 0.84976625 0.13836507
v -0.61972236 0.80417954 0.15292654
v -0.62004512 0.83589452 0.12297114
v -0.61775821 0.78799599 0.13753427
v -0.61742198 0.81822097 0.10588245
v -0.62389624 0.77225685 0.18076619
v -0.62330973 0.7570523 0.16623482
v -0.63046819 0.74143433 0.20337678
v -0.63069629 0.72762554 0.18923826
v -0.63604855 0.71158105 0.22373384
v -0.6372779 0.69904595 0.21021105
v -0.64155739 0.68227618 0.24271883
v -0.64393043 0.67160743 0.22979342
v -0.64765089 0.65323698 0.26037395
v -0.65014499 0.64437997 0.24780307
v -0.65364623 0.62411612 0.27642947
v -0.65636491 0.61744207 0.26515418
v -0.66202467 0.60992467 0.25492367
v -0.66239678 0.59054756 0.28203716
v -0.66681319 0.5847789 0.2737807
v -0.67276686 0.57834559 0.26683789
v -0.67045563 0.56143826 0.29186305
v -0.67477428 0.5562936 0.28609851
v -0.68130368 0.5511021 0.28167638
v -0.68068206 0.57182204 0.2609708
v -0.68958699 0.548698 0.2804487
v -0.68970114 0.56683242 0.25731295
v -0.69500201 0.55290848 0.28489348
v -0.69728475 0.57293283 0.26327577
v -0.69815403 0.55943286 0.29126083
v -0.70113509 0.58156043 0.27145573
v -0.69930982 0.56493908 0.2978219
v -0.70184469 0.58972692 0.28003838
v -0.69868719 0.56969088 0.30469584
v -0.70085078 0.59632271 0.28824919
v -0.69643002 0.57364958 0.3113161
v -0.69823002 0.60181403 0.29725727
v -0.69895339 0.63141262 0.2808668
v -0.69442832 0.60560989 0.30633539
v -0.69472104 0.63690257 0.29203888
v -0.6947208 0.66850346 0.27501532
v -0.68911224 0.64080905 0.30198255
v -0.68872422 0.67394274 0.28600505
v -0.6886782 0.70612317 0.26759737
v -0.67817419 0.67660224 0.29282626
v -0.67711633 0.70899951 0.27426907
v -0.67591488 0.74066102 0.25539842
v -0.66397357 0.70629388 0.27225062
v -0.66141998 0.73773253 0.25335663
v -0.65233886 0.70028549 0.26533573
v -0.64897429 0.73130959 0.24641935
v -0.64470279 0.7630226 0.22666108
v -0.64000731 0.72250616 0.23627218
v -0.63538903 0.75324046 0.21612343
v -0.62982761 0.7851262 0.19363054
v -0.6447789 0.692038 0.25489494
v -0.65648108 0.66857516 0.2824499
v -0.64988982 0.6614899 0.27223596
v -0.66085636 0.63640219 0.29766503
v -0.65545493 0.63064801 0.28760474
v -0.66561114 0.60533273 0.31008788
v -0.66132676 0.60080093 0.3008888
v -0.66022831 0.59562641 0.29121908
v -0.66596168 0.57339745 0.31261184
v -0.66531777 0.56978869 0.30530121
v -0.66723901 0.56558924 0.29796844
v -0.66828507 0.54646778 0.31754332
v -0.6699211 0.5433622 0.31202232
v -0.67241334 0.54034239 0.30716344
v -0.6706863 0.52356499 0.32297679
v -0.67339342 0.52154099 0.3177554
v -0.67591458 0.51912206 0.31491145
v -0.6753512 0.53678333 0.30254975
v -0.67972064 0.51752907 0.31246051
v -0.68015867 0.53333354 0.29907822
v -0.68441826 0.52028352 0.3088141
v -0.68674683 0.53189206 0.29844263
v -0.68821597 0.5182259 0.31474453
v -0.69202208 0.53474986 0.30223685
v -0.69070118 0.51995945 0.31898677
v -0.69499886 0.53833121 0.3073191
v -0.69277858 0.52219158 0.32358393
v -0.69642067 0.54199224 0.3126505
v -0.69222909 0.52441376 0.3287588
v -0.69577592 0.54570829 0.3180966
v -0.69038713 0.52684986 0.33327868
v -0.69369399 0.54880428 0.32339713
v -0.6878069 0.52899938 0.33726638
v -0.69089865 0.55112397 0.3284637
v -0.69317722 0.57671558 0.31841445
v -0.68668007 0.55318278 0.3342773
v -0.68860143 0.57900673 0.32545462
v -0.68940001 0.60861295 0.31517115
v -0.68122124 0.58008092 0.32923376
v -0.68074631 0.61014366 0.32064491
v -0.67964041 0.64290219 0.30810263
v -0.67208612 0.60845983 0.31726062
v -0.66923439 0.6410737 0.30557435
v -0.66616916 0.67417323 0.29043376
v -0.67439109 0.57911855 0.32669895
v -0.66899544 0.57669985 0.32038652
v -0.67497181 0.55372804 0.33417451
v -0.6704154 0.55203026 0.32868409
v -0.66822451 0.54956561 0.32311442
v -0.67068231 0.53012675 0.33608555
v -0.66904604 0.52814072 0.33179947
v -0.66925817 0.52582722 0.32725906
v -0.67415118 0.53154552 0.34025681
v -0.68081253 0.55421066 0.3364523
v -0.67905074 0.5318793 0.34250709
v -0.68425184 0.53093063 0.34118357
v -0.68099194 0.5110045 0.34750524
v -0.68337643 0.5094515 0.34404704
v -0.68584495 0.50751286 0.34003159
v -0.68749153 0.50624972 0.33598083
v -0.68726879 0.50744956 0.32735753
v -0.68501198 0.5033102 0.32769581
v -0.68498587 0.50964921 0.31962916
v -0.718086 0.6377983 0.13499131
v -0.74952518 0.80093187 0.04763851
v -0.7542876 0.84014761 0.04275065
v 0.69632357 0.62349921 0.19738094
v 0.68514215 0.62865155 0.17766723
v 0.66899955 0.88093876 0.02723545
v 0.72248464 0.62884128 0.11989548
v 0.66646224 0.45439347 0.35805997
v 0.67108857 0.46231016 0.35213571
v 0.67542249 0.31298792 0.20480303
v 0.67593866 0.31852659 0.19971345
v 0.67954748 0.3158532 0.20238784
v 0.67736345 0.30935829 0.19938147
v 0.6793729 0.31003245 0.19598265
v 0.74371659 0.73259651 0.04078943
v 0.72971725 0.845905 0.0991094
v 0.67930084 0.30748832 0.20245237
v 0.70838934 0.64505708 0.21135601
v 0.70475298 0.6183623 0.22789901
v 0.69220715 0.60677623 0.2184304
v 0.71086508 0.65087062 0.18598857
v 0.71137654 0.67445796 0.19780696
v 0.67641997 0.61407399 0.22497887
v 0.66923046 0.63674843 0.20827828
v 0.65577763 0.66465538 0.19303593
v 0.6694051 0.64703065 0.18267351
v 0.66568911 0.64535421 0.15782471
v 0.67674136 0.61978268 0.16174882
v 0.69068509 0.61567896 0.16965092
v 0.7127071 0.62993282 0.15544663
v 0.71680712 0.65557497 0.1589877
v 0.65475493 0.67185735 0.1608608
v 0.68858265 0.89620685 0.03104846
v 0.70903307 0.85783213 -0.0039284
v 0.68050938 0.84858036 0.00201163
v 0.65216928 0.83793753 0.02046659
v 0.64657038 0.87714421 0.04805066
v 0.65850651 0.90249997 0.06813174
v 0.71329331 0.57850188 0.14407867
v 0.71745872 0.5758385 0.128184
v 0.7253105 0.61897128 0.09922084
v 0.73233985 0.65410041 0.06334301
v 0.73193204 0.6716246 0.08119591
v 0.73120784 0.6974489 0.09677761
v 0.72403329 0.65991157 0.12584945
v 0.70951044 0.60588407 0.15412698
v 0.66712111 0.45617958 0.35713735
v 0.66682505 0.45762363 0.35664653
v 0.66698211 0.45758315 0.35638374
v 0.6674025 0.45685729 0.35672092
v 0.66707992 0.45737341 0.35632208
v 0.66747701 0.45659524 0.35635244
v 0.66737306 0.45647996 0.35643908
v 0.67416542 0.46889811 0.34809532
v 0.67401176 0.46950724 0.34956207
v 0.67042726 0.46136382 0.353356
v 0.66890811 0.45841431 0.35491702
v 0.66973537 0.46184703 0.35212197
v 0.6729775 0.46844837 0.34711849
v 0.67493957 0.31701216 0.20490732
v 0.67547828 0.31839528 0.20222754
v 0.67836767 0.3193086 0.20498439
v 0.67733824 0.31495577 0.20644523
v 0.67792028 0.32041904 0.20558962
v 0.67640483 0.31725406 0.20115029
v 0.67438864 0.32661977 0.19890944
v 0.6754052 0.32510981 0.19721221
v 0.67616599 0.31700986 0.19786669
v 0.67576664 0.31207436 0.20104093
v 0.67669981 0.3252117 0.19468917
v 0.68127077 0.31606525 0.19989696
v 0.67459374 0.32028886 0.20249335
v 0.68382722 0.32695752 0.1996158
v 0.6830433 0.32798853 0.20214469
v 0.68437457 0.32640585 0.19690798
v 0.67935842 0.31016147 0.19784939
v 0.68000406 0.30925884 0.20016229
v 0.67786431 0.3156324 0.19628322
v 0.67902624 0.31331911 0.19547441
v 0.68064099 0.31380888 0.19650186
v 0.68015104 0.32468736 0.19084703
v 0.68210768 0.32443532 0.19022007
v 0.683667 0.32536026 0.19196496
v 0.7482925 0.73080849 0.01580651
v 0.75424677 0.77525562 0.02298137
v 0.74484854 0.75984287 0.04936658
v 0.73669159 0.73299366 0.07242698
v 0.73818212 0.70741903 0.05391904
v 0.73949044 0.68849885 0.03138242
v 0.72279918 0.83129596 0.1164792
v 0.73333954 0.81245577 0.09158299
v 0.740386 0.83800303 0.07529937
v 0.72602182 0.87393808 0.1030428
v 0.71248525 0.8594523 0.13177122
v 0.74606978 0.86705738 0.06537318
v 0.6762945 0.31597769 0.20657683
v 0.67643553 0.32107308 0.20540216
v 0.67504364 0.32127073 0.20422616
v 0.67707985 0.32931333 0.20422042
v 0.67509406 0.3288424 0.20313282
v 0.67414808 0.328074 0.20117472
v 0.67520862 0.34533882 0.20068565
v 0.67345047 0.34466025 0.19787277
v 0.67341393 0.34358835 0.19451846
v 0.67462205 0.34248706 0.19152405
v 0.67313849 0.36825054 0.19302396
v 0.67266029 0.36693793 0.18874596
v 0.67386108 0.36556962 0.18449744
v 0.67617666 0.36414736 0.18043696
v 0.67644918 0.34155938 0.18862828
v 0.6709544 0.39482992 0.18185171
v 0.6718468 0.39301875 0.1762668
v 0.67479509 0.39130762 0.17067138
v 0.67879557 0.38990342 0.16642086
v 0.67921686 0.36297524 0.17728886
v 0.66803532 0.42506942 0.16620075
v 0.67111516 0.42250484 0.15906526
v 0.67695254 0.42028832 0.15314962
v 0.68394678 0.41858241 0.1491699
v 0.68388581 0.38859069 0.16341321
v 0.66640967 0.45515596 0.14569065
v 0.67349404 0.45153334 0.13761197
v 0.68315148 0.44939902 0.13302943
v 0.69317847 0.44914808 0.1322558
v 0.69204181 0.41819047 0.14864519
v 0.66969806 0.48247021 0.120246
v 0.68135321 0.47884866 0.11374257
v 0.69435238 0.47918784 0.11360568
v 0.7031877 0.48473215 0.12172192
v 0.70098048 0.45254614 0.13835959
v 0.67966592 0.50810498 0.09175385
v 0.69524061 0.50863945 0.09162788
v 0.7057408 0.51607471 0.10186807
v 0.71253556 0.52439034 0.11532741
v 0.70900118 0.49100002 0.13238152
v 0.69590866 0.5394724 0.06630045
v 0.70897656 0.54800587 0.07780519
v 0.717269 0.5586425 0.09329881
v 0.71967071 0.56886559 0.11062019
v 0.7143203 0.53195571 0.13009654
v 0.71225088 0.58148813 0.04821847
v 0.72292661 0.59340715 0.06366132
v 0.72602683 0.60624951 0.08102027
v 0.72923064 0.62656474 0.02679268
v 0.73233884 0.63913875 0.04353905
v 0.73964709 0.66754978 -0.01155127
v 0.7410776 0.67732453 0.0085696
v 0.75719922 0.72535413 -0.03099092
v 0.7529692 0.72802507 -0.00794427
v 0.7667337 0.79196834 -0.01862932
v 0.76169914 0.78380739 0.00040098
v 0.76514583 0.85055011 0.01173637
v 0.76030427 0.83324861 0.02772362
v 0.7511571 0.8130455 0.045822
v 0.7412033 0.78992259 0.06750869
v 0.73312199 0.7621178 0.09044788
v 0.726583 0.7868396 0.11146181
v 0.71753752 0.80944591 0.13354691
v 0.71419721 0.77935195 0.15200847
v 0.72218066 0.75460827 0.13136464
v 0.72806352 0.72668916 0.11310105
v 0.7202261 0.71739012 0.1492203
v 0.72387051 0.68883502 0.13516883
v 0.71687364 0.68208485 0.16803799
v 0.71306365 0.74378007 0.1690907
v 0.71290636 0.70867967 0.1834592
v 0.70412814 0.76505971 0.18994981
v 0.705733 0.72975093 0.2037283
v 0.70709258 0.6956802 0.21518692
v 0.69571757 0.74627065 0.22429783
v 0.69886171 0.71254593 0.23644931
v 0.70102202 0.67920994 0.24684931
v 0.70708191 0.66355282 0.22630845
v 0.70196199 0.64701241 0.25854736
v 0.70564365 0.63244956 0.24072137
v 0.70174258 0.61660182 0.27494886
v 0.70398128 0.60477072 0.25983279
v 0.70177632 0.5937556 0.24802647
v 0.70126342 0.57869756 0.28260591
v 0.69925212 0.56941425 0.27198362
v 0.69114607 0.56353044 0.26489514
v 0.69214856 0.5862506 0.24016207
v 0.67933696 0.5672512 0.26805609
v 0.67842328 0.59130632 0.24444261
v 0.6708557 0.57443332 0.27713063
v 0.66786027 0.60007262 0.25410407
v 0.66382896 0.62465661 0.23543797
v 0.65581387 0.65004217 0.22074925
v 0.66004514 0.6096273 0.26830744
v 0.65468347 0.63689273 0.25095245
v 0.64711707 0.66508859 0.23758772
v 0.63921845 0.69615113 0.22304435
v 0.64546698 0.68000161 0.20611748
v 0.65311688 0.65044152 0.27246785
v 0.64857673 0.68018496 0.25768116
v 0.64222413 0.71123623 0.24203772
v 0.63630986 0.74268358 0.22225776
v 0.63156443 0.72790473 0.2039486
v 0.6632781 0.69242692 0.27418613
v 0.65840905 0.72265976 0.25658786
v 0.65173363 0.75429892 0.23746804
v 0.64484071 0.78809034 0.21440826
v 0.6298471 0.7763884 0.19787457
v 0.68385714 0.7242369 0.25608113
v 0.67670661 0.75697207 0.23978051
v 0.66909498 0.79194045 0.22100116
v 0.66374522 0.82858622 0.19851362
v 0.63970828 0.82453882 0.18854028
v 0.69153958 0.78196907 0.20905104
v 0.68911063 0.81848084 0.19048455
v 0.68998563 0.85404568 0.16812278
v 0.664442 0.86637485 0.17182131
v 0.7038173 0.80071443 0.17256239
v 0.70585954 0.83337771 0.15350534
v 0.69888252 0.88451254 0.14048139
v 0.71827548 0.90123003 0.10195795
v 0.69999653 0.91859155 0.09249194
v 0.67585516 0.90126514 0.13771478
v 0.67780733 0.91542381 0.08111885
v 0.65250605 0.8978011 0.1233133
v 0.64046108 0.86323398 0.15868745
v 0.63507527 0.88331925 0.1040248
v 0.62477392 0.85009586 0.13797158
v 0.62474989 0.81256741 0.16939263
v 0.61773419 0.82975202 0.11289469
v 0.61804795 0.79568594 0.14710515
v 0.62349718 0.76096469 0.17888166
v 0.61970377 0.77507293 0.12484443
v 0.62529945 0.7434135 0.16006586
v 0.63509714 0.71159952 0.18675439
v 0.63453459 0.72151565 0.14110982
v 0.64419817 0.69345283 0.17204201
v 0.64462024 0.69590127 0.12835286
v 0.64041805 0.71409708 0.08789174
v 0.64250159 0.68000501 0.08592005
v 0.65138667 0.66757208 0.12563706
v 0.62981212 0.74863898 0.1027048
v 0.63411068 0.76712042 0.06210789
v 0.64285546 0.72538065 0.04648518
v 0.62076991 0.8016386 0.08621003
v 0.63085305 0.8221485 0.0497225
v 0.64708864 0.7806127 0.02660586
v 0.62651681 0.85815841 0.07882631
v 0.66844981 0.79140692 -0.0019193
v 0.67095607 0.738837 -0.01808349
v 0.65359681 0.73356533 0.01081593
v 0.65319246 0.67965865 -0.01715358
v 0.64258772 0.68283212 0.01190168
v 0.63943517 0.68384331 0.04625975
v 0.63786381 0.63337594 0.04313236
v 0.63727396 0.6385836 0.06957255
v 0.64533686 0.6385141 0.10256135
v 0.64197772 0.5991097 0.10144957
v 0.65097647 0.60115492 0.12638591
v 0.66436713 0.59956252 0.14960588
v 0.65999108 0.62963855 0.13849026
v 0.67972892 0.59779542 0.16481246
v 0.66661006 0.5720362 0.1590818
v 0.68085002 0.572847 0.16896204
v 0.69467604 0.57340538 0.17165088
v 0.69521594 0.59817922 0.16890813
v 0.70528531 0.57369643 0.16202887
v 0.69223058 0.54341083 0.17898441
v 0.70192623 0.54211723 0.17089174
v 0.70826619 0.54043948 0.15811617
v 0.70001298 0.50584459 0.17878323
v 0.70585072 0.50410205 0.16817967
v 0.70919823 0.50114667 0.15653996
v 0.71231317 0.53741741 0.14431941
v 0.71063137 0.49674874 0.14439882
v 0.70642519 0.46416109 0.16605389
v 0.707053 0.46099519 0.1564587
v 0.70540118 0.45674106 0.14684066
v 0.70334684 0.42559072 0.16734267
v 0.70172065 0.42303979 0.16015395
v 0.69809544 0.42031893 0.15352772
v 0.69786626 0.39061129 0.17187765
v 0.6947301 0.38904616 0.16679914
v 0.69011664 0.38813093 0.16319194
v 0.69098705 0.36215221 0.17756311
v 0.68751108 0.36159655 0.17473547
v 0.68315702 0.3620553 0.17505826
v 0.6847139 0.34061089 0.18347875
v 0.68154007 0.34087032 0.18388086
v 0.67879068 0.34091159 0.18618729
v 0.67819774 0.32523331 0.1923816
v 0.68707865 0.34109008 0.18590155
v 0.68874794 0.34176313 0.18902428
v 0.68441021 0.32610401 0.19428375
v 0.69354027 0.36313134 0.18140544
v 0.69441288 0.36448276 0.18576413
v 0.6893593 0.34271761 0.19224403
v 0.69922465 0.39223012 0.17729295
v 0.69862723 0.393972 0.18311499
v 0.69377291 0.36587598 0.19016598
v 0.70306909 0.42770871 0.17454928
v 0.70035696 0.42948976 0.18226672
v 0.69631648 0.39550778 0.18846356
v 0.70350009 0.46626555 0.1758717
v 0.69791632 0.46773979 0.18438495
v 0.69526618 0.43066462 0.18835178
v 0.68847423 0.43145734 0.19230444
v 0.68652147 0.39767926 0.19528286
v 0.69212418 0.39683091 0.19279784
v 0.68978852 0.46861738 0.18973176
v 0.68020033 0.46862229 0.18789139
v 0.68057066 0.43161746 0.19102402
v 0.69077742 0.50702649 0.18504796
v 0.67963945 0.50690639 0.18249131
v 0.66876316 0.50547283 0.1763789
v 0.67159473 0.46761432 0.18218044
v 0.6799187 0.5428673 0.17556215
v 0.66778731 0.54142105 0.16776493
v 0.65704333 0.53842705 0.15679836
v 0.66096764 0.50260949 0.16645903
v 0.65442568 0.57029223 0.14307461
v 0.64660465 0.56551522 0.12441887
v 0.65131932 0.53296351 0.14189183
v 0.65037423 0.52614837 0.12635131
v 0.65620935 0.49266776 0.14187413
v 0.65600431 0.49817726 0.15471428
v 0.64502108 0.55814886 0.10635413
v 0.65046554 0.54982501 0.08918095
v 0.6551522 0.51851391 0.11147798
v 0.63931703 0.59254348 0.07932519
v 0.64646685 0.58452236 0.0605325
v 0.65840268 0.57716602 0.04568183
v 0.66150605 0.542436 0.0750005
v 0.64650666 0.62623667 0.0219658
v 0.66043722 0.61946123 0.00769218
v 0.67815369 0.61337113 -0.00048534
v 0.6755706 0.57290071 0.03732645
v 0.67173361 0.67338413 -0.0332358
v 0.69192338 0.66561776 -0.04145908
v 0.71316731 0.65981411 -0.04109841
v 0.69934678 0.61156618 0.00038258
v 0.69271296 0.73957383 -0.0382406
v 0.71390384 0.73600816 -0.05071546
v 0.73539495 0.73083978 -0.05741497
v 0.7523002 0.72650301 -0.05332558
v 0.7316131 0.65970802 -0.02984056
v 0.72088813 0.80231046 -0.02985703
v 0.74296653 0.80155468 -0.03373023
v 0.76063644 0.79990875 -0.03494346
v 0.73380744 0.86153745 -0.00386659
v 0.75429415 0.86361283 -0.00422861
v 0.71061891 0.90249788 0.03656316
v 0.73220121 0.9056651 0.04371926
v 0.74714154 0.89069706 0.05668973
v 0.69529414 0.79927492 -0.02054718
v 0.7173143 0.61625915 0.01084285
v 0.69534343 0.57386201 0.03809783
v 0.67758977 0.53847152 0.06660231
v 0.66561096 0.51213675 0.09934656
v 0.66103899 0.48729425 0.13003833
v 0.6626302 0.45872741 0.15470376
v 0.6673367 0.42742428 0.17352505
v 0.66224992 0.46254941 0.16486039
v 0.66934096 0.42959862 0.18101406
v 0.66547399 0.46553513 0.17415782
v 0.67382735 0.43105241 0.18710364
v 0.67187529 0.39630287 0.1872335
v 0.67522507 0.39744699 0.19207702
v 0.68039518 0.39795118 0.19498483
v 0.67565232 0.36900949 0.19659775
v 0.67958414 0.36927232 0.19888997
v 0.68419951 0.36889848 0.19913663
v 0.67823207 0.34570178 0.2021646
v 0.68160182 0.34565648 0.20258069
v 0.68489313 0.34533867 0.2012286
v 0.68844056 0.36813598 0.1973932
v 0.68719267 0.34461748 0.19864213
v 0.69179374 0.36707666 0.19431412
v 0.68890446 0.34351542 0.1956558
v 0.68146407 0.32848152 0.20381464
v 0.6792733 0.32914915 0.20440261
v 0.68141108 0.31517252 0.19799959
v 0.68910187 0.69174426 0.26896828
v 0.66820615 0.66237062 0.291565
v 0.69230389 0.65932005 0.28163
v 0.67220497 0.63018983 0.30560821
v 0.69394499 0.62696886 0.29471999
v 0.67499411 0.59716689 0.31914165
v 0.69230097 0.59479713 0.31116473
v 0.69962996 0.58764064 0.29577589
v 0.6892901 0.56127071 0.32645276
v 0.69560504 0.55619287 0.31604418
v 0.69680029 0.55035525 0.30617675
v 0.69024592 0.52353304 0.33373388
v 0.69182372 0.51933121 0.32619535
v 0.68996006 0.51527017 0.31862035
v 0.6953547 0.54355245 0.29698789
v 0.68438202 0.51206642 0.31237107
v 0.68912112 0.53824454 0.29039764
v 0.67792773 0.51489883 0.31568318
v 0.67961913 0.54159063 0.2931678
v 0.67299288 0.51861077 0.32116991
v 0.67274779 0.54743975 0.30073642
v 0.66984522 0.52269375 0.32807967
v 0.66813004 0.553213 0.31049832
v 0.66453927 0.58205598 0.28960982
v 0.66852515 0.55911153 0.32198357
v 0.66395443 0.59053456 0.30579334
v 0.65815848 0.6206758 0.28818136
v 0.6765232 0.56306815 0.3311164
v 0.67012745 0.52663558 0.33607181
v 0.67625296 0.528988 0.34268382
v 0.68560367 0.52722764 0.34043914
v 0.67345041 0.49629211 0.35159912
v 0.67910754 0.49478605 0.35026949
v 0.68185734 0.49239051 0.34571683
v 0.67152631 0.47161027 0.35195761
v 0.67316728 0.47083503 0.35118892
v 0.68352443 0.49004247 0.34117671
v 0.68264329 0.48792958 0.33627852
v 0.67901635 0.48721545 0.3333818
v 0.67099124 0.46869304 0.34745311
v 0.67470973 0.48860234 0.33432549
v 0.66935676 0.46911504 0.34886306
v 0.67148864 0.4905304 0.33709305
v 0.66859573 0.47001862 0.3504171
v 0.66942161 0.49269437 0.34139975
v 0.66896092 0.4704664 0.35145071
v 0.66959577 0.49492433 0.34647372
v 0.67020088 0.47116014 0.35170674
v 0.66806322 0.46400255 0.35394606
v 0.66837471 0.4637885 0.35410109
v 0.6693778 0.46340981 0.35405618
v 0.66768056 0.45985782 0.35557803
v 0.66814851 0.4594548 0.35557422
v 0.66834199 0.45853841 0.35562813
v 0.66993886 0.46264123 0.35387948
v 0.66844767 0.45849874 0.35481485
v 0.6692909 0.46252822 0.35203424
v 0.66786754 0.45940265 0.35469481
v 0.66849267 0.46301674 0.35250514
v 0.66733747 0.46013811 0.35523605
v 0.66810494 0.46347445 0.35329833
v 0.66735315 0.46020984 0.35519555
v 0.8546797 0.29057675 -0.52663159
v -0.52493238 0.11613581 -0.58580631
v -0.80643487 0.85890263 -0.64417713
v -0.53747111 0.01059398 -0.70784282
v 0.18777138 1.15798521 -0.74067354
v 0.24514459 1.72021246 -0.7598766
v 0.37892046 0.01005197 -0.86373382
v 0.39878588 0.00696412 -0.89009159
v 0.2366517 0.44158861 -1.20554912
v -0.82415384 -0.0247067 -0.44711679
v -0.37893542 0.23857773 -0.72968947
v -0.37056991 1.43271279 -0.89154678
v -0.35415896 0.18625861 -0.9462046
v -0.47759419 0.92558383 -1.07518589
v -0.30932366 1.43757367 -0.31488534
v -0.59006077 1.29462707 -0.28507664
v 0.29590749 0.98717522 -1.16929507
v -0.35114032 1.46865177 -0.32722553
v -0.03637917 0.1444242 -0.90095448
v -0.00803579 1.44468236 -0.3294807
v -0.34648984 1.34679758 -0.93610316
v 0.20490226 0.04521315 -1.2988621
v 0.74217957 0.17334333 -0.44558966
v -0.62804174 0.00289106 -0.26535153
v -0.28205907 -0.05067241 -0.91717833
v 0.04737373 1.44002711 -0.14141926
v -0.66927146 -0.18458199 -0.1514828
v 0.83734607 -0.08975768 -0.42500975
v -0.45103853 0.33170998 -1.013713
v 0.83813589 0.21303762 -0.2562102
v -0.41839253 0.8833667 -1.4687159
v 0.05079491 1.53263735 -0.17608553
v -0.49677422 0.01759429 -0.69420415
v -0.83066034 -0.13117501 -0.43194115
v -0.71122854 0.13493992 -0.60286331
v -0.4060876 0.97576624 -1.14249968
v -0.46347326 0.04075428 -0.71882963
v 0.6750372 -0.19127994 -0.1566374
v 0.67435377 -0.19397723 -0.15772792
v -0.28043606 -0.04903508 -0.92177832
v 0.83703482 -0.10516812 -0.43509063
v 0.61930388 0.94450926 -1.00164043
v 0.31397607 1.65106844 -0.03497729
v -0.45121637 1.39640033 -0.71747505
v 0.11396131 1.51520991 -0.08255538
v 0.37899521 0.443612 -1.52883207
v -0.0103404 0.11503803 -0.88193398
v 0.4356758 -0.14829595 -0.90027767
v -0.77110922 0.99890744 -0.04330753
v -0.67054879 -0.19468931 -0.15424251
v 0.84350508 0.11743269 -0.39910891
v 0.41421616 1.25881278 -0.43404147
v 0.07801186 1.08523094 -0.75020444
v 0.8498457 0.30818483 -1.01134765
v -0.77387303 0.77799069 -0.52445256
v -0.70089513 0.32135123 -1.40982735
v -0.69940519 0.31201395 -1.39385497
v 0.37986788 0.87620931 -1.0919553
v 0.2245126 0.57695239 -1.2828834
v 0.69265443 1.17763888 -0.18442425
v -0.84481579 0.05795609 -0.53895449
v -0.56952458 0.34631535 -1.00056445
v -0.62429165 0.47246649 -0.96545827
v -0.45467215 1.37312185 -0.86089825
v 0.43925312 1.52774071 -0.0666465
v -0.07796989 1.65460658 -0.32153794
v 0.37423417 1.52170872 0.06016999
v 0.2034305 1.52219367 -0.06652141
v 0.39055338 1.35017693 -0.69514536
v 0.67162603 0.9758557 -0.01484954
v 0.38398185 1.35510063 -0.71382027
v 0.33766096 1.46447479 -0.07008736
v -0.53604972 0.01095686 -0.77120471
v 0.44410136 1.51491868 -0.34532284
v -0.6505925 0.12050624 -0.62026637
v 0.70288616 0.13433329 -0.65115773
v -0.78639864 0.11541754 -0.59140121
v -0.0059683 0.14394472 -0.86490225
v -0.08554101 1.04936158 -1.20235276
v 0.72426867 0.34962797 -0.80118745
v -0.66593384 -0.17142173 -0.14875741
v 0.41053441 0.45465701 -1.5224061
v 0.09982696 1.13451278 -1.16268551
v 0.39156532 1.24580192 -0.85552787
v 0.39141559 1.24714005 -0.85628557
v 0.20835737 1.55069232 -0.84667927
v 0.22598467 1.54323971 -0.86529618
v -0.52785199 1.57639217 -1.05973196
v -0.53243273 1.5811373 -1.05995476
v 0.04274414 1.50972795 -0.16455346
v 0.32467049 1.41792392 -0.31230649
v 0.24513945 0.14420096 -1.11136913
v 0.36351341 0.68570065 -0.86442244
v 0.58194023 0.88199168 -0.93587672
v -0.83114075 -0.13191375 -0.43044012
v -0.73115158 0.20388136 -0.57292002
v -0.76252758 0.15441606 -0.61998784
v 0.66946679 -0.19029571 -0.16246517
v 0.66945111 -0.19154751 -0.15676072
v 0.66801893 -0.19215792 -0.15880397
v 0.68689078 -0.17638352 -0.1542259
v 0.67631638 -0.18714968 -0.15295364
v -0.48220998 1.43024742 -0.27504229
v 0.8319695 -0.14304332 -0.44089874
v 0.83062845 -0.1429001 -0.4374845
v 0.82743257 -0.14438839 -0.43913373
v 0.39220684 1.24525618 -0.85549128
v 0.39305755 1.24659454 -0.85660392
v 0.86521184 0.31219321 -1.00341665
v 0.52870631 0.12576593 -0.62853276
v -0.29407653 0.17433191 -0.82890474
v 0.19444045 1.54935503 -0.87559652
v 0.60379511 0.27108633 -0.3562878
v 0.82532435 -0.12984722 -0.44218182
v -0.01859905 0.13081838 -0.90410322
v 0.40708249 0.43858939 -1.53827607
v -0.78046464 0.14873653 -0.62582224
v 0.44449114 0.84958267 -1.03534781
v -0.06580791 0.86715012 -1.1444112
v -0.24420753 1.60979199 -0.24800285
v 0.42230942 -0.15667264 -0.88751125
v -0.53269708 1.58218038 -1.05776882
v 0.41650092 -0.12481933 -0.84868979
v -0.40911075 0.9031161 -1.46615827
v -0.8008663 0.22492778 -0.26577326
v -0.49710822 -0.1007288 -0.63577312
v -0.69939512 0.32004904 -1.40965139
v -0.3654609 0.80473977 -1.39737367
v 0.445304 1.13309299 -1.17049264
v 0.49548006 1.04552888 -1.51415586
v 0.53353148 1.07346069 -1.55190908
v 0.46067693 -0.10326882 -0.87637859
v 0.36312466 0.49658456 -1.20743632
v 0.40439701 0.41859701 -1.51975977
v -0.50825065 -0.10520579 -0.6535831
v -0.49337413 -0.09821042 -0.66234517
v -0.48443326 -0.09448472 -0.64533072
v -0.460168 -0.10859453 -0.79984778
v -0.71168571 -0.00169913 -0.44025039
v -0.60307329 0.08778657 -0.54843473
v 0.43373438 1.61275947 -0.1123235
v -0.78882634 0.91047853 -0.42285472
v 0.34806877 1.49779009 0.05202603
v -0.53133684 1.57820701 -1.05180954
v -0.76653993 0.11786843 -0.61203026
v 0.35864612 1.63618552 -0.85928779
v 0.14665506 1.81453192 -1.06161868
v 0.38189202 0.52559441 -1.13242352
v 0.24168118 0.02494602 -1.33525383
v 0.26915711 0.02573714 -1.31701052
v 0.26126697 -0.00901563 -1.28816342
v 0.53953224 1.09051096 -1.53103351
v 0.21576468 -0.05645441 -1.00730228
v 0.56339407 1.05004453 -1.53424286
v 0.01136472 0.19917108 -0.99833035
v 0.71472007 0.5011338 -0.71433997
v 0.62857312 0.1440325 -0.77748942
v 0.60345369 0.10408934 -0.73393434
v -0.36407581 0.91126239 -1.43379735
v 0.54168415 1.12263405 -0.2152574
v 0.20740687 1.84764039 -1.07604587
v 0.15445527 1.87902557 -1.03268683
v 0.260825 1.51999318 -0.85508042
v -0.37183627 0.1609129 -0.90667665
v -0.42723986 0.52393031 -1.09956669
v 0.18886187 1.88132917 -1.01635778
v 0.34362584 0.63681626 -0.85851401
v -0.16001687 0.00971861 -0.81517845
v -0.50883752 -0.11375268 -0.83741909
v -0.45976555 -0.11806368 -0.84078484
v -0.50208276 -0.05815736 -0.88369274
v -0.69447642 0.32846877 -1.39603364
v 0.1731425 1.69869649 -0.14087609
v 0.21351115 1.23558867 -0.65589004
v 0.43676781 1.51042377 -0.33562019
v -0.84220689 -0.11049181 -0.45285826
v -0.82950097 -0.12647697 -0.43298286
v -0.82802677 -0.13073349 -0.43273258
v -0.83587968 0.19107252 -0.54708522
v -0.79644256 0.22931042 -0.52398937
v -0.68476414 -0.1751652 -0.14956986
v -0.50256371 1.08533144 -0.17421771
v -0.48921358 1.05291879 -0.2393262
v -0.6790536 0.99828374 -0.01564252
v -0.82650965 0.87105602 -0.64539325
v -0.23714757 1.57682645 -0.22591629
v -0.83362019 -0.12203769 -0.43896016
v 0.76203191 0.97125369 -0.0313867
v 0.80051755 0.12547709 -0.41310462
v 0.84342306 0.28349691 -1.01070797
v 0.86920172 0.29125335 -0.99426364
v 0.02684739 0.92719024 -1.19280958
v 0.85454499 0.32637789 -0.53001111
v 0.88088101 0.3256185 -0.52064627
v 0.88602185 0.2954137 -0.51954311
v 0.89467912 0.26602926 -0.52044755
v 0.87152487 0.26082056 -0.52421069
v 0.8511179 0.24982577 -0.51976954
v 0.83511763 0.2661578 -0.52161967
v 0.81905531 0.27301046 -0.53307932
v 0.83049947 0.29998096 -0.53955578
v 0.83627736 0.3318941 -0.54481893
v -0.51976054 0.07199099 -0.5966891
v -0.49931436 0.07452438 -0.61144274
v -0.50042241 0.11661642 -0.60298079
v -0.5530045 0.09551045 -0.58336633
v -0.54327923 0.06354796 -0.59083849
v -0.49849343 0.15868723 -0.59676492
v -0.51384538 0.16129821 -0.58156675
v -0.52599602 0.16701188 -0.56859153
v -0.54147988 0.13330656 -0.57248288
v -0.56259435 0.1120691 -0.57623142
v -0.79507529 0.85883081 -0.64612191
v -0.79428827 0.82558083 -0.63884997
v -0.80493998 0.81973773 -0.62096333
v -0.81842988 0.86614608 -0.62988853
v -0.81660878 0.86862939 -0.60567235
v -0.80424881 0.87430656 -0.61558568
v -0.79101908 0.87926673 -0.6245175
v -0.82594329 0.8499999 -0.62663942
v -0.82674574 0.85779625 -0.64275515
v -0.81372821 0.85795694 -0.65011787
v -0.8199498 0.86698353 -0.64303648
v -0.52553713 -0.01685172 -0.69155824
v -0.54825407 -0.02094854 -0.68591368
v -0.56582832 0.00504239 -0.69288843
v -0.58894574 0.03256465 -0.69717603
v -0.57141375 0.03578361 -0.71593225
v -0.55889684 0.03886835 -0.74319684
v -0.53223335 0.02064246 -0.73552161
v -0.50226801 -0.01080497 -0.68298304
v -0.49903827 0.02064088 -0.72533917
v 0.16648775 1.19199073 -0.70625621
v 0.12602469 1.16971099 -0.73331141
v 0.14199282 1.13407695 -0.7620722
v 0.23027315 1.21552622 -0.6900776
v 0.17779059 1.09402859 -0.78464889
v 0.20316897 1.09875249 -0.78270983
v 0.21685834 1.15570545 -0.74720084
v 0.14644144 1.08403778 -0.79178994
v 0.2429834 1.20747911 -0.70623159
v 0.21161805 1.71117281 -0.74625307
v 0.24146992 1.73028576 -0.71389555
v 0.28159502 1.73383963 -0.7215327
v 0.19270351 1.69821572 -0.78247368
v 0.1812257 1.68990182 -0.77068954
v 0.31245428 1.71911358 -0.75686126
v 0.29974752 1.71691834 -0.78185588
v 0.24329036 1.71963381 -0.78360247
v 0.33216676 1.72442603 -0.72339278
v 0.19697332 1.70304465 -0.79479259
v 0.39817175 -0.03081516 -0.8581283
v 0.40114143 -0.0349494 -0.83961361
v 0.39116716 -0.0016618 -0.83676421
v 0.38211751 0.02468044 -0.83128422
v 0.3665412 0.03329715 -0.85685223
v 0.34416025 0.03781534 -0.87701082
v 0.35051891 0.02483802 -0.88543844
v 0.35546088 0.01879476 -0.89098364
v 0.38407942 0.00882461 -0.87509024
v 0.39992299 -0.0295933 -0.87075191
v 0.39048832 0.00668866 -0.88266861
v 0.36040705 0.01888342 -0.8984279
v 0.36479347 0.02286027 -0.90719968
v 0.36724194 0.03256706 -0.91874039
v 0.39663124 0.02735841 -0.90281224
v 0.41931986 0.02541792 -0.89752125
v 0.4229905 0.00047943 -0.89232927
v 0.42863389 -0.02820971 -0.89079904
v 0.41436305 -0.02976727 -0.88673502
v 0.40397197 -0.0298441 -0.88064593
v 0.27720463 0.43962791 -1.20091402
v 0.26740732 0.41495558 -1.17929458
v 0.22469136 0.40497157 -1.18215727
v 0.27047073 0.4482519 -1.24498486
v 0.29331243 0.4440498 -1.23326122
v 0.17138092 0.39592492 -1.17528212
v 0.17529881 0.42960724 -1.1906383
v 0.17196306 0.46253195 -1.20486998
v 0.22230796 0.46826118 -1.22848773
v 0.25164797 0.46391412 -1.26052725
v -0.82588613 -0.0399623 -0.44479444
v -0.81858098 -0.0443591 -0.45870658
v -0.81511604 -0.03018837 -0.46551436
v -0.85361492 -0.02350185 -0.44308316
v -0.8458302 -0.04019932 -0.44061693
v -0.84513235 -0.00512854 -0.43928629
v -0.86501067 -0.00241776 -0.44851809
v -0.80769223 -0.01843344 -0.47422576
v -0.80893451 -0.01590377 -0.45773077
v -0.82286018 -0.00569406 -0.44108656
v -0.38036724 0.29090473 -0.7307505
v -0.39945957 0.28877049 -0.71059387
v -0.40291249 0.24160468 -0.70366996
v -0.41268065 0.19256173 -0.6965276
v -0.39047965 0.18687149 -0.71824419
v -0.36290857 0.25784865 -0.75382661
v -0.3661459 0.29623642 -0.74807703
v -0.37395817 0.17339941 -0.74546152
v -0.36487841 0.20592601 -0.75781542
v -0.35691198 0.22527848 -0.77376377
v -0.39520925 1.43111705 -0.90975016
v -0.4152607 1.4364593 -0.8915677
v -0.40249577 1.43871891 -0.86943179
v -0.39680251 1.4479047 -0.84107607
v -0.36624994 1.45009589 -0.85831189
v -0.33334782 1.44518458 -0.87109214
v -0.33696651 1.42195892 -0.89511019
v -0.34189176 1.39497399 -0.91537034
v -0.36304491 1.40588724 -0.91909337
v -0.38489264 1.4125576 -0.92909932
v -0.35157477 0.15787439 -0.91961383
v -0.37800011 0.18589143 -0.93519526
v -0.38582673 0.22383798 -0.95789647
v -0.33964887 0.19250126 -0.96366035
v -0.33407899 0.13978129 -0.94657474
v -0.34201073 0.13586124 -0.93040895
v -0.34461808 0.13375504 -0.91393941
v -0.44553586 0.88640379 -1.098495
v -0.45458427 0.86648523 -1.09724044
v -0.48599121 0.88542735 -1.07665503
v -0.45486924 0.94256871 -1.08885896
v -0.43516102 0.89966207 -1.10107946
v -0.48819723 0.98808759 -1.05304205
v -0.464681 0.99643242 -1.07202458
v -0.51453787 0.93492507 -1.03768897
v -0.51746022 0.98575455 -1.0219959
v -0.51835638 0.89402413 -1.04367065
v -0.32515704 1.45547699 -0.31524413
v -0.35799214 1.44469332 -0.30185982
v -0.34542387 1.42793762 -0.30413323
v -0.27790874 1.42647242 -0.31686696
v -0.26408502 1.44396555 -0.2937138
v -0.28947424 1.4567734 -0.29300028
v -0.30722996 1.47082924 -0.29682698
v -0.33690249 1.40771722 -0.31568113
v -0.31212779 1.41201257 -0.33150532
v -0.28619322 1.40748739 -0.33866843
v -0.6306166 1.2697786 -0.26435902
v -0.60021615 1.27156984 -0.23326247
v -0.56514275 1.29895401 -0.24368861
v -0.57492011 1.31206071 -0.32216233
v -0.60357236 1.27534735 -0.34490495
v -0.62497746 1.26312375 -0.31663665
v -0.65470081 1.25466668 -0.29313698
v -0.53018522 1.34003579 -0.23720754
v -0.54302692 1.34701681 -0.26945814
v -0.5411812 1.35755896 -0.30280634
v 0.24542911 0.9959926 -1.19805431
v 0.23075033 1.02910935 -1.19164013
v 0.26989501 1.03227043 -1.17217338
v 0.3394247 0.94585448 -1.13470935
v 0.33592963 0.92738974 -1.144382
v 0.29835116 0.95435243 -1.17848408
v 0.25291854 0.96638566 -1.20673954
v 0.31589043 0.99688178 -1.15035486
v 0.34655049 0.95717525 -1.12410104
v 0.2929044 1.03703737 -1.15791213
v -0.32124051 1.487203 -0.30518811
v -0.32931938 1.50498986 -0.32429027
v -0.35263657 1.4874314 -0.35338649
v -0.38178941 1.45924603 -0.3110724
v -0.04453105 0.12376636 -0.88848656
v -0.0612806 0.10833932 -0.90076369
v -0.05907965 0.13235597 -0.91346877
v -0.06006337 0.16001567 -0.92922574
v -0.04342669 0.16800075 -0.9176191
v -0.02299836 0.13282847 -0.89341193
v -0.02794457 0.13604737 -0.87859422
v -0.02069085 0.14548939 -0.90933018
v -0.02675493 0.16992071 -0.914213
v 0.02371031 1.41502869 -0.33141684
v 0.03157522 1.42061531 -0.29589384
v 0.00934149 1.44983649 -0.29063075
v -0.03908697 1.46015238 -0.34761497
v -0.04036769 1.43565619 -0.37588176
v -0.01310475 1.42103898 -0.37107062
v 0.01754673 1.40302836 -0.36983227
v -0.0040313 1.48223078 -0.28358948
v -0.02135448 1.48348951 -0.31121975
v -0.0413911 1.4896537 -0.33095026
v -0.38225948 1.32494473 -0.92403501
v -0.38672757 1.33802712 -0.92158258
v -0.35958412 1.36220741 -0.92833167
v -0.35606086 1.31957399 -0.95059824
v -0.38661408 1.3091706 -0.93413686
v -0.31415709 1.35844361 -0.95290976
v -0.32638686 1.33109784 -0.96790826
v -0.32080733 1.38748717 -0.92041927
v -0.29752889 1.39154529 -0.93387705
v 0.20322738 0.03754143 -1.30622315
v 0.1819223 0.03306287 -1.2844026
v 0.19091606 0.0454235 -1.28070211
v 0.20362208 0.05589628 -1.27824175
v 0.21540516 0.05073543 -1.30178666
v 0.21785569 0.04345032 -1.31468486
v 0.77911162 0.16007474 -0.44238686
v 0.769001 0.13747945 -0.42025336
v 0.73378348 0.14695398 -0.42258629
v 0.77105236 0.18803964 -0.46325591
v 0.79263687 0.1755851 -0.45880398
v 0.69056397 0.15789488 -0.41387751
v 0.69125688 0.18094186 -0.4305976
v 0.68408322 0.1973496 -0.44492507
v 0.72253948 0.18859924 -0.46138364
v 0.75300675 0.19563391 -0.474882
v -0.64547962 -0.0164831 -0.27687871
v -0.64385992 0.00422093 -0.31646415
v -0.62286341 0.01994249 -0.31376469
v -0.59900051 0.04121489 -0.31491616
v -0.60727834 0.03738001 -0.27261397
v -0.61222249 0.03875606 -0.23711399
v -0.62518882 0.00607971 -0.22843954
v -0.63542938 -0.03452983 -0.21147523
v -0.63905775 -0.04102138 -0.23250806
v -0.64983773 -0.05123201 -0.24557116
v -0.27480393 -0.04687668 -0.92039758
v -0.2767401 -0.04729148 -0.91432625
v -0.28167569 -0.04083257 -0.91075336
v -0.28698623 -0.04233386 -0.91707754
v -0.28547468 -0.04204294 -0.9226492
v 0.04607317 1.4333136 -0.16494514
v 0.06847288 1.41369581 -0.15879572
v 0.06436812 1.42904496 -0.12958428
v 0.05984162 1.4517945 -0.11139987
v 0.04095468 1.46031379 -0.13555415
v 0.03478292 1.46116983 -0.16653773
v -0.6679992 -0.18832454 -0.15447139
v -0.66268295 -0.17356343 -0.15693341
v -0.67573118 -0.17589883 -0.14689883
v -0.67314457 -0.18725822 -0.1510649
v -0.67237919 -0.18985925 -0.152758
v 0.84244221 -0.09004962 -0.42757791
v 0.85321843 -0.0680176 -0.42888367
v 0.84514445 -0.06578408 -0.4240067
v 0.83757096 -0.05765325 -0.42299351
v 0.82405829 -0.08497458 -0.43681395
v 0.83110773 -0.09487056 -0.43467986
v -0.43015363 0.36479085 -1.03235578
v -0.40769469 0.36162006 -1.01946532
v -0.41462248 0.32671943 -1.0068041
v -0.47798192 0.3358283 -1.03999507
v -0.45466142 0.3613114 -1.05376029
v -0.41919067 0.28599008 -0.98993563
v -0.45221939 0.2910673 -0.99351269
v -0.49855634 0.29228228 -0.98572987
v -0.50407832 0.32148852 -1.00094485
v -0.5199536 0.32637167 -1.02325844
v 0.86343914 0.22822907 -0.30176025
v 0.86294347 0.26527074 -0.28721076
v 0.83869808 0.26072666 -0.24535279
v 0.84801191 0.17729562 -0.29671791
v 0.86469882 0.19475315 -0.32590881
v 0.80121767 0.22808505 -0.20425175
v 0.79437547 0.18985959 -0.199445
v 0.82211244 0.17446097 -0.23601748
v 0.83392262 0.15151168 -0.27324345
v 0.80320495 0.26820364 -0.20461143
v -0.41069215 0.87611746 -1.47166931
v -0.41627058 0.86893189 -1.46090054
v -0.42416584 0.88029134 -1.46018004
v -0.4258432 0.88968789 -1.45913517
v -0.41794291 0.88995641 -1.47040569
v -0.40679809 0.88325762 -1.47664749
v 0.03089644 1.53673887 -0.22008033
v 0.02618082 1.51487839 -0.21833309
v 0.03860728 1.513695 -0.18921697
v 0.06273314 1.55995595 -0.18474225
v 0.03480873 1.56248855 -0.22425669
v 0.04849289 1.51403915 -0.14296487
v -0.47229582 0.05387222 -0.68451398
v -0.47539499 0.06363119 -0.65522301
v -0.48416161 0.02435645 -0.66259634
v -0.4894593 -0.00538708 -0.66417783
v -0.83506041 -0.12508752 -0.43610167
v -0.82846158 -0.11602737 -0.43508014
v -0.83159369 -0.11565364 -0.43242657
v -0.72688204 0.11522785 -0.60227882
v -0.74207836 0.12080077 -0.61020672
v -0.73369169 0.13716295 -0.61090666
v -0.68686753 0.11572534 -0.59539943
v -0.70459622 0.10236462 -0.59349495
v -0.73327916 0.15798059 -0.60570943
v -0.71543109 0.16275991 -0.60006064
v -0.69353056 0.1718456 -0.60348463
v -0.68397945 0.14647401 -0.60295379
v -0.66708457 0.1247263 -0.59911888
v -0.37480971 1.0101732 -1.16680371
v -0.38128197 0.98713433 -1.18769466
v -0.40572965 0.95799058 -1.16868758
v -0.41261768 0.92047596 -1.1565063
v -0.40925553 0.92361784 -1.1369555
v -0.41388112 0.91968709 -1.11960637
v -0.42100682 0.96426558 -1.11547052
v -0.41984942 1.01444888 -1.10537207
v -0.39657831 1.02777981 -1.12543678
v -0.36427503 1.04573595 -1.14584863
v -0.50105124 0.0014792 -0.75000816
v -0.46926346 0.00304813 -0.74622947
v -0.43266242 0.0440451 -0.73637974
v -0.41700449 0.09006953 -0.72154998
v -0.43910965 0.09155006 -0.70027357
v -0.44040915 0.00570019 -0.75352627
v -0.45608097 0.09973675 -0.6753574
v 0.67171388 -0.19207958 -0.15747512
v 0.68189644 -0.18094125 -0.16705082
v 0.68400371 -0.18069246 -0.16437476
v 0.67572468 -0.19069668 -0.15629033
v 0.67924517 -0.18086618 -0.16973559
v 0.67408883 -0.19061736 -0.15471896
v 0.67301696 -0.18943508 -0.15534402
v 0.67151057 -0.19022718 -0.15575879
v 0.67376756 -0.18986886 -0.16398818
v 0.67560702 -0.18070352 -0.17179344
v -0.27745303 -0.04030164 -0.92456775
v 0.83255273 -0.12614522 -0.43760836
v 0.83696508 -0.12578886 -0.4375942
v 0.84626942 -0.10773754 -0.43827161
v 0.82686054 -0.11093282 -0.4402183
v 0.82721585 -0.12990936 -0.43913129
v 0.82423788 -0.09732285 -0.44309783
v 0.85669452 -0.09092605 -0.43982115
v 0.85028857 -0.08928508 -0.43253275
v 0.59187603 0.93877118 -0.97675079
v 0.57501506 0.90336489 -1.00047528
v 0.59384483 0.89861095 -1.01901304
v 0.65087437 0.98865801 -1.021582
v 0.64363956 1.02767801 -0.98524588
v 0.61652994 0.99457979 -0.96047848
v 0.59545493 0.98462283 -0.94552117
v 0.63646709 0.92309802 -1.05048775
v 0.65923804 0.96357607 -1.06471562
v 0.61035299 0.88688963 -1.05427622
v 0.34063571 1.623214 -0.01142396
v 0.36343827 1.62084782 -0.01825188
v 0.35204803 1.64802193 -0.03967487
v 0.3504861 1.67412161 -0.05848808
v 0.31464508 1.67771744 -0.05622227
v 0.29805457 1.63769638 -0.02336259
v 0.32550931 1.61829865 -0.00547993
v 0.27063694 1.66054403 -0.04788798
v 0.26544973 1.64861762 -0.03614899
v 0.27659186 1.67964959 -0.06473657
v -0.43237596 1.42787456 -0.67244619
v -0.41759246 1.45798492 -0.70004302
v -0.43043452 1.43439245 -0.73903709
v -0.47216272 1.35494005 -0.73039758
v -0.48117381 1.33822917 -0.68354594
v -0.46431607 1.36934113 -0.66463375
v -0.44639182 1.39895916 -0.63402646
v -0.43705478 1.42183804 -0.77951431
v -0.45388102 1.39247369 -0.77427959
v -0.46781912 1.36042904 -0.7774803
v 0.11507844 1.4945836 -0.07609249
v 0.14085778 1.50414526 -0.07119151
v 0.12948951 1.52781021 -0.08539135
v 0.11188778 1.54529655 -0.10948801
v 0.09841379 1.52693498 -0.0966814
v 0.08854302 1.50134933 -0.08777173
v 0.3687767 0.44452652 -1.51578903
v 0.37356743 0.45365852 -1.51478016
v 0.38489243 0.44864597 -1.53223753
v 0.38188076 0.43701183 -1.53112602
v 0.36894118 0.43346202 -1.51548779
v 0.38953727 0.44157463 -1.53762543
v -0.01688308 0.1174797 -0.90481048
v 0.01826959 0.09968021 -0.85136556
v 0.01839261 0.13430723 -0.84913915
v -0.00131952 0.07892039 -0.87977361
v 0.02856992 0.06379748 -0.8534491
v -0.01337723 0.09653386 -0.90470242
v 0.44044196 -0.14988616 -0.89733123
v 0.43754199 -0.1548922 -0.89580869
v 0.4321168 -0.1500172 -0.89958363
v 0.42863374 -0.14046822 -0.90155875
v 0.43414664 -0.14028371 -0.90187066
v 0.4399808 -0.14073231 -0.89919859
v -0.76427352 0.99628746 -0.02889988
v -0.77333706 1.03272283 -0.0479743
v -0.77779066 1.0235387 -0.06173767
v -0.78047674 1.00845086 -0.07671191
v -0.77193504 0.98426634 -0.04990574
v -0.76203268 0.97258371 -0.03120997
v -0.66738039 -0.18940469 -0.15945424
v -0.66625303 -0.18912583 -0.15697045
v -0.67134809 -0.19294644 -0.15372213
v -0.66860127 -0.19404101 -0.15685917
v -0.66886991 -0.189896 -0.16084978
v -0.67612445 -0.19049321 -0.156387
v -0.67549967 -0.191007 -0.15871362
v -0.67354953 -0.19100453 -0.16045653
v -0.67174696 -0.19491188 -0.1574243
v 0.82261806 0.12150186 -0.38477596
v 0.8191927 0.11744783 -0.42389804
v 0.87552052 0.12279675 -0.40730604
v 0.88136953 0.14899753 -0.39450833
v 0.85648083 0.140474 -0.37620323
v 0.83735317 0.13148613 -0.35878053
v 0.84505784 0.09356461 -0.41204318
v 0.87057805 0.09686991 -0.41577023
v 0.82432037 0.09755264 -0.42805823
v 0.39944499 1.2900449 -0.39012414
v 0.40389314 1.32249987 -0.40544095
v 0.41560801 1.3085128 -0.44360557
v 0.42454323 1.29716956 -0.48957604
v 0.42397067 1.25611031 -0.48974555
v 0.40918079 1.22145915 -0.39235541
v 0.39771881 1.25217008 -0.36116302
v 0.42864194 1.20338964 -0.50200128
v 0.42408338 1.19661212 -0.45898068
v 0.41988322 1.17607116 -0.41950398
v 0.06399458 1.09140121 -0.73439669
v 0.06968046 1.0459553 -0.74839514
v 0.0856333 1.0532695 -0.76557946
v 0.1008428 1.06574404 -0.78229045
v 0.08865922 1.10567688 -0.75749176
v 0.07339815 1.12452912 -0.73548537
v 0.8401913 0.30701354 -1.00539159
v 0.84443682 0.31176555 -1.00129199
v 0.85463523 0.31050556 -1.01111447
v 0.85692209 0.30601498 -1.01543963
v 0.85031664 0.30367127 -1.01397228
v 0.83877193 0.30038449 -1.00884044
v -0.76811641 0.753219 -0.49805966
v -0.7821877 0.78690367 -0.48481416
v -0.79218018 0.80272716 -0.5191816
v -0.79350543 0.80002337 -0.55424302
v -0.77131515 0.77100318 -0.55955779
v -0.70095926 0.32098051 -1.40999674
v -0.70174026 0.32091078 -1.40851068
v -0.70158678 0.32155445 -1.40803062
v -0.70028269 0.32229438 -1.4089514
v -0.69966417 0.32160082 -1.40963351
v -0.69971102 0.32085466 -1.41003239
v -0.69816291 0.31356954 -1.39982056
v -0.68909281 0.30460357 -1.37744534
v -0.69569057 0.30571076 -1.37447679
v -0.70074898 0.30969163 -1.37269568
v -0.70225292 0.31589028 -1.39697599
v -0.70117449 0.31700801 -1.40453207
v 0.38801983 0.88006901 -1.07685411
v 0.39431357 0.8466838 -1.07855749
v 0.37812116 0.85614901 -1.10066139
v 0.35738021 0.87721937 -1.12472486
v 0.36219433 0.89828264 -1.11216974
v 0.36726084 0.91156101 -1.1013962
v 0.21544325 0.62380504 -1.27745771
v 0.25417998 0.64053243 -1.2933551
v 0.26385748 0.60373771 -1.30506134
v 0.2137041 0.53125721 -1.26539433
v 0.17253767 0.53347355 -1.23396539
v 0.17436599 0.5727967 -1.2461996
v 0.17070041 0.61243814 -1.25168657
v 0.27677652 0.5732246 -1.32178723
v 0.25238004 0.55013304 -1.31022477
v 0.23970519 0.51947552 -1.2943896
v 0.66689086 1.2153362 -0.1786478
v 0.6420263 1.19177579 -0.17124261
v 0.66327434 1.15977215 -0.17441715
v 0.70547676 1.20993244 -0.21234834
v 0.68698513 1.23863041 -0.19851079
v 0.71224981 1.12937831 -0.15488384
v 0.73922324 1.12309002 -0.16511417
v 0.72591137 1.15518307 -0.19959639
v 0.72763204 1.17986857 -0.22959861
v 0.68734645 1.12098872 -0.15236921
v -0.86945694 0.05427329 -0.52937442
v -0.86890715 0.08700203 -0.53845858
v -0.8481028 0.093374 -0.5474475
v -0.81536322 0.08125952 -0.55454874
v -0.80034321 0.0635842 -0.55078452
v -0.82624447 0.04332813 -0.53640991
v -0.82479292 0.10543016 -0.55845868
v -0.85811388 0.01644879 -0.52538144
v -0.87283378 0.01745322 -0.51768839
v -0.84338408 0.0126042 -0.52344048
v -0.54959094 0.3268738 -0.98027783
v -0.58516973 0.34380337 -0.94360065
v -0.59722387 0.37646493 -0.95274138
v -0.61310851 0.4201096 -0.95712047
v -0.60834538 0.38834068 -1.00129544
v -0.6102848 0.36090728 -1.03477168
v -0.57590931 0.32998877 -1.03523957
v -0.53633374 0.31935343 -1.04901111
v -0.63008666 0.47908479 -0.91269606
v -0.63387543 0.5260387 -0.90869921
v -0.62615031 0.53072506 -0.94962942
v -0.62247359 0.54539638 -0.98865711
v -0.62544411 0.50186568 -1.00505113
v -0.62812787 0.46122843 -1.03351569
v -0.62457746 0.42909103 -1.01089727
v -0.6240105 0.43630164 -0.91193771
v -0.45354506 1.34798729 -0.8569256
v -0.46301344 1.35839152 -0.82228493
v -0.45558714 1.38614189 -0.81958812
v -0.44224911 1.35112118 -0.88900631
v -0.43658122 1.33717167 -0.88322991
v -0.44325584 1.41411101 -0.8184387
v -0.44886228 1.40840768 -0.85215133
v -0.45491832 1.40824425 -0.87711405
v -0.46143508 1.38248992 -0.88481491
v -0.45090672 1.36390304 -0.90252953
v 0.42268642 1.53802382 -0.03326885
v 0.42609649 1.52109265 -0.0194756
v 0.44235575 1.50793731 -0.03666901
v 0.4285126 1.55339157 -0.08105629
v 0.41670078 1.56088936 -0.04583709
v 0.46220669 1.50940978 -0.07670139
v 0.46137908 1.52674305 -0.1217781
v 0.44600909 1.54006862 -0.12312489
v 0.43723115 1.55889582 -0.13018553
v 0.46289083 1.49225199 -0.04942162
v -0.10331758 1.65166389 -0.32693576
v -0.09216754 1.63190519 -0.32701918
v -0.06784278 1.63163209 -0.31606444
v -0.09924303 1.67211365 -0.34199726
v -0.11510845 1.67069435 -0.33715
v -0.06669465 1.67568063 -0.32003116
v -0.08423003 1.68321406 -0.34507563
v -0.04636371 1.6508423 -0.29074156
v -0.04356778 1.67245757 -0.28895571
v -0.04294339 1.63084721 -0.29257652
v 0.38310292 1.51673626 0.05497337
v 0.38322162 1.53432583 0.04872339
v 0.37102136 1.53604424 0.05563223
v 0.35890856 1.53331875 0.05739735
v 0.3685286 1.51448917 0.06256412
v 0.3789601 1.50415694 0.05667468
v 0.17611527 1.54629719 -0.07886481
v 0.16193403 1.52316057 -0.07569924
v 0.17714856 1.49491703 -0.06582138
v 0.24192202 1.52271223 -0.05858315
v 0.23861677 1.54974281 -0.04674279
v 0.2072121 1.55805385 -0.05900989
v 0.1807135 1.57091295 -0.07416086
v 0.19207467 1.45865058 -0.07321872
v 0.220613 1.4794861 -0.07218904
v 0.25034707 1.49115502 -0.07463705
v 0.3983671 1.35467052 -0.6852923
v 0.41191718 1.36658442 -0.69120794
v 0.41103372 1.35821902 -0.70125269
v 0.41384148 1.35068845 -0.7141484
v 0.39731738 1.34907317 -0.71262729
v 0.37904205 1.35220468 -0.69407117
v 0.37250334 1.34164202 -0.68750661
v 0.3795402 1.33844089 -0.68623691
v 0.38797155 1.34062993 -0.67872458
v 0.68806225 0.97647243 -0.00478328
v 0.68740707 1.01092457 -0.02292872
v 0.66681522 0.99788224 -0.03324829
v 0.64737403 0.97866135 -0.0438092
v 0.66177946 0.95816594 -0.01857912
v 0.68164223 0.94705629 -0.00477267
v -0.80929011 0.8145436 -0.58899754
v -0.82096684 0.83058667 -0.59489154
v -0.8249768 0.84201866 -0.59480297
v 0.39117249 1.34575974 -0.73395562
v 0.38524127 1.35549306 -0.74366301
v 0.38207885 1.36865019 -0.72899657
v 0.37821048 1.38089346 -0.71957421
v 0.37615805 1.36824548 -0.70717555
v 0.37274393 1.35753762 -0.69480127
v 0.40176099 1.34024274 -0.72967547
v 0.33727225 1.48587358 -0.03531353
v 0.32344958 1.49324703 -0.04832096
v 0.32295715 1.47276401 -0.08020544
v 0.35777533 1.46277141 -0.03860062
v 0.35030874 1.4761585 -0.02002391
v 0.34601146 1.44459962 -0.07777236
v 0.36402949 1.44700419 -0.05063087
v 0.32634273 1.44362962 -0.11646848
v 0.33093985 1.43058645 -0.11532572
v 0.31760624 1.45146679 -0.12107711
v -0.54715675 0.01268575 -0.80725061
v -0.53925389 -0.01924996 -0.81258511
v -0.52673155 -0.02406471 -0.7852863
v -0.50067532 -0.02887294 -0.76609516
v -0.55535125 0.03814737 -0.77579098
v -0.55443072 0.03814676 -0.8075478
v 0.43898931 1.51564323 -0.34372028
v 0.43925058 1.51726687 -0.35360756
v 0.44626873 1.51457536 -0.35330653
v 0.44422146 1.50835144 -0.34347054
v 0.4408968 1.50943052 -0.33859303
v 0.44769349 1.50651598 -0.35235163
v -0.63529062 0.09354542 -0.63115584
v -0.62523442 0.0924192 -0.61357927
v -0.63566142 0.10782121 -0.60350686
v -0.65253293 0.12029688 -0.64577782
v -0.63846421 0.09298807 -0.6521247
v -0.6473189 0.10891969 -0.59004163
v -0.67083686 0.14799313 -0.62140601
v -0.66755849 0.1481152 -0.64259237
v 0.66009622 0.12009299 -0.68590867
v 0.68220019 0.12630863 -0.72199016
v 0.7178058 0.13633962 -0.69808137
v 0.75256979 0.16507139 -0.64495897
v 0.76025438 0.17987199 -0.60364812
v 0.72364288 0.15396541 -0.59868824
v 0.7549498 0.16062925 -0.68374222
v 0.68942141 0.143342 -0.58206498
v 0.66437947 0.12783281 -0.62150698
v 0.63325578 0.11744777 -0.65203732
v -0.8036434 0.11391264 -0.57094788
v -0.80577611 0.13300249 -0.56436049
v -0.79524713 0.13449092 -0.58236587
v -0.76836967 0.09661543 -0.58665359
v -0.79073822 0.09343494 -0.56961202
v -0.75892645 0.11096259 -0.60570126
v -0.7443574 0.10127817 -0.59773135
v -0.7938146 0.13782987 -0.59987455
v -0.78453928 0.12216306 -0.60821801
v 0.03024935 0.17333947 -0.84295475
v 0.01285423 0.18073867 -0.85053795
v -0.01564841 0.15315865 -0.85578393
v -0.03141673 0.12911598 -0.86556291
v -0.00128525 0.18806332 -0.85196775
v -0.05163245 1.04563999 -1.1858282
v -0.04748606 1.01258921 -1.18531858
v -0.06247418 1.00900948 -1.19758582
v -0.08864659 1.09723663 -1.18560636
v -0.05376578 1.09038579 -1.18013775
v -0.08712412 0.99753707 -1.21882844
v -0.11574072 1.0266484 -1.22547555
v -0.1621709 1.05008781 -1.22136211
v -0.14500944 1.07709169 -1.20279526
v 0.76710969 0.32883527 -0.7832973
v 0.77363008 0.31869402 -0.81112402
v 0.74088221 0.32963535 -0.8266831
v 0.73816436 0.36925485 -0.76327836
v 0.76990288 0.3400256 -0.75171649
v 0.71034687 0.3242968 -0.84194338
v 0.68999171 0.33565458 -0.82544171
v 0.6944704 0.36676049 -0.79620027
v 0.71223372 0.39112898 -0.76831215
v 0.67420554 0.34411594 -0.81649285
v -0.65933346 -0.15228107 -0.16147017
v -0.66153973 -0.1506451 -0.15633042
v -0.67927682 -0.15117979 -0.14489302
v -0.68600779 -0.1528556 -0.14615234
v -0.66560304 -0.16419889 -0.14860747
v -0.67626965 -0.15228812 -0.14495647
v -0.66405111 -0.14953132 -0.15258362
v 0.41006204 0.45851665 -1.50440752
v 0.41670534 0.45006084 -1.50277936
v 0.41371449 0.44847512 -1.52534782
v 0.40461567 0.4552589 -1.52787578
v 0.39999026 0.46287077 -1.50738167
v 0.40829139 0.44898971 -1.53357803
v 0.06379857 1.09888041 -1.17289829
v 0.03654075 1.11098384 -1.16544842
v 0.054795 1.14462924 -1.15776348
v 0.12393669 1.1057403 -1.17460632
v 0.08556901 1.08540427 -1.1815387
v 0.07117953 1.18808925 -1.14177286
v 0.11150978 1.18441057 -1.14021003
v 0.15985709 1.15035784 -1.14811563
v 0.17418964 1.12138831 -1.16055059
v 0.15841238 1.18907606 -1.12777471
v 0.38999977 1.25037789 -0.84857904
v 0.39175865 1.24825096 -0.85071396
v 0.39372685 1.25065755 -0.85371357
v 0.39219003 1.25798213 -0.84998738
v 0.38788479 1.25167059 -0.85014671
v 0.2221017 1.54811334 -0.85091918
v 0.22484539 1.54518294 -0.84542602
v 0.21182802 1.54900825 -0.84085834
v 0.20020094 1.55298769 -0.83713918
v 0.19780276 1.55280625 -0.841856
v 0.1971317 1.54502356 -0.8362624
v 0.20765101 1.54004204 -0.84027773
v 0.22100104 1.53512251 -0.84170109
v 0.2187235 1.53799629 -0.84729522
v 0.22071193 1.54311645 -0.8597396
v 0.24270714 1.54547393 -0.86807543
v 0.23308204 1.54412365 -0.86281281
v 0.26076492 1.50751555 -0.86467361
v 0.2595694 1.48539018 -0.88162994
v 0.24185457 1.4845761 -0.88444417
v 0.21980255 1.5199002 -0.87011981
v 0.21459306 1.54694151 -0.87773895
v 0.23410646 1.55154383 -0.88456946
v -0.52777308 1.57969474 -1.0585196
v -0.52265542 1.56729388 -1.05296707
v -0.52373641 1.5652157 -1.05689942
v -0.52776175 1.56378412 -1.05848574
v -0.53073447 1.57783174 -1.06046772
v -0.53056442 1.58176815 -1.05995881
v -0.53248935 1.58209431 -1.05940616
v -0.53039902 1.58286404 -1.05862557
v -0.53248459 1.57702899 -1.05968928
v -0.53354603 1.57748591 -1.05788445
v 0.03616718 1.48915576 -0.1647927
v 0.04180669 1.48692619 -0.13260738
v 0.03144675 1.49107718 -0.19210112
v 0.34521797 1.43098092 -0.34366378
v 0.35047277 1.43615806 -0.32701861
v 0.33432552 1.42598438 -0.29664602
v 0.32327306 1.41289949 -0.35625299
v 0.34211012 1.42739141 -0.37285244
v 0.30976426 1.41561961 -0.25969857
v 0.29508605 1.40607345 -0.26301184
v 0.30265143 1.40366673 -0.3080168
v 0.30249011 1.39851975 -0.34793573
v 0.3191494 1.42176556 -0.25421923
v 0.24435515 0.11439506 -1.14114785
v 0.21832287 0.12213374 -1.14584183
v 0.21081745 0.14781166 -1.12334454
v 0.27307504 0.10914135 -1.10213363
v 0.26807433 0.09290076 -1.13173759
v 0.27750337 0.1550797 -1.07987511
v 0.28533265 0.11809834 -1.07091069
v 0.23738335 0.18080526 -1.10189163
v 0.27330896 0.188823 -1.08182251
v 0.20713186 0.1743637 -1.11122047
v 0.37194651 0.74734902 -0.86543625
v 0.36220219 0.75129222 -0.89135968
v 0.35854062 0.69385951 -0.90275496
v 0.35306224 0.64342194 -0.83646297
v 0.364582 0.64315623 -0.80793762
v 0.38138565 0.69824314 -0.81854283
v 0.38692361 0.75089347 -0.83035218
v 0.34345352 0.64852368 -0.88569808
v 0.34137147 0.64672863 -0.91397702
v 0.60556852 0.88409137 -0.89205867
v 0.61078387 0.84002375 -0.89983582
v 0.5877664 0.8393585 -0.93967646
v 0.56581497 0.8364582 -0.97009259
v 0.56128925 0.85853713 -0.97083294
v 0.55845171 0.88232773 -0.97453463
v 0.57225418 0.91313689 -0.94618594
v -0.83560746 -0.11575487 -0.43270179
v -0.83901989 -0.11619766 -0.43570089
v -0.75160902 0.18291981 -0.58296501
v -0.76448863 0.18319614 -0.56892055
v -0.74957132 0.2026079 -0.55443543
v -0.73952299 0.23281431 -0.53610694
v -0.72875827 0.24159018 -0.55562472
v -0.71917587 0.25793957 -0.57719916
v -0.71170067 0.22460082 -0.58849138
v -0.70295381 0.19790269 -0.59851503
v -0.72103416 0.18471534 -0.59091615
v -0.73988747 0.17496375 -0.59627294
v -0.7489857 0.15554836 -0.61218762
v -0.74978858 0.13890208 -0.61856871
v -0.76754498 0.14288216 -0.62554889
v -0.7724151 0.16080947 -0.61695432
v -0.75720262 0.16893068 -0.60544723
v 0.67126327 -0.18898491 -0.16504409
v 0.67006206 -0.19263413 -0.15819221
v 0.66832673 -0.18849375 -0.16240544
v 0.66816008 -0.17880681 -0.17077505
v 0.67160636 -0.17999382 -0.17236147
v 0.66660201 -0.17794837 -0.16861292
v 0.67042481 -0.19128672 -0.15609663
v 0.66985076 -0.18561251 -0.15772372
v 0.6685521 -0.18564505 -0.15930947
v 0.66761875 -0.18605312 -0.16109849
v 0.68427157 -0.18227629 -0.15647365
v 0.70018661 -0.15716508 -0.163697
v 0.69769597 -0.15385931 -0.15549629
v 0.68301081 -0.17848494 -0.15256726
v 0.67895942 -0.18859681 -0.15439829
v 0.67690485 -0.18970064 -0.15378314
v 0.68082231 -0.17693871 -0.15151397
v 0.67757743 -0.17595534 -0.15148355
v 0.67454564 -0.17572946 -0.15217672
v 0.67403668 -0.18826018 -0.15372505
v 0.67461752 -0.19088883 -0.15424872
v -0.47328934 1.43441486 -0.25224608
v -0.44747465 1.45512223 -0.27591034
v -0.47230809 1.43884909 -0.29672864
v -0.51047301 1.3998866 -0.28581765
v -0.50981748 1.39389026 -0.25371897
v -0.5027619 1.40673673 -0.31589603
v 0.83104139 -0.1442136 -0.43915635
v 0.82848882 -0.14454978 -0.43899875
v 0.82967758 -0.1429705 -0.44197917
v 0.83255535 -0.13784822 -0.44641447
v 0.83526212 -0.13813586 -0.44399157
v 0.83541935 -0.13818194 -0.44072395
v 0.83397436 -0.1381767 -0.43777525
v 0.83098065 -0.13854122 -0.43616965
v 0.82889384 -0.14307758 -0.43725138
v 0.82709103 -0.14269644 -0.43800559
v 0.82799631 -0.14184187 -0.4419237
v 0.82657271 -0.14113958 -0.44055801
v 0.40141904 1.25762307 -0.83432704
v 0.40345278 1.26051259 -0.83740836
v 0.3976714 1.25808298 -0.83309936
v 0.40194779 1.26406204 -0.8398385
v 0.86132621 0.31268143 -0.99179375
v 0.86571478 0.30748426 -0.9918918
v 0.86791133 0.30809184 -1.00532138
v 0.8624081 0.31263345 -1.00775098
v 0.85471367 0.31522405 -0.99443638
v 0.86594885 0.30811017 -1.01175737
v 0.48444712 0.12668205 -0.63832396
v 0.48608905 0.09037793 -0.65560936
v 0.52052629 0.08568473 -0.65447825
v 0.56595379 0.1442102 -0.6017608
v 0.53871256 0.17937955 -0.58756977
v 0.50714582 0.17035834 -0.60817498
v 0.57224017 0.10767842 -0.64735382
v 0.60049307 0.12368264 -0.62289214
v 0.55570095 0.08167032 -0.66543895
v 0.47375002 0.16614042 -0.62293607
v -0.27663141 0.17514228 -0.80760973
v -0.28160423 0.20597936 -0.79113721
v -0.29584738 0.21209232 -0.80355471
v -0.31564101 0.21565266 -0.81344932
v -0.31582495 0.18366333 -0.83811724
v -0.29424646 0.13345907 -0.84365439
v -0.2754428 0.13870896 -0.82614803
v 0.1838262 1.57249403 -0.88773262
v 0.20786608 1.56141221 -0.89385521
v 0.16317789 1.5854423 -0.86398518
v 0.16005179 1.59869206 -0.87477278
v 0.1763485 1.54166829 -0.87585061
v 0.15851157 1.57709264 -0.85800206
v 0.21009889 1.51383757 -0.87635082
v 0.19246006 1.51026558 -0.88534915
v 0.62381279 0.22951768 -0.3889487
v 0.62316978 0.19580203 -0.36637377
v 0.60535907 0.21773415 -0.33194854
v 0.59835946 0.32219219 -0.35554629
v 0.60314858 0.33207607 -0.39183193
v 0.6100465 0.29276326 -0.39674013
v 0.59827441 0.27900522 -0.30437514
v 0.59653019 0.32168129 -0.31379467
v 0.60075378 0.22932374 -0.29095155
v 0.62503349 0.25047245 -0.41184243
v 0.82567954 -0.1357117 -0.44333487
v 0.82609558 -0.13903833 -0.43914061
v 0.82344287 -0.11565447 -0.44645559
v 0.82396465 -0.11956308 -0.4515087
v -0.01879747 0.13670405 -0.91912651
v 0.40543353 0.4432649 -1.54010629
v 0.41095593 0.44328975 -1.53468537
v 0.41158217 0.43754208 -1.53398668
v 0.40327346 0.43440023 -1.53770816
v 0.39956024 0.43929931 -1.54014003
v 0.40860506 0.43206498 -1.53263557
v 0.82878631 -0.06316002 -0.42474323
v 0.82310062 -0.063985 -0.43138888
v 0.81913423 -0.06380409 -0.44258758
v -0.75744795 0.72461837 -0.56423103
v -0.75555187 0.72311085 -0.53656131
v -0.75844174 0.71102184 -0.51055336
v -0.7924546 0.14342111 -0.6167013
v -0.78406906 0.16026355 -0.60699147
v -0.77790772 0.13012494 -0.6230933
v 0.17449241 1.56485605 -0.82318866
v 0.17337091 1.56116914 -0.82137954
v 0.47956988 0.83311808 -1.02809655
v 0.4804261 0.81091201 -1.03246116
v 0.45191058 0.81240838 -1.03933703
v 0.42507267 0.84845876 -1.0411899
v 0.40449464 0.90088534 -1.04817843
v 0.41470259 0.90809911 -1.04542958
v 0.45044648 0.87683987 -1.03428804
v 0.4818817 0.85399013 -1.02509284
v 0.43399426 0.81209361 -1.04424262
v -0.05266114 0.87769788 -1.14058005
v -0.0522746 0.83312457 -1.12866473
v -0.06360894 0.82749027 -1.13209164
v -0.09180235 0.84317499 -1.14289927
v -0.10345824 0.86298805 -1.1606599
v -0.08420162 0.88769906 -1.1710571
v -0.08368089 0.82170862 -1.13551712
v -0.25341475 1.60128986 -0.25379556
v -0.25812545 1.59520602 -0.24168933
v -0.24212214 1.60799789 -0.23755683
v -0.22426921 1.61917865 -0.24016082
v -0.23279617 1.61835563 -0.25343316
v -0.24229513 1.61143183 -0.26503884
v 0.4255158 -0.1586395 -0.87744826
v 0.42007789 -0.1535335 -0.8753879
v 0.41847786 -0.15150333 -0.88730347
v 0.42090681 -0.15076088 -0.89303374
v 0.42584496 -0.15703222 -0.89077705
v 0.43126943 -0.16169603 -0.87986916
v -0.53125989 1.58246254 -1.05722069
v -0.5337392 1.57837772 -1.05610036
v -0.53273361 1.57918632 -1.05470025
v 0.42018646 -0.11458738 -0.83810752
v 0.41293433 -0.10899554 -0.8459593
v 0.41154313 -0.12490145 -0.85678267
v 0.42017266 -0.13317796 -0.84853971
v 0.42757806 -0.12253375 -0.83228492
v 0.41411984 -0.13669458 -0.86069583
v -0.40035861 0.90279954 -1.46830034
v -0.40160575 0.89659553 -1.47501277
v -0.4125331 0.89929086 -1.46879339
v -0.41961997 0.90210723 -1.45805358
v -0.41159769 0.90560591 -1.45721626
v -0.4011459 0.90665417 -1.45741641
v -0.81750106 0.18436099 -0.30672082
v -0.8037616 0.16405001 -0.28117945
v -0.78833442 0.19174832 -0.24565763
v -0.76230216 0.2065085 -0.20802082
v -0.76401376 0.23832514 -0.2128223
v -0.79516267 0.27027475 -0.25620394
v -0.82448154 0.27625528 -0.30228474
v -0.83111876 0.23881223 -0.31746158
v -0.76081889 0.27348297 -0.21181422
v -0.84096843 0.19994983 -0.34132471
v -0.50484055 -0.08838418 -0.62794256
v -0.51323902 -0.09187075 -0.63139903
v -0.49928093 -0.10529642 -0.64002859
v -0.4928427 -0.10620591 -0.64411091
v -0.49150982 -0.10137321 -0.63941401
v -0.49593403 -0.08504041 -0.62972515
v -0.70023989 0.31952875 -1.40932428
v -0.69676029 0.32047966 -1.40755236
v -0.69706726 0.31918743 -1.40732884
v -0.69798892 0.31785863 -1.4070158
v -0.35667032 0.79318469 -1.37354731
v -0.38193464 0.79947292 -1.36386919
v -0.38432288 0.81220388 -1.39805328
v -0.35465654 0.80958646 -1.41281473
v -0.3330053 0.79382109 -1.3863039
v -0.37850219 0.82018774 -1.42275857
v 0.40566343 1.13172686 -1.15394771
v 0.41092649 1.16410064 -1.14186239
v 0.4494296 1.16822361 -1.14996647
v 0.40646234 1.0907582 -1.17389667
v 0.39023214 1.09234941 -1.1584711
v 0.45765158 1.1142658 -1.19164776
v 0.41767522 1.08284008 -1.19097316
v 0.49646493 1.14582967 -1.1680783
v 0.50195866 1.1269871 -1.18733453
v 0.49218151 1.17191386 -1.14869129
v 0.49929392 1.04152834 -1.52486443
v 0.48906517 1.01938676 -1.50132834
v 0.48715686 1.03353142 -1.49343514
v 0.48954176 1.04853653 -1.48713874
v 0.49785623 1.05721032 -1.51397121
v 0.50370997 1.05863297 -1.52965796
v 0.53172248 1.06284415 -1.55327725
v 0.52407544 1.06485462 -1.55112397
v 0.52864223 1.07676148 -1.54937124
v 0.53947758 1.07477104 -1.55041611
v 0.53963881 1.06239628 -1.55223143
v 0.53529548 1.081097 -1.54742956
v 0.46937221 -0.08483135 -0.86721289
v 0.47547981 -0.09007905 -0.85847216
v 0.46274897 -0.11111821 -0.87292218
v 0.45418357 -0.11896473 -0.88368696
v 0.45389035 -0.10672136 -0.88454878
v 0.46211406 -0.08169443 -0.87645477
v 0.35538825 0.48752763 -1.16207087
v 0.33508837 0.45864591 -1.18296623
v 0.34104001 0.46346485 -1.21528494
v 0.35913053 0.45301401 -1.25007402
v 0.37964206 0.47407767 -1.25083482
v 0.39512914 0.5006693 -1.26210618
v 0.38249489 0.52623635 -1.22980976
v 0.37347176 0.54190206 -1.17111563
v 0.37893781 0.56365871 -1.20150339
v 0.39997196 0.4112519 -1.50583255
v 0.38926452 0.4123322 -1.50888538
v 0.39840897 0.42087897 -1.52468729
v 0.40434891 0.42698001 -1.53044629
v 0.41010132 0.42396163 -1.52298259
v 0.40948677 0.41547101 -1.50319767
v -0.52075654 -0.09476926 -0.65536516
v -0.51521927 -0.0921322 -0.66286039
v -0.50248038 -0.10499265 -0.65689277
v -0.49790135 -0.10783107 -0.65188098
v -0.50486171 -0.10781341 -0.64837503
v -0.52196031 -0.09553042 -0.64576435
v -0.49892669 -0.08559192 -0.66881609
v -0.49054819 -0.08263801 -0.66495519
v -0.48907551 -0.09990352 -0.65806031
v -0.49749949 -0.10287386 -0.65983301
v -0.50765991 -0.08916048 -0.66767644
v -0.49288478 -0.10554563 -0.65487569
v -0.48391711 -0.08027705 -0.6416018
v -0.48934805 -0.0823349 -0.63436806
v -0.48773333 -0.09917561 -0.64241832
v -0.48521879 -0.09799792 -0.65034174
v -0.48273456 -0.07983897 -0.6508094
v -0.48848417 -0.10381186 -0.64738535
v -0.47578111 -0.11334806 -0.79926288
v -0.47001278 -0.12244822 -0.81615513
v -0.45281022 -0.11293556 -0.81125348
v -0.45419108 -0.08911388 -0.78732508
v -0.47696027 -0.08778616 -0.78288316
v -0.43550056 -0.09069988 -0.79912573
v -0.75231552 0.00249333 -0.45003438
v -0.74822258 0.00473586 -0.47494903
v -0.71145582 0.00335904 -0.47658979
v -0.7423281 0.00618583 -0.40905806
v -0.76813274 0.01011634 -0.42324039
v -0.69508087 -0.00155769 -0.39837244
v -0.72503447 0.00430028 -0.38094803
v -0.66819042 0.00146133 -0.44942474
v -0.6630842 0.00245088 -0.40573886
v -0.67530423 0.00804492 -0.48148119
v -0.6349563 0.08991222 -0.56918221
v -0.62386208 0.09943746 -0.57684314
v -0.59753602 0.10299281 -0.56265717
v -0.632878 0.06388168 -0.54483425
v -0.65566766 0.07463175 -0.56546109
v -0.59005796 0.07417874 -0.52115762
v -0.61873883 0.05172956 -0.51915615
v -0.5719819 0.10656026 -0.53736084
v -0.56435984 0.09580915 -0.51704829
v -0.57407474 0.11466646 -0.55116838
v 0.42158401 1.62983214 -0.09544309
v 0.41661179 1.60825169 -0.07618796
v 0.43188583 1.59493744 -0.10496611
v 0.44343787 1.62444281 -0.13435845
v 0.42853459 1.65362894 -0.12073356
v 0.44356492 1.59916806 -0.13835877
v -0.77449053 0.96091222 -0.40058672
v -0.75958836 0.98772203 -0.43339359
v -0.77595239 0.94877052 -0.45629268
v -0.78745484 0.92893832 -0.48177504
v -0.80037117 0.90051543 -0.45999625
v -0.78924888 0.89845347 -0.3817237
v -0.78169238 0.94633799 -0.36825686
v -0.80561375 0.87323129 -0.44921785
v -0.79460871 0.86902928 -0.41867515
v -0.79354322 0.8648895 -0.38626736
v 0.33523765 1.51068961 0.04527215
v 0.33584347 1.50142979 0.0342308
v 0.35156071 1.48980474 0.04488368
v 0.35533684 1.50100958 0.05755073
v 0.3405022 1.52005815 0.05276603
v 0.36282685 1.48957729 0.05110031
v -0.52898192 1.58074045 -1.05464649
v -0.53443199 1.568493 -1.04650414
v -0.53057366 1.56998181 -1.04463768
v -0.52611339 1.57007515 -1.04599416
v -0.7580989 0.12627708 -0.61704921
v 0.33960714 1.61632549 -0.89265394
v 0.32390761 1.63371002 -0.92636215
v 0.33367618 1.65652632 -0.90683102
v 0.34886774 1.66375577 -0.85694783
v 0.37013781 1.6537857 -0.82084345
v 0.37930604 1.63555753 -0.81799823
v 0.36961701 1.61925375 -0.83979326
v 0.34850943 1.60370492 -0.87145477
v 0.38246339 1.62592053 -0.81557405
v 0.15741933 1.81834709 -1.07145953
v 0.16188971 1.78417301 -1.06230449
v 0.14561446 1.78778731 -1.05162274
v 0.13329109 1.79522192 -1.03940844
v 0.1394678 1.82551765 -1.05546164
v 0.14925238 1.83992838 -1.06844162
v 0.38239964 0.48396903 -1.11312234
v 0.35926863 0.46396958 -1.13734877
v 0.40292528 0.53547203 -1.09373092
v 0.39896383 0.49467974 -1.08680045
v 0.38746887 0.58892196 -1.14697063
v 0.39808857 0.58154743 -1.11739897
v 0.41146448 0.58437156 -1.0885365
v 0.23246374 0.0192957 -1.33427786
v 0.22989603 0.02911078 -1.33166563
v 0.24296291 0.03299114 -1.33261621
v 0.24757188 0.02082435 -1.3356235
v 0.2369578 0.01061728 -1.33396983
v 0.25197628 0.03097508 -1.3332417
v 0.27196893 0.02828399 -1.30636692
v 0.27182251 0.01840769 -1.30583953
v 0.26732271 0.01822887 -1.31888246
v 0.26689511 0.03071395 -1.3216269
v 0.26947656 0.03772316 -1.30804801
v 0.26388675 0.02127529 -1.32664334
v 0.26682415 -0.00037292 -1.29042327
v 0.26731392 -0.00517612 -1.2682656
v 0.25742802 -0.01645489 -1.27205252
v 0.24621368 -0.02501964 -1.27986145
v 0.25557163 -0.01042999 -1.29753971
v 0.26282638 -0.00029038 -1.3033545
v 0.54454147 1.08719611 -1.53564584
v 0.5368331 1.08617615 -1.54079639
v 0.53232657 1.08874857 -1.53366458
v 0.53284031 1.09170532 -1.51600456
v 0.5448212 1.09197294 -1.5169146
v 0.55526197 1.08820569 -1.52031171
v 0.25081229 -0.04017262 -0.98157602
v 0.24476994 -0.05052467 -0.96199387
v 0.20489592 -0.06549187 -0.96413856
v 0.24054268 -0.02834135 -1.02551877
v 0.25888395 -0.02252584 -0.99676716
v 0.17118015 -0.08055266 -1.00657272
v 0.17320442 -0.07806754 -1.05761063
v 0.20749913 -0.05685469 -1.0569005
v 0.16238711 -0.07938832 -0.96151214
v 0.23523201 -0.03099379 -1.06254077
v 0.56409055 1.06062698 -1.53396666
v 0.57657086 1.04933047 -1.51677393
v 0.57066255 1.0363903 -1.52233529
v 0.56069052 1.02710223 -1.52858424
v 0.55549418 1.04941272 -1.54075968
v 0.55531394 1.06256544 -1.54276347
v -0.00127265 0.15765011 -0.97392177
v -0.00962466 0.17461626 -0.96112483
v -0.00572845 0.20929376 -0.97578865
v -0.00282038 0.26021173 -0.99552226
v 0.01265551 0.25908875 -1.01882171
v 0.02983583 0.15437062 -1.01597404
v 0.01276298 0.12144769 -0.99420666
v 0.72225451 0.55935704 -0.70534348
v 0.75840282 0.56540083 -0.67026084
v 0.75610619 0.51777988 -0.67155468
v 0.76251298 0.47925338 -0.66851037
v 0.73284673 0.46330305 -0.70777112
v 0.68298703 0.51508808 -0.73955267
v 0.69291424 0.56514453 -0.7299087
v 0.71047061 0.43797737 -0.74133688
v 0.69039326 0.45933637 -0.74765908
v 0.67053598 0.47268116 -0.76151913
v 0.62185078 0.17634506 -0.80935335
v 0.63966637 0.17670193 -0.82213443
v 0.6568281 0.15448062 -0.80350971
v 0.68149185 0.14123153 -0.78049671
v 0.65400797 0.12911881 -0.75130653
v 0.62978458 0.11484872 -0.71197491
v 0.59329879 0.10631336 -0.76078987
v 0.60716605 0.14487685 -0.78329879
v 0.61027354 0.17674876 -0.8062542
v 0.60384571 0.1046902 -0.67383396
v 0.58436042 0.08562514 -0.69138747
v 0.56727349 0.0494907 -0.6990441
v 0.57863098 0.05572653 -0.72695338
v 0.57674372 0.0604652 -0.74999225
v -0.37890222 0.91262704 -1.43211042
v -0.36302417 0.92104131 -1.40897476
v -0.3461748 0.91531062 -1.42101585
v -0.33308821 0.90858274 -1.43321538
v -0.35977241 0.90654486 -1.44437277
v -0.37843149 0.90815079 -1.44660222
v 0.52117186 1.15920221 -0.19440171
v 0.48282799 1.15922153 -0.22289182
v 0.4925791 1.13021636 -0.24521488
v 0.58194857 1.1468085 -0.18749646
v 0.55986005 1.17296707 -0.17236852
v 0.58800905 1.09173643 -0.20640935
v 0.6133185 1.11671674 -0.19045124
v 0.49653533 1.09791147 -0.27108568
v 0.53362727 1.08301329 -0.2464293
v 0.57193315 1.06169843 -0.22534768
v 0.21734434 1.83199989 -1.07135605
v 0.20366539 1.82365715 -1.07955384
v 0.19477205 1.84816551 -1.08152329
v 0.21008504 1.86051964 -1.07042074
v 0.22609987 1.84255361 -1.05933773
v 0.19103051 1.86686956 -1.07587957
v 0.14925864 1.87212026 -1.02038645
v 0.16221085 1.87830019 -1.01630079
v 0.16552044 1.88338506 -1.03384447
v 0.15143542 1.87875938 -1.04384684
v 0.14038088 1.86626851 -1.03144645
v 0.16738066 1.88545906 -1.04970443
v 0.17163731 1.5623635 -0.8250525
v 0.17216543 1.56447529 -0.8263278
v 0.24006144 1.52330458 -0.85353946
v 0.28306967 1.52359187 -0.86021012
v 0.29743501 1.51620757 -0.86828738
v 0.28811079 1.50295913 -0.87520039
v 0.31209564 1.50685346 -0.88563245
v -0.34965273 0.16283375 -0.86735379
v -0.36146381 0.1597263 -0.86223894
v -0.38095346 0.15266254 -0.89480239
v -0.41548594 0.15861395 -0.91853213
v -0.41247263 0.17764598 -0.93190866
v -0.41509631 0.20706607 -0.95105141
v -0.34748569 0.15031339 -0.89820885
v -0.33365398 0.1571308 -0.86717259
v -0.4063113 0.47888672 -1.07288599
v -0.43104818 0.46874034 -1.08847427
v -0.45535385 0.50035589 -1.11419534
v -0.39062157 0.52137714 -1.07560813
v -0.3846386 0.48220762 -1.05834817
v -0.42857688 0.57507777 -1.10668456
v -0.39255172 0.56590431 -1.0889945
v 0.17606535 1.88168799 -1.01720142
v 0.17816743 1.86922597 -0.99431109
v 0.19632439 1.86956083 -1.00009071
v 0.21206829 1.86621391 -1.01226306
v 0.19580911 1.88309884 -1.02789962
v 0.17914909 1.8873142 -1.03313136
v 0.32181224 0.60299241 -0.89616972
v 0.32953563 0.60358375 -0.87132024
v 0.33863318 0.59648317 -0.84476429
v -0.15507157 0.03084431 -0.80272579
v -0.17873837 0.03520089 -0.80978196
v -0.17685084 0.00821061 -0.82402849
v -0.17082229 -0.00959115 -0.8316034
v -0.15010866 -0.00117344 -0.81842637
v -0.13443388 0.02306293 -0.80223482
v -0.5208444 -0.10210912 -0.83068662
v -0.52216136 -0.09812282 -0.85040599
v -0.50476443 -0.11360272 -0.85023731
v -0.49914264 -0.11949585 -0.83043205
v -0.510104 -0.10623066 -0.81500548
v -0.49117675 -0.12071225 -0.84431582
v -0.46849006 -0.11857186 -0.84928971
v -0.45233702 -0.10472918 -0.85741019
v -0.44531202 -0.10883691 -0.84221684
v -0.44516897 -0.11183714 -0.82550865
v -0.46499598 -0.12170548 -0.8299368
v -0.47831407 -0.12294034 -0.83670139
v -0.51399606 -0.0644825 -0.87582731
v -0.51676428 -0.03824055 -0.87525355
v -0.49966207 -0.03872153 -0.88531923
v -0.47926905 -0.04178753 -0.88965523
v -0.48813229 -0.06688846 -0.88726323
v -0.50086599 -0.08423105 -0.87914252
v -0.69862955 0.32668632 -1.39978039
v -0.69307667 0.33478975 -1.37539434
v -0.68688285 0.33497616 -1.37769055
v -0.69444984 0.32538065 -1.40167903
v -0.69905924 0.32382038 -1.40598821
v -0.68193125 0.3328309 -1.37984907
v 0.16478915 1.71170997 -0.17126365
v 0.1400022 1.70583879 -0.16087782
v 0.16120712 1.69095146 -0.12319439
v 0.19660432 1.7021029 -0.14009948
v 0.19493886 1.7207694 -0.17622175
v 0.18969172 1.68690562 -0.11146505
v 0.26658302 1.2545284 -0.65907031
v 0.261011 1.26652097 -0.63587707
v 0.26130971 1.28839027 -0.59650415
v 0.223348 1.27061235 -0.60153877
v 0.18322245 1.26468646 -0.59846556
v 0.16577819 1.23891139 -0.64385592
v 0.13318464 1.21342718 -0.68470001
v 0.43411725 1.51286363 -0.3430598
v 0.43194794 1.50489985 -0.33630526
v 0.42831128 1.507658 -0.34270876
v 0.4373556 1.50190031 -0.33762663
v -0.84402948 -0.10827537 -0.44984367
v -0.84908694 -0.09614686 -0.45720619
v -0.8450036 -0.09696323 -0.46033993
v -0.83903706 -0.09545095 -0.45909342
v -0.83827698 -0.10761868 -0.45210772
v -0.84016329 -0.11381594 -0.44875055
v -0.82913744 -0.11650218 -0.43906492
v -0.83313667 -0.11671739 -0.44247546
v -0.87381571 0.19854034 -0.54632866
v -0.87046611 0.24286533 -0.5408073
v -0.838961 0.23854427 -0.54468226
v -0.84346646 0.15691715 -0.5513615
v -0.87561476 0.16003222 -0.54659813
v -0.81321007 0.24307528 -0.5355916
v -0.81415939 0.21138955 -0.53574895
v -0.8030368 0.19215607 -0.53364729
v -0.81486791 0.17160029 -0.54601019
v -0.82173448 0.15372139 -0.55315071
v -0.78808486 0.2146821 -0.51796817
v -0.79019051 0.25176489 -0.51987522
v -0.7756282 0.24334509 -0.50715315
v -0.68506765 -0.17950375 -0.15337434
v -0.67677456 -0.18610841 -0.15092039
v -0.67905581 -0.177688 -0.14792539
v -0.69652688 -0.15741564 -0.15292114
v -0.69857287 -0.15991628 -0.15928652
v -0.69165468 -0.15538181 -0.14847859
v -0.66961675 -0.14315912 -0.14850384
v -0.54649138 1.07119524 -0.1301828
v -0.54120516 1.04367387 -0.14768594
v -0.51019209 1.05080378 -0.18279831
v -0.5275492 1.12093663 -0.139288
v -0.56792044 1.10240781 -0.1061985
v -0.47909161 1.11905705 -0.21183472
v -0.49744251 1.14219486 -0.1774874
v -0.48505967 1.07905733 -0.22204473
v -0.47096145 1.10387933 -0.24557477
v -0.49525463 1.05451393 -0.21427945
v -0.50313943 1.01879906 -0.22452507
v -0.49365422 1.02762353 -0.25562003
v -0.48790836 1.04326701 -0.28243842
v -0.48259785 1.068048 -0.2540434
v -0.6672697 0.98060572 -0.01634102
v -0.65618044 0.99683046 -0.04243725
v -0.67469519 1.01692521 -0.03656673
v -0.69190275 1.03076767 -0.02822771
v -0.69122719 1.00013685 -0.00605555
v -0.68145865 0.97297018 -0.00365552
v -0.82436716 0.86022526 -0.62446022
v -0.23911202 1.56213283 -0.22651617
v -0.22021667 1.5609101 -0.22726148
v -0.22261606 1.58013963 -0.22663556
v -0.22981812 1.59483635 -0.2271744
v -0.24791297 1.58357048 -0.22759698
v -0.25282433 1.56575691 -0.23101276
v -0.83946102 -0.11670413 -0.44021824
v -0.83776873 -0.11777807 -0.4438577
v 0.7650299 0.95340424 -0.03744179
v 0.77840769 0.97798401 -0.05851928
v 0.77017933 0.9950062 -0.0427447
v 0.75676673 1.00842678 -0.02666067
v 0.74896639 0.97191035 -0.01764249
v 0.74829024 0.94507223 -0.02041934
v 0.80292815 0.14389826 -0.44309392
v 0.81422901 0.12720637 -0.44695451
v 0.78321319 0.10640372 -0.38298305
v 0.75690496 0.11028958 -0.39695805
v 0.80489653 0.10592435 -0.36242851
v 0.83292228 0.27200302 -1.00395929
v 0.82707351 0.27775558 -1.00397491
v 0.84273475 0.29019078 -1.01214647
v 0.85175156 0.29348027 -1.01450693
v 0.85096931 0.28533831 -1.01194584
v 0.84081316 0.26788473 -1.00230252
v 0.86783021 0.29026529 -1.00126349
v 0.86941707 0.29817399 -1.00506997
v 0.86895424 0.29823643 -0.99597024
v 0.86850136 0.28106644 -0.98020434
v 0.86535203 0.2738913 -0.98576289
v 0.86748451 0.28966251 -0.97580647
v 0.0425671 0.93284374 -1.20384323
v 0.0481156 0.88653934 -1.21009373
v 0.02586939 0.88263183 -1.1925764
v 0.00904286 0.88311415 -1.17338478
v 0.01599973 0.93915927 -1.18287205
v 0.03348837 0.96735411 -1.19482278
v 0.00675921 0.93635934 -1.17310214
v 0.02611685 0.97531127 -1.18786418
v 0.04411811 0.98831003 -1.19785881
v 0.05418278 0.97006213 -1.20681107
v 0.06574239 0.9336403 -1.21621668
v 0.07519038 0.89090192 -1.22426533
v 0.08208987 0.97188675 -1.21654069
v 0.09353862 0.9371404 -1.22583937
v 0.10491981 0.89753907 -1.23433995
v 0.11542442 0.85593706 -1.24164795
v 0.08318357 0.84815317 -1.23056292
v 0.12642715 0.94409549 -1.23192858
v 0.13853971 0.90618431 -1.24120211
v 0.15057191 0.86585146 -1.24876201
v 0.1621043 0.82488322 -1.25496316
v 0.12532922 0.8142485 -1.24715006
v 0.17554594 0.91694927 -1.24251663
v 0.18803608 0.87802887 -1.25128471
v 0.20014467 0.8378309 -1.2585808
v 0.21179968 0.79791981 -1.26651608
v 0.17344142 0.78389644 -1.26064884
v 0.22786057 0.89039772 -1.24709451
v 0.2396886 0.85032194 -1.25495576
v 0.25122928 0.8103038 -1.26390636
v 0.26220709 0.77029538 -1.27197146
v 0.22361895 0.75804048 -1.27231311
v 0.27756154 0.85600668 -1.24157226
v 0.28810721 0.8154394 -1.25054645
v 0.29880535 0.77539289 -1.25998067
v 0.30779564 0.73586416 -1.26792812
v 0.27211472 0.73087662 -1.27918446
v 0.31947529 0.81274688 -1.22586178
v 0.32978355 0.77308028 -1.2364639
v 0.3380683 0.73357015 -1.24513757
v 0.3447403 0.69532948 -1.25533688
v 0.31602883 0.69821268 -1.27745771
v 0.35216045 0.76184248 -1.20367074
v 0.35882154 0.72192454 -1.21336853
v 0.3642233 0.68235582 -1.22513198
v 0.36906603 0.64515686 -1.24054956
v 0.35104525 0.65797102 -1.26880919
v 0.3728083 0.70470345 -1.1789397
v 0.37619763 0.66349339 -1.19244623
v 0.37855118 0.62432909 -1.20928168
v 0.3821541 0.58807981 -1.23036587
v 0.37471064 0.61002099 -1.25916552
v 0.38463756 0.64740705 -1.16003656
v 0.38270589 0.60456508 -1.17783904
v 0.39507779 0.63667184 -1.13160121
v 0.38495475 0.69059187 -1.14702093
v 0.3975754 0.68245869 -1.12106275
v 0.40968057 0.67930126 -1.09809982
v 0.406502 0.63223493 -1.10638272
v 0.42147263 0.67904508 -1.07616424
v 0.41785708 0.63331401 -1.0820955
v 0.43471863 0.67891424 -1.05610537
v 0.43050786 0.63510525 -1.05971694
v 0.4235723 0.58884775 -1.06292033
v 0.41521233 0.54321372 -1.0638591
v 0.45487079 0.63460916 -1.05055296
v 0.44656097 0.59040427 -1.0483675
v 0.43682989 0.54693085 -1.04469728
v 0.42783585 0.50479745 -1.03898906
v 0.40844234 0.50147193 -1.05885291
v 0.47275385 0.58963263 -1.04255282
v 0.4645614 0.54672032 -1.03958296
v 0.45621946 0.50460463 -1.03396141
v 0.44827163 0.46316725 -1.02573597
v 0.42155364 0.46239629 -1.03105139
v 0.49310886 0.54619503 -1.02719116
v 0.4840604 0.5048868 -1.02153229
v 0.47557997 0.46397864 -1.01328992
v 0.46802941 0.42255193 -1.00380384
v 0.44328966 0.42124432 -1.01563096
v 0.51569563 0.50385177 -1.00164043
v 0.50577187 0.46324825 -0.99436354
v 0.49589616 0.4221386 -0.98620593
v 0.48768359 0.37985667 -0.9755783
v 0.46129295 0.38000577 -0.9924643
v 0.53870099 0.46048808 -0.96765017
v 0.52845746 0.4191592 -0.96098673
v 0.51850336 0.37681731 -0.95256775
v 0.5100035 0.33453726 -0.94223898
v 0.48063725 0.33703184 -0.96357613
v 0.55756574 0.41300523 -0.93046903
v 0.54711878 0.37082558 -0.92540979
v 0.53877365 0.32896935 -0.91821652
v 0.5314641 0.28863325 -0.90893012
v 0.50379031 0.29283347 -0.93058592
v 0.57188803 0.36279198 -0.89772069
v 0.56265789 0.32260003 -0.8945387
v 0.554838 0.28357994 -0.88891023
v 0.54876142 0.24630171 -0.8807708
v 0.52572667 0.24997127 -0.89918178
v 0.58195531 0.31562224 -0.87595939
v 0.57364177 0.27835354 -0.87206763
v 0.56791645 0.2426341 -0.86556291
v 0.56383532 0.20735609 -0.85643786
v 0.54435366 0.21029412 -0.87171286
v 0.58798599 0.27362316 -0.85874378
v 0.58181393 0.23935219 -0.85301983
v 0.57776016 0.20552608 -0.8433063
v 0.57495653 0.17289543 -0.83099544
v 0.56066387 0.1738653 -0.84562075
v 0.59198218 0.2375051 -0.8416683
v 0.58817923 0.2052505 -0.83225864
v 0.58657693 0.17358337 -0.81873679
v 0.58274292 0.1414508 -0.80511921
v 0.57064437 0.14076189 -0.81945598
v 0.5977016 0.20639303 -0.82369583
v 0.59803199 0.17546367 -0.80994242
v 0.59406453 0.14325556 -0.79223561
v 0.58409315 0.10648685 -0.77827656
v 0.5744363 0.10695128 -0.79458779
v 0.56250768 0.06887408 -0.78874295
v 0.55129796 0.07263685 -0.80682188
v 0.56257391 0.10752318 -0.81119418
v 0.57095599 0.06464615 -0.77051252
v 0.5568332 0.02384815 -0.76960647
v 0.54886353 0.03075867 -0.78809464
v 0.56305325 0.01772861 -0.74999672
v 0.54853999 -0.02124038 -0.75561964
v 0.54345172 -0.01330424 -0.77339381
v 0.56357252 0.01336409 -0.72838872
v 0.54853028 -0.02737933 -0.73722654
v 0.53145688 -0.06426658 -0.75474733
v 0.53250342 -0.05619994 -0.76983714
v 0.55541133 0.01010822 -0.70681965
v 0.54143112 -0.03117864 -0.72046351
v 0.52422416 -0.06915977 -0.74152278
v 0.50705617 -0.09754362 -0.76705062
v 0.51462638 -0.09255151 -0.77734684
v 0.52638346 -0.03146192 -0.70819288
v 0.51198852 -0.07008595 -0.73183244
v 0.49627554 -0.09869945 -0.75932323
v 0.48194226 -0.11935253 -0.78582596
v 0.49181217 -0.11862771 -0.79232472
v 0.49683156 -0.06702551 -0.72787779
v 0.48375558 -0.09554444 -0.75517487
v 0.47100085 -0.11643754 -0.78187823
v 0.45897284 -0.13298848 -0.80659478
v 0.46846497 -0.1354843 -0.81043469
v 0.47058996 -0.08877687 -0.75538164
v 0.46049869 -0.10950309 -0.78199499
v 0.45022657 -0.12625052 -0.80637323
v 0.44075748 -0.13909652 -0.82762169
v 0.44827863 -0.14479291 -0.82857078
v 0.450982 -0.09937121 -0.78588002
v 0.44267952 -0.1172686 -0.80922877
v 0.43423542 -0.13111624 -0.82888674
v 0.42562383 -0.14083045 -0.84680354
v 0.43183562 -0.14801494 -0.8462919
v 0.4345628 -0.10725155 -0.81463539
v 0.44183459 -0.08753557 -0.79246491
v 0.4315432 -0.07758563 -0.8027724
v 0.42651063 -0.09881394 -0.82159292
v 0.42050811 -0.07019327 -0.81585162
v 0.41730213 -0.0912969 -0.83116346
v 0.41019576 -0.06512442 -0.83061116
v 0.4090712 -0.08685797 -0.84299218
v 0.40722596 -0.10603656 -0.85518598
v 0.40769788 -0.12290959 -0.8646506
v 0.40404236 -0.08449054 -0.85565352
v 0.40396323 -0.10396479 -0.86560267
v 0.40600401 -0.12045017 -0.87403821
v 0.40904164 -0.13411954 -0.87993669
v 0.41054245 -0.13591663 -0.86995428
v 0.40441578 -0.10179682 -0.87541955
v 0.4067128 -0.11825168 -0.88260471
v 0.41070586 -0.13203617 -0.88800203
v 0.41587758 -0.14262227 -0.89156448
v 0.41368016 -0.14441937 -0.88404488
v 0.41049522 -0.11643783 -0.89014822
v 0.41470035 -0.13029755 -0.8941695
v 0.41915696 -0.14170023 -0.8965435
v 0.42444139 -0.15025769 -0.89598065
v 0.41921368 -0.12912268 -0.89892137
v 0.42328551 -0.14100429 -0.90008139
v 0.42805978 -0.15018083 -0.89827954
v 0.43373933 -0.15621654 -0.89367067
v 0.42999857 -0.15705812 -0.89247888
v 0.44093757 -0.15927262 -0.88587975
v 0.43667963 -0.16125328 -0.88276755
v 0.44955864 -0.15825784 -0.87405228
v 0.4442864 -0.16098131 -0.86985623
v 0.43785271 -0.16029512 -0.86632603
v 0.45360979 -0.15600107 -0.85462057
v 0.44639563 -0.15553787 -0.85052639
v 0.4390825 -0.1528916 -0.84770947
v 0.43140626 -0.15733809 -0.86375755
v 0.42486107 -0.15248635 -0.86197716
v 0.41887238 -0.14541724 -0.86106729
v 0.41467174 -0.1461769 -0.87319976
v 0.45666632 -0.14723855 -0.83202105
v 0.4640944 -0.1472021 -0.83692359
v 0.47706511 -0.13490906 -0.81610763
v 0.47033864 -0.14415356 -0.84301251
v 0.48375096 -0.13103073 -0.82291334
v 0.49850088 -0.1138333 -0.80061429
v 0.48678317 -0.1241138 -0.83031565
v 0.50160485 -0.10609267 -0.8097558
v 0.51701229 -0.08395329 -0.78882932
v 0.500422 -0.0964434 -0.81851285
v 0.51467472 -0.07320434 -0.80088162
v 0.52886986 -0.04603737 -0.78478694
v 0.51037412 -0.06211201 -0.81250977
v 0.52323031 -0.03520974 -0.79944378
v 0.53610307 -0.00441513 -0.79102134
v 0.51598846 -0.02482581 -0.81499946
v 0.52714788 0.00453327 -0.80890667
v 0.53900498 0.03754241 -0.80612522
v 0.51652473 0.0127197 -0.82640194
v 0.52660453 0.04375949 -0.82476657
v 0.53726792 0.07644037 -0.8254432
v 0.51127857 0.04889295 -0.84314036
v 0.51954966 0.08008672 -0.84413743
v 0.5278815 0.11183635 -0.84767979
v 0.54780364 0.10935698 -0.82871598
v 0.53477555 0.14364935 -0.85419786
v 0.55629301 0.14152281 -0.83510637
v 0.54024726 0.17622675 -0.86234509
v 0.51080578 0.14546607 -0.87278991
v 0.5161373 0.17852893 -0.88062149
v 0.52091473 0.21320621 -0.88939547
v 0.49156123 0.17954041 -0.8981617
v 0.49557167 0.21505582 -0.90776115
v 0.49944493 0.25274112 -0.91872084
v 0.46908667 0.21569384 -0.92598575
v 0.4716278 0.25413045 -0.93816471
v 0.47529515 0.29478469 -0.95090252
v 0.44562831 0.25401574 -0.95533043
v 0.4493221 0.29477497 -0.96795165
v 0.4546903 0.33689069 -0.98029202
v 0.42765295 0.29364028 -0.98131179
v 0.43316546 0.33557191 -0.9928267
v 0.43851092 0.37860357 -1.00514864
v 0.41307908 0.33364215 -1.00389909
v 0.41645687 0.37644594 -1.0134896
v 0.4186663 0.41931667 -1.02243721
v 0.39545586 0.37498119 -1.02386021
v 0.39919242 0.41699594 -1.03587579
v 0.40311545 0.45942181 -1.04816484
v 0.39415976 0.4124751 -1.05934417
v 0.39732146 0.45387095 -1.0731858
v 0.38309165 0.40547549 -1.08043551
v 0.38307258 0.44517776 -1.09619426
v 0.36210745 0.39220064 -1.10126447
v 0.3616454 0.43001699 -1.11824309
v 0.33203235 0.3774732 -1.1211121
v 0.3327274 0.41243836 -1.13737547
v 0.33138135 0.44246405 -1.1551373
v 0.29846325 0.39680728 -1.15263235
v 0.30060654 0.42572557 -1.17018389
v 0.30575341 0.44583833 -1.1926701
v 0.31784582 0.44979426 -1.22337758
v 0.33560594 0.43973761 -1.25596523
v 0.3111954 0.43472817 -1.2661823
v 0.32768335 0.41879206 -1.29945862
v 0.35237038 0.422618 -1.29010999
v 0.28870418 0.43892034 -1.27881836
v 0.30504208 0.42382749 -1.31211638
v 0.32201916 0.40773767 -1.34845292
v 0.34363639 0.40242901 -1.33790671
v 0.27036944 0.45287534 -1.29345667
v 0.28749391 0.43688416 -1.32643985
v 0.30531624 0.41986668 -1.36104166
v 0.32484266 0.4092746 -1.39742755
v 0.33978569 0.39764452 -1.38830602
v 0.2776407 0.45606514 -1.34064173
v 0.29576212 0.43757635 -1.37332773
v 0.31520819 0.42568206 -1.40608859
v 0.331889 0.41994798 -1.43830275
v 0.34132936 0.40590754 -1.43221676
v 0.29561108 0.45861569 -1.38318729
v 0.31262296 0.44466248 -1.41341173
v 0.32833129 0.43651086 -1.44328475
v 0.34189707 0.43257388 -1.47107076
v 0.3465532 0.41851422 -1.46797108
v 0.31762033 0.46374079 -1.41885244
v 0.33142063 0.45399877 -1.44667661
v 0.34388577 0.44823932 -1.47255635
v 0.35629695 0.44571027 -1.49594223
v 0.35557571 0.43246629 -1.49548244
v 0.3408856 0.469262 -1.44736814
v 0.3518036 0.46180889 -1.47203517
v 0.36252036 0.45724844 -1.49481701
v 0.36379987 0.47113904 -1.46965944
v 0.37211138 0.46496626 -1.4924457
v 0.38136851 0.45995208 -1.51273429
v 0.39027106 0.45277288 -1.53092467
v 0.38430094 0.46875953 -1.48887217
v 0.39030182 0.46316552 -1.51020765
v 0.39728519 0.45507776 -1.52945733
v 0.40198329 0.44898292 -1.53847694
v 0.39586108 0.44545719 -1.53915441
v 0.39348566 0.43503347 -1.53684127
v 0.39834836 0.43019938 -1.53410422
v 0.39086744 0.42467349 -1.52668976
v 0.38508579 0.42981293 -1.52947998
v 0.38007506 0.41665312 -1.51206326
v 0.37310016 0.42447742 -1.51400756
v 0.36833807 0.41061466 -1.49062812
v 0.35996785 0.42020955 -1.49359715
v 0.35552671 0.40712174 -1.46400225
v 0.37927824 0.40444091 -1.48732054
v 0.36795437 0.39892622 -1.45962834
v 0.35526877 0.39608895 -1.4262793
v 0.38208466 0.39619818 -1.45518136
v 0.37138128 0.392273 -1.42073226
v 0.35894611 0.39292937 -1.380849
v 0.38816082 0.39549252 -1.41639864
v 0.37858989 0.39632824 -1.37570989
v 0.36651489 0.40596744 -1.33121895
v 0.39617022 0.4067102 -1.37368059
v 0.38682714 0.41761139 -1.32957458
v 0.37570065 0.43477177 -1.28621316
v 0.40268605 0.43401697 -1.33255887
v 0.39475193 0.45363664 -1.28915536
v 0.41115298 0.45420032 -1.33983504
v 0.40668258 0.47521048 -1.29933965
v 0.41041272 0.47537943 -1.35065603
v 0.40678697 0.49749398 -1.31453979
v 0.39928993 0.52615308 -1.28125262
v 0.39716687 0.51627749 -1.332075
v 0.39052698 0.5449782 -1.30433034
v 0.38221776 0.5766077 -1.28050208
v 0.38963231 0.55567234 -1.25366413
v 0.37277913 0.55668664 -1.32558202
v 0.3649058 0.58841002 -1.30429041
v 0.35751882 0.62242674 -1.2853415
v 0.33913794 0.59187954 -1.32090854
v 0.33129507 0.62582635 -1.30379962
v 0.32427769 0.6614412 -1.28917682
v 0.29854479 0.61975807 -1.31076872
v 0.28996896 0.65518975 -1.29747223
v 0.28091287 0.69255346 -1.28710174
v 0.24458365 0.67968291 -1.28483068
v 0.23417544 0.71871155 -1.27868092
v 0.20619979 0.66381692 -1.27218306
v 0.19557952 0.70387351 -1.26822829
v 0.1849209 0.74358975 -1.2641462
v 0.154594 0.69169056 -1.25321793
v 0.14502385 0.73191911 -1.25228977
v 0.13513684 0.77283608 -1.25046026
v 0.1054978 0.72417503 -1.23764503
v 0.09798214 0.76494818 -1.23719501
v 0.09058923 0.80622082 -1.23487329
v 0.06436922 0.76061046 -1.21862483
v 0.05926568 0.80108356 -1.21752214
v 0.0542013 0.84230583 -1.21484029
v 0.03234444 0.7982952 -1.19558572
v 0.02886702 0.83816099 -1.19394671
v 0.01059664 0.79834181 -1.17078936
v 0.00931572 0.83668714 -1.17089164
v -0.00087697 0.80120116 -1.15384852
v -0.00013499 0.83902478 -1.15581512
v 0.00197774 0.88410913 -1.16178607
v -0.00406828 0.84131133 -1.14505434
v -0.00287567 0.88669127 -1.15158188
v 0.00131194 0.93677836 -1.16443812
v -0.00530329 0.88867908 -1.14279556
v -0.00214558 0.93833524 -1.15669715
v 0.01100163 0.98183089 -1.17174828
v 0.01772993 0.97946947 -1.18009185
v 0.02492133 1.00722909 -1.18152153
v 0.03450882 0.99981647 -1.18964576
v 0.04581885 1.02944111 -1.18835771
v 0.05800671 1.01671743 -1.19766187
v 0.07069861 0.99752587 -1.20749759
v 0.08950226 1.02985107 -1.20175111
v 0.1025899 1.00544476 -1.21193826
v 0.11467345 0.97733187 -1.22188437
v 0.14020478 1.01460659 -1.21113085
v 0.15230803 0.98563444 -1.22130453
v 0.16358065 0.95307558 -1.23205936
v 0.19581772 0.99408835 -1.2146188
v 0.20542216 0.96312117 -1.22489631
v 0.2162918 0.92819559 -1.23632288
v 0.258877 0.93243092 -1.21961605
v 0.26762872 0.89561522 -1.23168969
v 0.30061346 0.92407131 -1.1911273
v 0.30462938 0.89007777 -1.20417773
v 0.31105512 0.85247939 -1.21582269
v 0.33401244 0.87223017 -1.16803777
v 0.33727204 0.8379926 -1.1803658
v 0.34389543 0.80084568 -1.19240045
v 0.35672473 0.81943303 -1.1473267
v 0.36147806 0.78407216 -1.15720033
v 0.36772489 0.74531894 -1.16779446
v 0.37863904 0.7704339 -1.12967681
v 0.38298803 0.73239523 -1.13716197
v 0.39476063 0.7624706 -1.10579085
v 0.39699727 0.72495776 -1.11305046
v 0.40808484 0.75860303 -1.08483529
v 0.40974944 0.72204148 -1.09126341
v 0.42084294 0.75669878 -1.06538415
v 0.42181724 0.72120773 -1.07008922
v 0.43791952 0.75599104 -1.05154633
v 0.43840718 0.72035491 -1.05221295
v 0.45995634 0.75608611 -1.04671549
v 0.46150451 0.7201026 -1.04996132
v 0.45979395 0.67840671 -1.05095052
v 0.48540648 0.71878486 -1.04176354
v 0.48407492 0.67707669 -1.04320907
v 0.47970315 0.63333344 -1.04395294
v 0.50964784 0.67384147 -1.02888631
v 0.50617253 0.63117229 -1.02964997
v 0.50057578 0.58843195 -1.02925431
v 0.53713977 0.62718808 -1.00717461
v 0.53213346 0.58574551 -1.00646948
v 0.52506399 0.54461067 -1.00507152
v 0.56484723 0.58127617 -0.97498494
v 0.55799448 0.54132235 -0.97393643
v 0.54922187 0.50106966 -0.97195655
v 0.58811634 0.53527659 -0.9348315
v 0.57920646 0.49556848 -0.93440628
v 0.56880748 0.45487108 -0.93309378
v 0.60646361 0.48526406 -0.89577728
v 0.59530711 0.44436061 -0.8975057
v 0.58330303 0.40332105 -0.89895463
v 0.61821883 0.43151831 -0.86770826
v 0.60536736 0.39172789 -0.87286937
v 0.59271246 0.35347303 -0.87598472
v 0.61889821 0.3828032 -0.85467594
v 0.6070975 0.34540343 -0.85991883
v 0.59630644 0.30891957 -0.8610847
v 0.6159017 0.338216 -0.84509158
v 0.60619962 0.3037295 -0.84812057
v 0.59801662 0.27009806 -0.84694564
v 0.61351937 0.29953691 -0.83589226
v 0.60616207 0.26781213 -0.83628004
v 0.60049116 0.23679989 -0.83224338
v 0.61499255 0.26583528 -0.8280394
v 0.61039203 0.2359118 -0.82503002
v 0.60872197 0.20675015 -0.81906253
v 0.62031602 0.23423673 -0.8292756
v 0.61893254 0.20525585 -0.82341927
v 0.62923729 0.23285123 -0.84001165
v 0.63085478 0.2040909 -0.83383142
v 0.6451841 0.23262028 -0.85458618
v 0.65079736 0.20640054 -0.84951955
v 0.66450989 0.18456246 -0.8390128
v 0.67603772 0.21387533 -0.87061399
v 0.68923884 0.19438484 -0.86176985
v 0.70796263 0.17904029 -0.85000246
v 0.6839692 0.16753613 -0.82545632
v 0.7298752 0.16915723 -0.83612048
v 0.70710277 0.15614298 -0.80764836
v 0.75328904 0.16649439 -0.82178944
v 0.73226445 0.15240722 -0.78884875
v 0.70744907 0.13746804 -0.7555688
v 0.75594824 0.15788008 -0.77363395
v 0.73501795 0.14454828 -0.73561167
v 0.77821594 0.17317767 -0.76177936
v 0.76425898 0.16415751 -0.72215622
v 0.79588902 0.19864398 -0.75436264
v 0.7869293 0.19377861 -0.71707707
v 0.78279525 0.19358263 -0.6797651
v 0.80108875 0.22864699 -0.71832835
v 0.79874658 0.23087622 -0.68407291
v 0.80075794 0.23767446 -0.65117967
v 0.78400212 0.20028595 -0.64428639
v 0.80494374 0.24843192 -0.61915123
v 0.78861534 0.21230775 -0.6098628
v 0.8093962 0.2589555 -0.59036403
v 0.79254031 0.22632399 -0.57995927
v 0.76759576 0.19763819 -0.57088041
v 0.73786032 0.17462776 -0.56245124
v 0.7941057 0.23700226 -0.55874222
v 0.77192056 0.21192626 -0.54855287
v 0.74602884 0.19252155 -0.53737103
v 0.71676588 0.18066617 -0.52482688
v 0.70525932 0.16254113 -0.55007523
v 0.77566403 0.22213837 -0.53107929
v 0.75263661 0.20443411 -0.51928162
v 0.72702211 0.19252982 -0.50602364
v 0.69622099 0.19177711 -0.492087
v 0.6834467 0.18014569 -0.51042163
v 0.76185333 0.21081976 -0.50237101
v 0.73792892 0.19859127 -0.48988705
v 0.70840859 0.19448307 -0.47616583
v 0.67492955 0.20573346 -0.46156913
v 0.66313982 0.20430824 -0.47876995
v 0.64488327 0.22915691 -0.44859832
v 0.63334268 0.22982901 -0.46886369
v 0.6164022 0.22095038 -0.48791387
v 0.64816689 0.19288745 -0.49582868
v 0.59891998 0.20743203 -0.50922733
v 0.63197058 0.17675061 -0.51654881
v 0.66960746 0.16150531 -0.53236043
v 0.61454188 0.16297391 -0.54429507
v 0.6520726 0.14455685 -0.56099432
v 0.59314864 0.15374554 -0.57444065
v 0.6283065 0.13302654 -0.59439504
v 0.58346664 0.1963489 -0.53605049
v 0.56416845 0.18764668 -0.56286042
v 0.56087565 0.23877722 -0.53351479
v 0.54340678 0.23022741 -0.55873209
v 0.52029019 0.22235912 -0.58094859
v 0.53028506 0.27505958 -0.55995881
v 0.50820338 0.26758194 -0.58083194
v 0.47964179 0.26140308 -0.59418523
v 0.49138805 0.21511286 -0.59731888
v 0.44776111 0.25644895 -0.60473012
v 0.45949459 0.20947101 -0.61032903
v 0.41484251 0.25290465 -0.6198526
v 0.42620629 0.20577377 -0.62610113
v 0.43839889 0.16369675 -0.63870334
v 0.44728565 0.1270304 -0.6522482
v 0.3948408 0.20371392 -0.6464076
v 0.40573227 0.16187259 -0.65905249
v 0.41442889 0.12482676 -0.67192733
v 0.4233767 0.09026968 -0.6854515
v 0.45262852 0.09203019 -0.66616058
v 0.37873819 0.16213193 -0.68529915
v 0.38892835 0.12454265 -0.69951689
v 0.3991599 0.09048473 -0.71239495
v 0.4098967 0.05730047 -0.72457772
v 0.43176296 0.0546379 -0.69877171
v 0.36955794 0.13078558 -0.73105448
v 0.38001734 0.0968554 -0.74429047
v 0.39093765 0.06362801 -0.75484478
v 0.40155082 0.03261118 -0.76526314
v 0.4200086 0.02454122 -0.73644226
v 0.36701789 0.10435047 -0.7760486
v 0.3764207 0.0720986 -0.78624069
v 0.38608035 0.04206221 -0.795942
v 0.39436566 0.01536718 -0.8043828
v 0.41003406 0.00545373 -0.77574569
v 0.36504361 0.07824279 -0.81495511
v 0.37338337 0.04984132 -0.82354599
v 0.34981054 0.08074054 -0.84025859
v 0.35798329 0.05501316 -0.84843057
v 0.3283264 0.07990431 -0.86188179
v 0.33643531 0.05586469 -0.86936682
v 0.30021482 0.0750296 -0.87761336
v 0.30905163 0.05123019 -0.88592928
v 0.31679338 0.03497774 -0.8934319
v 0.32389932 0.02278082 -0.90043485
v 0.27752843 0.04102542 -0.89603328
v 0.28687879 0.02170431 -0.90536409
v 0.29512056 0.00864729 -0.9124937
v 0.30494365 -0.00069115 -0.92123872
v 0.33002737 0.01510696 -0.9073472
v 0.25527387 0.00414774 -0.91074866
v 0.26520788 -0.01268432 -0.92188495
v 0.27633914 -0.02675689 -0.93536818
v 0.28560486 -0.03115384 -0.94970876
v 0.31294035 -0.00248442 -0.93310189
v 0.23194041 -0.03186065 -0.92298603
v 0.23877127 -0.04761252 -0.94073486
v 0.18874888 -0.04250473 -0.90886455
v 0.19590397 -0.06026462 -0.93098896
v 0.14532254 -0.04826628 -0.89408123
v 0.15335911 -0.07145724 -0.92302715
v 0.1027607 -0.04676668 -0.89204174
v 0.11274955 -0.06974378 -0.92456376
v 0.12274327 -0.0842027 -0.96433925
v 0.13264906 -0.09022399 -1.01160967
v 0.0756199 -0.06178411 -0.9322735
v 0.0879588 -0.0784993 -0.97273278
v 0.10008253 -0.08605289 -1.02081286
v 0.11280967 -0.08496949 -1.07308912
v 0.14154005 -0.08735334 -1.06421661
v 0.05949992 -0.06291672 -0.98459202
v 0.07311483 -0.07233057 -1.03153789
v 0.08815779 -0.07437887 -1.08280479
v 0.1081592 -0.07190484 -1.13406312
v 0.12950883 -0.08083108 -1.12494325
v 0.05255654 -0.05097962 -1.04306387
v 0.06979719 -0.05600678 -1.09287297
v 0.09193503 -0.05586468 -1.14260685
v 0.11644421 -0.05167387 -1.18884694
v 0.13117182 -0.06590706 -1.18158471
v 0.05873712 -0.03236823 -1.10290527
v 0.08214972 -0.03457531 -1.15040433
v 0.10778737 -0.03263127 -1.19463086
v 0.13203829 -0.02780776 -1.23339724
v 0.14019437 -0.04496939 -1.229308
v 0.0807963 -0.01087294 -1.15638542
v 0.10582082 -0.01083674 -1.19832491
v 0.12994287 -0.00835081 -1.23471844
v 0.15257024 -0.00359102 -1.26524186
v 0.15498666 -0.02085159 -1.26542031
v 0.11012461 0.01125951 -1.19945728
v 0.13335783 0.01142903 -1.23399889
v 0.15478111 0.01412364 -1.26304352
v 0.17582169 0.01885376 -1.28822815
v 0.17423307 0.00395176 -1.29116952
v 0.14156818 0.03016667 -1.23190689
v 0.16161492 0.03068703 -1.2595669
v 0.15603604 0.04782423 -1.22919523
v 0.17324402 0.04585596 -1.25607025
v 0.1743634 0.06253672 -1.22694623
v 0.18975305 0.05876299 -1.25362598
v 0.19511252 0.07324279 -1.2265346
v 0.20736365 0.06765807 -1.25278341
v 0.21799777 0.06288393 -1.27669072
v 0.22630938 0.05627997 -1.29981112
v 0.22574791 0.07241173 -1.25217604
v 0.23303383 0.06573382 -1.2754507
v 0.2389355 0.05901559 -1.29765617
v 0.2418801 0.05074898 -1.31507241
v 0.2292938 0.04803979 -1.3157401
v 0.24804547 0.06420055 -1.27395212
v 0.25143215 0.0569087 -1.29511225
v 0.25333821 0.04914851 -1.31278979
v 0.25358486 0.04087667 -1.32635712
v 0.24273316 0.0416827 -1.32652747
v 0.26259398 0.05150062 -1.29289603
v 0.26320752 0.04504165 -1.31038105
v 0.26279464 0.0368953 -1.32476019
v 0.2593258 0.02637819 -1.33190941
v 0.25912565 0.01082697 -1.32694542
v 0.25348055 0.01514285 -1.33411192
v 0.2502489 0.00021097 -1.32288157
v 0.2433191 0.00368117 -1.33047771
v 0.23859052 -0.01260264 -1.31434905
v 0.22957241 -0.00796419 -1.32128119
v 0.2221051 -0.00056725 -1.32612264
v 0.21312226 -0.02165366 -1.30482006
v 0.20399123 -0.01310849 -1.31037747
v 0.19772839 -0.00088078 -1.31291997
v 0.21691007 0.01002974 -1.32756662
v 0.19535501 0.0130129 -1.31259906
v 0.2151871 0.02189555 -1.3258363
v 0.19788689 0.02602152 -1.30992949
v 0.21632266 0.03344922 -1.32172358
v 0.22955089 0.03880645 -1.32560241
v 0.17743846 -0.0113969 -1.29141724
v 0.1847514 -0.02528969 -1.28851652
v 0.1628841 -0.03648999 -1.26205837
v 0.19479084 -0.03683122 -1.28365111
v 0.17484599 -0.04864481 -1.2560023
v 0.15377879 -0.05784061 -1.2223562
v 0.18989117 -0.05446444 -1.24676823
v 0.17069603 -0.06388984 -1.21294128
v 0.15011403 -0.07323774 -1.17254483
v 0.18981392 -0.06265443 -1.20215392
v 0.17201477 -0.0721054 -1.16225016
v 0.15466243 -0.08096607 -1.11558497
v 0.1960521 -0.06364459 -1.1526581
v 0.18187466 -0.07163707 -1.10718262
v 0.22072635 -0.04826137 -1.14463377
v 0.21064412 -0.05414571 -1.1026026
v 0.24405351 -0.02692291 -1.14010095
v 0.23802964 -0.03015363 -1.10128128
v 0.26276812 -0.00204143 -1.14036798
v 0.26010569 -0.00131589 -1.10324454
v 0.25859597 0.00084293 -1.06921672
v 0.2742739 0.03035705 -1.10913622
v 0.27558359 0.036825 -1.07770979
v 0.27767476 0.04265249 -1.04825639
v 0.26042783 0.00402752 -1.03773319
v 0.28215321 0.04758924 -1.02128744
v 0.26952251 0.01076283 -1.01075899
v 0.29231038 0.05108966 -0.99721562
v 0.28874844 0.0172907 -0.9882062
v 0.28725826 -0.00619234 -0.97704732
v 0.28693333 -0.02115274 -0.96379715
v 0.31566345 0.03178399 -0.96884572
v 0.31605747 0.01507716 -0.9589948
v 0.31583973 0.00363076 -0.94672083
v 0.34140479 0.02961473 -0.93981695
v 0.33928772 0.01968016 -0.92842924
v 0.33529606 0.01468616 -0.91727989
v 0.34220486 0.04413361 -0.94937539
v 0.36855062 0.0488779 -0.93008869
v 0.34355741 0.06547365 -0.95959347
v 0.36891979 0.07061567 -0.94133287
v 0.39267569 0.07444331 -0.92608726
v 0.39425972 0.0496233 -0.91498982
v 0.41533166 0.07722906 -0.91467392
v 0.41660296 0.05049295 -0.90535211
v 0.43734455 0.07993106 -0.9041379
v 0.43868354 0.05225865 -0.89748054
v 0.43970593 0.02595925 -0.89323848
v 0.4422779 -0.00017377 -0.88976562
v 0.4585354 0.05383392 -0.88843715
v 0.45862144 0.02668435 -0.88513052
v 0.45869204 -0.00070817 -0.88306766
v 0.45625165 -0.02842966 -0.88373935
v 0.4433557 -0.0276487 -0.88917958
v 0.47509071 0.0260537 -0.87312841
v 0.47245088 -0.00259581 -0.87246471
v 0.46806937 -0.03004639 -0.87442958
v 0.46217042 -0.05604835 -0.87844669
v 0.45258602 -0.05497211 -0.88631314
v 0.48479798 -0.00549191 -0.86008334
v 0.47863256 -0.03199179 -0.86318332
v 0.47145435 -0.05786912 -0.86810988
v 0.45560845 -0.07979093 -0.88388121
v 0.48882639 -0.03552576 -0.8508104
v 0.47948721 -0.0607642 -0.85804808
v 0.49760237 -0.04247856 -0.8376643
v 0.48713958 -0.06657006 -0.84688067
v 0.50479018 -0.05152322 -0.82470178
v 0.49293458 -0.07532046 -0.83653497
v 0.48010528 -0.09743405 -0.85066187
v 0.46700528 -0.11656693 -0.86649841
v 0.49702632 -0.08566824 -0.82754308
v 0.48357981 -0.10637475 -0.84379267
v 0.47062498 -0.12345794 -0.86051666
v 0.46072354 -0.13338455 -0.8738439
v 0.45758438 -0.12620109 -0.87875759
v 0.4862318 -0.11580032 -0.83706295
v 0.47295111 -0.13124617 -0.85491389
v 0.46245226 -0.14082264 -0.86954236
v 0.45382672 -0.14644174 -0.88178741
v 0.45266264 -0.13876582 -0.88479661
v 0.47334983 -0.13831903 -0.84905397
v 0.46230667 -0.14780119 -0.86499035
v 0.4528217 -0.15298695 -0.87817525
v 0.44450822 -0.15541237 -0.88862395
v 0.44629609 -0.14920401 -0.89131861
v 0.45928797 -0.15318578 -0.85987705
v 0.44590979 -0.14069119 -0.89353013
v 0.4386563 -0.12931042 -0.89976638
v 0.44454029 -0.13044786 -0.89509677
v 0.45050489 -0.13008822 -0.88805353
v 0.44387018 -0.11755249 -0.89560991
v 0.44901275 -0.11929225 -0.89017742
v 0.44463458 -0.10226699 -0.89392668
v 0.44976204 -0.10499665 -0.8894242
v 0.44834852 -0.07921973 -0.88979989
v 0.43766573 -0.09985933 -0.89725899
v 0.43958813 -0.07856047 -0.89365273
v 0.44209387 -0.0545411 -0.89110279
v 0.4300003 -0.07816047 -0.89467757
v 0.4307146 -0.05445192 -0.89257669
v 0.42039823 -0.07830033 -0.89286267
v 0.41938889 -0.05545984 -0.8891412
v 0.41256904 -0.07927564 -0.88687139
v 0.41023081 -0.05678212 -0.8827672
v 0.40659558 -0.08082017 -0.87820506
v 0.40436926 -0.0583531 -0.8732019
v 0.40302902 -0.08263932 -0.86762499
v 0.40272739 -0.06002495 -0.86068648
v 0.40400642 -0.06229305 -0.84601712
v 0.40773537 -0.03887086 -0.82034748
v 0.41952988 -0.04458116 -0.80201685
v 0.41557204 -0.01941265 -0.78858506
v 0.40141317 -0.01035124 -0.81285631
v 0.43245089 -0.05311554 -0.78488677
v 0.43152433 -0.02999657 -0.76687866
v 0.42766431 -0.00476811 -0.74993771
v 0.44749841 -0.04219264 -0.74847406
v 0.446309 -0.01386999 -0.72937816
v 0.44032725 0.01949875 -0.71283882
v 0.46530169 -0.02097448 -0.71367871
v 0.46228873 0.01627938 -0.696105
v 0.45756247 0.05412405 -0.68128812
v 0.4867782 0.01371756 -0.68682092
v 0.48521325 0.05293477 -0.67159771
v 0.51244366 0.01156508 -0.68479871
v 0.51532733 0.05018543 -0.67038959
v 0.53650564 0.00997235 -0.69159466
v 0.54419946 0.04813509 -0.67920029
v 0.50723075 -0.02874918 -0.7031719
v 0.48677104 -0.02490912 -0.70521175
v 0.4811168 -0.0607432 -0.72897452
v 0.46402567 -0.05271787 -0.73522085
v 0.45839893 -0.07874026 -0.7607063
v 0.44617912 -0.06592372 -0.77040368
v 0.40802636 -0.0999913 -0.88454967
v 0.41366887 -0.098915 -0.89204627
v 0.4163106 -0.11519225 -0.89564752
v 0.42138865 -0.09836068 -0.89632332
v 0.42314618 -0.1144559 -0.89963936
v 0.42542135 -0.12849143 -0.90150177
v 0.43061366 -0.1147015 -0.90088605
v 0.43224993 -0.12858034 -0.90183424
v 0.43774905 -0.11564124 -0.89920449
v 0.4298729 -0.09848833 -0.8980447
v 0.50718486 -0.01614589 -0.83068388
v 0.49667552 -0.00971554 -0.84602022
v 0.50361323 0.01894372 -0.8436737
v 0.48977524 0.02336834 -0.85909247
v 0.49478948 0.05265454 -0.85977935
v 0.47694355 0.05412644 -0.87568557
v 0.48000904 0.08345924 -0.87886619
v 0.50031083 0.08258712 -0.86171805
v 0.48328173 0.11381282 -0.88344579
v 0.50532865 0.11370982 -0.86637455
v 0.48728504 0.14578758 -0.88994276
v 0.46053811 0.11261227 -0.89876329
v 0.46352398 0.14509958 -0.90595156
v 0.46651485 0.17945991 -0.91512864
v 0.4394609 0.14337121 -0.92097801
v 0.44117683 0.17843194 -0.93162125
v 0.4432353 0.21520736 -0.9430145
v 0.41713124 0.17652173 -0.94691085
v 0.41951641 0.21390588 -0.95823669
v 0.42293539 0.25305941 -0.96976286
v 0.39762869 0.2122403 -0.97216171
v 0.40207454 0.25165233 -0.98276698
v 0.40751266 0.29198348 -0.99326896
v 0.38230556 0.25017964 -0.99517118
v 0.38809949 0.29070013 -1.00527083
v 0.39328008 0.33249461 -1.0146538
v 0.37215516 0.28885853 -1.01969993
v 0.38055664 0.33003222 -1.03178691
v 0.3881213 0.37099149 -1.04456496
v 0.36987152 0.32385808 -1.05059397
v 0.37887933 0.3642925 -1.06446361
v 0.35003444 0.31497967 -1.07110583
v 0.35855698 0.35356891 -1.0856477
v 0.32085791 0.30499684 -1.09160459
v 0.32837027 0.34130328 -1.10635411
v 0.2855345 0.29376307 -1.10827219
v 0.29212388 0.32899969 -1.12311494
v 0.29635238 0.36362627 -1.13747036
v 0.25144472 0.31677487 -1.13318193
v 0.25629192 0.35109874 -1.1474843
v 0.26101642 0.38435861 -1.16192889
v 0.2115623 0.33921206 -1.15031719
v 0.2166969 0.37307456 -1.16492998
v 0.1641519 0.32828894 -1.14415586
v 0.16719836 0.36245045 -1.15969216
v 0.11743078 0.31903216 -1.12827491
v 0.11815328 0.35388234 -1.14446163
v 0.11978015 0.38822424 -1.16043019
v 0.07368678 0.34900522 -1.11998164
v 0.07419242 0.38456365 -1.13700997
v 0.0753521 0.42008242 -1.15347433
v 0.12184011 0.42259034 -1.17517626
v 0.07657934 0.45635291 -1.167732
v 0.12296416 0.45768117 -1.18837559
v 0.07792621 0.49329716 -1.17979252
v 0.12418929 0.49401214 -1.2006551
v 0.17174772 0.49720272 -1.21959531
v 0.12514603 0.53099739 -1.21220362
v 0.2136348 0.49634859 -1.24681353
v 0.24043761 0.48880577 -1.27780997
v 0.25980889 0.4747962 -1.30875933
v 0.2598018 0.50061446 -1.32336914
v 0.27759739 0.47835275 -1.35309469
v 0.27109864 0.52479261 -1.33571708
v 0.28703203 0.49985802 -1.36269664
v 0.3029282 0.47875651 -1.38999557
v 0.29139491 0.54426181 -1.34415578
v 0.30405083 0.51821917 -1.3684287
v 0.31721782 0.49639251 -1.39362776
v 0.32955777 0.47994798 -1.4204235
v 0.32777741 0.53024393 -1.36846518
v 0.33741036 0.50877517 -1.39328301
v 0.34690904 0.49131482 -1.41889631
v 0.35551878 0.47914308 -1.44493246
v 0.36095565 0.51208347 -1.38688516
v 0.36751765 0.49559506 -1.41394853
v 0.3730528 0.4830659 -1.44041073
v 0.37859883 0.47479406 -1.46547997
v 0.38717168 0.49056416 -1.40544295
v 0.39104273 0.47996628 -1.43417286
v 0.39402619 0.47262123 -1.46049976
v 0.39707192 0.46778228 -1.48488664
v 0.40576103 0.46970588 -1.42717528
v 0.40785509 0.46486192 -1.45583105
v 0.40889078 0.46167659 -1.4813323
v 0.41666573 0.45168525 -1.45183777
v 0.41749715 0.45086011 -1.47892189
v 0.41983166 0.4372951 -1.44948434
v 0.42115253 0.43883633 -1.47770595
v 0.4197742 0.44079846 -1.50189662
v 0.41663038 0.44234541 -1.5238949
v 0.41895389 0.42628583 -1.47704327
v 0.41995817 0.43074381 -1.50154101
v 0.41627246 0.4353328 -1.5228486
v 0.41642093 0.42213076 -1.50200343
v 0.41452387 0.42905029 -1.5230633
v 0.41301643 0.41572549 -1.47758483
v 0.40341347 0.40737244 -1.47997558
v 0.40812131 0.40975666 -1.44924533
v 0.39603501 0.40046757 -1.45160174
v 0.39183127 0.4033167 -1.48358178
v 0.40267458 0.40562099 -1.41440212
v 0.41682776 0.422614 -1.44857978
v 0.41309848 0.41990476 -1.41440701
v 0.40852651 0.422724 -1.37529671
v 0.41773027 0.43681916 -1.41640448
v 0.41465526 0.44194465 -1.37981712
v 0.41469949 0.4546394 -1.42132258
v 0.41280156 0.46158814 -1.38673937
v 0.40309676 0.47859758 -1.39584183
v 0.40061119 0.4938637 -1.36344707
v 0.38323539 0.50678437 -1.37648367
v 0.37886411 0.52907675 -1.3492887
v 0.35438534 0.53404998 -1.36206078
v 0.34724175 0.56132429 -1.34068071
v 0.31793227 0.55686014 -1.34655904
v 0.30853432 0.58733165 -1.32687425
v 0.07912773 0.53033787 -1.19024574
v 0.0796678 0.56739825 -1.19928777
v 0.12564247 0.56823182 -1.22188472
v 0.07897479 0.60463935 -1.20678734
v 0.12344749 0.60582459 -1.22924578
v 0.0767566 0.64246261 -1.21288466
v 0.11858935 0.64446502 -1.23386955
v 0.16355778 0.65146678 -1.25331795
v 0.11259796 0.68405109 -1.23661923
v 0.07320581 0.68117374 -1.21680021
v 0.06916941 0.72067886 -1.21846902
v 0.03979847 0.68301749 -1.19272434
v 0.03816076 0.72131526 -1.19478762
v 0.03558476 0.75957584 -1.19584989
v 0.01330236 0.72542911 -1.16831684
v 0.01210472 0.76186847 -1.16996049
v -0.00251814 0.73038405 -1.14523315
v -0.00176128 0.76575326 -1.1497749
v -0.00849262 0.73346054 -1.1327424
v -0.00735305 0.76887619 -1.13731849
v -0.00557178 0.80408346 -1.14178454
v -0.00969221 0.77155888 -1.12672746
v -0.00800965 0.80630242 -1.13137352
v -0.00667983 0.84274131 -1.13526487
v -0.0100294 0.80810314 -1.12197017
v -0.00952338 0.84380883 -1.12618851
v -0.00933244 0.8903144 -1.13452792
v -0.01443969 0.84397393 -1.11856198
v -0.01581528 0.89075791 -1.12874448
v -0.01369925 0.94072663 -1.1448003
v -0.0064633 0.94011795 -1.14914202
v -0.00513301 0.98541408 -1.15792822
v 0.00381248 0.98403561 -1.16402876
v 0.00548936 1.0153253 -1.16657745
v 0.01638119 1.01178371 -1.17325723
v 0.02027533 1.04396283 -1.17161381
v 0.03431044 1.0377711 -1.17980539
v 0.03959626 1.07212746 -1.17399001
v 0.05776431 1.06245255 -1.18254542
v 0.07410784 1.04928839 -1.19229722
v 0.10706754 1.06562161 -1.19051945
v 0.1256119 1.0414009 -1.2008624
v 0.14599572 1.08033287 -1.18401241
v 0.16604368 1.0525515 -1.19477415
v 0.18305176 1.02346539 -1.20505523
v 0.21085719 1.06136357 -1.18351137
v 0.24903462 1.06730651 -1.16883015
v 0.19192479 1.09201347 -1.17259502
v 0.23117131 1.09987235 -1.16019415
v 0.26413863 1.10619413 -1.14744365
v 0.27732759 1.07281661 -1.15524339
v 0.21665972 1.13095068 -1.14762902
v 0.25232318 1.13759279 -1.13612771
v 0.28048887 1.14226126 -1.12560677
v 0.28929528 1.11099946 -1.13612759
v 0.20608253 1.1615082 -1.13334178
v 0.24187482 1.16856658 -1.12213134
v 0.27097451 1.17275774 -1.11277711
v 0.2952747 1.17617368 -1.10595107
v 0.30219844 1.1458038 -1.11818826
v 0.23384276 1.1999892 -1.10564255
v 0.26275351 1.20366013 -1.09726095
v 0.28822097 1.20691275 -1.09110128
v 0.31230816 1.21137726 -1.08831775
v 0.31877845 1.18032884 -1.10311055
v 0.25639241 1.23607301 -1.07890033
v 0.28173363 1.23825907 -1.07322335
v 0.3056986 1.24224531 -1.07062625
v 0.32763156 1.25001728 -1.07372975
v 0.3339934 1.21730816 -1.09126365
v 0.27682739 1.27109122 -1.05191946
v 0.29991033 1.27335786 -1.04896748
v 0.32125663 1.28159284 -1.05281174
v 0.34034231 1.29272592 -1.06021499
v 0.34697341 1.25791645 -1.0808556
v 0.29666018 1.30551815 -1.02395665
v 0.3163236 1.3136475 -1.0277183
v 0.33422294 1.32649421 -1.0373367
v 0.3128677 1.3448503 -1.00126063
v 0.32994172 1.35894024 -1.01182937
v 0.34970873 1.37180721 -1.02475988
v 0.35436442 1.33686244 -1.04828429
v 0.36019894 1.30086123 -1.06989824
v 0.36768749 1.26391792 -1.08939015
v 0.38430452 1.34304773 -1.06420338
v 0.38869518 1.30547869 -1.08300304
v 0.39499798 1.26744091 -1.09930169
v 0.40242219 1.23074257 -1.11417353
v 0.37499803 1.22724723 -1.10596251
v 0.42585989 1.30658459 -1.09307444
v 0.43237945 1.26936984 -1.10684216
v 0.43982693 1.23392105 -1.11933267
v 0.44625395 1.20024693 -1.13332629
v 0.40889534 1.19678044 -1.12811577
v 0.47384122 1.27036047 -1.1045736
v 0.48124814 1.23533129 -1.11653482
v 0.48749104 1.20213961 -1.13112044
v 0.52312028 1.2331227 -1.10468804
v 0.52989822 1.19976961 -1.12011194
v 0.53569251 1.17041075 -1.13798964
v 0.54111921 1.14568102 -1.15757346
v 0.57052862 1.19099402 -1.10151183
v 0.57759183 1.16050922 -1.12005412
v 0.58394205 1.13448751 -1.14102602
v 0.58947354 1.11239254 -1.16436195
v 0.54614073 1.1256113 -1.17842185
v 0.61514061 1.14095103 -1.09498596
v 0.62254452 1.11221694 -1.11807203
v 0.62834531 1.08773052 -1.14458477
v 0.63171416 1.06777751 -1.17425584
v 0.59314358 1.09452605 -1.189875
v 0.65188467 1.07936835 -1.08841657
v 0.6576088 1.05209183 -1.1192398
v 0.6601625 1.02969682 -1.15554654
v 0.65642577 1.01508724 -1.19601738
v 0.63010782 1.05399763 -1.20643007
v 0.66951412 1.00912976 -1.09070086
v 0.67168176 0.98651468 -1.13527584
v 0.66831147 0.97132432 -1.18351244
v 0.65997791 0.96720284 -1.23114717
v 0.64946961 1.01043224 -1.2350763
v 0.66553282 0.9426735 -1.11554431
v 0.66456437 0.92922526 -1.1711291
v 0.65617269 0.92679953 -1.22651541
v 0.64475095 0.93475508 -1.2775321
v 0.6499657 0.97368985 -1.27625179
v 0.64850866 0.89204222 -1.16398656
v 0.6416881 0.89002949 -1.22318792
v 0.63006573 0.89852273 -1.27760958
v 0.61856919 0.91425466 -1.3259623
v 0.63393002 0.94855994 -1.32219755
v 0.61880832 0.85855859 -1.22110486
v 0.60854983 0.86794483 -1.27770996
v 0.597579 0.88504684 -1.32844269
v 0.58947086 0.90739631 -1.37417423
v 0.60993927 0.93352025 -1.36857271
v 0.58130669 0.84513014 -1.27709329
v 0.57314574 0.863734 -1.33040225
v 0.56701672 0.88811725 -1.37851381
v 0.56256437 0.91439646 -1.42119491
v 0.58387094 0.93108815 -1.41435587
v 0.5456869 0.85266792 -1.33061575
v 0.54250556 0.87644356 -1.38112783
v 0.54019987 0.90413492 -1.42547392
v 0.54013991 0.93337309 -1.46327054
v 0.55971139 0.94118934 -1.45743143
v 0.51716429 0.87635529 -1.37985301
v 0.51800596 0.90274667 -1.42592668
v 0.52038723 0.93130564 -1.46564364
v 0.52367436 0.96109473 -1.49640917
v 0.54017823 0.96242815 -1.49375367
v 0.49775642 0.91011244 -1.42286717
v 0.50209099 0.93683642 -1.46277964
v 0.50773245 0.96542048 -1.49402809
v 0.51281964 0.99354893 -1.51947939
v 0.52644074 0.99058711 -1.52078688
v 0.48804095 0.94848275 -1.45650303
v 0.49493816 0.97349834 -1.4886285
v 0.50188386 1.00013077 -1.51479136
v 0.50943267 1.02864444 -1.53463578
v 0.51778066 1.02347183 -1.53799581
v 0.48556077 0.98526346 -1.48141527
v 0.49428495 1.00847351 -1.50884449
v 0.50298601 1.03487896 -1.53007805
v 0.50852787 1.05564463 -1.53789651
v 0.51375901 1.05070483 -1.54362428
v 0.5171346 1.06720829 -1.54618108
v 0.52081173 1.04660785 -1.54796767
v 0.51149267 1.06954491 -1.53852498
v 0.50658774 1.07031941 -1.52600026
v 0.51358497 1.08005523 -1.52125203
v 0.51798701 1.07971191 -1.53576505
v 0.52270674 1.07872498 -1.54472088
v 0.52499198 1.08636891 -1.53430104
v 0.52981656 1.08474409 -1.54293775
v 0.54244625 1.08203363 -1.54458868
v 0.55060356 1.08202683 -1.53835856
v 0.55459135 1.07367205 -1.54153704
v 0.54641091 1.07446277 -1.54766821
v 0.54752397 1.0626595 -1.54893696
v 0.5477879 1.04575538 -1.5455172
v 0.53893423 1.04400825 -1.5485543
v 0.5504316 1.02194213 -1.53389442
v 0.53946405 1.01966631 -1.53743553
v 0.52831155 1.02018106 -1.53924334
v 0.52959203 1.04419648 -1.54982507
v 0.54052698 0.99094802 -1.51872241
v 0.55415993 0.99504506 -1.51363086
v 0.55752098 0.96812355 -1.48816394
v 0.56790405 1.00260472 -1.50754058
v 0.57429736 0.97884607 -1.48094356
v 0.57925146 0.95519888 -1.44976103
v 0.58898055 0.99484062 -1.47394013
v 0.59619259 0.97373354 -1.442469
v 0.60295468 0.95363789 -1.40717566
v 0.60749357 0.99638235 -1.43629825
v 0.61612892 0.98015916 -1.40100061
v 0.6245712 0.96441 -1.36278867
v 0.62059974 1.00771105 -1.39554071
v 0.6299808 0.99618488 -1.35777914
v 0.6396979 0.98449033 -1.31793582
v 0.62382924 1.02637136 -1.35347533
v 0.63296526 1.01880264 -1.31458938
v 0.64153409 1.01254034 -1.27482712
v 0.61441391 1.04794716 -1.31331741
v 0.62033718 1.04583323 -1.27650797
v 0.62546467 1.0474199 -1.24079096
v 0.58997672 1.07036399 -1.28049075
v 0.5924884 1.07420873 -1.2478019
v 0.59407377 1.08185851 -1.21704542
v 0.55468338 1.0893675 -1.25457739
v 0.55334556 1.09717977 -1.22637164
v 0.55042624 1.10916471 -1.20135808
v 0.51189154 1.10010635 -1.23317396
v 0.50747072 1.11166727 -1.20900285
v 0.4712257 1.0889703 -1.23698425
v 0.46513572 1.10039031 -1.21285212
v 0.43564754 1.06297731 -1.23668551
v 0.42741483 1.07281374 -1.21186447
v 0.4112938 1.02573716 -1.23113668
v 0.40343722 1.03505253 -1.2054131
v 0.39523544 1.04390609 -1.18418884
v 0.39357549 0.99316757 -1.19388091
v 0.3867585 1.00289464 -1.17291331
v 0.38246563 1.00903177 -1.15875148
v 0.3879151 1.05000782 -1.16861987
v 0.37939098 1.01378023 -1.14773929
v 0.3806619 1.05381286 -1.15648591
v 0.37619355 1.0181961 -1.13715481
v 0.37347492 1.05610013 -1.14571559
v 0.37739604 1.09334671 -1.14734816
v 0.3650549 1.05764126 -1.13555169
v 0.36497452 1.09292745 -1.13773834
v 0.36622327 1.12651586 -1.13386404
v 0.38290423 1.12896001 -1.14232647
v 0.36391329 1.15789008 -1.12480211
v 0.38389173 1.16108119 -1.13300311
v 0.3593274 1.18959784 -1.11271905
v 0.3806976 1.19338262 -1.12019681
v 0.35335844 1.2228173 -1.09805727
v 0.34005892 1.18513977 -1.10614872
v 0.34462016 1.15402174 -1.1178416
v 0.32444968 1.14975512 -1.11429119
v 0.34808284 1.1232506 -1.12627041
v 0.3288156 1.11939442 -1.12367248
v 0.30901438 1.11511683 -1.12827122
v 0.33248075 1.08742773 -1.12934649
v 0.31478732 1.08233368 -1.13480973
v 0.29765003 1.07759761 -1.14397394
v 0.32366845 1.04774713 -1.13682031
v 0.30913811 1.04181838 -1.14701712
v 0.33931475 1.0118004 -1.12981009
v 0.3279733 1.00423026 -1.13908028
v 0.36071226 0.97472697 -1.10831594
v 0.35354632 0.9665808 -1.1155225
v 0.38131949 0.94073128 -1.07652318
v 0.37577027 0.9319396 -1.08314859
v 0.37226614 0.92252636 -1.09172427
v 0.39844059 0.89450955 -1.05617237
v 0.39291894 0.88703018 -1.0659033
v 0.41427341 0.84921968 -1.04901766
v 0.40459483 0.84782505 -1.06129956
v 0.41876238 0.81407666 -1.05426251
v 0.40659308 0.81740832 -1.06918585
v 0.39266195 0.82143122 -1.08967554
v 0.39298132 0.79423213 -1.09832441
v 0.37567061 0.80359268 -1.12215232
v 0.37495955 0.83191013 -1.11310756
v 0.40678879 0.78998762 -1.07739257
v 0.41974991 0.78766614 -1.060202
v 0.43613565 0.78615135 -1.0484513
v 0.4563713 0.78670066 -1.04307806
v 0.48290428 0.78633141 -1.03641831
v 0.48457664 0.75547015 -1.03978037
v 0.51214253 0.78524565 -1.02402329
v 0.51181483 0.75304168 -1.02645289
v 0.5112068 0.71518933 -1.02776813
v 0.54238218 0.74843037 -1.00548696
v 0.54130715 0.70972943 -1.00661885
v 0.5398451 0.66876989 -1.00703918
v 0.57278227 0.70254766 -0.9769563
v 0.57207167 0.66188198 -0.97676169
v 0.56967008 0.62138354 -0.97611606
v 0.60211241 0.65361362 -0.93832689
v 0.60004752 0.6133973 -0.93667948
v 0.59523415 0.5742619 -0.93530726
v 0.62775838 0.60364604 -0.893862
v 0.62343895 0.5640046 -0.89237421
v 0.61619895 0.52494508 -0.89315503
v 0.6465801 0.55215644 -0.85090076
v 0.63967156 0.51230615 -0.85481393
v 0.62929946 0.47211921 -0.86076575
v 0.65394669 0.50006258 -0.82019519
v 0.64425408 0.45964089 -0.83302444
v 0.63188546 0.42113199 -0.8455981
v 0.65113318 0.44713327 -0.8082633
v 0.63943147 0.41050931 -0.82521981
v 0.62736177 0.37412887 -0.83780336
v 0.64530003 0.3994781 -0.80651128
v 0.63358396 0.3654285 -0.8217923
v 0.62281495 0.33210104 -0.83120423
v 0.64311188 0.35760465 -0.80933386
v 0.63135814 0.32670369 -0.82022315
v 0.62228572 0.29579529 -0.82655155
v 0.64423775 0.32231044 -0.82126158
v 0.633273 0.29279765 -0.82815414
v 0.62510091 0.26359012 -0.83071917
v 0.64248633 0.29104217 -0.83740663
v 0.6333692 0.2622354 -0.84124642
v 0.65486323 0.28883105 -0.84964263
v 0.64655429 0.26114743 -0.85461664
v 0.67552387 0.28634494 -0.86709874
v 0.66864508 0.26138705 -0.87279683
v 0.668383 0.23656027 -0.87439376
v 0.69652479 0.26260301 -0.89519131
v 0.69616019 0.24085964 -0.89744466
v 0.70252388 0.22007142 -0.89464306
v 0.7254523 0.24534118 -0.92272234
v 0.73126316 0.22666031 -0.92135703
v 0.74254185 0.21124552 -0.91566366
v 0.71487283 0.20255069 -0.88730204
v 0.75690788 0.19986331 -0.90757185
v 0.73177409 0.18913063 -0.87737935
v 0.77419573 0.19366748 -0.89821869
v 0.75186729 0.18107391 -0.86623281
v 0.79235762 0.19359457 -0.88860559
v 0.7731505 0.17960439 -0.85505563
v 0.80962407 0.19857265 -0.87942111
v 0.79263055 0.18513685 -0.84455323
v 0.77482467 0.17167961 -0.80940359
v 0.80937659 0.19692975 -0.83499252
v 0.79388141 0.18476104 -0.79880541
v 0.82068222 0.21568664 -0.82737445
v 0.80782127 0.20634175 -0.7912231
v 0.82538437 0.23978482 -0.82304877
v 0.81537866 0.23397339 -0.78790152
v 0.80693602 0.23005005 -0.75279307
v 0.81310343 0.264862 -0.79062491
v 0.80724877 0.26530018 -0.75812649
v 0.80410522 0.26698604 -0.72584492
v 0.79448145 0.29966419 -0.76869779
v 0.79374194 0.30525976 -0.73760843
v 0.7955712 0.311122 -0.70582681
v 0.80376482 0.27044487 -0.69374787
v 0.80065566 0.31759634 -0.67402541
v 0.80571717 0.27674418 -0.66227155
v 0.80885815 0.32458099 -0.64212334
v 0.81096756 0.28591564 -0.63106197
v 0.81754642 0.3303993 -0.61193442
v 0.81762003 0.29396131 -0.60123378
v 0.82380181 0.33344104 -0.58668136
v 0.82086622 0.29840499 -0.57783323
v 0.81006932 0.26663428 -0.56872624
v 0.82219791 0.30133581 -0.55857652
v 0.81204825 0.27122604 -0.55062145
v 0.79613804 0.24495317 -0.54143196
v 0.80283492 0.24900169 -0.52408075
v 0.78333097 0.22778706 -0.51372748
v 0.81653106 0.24604836 -0.51142561
v 0.79627287 0.22688342 -0.49920424
v 0.77491051 0.20985384 -0.48679906
v 0.81133121 0.21856315 -0.49358302
v 0.79107666 0.20225827 -0.47744628
v 0.80871433 0.19042326 -0.47684276
v 0.82579255 0.20491376 -0.49525412
v 0.83561891 0.18438616 -0.50315225
v 0.82235401 0.17342233 -0.48341003
v 0.83166986 0.23480106 -0.50811398
v 0.84318512 0.21686811 -0.51287788
v 0.85080933 0.19224439 -0.52068686
v 0.85201484 0.16032464 -0.52858233
v 0.83756649 0.1569705 -0.51143467
v 0.86211311 0.22665192 -0.52532446
v 0.86893212 0.19667771 -0.53271931
v 0.86776733 0.16012521 -0.53892642
v 0.85978907 0.12056928 -0.53845149
v 0.84327125 0.12309565 -0.52942061
v 0.88762712 0.19779804 -0.5377143
v 0.8860712 0.15848875 -0.54307013
v 0.87760669 0.11701536 -0.54107356
v 0.86707019 0.07665444 -0.5335015
v 0.84942722 0.08114521 -0.53214222
v 0.90441316 0.15603984 -0.53855294
v 0.89476043 0.11320324 -0.53611064
v 0.88406145 0.07335591 -0.52836549
v 0.87600076 0.03777474 -0.52012795
v 0.85935616 0.04036013 -0.52453774
v 0.90823292 0.10995721 -0.5240249
v 0.89816755 0.07148649 -0.51736509
v 0.8901171 0.03628236 -0.51024395
v 0.88239544 0.00402131 -0.50177955
v 0.86974036 0.00436786 -0.51196968
v 0.90763908 0.07098065 -0.50193345
v 0.89907091 0.03642539 -0.49532857
v 0.89076316 0.00459196 -0.48813831
v 0.88363927 -0.02486584 -0.48094669
v 0.87585562 -0.02580539 -0.49337914
v 0.90156149 0.03777832 -0.47835671
v 0.89390498 0.00588068 -0.47262856
v 0.8863362 -0.0232763 -0.46683824
v 0.87875175 -0.05010494 -0.46079149
v 0.87644273 -0.05163651 -0.4733327
v 0.89119142 0.00769811 -0.45750749
v 0.88377064 -0.02141308 -0.45329105
v 0.87589538 -0.04799714 -0.44883292
v 0.86667609 -0.07128197 -0.44417363
v 0.86997491 -0.07349784 -0.45453903
v 0.87711703 -0.01946363 -0.44134742
v 0.8694415 -0.04571392 -0.43867602
v 0.86046183 -0.06901451 -0.43524393
v 0.86075896 -0.04321862 -0.43075248
v 0.86726623 -0.01750633 -0.4314706
v 0.85443067 -0.01520085 -0.4256854
v 0.85029876 -0.04123025 -0.42511814
v 0.84016084 -0.01333208 -0.42446473
v 0.83903294 -0.03924706 -0.42383134
v 0.82675463 -0.01279781 -0.43061733
v 0.8282203 -0.03875471 -0.4281224
v 0.81768077 -0.01283049 -0.44186097
v 0.82012212 -0.03945487 -0.43705436
v 0.8131625 -0.01355745 -0.45509776
v 0.81628263 -0.04045359 -0.44868254
v 0.81285435 -0.01518907 -0.46910569
v 0.8152222 -0.04241332 -0.46101233
v 0.81755447 -0.06531243 -0.4533388
v 0.82095772 -0.08440517 -0.44712048
v 0.81703072 -0.04486295 -0.47330585
v 0.81874579 -0.06795214 -0.46443548
v 0.82031166 -0.08614935 -0.45701348
v 0.82190054 -0.10113439 -0.45099398
v 0.82348519 -0.07064284 -0.47513636
v 0.82310766 -0.0894182 -0.46628764
v 0.82293832 -0.1049467 -0.4582659
v 0.83023721 -0.09273207 -0.47200861
v 0.82842147 -0.10865841 -0.46308961
v 0.82748448 -0.12287316 -0.45477891
v 0.82702028 -0.13668504 -0.44513288
v 0.83561825 -0.11151974 -0.46427625
v 0.83225864 -0.12514817 -0.45515441
v 0.82953399 -0.13730453 -0.44651773
v 0.8372972 -0.12681797 -0.45358729
v 0.84307146 -0.11306603 -0.46213102
v 0.84898096 -0.1134641 -0.45749741
v 0.84121865 -0.12744563 -0.4498251
v 0.85209214 -0.11243116 -0.45076772
v 0.84277719 -0.12724882 -0.44482541
v 0.85112446 -0.11022448 -0.44371929
v 0.84074503 -0.12653236 -0.44052627
v 0.86073857 -0.0955687 -0.45778441
v 0.86054158 -0.09329743 -0.44841438
v 0.86906391 -0.07548812 -0.46573266
v 0.8564552 -0.09712494 -0.46612876
v 0.86382979 -0.07715869 -0.47559073
v 0.86963552 -0.05275279 -0.48457399
v 0.85450744 -0.07757396 -0.48227047
v 0.85915678 -0.0531386 -0.49255251
v 0.86397022 -0.02564398 -0.50207853
v 0.84619563 -0.05198495 -0.49524232
v 0.84958595 -0.0245852 -0.50624883
v 0.8539499 0.00665074 -0.51523459
v 0.83535796 -0.02194066 -0.5025388
v 0.83812534 0.00948581 -0.51265978
v 0.84215921 0.04371341 -0.5225408
v 0.82465869 0.01229464 -0.50435197
v 0.82743871 0.04737291 -0.51398807
v 0.83388 0.0851564 -0.52331298
v 0.81649518 0.0504214 -0.50111538
v 0.82166546 0.08739104 -0.50985938
v 0.83158218 0.12323101 -0.51411551
v 0.81528133 0.08668267 -0.49194353
v 0.82245832 0.11978495 -0.49391695
v 0.82711249 0.14971879 -0.49113816
v 0.81712794 0.11232878 -0.4719378
v 0.81805121 0.13903506 -0.46935915
v 0.81029164 0.15977022 -0.46367672
v 0.81673312 0.10439488 -0.44957801
v 0.81498539 0.0774233 -0.44992196
v 0.82478773 0.07242634 -0.43070563
v 0.81233781 0.08256717 -0.47115221
v 0.80979579 0.05039099 -0.46764972
v 0.81364685 0.04790691 -0.44867903
v 0.81100511 0.05143106 -0.48542779
v 0.81053364 0.01646002 -0.47726231
v 0.81050473 0.01714642 -0.46161717
v 0.81554096 0.01488385 -0.49185669
v 0.81604296 -0.01704323 -0.48268431
v 0.82324564 -0.01943909 -0.49454432
v 0.82340502 -0.04732231 -0.4843375
v 0.83354455 -0.04985793 -0.49250367
v 0.83185786 -0.07387001 -0.48199451
v 0.84305918 -0.07626448 -0.48402288
v 0.83932542 -0.09549217 -0.47414389
v 0.8488239 -0.09714745 -0.47183466
v 0.81562674 0.01690077 -0.44595298
v 0.82521992 0.01592681 -0.43198904
v 0.82490825 0.04522917 -0.43263933
v 0.84079086 0.01432493 -0.42388445
v 0.84198224 0.04276325 -0.42210844
v 0.84415948 0.06939269 -0.41854676
v 0.86244237 0.04140679 -0.42272582
v 0.86695116 0.06975328 -0.42071381
v 0.87926137 0.04101578 -0.43258005
v 0.88651216 0.0717151 -0.43158948
v 0.89170533 0.10193762 -0.42997443
v 0.89904344 0.0732208 -0.44796863
v 0.90648877 0.10599406 -0.44876372
v 0.91296571 0.13929955 -0.44598853
v 0.89786338 0.1309933 -0.42466011
v 0.91759634 0.17333866 -0.4371837
v 0.90178382 0.16117216 -0.41490247
v 0.91972315 0.20573395 -0.42475765
v 0.90313601 0.19112065 -0.39978963
v 0.88384372 0.1771364 -0.37608107
v 0.90399086 0.22294639 -0.38514843
v 0.88375645 0.20826074 -0.3558785
v 0.86292171 0.16474846 -0.35301652
v 0.84637671 0.15021443 -0.33042722
v 0.83231526 0.12877753 -0.30723613
v 0.8216921 0.11329102 -0.337105
v 0.80938822 0.0850938 -0.31498199
v 0.79204452 0.07659587 -0.34134632
v 0.81941986 0.10038297 -0.2847073
v 0.80805575 0.0669298 -0.26482838
v 0.79832381 0.05281575 -0.29542046
v 0.82022059 0.11932338 -0.25256261
v 0.80790382 0.08276086 -0.2343329
v 0.79344916 0.04613247 -0.21909374
v 0.79294222 0.03324116 -0.24718087
v 0.8093205 0.13664874 -0.22058844
v 0.79815691 0.09710554 -0.20593766
v 0.78470021 0.05773673 -0.1939775
v 0.77023655 0.01804074 -0.1839898
v 0.7774676 0.00875133 -0.20558255
v 0.7787587 0.10821501 -0.18141812
v 0.76811164 0.06713084 -0.172797
v 0.75613427 0.02586758 -0.16629765
v 0.74407583 -0.01546569 -0.1605523
v 0.75614237 -0.0220335 -0.17502827
v 0.74501609 0.07355592 -0.15791067
v 0.73653024 0.03149682 -0.15412809
v 0.72722607 -0.01018806 -0.15088023
v 0.71709007 -0.0487698 -0.14887122
v 0.73108148 -0.05360319 -0.15608547
v 0.71323382 0.03487101 -0.14957068
v 0.70731765 -0.00629287 -0.14788854
v 0.70079153 -0.04516129 -0.14618134
v 0.69449031 -0.08173822 -0.14470118
v 0.7071253 -0.08482158 -0.14649003
v 0.6868717 -0.00430158 -0.15190108
v 0.68375653 -0.04305423 -0.14931219
v 0.68124473 -0.07977658 -0.1472065
v 0.67847621 -0.11513657 -0.14624641
v 0.68794131 -0.11674305 -0.14486253
v 0.66808801 -0.04269022 -0.157991
v 0.66906315 -0.079485 -0.15368959
v 0.6697703 -0.11460834 -0.15040686
v 0.66960519 -0.14808046 -0.14932198
v 0.67559945 -0.14837466 -0.14705665
v 0.65922331 -0.08079838 -0.16275836
v 0.66229671 -0.11520466 -0.15712039
v 0.66473102 -0.14824335 -0.15323197
v 0.67020183 -0.17502652 -0.15477925
v 0.67222398 -0.17528262 -0.15315768
v 0.65675479 -0.11685376 -0.16483028
v 0.66155904 -0.14902311 -0.15787407
v 0.66833961 -0.17481869 -0.15729382
v 0.67068606 -0.18530534 -0.15634468
v 0.67170149 -0.185256 -0.15473753
v 0.65980398 -0.15045544 -0.16414733
v 0.66686517 -0.17493344 -0.15962141
v 0.65924727 -0.15167024 -0.16992384
v 0.66596376 -0.1756891 -0.1622252
v 0.65938228 -0.15358366 -0.17593939
v 0.66589784 -0.17658135 -0.16558989
v 0.66168022 -0.15586072 -0.18184456
v 0.65345007 -0.12693674 -0.19109195
v 0.65739989 -0.13119535 -0.19949875
v 0.6651622 -0.13482199 -0.20598024
v 0.66619408 -0.15817275 -0.18633787
v 0.67599409 -0.1378384 -0.2091687
v 0.67293357 -0.15998791 -0.18892382
v 0.68722116 -0.13847567 -0.20797362
v 0.6805635 -0.1608259 -0.18849733
v 0.69740295 -0.13754813 -0.20372322
v 0.6876052 -0.16063976 -0.18549768
v 0.70611685 -0.13562659 -0.19676509
v 0.69339704 -0.15987613 -0.18119552
v 0.7123031 -0.13327394 -0.18796235
v 0.69807213 -0.15862354 -0.17548693
v 0.7156372 -0.13075366 -0.17803527
v 0.70034337 -0.15736474 -0.16910238
v 0.68510192 -0.18098598 -0.16104802
v 0.67689311 -0.18975649 -0.15529562
v 0.71579837 -0.12816676 -0.16778038
v 0.73075139 -0.10139246 -0.18872416
v 0.73101764 -0.09704233 -0.17476776
v 0.72662478 -0.09288598 -0.16225437
v 0.71237319 -0.12478307 -0.15761211
v 0.71823465 -0.08864367 -0.15262213
v 0.70570999 -0.12169387 -0.15074245
v 0.69357931 -0.15190835 -0.15119941
v 0.69735866 -0.11902749 -0.14652772
v 0.68825894 -0.14994868 -0.14839278
v 0.68114417 -0.14881554 -0.14717307
v 0.74131077 -0.05910621 -0.1679044
v 0.74632036 -0.06475743 -0.18348412
v 0.76200735 -0.02926734 -0.19371327
v 0.74554669 -0.06993792 -0.20089006
v 0.76091885 -0.03628604 -0.21413168
v 0.77701312 -0.00111627 -0.22969962
v 0.7537108 -0.04358175 -0.23501539
v 0.76851266 -0.01101364 -0.25425866
v 0.78381937 0.02071343 -0.27515551
v 0.75337529 -0.01953418 -0.27667367
v 0.76733905 0.01141276 -0.30028253
v 0.78117013 0.04323452 -0.32252568
v 0.74575823 0.00640545 -0.32059082
v 0.75790518 0.03956917 -0.34424749
v 0.76953697 0.07428655 -0.36241689
v 0.7307651 0.04133877 -0.35795763
v 0.74250525 0.07704787 -0.37726363
v 0.70155143 0.047575 -0.36204144
v 0.71066176 0.08450283 -0.38280445
v 0.72335869 0.11777828 -0.40253642
v 0.67735528 0.09482655 -0.3773888
v 0.6842457 0.12911425 -0.39647328
v 0.64770674 0.10599234 -0.3604471
v 0.64917141 0.14331506 -0.37737044
v 0.65251255 0.17391453 -0.39493069
v 0.62329512 0.15827427 -0.34928992
v 0.65307062 0.19961358 -0.41204556
v 0.65163457 0.21885398 -0.42893439
v 0.62115192 0.26263293 -0.43668314
v 0.60696554 0.30229115 -0.42885556
v 0.59383165 0.30353999 -0.45722961
v 0.60960191 0.264196 -0.46148884
v 0.57682132 0.29879003 -0.48233655
v 0.59314161 0.25807413 -0.48370087
v 0.55991172 0.29134014 -0.50777685
v 0.57507282 0.24838477 -0.50733047
v 0.54639291 0.28321275 -0.53506189
v 0.54893219 0.33507812 -0.51043015
v 0.53692734 0.32758164 -0.53880226
v 0.52243387 0.31963518 -0.56460547
v 0.53090012 0.37136817 -0.54515671
v 0.51833826 0.362504 -0.57284587
v 0.49812129 0.35524103 -0.59521889
v 0.50117713 0.31242087 -0.58584851
v 0.47113382 0.35157609 -0.61037617
v 0.47322678 0.30757609 -0.59951835
v 0.43979784 0.35028153 -0.62185972
v 0.44150105 0.30444246 -0.60995668
v 0.40741592 0.34941065 -0.63761556
v 0.40879854 0.3020918 -0.62472069
v 0.37785339 0.34708252 -0.66189801
v 0.37849476 0.29962521 -0.64674425
v 0.38424119 0.25053781 -0.64089077
v 0.35547497 0.29526767 -0.6778087
v 0.35959529 0.24903643 -0.67037296
v 0.368474 0.2039543 -0.67329102
v 0.34613245 0.24736635 -0.708911
v 0.35222384 0.20717079 -0.70826059
v 0.36041516 0.16745001 -0.71705341
v 0.34570869 0.21027748 -0.74982148
v 0.35162511 0.1748003 -0.75458669
v 0.35889565 0.13915728 -0.76507067
v 0.34646368 0.17468215 -0.79181283
v 0.35176333 0.14204591 -0.79785078
v 0.35782221 0.10950733 -0.80608987
v 0.33872708 0.13925749 -0.82809084
v 0.34357795 0.10974285 -0.83343827
v 0.31710144 0.13444159 -0.85270792
v 0.32173138 0.10656216 -0.85629922
v 0.28802716 0.12987677 -0.86757177
v 0.29316276 0.10156483 -0.87148356
v 0.25460249 0.12610583 -0.8700456
v 0.26034385 0.09492087 -0.87623345
v 0.26774758 0.06701765 -0.8850072
v 0.22679501 0.08847305 -0.86967486
v 0.23512023 0.05572235 -0.88215208
v 0.24522723 0.02669715 -0.8973
v 0.20079863 0.04771069 -0.86811834
v 0.21200025 0.01522679 -0.88834649
v 0.22246836 -0.01135045 -0.90708315
v 0.17201407 0.01021478 -0.8680939
v 0.18153692 -0.01905677 -0.88892197
v 0.12570639 0.01350532 -0.852319
v 0.13619728 -0.02030119 -0.87065982
v 0.08031693 0.01861112 -0.84968197
v 0.09208278 -0.01631163 -0.86711019
v 0.03985177 0.02798258 -0.86053091
v 0.05205547 -0.0064343 -0.87621533
v 0.06391522 -0.03708078 -0.90008348
v 0.02021114 0.01145163 -0.89529037
v 0.03363831 -0.01935038 -0.9164381
v 0.04620835 -0.04454378 -0.94631093
v 0.01197234 0.00674185 -0.93596953
v 0.02490216 -0.02004063 -0.96392279
v 0.03804886 -0.03948711 -0.99939245
v 0.01251538 0.01157215 -0.98326319
v 0.02550994 -0.00927707 -1.01589644
v 0.04017431 -0.02394376 -1.05568718
v 0.02420573 0.02450557 -1.03264963
v 0.03864019 0.00668225 -1.06906271
v 0.05738576 -0.00560675 -1.11172187
v 0.04853995 0.03712116 -1.08214068
v 0.06592702 0.02232143 -1.12022912
v 0.08702625 0.01407304 -1.16052234
v 0.08206117 0.04873682 -1.12806689
v 0.10053646 0.03857576 -1.16387617
v 0.12091442 0.03248626 -1.19940066
v 0.12112466 0.06070883 -1.16682434
v 0.13837015 0.05252783 -1.19904196
v 0.14621935 0.07906237 -1.16993475
v 0.16012294 0.06910159 -1.19892787
v 0.17291468 0.09320772 -1.17214584
v 0.18403221 0.08139277 -1.19986152
v 0.19917281 0.10175129 -1.17320048
v 0.20789958 0.08866976 -1.20074367
v 0.21684068 0.07936272 -1.22689187
v 0.23143209 0.08958412 -1.19957566
v 0.23798675 0.07938852 -1.22588264
v 0.24373945 0.0714093 -1.25079965
v 0.2568939 0.07205573 -1.22325146
v 0.2594206 0.06399731 -1.24848294
v 0.26141187 0.05768897 -1.27195262
v 0.27181667 0.05198446 -1.24585425
v 0.27111488 0.04669484 -1.26964116
v 0.27049994 0.04202964 -1.29055213
v 0.27663812 0.03311459 -1.268121
v 0.27472421 0.03078032 -1.28957414
v 0.27772072 0.0191072 -1.26723468
v 0.27489349 0.01878202 -1.28984153
v 0.27424797 0.00591108 -1.26711642
v 0.27181315 0.00856272 -1.29013764
v 0.26850661 0.00894949 -1.30540037
v 0.26367318 0.0090014 -1.3175081
v 0.25741285 -0.00128612 -1.31415009
v 0.24711026 -0.01304119 -1.30622553
v 0.23483429 -0.02886405 -1.28959989
v 0.22371685 -0.02781626 -1.29830813
v 0.22153857 -0.04242788 -1.26503169
v 0.2078958 -0.04304098 -1.27549934
v 0.20643819 -0.05328798 -1.23591089
v 0.23569943 -0.03631493 -1.25426733
v 0.22396087 -0.04629203 -1.22473406
v 0.21009285 -0.05505448 -1.19126105
v 0.24074959 -0.03372237 -1.21585941
v 0.23124086 -0.04135705 -1.18213689
v 0.25663736 -0.01815573 -1.2110697
v 0.25016105 -0.02289076 -1.17731106
v 0.26987463 -0.00009402 -1.2100259
v 0.26561418 -0.00187709 -1.17670285
v 0.27765467 0.01957001 -1.21174049
v 0.27499663 0.0213637 -1.17936384
v 0.27424746 0.02462291 -1.1445508
v 0.27715033 0.0445327 -1.18401765
v 0.27703866 0.05189472 -1.15148711
v 0.27831283 0.06261508 -1.11958789
v 0.26847556 0.07728304 -1.16028392
v 0.28161487 0.07334998 -1.08915329
v 0.28672301 0.08132168 -1.05950141
v 0.29889738 0.12432643 -1.04262244
v 0.29286414 0.08700382 -1.03123796
v 0.31007558 0.12843969 -1.01595139
v 0.30120015 0.09041593 -1.00455188
v 0.325365 0.12965175 -0.9947105
v 0.32009476 0.09176188 -0.98708844
v 0.31738463 0.05766975 -0.97808361
v 0.3453077 0.09559729 -0.97030377
v 0.347851 0.13059264 -0.98004061
v 0.37038308 0.13449552 -0.96477073
v 0.36921012 0.0999507 -0.95317906
v 0.39265495 0.13782656 -0.95011615
v 0.39226481 0.10362913 -0.93800711
v 0.4154438 0.14083387 -0.93577861
v 0.41504269 0.10712502 -0.92475235
v 0.43798503 0.11026171 -0.91193079
v 0.45877814 0.08245285 -0.89305561
v 0.39446139 0.17421834 -0.96138298
v 0.37327852 0.17177698 -0.97512012
v 0.37745717 0.21047644 -0.98500639
v 0.35216 0.16938026 -0.98893684
v 0.35771346 0.20904995 -0.99800783
v 0.36407247 0.24854627 -1.00821411
v 0.3403747 0.20673106 -1.01494562
v 0.35001179 0.2441146 -1.02635037
v 0.35989174 0.28355854 -1.03787112
v 0.33141547 0.23822033 -1.0473988
v 0.34009629 0.27611786 -1.05862557
v 0.30575126 0.23123045 -1.06818521
v 0.31245932 0.26780921 -1.07861292
v 0.27406546 0.22253795 -1.08626687
v 0.27872076 0.25801023 -1.09536695
v 0.23836875 0.21330967 -1.09975957
v 0.2416578 0.24748224 -1.10643351
v 0.24603216 0.28250452 -1.11811876
v 0.20412033 0.23730568 -1.11001908
v 0.20515658 0.27133208 -1.12045979
v 0.20774179 0.30519318 -1.1350696
v 0.16415707 0.26023948 -1.11497783
v 0.16318263 0.29416069 -1.12867057
v 0.12304983 0.24866142 -1.10122716
v 0.11870264 0.28382572 -1.11321377
v 0.08250827 0.23560263 -1.07696151
v 0.07626019 0.27439153 -1.0886383
v 0.0737679 0.31222087 -1.10393142
v 0.03967165 0.26641151 -1.05567967
v 0.03768413 0.3091894 -1.0720185
v 0.03743023 0.34829902 -1.08900308
v 0.01261435 0.30918082 -1.0389558
v 0.01171485 0.35129645 -1.05743837
v 0.01074462 0.38941377 -1.07610869
v 0.03752923 0.38520389 -1.10705876
v 0.01021174 0.42607027 -1.09476351
v 0.03752376 0.4212369 -1.12539649
v 0.0095922 0.46241101 -1.11217117
v 0.03751685 0.45797824 -1.14181327
v 0.00856801 0.49959629 -1.12599873
v 0.03841812 0.49561274 -1.15464234
v 0.0092362 0.53851413 -1.13676035
v 0.03936813 0.53310489 -1.16457319
v 0.01110984 0.57735228 -1.1462357
v 0.04109729 0.57060378 -1.17374599
v 0.01235902 0.61497044 -1.1545732
v 0.04159149 0.60766536 -1.18169522
v 0.01311162 0.65171897 -1.16176331
v 0.04073539 0.64497739 -1.18871057
v 0.01357057 0.68872755 -1.16571855
v -0.00473541 0.65834516 -1.1370784
v -0.0034148 0.69457775 -1.14146637
v -0.01126361 0.66095691 -1.1240462
v -0.00973567 0.69732892 -1.12846875
v -0.01449633 0.66242277 -1.11393964
v -0.01273702 0.6995449 -1.11785399
v -0.01129749 0.73605746 -1.12227535
v -0.01435373 0.70140093 -1.1079396
v -0.01268491 0.73842263 -1.11231327
v -0.01145571 0.77394205 -1.11711955
v -0.01409253 0.74063104 -1.10300755
v -0.01346708 0.77620643 -1.10812032
v -0.01422925 0.80941277 -1.11407077
v -0.02095192 0.77689051 -1.10552704
v -0.02219313 0.80911517 -1.11155414
v -0.02345389 0.84238368 -1.11729824
v -0.03129395 0.80753547 -1.1148194
v -0.03272185 0.839598 -1.12063372
v -0.03328944 0.88667011 -1.13156926
v -0.02446505 0.88921177 -1.12837779
v -0.03015247 0.93808978 -1.14817166
v -0.02217196 0.93988704 -1.14453935
v -0.02583441 0.98350054 -1.16166138
v -0.01549464 0.98526966 -1.15720427
v -0.0223475 1.01626384 -1.16761517
v -0.00816865 1.01717615 -1.16401898
v -0.01720191 1.04899406 -1.16997087
v 0.00264816 1.04836511 -1.16731071
v -0.00626958 1.08463978 -1.16890108
v 0.01784396 1.07962834 -1.16871511
v 0.00920853 1.11929047 -1.16339242
v -0.02889126 1.08732247 -1.17373776
v -0.0197526 1.12569272 -1.166561
v -0.01225816 1.16386985 -1.15714585
v 0.02166056 1.155092 -1.15478408
v -0.00483093 1.202286 -1.14548146
v 0.03294543 1.19452416 -1.14252436
v 0.0021669 1.24046659 -1.13169813
v 0.04179754 1.23427975 -1.12706184
v 0.08108988 1.2302984 -1.12307596
v 0.1197051 1.22816705 -1.1159718
v 0.04833904 1.27275991 -1.10998928
v 0.08708862 1.26952254 -1.10299623
v 0.12436919 1.26755487 -1.09347999
v 0.16058048 1.2670294 -1.08283758
v 0.15883809 1.22853219 -1.10597205
v 0.09111121 1.30724048 -1.08270418
v 0.12760944 1.30524051 -1.07134962
v 0.16246676 1.30398941 -1.05921614
v 0.19516748 1.30407154 -1.04855728
v 0.19472986 1.26766133 -1.07288813
v 0.13060396 1.34180367 -1.05033814
v 0.16451326 1.34025192 -1.03635478
v 0.19608251 1.33998739 -1.02420699
v 0.22403118 1.34036886 -1.01486802
v 0.22433398 1.30482673 -1.04001474
v 0.1657008 1.37467503 -1.01365876
v 0.19607533 1.37406373 -0.99990266
v 0.22269894 1.37404513 -0.98942083
v 0.24698217 1.37353038 -0.98172444
v 0.24915874 1.34020555 -1.007725
v 0.19500179 1.40593624 -0.97699409
v 0.22022157 1.40558385 -0.96540588
v 0.243108 1.40408039 -0.95704352
v 0.26563873 1.40164041 -0.95058739
v 0.26980724 1.37148678 -0.97542363
v 0.2161002 1.43373799 -0.94179666
v 0.2379764 1.43205189 -0.9333952
v 0.25972697 1.4293729 -0.92743593
v 0.28108498 1.42810463 -0.92199385
v 0.28729349 1.39995312 -0.94497108
v 0.2330618 1.45848131 -0.91034126
v 0.25380477 1.45596528 -0.90459579
v 0.27307897 1.45459449 -0.90186536
v 0.29404118 1.4582206 -0.90730756
v 0.30065769 1.43272686 -0.92622214
v 0.28464821 1.48220527 -0.88865941
v 0.30596414 1.48530376 -0.89829462
v 0.31451565 1.46487498 -0.91866242
v 0.31865331 1.44258773 -0.93947577
v 0.3251641 1.49297976 -0.90807503
v 0.33311104 1.47472703 -0.93113899
v 0.33903706 1.45390057 -0.9540143
v 0.34248593 1.42930579 -0.97652304
v 0.32231524 1.41705489 -0.96206456
v 0.35540974 1.48711967 -0.94338691
v 0.36243319 1.4661802 -0.96757555
v 0.36965414 1.44204855 -0.99295467
v 0.37565276 1.41286158 -1.0184257
v 0.34608337 1.40131008 -1.00087881
v 0.39549294 1.48059511 -0.9810549
v 0.40450701 1.45280468 -1.00746345
v 0.41078037 1.42010164 -1.03279519
v 0.4158121 1.38365423 -1.05638194
v 0.3803808 1.37941885 -1.04263281
v 0.44349935 1.45831453 -1.01439952
v 0.4501084 1.42283499 -1.03806126
v 0.45489069 1.38448679 -1.0589385
v 0.45988643 1.34502637 -1.07700693
v 0.42051881 1.34517133 -1.07673084
v 0.49090936 1.4193995 -1.0307064
v 0.49511978 1.38061499 -1.04921519
v 0.50029385 1.34224784 -1.06534266
v 0.50718271 1.30498981 -1.07903301
v 0.46641007 1.30680251 -1.09210598
v 0.53412503 1.37365138 -1.03015852
v 0.53949409 1.33597803 -1.04462873
v 0.54621547 1.29882657 -1.05775213
v 0.5545941 1.2618004 -1.07102811
v 0.51524299 1.26846909 -1.09161186
v 0.57501632 1.32642722 -1.01780617
v 0.58131712 1.2881546 -1.03060317
v 0.58952325 1.24950361 -1.04419446
v 0.598176 1.21091604 -1.05897831
v 0.56301981 1.22532606 -1.08538758
v 0.60841244 1.27219653 -0.9980281
v 0.61693835 1.23133921 -1.01172006
v 0.62622875 1.18941295 -1.02564275
v 0.63483208 1.14872014 -1.04142773
v 0.60656744 1.17440962 -1.07543289
v 0.63319516 1.20486676 -0.97280442
v 0.64059847 1.15950179 -0.98517918
v 0.64787077 1.11432337 -1.00077283
v 0.65612268 1.07225179 -1.02332615
v 0.6438902 1.11146879 -1.06244742
v 0.63338559 1.12351226 -0.94226092
v 0.6373946 1.07500863 -0.95983868
v 0.60877567 1.09417188 -0.9089598
v 0.61260539 1.04562926 -0.93128085
v 0.58505004 1.08318924 -0.88942289
v 0.59100943 1.03337955 -0.91587561
v 0.56862145 1.07738614 -0.87664759
v 0.57538098 1.02543115 -0.90382784
v 0.57861465 0.97687351 -0.93195712
v 0.57452297 0.93183809 -0.96037358
v 0.56831049 1.01585412 -0.8887819
v 0.57437747 0.9647156 -0.91607332
v 0.57671654 1.00646901 -0.87142491
v 0.58343392 0.94949322 -0.90068936
v 0.59347832 0.99822813 -0.84794044
v 0.60085934 0.9423601 -0.87020367
v 0.61554867 0.98928839 -0.81725871
v 0.62211352 0.93474769 -0.83381462
v 0.62771046 0.88178968 -0.8476473
v 0.63399636 0.83665245 -0.85446441
v 0.63993173 0.92778199 -0.78886681
v 0.64621222 0.87717729 -0.799528
v 0.65212065 0.83273631 -0.80635279
v 0.6576845 0.79177355 -0.80987924
v 0.6399424 0.79733091 -0.85701668
v 0.65874838 0.87496054 -0.74978977
v 0.66667175 0.83065158 -0.75734841
v 0.67298257 0.78891956 -0.76202482
v 0.67709529 0.74776125 -0.76461404
v 0.66244798 0.75147229 -0.81077933
v 0.69380313 0.83354109 -0.71722298
v 0.69813394 0.79020714 -0.72198605
v 0.70101803 0.74750942 -0.72498112
v 0.7032504 0.70468878 -0.72726869
v 0.67999392 0.70605647 -0.76561939
v 0.73183691 0.79173177 -0.69030737
v 0.73397195 0.74797391 -0.69389039
v 0.73453259 0.70396435 -0.6963039
v 0.73340004 0.65911608 -0.69820189
v 0.7033447 0.66088759 -0.72868037
v 0.76595526 0.74786108 -0.66214478
v 0.76654833 0.70349556 -0.6649782
v 0.76550614 0.6586647 -0.66717326
v 0.76250594 0.61268472 -0.66886675
v 0.72974705 0.61173492 -0.70037114
v 0.79727935 0.70309847 -0.63168901
v 0.79685455 0.65890038 -0.63339257
v 0.79485595 0.61456584 -0.63425993
v 0.79180419 0.57060104 -0.63414347
v 0.82459306 0.65913522 -0.59774392
v 0.8231424 0.61621165 -0.59809881
v 0.8208419 0.57366704 -0.59750348
v 0.81930524 0.53308534 -0.59698247
v 0.79015016 0.52783423 -0.63347017
v 0.84547448 0.61731416 -0.56315672
v 0.84359949 0.5758019 -0.56285899
v 0.84049063 0.53379672 -0.56466239
v 0.83576798 0.49201703 -0.56942015
v 0.8177582 0.49204683 -0.59841394
v 0.85427439 0.57295012 -0.53289032
v 0.84943544 0.53068929 -0.53919839
v 0.84508025 0.4884594 -0.5454005
v 0.84141367 0.44674834 -0.5497145
v 0.83178842 0.45059478 -0.57343304
v 0.85281252 0.52474433 -0.51671856
v 0.85243797 0.48229736 -0.52466625
v 0.85113263 0.44081348 -0.53104388
v 0.85211598 0.39960268 -0.53319233
v 0.83906489 0.40589949 -0.55185091
v 0.86634039 0.47871708 -0.51040631
v 0.86809504 0.43706953 -0.51755183
v 0.87160742 0.39795947 -0.52057576
v 0.87637955 0.35974317 -0.52066868
v 0.85338044 0.36116582 -0.53209918
v 0.88871944 0.43867728 -0.50185126
v 0.8945809 0.40098002 -0.50254672
v 0.89961576 0.36355358 -0.50215101
v 0.90369403 0.32900905 -0.50222289
v 0.91100251 0.40144628 -0.4763163
v 0.91487401 0.36368417 -0.47775346
v 0.91875243 0.3290393 -0.47926431
v 0.92233532 0.2965866 -0.4817796
v 0.90866988 0.29787495 -0.5033639
v 0.92187804 0.36019307 -0.44807109
v 0.92588734 0.32501643 -0.4519816
v 0.92936718 0.29175376 -0.45708078
v 0.93195962 0.2589958 -0.46396917
v 0.92657297 0.26394939 -0.48682001
v 0.92444688 0.31736856 -0.42252296
v 0.92709982 0.28319892 -0.42962086
v 0.9296925 0.25035604 -0.43869516
v 0.93089729 0.21703 -0.44943887
v 0.9342271 0.22415776 -0.47260296
v 0.91871321 0.27117976 -0.4017215
v 0.91976589 0.23769617 -0.41263711
v 0.90335816 0.25659522 -0.37157294
v 0.91636711 0.3059524 -0.39274498
v 0.90113508 0.29152661 -0.36024001
v 0.88218635 0.27749469 -0.32567262
v 0.88325768 0.24201545 -0.33845272
v 0.89918881 0.32836169 -0.35080105
v 0.88151747 0.31533962 -0.31550672
v 0.8632 0.30475366 -0.27823716
v 0.88148057 0.35514146 -0.30708932
v 0.86418354 0.34624818 -0.27128884
v 0.84017258 0.34296581 -0.23783397
v 0.83914822 0.30161455 -0.24115431
v 0.80612856 0.34603959 -0.20653685
v 0.80484139 0.30771058 -0.20599098
v 0.76560044 0.35121005 -0.18506436
v 0.76453816 0.31499064 -0.18196333
v 0.76303672 0.27663689 -0.17641007
v 0.7606762 0.23650179 -0.17621398
v 0.72225624 0.32051676 -0.17377129
v 0.72096473 0.28171598 -0.16618067
v 0.72008538 0.23995368 -0.16590476
v 0.72062039 0.19910724 -0.16484785
v 0.75881463 0.19684571 -0.1746377
v 0.68089026 0.28470754 -0.17237749
v 0.68130737 0.24175743 -0.16932557
v 0.68342542 0.1992262 -0.16868101
v 0.68593967 0.15858779 -0.16519956
v 0.72118276 0.15903586 -0.16156768
v 0.64767313 0.24209037 -0.1866485
v 0.65100985 0.19805868 -0.18483309
v 0.65475165 0.15583638 -0.18071098
v 0.65863192 0.11498059 -0.17483794
v 0.68808931 0.1181181 -0.16041559
v 0.62568169 0.19556871 -0.21038624
v 0.63002789 0.15158909 -0.20499409
v 0.63513368 0.10993434 -0.1981312
v 0.64115726 0.06989591 -0.19168736
v 0.66272664 0.07475196 -0.17004458
v 0.61425435 0.14595101 -0.23574717
v 0.61974525 0.103571 -0.22740623
v 0.62619328 0.06335727 -0.21839192
v 0.6329264 0.02454634 -0.20855639
v 0.64667475 0.03074986 -0.18520987
v 0.61361688 0.09574922 -0.25919306
v 0.61972433 0.05547889 -0.24722459
v 0.62645793 0.01667083 -0.23354651
v 0.63344925 -0.0203356 -0.21777376
v 0.63944357 -0.01309954 -0.1975464
v 0.62192964 0.0466405 -0.27540436
v 0.62755566 0.00798282 -0.25785967
v 0.6336677 -0.02866715 -0.23727965
v 0.63986706 -0.06243716 -0.21631811
v 0.64042162 -0.05539849 -0.20066577
v 0.63567549 -0.0009335 -0.27898651
v 0.63944149 -0.03746269 -0.25495237
v 0.64422768 -0.06997109 -0.23096847
v 0.64839053 -0.09952125 -0.20969867
v 0.64591181 -0.09352724 -0.19802351
v 0.65033024 -0.04574622 -0.26906949
v 0.6530112 -0.0773402 -0.24309212
v 0.6552307 -0.10538972 -0.21972645
v 0.66583848 -0.08332274 -0.25127261
v 0.66562855 -0.11079634 -0.22742688
v 0.68167144 -0.08715765 -0.2548066
v 0.67915439 -0.1135944 -0.23062953
v 0.69891393 -0.08737883 -0.25242942
v 0.69361317 -0.11414711 -0.22944931
v 0.71547281 -0.08504976 -0.24493069
v 0.70688378 -0.11246659 -0.22375889
v 0.72959035 -0.08076702 -0.23298281
v 0.71844333 -0.10910465 -0.2141066
v 0.73976057 -0.07516802 -0.21777999
v 0.7265219 -0.105291 -0.20202429
v 0.7409715 -0.05050696 -0.25397765
v 0.72393274 -0.05563223 -0.26882836
v 0.73375856 -0.02508964 -0.29442825
v 0.70416593 -0.05803927 -0.27840238
v 0.71148097 -0.02680735 -0.30602797
v 0.7208864 0.00624993 -0.33322069
v 0.68839603 -0.02421211 -0.31015929
v 0.69467449 0.01056755 -0.33736535
v 0.66702354 -0.01821065 -0.30629625
v 0.67004513 0.01800181 -0.33281734
v 0.67299801 0.05612031 -0.35657581
v 0.64875495 0.02724779 -0.32012444
v 0.64818996 0.06596835 -0.34172961
v 0.63201659 0.03711228 -0.30046072
v 0.62876236 0.07641202 -0.3190191
v 0.62567275 0.1171908 -0.33473762
v 0.61696976 0.08660844 -0.29051667
v 0.61272853 0.12835533 -0.30357888
v 0.60888803 0.17180343 -0.31604641
v 0.60895514 0.13829778 -0.26986539
v 0.60507667 0.18305617 -0.27977436
v 0.61032354 0.19085133 -0.24350379
v 0.60759961 0.2366067 -0.25151133
v 0.62304461 0.24046465 -0.21567246
v 0.62224972 0.28417927 -0.22379885
v 0.60549628 0.28173944 -0.26152083
v 0.6219303 0.32446014 -0.23395654
v 0.60445201 0.32335972 -0.27162295
v 0.62012749 0.3627139 -0.24099323
v 0.60235649 0.36275079 -0.27781504
v 0.59385913 0.3628605 -0.31735262
v 0.59960436 0.40272292 -0.28029498
v 0.59117847 0.40503162 -0.31809783
v 0.59073305 0.41034621 -0.35382503
v 0.59441906 0.36626631 -0.35489648
v 0.59144073 0.41952592 -0.38916632
v 0.59753459 0.37533631 -0.38982909
v 0.58112442 0.42877724 -0.42525428
v 0.58935987 0.38515287 -0.42535734
v 0.59795177 0.34255799 -0.42614221
v 0.57214695 0.38744548 -0.45586815
v 0.58237302 0.34443664 -0.45579454
v 0.55448526 0.38500654 -0.4853177
v 0.56436389 0.341169 -0.48263093
v 0.54002249 0.37888211 -0.5151261
v 0.54513281 0.42870727 -0.48930352
v 0.53398692 0.42268863 -0.52252852
v 0.52675056 0.41393551 -0.55401659
v 0.52804154 0.46541151 -0.53188598
v 0.52460688 0.45533713 -0.56568545
v 0.51733231 0.44339603 -0.5967409
v 0.51661217 0.40332961 -0.58383095
v 0.50124818 0.43611258 -0.62204593
v 0.49825117 0.39637276 -0.60740262
v 0.47660574 0.43339294 -0.63956362
v 0.47240141 0.39334729 -0.62408298
v 0.44705766 0.43352717 -0.65344947
v 0.4416427 0.39320793 -0.63670337
v 0.41647097 0.43388715 -0.67191433
v 0.40977448 0.39333435 -0.65400773
v 0.38644933 0.43231749 -0.69921368
v 0.38068285 0.39119863 -0.68052643
v 0.3580724 0.42417851 -0.73398566
v 0.35526058 0.38378855 -0.71363788
v 0.35418576 0.3408305 -0.69373047
v 0.33640509 0.36862269 -0.75244391
v 0.33800461 0.32869568 -0.73254042
v 0.34120696 0.28804954 -0.71709716
v 0.33142235 0.31643441 -0.77485209
v 0.33597597 0.28021556 -0.76127797
v 0.34080168 0.24482865 -0.75240206
v 0.33349591 0.27353966 -0.8019697
v 0.33719506 0.23954631 -0.7933256
v 0.34147539 0.20665437 -0.78980594
v 0.32963374 0.23231142 -0.82970994
v 0.33216366 0.19976291 -0.82555246
v 0.33542969 0.16944983 -0.82544052
v 0.31318214 0.19347044 -0.85369837
v 0.31451135 0.16325587 -0.85179615
v 0.2838765 0.1906569 -0.86930233
v 0.28523922 0.15951444 -0.86684531
v 0.25003194 0.19175645 -0.86989736
v 0.25126946 0.15820181 -0.86809438
v 0.21580793 0.19476053 -0.86019051
v 0.21749222 0.15854334 -0.85885357
v 0.22084456 0.12360925 -0.86136341
v 0.17854 0.15987791 -0.84334373
v 0.18273848 0.12216287 -0.84528809
v 0.19043423 0.08434338 -0.85297966
v 0.13949762 0.1232416 -0.83026886
v 0.14830948 0.08504458 -0.83652001
v 0.1598044 0.04613406 -0.84999781
v 0.10153141 0.0880382 -0.82939237
v 0.11310036 0.05009355 -0.83845919
v 0.05668019 0.09262903 -0.83415448
v 0.06802028 0.05542403 -0.83919537
v 0.09374817 0.12598805 -0.82526719
v 0.05078017 0.12909139 -0.83399766
v 0.0913605 0.16452918 -0.82540011
v 0.0544012 0.16829526 -0.83269947
v 0.09495154 0.20508971 -0.82782113
v 0.06072348 0.20941826 -0.83398312
v 0.03898022 0.2148374 -0.84296315
v 0.06636101 0.25007271 -0.83757901
v 0.04434703 0.2548263 -0.84699958
v 0.02527401 0.25998321 -0.8569765
v 0.02168649 0.21999326 -0.85125029
v 0.00701616 0.26509043 -0.85662198
v 0.0038728 0.22499667 -0.85357022
v 0.00499262 0.26859021 -0.83722901
v -0.00198572 0.23012863 -0.83618843
v -0.00968046 0.19222302 -0.83584326
v -0.0199345 0.15492613 -0.84337157
v 0.00015661 0.23323962 -0.81365543
v -0.00775775 0.19418253 -0.81682634
v -0.01840617 0.15342976 -0.82846903
v -0.02963493 0.11954466 -0.84004998
v -0.03212607 0.12459337 -0.85406208
v -0.00437375 0.19305202 -0.79724532
v -0.01506191 0.15093347 -0.81235015
v -0.02588989 0.11512123 -0.82449489
v -0.03804392 0.083365 -0.83441442
v -0.04170476 0.09042423 -0.84970158
v -0.01179411 0.14621697 -0.79365736
v -0.02242879 0.11028205 -0.80811923
v -0.03591617 0.07681375 -0.82140529
v -0.05360821 0.04582411 -0.83625352
v -0.05447454 0.0538256 -0.84769135
v -0.02053008 0.10326135 -0.79282277
v -0.03446425 0.06924556 -0.80873674
v -0.05274162 0.03743203 -0.82495933
v -0.07652184 0.00971392 -0.84219098
v -0.07573631 0.01812953 -0.85277152
v -0.04121569 0.06609405 -0.79741859
v -0.05854081 0.03428993 -0.81449419
v -0.08171223 0.00596531 -0.83199578
v -0.10863525 -0.01749824 -0.84997791
v -0.10365808 -0.01314708 -0.86056256
v -0.07037419 0.03625826 -0.80549114
v -0.09151189 0.00743661 -0.82267355
v -0.1169378 -0.01696273 -0.84017229
v -0.12655343 -0.01458874 -0.83048629
v -0.15262931 -0.02903322 -0.84569221
v -0.14404672 -0.0333503 -0.85611665
v -0.13672387 -0.03408706 -0.8672474
v -0.10292132 0.01024906 -0.81432092
v -0.1172116 0.01543566 -0.80700564
v -0.13792666 -0.00900406 -0.82284116
v -0.08466884 0.03999705 -0.79808312
v -0.10291514 0.04587783 -0.79151636
v -0.0724114 0.07123065 -0.78175222
v -0.093892 0.07685677 -0.77551162
v -0.11991243 0.08340162 -0.77141642
v -0.12478026 0.05267917 -0.78718471
v -0.14949978 0.08905681 -0.77290236
v -0.15103441 0.05931657 -0.78786832
v -0.17935332 0.09391207 -0.78035289
v -0.17816838 0.06426756 -0.79483872
v -0.20815417 0.09850491 -0.79274225
v -0.20487915 0.06717015 -0.80721706
v -0.2012182 0.03577821 -0.82224673
v -0.19725917 0.00988546 -0.83484232
v -0.22865608 0.06838248 -0.82266151
v -0.22333596 0.03590977 -0.83643871
v -0.21783819 0.00931667 -0.84794193
v -0.21268813 -0.00938936 -0.8561992
v -0.19209156 -0.00956715 -0.84366112
v -0.24552232 0.03546326 -0.85042911
v -0.23861289 0.00870037 -0.86016261
v -0.23250693 -0.00987811 -0.86768496
v -0.22752305 -0.0240863 -0.87463355
v -0.20739622 -0.02466782 -0.86389243
v -0.2580547 0.00758778 -0.8701387
v -0.2508462 -0.01081359 -0.87672489
v -0.24500532 -0.02480126 -0.88287454
v -0.24028368 -0.0359129 -0.88935834
v -0.22295433 -0.03585268 -0.88217729
v -0.26575323 -0.01305095 -0.88407146
v -0.25985664 -0.02669484 -0.88960707
v -0.25467759 -0.03645092 -0.8953033
v -0.25031694 -0.04337344 -0.9030705
v -0.23594757 -0.04329794 -0.89825171
v -0.27118259 -0.02827153 -0.89557391
v -0.26586929 -0.03731515 -0.90072661
v -0.2614448 -0.0434785 -0.90747702
v -0.27468174 -0.03866627 -0.906107
v -0.27021256 -0.04468191 -0.91114878
v -0.26776081 -0.04513643 -0.918522
v -0.25863647 -0.04384121 -0.9162029
v -0.24727612 -0.04394407 -0.91347348
v -0.25881117 -0.03829538 -0.92411154
v -0.2466714 -0.03859078 -0.92294615
v -0.2304863 -0.03964926 -0.91990387
v -0.23208254 -0.04450874 -0.90950006
v -0.21056692 -0.04085846 -0.91482573
v -0.21343509 -0.04477378 -0.90350765
v -0.21790753 -0.04344951 -0.89181637
v -0.19065845 -0.04518776 -0.89486974
v -0.19616581 -0.04337122 -0.88281381
v -0.20216219 -0.03631202 -0.87215995
v -0.17088982 -0.04188598 -0.87032902
v -0.17825259 -0.03543272 -0.85953748
v -0.18555334 -0.02481844 -0.8508113
v -0.1618537 -0.02146717 -0.83698898
v -0.16442069 -0.04185393 -0.88239496
v -0.18642558 -0.04144511 -0.90680849
v -0.15899401 -0.03927895 -0.89439815
v -0.13134922 -0.03021385 -0.87866497
v -0.15627265 -0.0306477 -0.90422636
v -0.12823407 -0.02216536 -0.8887493
v -0.10160971 -0.0054449 -0.87058818
v -0.12651866 -0.01125679 -0.89861679
v -0.10008706 0.00428553 -0.88081508
v -0.07550153 0.02658457 -0.86315304
v -0.09974449 0.01601861 -0.89026927
v -0.07636437 0.03638589 -0.87412387
v -0.05679782 0.06246214 -0.86053741
v -0.07779385 0.04870256 -0.88628053
v -0.05972161 0.07147765 -0.87378221
v -0.04454956 0.09771259 -0.86395907
v -0.0622433 0.08621905 -0.88784295
v -0.04667397 0.10744173 -0.87624585
v -0.07930111 0.0675027 -0.90013599
v -0.07855194 0.09351382 -0.91345006
v -0.09952747 0.05262675 -0.91399425
v -0.09778504 0.0802373 -0.92676395
v -0.09399443 0.11195146 -0.93909394
v -0.07670092 0.12144077 -0.92652106
v -0.09017704 0.14640763 -0.95257365
v -0.0750439 0.15200509 -0.94047808
v -0.08553657 0.18537302 -0.96640026
v -0.07239209 0.18858438 -0.95450252
v -0.05963368 0.19270515 -0.94282758
v -0.06550862 0.22959528 -0.96360242
v -0.05396039 0.23090158 -0.95068442
v -0.04154484 0.23186686 -0.93892151
v -0.04566219 0.19656331 -0.93091267
v -0.02657008 0.23068311 -0.93514049
v -0.02965425 0.19664879 -0.92690622
v -0.01929071 0.22510239 -0.94837898
v -0.02135772 0.19122529 -0.9372102
v -0.0206426 0.1619915 -0.92731809
v -0.01563836 0.1843564 -0.94937437
v -0.01678324 0.15265621 -0.9383437
v -0.01649791 0.12208857 -0.9255113
v -0.01376562 0.10253714 -0.93045324
v -0.00749064 0.06842359 -0.90754532
v -0.01265609 0.1391454 -0.94715195
v -0.00673778 0.11667193 -0.95870459
v -0.00890172 0.07347164 -0.93941956
v 0.00025834 0.04008186 -0.95713919
v 0.00059339 0.03743166 -0.91716766
v 0.00147885 0.08133342 -0.97652107
v 0.0117931 0.04770257 -1.00257265
v 0.02423105 0.08411394 -1.02053129
v 0.03519904 0.05764699 -1.04931044
v 0.04448294 0.11590719 -1.0393486
v 0.05552918 0.08719889 -1.06530094
v 0.06713744 0.06509967 -1.09483647
v 0.07115292 0.14288549 -1.06108439
v 0.08262497 0.11346155 -1.08139741
v 0.09281881 0.09021368 -1.10641551
v 0.10541804 0.07295718 -1.13538503
v 0.11295348 0.13588187 -1.09573912
v 0.12281581 0.11181772 -1.11626625
v 0.13325651 0.09275344 -1.14128482
v 0.1536507 0.12923479 -1.12363338
v 0.16251623 0.10885198 -1.14582657
v 0.18344615 0.14119896 -1.12611532
v 0.1910969 0.11953772 -1.14749813
v 0.22481322 0.10353631 -1.17241859
v 0.24915882 0.0958033 -1.16812765
v 0.25298076 0.08194725 -1.19585585
v 0.26889929 0.06579046 -1.1900407
v 0.27085027 0.05804632 -1.21915864
v 0.27752351 0.03927359 -1.21491289
v 0.27779403 0.0359267 -1.24326133
v 0.27849856 0.01871794 -1.24136364
v 0.27320322 0.0025263 -1.24050903
v 0.26301541 -0.01193148 -1.24144244
v 0.24989004 -0.02557982 -1.24567449
v 0.14556463 0.15344476 -1.1067034
v 0.17705191 0.16562184 -1.11151123
v 0.13740313 0.18207991 -1.09684097
v 0.17148965 0.19458586 -1.10521948
v 0.20475503 0.20436263 -1.10667216
v 0.16704012 0.22660285 -1.10635554
v 0.12979304 0.2142536 -1.09522378
v 0.1033088 0.16502766 -1.0811001
v 0.09269602 0.19882832 -1.07468485
v 0.05826169 0.17918644 -1.04766035
v 0.04500278 0.21970033 -1.04253494
v 0.00859229 0.0442944 -0.88252413
v -0.01341524 0.21800738 -0.96221524
v -0.01721404 0.27004766 -0.96189969
v -0.01126555 0.26524221 -0.97812336
v -0.01690691 0.31941312 -0.97602492
v -0.01151897 0.31505397 -0.99292689
v -0.00267702 0.31140229 -1.01346087
v -0.01342689 0.36166775 -1.01103711
v -0.00426608 0.35619315 -1.0313301
v -0.0147224 0.40254929 -1.03206479
v -0.00579072 0.39568108 -1.05035507
v -0.0148072 0.43944865 -1.05408704
v -0.00683707 0.43281829 -1.06960034
v -0.01401902 0.47447919 -1.07452964
v -0.00754193 0.46871984 -1.08736741
v -0.01288712 0.50981003 -1.09298682
v -0.00778904 0.50533217 -1.10352528
v -0.01208137 0.54686808 -1.10722124
v -0.00603676 0.54355692 -1.11787521
v -0.01187702 0.58509135 -1.11618888
v -0.00534213 0.58257347 -1.12656629
v -0.01188596 0.62329405 -1.12076234
v -0.00537654 0.62117654 -1.13211119
v -0.01591704 0.58744621 -1.10528922
v -0.01541331 0.6248328 -1.11026883
v -0.01915424 0.58955961 -1.09453308
v -0.01791269 0.62637484 -1.09974396
v -0.01630911 0.6639297 -1.10365557
v -0.02010339 0.62786221 -1.08969104
v -0.01774119 0.66550654 -1.09368777
v -0.01571285 0.70333045 -1.09826505
v -0.02364296 0.6666572 -1.09092295
v -0.0212394 0.70448124 -1.09550988
v -0.02015889 0.74189174 -1.100129
v -0.02999309 0.70473867 -1.10030043
v -0.02899348 0.74172586 -1.10477829
v -0.02982388 0.7760154 -1.10989856
v -0.03748934 0.74105203 -1.11125731
v -0.03843379 0.77496576 -1.11579501
v -0.04018855 0.80557984 -1.11997687
v -0.04866528 0.77373892 -1.12188518
v -0.05021992 0.80396252 -1.12477397
v -0.04206026 0.83671492 -1.12482357
v -0.04220751 0.88345551 -1.13581943
v -0.04685797 0.93213319 -1.16245186
v -0.03790324 0.93561446 -1.1541928
v -0.04468102 0.97758287 -1.17857575
v -0.03560274 0.98083728 -1.16927337
v -0.03534222 1.01457548 -1.1756314
v -0.03410748 1.04722213 -1.17665422
v -0.05868984 0.92640912 -1.17167449
v -0.05620675 0.97320425 -1.18954813
v -0.07358735 0.92872607 -1.19029915
v -0.07410483 0.96617019 -1.20644199
v -0.09493466 0.92341035 -1.21705365
v -0.0993397 0.95301532 -1.23223102
v -0.11523173 0.98052108 -1.24376559
v -0.12530322 0.93690443 -1.26143658
v -0.14213854 0.96204739 -1.26956284
v -0.16856826 0.9841535 -1.27051103
v -0.14350105 1.00559842 -1.24786698
v -0.2015542 1.00071144 -1.26396322
v -0.18178676 1.02452254 -1.24200058
v -0.23873166 1.01042223 -1.25178587
v -0.22309264 1.03432333 -1.22952926
v -0.20882044 1.06086742 -1.20892143
v -0.26349908 1.03752744 -1.21497678
v -0.2513459 1.06420159 -1.19398188
v -0.240893 1.09356176 -1.17460763
v -0.19657634 1.08963549 -1.19027066
v -0.23227343 1.1254034 -1.15684807
v -0.18833056 1.12157654 -1.17272639
v -0.13946844 1.11253404 -1.18499064
v -0.18203747 1.15591168 -1.15699231
v -0.13596797 1.14931094 -1.16954541
v -0.0901483 1.14004254 -1.17352473
v -0.0529413 1.13255941 -1.17235004
v -0.13217331 1.18629133 -1.15540778
v -0.08843258 1.17931354 -1.16149473
v -0.0488781 1.17194557 -1.16173696
v -0.08480434 1.21675539 -1.14810657
v -0.04365086 1.21010172 -1.14939785
v -0.08061651 1.25294888 -1.13383519
v -0.03834034 1.24711966 -1.13499653
v -0.07644765 1.28801727 -1.11872732
v -0.03344313 1.28312087 -1.11940598
v 0.0080575 1.27771008 -1.11579752
v -0.02918243 1.31809175 -1.10281968
v 0.01249307 1.31371736 -1.09866619
v 0.05279371 1.30988121 -1.09173297
v 0.01591492 1.34898626 -1.08095073
v 0.05606327 1.34584581 -1.07331812
v 0.09445084 1.3436805 -1.0631864
v 0.05890643 1.38070762 -1.05509436
v 0.09719028 1.37854516 -1.04394865
v 0.13281217 1.37651503 -1.02948856
v 0.09940234 1.41180312 -1.02520644
v 0.13407458 1.40922915 -1.00944078
v 0.16605539 1.40700018 -0.99211722
v 0.13407793 1.43856012 -0.98854559
v 0.16534529 1.43556141 -0.96988976
v 0.19275413 1.43392622 -0.95392763
v 0.16296519 1.46148979 -0.94914692
v 0.18888981 1.45944428 -0.93277812
v 0.21142101 1.45954787 -0.91953539
v 0.1825343 1.4837588 -0.91299337
v 0.20412997 1.48429501 -0.89985877
v 0.22366491 1.48422229 -0.89005208
v 0.17199386 1.50965654 -0.89638829
v 0.15809789 1.48567318 -0.92938023
v 0.1499309 1.51114785 -0.91052806
v 0.13842734 1.54088401 -0.88991409
v 0.15672989 1.53951668 -0.88018792
v 0.13084912 1.57110083 -0.86401212
v 0.14583878 1.57268595 -0.85808885
v 0.13176852 1.60164308 -0.83466786
v 0.14502497 1.60480487 -0.8340764
v 0.15279908 1.61170375 -0.83918994
v 0.15374405 1.61892128 -0.84652799
v 0.14858704 1.63549661 -0.81218284
v 0.15393732 1.64249217 -0.81952345
v 0.15549083 1.64934766 -0.82767581
v 0.15511138 1.65617692 -0.83615827
v 0.14962916 1.62728965 -0.85554993
v 0.16641597 1.67091143 -0.80068963
v 0.16892445 1.67806756 -0.80989086
v 0.16984787 1.68447041 -0.81936144
v 0.17033429 1.69214868 -0.83223974
v 0.15123972 1.66610789 -0.84686946
v 0.1996445 1.70865857 -0.80682337
v 0.19960989 1.71462631 -0.82270127
v 0.19664987 1.72383856 -0.84142702
v 0.16657218 1.70438468 -0.84819614
v 0.24193641 1.72229647 -0.80210071
v 0.23860138 1.72673404 -0.8220179
v 0.2328432 1.73423397 -0.84342509
v 0.22452494 1.74640071 -0.86602103
v 0.19070375 1.73811078 -0.86175394
v 0.27886682 1.72287237 -0.82967126
v 0.26853334 1.73180353 -0.8533737
v 0.25714379 1.74488866 -0.87702858
v 0.24472217 1.76213192 -0.89960432
v 0.21427801 1.76351594 -0.88727432
v 0.2972728 1.71954083 -0.86715674
v 0.28383383 1.73514318 -0.89243632
v 0.27030208 1.75418484 -0.91624087
v 0.25724041 1.77608323 -0.93782711
v 0.23279467 1.78336894 -0.92015385
v 0.30300045 1.7196064 -0.90954524
v 0.28940951 1.74093389 -0.93502646
v 0.27540966 1.76492345 -0.95756077
v 0.26141005 1.79061603 -0.97727352
v 0.24480348 1.79989492 -0.95740032
v 0.30073273 1.72365486 -0.95416969
v 0.2862592 1.75043928 -0.97834736
v 0.27039799 1.77845311 -0.99813616
v 0.25577303 1.80519509 -1.01471614
v 0.2482817 1.81537652 -0.99466186
v 0.2867982 1.73331975 -0.99752908
v 0.27048537 1.76384592 -1.01766431
v 0.25458788 1.79220998 -1.03381586
v 0.24010375 1.81822371 -1.04720723
v 0.24229708 1.82964336 -1.02970731
v 0.26051753 1.74803888 -1.03234577
v 0.24490903 1.77820539 -1.04839575
v 0.23083519 1.80635666 -1.06129443
v 0.22969286 1.76585805 -1.0574938
v 0.21629609 1.79586005 -1.06997788
v 0.2103537 1.75619483 -1.06066095
v 0.1988853 1.78796517 -1.07306778
v 0.18748158 1.81913375 -1.08182168
v 0.17813308 1.84649491 -1.08381784
v 0.1804075 1.78377676 -1.07001769
v 0.17142944 1.81772136 -1.07814669
v 0.16188389 1.84422326 -1.07857143
v 0.14207679 1.85012471 -1.05905318
v 0.15438301 1.86056101 -1.07138037
v 0.17299324 1.86643433 -1.07749414
v 0.14965771 1.87300038 -1.05920839
v 0.16914135 1.87982189 -1.065472
v 0.18903777 1.88024842 -1.06390726
v 0.18467259 1.88588655 -1.0485208
v 0.20599663 1.88078486 -1.04124903
v 0.21132364 1.87297368 -1.05692017
v 0.22322431 1.861027 -1.02704787
v 0.22829501 1.85285222 -1.04383993
v 0.23607355 1.83864152 -1.01090049
v 0.22294491 1.84544014 -0.99349004
v 0.23343111 1.82349419 -0.97520119
v 0.20490457 1.85008871 -0.97958558
v 0.21282832 1.82861745 -0.95967876
v 0.22196425 1.8058418 -0.94020432
v 0.18766456 1.82934713 -0.95099353
v 0.19451765 1.80635356 -0.92980969
v 0.20343214 1.78389501 -0.90789282
v 0.16659115 1.80105888 -0.92732387
v 0.17348517 1.77610397 -0.90466809
v 0.18206861 1.75506675 -0.88278591
v 0.1471816 1.76280534 -0.90975546
v 0.15327791 1.73877608 -0.88720518
v 0.16081485 1.71992051 -0.86688935
v 0.13227187 1.71766567 -0.89995014
v 0.13912887 1.69659996 -0.87969154
v 0.14674146 1.67945671 -0.86233061
v 0.12988548 1.67145049 -0.89907074
v 0.13745635 1.65276551 -0.88105249
v 0.14577116 1.63819682 -0.86635333
v 0.1438402 1.62827587 -0.90218776
v 0.15330037 1.61215865 -0.88655799
v 0.16191732 1.60827744 -0.919559
v 0.17278122 1.59019792 -0.90150582
v 0.18637251 1.59428179 -0.9325605
v 0.19643789 1.57605135 -0.91052782
v 0.2144631 1.58774304 -0.94095826
v 0.22243146 1.56943035 -0.91791534
v 0.23092429 1.55891656 -0.90019911
v 0.2533465 1.57047689 -0.92263698
v 0.25920206 1.5596677 -0.90676337
v 0.26380115 1.55435681 -0.89413201
v 0.2924543 1.56903481 -0.90598344
v 0.29685345 1.56288754 -0.89349961
v 0.30106669 1.55973792 -0.88437753
v 0.26617679 1.55062484 -0.88234919
v 0.30494767 1.55836558 -0.87750107
v 0.27343347 1.54986333 -0.8774414
v 0.30875107 1.55708134 -0.87131619
v 0.2800877 1.54917407 -0.87167298
v 0.25146168 1.54606235 -0.86537689
v 0.28622269 1.54819881 -0.86540275
v 0.2590813 1.54490506 -0.86082339
v 0.23658181 1.54522693 -0.85457974
v 0.23042379 1.54495322 -0.85903954
v 0.26574972 1.54167962 -0.8566485
v 0.24057444 1.5418961 -0.85022395
v 0.27124908 1.53560316 -0.85514652
v 0.24125762 1.53641545 -0.84749335
v 0.22427219 1.54019546 -0.84115439
v 0.24045144 1.52975654 -0.84720933
v 0.21105431 1.54283559 -0.83683693
v 0.19960749 1.54685092 -0.83300453
v 0.18616385 1.55062651 -0.83280217
v 0.18866837 1.55181956 -0.82934242
v 0.18973588 1.55730283 -0.83252239
v 0.18710565 1.55646979 -0.8366307
v 0.17888578 1.55742788 -0.82490158
v 0.18012797 1.56178176 -0.82735049
v 0.17697638 1.56111836 -0.83151912
v 0.17596459 1.55708229 -0.82906967
v 0.27562069 1.53004026 -0.85653233
v 0.29867556 1.53904128 -0.86159431
v 0.30482533 1.53383362 -0.86392432
v 0.31214353 1.52847945 -0.86980772
v 0.322167 1.52296209 -0.87985533
v 0.3311508 1.54294729 -0.87060082
v 0.33762002 1.54028213 -0.87768155
v 0.34653189 1.53724515 -0.8886075
v 0.35758891 1.53180062 -0.90396618
v 0.33388993 1.51672995 -0.89607501
v 0.36518108 1.55854713 -0.88039273
v 0.37485989 1.55556142 -0.89126616
v 0.38842889 1.5499463 -0.90737718
v 0.40604928 1.53595781 -0.93245941
v 0.37203037 1.51981425 -0.9277907
v 0.40709513 1.57200145 -0.88579022
v 0.42567309 1.56206154 -0.90464383
v 0.44422787 1.54455018 -0.93047642
v 0.46075478 1.52121651 -0.95813667
v 0.4212476 1.51590001 -0.96032923
v 0.4611324 1.56590449 -0.89444595
v 0.48116409 1.54448413 -0.91896104
v 0.49871316 1.51796448 -0.94485408
v 0.51294469 1.48616457 -0.97014772
v 0.47461837 1.49125647 -0.98476356
v 0.51483345 1.5387429 -0.89968001
v 0.53301858 1.51022207 -0.92415934
v 0.54743886 1.47708618 -0.94797337
v 0.5575388 1.44062995 -0.969509
v 0.52307862 1.45043265 -0.99326062
v 0.56291103 1.4995644 -0.8979848
v 0.57587146 1.46412396 -0.9192124
v 0.58573234 1.42701053 -0.93899256
v 0.59288394 1.38882291 -0.95650398
v 0.56479948 1.40276503 -0.98888248
v 0.59764373 1.44876742 -0.88661515
v 0.60672307 1.41062653 -0.90456253
v 0.61339294 1.37139773 -0.92060142
v 0.61813163 1.33110857 -0.93472152
v 0.5980342 1.35027122 -0.97136348
v 0.622455 1.39396953 -0.86997652
v 0.62807124 1.35327053 -0.88530087
v 0.62954711 1.31018829 -0.8985666
v 0.62880122 1.26469993 -0.91043335
v 0.62104654 1.29016041 -0.94818449
v 0.63697344 1.33656692 -0.85226339
v 0.63450068 1.29226636 -0.86580914
v 0.62794417 1.24506759 -0.87711155
v 0.61993873 1.19465327 -0.8863964
v 0.62953144 1.21763944 -0.9211753
v 0.63731783 1.27836763 -0.83661145
v 0.62440049 1.2328192 -0.84945547
v 0.60826081 1.1844275 -0.86139404
v 0.59146452 1.13504552 -0.8709374
v 0.611265 1.14319133 -0.89501756
v 0.62420463 1.22464656 -0.8240816
v 0.59900075 1.18202209 -0.83716368
v 0.57482564 1.13348174 -0.85251277
v 0.59873348 1.17554938 -0.81417161
v 0.56525373 1.12751185 -0.83472865
v 0.56116879 1.06903243 -0.86098963
v 0.57438623 1.11725091 -0.81724125
v 0.56901437 1.06073057 -0.84470641
v 0.59469252 1.10504615 -0.80385589
v 0.58790963 1.05244326 -0.82575541
v 0.6230542 1.09049379 -0.78222727
v 0.61512452 1.04216885 -0.80011528
v 0.6492291 1.07746124 -0.74455481
v 0.63906985 1.03079545 -0.75971192
v 0.63632428 0.98014187 -0.77515405
v 0.66032743 1.02216839 -0.7142657
v 0.65373027 0.97352749 -0.72834706
v 0.65269112 0.92383819 -0.74017286
v 0.68759286 0.96959847 -0.69217169
v 0.68654543 0.92409604 -0.70324653
v 0.68927276 0.87830954 -0.71121007
v 0.72411632 0.92390686 -0.67000478
v 0.72592395 0.87994217 -0.67877495
v 0.72884362 0.83569878 -0.68538087
v 0.75916177 0.87933188 -0.64543688
v 0.76141524 0.83580553 -0.65261429
v 0.76402986 0.7919377 -0.65815722
v 0.79102832 0.83437126 -0.61881262
v 0.79369908 0.79095459 -0.62462317
v 0.7960636 0.74717468 -0.62888294
v 0.81841826 0.78889083 -0.58926117
v 0.821644 0.74575609 -0.5935595
v 0.82414603 0.70234686 -0.59638619
v 0.83999609 0.74345272 -0.55714321
v 0.84368407 0.70108342 -0.56042271
v 0.84590137 0.65883463 -0.56242209
v 0.85631823 0.69911247 -0.52600127
v 0.85965424 0.65770226 -0.52803236
v 0.85867035 0.61592376 -0.52928751
v 0.86258912 0.65382868 -0.49862062
v 0.85972577 0.61133164 -0.50263911
v 0.85641062 0.5684002 -0.508758
v 0.86172002 0.60578411 -0.48064482
v 0.86299544 0.56280094 -0.48909005
v 0.86470484 0.52058571 -0.50072914
v 0.87901181 0.55985546 -0.47455021
v 0.88241177 0.51891231 -0.48613116
v 0.88515919 0.47801566 -0.49629405
v 0.89851093 0.51698833 -0.45874619
v 0.90252661 0.47746148 -0.46783188
v 0.90669649 0.43937611 -0.47358059
v 0.90990239 0.47340139 -0.43298316
v 0.91391861 0.43529653 -0.43967387
v 0.91794347 0.39757728 -0.4442681
v 0.91401732 0.42800521 -0.40396454
v 0.91795688 0.39033359 -0.41043058
v 0.92154461 0.35317704 -0.41649091
v 0.91183549 0.3793807 -0.37650343
v 0.91394966 0.34206214 -0.38459193
v 0.89753133 0.36688837 -0.34234359
v 0.90867614 0.41790267 -0.36844304
v 0.89653945 0.40647846 -0.33346775
v 0.88214224 0.3955565 -0.29844585
v 0.89459484 0.44621944 -0.3237493
v 0.88150692 0.43558302 -0.28880724
v 0.86373955 0.426582 -0.25581023
v 0.86449104 0.38730177 -0.26417544
v 0.83762753 0.42059001 -0.22479976
v 0.8392291 0.38294169 -0.23267629
v 0.80385249 0.41805654 -0.19831322
v 0.80552542 0.38293731 -0.20421792
v 0.76280117 0.41878014 -0.18107402
v 0.76488512 0.38577222 -0.18515999
v 0.71884691 0.42210698 -0.1776978
v 0.72115314 0.3897348 -0.18013173
v 0.72237169 0.35616323 -0.17878748
v 0.67963177 0.39381024 -0.19028574
v 0.68150281 0.35979989 -0.18801207
v 0.6821143 0.32405272 -0.18161033
v 0.646743 0.36189991 -0.21001528
v 0.6480602 0.32516554 -0.20297206
v 0.64741772 0.2854186 -0.192815
v 0.64451843 0.39728543 -0.21283324
v 0.61760997 0.40003266 -0.24394446
v 0.64170813 0.43189349 -0.21178492
v 0.6145935 0.43667662 -0.24322937
v 0.59656548 0.44179415 -0.27945804
v 0.61127376 0.47277799 -0.23923891
v 0.59360468 0.48032671 -0.27588293
v 0.58572697 0.48835957 -0.31413912
v 0.58858996 0.44729855 -0.31726837
v 0.58411169 0.49726834 -0.35174986
v 0.58772361 0.45422044 -0.35304912
v 0.58031565 0.50687146 -0.38969618
v 0.58598852 0.46377596 -0.38907206
v 0.56416648 0.51452446 -0.42753347
v 0.57251155 0.47225961 -0.42586234
v 0.5454384 0.51754266 -0.46552345
v 0.55413305 0.47482782 -0.461178
v 0.56307244 0.43089714 -0.45777338
v 0.53798317 0.47218409 -0.49619859
v 0.52999132 0.51492315 -0.50419384
v 0.52304798 0.50731444 -0.54265147
v 0.52211809 0.5568301 -0.51179236
v 0.51810663 0.5494461 -0.55360353
v 0.5197764 0.53772324 -0.58996081
v 0.52200329 0.49606803 -0.57840645
v 0.52252751 0.52509808 -0.62189376
v 0.52063673 0.48341715 -0.61056333
v 0.513502 0.51634967 -0.65050542
v 0.50704884 0.47558838 -0.63773578
v 0.49148637 0.51307559 -0.67001628
v 0.48311716 0.47296693 -0.65599691
v 0.46429836 0.51246213 -0.68403959
v 0.45446661 0.47290682 -0.66989117
v 0.43513613 0.51094317 -0.70204639
v 0.42489182 0.47268945 -0.68867629
v 0.4041402 0.50711107 -0.72747665
v 0.39407381 0.46988555 -0.71557641
v 0.37328276 0.50058794 -0.76076883
v 0.36253011 0.4615862 -0.75044697
v 0.3478235 0.49359434 -0.79795879
v 0.33745613 0.44853091 -0.78925848
v 0.33565399 0.40775355 -0.77295422
v 0.32555654 0.44154053 -0.82444089
v 0.32486507 0.39299073 -0.81044274
v 0.3277257 0.35420051 -0.79201847
v 0.32099312 0.3905783 -0.84329021
v 0.32535368 0.34762474 -0.83004611
v 0.32951581 0.30918672 -0.81510615
v 0.32243651 0.34668982 -0.8642649
v 0.32597836 0.30475768 -0.85122686
v 0.32791435 0.26710498 -0.83859109
v 0.31338256 0.30110326 -0.87954741
v 0.31322306 0.26184141 -0.86764055
v 0.31273204 0.22633631 -0.85872364
v 0.28671392 0.2603679 -0.88397502
v 0.28461161 0.22416974 -0.87511831
v 0.2550024 0.26391035 -0.88437801
v 0.25157839 0.22708588 -0.87552851
v 0.22277188 0.26946356 -0.87469852
v 0.2178377 0.23188814 -0.86569213
v 0.18703319 0.27532461 -0.8600617
v 0.18149745 0.23684427 -0.85098803
v 0.17821686 0.1982012 -0.84520459
v 0.14150138 0.24168439 -0.83758086
v 0.13674913 0.20167866 -0.83186
v 0.135026 0.16198077 -0.82928293
v 0.09997087 0.24586124 -0.83258748
v 0.14726217 0.28114897 -0.84654235
v 0.10718704 0.28557336 -0.84027433
v 0.07343649 0.28936657 -0.8444671
v 0.11500327 0.32440295 -0.85123395
v 0.0816257 0.32860305 -0.85419118
v 0.05748749 0.33452734 -0.86241304
v 0.04995671 0.29452964 -0.85371303
v 0.03708419 0.34010368 -0.8681969
v 0.03126894 0.2996948 -0.86214101
v 0.02244504 0.34489035 -0.85812193
v 0.01541466 0.30495449 -0.85603696
v 0.01958263 0.34671595 -0.83836567
v 0.01220662 0.3077813 -0.83653163
v 0.02087771 0.34763068 -0.81400531
v 0.01435702 0.30922713 -0.81195032
v 0.0072497 0.27132222 -0.8129062
v 0.01887014 0.31137588 -0.78224188
v 0.01195915 0.2728993 -0.78548157
v 0.00455228 0.23442699 -0.78831279
v 0.01397165 0.27447918 -0.75018179
v 0.00697832 0.2310608 -0.75995183
v -0.00156203 0.18756912 -0.7757824
v 0.00372495 0.22685825 -0.7330144
v -0.00238166 0.18107742 -0.75322341
v -0.0097412 0.1395637 -0.77493506
v -0.0119813 0.17698662 -0.7342906
v -0.01829046 0.13559798 -0.75858312
v -0.02839308 0.0997156 -0.77927178
v -0.03589789 0.1359979 -0.74800682
v -0.04415315 0.1005385 -0.76978904
v -0.05509095 0.06747672 -0.78850626
v -0.0641141 0.10403152 -0.76307684
v -0.05909189 0.13936203 -0.74146872
v -0.08674118 0.14368695 -0.73721671
v -0.08845785 0.10903333 -0.75761866
v -0.11850782 0.14850023 -0.73639345
v -0.11769309 0.11456596 -0.75470888
v -0.1531575 0.15374346 -0.74125683
v -0.15029622 0.12028314 -0.75744104
v -0.18797008 0.15870542 -0.75112003
v -0.18265245 0.12583597 -0.76566261
v -0.21963353 0.16330482 -0.76452362
v -0.21317786 0.13102378 -0.77833366
v -0.24475334 0.16775693 -0.77911156
v -0.23878082 0.13563808 -0.79356044
v -0.2333223 0.10173127 -0.8083561
v -0.25820735 0.13848868 -0.8090325
v -0.25499388 0.10321923 -0.82431364
v -0.25085747 0.06764152 -0.83874434
v -0.27471685 0.10126235 -0.84072762
v -0.27262628 0.06419348 -0.85266339
v -0.26622286 0.03265498 -0.86221188
v -0.29074654 0.05961238 -0.86389631
v -0.28254148 0.02947781 -0.87184518
v -0.27342057 0.0054871 -0.87816679
v -0.29469847 0.02627257 -0.88009685
v -0.28513392 0.00309266 -0.88564419
v -0.27731609 -0.01528205 -0.89086794
v -0.29405251 0.00077136 -0.89408427
v -0.28588536 -0.01673854 -0.89807635
v -0.28007465 -0.02964831 -0.90160864
v -0.29344838 -0.01756897 -0.90529424
v -0.28713432 -0.03044401 -0.90854787
v -0.29761076 -0.01827661 -0.91505956
v -0.29231575 -0.03124595 -0.9159134
v -0.29453995 -0.01847497 -0.9255855
v -0.28997561 -0.03074925 -0.92391622
v -0.28592079 -0.01808862 -0.9324575
v -0.28196701 -0.02976001 -0.92759949
v -0.27530524 -0.0182347 -0.93512141
v -0.27199459 -0.02976335 -0.92984384
v -0.26929354 -0.03845701 -0.92400598
v -0.2608858 -0.03000308 -0.9305287
v -0.26381847 -0.01855274 -0.93657577
v -0.25001519 -0.01923739 -0.9363814
v -0.24800546 -0.03052737 -0.93007439
v -0.23151908 -0.02100787 -0.9351679
v -0.23064784 -0.0314071 -0.92826026
v -0.20906122 -0.02272727 -0.93181854
v -0.20914191 -0.03298771 -0.92449247
v -0.1831882 -0.02308046 -0.92441433
v -0.18374951 -0.03414979 -0.91717767
v -0.15485189 -0.02007095 -0.91317498
v -0.18304701 -0.00966727 -0.93299084
v -0.15444748 -0.00657316 -0.92242777
v -0.12638536 0.00191498 -0.90739858
v -0.15358094 0.01149166 -0.93323606
v -0.1258583 0.018337 -0.9178971
v -0.10004391 0.03086337 -0.90147721
v -0.12363715 0.04141834 -0.92965257
v -0.15072509 0.03608211 -0.94539862
v -0.1456763 0.06576493 -0.95643734
v -0.11937028 0.07122232 -0.94108325
v -0.13922873 0.09898684 -0.96827632
v -0.11409953 0.10394532 -0.95313072
v -0.13232529 0.13634334 -0.98107385
v -0.10828512 0.14086194 -0.96587979
v -0.12552829 0.17738786 -0.99518865
v -0.10209511 0.18157579 -0.9795559
v -0.11899337 0.22064048 -1.00873172
v -0.09516239 0.22456026 -0.99197262
v -0.07850725 0.22761212 -0.97742301
v -0.08895308 0.26836136 -1.00218546
v -0.07157251 0.27150502 -0.98563051
v -0.05800008 0.27326786 -0.9700011
v -0.06607055 0.31588608 -0.99373471
v -0.05251928 0.31963616 -0.97785097
v -0.04173175 0.3229278 -0.96533274
v -0.0471688 0.27487978 -0.95665675
v -0.02994168 0.32491415 -0.95705097
v -0.03488313 0.27615213 -0.94564789
v -0.02011076 0.32342812 -0.96171844
v -0.02095473 0.27415302 -0.9479683
v -0.02901035 0.37463593 -0.97190642
v -0.02141998 0.37187016 -0.97980207
v -0.01855805 0.36674353 -0.99425327
v -0.022687 0.41562721 -1.00320291
v -0.01982079 0.40948602 -1.01678907
v -0.02303184 0.45381233 -1.0286498
v -0.01977735 0.44686654 -1.04086792
v -0.02227036 0.48732787 -1.05207645
v -0.01859058 0.48107463 -1.06316673
v -0.02103301 0.51991665 -1.07210969
v -0.01708492 0.5153163 -1.08248865
v -0.01970667 0.55403029 -1.08618235
v -0.01638929 0.55075854 -1.09639048
v -0.02660199 0.52384907 -1.06298553
v -0.02423866 0.55669516 -1.07608997
v -0.02273303 0.59141451 -1.08461046
v -0.03363359 0.55711013 -1.07540702
v -0.02998911 0.59208935 -1.0834558
v -0.02667808 0.62881082 -1.08782148
v -0.03856663 0.5913611 -1.09105169
v -0.03508204 0.6289097 -1.09483265
v -0.03222524 0.66692376 -1.09719288
v -0.04406091 0.6289944 -1.10213899
v -0.04069745 0.66712963 -1.10411977
v -0.03823332 0.70469194 -1.10693776
v -0.05122855 0.66749322 -1.1111114
v -0.04817208 0.70432031 -1.11412322
v -0.04735278 0.74013495 -1.11797225
v -0.06197006 0.70419746 -1.12139761
v -0.06002249 0.73948693 -1.12444555
v -0.06040601 0.77313149 -1.12692296
v -0.07826949 0.7406705 -1.13131487
v -0.07778567 0.77435892 -1.13289082
v -0.08013032 0.80072605 -1.13412094
v -0.06165261 0.80286169 -1.12900865
v -0.11040309 0.77535831 -1.13913679
v -0.11243377 0.79729211 -1.13851344
v -0.11596655 0.81577336 -1.13783466
v -0.14856272 0.79297733 -1.13687682
v -0.15147373 0.81070423 -1.13633263
v -0.15609765 0.82733726 -1.14022052
v -0.1218481 0.83379614 -1.14261651
v -0.16243369 0.83683055 -1.15486645
v -0.13073208 0.84808099 -1.15750837
v -0.16906203 0.83637845 -1.17422676
v -0.13990595 0.85219395 -1.17857444
v -0.11657914 0.86954295 -1.18596303
v -0.14965479 0.8463127 -1.20449483
v -0.13057833 0.86445373 -1.21789562
v -0.11985053 0.88660681 -1.23325395
v -0.10052381 0.89351975 -1.19970214
v -0.11817517 0.91135603 -1.24902987
v -0.13934965 0.87202656 -1.26836693
v -0.13986823 0.89569008 -1.28164148
v -0.14912237 0.92030406 -1.29085767
v -0.16300596 0.88183748 -1.31485247
v -0.17254652 0.90603685 -1.32136786
v -0.18921458 0.92871838 -1.32308304
v -0.1663707 0.94393765 -1.29578304
v -0.21286252 0.94810229 -1.31969368
v -0.19137603 0.96444582 -1.29455328
v -0.24064491 0.96257084 -1.311751
v -0.22133809 0.97972321 -1.28717649
v -0.27230671 0.97172188 -1.29941046
v -0.25528517 0.989528 -1.27531182
v -0.3067232 0.97594255 -1.28459906
v -0.29136118 0.99326974 -1.26057076
v -0.27697891 1.01377713 -1.23731017
v -0.32664379 0.99209046 -1.24508047
v -0.31403812 1.01200008 -1.22207582
v -0.3021675 1.03575253 -1.19985711
v -0.34878328 1.00421321 -1.20600485
v -0.33881661 1.02820515 -1.18437111
v -0.32889494 1.05718946 -1.16292738
v -0.29114508 1.0629493 -1.17855989
v -0.31928816 1.08928883 -1.14248859
v -0.28130716 1.09321641 -1.15864312
v -0.31069013 1.12346851 -1.12332999
v -0.27286848 1.12586855 -1.14019906
v -0.30348545 1.15899181 -1.10539305
v -0.2659375 1.16023719 -1.12317538
v -0.2254069 1.15932476 -1.14063072
v -0.26048147 1.19577193 -1.10737168
v -0.22007606 1.1945002 -1.12591433
v -0.17702746 1.19149804 -1.14281177
v -0.21573953 1.2297306 -1.11203396
v -0.17285782 1.22704362 -1.129341
v -0.12841983 1.22260034 -1.14159965
v -0.16892689 1.26172721 -1.11556565
v -0.1246045 1.25798165 -1.12756133
v -0.16476978 1.29526305 -1.10066223
v -0.12067176 1.29232907 -1.11270082
v -0.16033396 1.32775199 -1.08454036
v -0.11673814 1.32590746 -1.09697127
v -0.07246597 1.32232213 -1.10273456
v -0.11280422 1.35874891 -1.07978475
v -0.0690041 1.35592651 -1.08580017
v -0.02570156 1.35250365 -1.08560097
v -0.06588402 1.38928341 -1.06766784
v -0.02308115 1.38654208 -1.06789612
v 0.01874212 1.38352561 -1.06313026
v -0.02045168 1.42021942 -1.04944765
v 0.02138396 1.41712999 -1.04505801
v 0.06158974 1.41429638 -1.0369457
v 0.02428832 1.44982588 -1.02603471
v 0.06413972 1.44620049 -1.01769805
v 0.10089571 1.44255948 -1.00523269
v 0.06683187 1.47648012 -0.99748247
v 0.10271628 1.47136211 -0.98456472
v 0.13395533 1.46590888 -0.96784961
v 0.10272017 1.49771344 -0.96304601
v 0.1317562 1.49077153 -0.94694316
v 0.10137099 1.52467834 -0.93976259
v 0.12603987 1.51703727 -0.92625778
v 0.09892522 1.55153715 -0.91448748
v 0.11987773 1.54467499 -0.90271401
v 0.09771321 1.57916724 -0.88381218
v 0.11574662 1.57413137 -0.87379622
v 0.09882661 1.60624074 -0.84835958
v 0.11622321 1.60200071 -0.83977043
v 0.10204976 1.63080751 -0.81089347
v 0.12175849 1.62823391 -0.8062042
v 0.13749007 1.62964522 -0.8063994
v 0.13300971 1.65116822 -0.77537787
v 0.14944326 1.65636706 -0.78180182
v 0.15980702 1.66356587 -0.79118508
v 0.16790509 1.68120253 -0.75831157
v 0.14931576 1.67166185 -0.7465102
v 0.16763992 1.69148683 -0.71895432
v 0.19015 1.70273578 -0.73323601
v 0.18525192 1.71057999 -0.69042348
v 0.20995272 1.72174239 -0.70304733
v 0.19744318 1.72927796 -0.6598702
v 0.22563348 1.73984479 -0.67205393
v 0.26072612 1.74691867 -0.68229413
v 0.30263787 1.74669551 -0.68907189
v 0.23803918 1.75727951 -0.63956159
v 0.27475136 1.76375794 -0.65038144
v 0.3171795 1.76141238 -0.65774732
v 0.35974195 1.74557626 -0.65815371
v 0.34698477 1.73358047 -0.6911512
v 0.28754687 1.77965879 -0.61738377
v 0.32970982 1.77495288 -0.62402463
v 0.37075045 1.75696575 -0.62346023
v 0.40425932 1.72801637 -0.61737155
v 0.39453697 1.71946775 -0.65369814
v 0.34175068 1.7882632 -0.58873289
v 0.38122829 1.76693141 -0.58714896
v 0.4135825 1.7361741 -0.58150446
v 0.43755975 1.7047162 -0.57797169
v 0.42836931 1.69818913 -0.61333149
v 0.39211979 1.77641332 -0.54971051
v 0.42331516 1.7436217 -0.54502952
v 0.44637173 1.70994889 -0.5426228
v 0.45969301 1.6738311 -0.54116272
v 0.45241364 1.67031109 -0.57664865
v 0.4330748 1.74946773 -0.50777256
v 0.4552271 1.71359276 -0.50638163
v 0.46807482 1.67745161 -0.50610667
v 0.47012725 1.64687216 -0.50710147
v 0.46187049 1.64529371 -0.54247409
v 0.46459734 1.71629715 -0.46981459
v 0.4763942 1.67999577 -0.47064837
v 0.47804835 1.64837229 -0.47047779
v 0.47380152 1.62656474 -0.47295084
v 0.46704813 1.62826991 -0.50893402
v 0.4828822 1.67907106 -0.43345078
v 0.48395979 1.64789509 -0.43505233
v 0.47991064 1.62393522 -0.43734169
v 0.4725669 1.60444915 -0.44020178
v 0.46722674 1.60863328 -0.47643223
v 0.48923799 1.64431297 -0.39859938
v 0.48517563 1.62045443 -0.40131089
v 0.47711536 1.60009741 -0.40356788
v 0.47195804 1.58251643 -0.40610325
v 0.46719077 1.5878092 -0.44318896
v 0.48762247 1.61594665 -0.36398032
v 0.48045179 1.59578692 -0.36608302
v 0.47713708 1.5771687 -0.36852872
v 0.48869875 1.5655322 -0.37252855
v 0.4815396 1.57006609 -0.41034835
v 0.48062813 1.5907917 -0.32826343
v 0.48082721 1.57174205 -0.33091226
v 0.49360021 1.56039345 -0.33409252
v 0.51002246 1.5528531 -0.33760732
v 0.50458949 1.55902981 -0.37698337
v 0.4812996 1.56605935 -0.29301956
v 0.49579 1.55450975 -0.29482916
v 0.51219445 1.54674649 -0.29698339
v 0.52882731 1.53906047 -0.30015903
v 0.52611726 1.5459007 -0.34164971
v 0.49405297 1.54828178 -0.25430005
v 0.51086366 1.53980803 -0.25488978
v 0.52952873 1.53117013 -0.25805959
v 0.55102014 1.51858902 -0.26549086
v 0.54780966 1.52925062 -0.30623069
v 0.50702506 1.531466 -0.21193926
v 0.52917045 1.520774 -0.21633073
v 0.55344134 1.50574374 -0.22587874
v 0.58063256 1.48597931 -0.24108448
v 0.57488465 1.49997401 -0.27808859
v 0.52912002 1.50639545 -0.17573832
v 0.55734556 1.49063313 -0.18853177
v 0.58735495 1.47084307 -0.20608739
v 0.61621105 1.4471178 -0.22675699
v 0.60918808 1.46279621 -0.26023241
v 0.56330353 1.47045588 -0.15546214
v 0.59255546 1.45087182 -0.17514143
v 0.61984324 1.42703533 -0.19642247
v 0.64628797 1.40038609 -0.2185616
v 0.64342516 1.42000794 -0.24909921
v 0.59401798 1.42505264 -0.14903476
v 0.61911696 1.40232527 -0.16926199
v 0.64474105 1.37719118 -0.19071456
v 0.67005395 1.3488605 -0.21340124
v 0.67198538 1.37109816 -0.24169716
v 0.61481064 1.37427282 -0.14385563
v 0.63927131 1.35091304 -0.16518755
v 0.66304075 1.32444703 -0.187948
v 0.68396812 1.2938987 -0.20925225
v 0.69310206 1.31762945 -0.23593947
v 0.62815386 1.32198786 -0.14348389
v 0.64954745 1.297441 -0.16600674
v 0.66884475 1.2692132 -0.18485288
v 0.70225912 1.26215004 -0.22698806
v 0.62998241 1.26941728 -0.14884148
v 0.64841228 1.24351954 -0.16649091
v 0.60463172 1.24168574 -0.13984386
v 0.62330192 1.21801245 -0.15819315
v 0.57429742 1.21667337 -0.14102581
v 0.59379857 1.19385099 -0.16027617
v 0.61468052 1.16916441 -0.17480365
v 0.63946372 1.13954734 -0.17922337
v 0.63863021 1.08604157 -0.16824023
v 0.66316598 1.10530972 -0.15829314
v 0.65292698 1.06239759 -0.13358056
v 0.67655885 1.08233916 -0.12326537
v 0.70129442 1.09795618 -0.11706562
v 0.72945278 1.10413134 -0.11899942
v 0.68327629 1.06334853 -0.08619943
v 0.70981955 1.07714092 -0.07956951
v 0.73815661 1.08245563 -0.07812981
v 0.76334899 1.07530045 -0.08588979
v 0.75576752 1.10064315 -0.12773749
v 0.71091198 1.05069685 -0.04397885
v 0.73815506 1.05134582 -0.04314737
v 0.76140958 1.04283165 -0.05160633
v 0.77700561 1.02741897 -0.06732362
v 0.77856934 1.0575416 -0.10105948
v 0.73465061 1.01641309 -0.01726148
v 0.71017277 1.01754891 -0.01630438
v 0.70970308 0.97773325 -0.00070175
v 0.73101806 0.9763109 -0.00513539
v 0.70591455 0.9428783 -0.00101558
v 0.72821575 0.94310087 -0.00698537
v 0.72657305 0.91594249 -0.01470415
v 0.75027805 0.92312514 -0.02743438
v 0.70009005 0.91427224 -0.00894978
v 0.69596874 0.88601779 -0.02071587
v 0.7274155 0.89003235 -0.02550918
v 0.67211085 0.92022156 -0.01329996
v 0.66406619 0.89130818 -0.0255433
v 0.65976893 0.86218833 -0.04009905
v 0.69523143 0.85890793 -0.03394823
v 0.64722007 0.93351477 -0.02834116
v 0.63540989 0.90492272 -0.04078244
v 0.62809222 0.87360239 -0.05557722
v 0.62621498 0.84189719 -0.07257496
v 0.66037511 0.83284771 -0.05577251
v 0.61258393 0.92403876 -0.06626888
v 0.60220623 0.89118272 -0.08069264
v 0.59779781 0.85763382 -0.0971143
v 0.59820592 0.8245784 -0.11406109
v 0.62843936 0.81095296 -0.08814516
v 0.58451896 0.91172415 -0.11410196
v 0.57797765 0.87726146 -0.13042023
v 0.57659453 0.84303522 -0.14680852
v 0.57833474 0.80881953 -0.16132733
v 0.60111039 0.79218959 -0.1277337
v 0.5676558 0.89738118 -0.16947133
v 0.56555193 0.86274921 -0.18546502
v 0.56614548 0.82767617 -0.19972072
v 0.56799787 0.7928937 -0.21195495
v 0.58163809 0.77448451 -0.17304822
v 0.56473177 0.88213211 -0.22766862
v 0.56514573 0.84691739 -0.24186857
v 0.56604033 0.81168645 -0.25415685
v 0.56712144 0.77613067 -0.26461049
v 0.57079607 0.75813472 -0.22261241
v 0.56409788 0.86536467 -0.28556758
v 0.56500554 0.82847303 -0.2978082
v 0.56531608 0.79154205 -0.30776789
v 0.56552112 0.75512486 -0.31649959
v 0.56831836 0.74037915 -0.27377158
v 0.54959762 0.84312915 -0.33804291
v 0.55016857 0.80549621 -0.34918198
v 0.55122894 0.76906478 -0.35916671
v 0.5526179 0.73322457 -0.36782491
v 0.56582403 0.71948385 -0.32464477
v 0.52367651 0.8175171 -0.38557827
v 0.52525866 0.78011107 -0.39697757
v 0.52745223 0.74345052 -0.40704926
v 0.53091323 0.70703619 -0.41540241
v 0.55518865 0.69785773 -0.37535706
v 0.50015527 0.78784894 -0.43550738
v 0.50260257 0.75022238 -0.44708743
v 0.50718039 0.71274948 -0.45730319
v 0.51281249 0.67539453 -0.46486744
v 0.53557837 0.67079401 -0.42194828
v 0.48528516 0.75468933 -0.49113604
v 0.49111238 0.71588474 -0.5040158
v 0.49844995 0.67701202 -0.51267772
v 0.50648844 0.63758951 -0.51709234
v 0.5197848 0.63766771 -0.46962115
v 0.48498812 0.71743536 -0.55136472
v 0.49526292 0.67611748 -0.56023502
v 0.50415456 0.6337862 -0.56344091
v 0.51119482 0.59141773 -0.56082165
v 0.51424878 0.59748143 -0.51678693
v 0.50190961 0.67370188 -0.60139673
v 0.51078724 0.62700986 -0.60310638
v 0.51693016 0.58155489 -0.59854644
v 0.52216088 0.61868494 -0.63647413
v 0.52422779 0.56948566 -0.63057702
v 0.52488708 0.61125177 -0.66427654
v 0.5203256 0.55987495 -0.65958815
v 0.51335197 0.60579162 -0.68692845
v 0.50146096 0.55589044 -0.68030941
v 0.48937735 0.60208648 -0.70092183
v 0.47576868 0.55410671 -0.69473075
v 0.46015834 0.59777814 -0.71431994
v 0.44701564 0.55177062 -0.71096646
v 0.42775276 0.59310436 -0.73307955
v 0.41571703 0.5474838 -0.73389184
v 0.3954001 0.58978837 -0.75920337
v 0.38492962 0.54248815 -0.76382702
v 0.36968112 0.58859759 -0.78828579
v 0.36008763 0.5394876 -0.79753333
v 0.35045194 0.59021246 -0.81672918
v 0.34170118 0.54143911 -0.82823699
v 0.33282199 0.49166759 -0.82993936
v 0.32638353 0.54750996 -0.85655546
v 0.32301619 0.49390634 -0.85609751
v 0.31960997 0.44146591 -0.85155594
v 0.31368267 0.49591186 -0.87762928
v 0.31423559 0.44406691 -0.87587064
v 0.31765028 0.39334827 -0.87286371
v 0.30375769 0.44513312 -0.89619183
v 0.3076888 0.39521634 -0.89620858
v 0.31107771 0.34606188 -0.89048963
v 0.28794458 0.39492088 -0.9102028
v 0.28914615 0.3455024 -0.90489083
v 0.28885668 0.30015403 -0.89532595
v 0.26182892 0.34681895 -0.90557193
v 0.25878691 0.30324828 -0.89548516
v 0.23260344 0.34937417 -0.8951596
v 0.22773909 0.30821946 -0.88489258
v 0.19925414 0.35288357 -0.88110786
v 0.19305117 0.31368622 -0.87038981
v 0.16211797 0.35782671 -0.86933594
v 0.15465705 0.31949368 -0.8575989
v 0.12355703 0.363267 -0.86230236
v 0.17026805 0.39796906 -0.8816033
v 0.13471977 0.40375924 -0.87535983
v 0.10484828 0.41052308 -0.87580376
v 0.09131228 0.36907091 -0.86411029
v 0.08058648 0.41821545 -0.88051605
v 0.0676211 0.37559178 -0.87141037
v 0.05855996 0.42474457 -0.884099
v 0.04635555 0.3812713 -0.87624985
v 0.04118628 0.42954653 -0.87257129
v 0.0295517 0.38598749 -0.86549836
v 0.0352263 0.43086344 -0.85108351
v 0.02691461 0.38781866 -0.84418571
v 0.03471181 0.42994907 -0.82568526
v 0.02735428 0.3881804 -0.81937271
v 0.03523296 0.43110841 -0.79578781
v 0.02921544 0.39050015 -0.78979766
v 0.02423553 0.35030129 -0.78398788
v 0.02603886 0.39750886 -0.75178313
v 0.02200896 0.35748422 -0.74646967
v 0.01824367 0.31650421 -0.74597597
v 0.00708208 0.36439973 -0.70829927
v 0.0064689 0.32105067 -0.70900499
v 0.00667223 0.27488741 -0.71690672
v -0.01707944 0.32102036 -0.68015921
v -0.01242897 0.27240681 -0.69235438
v -0.0096868 0.22331695 -0.71069276
v -0.03885793 0.2693701 -0.67808949
v -0.03222166 0.22127768 -0.6980471
v -0.0316957 0.17595559 -0.72295248
v -0.06049038 0.22107872 -0.69406575
v -0.05782688 0.17783068 -0.71765965
v -0.09333543 0.22163735 -0.69508701
v -0.08776323 0.18117259 -0.71575897
v -0.12982587 0.2233093 -0.70026832
v -0.12184663 0.18508745 -0.71796751
v -0.16805677 0.22570161 -0.70962524
v -0.15888103 0.1889906 -0.72540456
v -0.2042309 0.22790278 -0.72268647
v -0.19501178 0.19226349 -0.73698443
v -0.23543083 0.22968278 -0.73761719
v -0.22688069 0.19511182 -0.75128513
v -0.25932908 0.23131915 -0.75194966
v -0.25135079 0.19757783 -0.76589566
v -0.27632215 0.23379842 -0.76492416
v -0.26858857 0.20075595 -0.77948105
v -0.26242682 0.17168195 -0.79335361
v -0.28896781 0.23782675 -0.77582073
v -0.28589567 0.27112194 -0.75107979
v -0.29831111 0.27317902 -0.76201623
v -0.31228533 0.27497777 -0.77251583
v -0.303579 0.24289299 -0.78693842
v -0.32964804 0.27425614 -0.77815628
v -0.3226436 0.24458859 -0.79404103
v -0.34778228 0.26812496 -0.77085608
v -0.34248051 0.2384386 -0.7883405
v -0.33767578 0.21285875 -0.81139814
v -0.35299679 0.20091982 -0.79941207
v -0.35330623 0.17769034 -0.82890158
v -0.3379516 0.18509653 -0.83761477
v -0.35969498 0.16423146 -0.81991571
v -0.36883068 0.14855176 -0.85462766
v -0.35943892 0.18401555 -0.78767162
v -0.36577639 0.15976539 -0.77789151
v -0.36519369 0.14559793 -0.81240838
v -0.37254986 0.11969991 -0.80808663
v -0.38237756 0.11069692 -0.84187752
v -0.37454372 0.13295994 -0.84802269
v -0.3733167 0.12732084 -0.77271705
v -0.38265463 0.08960302 -0.77436977
v -0.3822256 0.08616505 -0.80668425
v -0.38319689 0.13298474 -0.74117571
v -0.39549148 0.09015116 -0.74504452
v -0.40775829 0.04776982 -0.75664651
v -0.39407491 0.04946879 -0.78249156
v -0.40225869 0.13866512 -0.71597063
v -0.42497062 0.14261935 -0.69468885
v -0.43632483 0.19690336 -0.67613422
v -0.44628632 0.14871105 -0.67397654
v -0.45779359 0.20057779 -0.6518293
v -0.46460044 0.15428632 -0.64933568
v -0.47061324 0.10846017 -0.64975523
v -0.48125714 0.15795567 -0.62200951
v -0.48374915 0.11529788 -0.62467831
v -0.48469409 0.07194116 -0.63100588
v -0.48705029 0.0318408 -0.63733398
v -0.49797016 0.03507026 -0.61798036
v -0.49494984 -0.00006449 -0.62423747
v -0.48756885 -0.00127693 -0.64219117
v -0.51459962 0.03338023 -0.60468655
v -0.50882381 -0.00176635 -0.61161249
v -0.50208818 -0.03365506 -0.61970496
v -0.49214327 -0.03160124 -0.63109463
v -0.53518754 0.0285746 -0.59770375
v -0.52595788 -0.00566428 -0.60555535
v -0.51565408 -0.03698325 -0.61369371
v -0.50519806 -0.06320042 -0.62180888
v -0.49489307 -0.05986503 -0.6271885
v -0.54374545 -0.01073169 -0.60639739
v -0.5304979 -0.04161719 -0.61346548
v -0.51663428 -0.06749171 -0.62092918
v -0.54289364 -0.04641094 -0.61934959
v -0.52749729 -0.07193834 -0.62471771
v -0.55215746 -0.0507068 -0.62958365
v -0.53510129 -0.07496033 -0.63336032
v -0.51908105 -0.09426914 -0.6373853
v -0.50284707 -0.10661102 -0.64370936
v -0.53838217 -0.07680182 -0.64491272
v -0.5563032 -0.05311783 -0.64328777
v -0.5551005 -0.05347231 -0.65752661
v -0.53694409 -0.07680112 -0.65698784
v -0.54697638 -0.05062975 -0.66993612
v -0.53021043 -0.07407625 -0.6669994
v -0.53362214 -0.04655482 -0.67842012
v -0.5198841 -0.06977297 -0.67291766
v -0.51678526 -0.04191755 -0.68128454
v -0.50767773 -0.06542263 -0.67482715
v -0.50059926 -0.03708268 -0.67613238
v -0.4958629 -0.06153176 -0.67028462
v -0.4903084 -0.03333364 -0.6625238
v -0.48758852 -0.05879066 -0.66111826
v -0.48573207 -0.08084831 -0.65863966
v -0.48653498 -0.099015 -0.65441799
v -0.48528233 -0.05742846 -0.64882206
v -0.48678764 -0.03138826 -0.64596098
v -0.48772487 -0.05778599 -0.63686764
v -0.48971229 -0.10593812 -0.6511175
v -0.49502545 -0.10850719 -0.64762258
v -0.56544196 -0.02414843 -0.67338305
v -0.57458025 -0.0256207 -0.65773397
v -0.59343063 0.00494286 -0.65812563
v -0.58448922 0.00422924 -0.67649352
v -0.61008197 0.0352257 -0.65856868
v -0.60290676 0.0334118 -0.6778984
v -0.62466096 0.064057 -0.65689909
v -0.61939287 0.06253811 -0.67829835
v -0.60838604 0.06037964 -0.69843828
v -0.63480591 0.0911562 -0.6756736
v -0.62624847 0.09003978 -0.69863945
v -0.61436718 0.08944869 -0.7205438
v -0.59397476 0.06008398 -0.71941918
v -0.59833699 0.09104795 -0.74968671
v -0.57906675 0.06184179 -0.74744391
v -0.58674073 0.09325069 -0.77962148
v -0.57132959 0.06262776 -0.7780081
v -0.57667154 0.09727698 -0.80907011
v -0.56433475 0.06619418 -0.80841898
v -0.5636428 0.102731 -0.83739399
v -0.55463856 0.07200834 -0.83631908
v -0.54814028 0.04295723 -0.83613181
v -0.54396468 0.01524195 -0.83659601
v -0.53963822 0.07562848 -0.85891646
v -0.53538179 0.0463055 -0.85832285
v -0.53286087 0.01731746 -0.8587284
v -0.53048688 -0.01212546 -0.85936355
v -0.53867983 -0.01465137 -0.83800619
v -0.51793569 0.04776235 -0.87552315
v -0.51717466 0.01831507 -0.8763405
v -0.51683092 -0.01074799 -0.87629783
v -0.52924704 -0.04077165 -0.86101257
v -0.4958432 0.01825604 -0.88675785
v -0.49666717 -0.01080376 -0.88683974
v -0.47192701 0.01735819 -0.88921475
v -0.47499111 -0.01230651 -0.88968926
v -0.44715344 0.01626955 -0.88285458
v -0.45211634 -0.01411981 -0.88459879
v -0.4575788 -0.043848 -0.88656324
v -0.46798318 -0.07234026 -0.88477802
v -0.43121174 -0.01608667 -0.87106317
v -0.43801093 -0.04713379 -0.87468224
v -0.4483481 -0.07681133 -0.87548959
v -0.46530744 -0.10038413 -0.86949706
v -0.48234748 -0.0951784 -0.87889379
v -0.42262589 -0.05078963 -0.85677498
v -0.43511617 -0.08059737 -0.85936504
v -0.41473028 -0.05470813 -0.8338195
v -0.42668706 -0.08565612 -0.83978581
v -0.41660887 -0.05805531 -0.81023776
v -0.42640924 -0.08918704 -0.81859594
v -0.42845267 -0.05998946 -0.78921186
v -0.41064614 -0.02508308 -0.80158573
v -0.42310601 -0.02729911 -0.78013581
v -0.44424557 -0.02856694 -0.76513308
v -0.44873967 -0.06035764 -0.77525067
v -0.47158896 -0.0297127 -0.75940156
v -0.47423821 -0.06012253 -0.77014565
v -0.50055044 -0.05830692 -0.77637183
v -0.49953776 -0.08629212 -0.78774303
v -0.49406492 -0.11011674 -0.80441516
v -0.5230351 -0.0544478 -0.79309612
v -0.51892405 -0.0825512 -0.8020733
v -0.53512668 -0.04911656 -0.81740546
v -0.52981889 -0.07742296 -0.82266873
v -0.53569603 -0.04437339 -0.84096401
v -0.532224 -0.07285883 -0.84522181
v -0.52517199 -0.06885824 -0.86376237
v -0.51369726 -0.09346834 -0.86754703
v -0.49774804 -0.10926172 -0.86764246
v -0.4807485 -0.11657966 -0.85877281
v -0.48621895 -0.1227756 -0.82222944
v -0.41701942 0.0087519 -0.77018737
v -0.404284 0.01050704 -0.79251784
v -0.40805366 -0.02195932 -0.8263573
v -0.40159672 0.01250479 -0.8182128
v -0.39235821 0.04921088 -0.81050962
v -0.4090192 0.01405937 -0.84416395
v -0.40013936 0.04776606 -0.83993822
v -0.39047709 0.08031982 -0.83910501
v -0.41773465 0.04611503 -0.86502552
v -0.40950992 0.076127 -0.86655139
v -0.40191271 0.10357661 -0.87145799
v -0.43585428 0.07441347 -0.88452732
v -0.4302842 0.10074339 -0.88987636
v -0.42531579 0.12274287 -0.89830672
v -0.39528051 0.12565986 -0.87810647
v -0.42033064 0.14131337 -0.90779602
v -0.38813281 0.14082323 -0.88641458
v -0.45979601 0.12470225 -0.90387857
v -0.45743578 0.14684759 -0.91438752
v -0.45453685 0.16880494 -0.92667102
v -0.49340307 0.15256081 -0.91022568
v -0.49316114 0.17712965 -0.92396521
v -0.49287375 0.20205441 -0.93887949
v -0.45243215 0.19210094 -0.94123005
v -0.49303907 0.22939033 -0.95446413
v -0.45238044 0.22038789 -0.95807927
v -0.49478361 0.25994181 -0.96975612
v -0.45245644 0.25407591 -0.97551679
v -0.41863659 0.24466183 -0.97118073
v -0.39109829 0.27450957 -0.98075383
v -0.3896926 0.31669098 -0.99767631
v -0.36532154 0.30756509 -0.99311584
v -0.36227914 0.257247 -0.97485548
v -0.34527117 0.30142015 -0.99766689
v -0.34439545 0.25308841 -0.98230797
v -0.32747083 0.2930189 -1.00803196
v -0.32741624 0.24442933 -0.99431109
v -0.32556468 0.19180269 -0.97802215
v -0.32179644 0.14225521 -0.96287387
v -0.30869373 0.2364593 -1.00746202
v -0.30772048 0.18830169 -0.99188238
v -0.3047764 0.14352111 -0.97725021
v -0.30237421 0.10845673 -0.9659785
v -0.31856766 0.10871967 -0.95389574
v -0.28482011 0.1840008 -1.00524985
v -0.28431224 0.14246127 -0.9892506
v -0.28342148 0.10697777 -0.9757843
v -0.2813673 0.07662349 -0.96532237
v -0.29961732 0.07753931 -0.95716017
v -0.2594518 0.13887929 -0.99815595
v -0.26025214 0.10386372 -0.9832558
v -0.25981327 0.07409925 -0.97129231
v -0.25796148 0.04672208 -0.96171063
v -0.27687734 0.04800827 -0.95721149
v -0.23210148 0.09982312 -0.9877271
v -0.23394501 0.0699549 -0.97483152
v -0.23505309 0.04307185 -0.96398872
v -0.23539628 0.01621449 -0.95280885
v -0.25596576 0.01959282 -0.95223397
v -0.20478843 0.0657734 -0.97455829
v -0.20790836 0.03850479 -0.96276384
v -0.21000258 0.01218761 -0.95096337
v -0.20981784 -0.0086928 -0.93974107
v -0.23324842 -0.00597935 -0.94287532
v -0.17916062 0.03536522 -0.95735502
v -0.18219193 0.0099779 -0.94444936
v -0.17460806 0.06432589 -0.9683038
v -0.20103752 0.09691349 -0.98765486
v -0.16945448 0.0967951 -0.98107814
v -0.1972533 0.13279946 -1.00325048
v -0.16357603 0.1332881 -0.99569129
v -0.19296304 0.17272166 -1.02041041
v -0.15759217 0.17378071 -1.01097011
v -0.18871384 0.21580296 -1.03652763
v -0.15221676 0.21692755 -1.02579844
v -0.18526482 0.26059967 -1.05059659
v -0.1481354 0.26095321 -1.03935587
v -0.11352723 0.26431423 -1.02078878
v -0.14484787 0.3045842 -1.05135345
v -0.1096065 0.30703169 -1.03159785
v -0.08413145 0.31142279 -1.01170337
v -0.10669596 0.34852144 -1.04261696
v -0.08107737 0.35298851 -1.02259349
v -0.06287469 0.35945767 -1.00508439
v -0.07810381 0.39324432 -1.03531587
v -0.06105362 0.40105086 -1.0203197
v -0.04913754 0.40945392 -1.00853633
v -0.04966249 0.36605611 -0.99044907
v -0.0393627 0.41572493 -0.99902093
v -0.03975798 0.37117883 -0.97903913
v -0.02876517 0.41968005 -0.99398529
v -0.03969451 0.45572182 -1.02154815
v -0.0284089 0.45930403 -1.01861405
v -0.03905348 0.49092146 -1.04369342
v -0.02802959 0.49270349 -1.04251861
v -0.03680141 0.52373004 -1.06230318
v -0.04850863 0.4846386 -1.05084848
v -0.04682042 0.51956337 -1.06862986
v -0.04324902 0.55518198 -1.08209574
v -0.05663276 0.51446676 -1.07494723
v -0.05299469 0.55227488 -1.08897864
v -0.04828817 0.59061968 -1.09813904
v -0.06327268 0.54953664 -1.09466457
v -0.05923991 0.58998584 -1.10415923
v -0.05487673 0.62931132 -1.10882782
v -0.07225355 0.59053248 -1.11009419
v -0.06852101 0.63024485 -1.11513769
v -0.06516353 0.6682477 -1.11836385
v -0.08970098 0.6330043 -1.12350583
v -0.08543054 0.6705451 -1.12651753
v -0.08128114 0.70599359 -1.12901842
v -0.12188931 0.67690938 -1.13506162
v -0.11633835 0.71223759 -1.13697361
v -0.11140056 0.74526125 -1.13846385
v -0.15339888 0.71953892 -1.13733398
v -0.14912277 0.74994492 -1.13824462
v -0.14769165 0.77410912 -1.13789391
v -0.18755485 0.75110304 -1.13137304
v -0.18616384 0.77183157 -1.13095855
v -0.18628145 0.7899667 -1.13006305
v -0.22316233 0.77185279 -1.12041819
v -0.22269885 0.78921538 -1.1196891
v -0.22306121 0.80606341 -1.1202836
v -0.18778482 0.80723726 -1.13033175
v -0.22515007 0.82039827 -1.12626767
v -0.19092431 0.82288318 -1.13475871
v -0.22988405 0.8226875 -1.1419506
v -0.19654589 0.82893848 -1.14985966
v -0.23438356 0.81524163 -1.15859568
v -0.20160616 0.82433933 -1.16763722
v -0.23923631 0.80672335 -1.17523908
v -0.20702806 0.81678754 -1.18542826
v -0.17556181 0.83082777 -1.19420063
v -0.2138489 0.80722922 -1.20626914
v -0.18569412 0.81958591 -1.22122311
v -0.16311945 0.83388841 -1.237208
v -0.20213347 0.80540853 -1.25531029
v -0.18158441 0.81970024 -1.27228522
v -0.16850556 0.83775365 -1.28869831
v -0.14742794 0.85111248 -1.25327289
v -0.16181281 0.85824686 -1.30364918
v -0.19349752 0.82791066 -1.32647001
v -0.18775934 0.84858757 -1.33922636
v -0.18858672 0.87203383 -1.34816169
v -0.21613383 0.84464281 -1.37440323
v -0.21675512 0.86682951 -1.38063478
v -0.22322227 0.88899868 -1.38336539
v -0.19673475 0.89565938 -1.35270476
v -0.23719131 0.90943163 -1.38075685
v -0.21225261 0.91769814 -1.35212218
v -0.25671371 0.92547327 -1.37283384
v -0.23385542 0.9355278 -1.34670019
v -0.2802805 0.93725705 -1.36118924
v -0.2603521 0.94858855 -1.33680284
v -0.30788883 0.94486719 -1.34730458
v -0.28994154 0.95708251 -1.32368838
v -0.33751294 0.94863545 -1.33311665
v -0.32229793 0.96104562 -1.3088119
v -0.36671745 0.94876545 -1.31988382
v -0.35391372 0.9612326 -1.29423308
v -0.34043413 0.97526502 -1.26907789
v -0.38345366 0.95671427 -1.27947616
v -0.37140625 0.96956861 -1.25334203
v -0.35975098 0.98485696 -1.22885656
v -0.3990536 0.95668268 -1.23716378
v -0.38943785 0.96988827 -1.21162176
v -0.41999343 0.9340443 -1.22214412
v -0.41158184 0.94538855 -1.19474959
v -0.42742499 0.90386474 -1.21100056
v -0.42000681 0.9131664 -1.18184971
v -0.42240658 0.872554 -1.20345258
v -0.41267231 0.879637 -1.17513275
v -0.40309023 0.88497066 -1.15261948
v -0.39705646 0.8877123 -1.13727664
v -0.39535367 0.85030162 -1.17256844
v -0.38429608 0.85632234 -1.15330565
v -0.37734007 0.86028695 -1.13929045
v -0.37358337 0.861404 -1.12572467
v -0.39660844 0.88612675 -1.12297022
v -0.36111301 0.83307355 -1.15462791
v -0.35361167 0.83888268 -1.14079904
v -0.34798058 0.8437047 -1.12673687
v -0.34767115 0.83944821 -1.11302208
v -0.37497848 0.8555243 -1.11342024
v -0.3268418 0.82202374 -1.14088726
v -0.32098361 0.83012056 -1.12724173
v -0.31915313 0.82916837 -1.11215794
v -0.32081902 0.81595158 -1.10577142
v -0.35063859 0.8266406 -1.10766637
v -0.29227513 0.82181757 -1.12857663
v -0.2892566 0.82361882 -1.11257469
v -0.28962346 0.81012237 -1.10527527
v -0.2907691 0.79447263 -1.10141444
v -0.32314208 0.8011614 -1.10239112
v -0.25807151 0.82104677 -1.11748647
v -0.25694793 0.80696952 -1.11092412
v -0.25707432 0.79066926 -1.10823547
v -0.25800484 0.77370673 -1.10860884
v -0.29236385 0.77809155 -1.1003952
v -0.29430162 0.76058816 -1.10025465
v -0.32846438 0.76785492 -1.0998367
v -0.32608404 0.78523236 -1.10095906
v -0.25989928 0.75543648 -1.10900211
v -0.2631424 0.73352229 -1.1088742
v -0.29703834 0.73901194 -1.09911298
v -0.22494114 0.75224411 -1.12094903
v -0.22862185 0.72929292 -1.12079954
v -0.23408837 0.70098322 -1.1198728
v -0.26796239 0.70687735 -1.1078639
v -0.19127108 0.72556823 -1.13104736
v -0.19767881 0.69372999 -1.12986445
v -0.20590917 0.65828597 -1.12726366
v -0.24153706 0.66703987 -1.11751985
v -0.15996831 0.68528956 -1.13585805
v -0.16744576 0.64876878 -1.13325607
v -0.17594732 0.61103248 -1.12884688
v -0.21545258 0.62068754 -1.12283694
v -0.12756782 0.63974827 -1.13221037
v -0.1344859 0.6017481 -1.12784528
v -0.14330215 0.56292182 -1.12196791
v -0.1856247 0.57193917 -1.12294006
v -0.09531642 0.59374994 -1.11889398
v -0.10384495 0.55422633 -1.11278164
v -0.11428256 0.51426243 -1.10594523
v -0.15304142 0.52270811 -1.11513555
v -0.07551872 0.54875457 -1.10095262
v -0.08223703 0.50730919 -1.08960855
v -0.09130686 0.46725061 -1.0791285
v -0.12375927 0.47402054 -1.09763181
v -0.06735228 0.50934529 -1.08117532
v -0.07154547 0.46973076 -1.06553125
v -0.07406523 0.43236482 -1.04935467
v -0.09917899 0.42874589 -1.06776833
v -0.05896098 0.47723662 -1.05790472
v -0.05977296 0.44015243 -1.03858709
v -0.04916819 0.44845929 -1.02975928
v -0.10363814 0.38911217 -1.05474948
v -0.13782712 0.39011487 -1.07446932
v -0.13177897 0.43224322 -1.0868777
v -0.1749596 0.39445322 -1.08608961
v -0.16935429 0.4383834 -1.09742331
v -0.16199287 0.48156467 -1.10722446
v -0.21008423 0.44542327 -1.09808933
v -0.20433583 0.48913756 -1.10788738
v -0.19583562 0.53131508 -1.11591315
v -0.2442193 0.49651947 -1.09900832
v -0.23594543 0.53965711 -1.10846996
v -0.22598977 0.58104342 -1.11665427
v -0.26856318 0.54785746 -1.09653127
v -0.25978332 0.5898112 -1.10605335
v -0.25019201 0.62983435 -1.11317586
v -0.2882823 0.59883201 -1.09364867
v -0.28149426 0.63925892 -1.10083711
v -0.27438408 0.6753875 -1.1055206
v -0.30912989 0.64807969 -1.08863186
v -0.3050971 0.68308663 -1.09457099
v -0.30077782 0.71343201 -1.09753012
v -0.3369463 0.68733489 -1.09272241
v -0.33463886 0.71959894 -1.09616053
v -0.33125236 0.74600595 -1.09842407
v -0.36518088 0.7256084 -1.09971678
v -0.36348527 0.75546652 -1.10123753
v -0.36087718 0.77866727 -1.10286212
v -0.39527669 0.77001363 -1.10405337
v -0.3926548 0.79486185 -1.10529911
v -0.38907739 0.81431633 -1.10661184
v -0.3576107 0.79661232 -1.10416817
v -0.38474634 0.82983785 -1.1076852
v -0.3541193 0.81227332 -1.1054902
v -0.37992826 0.84336721 -1.10944533
v -0.41551765 0.85454171 -1.10695159
v -0.40862852 0.86752742 -1.10845053
v -0.4010744 0.87888371 -1.11241412
v -0.42315253 0.91140514 -1.10783684
v -0.4365223 0.95483875 -1.09954166
v -0.44098624 1.00535285 -1.08834791
v -0.46701654 1.04704141 -1.05440568
v -0.44110816 1.05424177 -1.07257342
v -0.41435265 1.06213176 -1.0894556
v -0.38639032 1.07211113 -1.1075654
v -0.43791392 1.0995934 -1.05510556
v -0.40826746 1.10552084 -1.07154774
v -0.37790057 1.11203098 -1.08863639
v -0.34569606 1.11858546 -1.10618054
v -0.35470891 1.08203649 -1.12592029
v -0.40171027 1.14627039 -1.05223536
v -0.37051454 1.15110838 -1.06938564
v -0.33813741 1.15571773 -1.08739769
v -0.36369004 1.18905353 -1.04999804
v -0.33197179 1.19287502 -1.06931448
v -0.29788249 1.19539499 -1.08861482
v -0.32681396 1.22900164 -1.05143642
v -0.29388156 1.23154616 -1.07275557
v -0.25625979 1.23133158 -1.09263217
v -0.28965666 1.26521778 -1.05649673
v -0.25252208 1.26538026 -1.07820856
v -0.21169547 1.26389491 -1.09805345
v -0.24797043 1.29684066 -1.06251752
v -0.20722258 1.29646766 -1.0829271
v -0.24249891 1.32632601 -1.04598546
v -0.2020474 1.32737493 -1.06627416
v -0.23614443 1.3548429 -1.02863705
v -0.1964772 1.35755217 -1.04845142
v -0.15550242 1.35920286 -1.06662714
v -0.19049011 1.38766086 -1.02889895
v -0.15058296 1.39055693 -1.04719054
v -0.10875807 1.39103162 -1.06064975
v -0.14571972 1.42224252 -1.02645015
v -0.10479275 1.4236226 -1.04039359
v -0.06269244 1.42276871 -1.04823923
v -0.10062067 1.45621085 -1.0185765
v -0.05908067 1.45587313 -1.0273447
v -0.01717927 1.4534198 -1.0297743
v -0.05482726 1.48790919 -1.00404608
v -0.01345131 1.48574614 -1.00820946
v 0.02747156 1.48149621 -1.00565779
v -0.00939908 1.51733803 -0.98431617
v 0.0307758 1.51207971 -0.98294735
v 0.06877636 1.50512003 -0.97548723
v 0.03415976 1.54132366 -0.95690244
v 0.07133118 1.53277325 -0.95025301
v 0.03787271 1.56936824 -0.92727851
v 0.07298328 1.56003081 -0.92275905
v 0.04269864 1.59631037 -0.89391052
v 0.07534527 1.58636331 -0.89097273
v 0.04914724 1.62066304 -0.85802829
v 0.07813219 1.61209332 -0.85487496
v 0.05346208 1.64270544 -0.82027781
v 0.08017113 1.63609743 -0.81687688
v 0.05740048 1.6630826 -0.78206867
v 0.08538085 1.65674269 -0.77915334
v 0.11031689 1.65143001 -0.77512186
v 0.09528159 1.6743915 -0.7427355
v 0.12420033 1.66880738 -0.74142807
v 0.10758549 1.68961048 -0.70791161
v 0.14038784 1.68552184 -0.70936465
v 0.11876212 1.70333337 -0.67481511
v 0.15507485 1.70207083 -0.67848897
v 0.12774859 1.71652436 -0.64239376
v 0.16545455 1.71857357 -0.64804184
v 0.13479268 1.73036813 -0.60995847
v 0.17282132 1.73537802 -0.61605662
v 0.20551741 1.74746298 -0.62778574
v 0.17956802 1.75146973 -0.58471095
v 0.21361038 1.7648164 -0.5959835
v 0.24879398 1.77469897 -0.60706657
v 0.22313062 1.78054451 -0.56283175
v 0.25984105 1.79023265 -0.57334709
v 0.29960459 1.79480147 -0.58324784
v 0.27140528 1.80525064 -0.53816461
v 0.31182616 1.80879843 -0.54741382
v 0.35358646 1.80008769 -0.55194187
v 0.32434326 1.82215929 -0.509449
v 0.36603704 1.8114928 -0.51338595
v 0.40318521 1.78473711 -0.51138019
v 0.37847751 1.8200916 -0.47219479
v 0.41394737 1.79050445 -0.47115787
v 0.44268462 1.75312817 -0.46950951
v 0.4244453 1.79298746 -0.42952162
v 0.45181462 1.7547425 -0.43012842
v 0.47316023 1.71655559 -0.43173468
v 0.45909306 1.75361192 -0.3890337
v 0.47933131 1.71436858 -0.39229148
v 0.48841908 1.67561399 -0.39560523
v 0.48193681 1.70955467 -0.35179495
v 0.49103841 1.67034673 -0.35704091
v 0.49195033 1.63892507 -0.36121419
v 0.48948231 1.66384279 -0.31765109
v 0.49070704 1.6332972 -0.32253482
v 0.48643454 1.61091542 -0.32586529
v 0.48585358 1.6271609 -0.2838597
v 0.48135083 1.60493385 -0.2876181
v 0.47687065 1.58453345 -0.29049849
v 0.47225022 1.596506 -0.24980513
v 0.47117894 1.57648921 -0.25268307
v 0.47917559 1.55957651 -0.25398507
v 0.4623478 1.56591105 -0.21385157
v 0.47352236 1.55084049 -0.21329557
v 0.48879841 1.54048192 -0.2118791
v 0.46654409 1.53984785 -0.16910465
v 0.48387762 1.5296911 -0.16705021
v 0.50459253 1.51924169 -0.16864785
v 0.48298713 1.51498949 -0.12174762
v 0.50763756 1.50079965 -0.12740054
v 0.53483885 1.48615896 -0.13855218
v 0.513996 1.47995579 -0.0965595
v 0.54283928 1.46325647 -0.11119561
v 0.5689345 1.44502556 -0.12947766
v 0.54318863 1.43727767 -0.08954982
v 0.56802254 1.41619694 -0.10654411
v 0.59105646 1.39568483 -0.12447129
v 0.55874049 1.3882116 -0.08556528
v 0.58160805 1.36586153 -0.10223595
v 0.60514038 1.34431672 -0.12127197
v 0.56434553 1.33715724 -0.08515111
v 0.5874052 1.31427764 -0.10487554
v 0.60967844 1.29227149 -0.12726318
v 0.56275713 1.2863214 -0.09625904
v 0.58472752 1.26375258 -0.11839783
v 0.53282594 1.26144015 -0.09569995
v 0.55434644 1.23857486 -0.11865587
v 0.4993731 1.24294221 -0.10495457
v 0.52058547 1.2195518 -0.12894755
v 0.54018098 1.19698214 -0.15231189
v 0.48605474 1.209414 -0.14861547
v 0.50415486 1.18578577 -0.17261059
v 0.45257514 1.20866429 -0.17463755
v 0.46884951 1.1853522 -0.19948247
v 0.42174565 1.21763324 -0.20495477
v 0.4361518 1.19504511 -0.23071734
v 0.44835132 1.17019796 -0.25546389
v 0.4575223 1.1428169 -0.2794187
v 0.40969556 1.21397471 -0.26443457
v 0.42140945 1.18964648 -0.29066965
v 0.43175333 1.16199696 -0.31621584
v 0.44041016 1.13052523 -0.34131008
v 0.46434494 1.11245656 -0.30420091
v 0.40425396 1.21716988 -0.32652634
v 0.415147 1.18815231 -0.35387659
v 0.42518886 1.15242195 -0.38015121
v 0.4336493 1.11174547 -0.4048281
v 0.44723796 1.09457588 -0.36637622
v 0.42842474 1.1287359 -0.4433588
v 0.43581718 1.08195889 -0.46659389
v 0.44081649 1.06873166 -0.42911219
v 0.43147152 1.14313066 -0.48085629
v 0.43731209 1.09341406 -0.50327485
v 0.4424414 1.04542076 -0.52538037
v 0.44154205 1.0353626 -0.48947569
v 0.4364762 1.15250909 -0.51913571
v 0.44126644 1.10277092 -0.53998899
v 0.44534301 1.05422723 -0.56114405
v 0.45084101 1.00670492 -0.58145165
v 0.4471907 0.99825364 -0.54684346
v 0.43940815 1.11047053 -0.57664156
v 0.44253563 1.06161427 -0.59672188
v 0.44834104 1.01395714 -0.61649245
v 0.45224937 0.96628183 -0.63461405
v 0.45597279 0.95973795 -0.6008268
v 0.42824205 1.06609368 -0.62844908
v 0.4328207 1.01817357 -0.64794278
v 0.4367488 0.97007614 -0.66617578
v 0.44106042 0.9215402 -0.68287223
v 0.45690611 0.91957646 -0.65177828
v 0.40913859 1.01983749 -0.67463409
v 0.4133059 0.97096884 -0.69290989
v 0.4194014 0.92052745 -0.71017849
v 0.42845556 0.86837875 -0.72563099
v 0.44977918 0.87281501 -0.69779628
v 0.38877332 0.9714775 -0.71836906
v 0.39587044 0.91941583 -0.73679995
v 0.40613785 0.86529749 -0.75289034
v 0.4190841 0.80975908 -0.7632181
v 0.43994319 0.81470185 -0.73743599
v 0.3744671 0.91998016 -0.76342147
v 0.38500976 0.86433845 -0.78156387
v 0.39795142 0.80781692 -0.79315638
v 0.40607795 0.75144875 -0.79455798
v 0.42921477 0.75201761 -0.76339054
v 0.36838799 0.86609274 -0.80841523
v 0.3793362 0.80745452 -0.82512801
v 0.35561633 0.87012881 -0.83222985
v 0.36588946 0.80953335 -0.85230046
v 0.34539908 0.87617617 -0.85257172
v 0.35575035 0.81495332 -0.87413853
v 0.33505532 0.88203167 -0.86962807
v 0.34505751 0.8210268 -0.89178127
v 0.35156652 0.75869244 -0.91087728
v 0.34674918 0.70050036 -0.92411971
v 0.32989502 0.82477545 -0.90551793
v 0.33485308 0.76352065 -0.92462116
v 0.32963317 0.70500671 -0.93685179
v 0.31142371 0.64993059 -0.94159799
v 0.33049657 0.6472752 -0.93338543
v 0.31339466 0.76490062 -0.92926615
v 0.30776074 0.70731455 -0.93832957
v 0.29045626 0.65233254 -0.93838673
v 0.26464527 0.59876668 -0.93168008
v 0.28508555 0.59557157 -0.93659502
v 0.2844972 0.70792293 -0.93078959
v 0.26739314 0.65514171 -0.93011492
v 0.24177612 0.60255986 -0.92387789
v 0.21633862 0.54815459 -0.91527581
v 0.2392297 0.54540538 -0.921862
v 0.23995687 0.65759325 -0.9205141
v 0.21478413 0.60558909 -0.91544717
v 0.18928253 0.55139696 -0.90815299
v 0.16737294 0.49815863 -0.89924907
v 0.19616809 0.49397105 -0.9057064
v 0.18453335 0.60773122 -0.90799182
v 0.16105745 0.55493331 -0.90232116
v 0.14008173 0.50314521 -0.89524757
v 0.12157303 0.45450469 -0.88547927
v 0.14967413 0.44846814 -0.88785672
v 0.13409791 0.558941 -0.8992781
v 0.11506082 0.50908416 -0.89397257
v 0.09684007 0.46204757 -0.88756704
v 0.09189745 0.51445061 -0.89230668
v 0.07470324 0.46886685 -0.88776636
v 0.07187581 0.51827549 -0.88262027
v 0.05617104 0.47353291 -0.87780469
v 0.05802916 0.51940965 -0.86360561
v 0.04557677 0.47480142 -0.85754185
v 0.05189723 0.51682764 -0.83796483
v 0.04289053 0.47268512 -0.83189296
v 0.0487973 0.51544964 -0.80748778
v 0.04230261 0.47252914 -0.80140215
v 0.04010877 0.52184277 -0.77140557
v 0.03448708 0.47946104 -0.76414108
v 0.02996346 0.43800699 -0.75797313
v 0.01435478 0.48861554 -0.72634887
v 0.01019291 0.44690966 -0.71956348
v 0.00850138 0.40579715 -0.71268361
v -0.02162383 0.45362457 -0.68793058
v -0.02253954 0.41097468 -0.68142545
v -0.02087716 0.36709916 -0.67734235
v -0.06018513 0.41261029 -0.66168469
v -0.05531749 0.36552161 -0.65829515
v -0.04803432 0.31736913 -0.66280448
v -0.09313593 0.36264526 -0.64969044
v -0.08325619 0.31321671 -0.65689462
v -0.07027871 0.26610952 -0.67323523
v -0.11981098 0.31052282 -0.65846604
v -0.10493751 0.26402479 -0.67574518
v -0.15829211 0.30976772 -0.66630345
v -0.14257691 0.26415902 -0.68253624
v -0.19635364 0.30999174 -0.6788696
v -0.18077619 0.26552304 -0.6937831
v -0.23159745 0.31022232 -0.69432193
v -0.21641434 0.26698365 -0.70819276
v -0.26164183 0.31016013 -0.7106049
v -0.24674294 0.268038 -0.7237218
v -0.28390869 0.31023111 -0.72600936
v -0.26988196 0.26921337 -0.73831975
v -0.29819795 0.31060153 -0.73995578
v -0.29815423 0.35482358 -0.72157949
v -0.30925923 0.35303518 -0.73618102
v -0.31780365 0.35092145 -0.74885648
v -0.3087123 0.31077092 -0.75165343
v -0.3275859 0.34785696 -0.7594909
v -0.32052588 0.30991396 -0.76223927
v -0.34078025 0.34492212 -0.76383304
v -0.33563011 0.30732926 -0.76637244
v -0.35529926 0.34217706 -0.76103788
v -0.35149487 0.30260786 -0.76128447
v -0.36878997 0.33904036 -0.75060397
v -0.35755738 0.38481012 -0.76930505
v -0.37128239 0.38446673 -0.75993478
v -0.38550236 0.38436245 -0.74714952
v -0.38282346 0.33643499 -0.7363379
v -0.40351632 0.38385883 -0.73089313
v -0.40047818 0.33521664 -0.71904069
v -0.42531296 0.38330882 -0.71179658
v -0.42290651 0.33542999 -0.69921833
v -0.42302733 0.28962966 -0.68967258
v -0.4275996 0.24418972 -0.68220758
v -0.44683423 0.33790689 -0.67505884
v -0.44758445 0.29219105 -0.66499006
v -0.45204463 0.24681615 -0.65797793
v -0.46751958 0.29585936 -0.63640391
v -0.47135624 0.24944523 -0.62957441
v -0.47626513 0.20282311 -0.62412214
v -0.48443526 0.25153404 -0.60358691
v -0.49101871 0.20434856 -0.5992043
v -0.49709013 0.25298216 -0.58262324
v -0.50473535 0.20596393 -0.5810492
v -0.50982743 0.25347599 -0.56615084
v -0.51614022 0.20875692 -0.56721991
v -0.51806014 0.25261253 -0.5485171
v -0.52436465 0.21039515 -0.55035811
v -0.53477948 0.17117141 -0.55317932
v -0.55025911 0.13960364 -0.55790925
v -0.52509266 0.20878726 -0.5321964
v -0.53615826 0.17014665 -0.53625285
v -0.55292505 0.13793964 -0.54204022
v -0.57014244 0.11731641 -0.56470334
v -0.53175449 0.16523584 -0.52035969
v -0.54981023 0.13155017 -0.52768987
v -0.52171909 0.15917635 -0.50502049
v -0.54070568 0.12339762 -0.5114817
v -0.51006501 0.15191286 -0.4817723
v -0.53156155 0.11579766 -0.48530095
v -0.55621552 0.0866568 -0.48831147
v -0.58227455 0.06275513 -0.49018114
v -0.52467787 0.1080634 -0.44954443
v -0.55124652 0.0788832 -0.45055207
v -0.57783126 0.0538811 -0.45143187
v -0.60532462 0.03192953 -0.45141112
v -0.61030101 0.04025504 -0.48878258
v -0.55050671 0.07117342 -0.40774917
v -0.57812917 0.04678923 -0.40776276
v -0.60590088 0.02679974 -0.40778848
v -0.63391071 0.01231009 -0.40757498
v -0.63560575 0.01428045 -0.45090293
v -0.58682978 0.04394807 -0.36067062
v -0.61317992 0.02561838 -0.36021903
v -0.6391378 0.01135777 -0.36113497
v -0.66437143 0.00208254 -0.36025852
v -0.66499263 -0.0073994 -0.31820634
v -0.66375559 -0.02867213 -0.28331604
v -0.68375039 -0.03416046 -0.28471279
v -0.68621951 -0.0130789 -0.31675791
v -0.68948411 -0.00110969 -0.3551056
v -0.70706093 -0.0137016 -0.31102249
v -0.71347469 0.00060567 -0.34489321
v -0.72666025 -0.00975623 -0.30063322
v -0.73502737 0.00725096 -0.3303506
v -0.74777561 0.01702058 -0.35968017
v -0.75129979 0.01826213 -0.31200307
v -0.76387852 0.03232932 -0.33816838
v -0.78052926 0.04121536 -0.360531
v -0.76502484 0.02272499 -0.38280504
v -0.79983234 0.0474657 -0.37837162
v -0.7858864 0.02652181 -0.3994916
v -0.82035064 0.0543748 -0.39414253
v -0.80844974 0.02936298 -0.41023081
v -0.79332178 0.01052193 -0.42848187
v -0.83273899 0.03396978 -0.41957026
v -0.81834691 0.01122259 -0.43094804
v -0.80379754 -0.00117311 -0.44761657
v -0.78155756 0.0014357 -0.44982475
v -0.79706955 -0.00621534 -0.46585416
v -0.77722913 0.00144844 -0.47155571
v -0.79775077 -0.00508707 -0.48280483
v -0.77905422 0.00556919 -0.48993
v -0.75008696 0.01126621 -0.49607354
v -0.78541421 0.01286739 -0.50600302
v -0.75689536 0.02081187 -0.5154072
v -0.72501021 0.02384402 -0.52512085
v -0.71653324 0.01190348 -0.50198316
v -0.69283562 0.03056603 -0.53373187
v -0.68291002 0.018132 -0.50910919
v -0.66120809 0.04454039 -0.54057365
v -0.65020811 0.03101015 -0.51553303
v -0.64147764 0.02083999 -0.4857614
v -0.70682656 0.04640258 -0.55456221
v -0.67912316 0.059377 -0.56098473
v -0.72612381 0.06412896 -0.57080394
v -0.70129978 0.07544253 -0.57791101
v -0.68021422 0.08812472 -0.5819109
v -0.72438019 0.08996736 -0.58919614
v -0.6622641 0.09994012 -0.58477717
v -0.74779236 0.08123735 -0.58110249
v -0.77367836 0.07435678 -0.56635522
v -0.75414294 0.05634515 -0.55877834
v -0.7835837 0.04797338 -0.54413121
v -0.73670721 0.03849288 -0.54468256
v -0.76806181 0.03303568 -0.53214734
v -0.7959969 0.02177014 -0.52008819
v -0.81048816 0.03165695 -0.53007996
v -0.82807987 0.00815735 -0.51722866
v -0.81401044 0.00267733 -0.50925958
v -0.82313692 -0.01736729 -0.49908834
v -0.83508116 -0.01584911 -0.50692212
v -0.80479925 -0.00132399 -0.49665194
v -0.8141278 -0.01787896 -0.48777759
v -0.81879812 -0.03361685 -0.47909903
v -0.8271805 -0.03520237 -0.48976311
v -0.83012867 -0.05146095 -0.47942897
v -0.83902943 -0.05382465 -0.48528325
v -0.83789783 -0.03570327 -0.49590712
v -0.82261967 -0.04818524 -0.47106927
v -0.82475334 -0.06269738 -0.46384865
v -0.83164113 -0.06573006 -0.47141203
v -0.82145333 -0.05910399 -0.45333111
v -0.8232361 -0.07417153 -0.44933125
v -0.82661771 -0.07716027 -0.45747199
v -0.82731044 -0.05626752 -0.44231602
v -0.82782286 -0.07150904 -0.44086462
v -0.82773983 -0.08521553 -0.43896892
v -0.82502913 -0.08765764 -0.44618806
v -0.84054726 -0.0562449 -0.4389759
v -0.83773851 -0.07115473 -0.43730866
v -0.83530259 -0.08496975 -0.43554747
v -0.83319419 -0.09775045 -0.43403753
v -0.82848179 -0.09821549 -0.43754783
v -0.84695774 -0.07262189 -0.43818169
v -0.84300625 -0.08619242 -0.43632835
v -0.83964633 -0.0987441 -0.43441146
v -0.83777171 -0.107885 -0.43328687
v -0.83219945 -0.10684064 -0.43325555
v -0.84910863 -0.08844391 -0.4409469
v -0.84468078 -0.10087207 -0.43773147
v -0.84145712 -0.1091602 -0.43611657
v -0.8465414 -0.1035752 -0.44222262
v -0.84334355 -0.11113899 -0.44035437
v -0.8460775 -0.1059332 -0.4460932
v -0.84192901 -0.11221224 -0.44458425
v -0.83573645 -0.11137832 -0.44728878
v -0.83362603 -0.10499931 -0.4507116
v -0.82938414 -0.10258261 -0.44814989
v -0.83130031 -0.1102105 -0.44528868
v -0.82684361 -0.09991889 -0.44292068
v -0.82808524 -0.10842801 -0.44113382
v -0.82811093 -0.10719274 -0.43626362
v -0.82786351 -0.09068133 -0.45269578
v -0.8325203 -0.09319514 -0.45618408
v -0.83248347 -0.07979691 -0.46314233
v -0.8392601 -0.08232016 -0.46765747
v -0.83890277 -0.06823384 -0.47610467
v -0.8472433 -0.08388292 -0.46887973
v -0.84913104 -0.06928287 -0.47672236
v -0.84923148 -0.05447824 -0.48597642
v -0.85741341 -0.0699656 -0.47550371
v -0.85916531 -0.05539942 -0.48604297
v -0.860659 -0.03642548 -0.49759849
v -0.84926277 -0.03633958 -0.49867773
v -0.86161035 -0.01431488 -0.51065778
v -0.84878277 -0.01443243 -0.5109722
v -0.86743688 -0.03346767 -0.48913377
v -0.87220609 -0.01199638 -0.50336068
v -0.87259602 -0.0308445 -0.47812691
v -0.8784632 -0.00860863 -0.49133127
v -0.88291299 0.01888535 -0.50549143
v -0.87750524 -0.00501737 -0.47769135
v -0.88467693 0.02064613 -0.48880761
v -0.89011806 0.05111286 -0.49901709
v -0.88547378 0.05135998 -0.51917731
v -0.89709496 0.0825648 -0.50577646
v -0.88696092 0.0844192 -0.52547723
v -0.9054507 0.11715502 -0.50864934
v -0.89228141 0.11993735 -0.52929687
v -0.8722518 0.12358745 -0.54381358
v -0.89805364 0.15946401 -0.53232955
v -0.8496536 0.12786662 -0.55166983
v -0.82633161 0.1319133 -0.55723094
v -0.80402106 0.15080575 -0.55943286
v -0.79967975 0.16659101 -0.55266869
v -0.78786009 0.16642738 -0.56573188
v -0.79344397 0.15114228 -0.5743817
v -0.77927166 0.16897313 -0.58205843
v -0.7898308 0.15481764 -0.59174525
v -0.76862132 0.17147192 -0.59525185
v -0.77519536 0.18141159 -0.55337047
v -0.78843557 0.1825439 -0.53904855
v -0.77415531 0.2004694 -0.51993233
v -0.76105815 0.19984626 -0.53612166
v -0.76090925 0.23347485 -0.50353038
v -0.74833577 0.2304278 -0.51706606
v -0.75637209 0.27510726 -0.50051355
v -0.74597019 0.27326709 -0.51283115
v -0.73889386 0.27520072 -0.52984535
v -0.74395185 0.31919473 -0.51808822
v -0.74006557 0.32293596 -0.53416252
v -0.73505866 0.32917234 -0.55180048
v -0.7317304 0.28280425 -0.54902881
v -0.73055112 0.3400256 -0.57616579
v -0.72517174 0.29624986 -0.57295578
v -0.73192936 0.34951847 -0.60680538
v -0.72311109 0.31048131 -0.60334765
v -0.71565246 0.27399358 -0.60470962
v -0.70741027 0.23886798 -0.6117239
v -0.72980672 0.31467375 -0.63585621
v -0.71942085 0.27963322 -0.63281142
v -0.70910197 0.24479748 -0.6351
v -0.69706851 0.21067741 -0.63948571
v -0.69719719 0.20699587 -0.61849641
v -0.7210384 0.2791666 -0.66668814
v -0.70936697 0.24587157 -0.66318446
v -0.69573396 0.21130861 -0.66211783
v -0.68110299 0.17884087 -0.66316366
v -0.68316483 0.17845282 -0.6417582
v -0.70070713 0.24530737 -0.69908934
v -0.68899244 0.21226786 -0.69366103
v -0.67542082 0.18056038 -0.69105917
v -0.66056078 0.14973367 -0.69191354
v -0.6665461 0.14951352 -0.66507983
v -0.67485147 0.21709325 -0.72884547
v -0.6632862 0.1845857 -0.72466892
v -0.64949631 0.15283829 -0.72239542
v -0.6332969 0.12096242 -0.72152304
v -0.64402228 0.11961478 -0.69567459
v -0.64457297 0.19124278 -0.75774842
v -0.63233256 0.15782125 -0.75411307
v -0.61685425 0.12415842 -0.75161981
v -0.61488521 0.16237786 -0.78526967
v -0.60201871 0.12762576 -0.78168779
v -0.59889024 0.16468223 -0.81732869
v -0.58937478 0.13091136 -0.81149387
v -0.5809372 0.16544686 -0.84784829
v -0.57317483 0.13411319 -0.84089076
v -0.5572465 0.16264616 -0.87459021
v -0.55154979 0.1336494 -0.86583888
v -0.54520279 0.10477995 -0.86085492
v -0.52440041 0.13104257 -0.88629955
v -0.52123105 0.10434286 -0.87998414
v -0.51907771 0.07656017 -0.87692523
v -0.49360328 0.10300371 -0.89266228
v -0.49386763 0.07603771 -0.88859462
v -0.49500113 0.04757244 -0.88723397
v -0.46539956 0.07506375 -0.89139616
v -0.46853312 0.04672151 -0.89028656
v -0.44198674 0.04592207 -0.88185197
v -0.4250881 0.0151474 -0.86687731
v -0.415802 -0.01878555 -0.85052901
v -0.46238431 0.10133487 -0.89621478
v -0.49338197 0.12802216 -0.89953649
v -0.52757835 0.15775486 -0.89621961
v -0.56258302 0.19179554 -0.88631624
v -0.53038007 0.18438017 -0.90935581
v -0.56597453 0.22148396 -0.89917403
v -0.53259736 0.21122536 -0.92424213
v -0.56890928 0.25103527 -0.91226488
v -0.53377264 0.23914678 -0.93847245
v -0.5718941 0.28093117 -0.92341291
v -0.53574198 0.26895421 -0.95198959
v -0.5769822 0.31193274 -0.93361949
v -0.54078936 0.30002909 -0.96544927
v -0.60059642 0.29188302 -0.88651555
v -0.60489863 0.32396167 -0.89412182
v -0.61041426 0.35853979 -0.90138351
v -0.62530869 0.33245229 -0.85294866
v -0.63016498 0.36731278 -0.85922879
v -0.63522642 0.40405729 -0.86449116
v -0.61691284 0.39536809 -0.90749591
v -0.64039874 0.44285145 -0.86773735
v -0.65980118 0.40608146 -0.8257634
v -0.66514349 0.44447186 -0.8296678
v -0.6698811 0.4852218 -0.83213585
v -0.64507716 0.48340252 -0.86824643
v -0.67292338 0.52831459 -0.83272081
v -0.64818543 0.52717119 -0.86710482
v -0.67412138 0.57265532 -0.83163362
v -0.64975208 0.57254892 -0.86478424
v -0.63565504 0.57390564 -0.90326994
v -0.64946126 0.61780172 -0.86065763
v -0.63515663 0.62039971 -0.89746683
v -0.6228097 0.62625509 -0.93392968
v -0.62418031 0.58016616 -0.9406268
v -0.61202776 0.63454067 -0.97071981
v -0.61631721 0.59022897 -0.97823137
v -0.59811234 0.6442011 -1.00788617
v -0.60605639 0.60312843 -1.01630508
v -0.61315369 0.56298297 -1.02752256
v -0.61734283 0.52381837 -1.04147446
v -0.58845013 0.61308431 -1.05332815
v -0.59580129 0.57504504 -1.06341457
v -0.60136115 0.53659045 -1.07497644
v -0.60665047 0.49892532 -1.09006965
v -0.62153261 0.48498436 -1.06159126
v -0.57085496 0.57842654 -1.09430277
v -0.57717615 0.54107534 -1.10347569
v -0.58355408 0.5049144 -1.11536169
v -0.59214913 0.47108382 -1.13014423
v -0.6138187 0.46442329 -1.10861671
v -0.54321229 0.53835994 -1.12497746
v -0.5523113 0.50299817 -1.13395083
v -0.56385815 0.46941328 -1.14583325
v -0.57702034 0.43991607 -1.16182816
v -0.60285317 0.4412043 -1.1482048
v -0.51514422 0.49235552 -1.14026033
v -0.53205364 0.4591104 -1.15097284
v -0.54923373 0.42994317 -1.16733312
v -0.56645929 0.40536046 -1.18746018
v -0.59088575 0.41491711 -1.18190753
v -0.50240993 0.44221714 -1.14444053
v -0.52421152 0.41313606 -1.16390895
v -0.54494744 0.38905176 -1.18655002
v -0.56512558 0.36958995 -1.21230769
v -0.58347606 0.38520807 -1.21147453
v -0.5059036 0.39302834 -1.15434742
v -0.52943307 0.36885935 -1.18003308
v -0.55263966 0.35019928 -1.20872056
v -0.57564622 0.33681231 -1.23921847
v -0.58577591 0.35502028 -1.24028694
v -0.52102387 0.34710732 -1.17055106
v -0.54647308 0.32959112 -1.20167815
v -0.57157129 0.31746709 -1.23548138
v -0.59634923 0.3119547 -1.26904487
v -0.59862154 0.32951551 -1.27062118
v -0.54694986 0.30868279 -1.19222068
v -0.57336425 0.29885375 -1.22939801
v -0.59943294 0.29511442 -1.265751
v -0.62375414 0.29822102 -1.29841589
v -0.61939567 0.31180301 -1.30078291
v -0.58310377 0.28385266 -1.22035932
v -0.60839986 0.2818267 -1.25960862
v -0.63203418 0.28682741 -1.29425096
v -0.64977699 0.29384335 -1.32582438
v -0.64318561 0.30325815 -1.32860159
v -0.62278008 0.27489417 -1.25091874
v -0.64387828 0.28020405 -1.28860724
v -0.65983033 0.2887806 -1.32167625
v -0.67307972 0.29632213 -1.35222327
v -0.66569834 0.30061191 -1.35504758
v -0.65677952 0.28015705 -1.28205716
v -0.6706466 0.28824943 -1.31744802
v -0.68145453 0.29590973 -1.34916925
v -0.68465822 0.30513665 -1.37914323
v -0.68078094 0.29155913 -1.31340396
v -0.68941748 0.29856652 -1.34592974
v -0.68857044 0.29953646 -1.30996608
v -0.6961193 0.30424898 -1.34321928
v -0.69355571 0.31028491 -1.30842268
v -0.69993841 0.31270736 -1.34136283
v -0.70348352 0.31522974 -1.37183725
v -0.70316231 0.31829622 -1.396438
v -0.70032787 0.32201981 -1.34104251
v -0.70331758 0.32135179 -1.37155091
v -0.70325422 0.32117766 -1.39578497
v -0.70246082 0.32082897 -1.404307
v -0.70228564 0.31885504 -1.40516305
v -0.70143175 0.32776522 -1.37232291
v -0.7024731 0.32434785 -1.39697814
v -0.70206826 0.32246121 -1.40455889
v -0.70095431 0.32586029 -1.39864838
v -0.70082849 0.32347831 -1.40574681
v -0.69773721 0.32263106 -1.40748834
v -0.69282245 0.32449001 -1.4015932
v -0.69169473 0.32233849 -1.40174555
v -0.69707953 0.32190302 -1.40726661
v -0.69140291 0.31984138 -1.40214765
v -0.6755402 0.32395908 -1.38263762
v -0.67480778 0.31839147 -1.38285827
v -0.6763134 0.31239795 -1.38239002
v -0.69200336 0.31729596 -1.40170729
v -0.67970186 0.30795908 -1.38122201
v -0.69302099 0.31520488 -1.40124571
v -0.69529479 0.31416884 -1.40069162
v -0.69890105 0.31740695 -1.40667784
v -0.70095765 0.31924542 -1.40862739
v -0.66067999 0.30788135 -1.35690844
v -0.65829855 0.31623724 -1.35786318
v -0.64035391 0.31413784 -1.32977747
v -0.65909296 0.32486444 -1.35744893
v -0.64095991 0.32554742 -1.3296951
v -0.62074786 0.32644066 -1.30081105
v -0.6457405 0.33579814 -1.32808923
v -0.62679886 0.33955028 -1.29914128
v -0.60612285 0.3455885 -1.26992952
v -0.63652831 0.34998571 -1.29594993
v -0.61872094 0.35774576 -1.26656103
v -0.60072302 0.36952009 -1.2383275
v -0.63497465 0.3649221 -1.26108157
v -0.61963194 0.37759834 -1.23238778
v -0.60502219 0.39414069 -1.20574152
v -0.63978886 0.37832978 -1.22336757
v -0.62694776 0.39533817 -1.1955676
v -0.61435651 0.4159168 -1.17028629
v -0.64544004 0.38741046 -1.18207752
v -0.63393676 0.40846657 -1.15462768
v -0.62291377 0.43365585 -1.13026988
v -0.6470164 0.39336353 -1.13774061
v -0.63701093 0.41901114 -1.11045098
v -0.62820214 0.44958657 -1.08497238
v -0.64209985 0.39665347 -1.09142553
v -0.63386106 0.42633613 -1.06274187
v -0.63652575 0.36859744 -1.07552409
v -0.62908494 0.39568644 -1.04515326
v -0.61788922 0.3386498 -1.06646513
v -0.63076311 0.31805312 -1.10202705
v -0.60494476 0.29858979 -1.10413849
v -0.58890008 0.31344306 -1.0668205
v -0.64575129 0.34543329 -1.10904204
v -0.65679538 0.3280678 -1.14771485
v -0.64324718 0.30512729 -1.14452338
v -0.65155458 0.37161243 -1.12163066
v -0.66203808 0.35164639 -1.15596962
v -0.6732223 0.33722025 -1.19421851
v -0.668706 0.31642407 -1.18932604
v -0.65767711 0.37251198 -1.16831529
v -0.66875505 0.35621312 -1.20259511
v -0.6783204 0.3450562 -1.23927128
v -0.68289536 0.32806718 -1.23397707
v -0.65704053 0.37092348 -1.21300518
v -0.66726994 0.35807445 -1.24643814
v -0.67632031 0.34930127 -1.28022277
v -0.6849662 0.33748343 -1.27564096
v -0.65197879 0.36531326 -1.25419127
v -0.66322547 0.35538867 -1.28602469
v -0.67438799 0.34787198 -1.31716656
v -0.68429863 0.34279874 -1.31339883
v -0.64937424 0.3555749 -1.2914412
v -0.66277581 0.34785452 -1.3217566
v -0.67573708 0.34204307 -1.35105872
v -0.68414008 0.34161022 -1.34782338
v -0.65325266 0.34359997 -1.3254863
v -0.66825717 0.33780747 -1.35393333
v -0.66241097 0.33200132 -1.35605537
v -0.67836231 0.32900661 -1.38134849
v -0.69780695 0.33277794 -1.3735367
v -0.69148534 0.33782669 -1.34494328
v -0.69752842 0.33067628 -1.34228372
v -0.69171363 0.33359637 -1.31038284
v -0.69547593 0.32185989 -1.30846929
v -0.68842005 0.32287755 -1.27239227
v -0.68677187 0.30830317 -1.27141523
v -0.67867773 0.31006047 -1.23141002
v -0.67963838 0.29539105 -1.27280366
v -0.6690486 0.29416051 -1.23190558
v -0.65618681 0.29791596 -1.18885648
v -0.65482217 0.28245008 -1.23598587
v -0.63872122 0.28329256 -1.1926223
v -0.62189573 0.28834423 -1.14782536
v -0.61856585 0.27513971 -1.20001447
v -0.59745973 0.27905857 -1.15557932
v -0.57565182 0.28917005 -1.11339306
v -0.57418406 0.28056067 -1.16703414
v -0.54896175 0.29251653 -1.1272813
v -0.52425789 0.31030514 -1.09399199
v -0.55455964 0.30379813 -1.07764911
v -0.5026108 0.32801657 -1.06568241
v -0.5043441 0.32755047 -1.11114251
v -0.48042818 0.34901976 -1.08089101
v -0.49531984 0.34905457 -1.12719082
v -0.47005 0.37394088 -1.0958569
v -0.44502678 0.38937374 -1.06826126
v -0.4711413 0.39810913 -1.11243116
v -0.44599738 0.42118758 -1.08612048
v -0.4216023 0.43350958 -1.06752431
v -0.42326441 0.3967545 -1.04860591
v -0.40082883 0.43854123 -1.05192148
v -0.40259301 0.39773052 -1.03380477
v -0.3811188 0.43830835 -1.03997492
v -0.3817844 0.39457058 -1.0236001
v -0.38568642 0.35485231 -1.0101794
v -0.36307045 0.39233771 -1.01415443
v -0.36453273 0.34948107 -1.00504183
v -0.34326812 0.38788473 -1.0184915
v -0.34475648 0.34416189 -1.00885725
v -0.32584431 0.38222256 -1.02881026
v -0.32704317 0.33729547 -1.01903986
v -0.30761057 0.37566509 -1.04157245
v -0.30845671 0.33001664 -1.03157317
v -0.30871248 0.28439208 -1.02067589
v -0.28567698 0.32272219 -1.04477107
v -0.28535723 0.27630445 -1.03373801
v -0.28501218 0.22959086 -1.02081024
v -0.25586253 0.26921632 -1.04586899
v -0.25686061 0.22328674 -1.03190517
v -0.25825145 0.17928695 -1.01515495
v -0.22440184 0.21826095 -1.0379486
v -0.22719743 0.17496284 -1.0209068
v -0.2297343 0.13507524 -1.00325143
v -0.22193238 0.26367661 -1.05253827
v -0.2556703 0.31551709 -1.05777525
v -0.220061 0.30953496 -1.06515133
v -0.18237613 0.30559212 -1.0632162
v -0.21785585 0.35527202 -1.07629895
v -0.17919001 0.35013115 -1.07478511
v -0.14167866 0.34763628 -1.0626769
v -0.21456353 0.40066438 -1.08705639
v -0.25484889 0.36177241 -1.06810438
v -0.25270396 0.40762639 -1.07812488
v -0.2495642 0.45244333 -1.08901119
v -0.28328004 0.41478276 -1.06466138
v -0.28044289 0.45987474 -1.075248
v -0.27576622 0.50428605 -1.08642065
v -0.30356541 0.46756643 -1.06140732
v -0.30045166 0.51248496 -1.07253134
v -0.29494521 0.5563144 -1.08376371
v -0.32129013 0.52072346 -1.05806434
v -0.31776696 0.56509035 -1.06954455
v -0.31342616 0.60794407 -1.08055102
v -0.34327101 0.57000207 -1.06414485
v -0.34073063 0.6127299 -1.07677793
v -0.33847734 0.65244853 -1.08584463
v -0.36755785 0.6102935 -1.08662283
v -0.36691781 0.65232807 -1.09409356
v -0.36666533 0.6909008 -1.09765934
v -0.39455103 0.65601635 -1.10159909
v -0.39564296 0.69811695 -1.10316586
v -0.39620614 0.73694568 -1.10308527
v -0.43204811 0.70968008 -1.108904
v -0.43230545 0.75010633 -1.10662961
v -0.43073111 0.78680419 -1.10568594
v -0.47207617 0.76382058 -1.10311663
v -0.46834108 0.80178964 -1.10016322
v -0.4629223 0.83738619 -1.09858334
v -0.42683199 0.81814813 -1.10622251
v -0.42137122 0.83919221 -1.10649645
v -0.50208091 0.81109416 -1.08152794
v -0.49535307 0.84895086 -1.0780996
v -0.53051811 0.8145647 -1.05300235
v -0.52425664 0.85377663 -1.04827058
v -0.55375236 0.81338644 -1.01869511
v -0.54847246 0.85374885 -1.01317811
v -0.54475653 0.89456158 -1.00684344
v -0.56831336 0.8504858 -0.97559189
v -0.56547361 0.8915475 -0.96846282
v -0.56465041 0.93324941 -0.9600684
v -0.54327493 0.93651479 -0.9986636
v -0.56453663 0.97570258 -0.94924122
v -0.54345679 0.98171186 -0.98702067
v -0.56318324 1.01774513 -0.93570411
v -0.54340064 1.0260775 -0.97255301
v -0.51913929 1.03347694 -1.00518965
v -0.54158622 1.0688169 -0.95588547
v -0.5184465 1.07770454 -0.98732316
v -0.49266669 1.0855844 -1.01379799
v -0.49287444 1.039909 -1.03286826
v -0.4658412 1.09285485 -1.0360322
v -0.48979398 1.12850582 -0.99468725
v -0.46221026 1.13570869 -1.01686394
v -0.43273964 1.14166045 -1.03579735
v -0.45559525 1.17590296 -0.99591261
v -0.42579332 1.18130433 -1.01506686
v -0.39484226 1.18515574 -1.03208005
v -0.41761228 1.21808493 -0.99411612
v -0.38737803 1.22185075 -1.01187133
v -0.3569259 1.22495555 -1.03033828
v -0.37938076 1.25329113 -0.99336367
v -0.34994027 1.25696992 -1.01167619
v -0.32165736 1.26230752 -1.03392136
v -0.3426474 1.28422677 -0.99524062
v -0.31563782 1.29123783 -1.01787519
v -0.28465157 1.29548072 -1.04053378
v -0.30836024 1.31658959 -1.00255358
v -0.27881738 1.32319569 -1.02442586
v -0.29980218 1.34147381 -0.98799848
v -0.27136963 1.34953701 -1.00792968
v -0.28903392 1.36971688 -0.97140234
v -0.26200008 1.37836301 -0.99073797
v -0.22871834 1.38390815 -1.00979876
v -0.25194761 1.40843975 -0.97080528
v -0.22114318 1.41418969 -0.98931396
v -0.18440741 1.41830217 -1.00780379
v -0.21336935 1.44336056 -0.96631133
v -0.17834925 1.44873285 -0.98509895
v -0.14062681 1.45366275 -1.00378739
v -0.17165462 1.47761046 -0.95962464
v -0.13485965 1.48364901 -0.97835081
v -0.09573461 1.48755645 -0.9941014
v -0.12872131 1.51239609 -0.95051676
v -0.09011942 1.51698422 -0.96640151
v -0.04998999 1.51847493 -0.97785091
v -0.08423785 1.54514372 -0.9362486
v -0.04473737 1.54747366 -0.9485175
v -0.00513905 1.5471965 -0.95662826
v -0.03900747 1.57535433 -0.91655468
v -0.00013919 1.57520997 -0.92505854
v -0.03292058 1.60195887 -0.88257634
v 0.00594084 1.60229635 -0.89097613
v -0.02705369 1.62695074 -0.84785795
v 0.01240179 1.62740862 -0.85564893
v -0.02151662 1.6499027 -0.81231236
v 0.01857946 1.64860737 -0.81910479
v -0.01601909 1.67062652 -0.77528393
v 0.02380295 1.66842687 -0.78122746
v -0.01047313 1.68915283 -0.73763197
v 0.02941131 1.68683636 -0.74355244
v 0.06450271 1.68148767 -0.74468332
v 0.03557232 1.70360004 -0.70666873
v 0.07258911 1.69775581 -0.70896333
v 0.04212886 1.71830415 -0.67069733
v 0.0811275 1.71212256 -0.67461252
v 0.04882848 1.73115932 -0.63514369
v 0.08885952 1.72535455 -0.64058047
v 0.05588179 1.74241697 -0.59954613
v 0.09605471 1.73756682 -0.60640114
v 0.0637025 1.75136101 -0.56401705
v 0.10381852 1.74836134 -0.5716719
v 0.14193829 1.74420249 -0.57680916
v 0.11288214 1.75713896 -0.53687512
v 0.1510784 1.75749909 -0.54373431
v 0.1879668 1.76691603 -0.5523687
v 0.16153208 1.76811027 -0.50984734
v 0.1980884 1.78023076 -0.51833522
v 0.23384837 1.79499006 -0.52802497
v 0.2091763 1.7917006 -0.48264855
v 0.24505111 1.80846524 -0.49144053
v 0.28353127 1.81938803 -0.50098991
v 0.25626227 1.81919515 -0.45266079
v 0.29542604 1.83115589 -0.46092027
v 0.33687275 1.83298397 -0.46822458
v 0.3067691 1.83882141 -0.41805753
v 0.34894546 1.83879661 -0.42444577
v 0.38999599 1.8238182 -0.42846551
v 0.36030113 1.84116315 -0.37903711
v 0.40054488 1.82346963 -0.38322135
v 0.43311971 1.79169774 -0.3862088
v 0.4080474 1.81888127 -0.33641046
v 0.43854057 1.78659021 -0.34136733
v 0.46350669 1.74915278 -0.34652108
v 0.43906813 1.77671194 -0.29597169
v 0.46291285 1.74035751 -0.30345588
v 0.48032847 1.70158159 -0.31087103
v 0.45807814 1.7276833 -0.26134023
v 0.47526091 1.69068884 -0.27047604
v 0.48452466 1.65406072 -0.27846914
v 0.46855932 1.67664241 -0.23131986
v 0.47732204 1.64194786 -0.24007178
v 0.47734808 1.61752092 -0.24529084
v 0.46744048 1.62754082 -0.20356205
v 0.46491685 1.60486745 -0.20847882
v 0.46012306 1.58498621 -0.21193774
v 0.45149785 1.59125399 -0.17208856
v 0.4482567 1.57092964 -0.17282354
v 0.45336195 1.55294847 -0.17193561
v 0.43942743 1.57967698 -0.13580952
v 0.45587873 1.61251568 -0.16953635
v 0.42672109 1.5764774 -0.09420823
v 0.41407334 1.58592546 -0.06023489
v 0.40118676 1.62413239 -0.06029389
v 0.40117159 1.59955251 -0.04103368
v 0.40400055 1.57306659 -0.02474329
v 0.38419628 1.61278021 -0.02787526
v 0.39003893 1.58573842 -0.01020751
v 0.3960084 1.5617094 0.00341784
v 0.40853261 1.55038678 -0.01242337
v 0.40086269 1.54143571 0.0148612
v 0.41217511 1.5323342 -0.00114586
v 0.40376213 1.52311575 0.0242804
v 0.41409412 1.51554453 0.00848901
v 0.42663031 1.50545191 -0.00803969
v 0.44230186 1.49187493 -0.02281539
v 0.4133169 1.49874186 0.01522637
v 0.42381528 1.48934876 -0.0007392
v 0.43788263 1.47618758 -0.01550195
v 0.454342 1.45978927 -0.02806423
v 0.46138829 1.47598946 -0.03571192
v 0.41673523 1.47451341 0.00142149
v 0.42850148 1.46178042 -0.01296738
v 0.44247442 1.44505119 -0.02520236
v 0.45992931 1.42301011 -0.03442616
v 0.47494182 1.43876671 -0.03804292
v 0.414467 1.45116329 -0.01563752
v 0.42605954 1.43362724 -0.027102
v 0.4414404 1.40920984 -0.03445122
v 0.45714098 1.37963926 -0.03978492
v 0.47926485 1.39522576 -0.04043617
v 0.40914249 1.42705214 -0.03310213
v 0.42048564 1.39895963 -0.03945974
v 0.4317187 1.36766755 -0.04451428
v 0.44433599 1.33467447 -0.05198878
v 0.47254037 1.34790074 -0.04627707
v 0.39768862 1.39432847 -0.04905168
v 0.40493768 1.36087214 -0.05462635
v 0.41411629 1.32620787 -0.06386352
v 0.42755433 1.29126691 -0.07867246
v 0.45935413 1.30107736 -0.06503472
v 0.37825152 1.35922944 -0.06985572
v 0.38523921 1.32369124 -0.08123978
v 0.3967908 1.288244 -0.09893105
v 0.41410592 1.25742614 -0.12289826
v 0.44520458 1.25973939 -0.09951873
v 0.35943183 1.32725095 -0.10554341
v 0.37100544 1.29338073 -0.12520003
v 0.3878515 1.26431059 -0.15078532
v 0.40573343 1.23982858 -0.17821212
v 0.43409013 1.23186111 -0.14893452
v 0.35159337 1.30601573 -0.15469919
v 0.36706855 1.27921545 -0.1809328
v 0.3824146 1.25679409 -0.20930685
v 0.39672952 1.23594451 -0.23742383
v 0.35395619 1.30157458 -0.2105084
v 0.36758425 1.2821573 -0.2395775
v 0.38035771 1.26258361 -0.26923897
v 0.39244845 1.24153888 -0.29826471
v 0.36218166 1.31131553 -0.26581817
v 0.37340757 1.29437995 -0.29696187
v 0.38525697 1.27570557 -0.32888516
v 0.37617522 1.32677424 -0.31939539
v 0.38707211 1.31017541 -0.35271254
v 0.38459548 1.35437774 -0.34002363
v 0.39297774 1.33962023 -0.37049576
v 0.39544543 1.37899959 -0.3596858
v 0.40193975 1.36687743 -0.38615492
v 0.41060787 1.35381937 -0.4172669
v 0.42058116 1.34164679 -0.45266136
v 0.41196477 1.3913114 -0.39902183
v 0.41870561 1.3800863 -0.42709732
v 0.42742979 1.36896956 -0.46055236
v 0.4336197 1.35913121 -0.49950891
v 0.42799109 1.331169 -0.49405592
v 0.42804384 1.40234553 -0.43598347
v 0.43526446 1.39108598 -0.46710518
v 0.44109568 1.38199877 -0.504229
v 0.44121843 1.37703156 -0.54480433
v 0.43310585 1.35306286 -0.54098874
v 0.44440183 1.41113615 -0.47413811
v 0.45003759 1.40158784 -0.50984609
v 0.44904321 1.39468407 -0.54926985
v 0.43824234 1.39021563 -0.58407038
v 0.43223673 1.37229156 -0.58045649
v 0.45714542 1.41786956 -0.51664382
v 0.45431241 1.41113793 -0.55424577
v 0.44239369 1.40670061 -0.58806371
v 0.43011459 1.40215385 -0.6146565
v 0.42603296 1.38519096 -0.6116566
v 0.456247 1.42759871 -0.55935782
v 0.44494348 1.42316603 -0.59179657
v 0.43259558 1.41831982 -0.61829268
v 0.42651653 1.41147315 -0.64052933
v 0.42242103 1.3960216 -0.63620227
v 0.44419786 1.43963718 -0.59484928
v 0.43435525 1.43307566 -0.62247204
v 0.42939376 1.42589259 -0.6450901
v 0.42751893 1.41804325 -0.66435968
v 0.42468684 1.4037379 -0.6586799
v 0.43188288 1.44686007 -0.62608379
v 0.42751649 1.43954348 -0.64968061
v 0.42493376 1.43106699 -0.67027908
v 0.42470312 1.4224205 -0.68698871
v 0.42656356 1.40972518 -0.67972928
v 0.42107597 1.45100557 -0.65395605
v 0.41864943 1.44215607 -0.67536205
v 0.4175235 1.43214142 -0.69339215
v 0.41751459 1.4209727 -0.7089045
v 0.42568337 1.41223394 -0.70170974
v 0.40788584 1.44944369 -0.67875802
v 0.4061698 1.43824398 -0.69721442
v 0.40526494 1.42682457 -0.71336549
v 0.4061934 1.41484761 -0.72754222
v 0.41890105 1.40932202 -0.72223115
v 0.39270013 1.43748712 -0.69653129
v 0.39108392 1.42676317 -0.71325272
v 0.39182764 1.41507685 -0.72799944
v 0.39312288 1.40170288 -0.73977232
v 0.40796411 1.40230846 -0.74052661
v 0.38146176 1.4174962 -0.70667368
v 0.38137272 1.40592503 -0.71988391
v 0.3829002 1.3929609 -0.73084527
v 0.38532516 1.37977886 -0.74123621
v 0.39503163 1.38699781 -0.75029146
v 0.37599167 1.39326047 -0.71012753
v 0.37512961 1.40530908 -0.69902622
v 0.37137374 1.39141202 -0.69142264
v 0.37247562 1.3798573 -0.70049363
v 0.36724689 1.37694943 -0.68371039
v 0.36928373 1.36755979 -0.6906799
v 0.36075195 1.36170947 -0.67444181
v 0.36290204 1.35407102 -0.68167454
v 0.36694526 1.34693121 -0.68690216
v 0.35502055 1.34008705 -0.67549437
v 0.35950076 1.3341422 -0.6822521
v 0.36630919 1.3297559 -0.68378084
v 0.37350171 1.32655012 -0.68088352
v 0.35136395 1.3182801 -0.67932403
v 0.35885614 1.31328129 -0.68136733
v 0.36651265 1.30964088 -0.67745292
v 0.35682448 1.28741383 -0.67822301
v 0.36331889 1.28404402 -0.67036229
v 0.37299642 1.30786645 -0.66936552
v 0.37973797 1.32685673 -0.67258209
v 0.34890133 1.29163587 -0.68244195
v 0.33623516 1.26338779 -0.69112747
v 0.34450942 1.25818669 -0.68673479
v 0.34048754 1.29632723 -0.6812241
v 0.32650205 1.26803183 -0.69069898
v 0.31140837 1.23318874 -0.70874279
v 0.32192462 1.22873568 -0.70858508
v 0.33325982 1.30069708 -0.67588108
v 0.3175129 1.27168667 -0.68622213
v 0.30045121 1.23691117 -0.70518022
v 0.28385177 1.19739818 -0.73362284
v 0.29715517 1.19408834 -0.7354145
v 0.31011226 1.27486324 -0.67806923
v 0.29047167 1.23981344 -0.69840818
v 0.2712391 1.19953906 -0.72795879
v 0.25544568 1.15318799 -0.76078343
v 0.271151 1.1521722 -0.76492601
v 0.28116798 1.24281609 -0.68774211
v 0.25729274 1.20268094 -0.71881192
v 0.23782612 1.15407848 -0.75394207
v 0.22801294 1.10074436 -0.78574085
v 0.24664792 1.10204148 -0.78991216
v 0.24541711 1.04684317 -0.8138346
v 0.26444217 1.04959619 -0.8158344
v 0.26492688 1.10278403 -0.79307967
v 0.22576962 1.04349064 -0.81123262
v 0.22886435 0.9847632 -0.83330571
v 0.2502757 0.99021518 -0.83632451
v 0.20083636 1.03920447 -0.80952417
v 0.20405463 0.97936499 -0.8302865
v 0.20854878 0.92144089 -0.85080367
v 0.23489235 0.92684751 -0.85544359
v 0.17517235 1.03358888 -0.81072747
v 0.17790474 0.97444182 -0.83019989
v 0.18162573 0.91708403 -0.84812003
v 0.18300873 0.86219763 -0.86650633
v 0.21164932 0.86519128 -0.87098497
v 0.15274858 0.96986734 -0.83155739
v 0.15569333 0.91371458 -0.84674739
v 0.15571552 0.86036574 -0.86250269
v 0.15084405 0.80955255 -0.87746197
v 0.17932224 0.80937045 -0.88192689
v 0.13184069 0.90994572 -0.84020817
v 0.13026097 0.85782009 -0.85464888
v 0.12492772 0.80822926 -0.86814922
v 0.11610474 0.75916892 -0.8774302
v 0.14167416 0.76012677 -0.88839435
v 0.10999634 0.85231244 -0.84032529
v 0.10462127 0.80234831 -0.85103815
v 0.09765821 0.75417119 -0.85681825
v 0.08880782 0.70597106 -0.85839968
v 0.10538717 0.71048134 -0.88108223
v 0.09029621 0.79355949 -0.82500743
v 0.08466138 0.7455126 -0.82904505
v 0.07758966 0.69944852 -0.83022284
v 0.07022187 0.65273511 -0.82641089
v 0.07956714 0.6574102 -0.85586088
v 0.06973034 0.74493551 -0.79723101
v 0.0638417 0.6999526 -0.79593145
v 0.05805171 0.65481221 -0.79206359
v 0.05219285 0.60943597 -0.78619396
v 0.06308451 0.60618466 -0.82073009
v 0.03938296 0.70650303 -0.76488626
v 0.03440889 0.66200977 -0.75920796
v 0.03001038 0.61815249 -0.75182056
v 0.02488001 0.57455945 -0.74351668
v 0.04608403 0.56531256 -0.77915144
v -0.00140401 0.66958212 -0.73577088
v -0.00576777 0.6262843 -0.72614377
v -0.00966044 0.5833857 -0.71558016
v -0.01406708 0.53994113 -0.70481795
v 0.0198895 0.53125274 -0.73431628
v -0.0488706 0.6335023 -0.71339225
v -0.05261965 0.59049898 -0.70108902
v -0.05585752 0.54719972 -0.68798887
v -0.05937499 0.50262302 -0.67660331
v -0.01817602 0.49652481 -0.69487994
v -0.09817951 0.59557116 -0.6979497
v -0.10104644 0.55186122 -0.68346291
v -0.10347448 0.50685399 -0.67025494
v -0.10387513 0.46002799 -0.66021168
v -0.06122966 0.45798057 -0.66760999
v -0.14585803 0.55428206 -0.68784719
v -0.14727889 0.50862187 -0.67344385
v -0.14617131 0.4606181 -0.66127294
v -0.14130429 0.41086074 -0.65241694
v -0.10024867 0.41191604 -0.65259975
v -0.18947327 0.50875216 -0.68273341
v -0.1875728 0.46023324 -0.66953307
v -0.18215116 0.41013145 -0.65944814
v -0.17249378 0.35904726 -0.65722566
v -0.13260072 0.36017441 -0.64952516
v -0.22710691 0.45926883 -0.68296796
v -0.2216115 0.40937787 -0.67177468
v -0.21121621 0.35853168 -0.66975617
v -0.25768616 0.4078409 -0.68896913
v -0.24670371 0.35788032 -0.68609446
v -0.28704708 0.40539526 -0.70855689
v -0.27682352 0.3564051 -0.70386767
v -0.3066644 0.40175601 -0.7279343
v -0.29055196 0.45326253 -0.72251713
v -0.30859136 0.44810453 -0.74307763
v -0.31796151 0.44245871 -0.76055592
v -0.31641757 0.39773601 -0.7437219
v -0.3246572 0.43694528 -0.7760322
v -0.32314926 0.3929798 -0.75803029
v -0.33277782 0.43222972 -0.78845435
v -0.3314253 0.38806366 -0.76968669
v -0.34643662 0.43031844 -0.79178476
v -0.34407922 0.38504838 -0.77448737
v -0.35923576 0.43192255 -0.78380954
v -0.3490262 0.48254409 -0.8056162
v -0.36170372 0.4842163 -0.79593372
v -0.37539428 0.48592594 -0.7841171
v -0.37263983 0.43350032 -0.77357846
v -0.39138889 0.4871473 -0.7693721
v -0.38766631 0.43456175 -0.7600497
v -0.41129437 0.48685687 -0.7526592
v -0.4066312 0.43452894 -0.74356794
v -0.43325382 0.48480758 -0.73529195
v -0.42851105 0.43348783 -0.72496491
v -0.4538207 0.48333245 -0.71415662
v -0.45036488 0.43336549 -0.70289301
v -0.44822242 0.38443395 -0.68878668
v -0.46603533 0.43686264 -0.67460429
v -0.46565753 0.38973507 -0.65962606
v -0.46616327 0.34266334 -0.64607328
v -0.4755041 0.39388731 -0.62825602
v -0.47722077 0.34601014 -0.61676728
v -0.48003369 0.29850077 -0.60904663
v -0.48798719 0.34755948 -0.5902239
v -0.49144932 0.29999333 -0.58508199
v -0.50238388 0.3459286 -0.56804764
v -0.50532245 0.29934778 -0.56608659
v -0.51487922 0.34231358 -0.54816061
v -0.51558828 0.29702633 -0.54732763
v -0.52009034 0.33886385 -0.52645605
v -0.51852476 0.2942554 -0.52670878
v -0.51967722 0.25040513 -0.52898734
v -0.51245027 0.29149857 -0.50623893
v -0.51361054 0.24727416 -0.50959044
v -0.51899331 0.20464508 -0.51460015
v -0.50200802 0.24391764 -0.4915525
v -0.50905263 0.20002949 -0.49800229
v -0.48676765 0.2387982 -0.47041124
v -0.49504748 0.19360946 -0.47700172
v -0.47267308 0.23067599 -0.4409137
v -0.48342454 0.18546149 -0.44539699
v -0.50117725 0.14386509 -0.4480721
v -0.4766685 0.176264 -0.40572196
v -0.49730765 0.13573022 -0.40717029
v -0.52263057 0.10039538 -0.4076285
v -0.50026226 0.12924568 -0.36313396
v -0.52797859 0.09527365 -0.36291828
v -0.55785232 0.06708008 -0.36199113
v -0.540407 0.0942797 -0.31951785
v -0.57120919 0.06644395 -0.31767278
v -0.55680006 0.09733512 -0.28094902
v -0.58455467 0.06775787 -0.27799192
v -0.57421892 0.10333088 -0.24665014
v -0.59571027 0.0712703 -0.24313332
v -0.59247469 0.11110528 -0.21553508
v -0.60816854 0.07806406 -0.21134191
v -0.6207242 0.04492205 -0.20606361
v -0.63084542 0.01046409 -0.19939635
v -0.62489455 0.08700934 -0.18411508
v -0.63481819 0.05203593 -0.17940843
v -0.6424877 0.01465539 -0.17580792
v -0.64817225 -0.02507006 -0.17284931
v -0.63901227 -0.02870579 -0.19116352
v -0.65391326 0.05704288 -0.15940699
v -0.65851193 0.01701856 -0.15832036
v -0.66125905 -0.02313131 -0.15855073
v -0.66239452 -0.06073937 -0.15796212
v -0.65214717 -0.06268416 -0.16982142
v -0.677724 0.01819629 -0.14795468
v -0.67710447 -0.02254899 -0.14936386
v -0.67526328 -0.05999125 -0.14976437
v -0.67316097 -0.09360595 -0.14984054
v -0.66319036 -0.09430284 -0.15704555
v -0.69468265 -0.02275826 -0.14571964
v -0.68995827 -0.0604112 -0.14547607
v -0.68445795 -0.0943071 -0.1456633
v -0.67938947 -0.12386166 -0.14612081
v -0.67103552 -0.12325026 -0.14928843
v -0.7043178 -0.06191972 -0.14603139
v -0.69623655 -0.09587007 -0.14554807
v -0.68853992 -0.12502834 -0.1454574
v -0.70753002 -0.09808602 -0.14863944
v -0.6969363 -0.12757161 -0.14705762
v -0.71640032 -0.10082839 -0.15530091
v -0.70442795 -0.13004235 -0.1514256
v -0.72229123 -0.1040469 -0.16464418
v -0.70968961 -0.1328641 -0.15817847
v -0.72473102 -0.10751935 -0.17542266
v -0.71215498 -0.13595166 -0.1666785
v -0.72367602 -0.11082639 -0.18616151
v -0.71145361 -0.13849978 -0.1751828
v -0.69863879 -0.16140142 -0.16501212
v -0.68559157 -0.17925356 -0.15698514
v -0.70831412 -0.14079956 -0.18303114
v -0.69705152 -0.16295266 -0.17088694
v -0.68538153 -0.1799121 -0.16067123
v -0.67643958 -0.1894284 -0.15441411
v -0.67668414 -0.18799075 -0.15283529
v -0.69359546 -0.16394603 -0.17605076
v -0.6840164 -0.18048474 -0.16426086
v -0.68810099 -0.16451792 -0.18021102
v -0.6812542 -0.18074087 -0.16735819
v -0.68203026 -0.16429902 -0.18285322
v -0.67710989 -0.18049725 -0.16936314
v -0.67558723 -0.16349323 -0.18390265
v -0.67294555 -0.17958381 -0.1702218
v -0.6710608 -0.19087658 -0.16114558
v -0.67013454 -0.19478918 -0.15821807
v -0.66883581 -0.17836181 -0.16991744
v -0.66889721 -0.16222408 -0.18307775
v -0.66307908 -0.15987959 -0.17956771
v -0.66487318 -0.17717033 -0.1680058
v -0.65992838 -0.15725359 -0.17465886
v -0.66228395 -0.17572398 -0.16486036
v -0.65864068 -0.1545743 -0.16854354
v -0.66156816 -0.17445157 -0.16094939
v -0.66708284 -0.18883302 -0.15573288
v -0.67186623 -0.19153477 -0.15328964
v -0.65693891 -0.1350478 -0.18623901
v -0.65482068 -0.13159138 -0.17791317
v -0.655505 -0.12834264 -0.16946734
v -0.6491906 -0.1040916 -0.18772015
v -0.65067464 -0.09983173 -0.17655484
v -0.65559595 -0.09649676 -0.16608907
v -0.65897548 -0.1256479 -0.16168707
v -0.66420018 -0.12391596 -0.15481102
v -0.64488816 -0.0663267 -0.18378603
v -0.64223885 -0.07139622 -0.19846566
v -0.65140652 -0.10877342 -0.19871388
v -0.64565062 -0.07744429 -0.21290469
v -0.65845215 -0.11307133 -0.20831216
v -0.65394997 -0.08357552 -0.22512096
v -0.66821134 -0.11705821 -0.21544827
v -0.66633474 -0.08851487 -0.23373593
v -0.66485315 -0.05807364 -0.25503572
v -0.68120145 -0.09203885 -0.23804687
v -0.68250483 -0.06248988 -0.25905162
v -0.69646734 -0.09310732 -0.23723986
v -0.70000231 -0.06352976 -0.2577849
v -0.70305419 -0.03581736 -0.28219214
v -0.71654605 -0.06160333 -0.25175353
v -0.72104781 -0.03307222 -0.27448624
v -0.7305541 -0.05740802 -0.24183143
v -0.73661786 -0.02724675 -0.26276984
v -0.74298983 -0.00211617 -0.28624269
v -0.74831789 -0.01912275 -0.2468148
v -0.75501662 0.00858759 -0.26831218
v -0.76353812 0.03175445 -0.29154244
v -0.76263088 0.02163635 -0.247838
v -0.77154612 0.0473812 -0.26901868
v -0.78311139 0.06925498 -0.29188314
v -0.77506256 0.05000779 -0.31578931
v -0.79580712 0.08776468 -0.314561
v -0.78954058 0.06393262 -0.33866521
v -0.8105126 0.10328245 -0.33680316
v -0.8068934 0.0747113 -0.35903725
v -0.82871764 0.11618337 -0.35891953
v -0.82697302 0.08381649 -0.37781742
v -0.84933084 0.12761315 -0.38219645
v -0.84843909 0.09315504 -0.39772275
v -0.84286993 0.06155159 -0.40946334
v -0.86859107 0.10208635 -0.4181838
v -0.862535 0.06926401 -0.42508456
v -0.85383564 0.0400225 -0.4297451
v -0.84052377 0.01387199 -0.43418395
v -0.87802499 0.07670921 -0.44197613
v -0.87145572 0.04725028 -0.44320255
v -0.86025923 0.01846026 -0.44166973
v -0.8824858 0.05026242 -0.4600017
v -0.87502694 0.02106493 -0.45430597
v -0.89144921 0.05051137 -0.47865551
v -0.88284224 0.02183592 -0.47071281
v -0.87463802 -0.00291579 -0.46259337
v -0.8675515 -0.02513929 -0.45289704
v -0.87175643 -0.02789299 -0.46546787
v -0.8658362 -0.04610479 -0.45615047
v -0.85969513 -0.04280434 -0.44549098
v -0.86740028 -0.04914771 -0.4675304
v -0.86322724 -0.06453642 -0.45912751
v -0.85954254 -0.06102592 -0.45043197
v -0.86387997 -0.05224655 -0.47750115
v -0.85997593 -0.0673922 -0.46846735
v -0.85615301 -0.08093658 -0.45966881
v -0.85775983 -0.07827378 -0.45173946
v -0.8536278 -0.08370833 -0.46636703
v -0.85144132 -0.0936301 -0.45138165
v -0.85223341 -0.09123167 -0.44681847
v -0.85394525 -0.07545908 -0.44508871
v -0.8521986 -0.05798764 -0.44051441
v -0.88967943 0.0808204 -0.46199315
v -0.89823961 0.08155749 -0.4835821
v -0.89558595 0.11412774 -0.46196284
v -0.90309286 0.11605561 -0.48536175
v -0.90186107 0.15185253 -0.45862242
v -0.9104585 0.15496963 -0.48377016
v -0.91184967 0.15720242 -0.50983899
v -0.91363823 0.19640372 -0.47662323
v -0.91344529 0.20016384 -0.50501656
v -0.89939123 0.20172619 -0.52977049
v -0.90854084 0.24245631 -0.49485001
v -0.8954187 0.24439267 -0.52216213
v -0.90380549 0.28133395 -0.48346978
v -0.88972544 0.28434529 -0.51192492
v -0.86429506 0.28272 -0.53066301
v -0.88516455 0.32180905 -0.50198
v -0.85948407 0.32154581 -0.5211935
v -0.82956802 0.317254 -0.52705109
v -0.83444386 0.27897313 -0.53609347
v -0.80306202 0.31278163 -0.52224886
v -0.8070876 0.27613589 -0.52944225
v -0.78326648 0.313524 -0.51288634
v -0.78522908 0.27651667 -0.51665407
v -0.76758176 0.31550228 -0.50607025
v -0.76812934 0.27547314 -0.50728392
v -0.75209605 0.31695002 -0.50437212
v -0.76505917 0.35787463 -0.50106984
v -0.74912089 0.36043575 -0.50218695
v -0.74466931 0.36493563 -0.51901477
v -0.74622327 0.40583211 -0.5016312
v -0.74744898 0.41002011 -0.51836562
v -0.74738717 0.41517895 -0.5379346
v -0.7432816 0.37002441 -0.53735709
v -0.74491572 0.42121467 -0.56055694
v -0.74000436 0.37616464 -0.55645048
v -0.74405634 0.42666554 -0.58679169
v -0.73766762 0.38411453 -0.5811432
v -0.75242596 0.4299274 -0.61973524
v -0.74220293 0.38960775 -0.61277633
v -0.76333057 0.43021717 -0.65565103
v -0.75267165 0.39071306 -0.64861929
v -0.74127483 0.35259038 -0.64205968
v -0.75560027 0.38999724 -0.68920564
v -0.74577313 0.35015925 -0.68302577
v -0.73332476 0.31310603 -0.67439413
v -0.73356407 0.35331004 -0.72023314
v -0.72327017 0.31432259 -0.71295017
v -0.71200567 0.27953583 -0.7057895
v -0.70319742 0.32238596 -0.74829757
v -0.69452726 0.28616598 -0.74148619
v -0.68542623 0.25091436 -0.73494154
v -0.66961902 0.29388302 -0.77473729
v -0.66249865 0.25906279 -0.76855778
v -0.65474367 0.22479505 -0.7629894
v -0.63756704 0.26486441 -0.80181288
v -0.63206338 0.23024617 -0.7959792
v -0.62457829 0.19632239 -0.790241
v -0.61246901 0.23149532 -0.83132273
v -0.60667955 0.19874832 -0.82377326
v -0.59276598 0.22889085 -0.86746746
v -0.58744603 0.19710768 -0.85702115
v -0.61712002 0.26497757 -0.83889073
v -0.59683394 0.26054993 -0.87765991
v -0.62099748 0.29876095 -0.84613168
v -0.64263969 0.29938942 -0.80789721
v -0.64811205 0.33404588 -0.81413823
v -0.67649799 0.32940098 -0.78108227
v -0.68320971 0.3659195 -0.78729742
v -0.65404856 0.3693543 -0.82041543
v -0.68955111 0.40366414 -0.7931512
v -0.71120423 0.35984998 -0.75501167
v -0.7181797 0.39891082 -0.76146841
v -0.72410684 0.43928647 -0.76727622
v -0.69534969 0.44293651 -0.79830855
v -0.72827297 0.48135039 -0.77158325
v -0.6999157 0.48422107 -0.80202865
v -0.7304883 0.5249564 -0.77408915
v -0.70269334 0.52739995 -0.80390077
v -0.73088282 0.56948137 -0.77493393
v -0.70360767 0.571873 -0.80390656
v -0.7299025 0.61443877 -0.77422273
v -0.70284885 0.61672014 -0.80234468
v -0.67350632 0.61735987 -0.82887285
v -0.70066785 0.66153425 -0.7989552
v -0.67115265 0.66200685 -0.82471352
v -0.64604753 0.66229236 -0.85480529
v -0.6675834 0.70591765 -0.81913447
v -0.64044702 0.70559841 -0.84771364
v -0.62804359 0.70918428 -0.88479214
v -0.63256734 0.66548466 -0.89132511
v -0.61489105 0.71435844 -0.92141503
v -0.61985445 0.67093801 -0.9277572
v -0.60025292 0.72047668 -0.95758217
v -0.60593926 0.67772167 -0.96378743
v -0.58427542 0.72669726 -0.99423408
v -0.59099763 0.68530988 -1.00074482
v -0.56575292 0.73175871 -1.03052771
v -0.57252633 0.69137543 -1.03740096
v -0.58035916 0.65199142 -1.04485309
v -0.54918348 0.69412738 -1.0717411
v -0.55638462 0.65490704 -1.07914269
v -0.56399279 0.61658531 -1.08666491
v -0.52362602 0.65173876 -1.10564267
v -0.52988088 0.61274409 -1.11208045
v -0.53587383 0.57449859 -1.11789953
v -0.48247981 0.59892857 -1.12212824
v -0.48746091 0.55816799 -1.12583041
v -0.49998256 0.52609849 -1.13125383
v -0.47939485 0.47304824 -1.12863826
v -0.45706808 0.44881242 -1.10705328
v -0.48115864 0.42149713 -1.12997198
v -0.49575528 0.37103089 -1.14182317
v -0.52097457 0.32549968 -1.1579498
v -0.53020119 0.30624079 -1.14276886
v -0.55690425 0.29164034 -1.18001008
v -0.59899425 0.27522391 -1.20984971
v -0.63884121 0.27501201 -1.24265265
v -0.66898357 0.28561535 -1.27640104
v -0.47974896 0.64051485 -1.11845636
v -0.43037322 0.62123584 -1.11134839
v -0.47746473 0.68265479 -1.11308348
v -0.43134295 0.66636735 -1.11231422
v -0.39363104 0.61125886 -1.09691631
v -0.36775043 0.56739258 -1.07462716
v -0.36635956 0.5244987 -1.06058931
v -0.344657 0.52644342 -1.04975926
v -0.34243324 0.48059463 -1.03905952
v -0.36354738 0.4825524 -1.0452677
v -0.32274049 0.47487932 -1.04808771
v -0.32416397 0.42835548 -1.03825032
v -0.34235554 0.43404278 -1.02841293
v -0.3059709 0.42172926 -1.05127632
v -0.28515079 0.3688558 -1.05484557
v -0.36250528 0.43741974 -1.029042
v -0.47477194 0.72400999 -1.10763478
v -0.51754826 0.69156616 -1.09853804
v -0.51259297 0.73193395 -1.09184444
v -0.50775235 0.77205455 -1.08611786
v -0.54276478 0.73407518 -1.06447219
v -0.53665632 0.77464979 -1.05827999
v -0.55955368 0.77277648 -1.02435195
v -0.57821673 0.76828479 -0.98802548
v -0.5728122 0.80956906 -0.98197382
v -0.59451973 0.76276099 -0.95127785
v -0.58945453 0.80453616 -0.94481927
v -0.58536404 0.84578996 -0.9377821
v -0.60461258 0.79910725 -0.90776228
v -0.60054737 0.84028184 -0.90022349
v -0.59756791 0.88052964 -0.89129173
v -0.58271861 0.88676315 -0.92988979
v -0.59555912 0.9199689 -0.88115769
v -0.58133477 0.9275586 -0.9206916
v -0.59164506 0.95869737 -0.86898744
v -0.57972496 0.96813023 -0.90939962
v -0.58651965 0.99617916 -0.85510724
v -0.57660341 1.00782525 -0.89584857
v -0.58077114 1.03313911 -0.8400101
v -0.57199662 1.04642856 -0.88045793
v -0.55942994 1.05835223 -0.91968238
v -0.56600469 1.08406472 -0.86377507
v -0.55427503 1.09774613 -0.90223902
v -0.537431 1.10987949 -0.9377045
v -0.54745072 1.1355797 -0.88353765
v -0.53136855 1.1492623 -0.91848224
v -0.5098555 1.16058182 -0.948906
v -0.51535058 1.12005925 -0.9685955
v -0.48400333 1.16924881 -0.97435987
v -0.50211608 1.19842755 -0.92834037
v -0.47570005 1.20679116 -0.95313262
v -0.44709774 1.21293819 -0.97453904
v -0.46611952 1.24022805 -0.93247133
v -0.43808931 1.24445438 -0.95497453
v -0.40879383 1.2493788 -0.97497659
v -0.42943733 1.26920092 -0.93828475
v -0.4002867 1.27350688 -0.95906245
v -0.37115642 1.2785989 -0.97706461
v -0.39279234 1.29261779 -0.94586366
v -0.36330962 1.29982781 -0.96305948
v -0.33520928 1.30809617 -0.98112547
v -0.4220829 1.28775203 -0.92533892
v -0.41601857 1.30341851 -0.91469967
v -0.44831022 1.28543531 -0.90242093
v -0.44089555 1.30298626 -0.89143776
v -0.43586668 1.31985557 -0.88346326
v -0.41191032 1.31878733 -0.90601855
v -0.41213053 1.33179509 -0.90466475
v -0.4220798 1.34509694 -0.91035693
v -0.39751577 1.35075962 -0.92666518
v -0.43359756 1.35758662 -0.92125999
v -0.41187864 1.36273503 -0.9368394
v -0.39109954 1.38451564 -0.94124031
v -0.37278503 1.37452006 -0.93277317
v -0.42915311 1.37480235 -0.95105397
v -0.41215345 1.39355063 -0.95498102
v -0.40722653 1.41701948 -0.94490748
v -0.43421408 1.40435421 -0.97044605
v -0.42733311 1.42480576 -0.96287792
v -0.43224331 1.44074738 -0.94747102
v -0.41506478 1.43284297 -0.92825722
v -0.44613495 1.44551324 -0.93171113
v -0.43017014 1.43914282 -0.91221582
v -0.46402132 1.43893539 -0.92121255
v -0.44997358 1.43127071 -0.90093386
v -0.43780684 1.4284656 -0.87942975
v -0.46517869 1.41335439 -0.8990184
v -0.42866841 1.43016386 -0.85553968
v -0.42344495 1.43625044 -0.82623714
v -0.41599446 1.44534707 -0.79226452
v -0.38924598 1.46075344 -0.80971819
v -0.35907918 1.46660447 -0.82919299
v -0.40720236 1.46247661 -0.75906783
v -0.37852293 1.47837531 -0.77945506
v -0.3474217 1.48564136 -0.80013102
v -0.31642511 1.48599529 -0.81679332
v -0.32665222 1.46496105 -0.84491783
v -0.36648961 1.49961781 -0.74883872
v -0.33431878 1.50721478 -0.77028089
v -0.30432659 1.50798261 -0.78637617
v -0.27656328 1.50524437 -0.7958768
v -0.28688037 1.48285818 -0.82582223
v -0.32038381 1.52870607 -0.73877954
v -0.29133391 1.53002595 -0.75489848
v -0.26526019 1.5277071 -0.76410931
v -0.24129584 1.52925241 -0.77267128
v -0.25010407 1.5064646 -0.80480337
v -0.27755039 1.55255484 -0.72285378
v -0.25355687 1.55001831 -0.73145341
v -0.2317878 1.55181348 -0.7397862
v -0.2156628 1.56482696 -0.75283896
v -0.22349707 1.5422517 -0.7860133
v -0.24141717 1.57176518 -0.69860851
v -0.22130835 1.57446932 -0.70671397
v -0.20671668 1.5873717 -0.71904015
v -0.19056026 1.60042655 -0.73197954
v -0.19704638 1.57800316 -0.76684331
v -0.20971648 1.59569561 -0.67312908
v -0.19612646 1.60913908 -0.68409621
v -0.18242651 1.62203133 -0.6954056
v -0.16126349 1.63438904 -0.71022683
v -0.16724461 1.6125698 -0.74721002
v -0.18449595 1.62814009 -0.64693307
v -0.17302012 1.64256334 -0.65690803
v -0.15334714 1.65547716 -0.67223358
v -0.12424565 1.66751647 -0.69300019
v -0.13090592 1.64649689 -0.72908878
v -0.16234926 1.66042065 -0.61898154
v -0.14397551 1.67478942 -0.63546115
v -0.11678071 1.68798589 -0.65660315
v -0.08383896 1.69790732 -0.67431706
v -0.08996304 1.67819106 -0.71145361
v -0.13486278 1.69186306 -0.59878897
v -0.10937975 1.7066046 -0.61899
v -0.07718168 1.71587228 -0.63618218
v -0.039087 1.72049021 -0.65110164
v -0.04549474 1.70431923 -0.68913745
v -0.10142965 1.72225022 -0.5804072
v -0.0696503 1.73152554 -0.59787541
v -0.03203143 1.73497867 -0.61324608
v 0.00824377 1.73446333 -0.62579685
v 0.00158892 1.72113692 -0.66276675
v -0.06033081 1.74429142 -0.55955761
v -0.02363461 1.74756252 -0.57562512
v 0.01581824 1.74574208 -0.58893144
v -0.01329922 1.75678646 -0.53833681
v 0.02490966 1.75450623 -0.55241382
v -0.00115694 1.76174831 -0.50211781
v 0.03577614 1.76029264 -0.51667034
v 0.07354689 1.75860357 -0.52864694
v 0.04800391 1.76333451 -0.48208969
v 0.0852181 1.76315975 -0.49352231
v 0.12349671 1.76421451 -0.50219088
v 0.0977413 1.76550626 -0.45852568
v 0.13530585 1.7683593 -0.46727731
v 0.17304603 1.77609562 -0.4748331
v 0.14764502 1.77039873 -0.43193766
v 0.18495187 1.78129434 -0.43869978
v 0.22020199 1.80064284 -0.44517621
v 0.19588898 1.78467381 -0.40139168
v 0.23096559 1.80592536 -0.40595534
v 0.26720517 1.82579398 -0.41133058
v 0.24035263 1.80744636 -0.36547872
v 0.27739423 1.82780873 -0.36855614
v 0.31758105 1.8411777 -0.37332531
v 0.28581357 1.82521069 -0.32551661
v 0.32676261 1.83819139 -0.32783916
v 0.36949569 1.83827173 -0.33170691
v 0.33214822 1.83034861 -0.28205871
v 0.37356278 1.82786154 -0.28352907
v 0.40974983 1.80805516 -0.28857123
v 0.37226915 1.81217849 -0.23621191
v 0.40661796 1.79201746 -0.24231377
v 0.43494197 1.76235604 -0.25153949
v 0.40093803 1.77261757 -0.19822916
v 0.4286831 1.74472343 -0.20945365
v 0.45117008 1.71199536 -0.22092415
v 0.4220511 1.72429204 -0.17041529
v 0.44367277 1.69420385 -0.18341185
v 0.46064779 1.66054427 -0.19445301
v 0.43593889 1.67417287 -0.14973938
v 0.45196157 1.64325475 -0.16141314
v 0.41552063 1.70110428 -0.13540214
v 0.40970838 1.67534089 -0.10632458
v 0.39020294 1.72301268 -0.12019724
v 0.38591003 1.69301378 -0.0904875
v 0.38182613 1.66419935 -0.0681741
v 0.4045152 1.64835584 -0.08135894
v 0.38040816 1.63863778 -0.04792895
v 0.35450959 1.70395302 -0.07942187
v 0.35896483 1.73693871 -0.10951428
v 0.32470271 1.74329292 -0.10682491
v 0.3192096 1.7088226 -0.07690952
v 0.29018029 1.74162745 -0.11487364
v 0.28359559 1.70863556 -0.08613973
v 0.25726577 1.73193836 -0.1292684
v 0.25069779 1.70189225 -0.09983147
v 0.24275314 1.6782366 -0.07695595
v 0.21995207 1.69196951 -0.1083122
v 0.21180798 1.67688107 -0.08540127
v 0.20465506 1.66852378 -0.06787857
v 0.23719376 1.66414129 -0.05865471
v 0.19771641 1.66217255 -0.05363691
v 0.23195856 1.65560793 -0.04430497
v 0.19056521 1.65158641 -0.04426068
v 0.22516232 1.64330804 -0.03388157
v 0.25805982 1.63514196 -0.02647601
v 0.21859155 1.62825739 -0.02945296
v 0.25072822 1.61955761 -0.02112988
v 0.27963089 1.60957384 -0.01195644
v 0.28766122 1.62492406 -0.01602822
v 0.30348324 1.59654414 0.00049441
v 0.3133156 1.60931098 -0.00143371
v 0.32099843 1.58086311 0.01467805
v 0.33242732 1.59058308 0.01544768
v 0.34450241 1.59657895 0.01374105
v 0.35977587 1.59890615 0.00948279
v 0.34397888 1.57158255 0.03128465
v 0.35688117 1.5762887 0.03055179
v 0.37072977 1.57647228 0.02514323
v 0.38383007 1.57091331 0.01576547
v 0.37579277 1.59453165 0.00096766
v 0.36552476 1.55664694 0.04510561
v 0.37880179 1.55509161 0.03873213
v 0.3899171 1.54949104 0.02819318
v 0.39340511 1.52958774 0.03772403
v 0.39331203 1.51144862 0.04369677
v 0.40273371 1.5056554 0.03013236
v 0.38849717 1.49684214 0.04560578
v 0.39732223 1.49034476 0.03164004
v 0.40687593 1.48361253 0.01657244
v 0.38848957 1.47854542 0.02928721
v 0.39597061 1.47248601 0.013043
v 0.40472927 1.46346449 -0.00187478
v 0.38135942 1.46716809 0.00536384
v 0.38950938 1.45879089 -0.0095842
v 0.3988797 1.44601094 -0.02251439
v 0.37335401 1.45819509 -0.02086279
v 0.38193681 1.4453901 -0.03359945
v 0.39021936 1.42399418 -0.04273342
v 0.37071806 1.42410635 -0.05825427
v 0.37447738 1.39338636 -0.06336282
v 0.34998515 1.42284214 -0.08156204
v 0.35092482 1.39431905 -0.08533018
v 0.35256153 1.36142432 -0.09247204
v 0.33186763 1.39264071 -0.11775322
v 0.33459374 1.36617708 -0.12375053
v 0.34020713 1.3363471 -0.13521029
v 0.32686889 1.37334322 -0.16197863
v 0.33192738 1.35117423 -0.16981869
v 0.34066882 1.32561731 -0.18549662
v 0.33579528 1.36799526 -0.20787873
v 0.34149166 1.34831404 -0.21820268
v 0.35089936 1.32806909 -0.23837438
v 0.35363376 1.37086403 -0.25445151
v 0.35950413 1.35530436 -0.26902103
v 0.36621451 1.34107577 -0.29015958
v 0.37365263 1.37764418 -0.30014798
v 0.3775455 1.36686396 -0.31655255
v 0.38846775 1.39778304 -0.3261376
v 0.3907552 1.38916182 -0.34016758
v 0.40210616 1.41756212 -0.3453789
v 0.40365102 1.40968442 -0.35847434
v 0.40694031 1.40155494 -0.37587571
v 0.41589611 1.42863059 -0.37072745
v 0.41854032 1.42123949 -0.38807922
v 0.42246347 1.41248154 -0.41002076
v 0.43025565 1.43895256 -0.39751702
v 0.43331757 1.43088388 -0.41878554
v 0.43828001 1.42164826 -0.44407102
v 0.44451549 1.44707524 -0.42634874
v 0.44819489 1.4385823 -0.45216521
v 0.45317015 1.42817616 -0.48183596
v 0.45588579 1.45363009 -0.45918634
v 0.45903515 1.44323527 -0.48945495
v 0.46102333 1.43398869 -0.52317518
v 0.45984166 1.45864617 -0.49566757
v 0.45964255 1.45048093 -0.52842438
v 0.45435282 1.44442689 -0.56315374
v 0.45309388 1.46575939 -0.53241026
v 0.44767901 1.4594084 -0.56569641
v 0.43967986 1.45362877 -0.59769487
v 0.43774682 1.47151958 -0.56802851
v 0.4311065 1.46553182 -0.59993577
v 0.42503446 1.45897388 -0.62902611
v 0.41941154 1.4742248 -0.6012513
v 0.41385564 1.46667635 -0.6306113
v 0.41016069 1.45824182 -0.656412
v 0.40061888 1.46904301 -0.63081985
v 0.39696621 1.45866453 -0.65592289
v 0.39463231 1.44808423 -0.67804241
v 0.38524308 1.45203626 -0.65345615
v 0.38347393 1.44075179 -0.67448836
v 0.3821114 1.42900812 -0.69165128
v 0.37694612 1.42858552 -0.66915077
v 0.37555095 1.41698741 -0.68558996
v 0.37288177 1.41396057 -0.6645239
v 0.37168878 1.40264689 -0.67959052
v 0.36831247 1.39780223 -0.65906465
v 0.36705502 1.38705325 -0.67311549
v 0.36205375 1.38187181 -0.6525734
v 0.36065241 1.37120688 -0.6654616
v 0.35263562 1.36315071 -0.64581722
v 0.35184612 1.35433685 -0.6580758
v 0.35245785 1.34666073 -0.66745024
v 0.33986648 1.33391618 -0.65413087
v 0.34160962 1.32792341 -0.66448849
v 0.34575879 1.32303226 -0.672818
v 0.32792046 1.30457115 -0.66717338
v 0.32397961 1.30870425 -0.65638607
v 0.30402791 1.27767825 -0.66762596
v 0.32185247 1.31313693 -0.64480191
v 0.29954621 1.28219866 -0.65533018
v 0.2731136 1.24727177 -0.67452186
v 0.2968367 1.28833901 -0.64086133
v 0.32080891 1.31970155 -0.63124126
v 0.32062125 1.32899832 -0.6141119
v 0.29462811 1.29852151 -0.62192809
v 0.31968769 1.34170699 -0.59002721
v 0.29367408 1.31420183 -0.59195643
v 0.31960237 1.35666883 -0.55704194
v 0.2936632 1.33263731 -0.55490678
v 0.26252785 1.31142795 -0.55418378
v 0.29453149 1.35024738 -0.51392549
v 0.26486438 1.33018004 -0.51001274
v 0.23052224 1.31601858 -0.50708812
v 0.22761082 1.29528164 -0.55306905
v 0.19301475 1.30834615 -0.50482493
v 0.18939288 1.28819763 -0.55107164
v 0.15342472 1.30885529 -0.50322729
v 0.1479647 1.28982162 -0.5471766
v 0.13793255 1.27100205 -0.59073853
v 0.12079125 1.25197553 -0.63278132
v 0.10570571 1.30238103 -0.54194557
v 0.09479135 1.28723061 -0.58238077
v 0.07561817 1.27056276 -0.61820954
v 0.04961344 1.24958038 -0.64493393
v 0.09209045 1.2340666 -0.66528719
v 0.05133697 1.30197143 -0.57101649
v 0.03323646 1.28287732 -0.60234302
v 0.01022239 1.2569729 -0.63098341
v -0.0124914 1.22443711 -0.65745055
v 0.02408205 1.21843314 -0.66610467
v -0.00662694 1.28798592 -0.59017717
v -0.02564733 1.26337957 -0.62269175
v -0.04609671 1.23125958 -0.65456777
v -0.06553327 1.19075679 -0.68263012
v -0.03329217 1.18454968 -0.67898964
v -0.05676068 1.27224302 -0.61908954
v -0.07411588 1.24032044 -0.6550945
v -0.09122452 1.20043122 -0.68741017
v -0.10433304 1.15506291 -0.71591359
v -0.0782429 1.14419758 -0.70758545
v -0.09712099 1.25130069 -0.65691208
v -0.11247575 1.21260798 -0.69178795
v -0.12566442 1.16848921 -0.72304898
v -0.13427698 1.1217463 -0.75092089
v -0.11235978 1.10797095 -0.74109035
v -0.13073311 1.22642934 -0.69439184
v -0.14356772 1.18402099 -0.72796505
v -0.15261979 1.13777184 -0.7590065
v -0.15955936 1.08988761 -0.78702688
v -0.14052461 1.07414305 -0.77611041
v -0.1599463 1.19653058 -0.73135113
v -0.16924604 1.1507343 -0.76423835
v -0.17644372 1.10363912 -0.79518216
v -0.18421803 1.05491673 -0.82415807
v -0.16723997 1.04172754 -0.81328815
v -0.18708853 1.15892207 -0.76530915
v -0.19439536 1.11232364 -0.79818344
v -0.20164096 1.06404376 -0.83031326
v -0.20907516 1.01088166 -0.85848772
v -0.19186312 1.00251281 -0.84907794
v -0.2128085 1.11575794 -0.79420012
v -0.21987457 1.06787121 -0.82848596
v -0.22793234 1.01579868 -0.86093241
v -0.23535949 0.956703 -0.88257724
v -0.21591302 0.95210927 -0.87632072
v -0.23627327 1.06663501 -0.81893849
v -0.24370385 1.01434516 -0.8502897
v -0.25143781 0.95673424 -0.87208819
v -0.25958931 0.89707624 -0.8814373
v -0.23982414 0.89464753 -0.89077085
v -0.25905725 1.01086688 -0.83459854
v -0.26803103 0.95611739 -0.85626202
v -0.27777326 0.89963364 -0.86557805
v -0.28961393 0.84493011 -0.86418122
v -0.27179065 0.8401578 -0.88046461
v -0.28530755 0.95477825 -0.83415591
v -0.29614716 0.9021911 -0.84278774
v -0.3078989 0.85039871 -0.84188586
v -0.32039779 0.79986888 -0.83618128
v -0.30271965 0.7935031 -0.85563963
v -0.31930556 0.90413749 -0.81713825
v -0.33119308 0.85458672 -0.81701076
v -0.3425658 0.80497014 -0.81393843
v -0.35156759 0.75430673 -0.81182485
v -0.33140376 0.74878335 -0.83123683
v -0.36030992 0.857589 -0.7933498
v -0.37052577 0.80856108 -0.79164254
v -0.37810552 0.75830459 -0.79023838
v -0.38189035 0.70657509 -0.79073286
v -0.35810908 0.70256727 -0.81071794
v -0.40132936 0.81002938 -0.77310377
v -0.40760329 0.75905662 -0.77217853
v -0.41066056 0.70720905 -0.77230161
v -0.40924271 0.65384531 -0.77385276
v -0.38372984 0.6529302 -0.79151499
v -0.43525955 0.75706392 -0.76015341
v -0.43682685 0.70380395 -0.76012307
v -0.43424886 0.65007489 -0.76069319
v -0.42748326 0.59563571 -0.75937134
v -0.40414387 0.59865963 -0.77395671
v -0.45810937 0.69921666 -0.75127613
v -0.45552593 0.64470207 -0.7497031
v -0.44868573 0.59054899 -0.74612438
v -0.44067555 0.53709828 -0.74233943
v -0.41917935 0.54085642 -0.75815749
v -0.47095987 0.64123517 -0.73587936
v -0.46463844 0.58730775 -0.73001396
v -0.45891571 0.53454601 -0.72320658
v -0.47424301 0.58727014 -0.70894289
v -0.47071352 0.53548091 -0.69949549
v -0.46770688 0.48523333 -0.68797236
v -0.47445341 0.53895682 -0.67116141
v -0.47359928 0.48942637 -0.65752565
v -0.47397193 0.4413512 -0.64254838
v -0.47985863 0.49036696 -0.62525963
v -0.48284152 0.44256487 -0.61061912
v -0.4856832 0.39531901 -0.59861373
v -0.49717733 0.44007486 -0.58305555
v -0.5001012 0.39301002 -0.57371807
v -0.51336491 0.43574017 -0.55907416
v -0.51487189 0.38862425 -0.55217701
v -0.52574086 0.43090498 -0.53468477
v -0.5230543 0.38417893 -0.52889895
v -0.52298671 0.42669487 -0.50829654
v -0.5191698 0.38085988 -0.50407242
v -0.51442879 0.33614924 -0.50422722
v -0.50250142 0.37817359 -0.48254153
v -0.50011837 0.33361131 -0.48305577
v -0.49961894 0.28897047 -0.48637172
v -0.48254078 0.32919725 -0.45957037
v -0.48314127 0.28479424 -0.46384522
v -0.46409806 0.32211926 -0.42943218
v -0.46631631 0.27695742 -0.43517297
v -0.45121499 0.31272333 -0.39244452
v -0.4543876 0.26627948 -0.39779371
v -0.46272027 0.22060059 -0.40257567
v -0.45081982 0.2570945 -0.3557502
v -0.46111238 0.21174591 -0.35956919
v -0.47794121 0.16869375 -0.3621028
v -0.4677703 0.20555827 -0.31628423
v -0.48645326 0.16387116 -0.31867665
v -0.51094293 0.12643943 -0.31975984
v -0.50347846 0.16413956 -0.27861025
v -0.52856665 0.12898199 -0.28065407
v -0.52702754 0.16882719 -0.24378769
v -0.55044937 0.13539573 -0.24694973
v -0.55472999 0.17658995 -0.21476361
v -0.5746513 0.14403121 -0.21720919
v -0.58494579 0.18623998 -0.19012567
v -0.59995037 0.15375556 -0.19117017
v -0.61344504 0.12064446 -0.18870818
v -0.62903296 0.16367547 -0.17142142
v -0.63898831 0.13042345 -0.16869519
v -0.64744639 0.09493685 -0.1637924
v -0.668361 0.13699555 -0.15831114
v -0.67349296 0.10019083 -0.15318307
v -0.67669904 0.06023069 -0.14858879
v -0.7003808 0.10237267 -0.15281119
v -0.70025152 0.06144662 -0.14709641
v -0.69813656 0.01843732 -0.14495104
v -0.72192537 0.06050382 -0.153755
v -0.71731662 0.01748263 -0.14938049
v -0.71169745 -0.02390417 -0.14767418
v -0.73333895 0.01526747 -0.15933683
v -0.72609525 -0.02597377 -0.1552573
v -0.71740388 -0.06421767 -0.15115523
v -0.73664414 -0.02893045 -0.1665146
v -0.72725606 -0.06699025 -0.16005325
v -0.74382197 -0.03294585 -0.18068487
v -0.73383522 -0.07040216 -0.17185144
v -0.74709051 -0.03817882 -0.19631332
v -0.73635077 -0.0744392 -0.18495945
v -0.74612712 -0.04423014 -0.21201828
v -0.73516911 -0.07903649 -0.19806145
v -0.7405194 -0.05100848 -0.22805704
v -0.73066729 -0.08407088 -0.21121574
v -0.71991753 -0.11460334 -0.19689248
v -0.72234118 -0.08873907 -0.22299073
v -0.71314752 -0.11787279 -0.20604139
v -0.7027201 -0.1428868 -0.18998271
v -0.70366603 -0.12009434 -0.21335499
v -0.69589525 -0.144313 -0.19551104
v -0.6920681 -0.1208492 -0.21775114
v -0.68742513 -0.14501152 -0.19934316
v -0.67982661 -0.11987689 -0.21873596
v -0.67797702 -0.14375367 -0.2000882
v -0.66930586 -0.14148411 -0.19819733
v -0.66191697 -0.13835081 -0.19336202
v -0.71078866 -0.09175139 -0.231772
v -0.75504291 -0.00946781 -0.22841551
v -0.75631094 -0.00062757 -0.20973837
v -0.76506549 0.03468654 -0.22525787
v -0.75273984 0.00642131 -0.19103561
v -0.76134055 0.04479415 -0.2035859
v -0.77074271 0.07999108 -0.22021839
v -0.77475661 0.06472732 -0.24473038
v -0.78075826 0.11081185 -0.23972982
v -0.78480815 0.0904342 -0.2665131
v -0.79119283 0.13865786 -0.2598451
v -0.79618209 0.11349091 -0.28873121
v -0.80876666 0.1332748 -0.31192469
v -0.82623124 0.1494231 -0.33604094
v -0.84692573 0.16348102 -0.36314791
v -0.86565363 0.2117661 -0.3753747
v -0.86971235 0.17457397 -0.39269605
v -0.87085145 0.13808873 -0.40768918
v -0.89022618 0.18412043 -0.42276027
v -0.88846838 0.14655931 -0.43329048
v -0.88339328 0.10935192 -0.43873333
v -0.90466618 0.19105079 -0.4491657
v -0.88766312 0.221473 -0.40745425
v -0.90318614 0.22982011 -0.43531119
v -0.91126012 0.23737391 -0.46484407
v -0.89787685 0.26782831 -0.42131075
v -0.90604776 0.27565848 -0.45192483
v -0.89138323 0.30550101 -0.40934658
v -0.89968079 0.31286582 -0.44054266
v -0.89886093 0.31858503 -0.47286182
v -0.89456522 0.35005244 -0.4306508
v -0.89442682 0.35579344 -0.46313491
v -0.88164258 0.35956007 -0.49247774
v -0.89080011 0.39361119 -0.45382395
v -0.87910854 0.39813372 -0.48316219
v -0.85510295 0.39998963 -0.50352835
v -0.85646134 0.36020717 -0.51237887
v -0.82455837 0.39921063 -0.51076877
v -0.82594579 0.35768479 -0.51878631
v -0.79789716 0.39932456 -0.5065338
v -0.8002364 0.35457789 -0.51467663
v -0.77896797 0.40080699 -0.49871206
v -0.78202468 0.35584881 -0.50721341
v -0.76058393 0.40243861 -0.49368742
v -0.77742528 0.44598057 -0.490695
v -0.75954937 0.44883722 -0.48503971
v -0.75058484 0.4521538 -0.49900475
v -0.75919574 0.4942393 -0.48334148
v -0.75463724 0.4972099 -0.50183343
v -0.75386858 0.49956166 -0.52220553
v -0.75110781 0.45526295 -0.51863622
v -0.75253522 0.50243103 -0.54420775
v -0.75091606 0.4591515 -0.54005438
v -0.75236284 0.50588631 -0.57047563
v -0.74958652 0.46377554 -0.5651105
v -0.75809484 0.50930792 -0.59906846
v -0.75153136 0.46794962 -0.59274005
v -0.76799672 0.51203447 -0.63150644
v -0.76166921 0.47048065 -0.62568271
v -0.77652752 0.51418918 -0.66720783
v -0.77143299 0.47149363 -0.6618545
v -0.77229487 0.51735979 -0.70611858
v -0.76896822 0.47375163 -0.70164448
v -0.76298093 0.43110981 -0.69585019
v -0.75260335 0.4775432 -0.73875957
v -0.74795007 0.43489533 -0.73354047
v -0.74177992 0.39350897 -0.72729933
v -0.75497329 0.52139246 -0.74221038
v -0.77244824 0.5621736 -0.70951718
v -0.75468975 0.56614702 -0.74375343
v -0.77092999 0.60760867 -0.71114248
v -0.7532702 0.61127734 -0.74391669
v -0.76818609 0.65258872 -0.71117425
v -0.75094163 0.65604829 -0.74249291
v -0.72783845 0.65923708 -0.77154344
v -0.74779456 0.69982308 -0.73862773
v -0.72529673 0.70322096 -0.76656729
v -0.69789284 0.70564723 -0.7939589
v -0.72315901 0.74534905 -0.75943642
v -0.69548994 0.74775224 -0.7871927
v -0.66446656 0.74846249 -0.81324017
v -0.69346106 0.78748339 -0.77896219
v -0.66213697 0.78891819 -0.80624401
v -0.63232171 0.78963983 -0.83376139
v -0.63560956 0.74833434 -0.84069627
v -0.61756873 0.79380542 -0.87058097
v -0.62271714 0.75197535 -0.87786501
v -0.60949343 0.75712186 -0.91476887
v -0.62958747 0.82893753 -0.82524162
v -0.61311054 0.83421248 -0.86235475
v -0.62798148 0.86687153 -0.81629824
v -0.60945111 0.8733291 -0.85266447
v -0.62598401 0.90377259 -0.80562776
v -0.60536837 0.91103339 -0.84124612
v -0.62301927 0.93982595 -0.79345595
v -0.60036987 0.94753009 -0.82829904
v -0.61897605 0.97549492 -0.78047418
v -0.59463012 0.98348778 -0.81451863
v -0.61445123 1.01074791 -0.76672524
v -0.58891117 1.01937747 -0.79990798
v -0.60962802 1.04540634 -0.75181114
v -0.58347773 1.05502104 -0.78447562
v -0.57393646 1.0692904 -0.8239395
v -0.57822442 1.08970046 -0.7688145
v -0.56638884 1.10452413 -0.80705493
v -0.55849701 1.12039053 -0.84581679
v -0.55822765 1.13896 -0.78906983
v -0.55013519 1.15549838 -0.82691955
v -0.5393759 1.17145156 -0.86395776
v -0.5407238 1.18935155 -0.80754512
v -0.53034138 1.20535552 -0.84412401
v -0.51539957 1.22052204 -0.87814539
v -0.52379471 1.18634986 -0.89848464
v -0.49299755 1.2324891 -0.90795767
v -0.50512313 1.25139057 -0.85918688
v -0.4829351 1.26093351 -0.89017701
v -0.45694303 1.26595962 -0.91546648
v -0.47109478 1.28509736 -0.87553983
v -0.49218332 1.27972936 -0.84410589
v -0.4793097 1.30508244 -0.83286362
v -0.46101978 1.30626857 -0.86493504
v -0.4692403 1.3309468 -0.82596951
v -0.45453268 1.32655274 -0.85868579
v -0.49399572 1.29839384 -0.79478973
v -0.4809446 1.3284372 -0.78416883
v -0.50457549 1.2867223 -0.75476408
v -0.48911017 1.31958079 -0.74113178
v -0.51347148 1.27078104 -0.7152394
v -0.49785858 1.30436217 -0.69950151
v -0.52543568 1.25274372 -0.6759352
v -0.51031208 1.28528142 -0.65796995
v -0.49442154 1.31645393 -0.63955164
v -0.5311526 1.26849854 -0.61934953
v -0.51459759 1.29811859 -0.59937638
v -0.49781346 1.32685256 -0.57846593
v -0.47838762 1.34569978 -0.61935305
v -0.4800789 1.35515165 -0.55553638
v -0.46131026 1.37415659 -0.59423303
v -0.46205964 1.38420116 -0.53076332
v -0.44382309 1.40268981 -0.56672793
v -0.42851594 1.4262824 -0.60236644
v -0.42469766 1.42975759 -0.53749775
v -0.41021964 1.45244264 -0.57025879
v -0.39756313 1.47854006 -0.60141569
v -0.41497889 1.45384168 -0.63535445
v -0.40083497 1.48204815 -0.66475588
v -0.38429436 1.50591397 -0.63063424
v -0.36436566 1.52946353 -0.65831702
v -0.38032859 1.50637781 -0.69196963
v -0.37900617 1.50247144 -0.56757181
v -0.36609455 1.52906847 -0.596556
v -0.34616994 1.55123996 -0.62485206
v -0.31936442 1.56547546 -0.65167486
v -0.33634164 1.54388511 -0.68398469
v -0.34584549 1.55002343 -0.56302231
v -0.32622423 1.57110548 -0.59171748
v -0.30074366 1.58534228 -0.61892014
v -0.27210998 1.59316575 -0.64297437
v -0.28893786 1.57262122 -0.67575895
v -0.30535143 1.58844828 -0.55847168
v -0.28202828 1.60334587 -0.58525198
v -0.2551788 1.61210942 -0.6087355
v -0.23246179 1.61271059 -0.62178474
v -0.24847969 1.59469091 -0.65678387
v -0.26383832 1.61859524 -0.5494588
v -0.23954615 1.62766134 -0.57072812
v -0.21734419 1.62746024 -0.58357453
v -0.19895882 1.62294745 -0.59071862
v -0.2135629 1.60925197 -0.62905532
v -0.22493051 1.64123272 -0.53146106
v -0.20405787 1.64125669 -0.54493612
v -0.1861058 1.63771569 -0.55232369
v -0.1707277 1.64312779 -0.56145882
v -0.18325007 1.62827658 -0.59965449
v -0.19145569 1.65477418 -0.50684768
v -0.17512637 1.65353155 -0.51479286
v -0.16006866 1.65934836 -0.52411562
v -0.15058992 1.67269814 -0.53523045
v -0.16221469 1.65839719 -0.57173675
v -0.1628621 1.66636037 -0.47839552
v -0.14894461 1.67173445 -0.48892355
v -0.1390222 1.68466234 -0.49982523
v -0.1291915 1.70107793 -0.51143854
v -0.14168909 1.68902742 -0.5465675
v -0.13719125 1.68035101 -0.45567241
v -0.1261769 1.69191122 -0.4658603
v -0.11535285 1.70877206 -0.4770565
v -0.10120675 1.72648549 -0.4895375
v -0.11473958 1.71817338 -0.52506965
v -0.11190676 1.69578301 -0.43431744
v -0.10011867 1.71242654 -0.44469699
v -0.08557817 1.73089838 -0.4560275
v -0.06377885 1.74760246 -0.47000196
v -0.07889251 1.74220824 -0.50496482
v -0.08502282 1.71358025 -0.41524225
v -0.06952633 1.73241925 -0.42524194
v -0.04748386 1.74965691 -0.43737447
v -0.01934108 1.76025569 -0.45167952
v -0.03483975 1.75792706 -0.48598685
v -0.05332822 1.73121738 -0.39645993
v -0.03142283 1.74882233 -0.406755
v -0.00364097 1.76032614 -0.41928973
v 0.02739054 1.76431548 -0.43400001
v 0.0125685 1.7639749 -0.46756312
v -0.01598838 1.74649035 -0.37728574
v 0.01090653 1.7580775 -0.3877311
v 0.04124993 1.76312565 -0.40061041
v 0.07465335 1.7641865 -0.41331824
v 0.06132665 1.76457488 -0.44779697
v 0.02381959 1.75461554 -0.35566711
v 0.05331856 1.76016056 -0.36690899
v 0.08657752 1.76223266 -0.37874895
v 0.12216173 1.76454806 -0.38829582
v 0.11034078 1.76591968 -0.42329707
v 0.06369326 1.7566117 -0.33236131
v 0.09669672 1.75898993 -0.34362626
v 0.13237193 1.76113188 -0.35302263
v 0.17002725 1.76760637 -0.359871
v 0.15950253 1.77044129 -0.39604559
v 0.10535892 1.75404346 -0.30839747
v 0.14049787 1.75615692 -0.31772032
v 0.177906 1.76324725 -0.32333114
v 0.21332824 1.78175997 -0.32455062
v 0.20561152 1.78493261 -0.36321398
v 0.14706857 1.74867928 -0.28186526
v 0.18348965 1.75651359 -0.2866128
v 0.21895659 1.77497386 -0.2863754
v 0.25399515 1.79771506 -0.28445774
v 0.24824 1.80456006 -0.32479092
v 0.18782353 1.7469716 -0.24984943
v 0.22273422 1.76522088 -0.24819856
v 0.25712978 1.7874937 -0.24398456
v 0.29404175 1.8070296 -0.23927427
v 0.29139077 1.81811845 -0.28262138
v 0.22497658 1.75282752 -0.21017928
v 0.25874292 1.77467048 -0.20351356
v 0.29406711 1.79167068 -0.1953237
v 0.33120662 1.79875123 -0.18972982
v 0.3332695 1.81745588 -0.23560187
v 0.25896287 1.75640583 -0.16410966
v 0.29271152 1.77038264 -0.15238572
v 0.32837432 1.77459633 -0.14556358
v 0.3635576 1.76719462 -0.14784264
v 0.36811411 1.79180264 -0.19067062
v 0.39556652 1.74973714 -0.15715466
v 0.22632642 1.73641049 -0.17328134
v 0.22607386 1.71460378 -0.13911606
v 0.19144837 1.73525095 -0.21292492
v 0.15281945 1.73877894 -0.24552539
v 0.15848769 1.72621619 -0.20873548
v 0.12103844 1.73424363 -0.23627854
v 0.12886983 1.72041225 -0.19930584
v 0.09275019 1.7275052 -0.22593464
v 0.10557307 1.71371769 -0.18855071
v 0.12266775 1.70030331 -0.15004386
v 0.08957344 1.70747876 -0.18008667
v 0.11067095 1.69487583 -0.14152528
v 0.13964752 1.68403327 -0.10540186
v 0.15016399 1.68766844 -0.11416995
v 0.17229485 1.67509627 -0.08148318
v 0.18134859 1.67996347 -0.09486098
v 0.12939877 1.67823207 -0.09745445
v 0.16329689 1.66959309 -0.07083978
v 0.12069136 1.66954231 -0.09183067
v 0.15506523 1.66040229 -0.06351795
v 0.11462976 1.65716302 -0.08961059
v 0.14933602 1.64746773 -0.0610354
v 0.18457792 1.63745451 -0.04126424
v 0.147151 1.63316571 -0.06445623
v 0.18079596 1.62214911 -0.04536309
v 0.21304628 1.61169338 -0.03261208
v 0.17954723 1.6070373 -0.0555016
v 0.21083618 1.59689009 -0.04209625
v 0.24116039 1.58750212 -0.02962181
v 0.24475963 1.60313081 -0.02287122
v 0.26967015 1.579301 -0.0198037
v 0.2739526 1.59451055 -0.01409109
v 0.29302647 1.56977462 -0.00966825
v 0.29692435 1.58301353 -0.00291679
v 0.30984991 1.55774319 0.00220505
v 0.31344327 1.56934821 0.00979867
v 0.31993243 1.54407119 0.01566377
v 0.32470098 1.55438578 0.02369194
v 0.33275023 1.56402897 0.02897062
v 0.33199244 1.53833246 0.03852344
v 0.34039315 1.5464859 0.04396552
v 0.3519456 1.55272519 0.04566498
v 0.34888991 1.52773237 0.056068
v 0.36163222 1.50742685 0.06172064
v 0.37204974 1.4950844 0.05522326
v 0.38037869 1.48604643 0.04418782
v 0.368689 1.48087596 0.03837548
v 0.37497738 1.47372245 0.02207904
v 0.3543927 1.48237204 0.03019586
v 0.35959252 1.47547662 0.01219116
v 0.36551812 1.46877872 -0.00583791
v 0.33991381 1.49189424 0.0211109
v 0.34516042 1.48480117 0.00302273
v 0.32796329 1.5070672 0.00820464
v 0.33375227 1.4977554 -0.0087841
v 0.3187665 1.52141952 -0.00703039
v 0.32158607 1.50956916 -0.02467284
v 0.30692687 1.53225767 -0.01940549
v 0.30726403 1.51645684 -0.03746191
v 0.30858758 1.49729168 -0.0591932
v 0.2898696 1.52007019 -0.04640081
v 0.29150694 1.4984765 -0.06726317
v 0.2924844 1.47513568 -0.09346868
v 0.30909791 1.47588431 -0.08763091
v 0.30581805 1.4536488 -0.12470041
v 0.29219135 1.4517852 -0.12747806
v 0.29219901 1.43288064 -0.16762401
v 0.30371511 1.4358505 -0.16568563
v 0.27601152 1.47044432 -0.09589348
v 0.27754432 1.44648051 -0.12919381
v 0.2793498 1.42624616 -0.16917793
v 0.28508606 1.41233515 -0.21519322
v 0.29769492 1.41980814 -0.21232065
v 0.26064449 1.43812024 -0.13013424
v 0.26279869 1.41699898 -0.17022982
v 0.26775407 1.4022237 -0.21690374
v 0.27504473 1.39399373 -0.26375114
v 0.23959703 1.40589213 -0.17110867
v 0.24435189 1.39140355 -0.21720804
v 0.24901564 1.38133573 -0.26326397
v 0.24994882 1.37443327 -0.30420333
v 0.28025361 1.39036083 -0.30464702
v 0.21349345 1.38083505 -0.21801495
v 0.21569737 1.369807 -0.26233315
v 0.21432662 1.36214852 -0.30327421
v 0.2099699 1.35487747 -0.34152504
v 0.24679553 1.36727011 -0.34277552
v 0.17770843 1.36367607 -0.26189801
v 0.17479011 1.35644173 -0.302033
v 0.16983291 1.34979736 -0.34044912
v 0.16478614 1.3424319 -0.37897697
v 0.20473302 1.34714925 -0.38021019
v 0.13437555 1.3586117 -0.30168256
v 0.12955614 1.35274744 -0.33945465
v 0.12469562 1.34582662 -0.37741199
v 0.12064997 1.338225 -0.41684609
v 0.16048307 1.33350789 -0.41864967
v 0.09033567 1.36526167 -0.33743867
v 0.08572836 1.36014866 -0.37434852
v 0.08182407 1.35267567 -0.41362854
v 0.07759114 1.34275937 -0.45393347
v 0.11708335 1.32861697 -0.45777633
v 0.05026681 1.38149774 -0.37127837
v 0.04583172 1.37119114 -0.41034272
v 0.04036477 1.35882127 -0.44965574
v 0.03267215 1.34378588 -0.48789259
v 0.07245764 1.33154404 -0.49497985
v 0.01203385 1.38821137 -0.40767818
v 0.00541644 1.37174272 -0.4450612
v -0.00334059 1.35381543 -0.4811716
v -0.0143443 1.33475256 -0.51547861
v 0.02238989 1.32671535 -0.52394622
v -0.02419007 1.38412916 -0.44249334
v -0.03289835 1.36556828 -0.47804549
v -0.04375897 1.34639132 -0.51225191
v -0.05562068 1.32775974 -0.54665219
v -0.02688926 1.31549322 -0.548918
v -0.05726867 1.37905204 -0.47789403
v -0.06757186 1.36133933 -0.51270937
v -0.07872982 1.34208178 -0.54767149
v -0.09041179 1.32019436 -0.58328396
v -0.06818906 1.30729115 -0.58196276
v -0.08991331 1.37550234 -0.51252573
v -0.10038772 1.35583758 -0.54842758
v -0.11154869 1.33224785 -0.58456045
v -0.12297907 1.30525791 -0.62099462
v -0.10276348 1.29442918 -0.62011355
v -0.12288476 1.36265552 -0.54426533
v -0.13374052 1.3388102 -0.58132511
v -0.14466391 1.31136667 -0.61808562
v -0.15565758 1.27963566 -0.65543991
v -0.13557504 1.27400064 -0.65834635
v -0.1545556 1.33628714 -0.57161921
v -0.16496329 1.30936324 -0.60898762
v -0.17542715 1.27831888 -0.64688259
v -0.18576298 1.24347233 -0.68510568
v -0.1672247 1.24377524 -0.693057
v -0.18262931 1.30109834 -0.5954765
v -0.19221513 1.27119517 -0.63371092
v -0.20171532 1.23737919 -0.6722182
v -0.21129462 1.19962644 -0.71004802
v -0.19578935 1.20402574 -0.7226628
v -0.20915128 1.26151025 -0.61717778
v -0.21754641 1.22866416 -0.65584188
v -0.22587569 1.1923393 -0.69395768
v -0.23436394 1.15224325 -0.73163795
v -0.22058014 1.15806007 -0.74705171
v -0.23667231 1.2202636 -0.63720744
v -0.24323689 1.1846559 -0.67550891
v -0.25002428 1.14579248 -0.71409767
v -0.25720652 1.10309267 -0.75198006
v -0.24279059 1.10869205 -0.76869052
v -0.26633542 1.17803323 -0.65479594
v -0.2707535 1.13981378 -0.69407296
v -0.27668133 1.09772706 -0.73174607
v -0.28526586 1.05203723 -0.76548028
v -0.26586717 1.05654943 -0.78644985
v -0.29586267 1.13557183 -0.67440462
v -0.30092549 1.09411883 -0.71099299
v -0.30902355 1.04940426 -0.74390059
v -0.32056176 1.00240945 -0.76955699
v -0.29563742 1.00364863 -0.79206538
v -0.32663101 1.09292566 -0.6938157
v -0.3348591 1.04932677 -0.72483968
v -0.34787952 1.00379204 -0.74944835
v -0.36373364 0.95674032 -0.76511168
v -0.3342038 0.95431947 -0.78587836
v -0.35980901 1.05097925 -0.70940768
v -0.37273821 1.00758159 -0.73307663
v -0.391348 0.96217054 -0.74977845
v -0.40843036 0.9134376 -0.75875949
v -0.37942323 0.9089511 -0.77277475
v -0.39447766 1.00981569 -0.71704959
v -0.41332843 0.96688777 -0.73676902
v -0.43248564 0.91790342 -0.74951332
v -0.4456444 0.86361348 -0.75239551
v -0.42134091 0.86215835 -0.76103246
v -0.42954394 0.96695584 -0.71998119
v -0.45038586 0.91930657 -0.73642933
v -0.46400985 0.86333614 -0.74212706
v -0.47224259 0.8067274 -0.74096781
v -0.45386341 0.80854284 -0.75211554
v -0.45194977 0.91162669 -0.71422809
v -0.46561041 0.85859358 -0.72084033
v -0.47425606 0.80366694 -0.72093516
v -0.47805202 0.74904954 -0.72105914
v -0.47505715 0.75108522 -0.74190825
v -0.46211475 0.85250324 -0.6962732
v -0.47095418 0.80032008 -0.69831818
v -0.47626465 0.74748903 -0.69839263
v -0.47859454 0.69465464 -0.69637203
v -0.47910648 0.69468855 -0.71953201
v -0.46836274 0.79531478 -0.67161309
v -0.47407528 0.74408 -0.67150962
v -0.47645235 0.69253164 -0.6688807
v -0.4774158 0.64108234 -0.66311842
v -0.47779163 0.64204591 -0.69158417
v -0.47663676 0.73671776 -0.63829892
v -0.47934699 0.68566554 -0.63499444
v -0.48185607 0.63481158 -0.62839013
v -0.48442447 0.58471512 -0.61921197
v -0.47678038 0.5899707 -0.65334117
v -0.4922949 0.6761167 -0.59891551
v -0.4966183 0.6259672 -0.5934894
v -0.50110352 0.57721144 -0.58621329
v -0.50602704 0.52999538 -0.57800364
v -0.48799878 0.53542703 -0.60767382
v -0.5160591 0.61780798 -0.5647425
v -0.52029401 0.57041621 -0.55909431
v -0.52331942 0.52407538 -0.55123245
v -0.52398675 0.47745055 -0.54216903
v -0.51045942 0.48274686 -0.5682674
v -0.53055113 0.56352335 -0.52832114
v -0.52770733 0.51797634 -0.52098286
v -0.52624774 0.47250071 -0.51401126
v -0.51390492 0.51115739 -0.49175319
v -0.50954663 0.46708032 -0.48778766
v -0.5060724 0.42267409 -0.48468089
v -0.48934039 0.46119493 -0.46092179
v -0.48587861 0.41769558 -0.4583804
v -0.4833621 0.37382769 -0.4575082
v -0.46769139 0.41153997 -0.4270499
v -0.46486511 0.36712715 -0.42679688
v -0.45354116 0.40471866 -0.38930606
v -0.45052069 0.35932904 -0.38993457
v -0.44589066 0.39816346 -0.3476206
v -0.44313168 0.35187655 -0.34897235
v -0.44462353 0.30408129 -0.35176587
v -0.44428545 0.34536412 -0.30690735
v -0.44689196 0.29723426 -0.30960094
v -0.45488441 0.25022274 -0.31301599
v -0.45849919 0.29241055 -0.2689203
v -0.46797305 0.24637687 -0.27224379
v -0.48323732 0.20344001 -0.27575299
v -0.48910635 0.24558872 -0.23521301
v -0.50600695 0.20521964 -0.23954837
v -0.51876908 0.24845473 -0.20487406
v -0.5358175 0.2109974 -0.21036356
v -0.55354636 0.25411838 -0.18169842
v -0.56900703 0.21924038 -0.1869373
v -0.59179073 0.26219692 -0.16383449
v -0.60537749 0.22921529 -0.16848635
v -0.61803644 0.19632047 -0.1712695
v -0.64461135 0.23769632 -0.15857821
v -0.65405589 0.20424656 -0.16183117
v -0.66182816 0.17127698 -0.16150462
v -0.69124943 0.20897369 -0.16457116
v -0.69593453 0.1755072 -0.16356675
v -0.69883418 0.1402637 -0.15904848
v -0.72842294 0.17568461 -0.17736481
v -0.72731554 0.13982898 -0.17011711
v -0.72531217 0.10157712 -0.16131202
v -0.75125026 0.13507381 -0.1891819
v -0.74578809 0.09767057 -0.17701576
v -0.73984634 0.05745921 -0.16646027
v -0.76098364 0.09054606 -0.19752092
v -0.75275468 0.0522104 -0.1837847
v -0.74489158 0.01168929 -0.17391952
v -0.76923614 0.12572729 -0.21326609
v -0.7564252 0.17097014 -0.20048289
v -0.77798783 0.15904158 -0.22939051
v -0.72791284 0.21044391 -0.18023844
v -0.68494945 0.24267213 -0.16158434
v -0.72546571 0.24385464 -0.17945408
v -0.6779133 0.27654624 -0.15649165
v -0.72170716 0.27750846 -0.17628614
v -0.6695075 0.31046488 -0.15523721
v -0.71599513 0.31080532 -0.17502842
v -0.75650459 0.3080331 -0.20948845
v -0.71114414 0.34259179 -0.17477327
v -0.75311058 0.34131592 -0.20644858
v -0.78717875 0.34413808 -0.24498009
v -0.7908895 0.30840492 -0.25010532
v -0.81584143 0.35108223 -0.28466412
v -0.81977629 0.31393224 -0.29239779
v -0.84111154 0.36101999 -0.32255899
v -0.84618222 0.32387554 -0.33185696
v -0.85214448 0.28681078 -0.34322688
v -0.85924303 0.24975882 -0.35761472
v -0.86922019 0.33423933 -0.36750036
v -0.87540435 0.2968932 -0.3785738
v -0.88188058 0.25933674 -0.39193093
v -0.88569331 0.34297075 -0.39921775
v -0.86365485 0.37180492 -0.35815149
v -0.88074266 0.38072443 -0.39059901
v -0.89018309 0.38761767 -0.42174449
v -0.87631607 0.41885075 -0.38259896
v -0.88655978 0.42597687 -0.4129883
v -0.88815093 0.43236666 -0.44434732
v -0.88337922 0.4648067 -0.40313792
v -0.88659226 0.47229266 -0.43374681
v -0.87729954 0.47840699 -0.46201172
v -0.87757605 0.43754708 -0.47316899
v -0.85674816 0.48189583 -0.48286631
v -0.85507482 0.44044843 -0.49393191
v -0.82898592 0.48241606 -0.49285981
v -0.82601487 0.44072908 -0.50237065
v -0.80170518 0.48412671 -0.49030521
v -0.79891461 0.44257515 -0.49856853
v -0.77890497 0.48896643 -0.48337987
v -0.80228364 0.52397513 -0.47920951
v -0.77943515 0.52904796 -0.47736361
v -0.76097434 0.53612178 -0.4857119
v -0.77701914 0.56964504 -0.4722968
v -0.76373267 0.57715809 -0.48923209
v -0.75826007 0.58187216 -0.50921899
v -0.75711798 0.53983461 -0.50597375
v -0.75425654 0.58573043 -0.53060317
v -0.75444626 0.54279995 -0.52652609
v -0.75240773 0.58827388 -0.55452549
v -0.75274461 0.54541498 -0.54935181
v -0.75620281 0.59068727 -0.58130306
v -0.75419014 0.54811376 -0.57621461
v -0.76546961 0.59416115 -0.60988408
v -0.76207262 0.55141806 -0.60515707
v -0.77600568 0.59845036 -0.64136344
v -0.77248388 0.55479991 -0.63709402
v -0.77927881 0.60329818 -0.67620998
v -0.77889764 0.55826908 -0.67269325
v -0.77689045 0.64275348 -0.64404988
v -0.77758801 0.64841431 -0.67778223
v -0.77488845 0.68617808 -0.6442694
v -0.7733531 0.69151443 -0.67689776
v -0.76394575 0.69595646 -0.70884817
v -0.77075946 0.73149228 -0.67267012
v -0.76093089 0.73679935 -0.70311313
v -0.74542105 0.74163866 -0.73156583
v -0.76131373 0.77406883 -0.69432836
v -0.74468463 0.78000706 -0.72204166
v -0.72159266 0.78448188 -0.75041359
v -0.74447196 0.81396096 -0.71259182
v -0.72037929 0.81999647 -0.74059128
v -0.69190752 0.82449472 -0.76951658
v -0.71893632 0.85336417 -0.73051106
v -0.69035244 0.85966903 -0.75925302
v -0.65904092 0.86390405 -0.78776365
v -0.66049385 0.82731723 -0.79759568
v -0.68829965 0.89384168 -0.74817395
v -0.6573196 0.89935129 -0.77688491
v -0.6852054 0.92742943 -0.73571711
v -0.65471094 0.93430805 -0.76492875
v -0.6807363 0.96080017 -0.72155493
v -0.65084731 0.96912449 -0.75160563
v -0.67552042 0.9939928 -0.70603013
v -0.64595603 1.00335705 -0.73692488
v -0.66947758 1.0264486 -0.68941503
v -0.6404429 1.03674173 -0.7212454
v -0.66182619 1.05817902 -0.67158496
v -0.63375562 1.06950974 -0.70430207
v -0.60425472 1.07933437 -0.73587501
v -0.62506258 1.10130953 -0.68582582
v -0.59653961 1.11191499 -0.71810025
v -0.571011 1.1232469 -0.75162637
v -0.58721953 1.14389252 -0.69933569
v -0.56212312 1.1558789 -0.73303061
v -0.54906076 1.17243421 -0.77002519
v -0.55166411 1.18791067 -0.71341502
v -0.5386542 1.20524895 -0.75072455
v -0.53014159 1.22235357 -0.78842431
v -0.52702802 1.23783779 -0.73232173
v -0.51827836 1.25465714 -0.77074831
v -0.50757092 1.26887691 -0.80829989
v -0.51995617 1.23794162 -0.82507735
v -0.54001581 1.22050309 -0.69429367
v -0.57610666 1.17549157 -0.67955672
v -0.56319803 1.20730793 -0.65948355
v -0.54779291 1.23830771 -0.63935893
v -0.58954805 1.19520759 -0.62568378
v -0.57406634 1.2257508 -0.60463547
v -0.55752301 1.25563502 -0.58371716
v -0.59900462 1.21198213 -0.56990248
v -0.58247786 1.24201655 -0.54834854
v -0.56545126 1.27189958 -0.52692914
v -0.5406512 1.28515267 -0.56284129
v -0.5476889 1.30165851 -0.50546276
v -0.52332156 1.31435465 -0.54158091
v -0.52859467 1.33139729 -0.48363795
v -0.50493168 1.34327995 -0.51939755
v -0.50778651 1.36160385 -0.46121269
v -0.48493719 1.37219488 -0.49593582
v -0.48458561 1.39248061 -0.43813645
v -0.46290513 1.40101051 -0.47111451
v -0.44137254 1.41142106 -0.50398123
v -0.43829029 1.42747926 -0.44486126
v -0.41945588 1.43763697 -0.47559309
v -0.40429803 1.4550656 -0.50681495
v -0.39078903 1.47694933 -0.53752487
v -0.39610469 1.46094822 -0.445739
v -0.38203054 1.47738635 -0.47521603
v -0.36949169 1.49850559 -0.50468444
v -0.35871225 1.52381122 -0.53398776
v -0.35908353 1.49732911 -0.442588
v -0.34692093 1.5169301 -0.47171697
v -0.33642625 1.54139494 -0.50049567
v -0.32350376 1.56704413 -0.52969199
v -0.32459995 1.53380012 -0.43714103
v -0.31411787 1.55628705 -0.46587956
v -0.30143639 1.580899 -0.4954299
v -0.28416383 1.60240626 -0.52386146
v -0.29429668 1.57037425 -0.43005114
v -0.28178256 1.59309423 -0.45952436
v -0.26478466 1.61418891 -0.487293
v -0.24572147 1.63113534 -0.51105088
v -0.26619112 1.60390853 -0.42452609
v -0.24883385 1.6236459 -0.45090791
v -0.22915737 1.6408658 -0.47309139
v -0.20949921 1.65276455 -0.49347284
v -0.23559084 1.63141322 -0.41660004
v -0.216166 1.64782583 -0.43709132
v -0.19567906 1.66126358 -0.45489108
v -0.17832569 1.66641402 -0.46871134
v -0.20429635 1.65398657 -0.40327197
v -0.18427373 1.66709899 -0.41959181
v -0.16638399 1.67357397 -0.43401256
v -0.15025572 1.6752659 -0.44568887
v -0.17336902 1.67165911 -0.39144277
v -0.15470348 1.67817711 -0.40374332
v -0.13808961 1.6807785 -0.41503086
v -0.12428136 1.6854825 -0.42459693
v -0.14309003 1.68137478 -0.37932625
v -0.12640821 1.68451023 -0.38812896
v -0.11186222 1.68880045 -0.39694896
v -0.09835823 1.69827735 -0.40578925
v -0.11349631 1.68266797 -0.36287787
v -0.09912687 1.68919801 -0.37005922
v -0.08512601 1.69957113 -0.37793168
v -0.07031386 1.71340334 -0.38682565
v -0.07027211 1.69771778 -0.35054248
v -0.05536729 1.71327483 -0.35863956
v -0.03822749 1.72983825 -0.36805483
v -0.05313438 1.6949284 -0.32252934
v -0.03867055 1.71371364 -0.32980379
v -0.02216507 1.7296524 -0.33880433
v -0.00144039 1.7437762 -0.34707355
v -0.02332446 1.71330344 -0.29991614
v -0.00693418 1.72861409 -0.30692777
v 0.01213659 1.74056839 -0.31368827
v 0.03530509 1.75094509 -0.3218967
v 0.00703507 1.72377324 -0.27232131
v 0.02526346 1.73503685 -0.27932694
v 0.04653902 1.74437165 -0.2872776
v 0.07321366 1.75121831 -0.29721525
v 0.04000288 1.72501766 -0.24474
v 0.05881082 1.73336505 -0.25242713
v 0.08258973 1.74064397 -0.26188835
v 0.11324632 1.746091 -0.27261537
v 0.07267049 1.72019338 -0.21680361
v 0.05620867 1.71250152 -0.20906375
v 0.07534243 1.70005142 -0.1723597
v 0.04141754 1.70310998 -0.20286476
v 0.06255199 1.69085025 -0.1658702
v 0.08859283 1.6796689 -0.12794025
v 0.09882862 1.68834936 -0.13387878
v 0.05274821 1.67899465 -0.16177991
v 0.0809179 1.66802215 -0.12400868
v 0.0465784 1.66444897 -0.16043658
v 0.07695573 1.65367472 -0.12329497
v 0.11112182 1.64345431 -0.09013707
v 0.07744424 1.63828241 -0.12634621
v 0.11183107 1.62886655 -0.09524763
v 0.14721776 1.61840832 -0.07227134
v 0.11661264 1.61402189 -0.10455528
v 0.14992213 1.60358834 -0.0828513
v 0.18070736 1.59158396 -0.0659031
v 0.15260407 1.58605098 -0.09153639
v 0.20929369 1.58006703 -0.05060615
v 0.23918147 1.57085406 -0.03781602
v 0.26750728 1.544137 -0.0378551
v 0.26749756 1.5636028 -0.02764095
v 0.28993859 1.5395385 -0.03008399
v 0.29046577 1.5557723 -0.0179952
v 0.30745634 1.54587185 -0.00670392
v 0.31789419 1.53325653 0.0057595
v 0.32521197 1.51842474 0.02025558
v 0.3269822 1.52868092 0.03042705
v 0.26972621 1.52167165 -0.05245926
v 0.27314704 1.49615359 -0.07108716
v 0.25761753 1.46259737 -0.09720772
v 0.23108473 1.44882929 -0.0974633
v 0.23608015 1.42501497 -0.13046784
v 0.19837398 1.43316829 -0.09912132
v 0.20421317 1.41219699 -0.13273821
v 0.20935146 1.39471924 -0.17322251
v 0.16876186 1.40280616 -0.1367059
v 0.17383323 1.38639068 -0.17625138
v 0.17722041 1.37381064 -0.21924924
v 0.13634738 1.38438057 -0.18115021
v 0.13883777 1.37353074 -0.22179852
v 0.13812321 1.36497688 -0.26270726
v 0.10225239 1.38128662 -0.2261198
v 0.10056642 1.37469852 -0.26443946
v 0.09587059 1.36997878 -0.3016093
v 0.06699782 1.395141 -0.2650963
v 0.06053121 1.39217317 -0.29948201
v 0.05477766 1.38837838 -0.3342975
v 0.039542 1.42370104 -0.2616488
v 0.07028632 1.39925181 -0.23003408
v 0.04491662 1.42618286 -0.22967627
v 0.02865542 1.45770561 -0.22472006
v 0.02052982 1.45456934 -0.25645798
v 0.02321275 1.48997128 -0.21925441
v 0.01095998 1.48572671 -0.25145179
v 0.00923098 1.51254725 -0.24939617
v -0.00849083 1.51064777 -0.27937138
v -0.00917614 1.53565681 -0.27791079
v -0.02616899 1.53912997 -0.30053952
v -0.02555554 1.51300358 -0.30398234
v 0.01028516 1.53682625 -0.25040933
v 0.01062415 1.56103694 -0.25337725
v -0.00833674 1.56147575 -0.27853679
v -0.01113672 1.58740246 -0.27705687
v -0.02851942 1.58898329 -0.29818204
v -0.0251926 1.5648334 -0.29971575
v 0.00829764 1.5864247 -0.25282552
v 0.00410679 1.60804545 -0.24665813
v -0.01629088 1.6094191 -0.27203992
v 0.03367202 1.58536481 -0.22365549
v 0.02977743 1.60538446 -0.21755456
v 0.02217067 1.62270677 -0.20829585
v -0.00262571 1.62679731 -0.23900312
v 0.06547098 1.58129692 -0.18711608
v 0.06166297 1.60030329 -0.1833886
v 0.05405132 1.61684262 -0.17523366
v 0.04679151 1.63236165 -0.16682066
v 0.01737026 1.63985073 -0.20165586
v 0.09474042 1.5921787 -0.14802041
v 0.0887502 1.60846757 -0.14149713
v 0.08154805 1.62323224 -0.13269279
v 0.04429908 1.64842963 -0.16204622
v 0.12216258 1.59809255 -0.11366312
v 0.12508823 1.58048856 -0.11883743
v 0.15255568 1.56507349 -0.09623803
v 0.12230965 1.56162488 -0.11818558
v 0.14406773 1.54403603 -0.09396423
v 0.09590032 1.57349431 -0.14877806
v 0.09053898 1.55555069 -0.14229166
v 0.07633025 1.53795659 -0.12833912
v 0.06474961 1.51316905 -0.10968505
v 0.0591056 1.48135197 -0.10515038
v 0.08456524 1.47321212 -0.08557042
v 0.08696908 1.44424951 -0.09618018
v 0.12061664 1.44083988 -0.08444638
v 0.11653647 1.46905303 -0.07427965
v 0.15727168 1.44585275 -0.07674656
v 0.14948897 1.47669994 -0.06786175
v 0.16298186 1.4228574 -0.10296735
v 0.12672126 1.41869592 -0.10980041
v 0.13219018 1.39890325 -0.1426654
v 0.09303659 1.42115008 -0.11889509
v 0.09785473 1.40292942 -0.15068912
v 0.10070628 1.39030146 -0.18784503
v 0.07010459 1.40517318 -0.19357064
v 0.04679854 1.42868983 -0.19702948
v 0.03313305 1.45924449 -0.19548694
v 0.02009245 1.67571592 -0.19605593
v 0.01590583 1.6582278 -0.19729714
v -0.0013564 1.68543946 -0.22991003
v -0.00692804 1.66624331 -0.23006363
v -0.00703958 1.64571607 -0.23328712
v -0.02586186 1.67068767 -0.26035496
v -0.02646197 1.64885878 -0.26172897
v -0.0221422 1.62920701 -0.266162
v -0.03463515 1.6110475 -0.29548844
v -0.0570302 1.61211299 -0.31530749
v -0.0493197 1.59150075 -0.3163692
v -0.08082585 1.61270666 -0.32762196
v -0.07215602 1.59306991 -0.32952365
v -0.06595495 1.57205045 -0.33144065
v -0.04420415 1.56886816 -0.31798255
v -0.06315458 1.54965412 -0.33332982
v -0.04346517 1.54498779 -0.31892475
v -0.06197564 1.52408671 -0.33682841
v -0.04288449 1.51813185 -0.32261607
v -0.06196967 1.49757087 -0.34497174
v -0.06290432 1.47168576 -0.35999608
v -0.08492749 1.52747201 -0.34060141
v -0.08549841 1.50279271 -0.3500134
v -0.08708965 1.4782772 -0.36462271
v -0.09022413 1.45523691 -0.38495323
v -0.06511865 1.44800591 -0.38284292
v -0.10643193 1.50154054 -0.34186673
v -0.10913356 1.47653174 -0.35676121
v -0.11341571 1.45334267 -0.37688121
v -0.11824729 1.43229138 -0.40223217
v -0.09400724 1.43433725 -0.41089582
v -0.12698221 1.47095167 -0.34267973
v -0.13296787 1.44678568 -0.36278498
v -0.13910639 1.42490255 -0.38804426
v -0.14502701 1.40517211 -0.41767507
v -0.12336552 1.41340816 -0.43144309
v -0.15455281 1.43755364 -0.34303963
v -0.16106353 1.41525423 -0.36936977
v -0.16701424 1.39518547 -0.39998564
v -0.17292645 1.37629115 -0.43265822
v -0.15093131 1.38686597 -0.45020496
v -0.18726861 1.40812087 -0.35114872
v -0.19351641 1.38855373 -0.38084009
v -0.19968244 1.36956834 -0.41230705
v -0.20569226 1.35005259 -0.44564512
v -0.17925819 1.35770964 -0.46671077
v -0.22524954 1.38899791 -0.36260166
v -0.23156851 1.37000751 -0.39104116
v -0.23723514 1.34956836 -0.42337858
v -0.24263386 1.32682263 -0.46048864
v -0.21180231 1.32944369 -0.48216816
v -0.26293277 1.37748885 -0.37550097
v -0.26630556 1.35435104 -0.40877062
v -0.27058011 1.32982015 -0.44568178
v -0.27632737 1.30367445 -0.48379147
v -0.24782235 1.30254399 -0.49935898
v -0.29026049 1.36022138 -0.40043112
v -0.29424539 1.33493387 -0.4375222
v -0.30065083 1.30782139 -0.47573232
v -0.30670636 1.27820432 -0.51390636
v -0.28185439 1.27597641 -0.5222041
v -0.31613466 1.3379246 -0.42896828
v -0.32277584 1.31077766 -0.46911034
v -0.32911989 1.27971756 -0.50805717
v -0.33390691 1.24598467 -0.54553562
v -0.31094694 1.2459371 -0.55162906
v -0.34023779 1.30691599 -0.45714399
v -0.34732511 1.27608847 -0.49745267
v -0.35306048 1.24191784 -0.53503572
v -0.35768744 1.20610535 -0.57040339
v -0.33756175 1.20994746 -0.58105331
v -0.35812148 1.26608741 -0.4814248
v -0.36405789 1.23225092 -0.51887613
v -0.37054956 1.19720339 -0.55374527
v -0.37730097 1.16088926 -0.58706176
v -0.36288648 1.16908621 -0.60431975
v -0.36812523 1.21954774 -0.49983131
v -0.37539592 1.18489849 -0.5334661
v -0.3829976 1.14885211 -0.56582236
v -0.39108455 1.11167967 -0.59677761
v -0.38449195 1.1233226 -0.61902189
v -0.37786328 1.17027187 -0.51108217
v -0.38636046 1.13505363 -0.54268968
v -0.39490675 1.09837043 -0.57268554
v -0.40344429 1.06059241 -0.60081601
v -0.39963847 1.07366597 -0.62547433
v -0.39172056 1.11833727 -0.51682484
v -0.40026101 1.08280503 -0.54590922
v -0.40839362 1.04615664 -0.57348334
v -0.41603866 1.00882387 -0.59978359
v -0.41199627 1.02266919 -0.62723249
v -0.4105665 1.06567537 -0.5164296
v -0.41834726 1.03052139 -0.54302012
v -0.42526674 0.99442488 -0.56778562
v -0.43189322 0.95725154 -0.59024
v -0.42462322 0.97096651 -0.62385159
v -0.43462547 1.0139569 -0.51053911
v -0.4414283 0.9790641 -0.53366637
v -0.44750779 0.9430328 -0.55411034
v -0.45391339 0.90589177 -0.57112777
v -0.44036579 0.91912955 -0.60990613
v -0.46462103 0.96356207 -0.50031578
v -0.47091367 0.92790299 -0.5192582
v -0.47693637 0.89095747 -0.53524357
v -0.48320737 0.85248613 -0.5484389
v -0.462659 0.86638534 -0.58419531
v -0.49738767 0.91254556 -0.48710814
v -0.50295007 0.87550735 -0.50298148
v -0.50824397 0.83688545 -0.51642519
v -0.5136379 0.79532378 -0.52716374
v -0.49124652 0.81003242 -0.55899262
v -0.52185988 0.85564303 -0.46901342
v -0.524724 0.81659966 -0.48171299
v -0.52720725 0.77613288 -0.49176681
v -0.52934569 0.73395824 -0.49902895
v -0.51936662 0.7509737 -0.53476643
v -0.52194947 0.79393559 -0.44487208
v -0.52160918 0.75491035 -0.45419743
v -0.51998519 0.71473139 -0.46162203
v -0.51652813 0.67366004 -0.46661183
v -0.52920687 0.69017911 -0.50324749
v -0.50603675 0.73766464 -0.41612941
v -0.50259888 0.69927924 -0.42348414
v -0.49853411 0.66023492 -0.42885956
v -0.49318769 0.62029248 -0.43216487
v -0.51137459 0.63150161 -0.4684453
v -0.49053242 0.6886245 -0.38274651
v -0.48515391 0.65069782 -0.38766199
v -0.47971925 0.6118955 -0.39060816
v -0.47352629 0.57262581 -0.3920955
v -0.48710054 0.57988619 -0.43315264
v -0.48103502 0.64509534 -0.34399274
v -0.47460562 0.60634702 -0.34635889
v -0.46760797 0.56689804 -0.34750345
v -0.4606682 0.52672267 -0.34775012
v -0.46745732 0.5323773 -0.39216235
v -0.47851896 0.60327994 -0.30417302
v -0.47051596 0.56351685 -0.30438274
v -0.46267288 0.52266418 -0.30390352
v -0.45580077 0.48087161 -0.30383387
v -0.45464456 0.48548942 -0.34757763
v -0.48135459 0.56149578 -0.26503101
v -0.47286641 0.52016556 -0.26382756
v -0.4654845 0.47737538 -0.26281014
v -0.45915892 0.43341469 -0.26278746
v -0.4501878 0.4376313 -0.30411979
v -0.49000272 0.51722115 -0.22828766
v -0.4824711 0.47414362 -0.2267142
v -0.47609102 0.42945152 -0.22603382
v -0.47203683 0.3834593 -0.22697225
v -0.45455908 0.38768342 -0.26395767
v -0.50606763 0.46969446 -0.19657467
v -0.50046819 0.42522195 -0.19559624
v -0.49738642 0.37974354 -0.196043
v -0.49883532 0.33421245 -0.19768622
v -0.47186708 0.33629655 -0.22856979
v -0.53111279 0.42062619 -0.17231416
v -0.52907002 0.37688273 -0.17182844
v -0.53204828 0.33386763 -0.1733202
v -0.540537 0.29248008 -0.17673826
v -0.50608456 0.28985816 -0.20042172
v -0.56709933 0.3752999 -0.15650284
v -0.57131338 0.33557668 -0.15780165
v -0.57978385 0.29750001 -0.16034874
v -0.6147716 0.33946922 -0.15137024
v -0.62341529 0.30482319 -0.15189673
v -0.6340211 0.27109661 -0.1535886
v -0.66275519 0.34317913 -0.15581785
v -0.61007213 0.37509706 -0.15096943
v -0.6591584 0.37470144 -0.15546631
v -0.70808386 0.3732011 -0.17383225
v -0.65875864 0.40590971 -0.15508164
v -0.70669597 0.40358769 -0.17139227
v -0.74798715 0.40549704 -0.19902011
v -0.7499172 0.37382862 -0.20364722
v -0.78219026 0.41175958 -0.23245894
v -0.78440994 0.37853771 -0.23937344
v -0.80931532 0.42164897 -0.26858151
v -0.81226533 0.38695997 -0.27710872
v -0.83219718 0.43354898 -0.30475455
v -0.83661365 0.39777204 -0.31401082
v -0.85329824 0.44592142 -0.33978429
v -0.85846543 0.40926602 -0.34935745
v -0.87187111 0.45670858 -0.37345978
v -0.84747624 0.48141115 -0.32850107
v -0.86638695 0.49340483 -0.36173626
v -0.87867665 0.50304299 -0.39034512
v -0.85867184 0.52876645 -0.34714502
v -0.8717345 0.53950756 -0.3740648
v -0.87683755 0.54964107 -0.40229842
v -0.88381665 0.51221507 -0.419849
v -0.87110018 0.55844569 -0.43014809
v -0.87689715 0.52024364 -0.44837138
v -0.85302311 0.5630871 -0.45286327
v -0.85728377 0.52465301 -0.47027158
v -0.82554584 0.56137025 -0.46507147
v -0.82930773 0.52378952 -0.48082074
v -0.79896217 0.56246721 -0.46726536
v -0.82089352 0.59754014 -0.44983246
v -0.79541784 0.60014087 -0.45636281
v -0.7763133 0.60975122 -0.46847552
v -0.79293316 0.63679379 -0.44662815
v -0.77540123 0.64812672 -0.46441599
v -0.76495379 0.65884751 -0.48887491
v -0.76470309 0.61846822 -0.48987859
v -0.75782364 0.6675477 -0.51361078
v -0.7584182 0.62455302 -0.51157522
v -0.75433433 0.67382073 -0.53852909
v -0.75407445 0.62894624 -0.53470826
v -0.7547599 0.67682975 -0.56382119
v -0.75308865 0.6316238 -0.55914509
v -0.76134771 0.67879325 -0.58876216
v -0.75911682 0.63373905 -0.58542424
v -0.7691515 0.68170189 -0.61473
v -0.76800614 0.6371935 -0.61338025
v -0.76379478 0.72513943 -0.58887875
v -0.77006918 0.72573828 -0.61435002
v -0.77338343 0.72766333 -0.64203018
v -0.77655041 0.76563972 -0.61226069
v -0.77673125 0.76614904 -0.63839745
v -0.77202302 0.76862168 -0.66613155
v -0.78620535 0.79880011 -0.63627958
v -0.77712452 0.801907 -0.66126406
v -0.76321637 0.80743205 -0.68644595
v -0.78138405 0.83045989 -0.65898704
v -0.76352882 0.83782142 -0.67964631
v -0.74330687 0.84574538 -0.70320242
v -0.76135623 0.86764633 -0.67002886
v -0.74041426 0.87689852 -0.69210773
v -0.71643739 0.88630646 -0.71951562
v -0.73572892 0.90712463 -0.67801928
v -0.71269995 0.91852295 -0.70646673
v -0.72988236 0.93694353 -0.66194266
v -0.70761352 0.95043313 -0.69153553
v -0.72360724 0.9665364 -0.64410233
v -0.70189172 0.98221892 -0.67493927
v -0.71690774 0.99649941 -0.62464743
v -0.69549202 1.01358783 -0.65709519
v -0.70892769 1.02622818 -0.60474717
v -0.68743962 1.04442703 -0.63827729
v -0.69862866 1.05594813 -0.5843966
v -0.67744994 1.07480204 -0.61873447
v -0.65260434 1.08944141 -0.65276539
v -0.66572022 1.10512745 -0.59859991
v -0.64131724 1.12010169 -0.63289594
v -0.61497718 1.13274848 -0.6665318
v -0.62910455 1.15116798 -0.61258542
v -0.60337346 1.16417586 -0.64651012
v -0.61487525 1.18181908 -0.59148079
v -0.65234321 1.135517 -0.57787394
v -0.63773912 1.16607201 -0.55664718
v -0.62187737 1.19652676 -0.53498274
v -0.65778803 1.14759337 -0.52183306
v -0.64184749 1.17875468 -0.50021672
v -0.62508523 1.21005797 -0.4781973
v -0.60533756 1.22706449 -0.51310992
v -0.60768598 1.2415297 -0.45597291
v -0.58814424 1.25761342 -0.49126559
v -0.58923977 1.27300322 -0.43392396
v -0.56999748 1.28808856 -0.46959307
v -0.56955844 1.30495536 -0.41252037
v -0.55039316 1.31875562 -0.44802457
v -0.54691869 1.33880436 -0.39117756
v -0.52844029 1.35055244 -0.42622265
v -0.51980823 1.3762989 -0.36917886
v -0.50353831 1.38443446 -0.40384101
v -0.49037262 1.41270947 -0.34839409
v -0.47545748 1.41775512 -0.38149389
v -0.45831459 1.42218661 -0.41437965
v -0.44522362 1.44447803 -0.36148279
v -0.42961645 1.4456799 -0.39012277
v -0.41227409 1.45035743 -0.41712421
v -0.39784389 1.4624747 -0.36256185
v -0.38386783 1.47022414 -0.38612267
v -0.37185493 1.48152995 -0.41391828
v -0.34794765 1.50179266 -0.37972146
v -0.33699506 1.51646852 -0.40834894
v -0.32707795 1.52056527 -0.34825661
v -0.31780538 1.5346328 -0.37491831
v -0.30552905 1.55046379 -0.40233132
v -0.30206352 1.55032455 -0.34610036
v -0.29000279 1.56509017 -0.37139889
v -0.27891072 1.58334434 -0.3970581
v -0.27482804 1.57921207 -0.34331393
v -0.26434451 1.59532928 -0.36720544
v -0.25257647 1.6137371 -0.39218017
v -0.24941754 1.60649395 -0.34150886
v -0.23777161 1.62355125 -0.36293166
v -0.22295118 1.63967144 -0.38490659
v -0.22362153 1.63132274 -0.34052911
v -0.2102756 1.64683556 -0.35998988
v -0.19311423 1.66056513 -0.37736415
v -0.19730366 1.65283525 -0.34108841
v -0.18129356 1.66567373 -0.35694417
v -0.16261236 1.67555165 -0.36978814
v -0.16776709 1.66781926 -0.33908385
v -0.14953593 1.67514658 -0.34998068
v -0.13002538 1.6796354 -0.35672783
v -0.13462159 1.66937434 -0.3318696
v -0.15221223 1.66484355 -0.32275587
v -0.13792622 1.6518538 -0.31306844
v -0.1213048 1.65168166 -0.32312011
v -0.12711598 1.63108015 -0.31083667
v -0.11057538 1.63150751 -0.32173296
v -0.10216401 1.61207604 -0.3243325
v -0.11991743 1.61164224 -0.31239202
v -0.11433019 1.59214377 -0.3158552
v -0.09492997 1.59277415 -0.32749787
v -0.14135415 1.63134062 -0.29448816
v -0.13467685 1.61224103 -0.29606205
v -0.12886884 1.59161162 -0.29919356
v -0.12444513 1.57173669 -0.30299249
v -0.10983466 1.57234382 -0.31970953
v -0.14956273 1.6105926 -0.27654263
v -0.14403991 1.59095835 -0.27915588
v -0.14025808 1.57189023 -0.28332346
v -0.1376167 1.5484538 -0.28935712
v -0.12179455 1.54971182 -0.30820617
v -0.16123184 1.58832144 -0.2588517
v -0.15829972 1.56867885 -0.26274186
v -0.15685628 1.5454483 -0.26770868
v -0.1577336 1.51758039 -0.27456557
v -0.13718268 1.52102661 -0.29661846
v -0.17882692 1.56479227 -0.24522893
v -0.17820631 1.54103195 -0.24975359
v -0.18075202 1.51419138 -0.25658276
v -0.18690538 1.48448658 -0.26798141
v -0.16209459 1.48715269 -0.28501474
v -0.20007661 1.53835773 -0.23653011
v -0.20431309 1.51191544 -0.243089
v -0.21271091 1.48371028 -0.25575599
v -0.22356443 1.45661759 -0.27512341
v -0.19646552 1.45554232 -0.28633442
v -0.22763557 1.51232612 -0.23378558
v -0.23839475 1.48540961 -0.24787874
v -0.25084567 1.4624679 -0.27019751
v -0.23572279 1.43349134 -0.29976651
v -0.26250824 1.49186575 -0.2464617
v -0.27448877 1.47287011 -0.27064263
v -0.28036636 1.50551712 -0.25450372
v -0.29294437 1.4870069 -0.27489587
v -0.29449558 1.52212059 -0.26620158
v -0.30662727 1.50477588 -0.28540357
v -0.30040201 1.53975653 -0.28287074
v -0.3134849 1.52336263 -0.30197519
v -0.31027123 1.53823959 -0.32390508
v -0.29627332 1.55415844 -0.30283421
v -0.28742295 1.56598174 -0.32161375
v -0.2876822 1.55414056 -0.26813653
v -0.28403332 1.56805598 -0.28579297
v -0.27461335 1.57990467 -0.30268886
v -0.2611235 1.59150528 -0.32086667
v -0.27304217 1.58074009 -0.27276504
v -0.26317113 1.59153568 -0.28788009
v -0.24938371 1.60284853 -0.30467778
v -0.23586985 1.61643481 -0.32177326
v -0.25251647 1.60205662 -0.27602976
v -0.23812167 1.61326861 -0.29036396
v -0.22388479 1.62603116 -0.30572557
v -0.21071204 1.6383872 -0.32300686
v -0.22786793 1.62244474 -0.27711996
v -0.21239164 1.63347029 -0.29041516
v -0.19779852 1.64520263 -0.30671441
v -0.18314436 1.65696775 -0.32422578
v -0.20038686 1.63850772 -0.27518135
v -0.18346183 1.6480236 -0.29164055
v -0.16779081 1.65796732 -0.3085426
v -0.16797927 1.64453613 -0.2790586
v -0.15207411 1.64912629 -0.29766741
v -0.15723684 1.62932872 -0.27584821
v -0.18802383 1.63802397 -0.26270377
v -0.17636919 1.62425255 -0.25771254
v -0.16732566 1.60735797 -0.256857
v -0.19690604 1.61901557 -0.24213014
v -0.18821309 1.60317063 -0.24085776
v -0.18184559 1.58519113 -0.2422932
v -0.20890946 1.59929192 -0.23081781
v -0.20283733 1.58228147 -0.23178349
v -0.19930647 1.56167519 -0.23204353
v -0.22183242 1.53820407 -0.22788177
v -0.24320122 1.54049265 -0.2261531
v -0.25083088 1.51654756 -0.23173898
v -0.25970038 1.54580164 -0.23146687
v -0.26948911 1.5257951 -0.23915781
v -0.27122947 1.55587053 -0.24387833
v -0.28297343 1.53954434 -0.25154921
v -0.27679574 1.56801533 -0.25678071
v -0.26359346 1.57251596 -0.23698999
v -0.26704731 1.58240902 -0.24835142
v -0.26269701 1.59216105 -0.26229932
v -0.25892838 1.59140467 -0.23149225
v -0.23746557 1.60458219 -0.22824044
v -0.21745255 1.61308908 -0.23301628
v -0.20727568 1.62939012 -0.24890437
v -0.21754142 1.6286683 -0.26255255
v -0.24936394 1.41478431 -0.32402837
v -0.21773316 1.40677952 -0.33702427
v -0.20768937 1.4291017 -0.3100976
v -0.17942424 1.43093812 -0.32453522
v -0.17013865 1.45800685 -0.30191353
v -0.14665031 1.46335125 -0.32228943
v -0.13999897 1.49153184 -0.30734804
v -0.12267109 1.49722933 -0.32721304
v -0.12097424 1.52429688 -0.31597662
v -0.105719 1.52694845 -0.33166313
v -0.10690452 1.55104875 -0.3242945
v -0.08671172 1.55140388 -0.33465361
v -0.08967457 1.57287561 -0.33066931
v -0.25767067 1.39753317 -0.3480319
v -0.28989076 1.38509047 -0.36604562
v -0.31227651 1.38788723 -0.35638257
v -0.31221777 1.3637669 -0.39137527
v -0.33289 1.3843038 -0.34077784
v -0.33081147 1.35986375 -0.37594056
v -0.33400201 1.33493018 -0.41598999
v -0.34023547 1.34885656 -0.35500195
v -0.3425734 1.32395958 -0.39825126
v -0.3494769 1.2965461 -0.44090047
v -0.34458753 1.3096801 -0.3789879
v -0.35217168 1.28239631 -0.42314025
v -0.36046001 1.25227129 -0.46333786
v -0.35375383 1.26489472 -0.40326738
v -0.36191883 1.23556482 -0.44275358
v -0.36992603 1.20396542 -0.47814101
v -0.36675176 1.21473741 -0.41906008
v -0.37478897 1.18469929 -0.45377728
v -0.38291141 1.15232896 -0.48611843
v -0.38492417 1.16161131 -0.42612969
v -0.39329201 1.13162696 -0.45800015
v -0.40185767 1.09943461 -0.48804724
v -0.410052 1.10883986 -0.4274781
v -0.41838356 1.0792377 -0.45710417
v -0.42684307 1.0475068 -0.48493039
v -0.44190123 1.05957043 -0.42609694
v -0.44999018 1.02954113 -0.453298
v -0.45772773 0.99757117 -0.47826534
v -0.47674238 1.01321482 -0.42295628
v -0.48445981 0.98182976 -0.44730126
v -0.49132096 0.9480462 -0.46866852
v -0.50618439 0.96293681 -0.4145047
v -0.51272368 0.92919647 -0.43547889
v -0.51802665 0.89335197 -0.45357266
v -0.51788717 0.90425545 -0.40118771
v -0.52088725 0.86880672 -0.41868355
v -0.52186799 0.83209389 -0.43305787
v -0.51110053 0.84628856 -0.38260284
v -0.51028651 0.81142127 -0.39601552
v -0.50847846 0.77505624 -0.40716794
v -0.50230485 0.79758697 -0.35732021
v -0.49935975 0.76259219 -0.36778551
v -0.49537804 0.72618937 -0.37610957
v -0.49920868 0.75461965 -0.32553976
v -0.4940662 0.7195599 -0.33394259
v -0.4877797 0.68291413 -0.34003976
v -0.50225687 0.71262455 -0.29265639
v -0.49452999 0.67795425 -0.29852643
v -0.48655504 0.64140665 -0.30231684
v -0.50963407 0.67034769 -0.25967532
v -0.50075346 0.63587611 -0.26339513
v -0.49092444 0.59987753 -0.26509678
v -0.52072286 0.62719124 -0.22810274
v -0.51081931 0.59287101 -0.22987565
v -0.50006288 0.55692732 -0.22979162
v -0.53542983 0.58266496 -0.19888533
v -0.52525132 0.54817074 -0.19964543
v -0.51433146 0.51164579 -0.19834418
v -0.55565798 0.53621864 -0.1753232
v -0.54529464 0.50164306 -0.17468203
v -0.53617221 0.46327966 -0.17338696
v -0.5813145 0.48911774 -0.15808144
v -0.57293254 0.45430687 -0.15764318
v -0.56776779 0.41555711 -0.15706268
v -0.61506182 0.4444794 -0.1505412
v -0.61024421 0.41052168 -0.15100912
v -0.66090756 0.43720272 -0.15338949
v -0.62134206 0.47769096 -0.14984975
v -0.66398704 0.46946898 -0.15018358
v -0.70708149 0.46565818 -0.16119441
v -0.70647269 0.43436262 -0.16722069
v -0.74671405 0.4672181 -0.18277584
v -0.74727088 0.4364545 -0.19172732
v -0.78035932 0.47504845 -0.21159069
v -0.7812314 0.44382235 -0.22322827
v -0.80443996 0.4883582 -0.24549663
v -0.80680578 0.45536297 -0.25824314
v -0.82087737 0.50252753 -0.28102359
v -0.82722139 0.4683431 -0.29392805
v -0.84006279 0.51588529 -0.3147647
v -0.8144381 0.53596252 -0.26511392
v -0.83209872 0.54998886 -0.29909858
v -0.85024398 0.56320667 -0.33096045
v -0.82447451 0.58293849 -0.28255543
v -0.84251207 0.59651398 -0.31475609
v -0.85590493 0.60769391 -0.34109523
v -0.86351174 0.57409822 -0.35712316
v -0.86270189 0.61801928 -0.36772748
v -0.86955291 0.58450174 -0.38432788
v -0.85913944 0.62663376 -0.39476454
v -0.86478549 0.59346985 -0.41166532
v -0.84387558 0.63131678 -0.41912186
v -0.84787243 0.59828442 -0.43520262
v -0.81744468 0.63199293 -0.43585962
v -0.84094268 0.66306734 -0.40393093
v -0.81681388 0.6655516 -0.42261657
v -0.79233402 0.67243021 -0.43634048
v -0.81729924 0.69843012 -0.40856754
v -0.79462575 0.70389622 -0.42483848
v -0.77849143 0.71746778 -0.44659966
v -0.77601033 0.68414533 -0.45751035
v -0.76989358 0.73177224 -0.47211527
v -0.76613152 0.69689047 -0.48316946
v -0.78251868 0.7501719 -0.43435213
v -0.77917897 0.7659778 -0.45796319
v -0.78662073 0.78323829 -0.42405113
v -0.78748446 0.79762542 -0.44865265
v -0.79700613 0.81176 -0.48050153
v -0.79656308 0.82451981 -0.44540941
v -0.80777168 0.83126652 -0.47916567
v -0.81858253 0.83383369 -0.51793569
v -0.80736166 0.81806957 -0.51739293
v -0.8109312 0.81557571 -0.55447387
v -0.82203817 0.82917749 -0.556912
v -0.82333493 0.84928196 -0.52120882
v -0.8268575 0.8439238 -0.56027847
v -0.82315611 0.86761504 -0.52735173
v -0.82516616 0.86034458 -0.56602209
v -0.82497668 0.85660553 -0.59807449
v -0.81646937 0.87531232 -0.5745787
v -0.81609475 0.88494473 -0.53734093
v -0.80180221 0.89938396 -0.55051082
v -0.803065 0.88712686 -0.58530741
v -0.78309476 0.91331458 -0.56681579
v -0.78729927 0.89741408 -0.59692752
v -0.76189261 0.92925059 -0.58842676
v -0.76947766 0.90789443 -0.61286902
v -0.7750644 0.88574874 -0.63630861
v -0.77947402 0.86067205 -0.65326243
v -0.74999123 0.92173409 -0.63500648
v -0.75648027 0.89564085 -0.6543706
v -0.7424249 0.94760882 -0.61442107
v -0.75288814 0.95178568 -0.56351298
v -0.73508316 0.9747858 -0.59309405
v -0.74309694 0.97779947 -0.54029792
v -0.72646462 1.00315427 -0.57173979
v -0.73226404 1.00648653 -0.51832258
v -0.71586859 1.03243529 -0.55059772
v -0.71953761 1.03744947 -0.49669894
v -0.70320278 1.06268227 -0.52972596
v -0.68632352 1.08598029 -0.5638709
v -0.68921017 1.09411609 -0.50869965
v -0.67255181 1.11654901 -0.54302483
v -0.67466414 1.12649297 -0.48765277
v -0.70524185 1.07031345 -0.47547492
v -0.68981635 1.10426366 -0.45433846
v -0.67401617 1.13902032 -0.43336597
v -0.65901571 1.15933096 -0.46637833
v -0.65875393 1.17435896 -0.41232264
v -0.64241969 1.19216132 -0.44454133
v -0.64301532 1.2096219 -0.39081487
v -0.62515997 1.22500884 -0.42223957
v -0.62531113 1.24371314 -0.36804285
v -0.60679495 1.25766587 -0.39951816
v -0.58626103 1.28991639 -0.3775278
v -0.56206768 1.32586312 -0.35563546
v -0.53321003 1.36716258 -0.3350169
v -0.66589254 1.19787371 -0.36305978
v -0.64817881 1.23320591 -0.34149825
v -0.69339072 1.18871498 -0.33753183
v -0.67639702 1.22578775 -0.31788444
v -0.71972894 1.17734992 -0.3103207
v -0.70650404 1.21424615 -0.2900739
v -0.68913519 1.24292802 -0.26694157
v -0.73300212 1.19846677 -0.26017645
v -0.71767896 1.22595679 -0.23629698
v -0.69343382 1.24209499 -0.21024742
v -0.66379916 1.25593698 -0.23988238
v -0.66271227 1.24254214 -0.1858804
v -0.63325315 1.25518882 -0.21299511
v -0.62923443 1.23090803 -0.16701655
v -0.59957742 1.24464535 -0.19253416
v -0.56863433 1.26353156 -0.21124027
v -0.56609898 1.2279874 -0.18221122
v -0.53625655 1.24925506 -0.19977825
v -0.50630974 1.27624845 -0.20678101
v -0.53718972 1.29095256 -0.21898019
v -0.47828894 1.30778622 -0.20626597
v -0.50780355 1.3259108 -0.21437382
v -0.44946304 1.34899342 -0.2036184
v -0.47748327 1.36884617 -0.20611524
v -0.49893084 1.38439726 -0.22519838
v -0.43973818 1.41320526 -0.21233332
v -0.46125549 1.42831659 -0.22883375
v -0.40630313 1.43704116 -0.2424222
v -0.42767602 1.45275068 -0.25541964
v -0.38188928 1.44356405 -0.27470263
v -0.40432161 1.45911097 -0.28685188
v -0.43177998 1.45972812 -0.30793628
v -0.46051609 1.44267869 -0.32887736
v -0.41391262 1.46034014 -0.33704021
v -0.3657599 1.42201077 -0.27514642
v -0.38604393 1.41391181 -0.24183209
v -0.36907869 1.38765168 -0.2575165
v -0.35309317 1.39874959 -0.28896424
v -0.41446611 1.39030623 -0.21273413
v -0.39219042 1.36565148 -0.23002503
v -0.36964109 1.34253549 -0.25999099
v -0.35335722 1.36252665 -0.28660118
v -0.419373 1.32773697 -0.21684227
v -0.388603 1.3097738 -0.2445707
v -0.36399221 1.29192698 -0.2882924
v -0.35005533 1.3183695 -0.30715826
v -0.4446806 1.28912162 -0.21379967
v -0.41191098 1.27184343 -0.23636844
v -0.38533937 1.25490546 -0.27089247
v -0.37147495 1.23581433 -0.31336459
v -0.35447585 1.26841521 -0.33656206
v -0.44092994 1.23881721 -0.22610615
v -0.41319683 1.21965706 -0.25524625
v -0.39729005 1.20135271 -0.29096472
v -0.39225938 1.18107581 -0.32716727
v -0.37131342 1.21350073 -0.35491088
v -0.44652208 1.191226 -0.23782484
v -0.42890346 1.17129087 -0.26787206
v -0.4214473 1.15218102 -0.30037149
v -0.42221969 1.13240599 -0.33346349
v -0.39594772 1.16022014 -0.36276832
v -0.45828196 1.14574945 -0.24183286
v -0.45009344 1.12715685 -0.27292794
v -0.44960132 1.10821557 -0.30522278
v -0.45421192 1.08823096 -0.33748981
v -0.42720156 1.11114156 -0.36598452
v -0.46998903 1.08618557 -0.27803584
v -0.47628039 1.06497001 -0.31009286
v -0.48300403 1.0435729 -0.33788499
v -0.46072727 1.06638896 -0.36741873
v -0.49481168 1.01720774 -0.30748117
v -0.50186228 0.99230611 -0.33251634
v -0.49044933 1.02005338 -0.36519679
v -0.49873074 0.99906104 -0.2760638
v -0.50202894 0.97066974 -0.29912605
v -0.50563287 0.94206535 -0.32316777
v -0.5077461 0.96600312 -0.35731342
v -0.5062071 0.98607534 -0.2423087
v -0.50670599 0.95488005 -0.26498207
v -0.50649958 0.92466902 -0.28884166
v -0.50633311 0.8944059 -0.31121221
v -0.50870358 0.9120773 -0.34584707
v -0.51886421 0.94520634 -0.23044559
v -0.51641106 0.91303014 -0.25207772
v -0.51331299 0.88224673 -0.27216032
v -0.51083982 0.85180103 -0.2889072
v -0.50586992 0.86315524 -0.33002731
v -0.53204304 0.90422731 -0.21678529
v -0.52834987 0.87241357 -0.23446053
v -0.52487403 0.84164667 -0.25004035
v -0.52033406 0.81035542 -0.26330578
v -0.50886786 0.82063472 -0.30302369
v -0.54331266 0.86230868 -0.19933132
v -0.53983557 0.83055388 -0.21394012
v -0.53558796 0.7990514 -0.22667594
v -0.53081405 0.76741045 -0.23771059
v -0.51534205 0.77845287 -0.2749221
v -0.55305737 0.81860971 -0.17912524
v -0.55007308 0.78689074 -0.19139936
v -0.54660648 0.75533157 -0.20201697
v -0.54241955 0.72386741 -0.21120424
v -0.5252456 0.73549389 -0.24705424
v -0.5648871 0.77355098 -0.15733891
v -0.5626536 0.7421869 -0.16732254
v -0.55991888 0.71103537 -0.17620879
v -0.55672675 0.67988979 -0.18444393
v -0.53707736 0.69222819 -0.21888624
v -0.58374714 0.72865361 -0.13607345
v -0.58206802 0.69732177 -0.14429996
v -0.57971501 0.66632098 -0.15238338
v -0.57634025 0.63533985 -0.16063921
v -0.55162513 0.64848375 -0.19127821
v -0.60959285 0.68461722 -0.11728674
v -0.6082648 0.65226209 -0.12524321
v -0.60483604 0.62044125 -0.13453079
v -0.60081106 0.58908218 -0.14441338
v -0.57102924 0.6033616 -0.16788947
v -0.63995116 0.64025414 -0.10625205
v -0.63811796 0.60614651 -0.11592327
v -0.63555139 0.57476216 -0.12832328
v -0.63180291 0.54370695 -0.13880005
v -0.59596359 0.55673044 -0.15249913
v -0.67444384 0.5972951 -0.1079114
v -0.67364817 0.56421613 -0.12185645
v -0.67098623 0.5331124 -0.13404752
v -0.66742986 0.50155425 -0.14366336
v -0.62702918 0.51103758 -0.14595288
v -0.71181315 0.56021904 -0.12573434
v -0.71073401 0.52776908 -0.14029891
v -0.70871132 0.49661138 -0.15212857
v -0.74683648 0.52925968 -0.15687452
v -0.74697965 0.4978199 -0.17102792
v -0.77608615 0.53809469 -0.18079254
v -0.77920669 0.50574731 -0.19729618
v -0.79572904 0.55276078 -0.21172392
v -0.80065643 0.52071583 -0.22961516
v -0.8082993 0.56845194 -0.24789264
v -0.79226797 0.58450931 -0.19373247
v -0.80440515 0.5999751 -0.23020748
v -0.81839448 0.61478358 -0.26602074
v -0.8023259 0.63091588 -0.21311841
v -0.81460511 0.64576721 -0.24949163
v -0.83152508 0.66045188 -0.28302329
v -0.83629745 0.6289401 -0.29888981
v -0.84549206 0.67283082 -0.31030246
v -0.84994888 0.64048314 -0.32565534
v -0.85341978 0.68358171 -0.33658877
v -0.85742116 0.65071469 -0.35203519
v -0.85254788 0.6921572 -0.36326271
v -0.85515564 0.65927273 -0.37901911
v -0.84022605 0.69695597 -0.38910755
v -0.84971964 0.72613143 -0.34781825
v -0.83951556 0.73094373 -0.37384042
v -0.81727707 0.73259282 -0.39552372
v -0.83642011 0.76461327 -0.36008659
v -0.81616944 0.76582002 -0.38365989
v -0.79797762 0.77052474 -0.40140852
v -0.7969312 0.73722308 -0.41216507
v -0.81418883 0.79862475 -0.37315532
v -0.79706257 0.80295139 -0.39314466
v -0.79089027 0.81375658 -0.41798505
v -0.7954179 0.83455014 -0.38818401
v -0.79310011 0.84220343 -0.41651073
v -0.80308997 0.84863114 -0.44556096
v -0.81637412 0.87301516 -0.48628804
v -0.8144803 0.8511635 -0.48063007
v -0.81009876 0.89452463 -0.49818855
v -0.79586243 0.91317313 -0.51564389
v -0.76625472 0.95300918 -0.50974625
v -0.77553504 0.93097347 -0.53720939
v -0.7538495 0.97956883 -0.4867942
v -0.73877823 1.012102 -0.46479529
v -0.74483376 1.02798306 -0.41345116
v -0.72267609 1.04716801 -0.44338101
v -0.73192495 1.06895732 -0.39461261
v -0.70754015 1.08389926 -0.42269638
v -0.71961408 1.10962224 -0.37592661
v -0.69394964 1.12207138 -0.40280854
v -0.70679897 1.14943933 -0.35677984
v -0.68042719 1.16023135 -0.38299828
v -0.74197608 1.09606683 -0.34800252
v -0.73135799 1.13742446 -0.3294855
v -0.76145875 1.08217883 -0.31941446
v -0.75282806 1.12389349 -0.30076506
v -0.7434082 1.16349494 -0.28119164
v -0.7718606 1.11021602 -0.27073371
v -0.7630527 1.14745175 -0.25046911
v -0.75247228 1.17823064 -0.22811523
v -0.77212446 1.12479758 -0.21577473
v -0.76247799 1.15110957 -0.19520206
v -0.7495833 1.17071712 -0.17349846
v -0.73871249 1.20235657 -0.20412977
v -0.73152828 1.18365991 -0.1518118
v -0.71827656 1.21830332 -0.17923405
v -0.70803123 1.18870163 -0.13237229
v -0.68985498 1.22264802 -0.1560077
v -0.68103873 1.18510711 -0.11659211
v -0.65671283 1.21489274 -0.13803742
v -0.65232688 1.1732707 -0.10482393
v -0.62253302 1.19735002 -0.12706784
v -0.59521639 1.21209704 -0.15594615
v -0.59011101 1.1758598 -0.12143958
v -0.56074076 1.19102728 -0.1530679
v -0.53272724 1.20867896 -0.18098834
v -0.52749586 1.16783332 -0.15885035
v -0.50027859 1.18784725 -0.19001255
v -0.47263351 1.211923 -0.2130851
v -0.5032773 1.2315433 -0.19965845
v -0.47312989 1.25806307 -0.20976394
v -0.47474536 1.16602301 -0.21248094
v -0.55813843 1.15167939 -0.12318407
v -0.62411946 1.15454804 -0.09724246
v -0.5960713 1.13008487 -0.09632524
v -0.65932256 1.12645041 -0.08770626
v -0.63580536 1.10561394 -0.08705198
v -0.61220997 1.08079969 -0.09425792
v -0.66591107 1.07894325 -0.07609468
v -0.6439591 1.0582664 -0.08233499
v -0.62291908 1.0347594 -0.09166166
v -0.589194 1.05547821 -0.10846181
v -0.60564065 1.01041746 -0.10203803
v -0.57598418 1.03001427 -0.12455853
v -0.56879574 0.99909007 -0.14028187
v -0.54188418 1.01026094 -0.16521997
v -0.59186506 0.98256075 -0.11327473
v -0.57858902 0.95110416 -0.12392626
v -0.56142598 0.96463847 -0.15422651
v -0.6253485 0.99163562 -0.07580013
v -0.60807889 0.96573174 -0.0834568
v -0.5924468 0.93647509 -0.0923706
v -0.58000004 0.90403133 -0.10342781
v -0.56735998 0.91788625 -0.13597622
v -0.62092089 0.95055228 -0.05390556
v -0.60623508 0.92135661 -0.06270488
v -0.59594112 0.8890959 -0.07437714
v -0.58988732 0.85610193 -0.08889341
v -0.57301944 0.87049782 -0.11736096
v -0.62389326 0.90717309 -0.03998649
v -0.61569744 0.8757255 -0.05261772
v -0.61133956 0.84348338 -0.06676996
v -0.61016845 0.81190335 -0.08030899
v -0.5869047 0.82352441 -0.10358983
v -0.6383717 0.86552232 -0.0381994
v -0.63657027 0.83497506 -0.0513785
v -0.63698488 0.803945 -0.06330646
v -0.6380611 0.77268445 -0.07354896
v -0.61007869 0.78036052 -0.09180878
v -0.66420769 0.83001816 -0.04203716
v -0.66610533 0.7995724 -0.05294449
v -0.6686564 0.76848369 -0.06237749
v -0.67089694 0.73651123 -0.07059975
v -0.63919311 0.74095463 -0.08226826
v -0.69625169 0.79877859 -0.05078209
v -0.69998616 0.76779645 -0.0605634
v -0.70344293 0.73499709 -0.06838952
v -0.70577311 0.70099216 -0.07695413
v -0.67251706 0.703251 -0.07866065
v -0.73054277 0.76970917 -0.06656821
v -0.73470962 0.73673439 -0.07624226
v -0.73752534 0.7029525 -0.0869094
v -0.73923426 0.66858881 -0.0987551
v -0.70743954 0.66614943 -0.08676414
v -0.76183861 0.74218374 -0.09446301
v -0.76456815 0.70853728 -0.10675557
v -0.76676625 0.67441409 -0.11923918
v -0.76937192 0.64001208 -0.13184821
v -0.74130821 0.63350445 -0.11098326
v -0.78545302 0.71648025 -0.13385081
v -0.78751921 0.68291753 -0.14755109
v -0.78899651 0.64973133 -0.16163705
v -0.79042881 0.61682599 -0.17672613
v -0.77166247 0.60547202 -0.14616471
v -0.79997992 0.69412177 -0.18143799
v -0.80105936 0.662099 -0.19705791
v -0.81138658 0.70764207 -0.21595095
v -0.81265646 0.67640745 -0.23285883
v -0.82551127 0.72220194 -0.24877008
v -0.82806241 0.69140213 -0.266299
v -0.83873277 0.73663693 -0.27762913
v -0.8419277 0.70486784 -0.2944799
v -0.84585613 0.74985635 -0.30441996
v -0.85044699 0.71693998 -0.3208608
v -0.84587383 0.76018607 -0.33217901
v -0.84047001 0.78263318 -0.28752321
v -0.8403787 0.79294055 -0.31690311
v -0.83228504 0.79719829 -0.34802255
v -0.83364665 0.82580757 -0.30276706
v -0.82668143 0.82988667 -0.33676603
v -0.81023883 0.83092296 -0.36376106
v -0.82098031 0.86203503 -0.32637241
v -0.8061282 0.86258703 -0.35655999
v -0.81534576 0.89639014 -0.31527495
v -0.80183059 0.89706182 -0.34866759
v -0.80770087 0.93461787 -0.30314701
v -0.79609739 0.93900853 -0.3373655
v -0.800803 0.9748786 -0.28982958
v -0.79027944 0.98313808 -0.32367098
v -0.77499061 0.9939816 -0.35311546
v -0.78534919 1.02704715 -0.30770275
v -0.76861113 1.0389713 -0.33699494
v -0.75236284 1.05371558 -0.36602491
v -0.76196932 1.00892782 -0.38304469
v -0.7794516 1.06953799 -0.28975093
v -0.79505324 1.01542496 -0.27434429
v -0.78875327 1.05504953 -0.25606393
v -0.78084158 1.09232473 -0.2362461
v -0.78723579 1.0357958 -0.21932312
v -0.7805143 1.06916177 -0.19985264
v -0.77422648 1.0978477 -0.1808587
v -0.78192186 1.04355955 -0.16260591
v -0.77940118 1.06907904 -0.14422155
v -0.77644306 1.08781397 -0.12770503
v -0.76770144 1.11940705 -0.16327846
v -0.76958495 1.10255384 -0.1115243
v -0.75827837 1.13625383 -0.1451098
v -0.75826525 1.11209595 -0.09776204
v -0.74357581 1.14746308 -0.12759287
v -0.74299788 1.11616683 -0.08640945
v -0.72472959 1.1514672 -0.11223755
v -0.72466796 1.11330854 -0.07812934
v -0.70394027 1.14876818 -0.10038358
v -0.70595771 1.10543441 -0.07468522
v -0.68208015 1.14059901 -0.09238322
v -0.68713671 1.09433889 -0.07437443
v -0.71957248 1.07691526 -0.04711245
v -0.70222288 1.06719136 -0.04925014
v -0.68438172 1.05418729 -0.05383189
v -0.70723873 1.04011511 -0.02156642
v -0.66410332 1.03629028 -0.06165586
v -0.64364564 1.01528191 -0.06834672
v -0.63886088 0.97520303 -0.04776993
v -0.65141087 0.96043163 -0.0228335
v -0.63613784 0.93592256 -0.03046318
v -0.66775423 0.95002335 -0.00873685
v -0.65393245 0.92466515 -0.01632156
v -0.64435637 0.89648842 -0.02603026
v -0.67469561 0.91687208 -0.00893343
v -0.66797864 0.88873672 -0.01801453
v -0.66407823 0.85919946 -0.02990114
v -0.69210267 0.88529062 -0.01657638
v -0.69131428 0.85719823 -0.02788166
v -0.69324231 0.82863211 -0.03981176
v -0.71769124 0.85911202 -0.03299525
v -0.72082936 0.83079439 -0.04491849
v -0.7255826 0.80108231 -0.05637641
v -0.74580568 0.83640545 -0.05751007
v -0.75176137 0.80659675 -0.07034618
v -0.75777971 0.77486193 -0.08224303
v -0.77292007 0.81487798 -0.09175092
v -0.77903974 0.78300684 -0.1060656
v -0.78274667 0.75006091 -0.12024047
v -0.79247778 0.7936123 -0.13436074
v -0.79617768 0.76014286 -0.15035052
v -0.79870116 0.72690028 -0.16583186
v -0.80703699 0.7725498 -0.18140718
v -0.80989009 0.73973166 -0.19873431
v -0.81908005 0.78654712 -0.21181988
v -0.82292735 0.7538194 -0.2304282
v -0.82961541 0.80130839 -0.24123014
v -0.83501297 0.76869046 -0.2594645
v -0.83396333 0.81540429 -0.27088034
v -0.82210522 0.83486539 -0.22363057
v -0.82622307 0.84844648 -0.25524377
v -0.82688796 0.85834187 -0.28972905
v -0.81744432 0.88257551 -0.24085451
v -0.81888127 0.8924306 -0.27711737
v -0.80756467 0.91629952 -0.22704206
v -0.81020951 0.928321 -0.26451391
v -0.7973454 0.94907665 -0.21299783
v -0.8014034 0.96439284 -0.25126102
v -0.78931564 0.9817484 -0.19788838
v -0.79381829 1.00057911 -0.23641212
v -0.78492665 1.01301682 -0.1809204
v -0.78930938 0.9606418 -0.15926984
v -0.78709828 0.98874568 -0.14293883
v -0.78516221 1.01553189 -0.1250419
v -0.78554767 0.96502757 -0.10745368
v -0.78311711 0.98812496 -0.09220042
v -0.7831195 1.03836345 -0.10841706
v -0.78113001 1.05558419 -0.09262987
v -0.77639454 1.06803 -0.07733693
v -0.76551866 1.03943002 -0.03516568
v -0.76751041 1.07730257 -0.06355721
v -0.75447994 1.04434144 -0.02441372
v -0.75411975 1.08245968 -0.05387567
v -0.73992192 1.04686355 -0.0188222
v -0.73761183 1.08338487 -0.04806967
v -0.72324681 1.04576265 -0.01784569
v -0.73397892 1.00455474 -0.00148007
v -0.71920746 1.00535416 0.00020943
v -0.70434337 1.00388765 -0.0015712
v -0.71105498 0.96966242 0.00356075
v -0.69489425 0.97086626 0.00203869
v -0.68387281 0.94431716 -0.00171413
v -0.70321333 0.94073981 -0.00023096
v -0.69665372 0.91311848 -0.00720772
v -0.72667795 0.9692291 0.00027883
v -0.72096455 0.94002759 -0.00419844
v -0.71685552 0.91279912 -0.01156737
v -0.71615153 0.88615471 -0.02146329
v -0.73632353 0.94115954 -0.01240104
v -0.73572951 0.91577392 -0.02126241
v -0.73746079 0.89061349 -0.03226825
v -0.74075007 0.8642013 -0.04437451
v -0.75277334 0.92199349 -0.03588889
v -0.75590294 0.89785784 -0.04793685
v -0.76054072 0.87259942 -0.0620654
v -0.7666248 0.84495776 -0.07690163
v -0.7713074 0.90861326 -0.06901596
v -0.77641135 0.88394254 -0.08427088
v -0.78188347 0.85624635 -0.10104448
v -0.7873134 0.82588595 -0.11794046
v -0.78694468 0.89807748 -0.11048174
v -0.79142749 0.86982828 -0.12811321
v -0.7971127 0.83874499 -0.14597161
v -0.80262076 0.80600273 -0.16373954
v -0.79819697 0.88464778 -0.15803965
v -0.80554711 0.85312366 -0.17573288
v -0.81328147 0.82003921 -0.19346575
v -0.81328266 0.86848473 -0.20701395
v -0.80365622 0.9007067 -0.19117064
v -0.79194659 0.91389089 -0.14056994
v -0.79441255 0.93121951 -0.17547226
v -0.78846019 0.9406625 -0.1234778
v -0.78260099 0.9230284 -0.09362416
v -0.77863508 0.94563025 -0.07790823
v -0.76705181 0.93141549 -0.05422988
v -0.76412469 0.95306468 -0.04187287
v -0.7752456 0.9667133 -0.06399951
v -0.75077921 0.9452148 -0.02466851
v -0.75177216 0.96933907 -0.01792705
v -0.74043953 0.96924173 -0.00720841
v -0.74704617 1.00213646 -0.00880127
v -0.75757235 0.99885463 -0.01881353
v -0.77346211 0.57126069 -0.16265624
v -0.74611657 0.56292486 -0.13977593
v -0.74407553 0.59802639 -0.12408364
v -0.7106654 0.59493744 -0.1112487
v -0.70884138 0.63072359 -0.09840728
v -0.67419892 0.6328206 -0.09647601
v -0.67346113 0.66846197 -0.0869639
v -0.64055919 0.67492532 -0.09777525
v -0.64017212 0.70849764 -0.09005416
v -0.61007148 0.71683198 -0.10974312
v -0.61017453 0.7486962 -0.10145796
v -0.58486414 0.76007223 -0.12691314
v -0.58568942 0.79158651 -0.116106
v -0.56689012 0.80519461 -0.14575232
v -0.56936436 0.83742904 -0.13225615
v -0.55611342 0.85080951 -0.16514886
v -0.56009089 0.88409984 -0.15015074
v -0.54753625 0.89501267 -0.18352784
v -0.55312687 0.92923039 -0.16787762
v -0.53658288 0.9380933 -0.19885
v -0.53980988 0.97364884 -0.18147362
v -0.5207985 0.97970199 -0.2100514
v -0.51856249 1.01613295 -0.19347663
v -0.58956098 0.52317053 -0.15699246
v -0.56398695 0.57019811 -0.17290921
v -0.54443532 0.61611545 -0.19623224
v -0.52985596 0.66019123 -0.22461727
v -0.51819956 0.70336061 -0.25447645
v -0.50983434 0.74596059 -0.28496274
v -0.50462615 0.78818053 -0.31525668
v -0.50484573 0.83111161 -0.3448615
v -0.51091814 0.88009554 -0.36584276
v -0.51336348 0.9370476 -0.38084542
v -0.49870565 0.99355393 -0.39074912
v -0.46846774 1.04128789 -0.39614182
v -0.43432229 1.08645999 -0.39680776
v -0.40245041 1.13606679 -0.39603105
v -0.37732094 1.1890676 -0.39209786
v -0.35922786 1.2423017 -0.3808068
v -0.34667229 1.29258775 -0.35835063
v -0.34363442 1.33610272 -0.3313173
v -0.34368601 1.3741666 -0.31636482
v -0.79167431 0.79747086 -0.58493572
v -0.77388644 0.7669574 -0.58558249
v -0.78981268 0.79730737 -0.61123138
v -0.47790804 0.28973147 -0.2312702
v -0.45335865 0.34010198 -0.26593673
v -0.44604596 0.39246222 -0.30504623
v -0.44968348 0.44269344 -0.34735241
v -0.45736622 0.44861403 -0.38999819
v -0.46201661 0.49109062 -0.39120206
v -0.47157067 0.45494321 -0.42876634
v -0.47623643 0.49739503 -0.43080815
v -0.48139721 0.53905427 -0.43234637
v -0.49451518 0.50408864 -0.46324628
v -0.49991688 0.54681384 -0.46593958
v -0.50565141 0.58895659 -0.46798092
v -0.51911228 0.55556589 -0.49681314
v -0.52349507 0.60009133 -0.50080615
v -0.52708578 0.64473629 -0.50315266
v -0.5303893 0.61034488 -0.53476947
v -0.52776199 0.6572743 -0.53885984
v -0.52433157 0.70465433 -0.53904539
v -0.51093894 0.66674923 -0.56833726
v -0.50527644 0.71625894 -0.56893551
v -0.49872785 0.76430463 -0.56582891
v -0.48725086 0.72671103 -0.60119414
v -0.48112466 0.77634602 -0.59985715
v -0.47269228 0.82316213 -0.59407091
v -0.47074121 0.78719002 -0.63754552
v -0.46171799 0.83511012 -0.63305974
v -0.45062726 0.87867724 -0.62392163
v -0.45921194 0.84534484 -0.66886109
v -0.44758978 0.89073908 -0.66056025
v -0.43474912 0.93192005 -0.64456707
v -0.44971433 0.9019764 -0.68924152
v -0.4354079 0.94564861 -0.67384719
v -0.42224162 0.98463714 -0.65185391
v -0.43471372 0.95827752 -0.69817876
v -0.41941797 0.99784088 -0.67601323
v -0.40829545 1.03551244 -0.65165388
v -0.41058754 1.00686037 -0.6976611
v -0.39960199 1.04573762 -0.67472416
v -0.39222076 1.08468318 -0.6486566
v -0.3826687 1.05093252 -0.69434279
v -0.3750343 1.09085667 -0.66734319
v -0.36881494 1.13066458 -0.63688403
v -0.35131117 1.09274911 -0.68057453
v -0.34650319 1.13348674 -0.64898085
v -0.34176084 1.17247676 -0.61557263
v -0.32155641 1.13391292 -0.65948331
v -0.31780964 1.17326629 -0.62420076
v -0.31441363 1.21081817 -0.58845281
v -0.29278096 1.17466759 -0.63675826
v -0.28956717 1.21091961 -0.59848827
v -0.28617996 1.24515867 -0.56053638
v -0.26206922 1.21366465 -0.61602735
v -0.25756093 1.24670958 -0.5772562
v -0.25265133 1.27587926 -0.5378794
v -0.22981359 1.25251638 -0.59825301
v -0.2233804 1.28092277 -0.55908012
v -0.21755524 1.30645203 -0.52036142
v -0.20069737 1.29035651 -0.57879006
v -0.19291491 1.31565368 -0.54064428
v -0.185951 1.33790659 -0.50301253
v -0.17332828 1.32708442 -0.55780363
v -0.16476266 1.34962451 -0.52070552
v -0.15736945 1.36901474 -0.48460447
v -0.14485296 1.35964882 -0.53439617
v -0.1362669 1.37922263 -0.49816605
v -0.12911269 1.3963865 -0.46357303
v -0.11323829 1.38234043 -0.50780266
v -0.10486872 1.39917373 -0.47278073
v -0.09860789 1.41561222 -0.44058713
v -0.08024232 1.3922106 -0.47737565
v -0.07294187 1.4088236 -0.44353786
v -0.06847224 1.42729282 -0.41156134
v -0.04907884 1.3968203 -0.44262695
v -0.04404757 1.41531109 -0.40828228
v -0.01804576 1.40235006 -0.40652716
v -0.01917097 1.69188785 -0.26241853
v -0.03610132 1.6940422 -0.29292342
v -0.00824827 1.70987296 -0.26635086
v 0.0090462 1.70160865 -0.23263563
v 0.02336915 1.71465313 -0.23811437
v 0.02893595 1.690961 -0.19813306
v -0.49284383 0.48732987 -0.59463805
v -0.47764116 0.53922921 -0.64059996
v -0.47611254 0.58996433 -0.68298572
v -0.47758197 0.64070296 -0.71585983
v -0.47469398 0.69590407 -0.73997604
v -0.45771622 0.75391966 -0.75248646
v -0.43018665 0.8098554 -0.7606194
v -0.39200747 0.86008095 -0.77401453
v -0.3479135 0.9058631 -0.79269421
v -0.30725613 0.9540447 -0.8098126
v -0.27532962 1.00682568 -0.8149389
v -0.25059059 1.06192445 -0.80421763
v -0.22899752 1.11389434 -0.78355199
v -0.20512488 1.1611967 -0.75921595
v -0.17807684 1.20330214 -0.73012435
v -0.14834301 1.23801267 -0.69572794
v -0.11641357 1.2631905 -0.6581186
v -0.08183132 1.28292644 -0.61899012
v -0.04102376 1.29592335 -0.58336496
v 0.00950738 1.30809748 -0.55770921
v 0.0643081 1.31853151 -0.53483325
v 0.11280198 1.31739461 -0.49983599
v 0.15687477 1.32172656 -0.45999813
v 0.19626924 1.32399773 -0.46147134
v 0.20001427 1.33700704 -0.4200913
v 0.23343055 1.33284485 -0.46386557
v 0.23687367 1.34711694 -0.42256134
v 0.24153266 1.35855841 -0.38211482
v 0.26930886 1.36208081 -0.42626848
v 0.27331221 1.37399792 -0.38490906
v 0.2781113 1.38312256 -0.34426498
v 0.29937225 1.39090478 -0.38858568
v 0.29685261 1.37984085 -0.43083289
v 0.31980088 1.39845335 -0.43704798
v 0.32092052 1.40722382 -0.39586022
v 0.3386394 1.41637516 -0.4444603
v 0.33956307 1.42325079 -0.40668898
v 0.3526588 1.43198895 -0.45094201
v 0.35411259 1.43829441 -0.4168888
v 0.35772097 1.44216728 -0.38683664
v 0.36636409 1.45253121 -0.42395836
v 0.37053605 1.45634996 -0.39654001
v 0.37549284 1.4597938 -0.37453678
v 0.36182338 1.44565784 -0.36243537
v 0.38009208 1.46341335 -0.35904407
v 0.3663052 1.44969177 -0.34687906
v 0.38432344 1.46656966 -0.34741053
v 0.37098437 1.45332276 -0.3355934
v 0.35650318 1.44062614 -0.31677874
v 0.36311256 1.44354677 -0.30799305
v 0.34981167 1.43400573 -0.28045895
v 0.34132492 1.43092417 -0.28723007
v 0.37626367 1.45565104 -0.32625114
v 0.38876363 1.46842896 -0.33781448
v 0.3940809 1.4683274 -0.32974058
v 0.38265809 1.45565831 -0.31876066
v 0.37029656 1.44331121 -0.30143758
v 0.37778291 1.43882346 -0.29769724
v 0.36430898 1.42515158 -0.27371531
v 0.35832738 1.43250024 -0.27546832
v 0.39000138 1.45219707 -0.31428724
v 0.3955678 1.44534456 -0.31558606
v 0.38245198 1.43074405 -0.29923179
v 0.40069627 1.4654957 -0.32445699
v 0.4066213 1.45921695 -0.32578674
v 0.41021695 1.45289909 -0.33107754
v 0.39861363 1.43808734 -0.32055059
v 0.4102655 1.47732698 -0.33097115
v 0.41621482 1.47209179 -0.33197742
v 0.42036059 1.46660018 -0.33745819
v 0.42289808 1.46157407 -0.34514987
v 0.41203251 1.44674253 -0.3385393
v 0.42457813 1.4832319 -0.3351444
v 0.42925456 1.4786123 -0.34074136
v 0.43248835 1.47484135 -0.34829625
v 0.4347167 1.47149777 -0.35741433
v 0.42438143 1.45741057 -0.3536677
v 0.43635982 1.4896022 -0.34212783
v 0.44047951 1.48637771 -0.34956499
v 0.44320568 1.48324918 -0.35967233
v 0.44530174 1.47907567 -0.3732737
v 0.43678867 1.46690559 -0.36975744
v 0.44576481 1.4970088 -0.3509438
v 0.44936195 1.49385976 -0.36191555
v 0.45107021 1.4903754 -0.37654656
v 0.45275607 1.48608386 -0.39396432
v 0.44757756 1.47370266 -0.39005065
v 0.45062056 1.50430882 -0.36445266
v 0.45324349 1.50175869 -0.37942799
v 0.45351603 1.49851405 -0.39733031
v 0.4541758 1.49452304 -0.41835245
v 0.45457488 1.48166477 -0.41435664
v 0.44883325 1.51163792 -0.38161045
v 0.44924387 1.5097109 -0.39977034
v 0.44805389 1.5054475 -0.42102706
v 0.44768664 1.50034785 -0.44521093
v 0.45477351 1.48944771 -0.44245716
v 0.43865063 1.51505649 -0.40042939
v 0.43726217 1.5122255 -0.42205223
v 0.43601417 1.50675964 -0.44623079
v 0.43509292 1.50051629 -0.47408133
v 0.44749227 1.49358332 -0.47315135
v 0.42408251 1.51233375 -0.42066416
v 0.42231872 1.50853872 -0.44566023
v 0.42082172 1.50256311 -0.47325688
v 0.41861423 1.49613177 -0.5036956
v 0.43357431 1.49408829 -0.50434088
v 0.40907239 1.50415635 -0.44327515
v 0.40674927 1.49865365 -0.47072523
v 0.40400555 1.49266529 -0.50180572
v 0.40045735 1.48689186 -0.53498774
v 0.41530096 1.49028933 -0.53625327
v 0.39439672 1.48939406 -0.46736747
v 0.39169615 1.483428 -0.49899879
v 0.38815811 1.47722303 -0.53323376
v 0.385625 1.46942365 -0.56709617
v 0.39661434 1.47976434 -0.5683853
v 0.38197562 1.47018683 -0.49652484
v 0.37934878 1.46331083 -0.53167128
v 0.37813323 1.45451664 -0.56607174
v 0.3768973 1.44509756 -0.59677058
v 0.38291713 1.46045923 -0.59844815
v 0.37202826 1.44717693 -0.5304594
v 0.37149521 1.4373815 -0.5653119
v 0.37073668 1.42761743 -0.59575825
v 0.37021863 1.41817116 -0.62112307
v 0.37555205 1.43497157 -0.62331551
v 0.36337423 1.41985988 -0.56421101
v 0.36311903 1.40986239 -0.5943396
v 0.36300376 1.40029823 -0.61810165
v 0.36271926 1.39077806 -0.63735437
v 0.36946418 1.40818905 -0.64210283
v 0.35323935 1.39083802 -0.59220826
v 0.3533647 1.38068926 -0.61455076
v 0.35331618 1.37162566 -0.6319226
v 0.33958724 1.356884 -0.61250096
v 0.33978715 1.34791612 -0.62898987
v 0.33968836 1.3406775 -0.64232164
v 0.33925539 1.36800038 -0.59048795
v 0.35335794 1.40172922 -0.56233316
v 0.33945798 1.380818 -0.55972904
v 0.35262039 1.41344296 -0.52622866
v 0.33876392 1.39460372 -0.52276378
v 0.31962901 1.37234103 -0.51825314
v 0.33861699 1.40656328 -0.48378923
v 0.31975248 1.38634336 -0.47815179
v 0.29587367 1.36576449 -0.47246769
v 0.26689985 1.347386 -0.46763059
v 0.35227689 1.42375052 -0.48812168
v 0.36330199 1.43042314 -0.52869546
v 0.36333438 1.43938577 -0.4916647
v 0.36435079 1.44660842 -0.45604258
v 0.37282443 1.45508647 -0.49424669
v 0.37442368 1.46164894 -0.46007552
v 0.37772917 1.46718812 -0.43012571
v 0.38415029 1.47648108 -0.4637269
v 0.38747596 1.4817444 -0.43494412
v 0.39247712 1.48491776 -0.41006088
v 0.38232809 1.47094345 -0.40421745
v 0.39780539 1.48743581 -0.38915187
v 0.38749522 1.47398471 -0.38316029
v 0.4024831 1.48959136 -0.37215814
v 0.39211392 1.47687685 -0.36703756
v 0.4060643 1.49116754 -0.35914608
v 0.39593055 1.47932529 -0.35488754
v 0.40935239 1.49164676 -0.34856909
v 0.39962524 1.48044955 -0.34471282
v 0.41348171 1.49064052 -0.34043666
v 0.40430334 1.47986972 -0.3365862
v 0.4185985 1.48788785 -0.33427524
v 0.42141962 1.4999237 -0.34222737
v 0.42580282 1.49710345 -0.33594739
v 0.4315398 1.49315059 -0.33683648
v 0.44144225 1.499722 -0.34283313
v 0.41797766 1.50168061 -0.35081431
v 0.42545071 1.5094881 -0.35223779
v 0.42272034 1.51026177 -0.36443477
v 0.43117699 1.51555466 -0.36617261
v 0.43219733 1.51450479 -0.35328218
v 0.41492781 1.50186562 -0.36205133
v 0.4114657 1.5009067 -0.37572637
v 0.41987192 1.5098325 -0.378522
v 0.41568145 1.50900006 -0.39608123
v 0.42679509 1.5140444 -0.39893797
v 0.42964875 1.51578998 -0.3810954
v 0.40684932 1.49936783 -0.39312544
v 0.4019688 1.49771952 -0.41448101
v 0.4118489 1.50718367 -0.41783979
v 0.39750453 1.49464976 -0.43932959
v 0.44006675 1.51667618 -0.38222122
v 0.44048452 1.51791143 -0.36658287
v 0.4484331 1.51360797 -0.36606052
v 0.37426692 1.42474186 -0.64551538
v 0.37833848 1.4397341 -0.64945155
v 0.3802627 1.45056211 -0.62607169
v 0.38850879 1.46238005 -0.62878108
v 0.39275533 1.47161316 -0.60013693
v 0.40570139 1.47690975 -0.60139918
v 0.41091859 1.48332035 -0.56926798
v 0.42528832 1.48056185 -0.56933987
v 0.43021935 1.4866302 -0.53627568
v 0.44314557 1.47817897 -0.5350607
v 0.44646856 1.48591411 -0.50307178
v 0.45598775 1.47368991 -0.5002166
v 0.45589941 1.48211038 -0.4701322
v 0.45894271 1.46811568 -0.46531134
v 0.45642587 1.47609233 -0.43832412
v 0.45312416 1.46176123 -0.43279901
v 0.45024693 1.4682666 -0.40969923
v 0.44132497 1.45456528 -0.40454509
v 0.43888473 1.46140348 -0.38570326
v 0.42793992 1.4464848 -0.37951415
v 0.42611572 1.4524753 -0.36523541
v 0.41460946 1.4355843 -0.35801661
v 0.41328853 1.44155693 -0.34724775
v 0.40098023 1.42442321 -0.33592236
v 0.40014255 1.43124997 -0.32726341
v 0.38681212 1.40638124 -0.31651386
v 0.38608092 1.4144864 -0.30917784
v 0.3848578 1.42237758 -0.30342006
v 0.36992341 1.3975737 -0.28287202
v 0.36891326 1.40704238 -0.27814257
v 0.36757075 1.41614317 -0.2749418
v 0.35081026 1.39367723 -0.24407927
v 0.35001391 1.4038912 -0.24146533
v 0.34868708 1.41436982 -0.24016621
v 0.33379986 1.39590072 -0.2012543
v 0.33313807 1.40694844 -0.20060685
v 0.33219766 1.4170407 -0.20067401
v 0.3455514 1.42330825 -0.24038563
v 0.3268843 1.42482709 -0.20269352
v 0.33731177 1.42721593 -0.24366496
v 0.31809389 1.42739641 -0.20570264
v 0.32802692 1.42617201 -0.24849841
v 0.30856728 1.42518067 -0.20905467
v 0.3146018 1.43461489 -0.16281376
v 0.32218626 1.42867839 -0.15982444
v 0.32563164 1.41916036 -0.1581712
v 0.32566237 1.406906 -0.1575641
v 0.33213809 1.41416692 -0.11566267
v 0.32464504 1.39177799 -0.15845136
v 0.33514592 1.38217055 -0.20339593
v 0.35167092 1.3826853 -0.24769279
v 0.37062886 1.38909971 -0.28852024
v -0.04867197 1.75298059 -0.52201521
v -0.09146884 1.73390162 -0.54195851
v -0.12535148 1.70674264 -0.5621711
v -0.15194834 1.67501795 -0.58248287
v -0.17313221 1.64388859 -0.60874056
v -0.19630499 1.61320734 -0.63775074
v -0.22814132 1.59214866 -0.66467362
v -0.26364138 1.57394218 -0.69058632
v -0.30513143 1.55089187 -0.70734977
v -0.35218724 1.52161562 -0.71674823
v -0.39557012 1.48385524 -0.72565972
v -0.39794397 0.54237461 -0.77357834
v -0.37981212 0.54148054 -0.78881502
v -0.38282999 0.59793186 -0.79065448
v -0.36467215 0.53936833 -0.80205065
v -0.36520263 0.59468215 -0.80601626
v -0.36297404 0.6491903 -0.80916053
v -0.34937751 0.59066188 -0.81821656
v -0.34630236 0.64382469 -0.82345235
v -0.34021222 0.69667553 -0.82784587
v -0.32941591 0.63895499 -0.8338955
v -0.32419848 0.691046 -0.84201431
v -0.31470575 0.74283379 -0.84766787
v -0.30755901 0.6864888 -0.85157567
v -0.297762 0.73752307 -0.86041092
v -0.28529137 0.78772699 -0.87078028
v -0.27753439 0.73481583 -0.8567394
v -0.26395413 0.78407365 -0.87042659
v -0.25032764 0.83617621 -0.88435876
v -0.24456909 0.78297829 -0.85872483
v -0.23263238 0.83485156 -0.87303912
v -0.22307899 0.89180988 -0.88015323
v -0.21550731 0.83377015 -0.85817444
v -0.20645108 0.88853591 -0.8657782
v -0.19868387 0.94579356 -0.86350363
v -0.18795682 0.88407468 -0.84658521
v -0.18118496 0.93802982 -0.84600371
v -0.17473234 0.99137091 -0.83441364
v -0.15891391 0.92885565 -0.82389324
v -0.15315151 0.97855502 -0.81511443
v -0.1467491 1.02655851 -0.79828256
v -0.12640026 0.96688181 -0.79347252
v -0.12213049 1.0133332 -0.78072911
v -0.11782199 1.06049406 -0.76259827
v -0.09068127 1.00249254 -0.76264756
v -0.08758971 1.04902112 -0.74795985
v -0.08401265 1.09669101 -0.72968685
v -0.05258793 1.04270196 -0.73403209
v -0.05011868 1.09094286 -0.71806067
v -0.04531807 1.13868784 -0.69940263
v -0.01449097 1.09007155 -0.71184331
v -0.00997093 1.13826799 -0.69592577
v 0.0036255 1.1813631 -0.68136644
v 0.02380689 1.13892459 -0.70044112
v 0.03935908 1.17707204 -0.69288003
v 0.06242756 1.20973682 -0.68311709
v 0.07139521 1.16767823 -0.714589
v 0.09861207 1.19422197 -0.70801985
v 0.09453283 1.15079498 -0.74029892
v 0.11043748 1.12099409 -0.76579523
v 0.05330651 1.13487899 -0.71507459
v 0.04327816 1.09286344 -0.72075384
v 0.01746501 1.09105932 -0.71315884
v 0.01772936 1.04147374 -0.72666931
v 0.04690535 1.04312098 -0.73432362
v -0.01619791 1.04123067 -0.72660791
v -0.01693511 0.99305194 -0.73903638
v 0.01923902 0.99226504 -0.73898714
v -0.05411346 0.99574077 -0.74719822
v -0.05639828 0.94993478 -0.75697422
v -0.01783502 0.94592958 -0.74864482
v -0.09368691 0.957044 -0.77327489
v -0.09727533 0.91139847 -0.77876621
v -0.05946396 0.90470671 -0.76208108
v -0.1309653 0.91973489 -0.80036979
v -0.13617985 0.87215894 -0.80018365
v -0.10182266 0.86568009 -0.77841109
v -0.16482125 0.87844222 -0.82391649
v -0.17185501 0.82890057 -0.8163793
v -0.14264944 0.82510024 -0.79351317
v -0.19655273 0.8319863 -0.83938586
v -0.20654742 0.78201526 -0.82574659
v -0.18123655 0.78085321 -0.80411613
v -0.22618064 0.78235918 -0.84394216
v -0.24004353 0.73381584 -0.82737809
v -0.21919368 0.73448252 -0.80809849
v -0.25848582 0.73407918 -0.84398251
v -0.27203783 0.68625414 -0.82875925
v -0.25488829 0.6877498 -0.80927902
v -0.28819429 0.68525815 -0.84416562
v -0.29588833 0.63631558 -0.8270635
v -0.28235295 0.63859885 -0.81088048
v -0.31047266 0.63539904 -0.83756458
v -0.3161228 0.58625906 -0.82185858
v -0.30329743 0.58785677 -0.8094936
v -0.33268493 0.58757311 -0.82442212
v -0.33534219 0.53582829 -0.81600397
v -0.32170331 0.53659242 -0.80788493
v -0.3509379 0.5370351 -0.81340473
v -0.33419966 0.4828566 -0.80560231
v -0.32397899 0.48561197 -0.79456734
v -0.31618383 0.48923447 -0.77937734
v -0.31078952 0.53873282 -0.79418677
v -0.30645957 0.49369931 -0.7605701
v -0.29953476 0.54174071 -0.77694195
v -0.29052621 0.59033262 -0.79327201
v -0.2823953 0.54556614 -0.75725126
v -0.27467143 0.5934987 -0.77432811
v -0.26651865 0.64139014 -0.79098564
v -0.25287422 0.59707576 -0.7531709
v -0.24580369 0.6445617 -0.76892733
v -0.23409418 0.68988573 -0.78769278
v -0.21702221 0.64666193 -0.74706262
v -0.20666822 0.69120508 -0.76645904
v -0.19318571 0.73469537 -0.78746271
v -0.17170904 0.69071894 -0.74721878
v -0.16060595 0.73380094 -0.76711559
v -0.15070763 0.77885144 -0.78245723
v -0.12274543 0.73118859 -0.74996155
v -0.11466635 0.7755469 -0.76285445
v -0.10764163 0.82039463 -0.77251952
v -0.07430353 0.77060222 -0.74917495
v -0.06831698 0.81499838 -0.75718289
v -0.06336718 0.85972058 -0.76192438
v -0.027125 0.80921137 -0.75095319
v -0.02294213 0.85439556 -0.75413447
v -0.01973951 0.89987647 -0.75374048
v 0.01650567 0.85000026 -0.75706613
v 0.01902682 0.89672339 -0.75534278
v 0.01985341 0.94415646 -0.74948698
v 0.05449326 0.89464652 -0.76787334
v 0.05434801 0.94439566 -0.76042974
v 0.05172354 0.99391776 -0.74805694
v 0.08067706 0.94685757 -0.77891039
v 0.07724677 0.99794066 -0.76472765
v 0.09710902 0.95216184 -0.7976616
v 0.09358196 1.00535154 -0.78417736
v 0.11085339 0.95934432 -0.81494063
v 0.10742971 1.01452565 -0.80138891
v 0.12975817 0.96516734 -0.82753068
v 0.12608325 1.02176499 -0.81230932
v 0.12078025 1.07543098 -0.79171729
v 0.14962232 1.02755832 -0.81426984
v 0.11249013 0.90441054 -0.82696402
v 0.09750862 0.89743876 -0.80888396
v 0.0951341 0.84417623 -0.8181957
v 0.08175896 0.89401549 -0.78920787
v 0.07887768 0.8418051 -0.79443842
v 0.07443979 0.79234784 -0.79663246
v 0.05216845 0.84618508 -0.77063572
v 0.04815948 0.79826313 -0.77106225
v 0.04394687 0.75178593 -0.76897752
v 0.01289392 0.80357056 -0.75523769
v 0.00827624 0.75800752 -0.75133502
v 0.00335084 0.71336519 -0.7444204
v -0.03220711 0.76446133 -0.74465334
v -0.0380844 0.72019344 -0.73602283
v -0.04388141 0.67673039 -0.7249034
v -0.0812047 0.72645068 -0.73902046
v -0.08826887 0.68306338 -0.72503626
v -0.09401336 0.63933056 -0.7116692
v -0.1313734 0.68763041 -0.73342281
v -0.13829629 0.64384907 -0.71694791
v -0.14284414 0.59905391 -0.70270246
v -0.1801293 0.64655655 -0.72878241
v -0.18513645 0.60065835 -0.71400529
v -0.18832726 0.5550304 -0.69827055
v -0.22268985 0.59983027 -0.73174417
v -0.22656105 0.5534861 -0.71533328
v -0.22872243 0.50749856 -0.69776159
v -0.25826552 0.54989397 -0.73646754
v -0.26186376 0.50417751 -0.71813392
v -0.2623519 0.45705205 -0.70133936
v -0.28809571 0.49934119 -0.73922389
v -0.00461384 1.70624065 -0.7001248
v -0.05145247 1.68642246 -0.72683328
v -0.05689548 1.666875 -0.76393514
v -0.09548894 1.65760469 -0.74771463
v -0.06185706 1.645141 -0.79997837
v -0.1004715 1.63604724 -0.78366154
v -0.13625964 1.6246196 -0.76523715
v -0.10507708 1.61299371 -0.81879454
v -0.14083157 1.60160172 -0.80026191
v -0.17223516 1.58979046 -0.7823382
v -0.14546063 1.57803893 -0.83441978
v -0.17683279 1.56653964 -0.81622916
v -0.20272223 1.55508124 -0.80028843
v -0.18236769 1.54348886 -0.84958869
v -0.20925284 1.53230989 -0.83316183
v -0.23087877 1.51986002 -0.81865805
v -0.21697327 1.50924909 -0.8649919
v -0.23901954 1.49742543 -0.84993207
v -0.25881421 1.48407137 -0.83488935
v -0.24731262 1.47457051 -0.87856823
v -0.26820564 1.46319091 -0.86316657
v -0.29561096 1.46081244 -0.85307586
v -0.2769005 1.44329512 -0.88915872
v -0.30288359 1.43934822 -0.8775689
v -0.28590917 1.41986 -0.91297149
v -0.30883812 1.41613578 -0.89949756
v -0.26593655 1.42768669 -0.92931306
v -0.27722001 1.40070855 -0.9515075
v -0.2561931 1.45233571 -0.90468382
v -0.23345838 1.46274733 -0.92271381
v -0.24242404 1.43665456 -0.94812315
v -0.22477982 1.48636043 -0.89489448
v -0.19720247 1.49627888 -0.91258186
v -0.2053284 1.47074413 -0.94068086
v -0.18923825 1.52012372 -0.88195371
v -0.15739007 1.53008186 -0.90067899
v -0.16430348 1.50439643 -0.93119907
v -0.15082505 1.55417788 -0.86793768
v -0.11585154 1.56473696 -0.88723331
v -0.12214984 1.53915667 -0.91979938
v -0.11007549 1.58915257 -0.85328799
v -0.07227645 1.59764266 -0.86995565
v -0.07826743 1.57226097 -0.90406972
v -0.06682907 1.62195682 -0.83523696
v -0.47790655 1.42281436 -0.92051506
v -0.48281416 1.40436196 -0.9283787
v -0.46935835 1.39183592 -0.90705823
v -0.47776162 1.39056778 -0.94124686
v -0.46358931 1.37547433 -0.92093139
v -0.46605926 1.38416338 -0.95568472
v -0.44852095 1.36953198 -0.93721759
v -0.44971969 1.38875806 -0.96680915
v -0.48425015 1.40573251 -0.97490304
v -0.47038617 1.40820717 -0.98536843
v -0.45624685 1.42079126 -0.987612
v -0.49004295 1.43380975 -1.00354278
v -0.47660988 1.44270575 -1.00442767
v -0.46814695 1.45545399 -0.9977898
v -0.44824284 1.43745744 -0.98067903
v -0.46876645 1.46677291 -0.98490619
v -0.4511052 1.45124268 -0.96630823
v -0.47758778 1.47214281 -0.97164857
v -0.46212318 1.45691609 -0.95149475
v -0.49149972 1.4699614 -0.96267634
v -0.47827947 1.45165109 -0.94199031
v -0.50388765 1.45974147 -0.9639796
v -0.49190339 1.43878424 -0.94168448
v -0.51091879 1.44789159 -0.97123372
v -0.49707052 1.42335712 -0.9499281
v -0.51025766 1.43767011 -0.9829576
v -0.49524653 1.41030359 -0.96229928
v -0.50273001 1.43210244 -0.99501007
v -0.52272409 1.46755123 -1.00153088
v -0.51736384 1.46255219 -1.0127033
v -0.50576591 1.46348607 -1.01924371
v -0.52614301 1.49360203 -1.02663505
v -0.51677376 1.4932419 -1.03283333
v -0.50670427 1.49645495 -1.03420424
v -0.4938313 1.46901643 -1.02036154
v -0.50001293 1.5026474 -1.02826392
v -0.48596841 1.47814655 -1.01383352
v -0.49838215 1.50893974 -1.01921248
v -0.48472926 1.48696649 -1.00285017
v -0.50264012 1.5132718 -1.00968253
v -0.49148705 1.49176788 -0.99130904
v -0.5116831 1.5137726 -1.00327706
v -0.5029326 1.49132812 -0.98362696
v -0.52177387 1.51010704 -1.00293254
v -0.51447624 1.48451066 -0.98457992
v -0.52850151 1.50358402 -1.00904643
v -0.52178657 1.47567856 -0.99121546
v -0.53096753 1.49748563 -1.01758098
v -0.53235673 1.52924263 -1.02362823
v -0.53472012 1.52475845 -1.03074264
v -0.53140986 1.52125656 -1.037925
v -0.53530186 1.54787647 -1.04132604
v -0.5335322 1.54528045 -1.04705846
v -0.5294547 1.54399681 -1.05139279
v -0.52447593 1.52038502 -1.04335951
v -0.52279168 1.5448991 -1.05275058
v -0.5162273 1.52236843 -1.04433918
v -0.51789164 1.54742026 -1.04986298
v -0.51002556 1.526371 -1.04028153
v -0.51644021 1.5506649 -1.04415822
v -0.50882685 1.53091776 -1.03297054
v -0.51811265 1.55313766 -1.038396
v -0.51123869 1.53423404 -1.02557194
v -0.5224694 1.55439925 -1.03400993
v -0.5178976 1.53551554 -1.02026367
v -0.52886682 1.55345261 -1.03309404
v -0.52605181 1.53368043 -1.01920688
v -0.53416717 1.55090868 -1.035833
v -0.53541511 1.5664587 -1.05002176
v -0.53415918 1.56482756 -1.05376422
v -0.53144663 1.56386995 -1.05690741
v -0.52355444 1.56910991 -1.04887366
v -0.52784371 1.58043897 -1.05647397
v 0.05571024 0.56030231 -0.81448268
v 0.0604368 0.56277769 -0.84443068
v 0.07014178 0.60984098 -0.85059213
v 0.06989208 0.5655657 -0.87019538
v 0.08214938 0.61316192 -0.87601786
v 0.09442691 0.66143703 -0.87979519
v 0.1016689 0.61351954 -0.89254689
v 0.11631149 0.66244667 -0.89472973
v 0.12972706 0.71146917 -0.89431107
v 0.14369429 0.66161561 -0.9008848
v 0.15884132 0.71025884 -0.89908421
v 0.17107048 0.75892102 -0.89290833
v 0.19185444 0.70903581 -0.90346688
v 0.20377512 0.75840014 -0.89777541
v 0.21021741 0.81048512 -0.88706988
v 0.23648577 0.75922465 -0.90557444
v 0.24122551 0.8130691 -0.89447623
v 0.2396557 0.8696081 -0.87700986
v 0.26794013 0.81755209 -0.90235996
v 0.26441302 0.87585449 -0.88349109
v 0.25771206 0.93350797 -0.86034393
v 0.28528389 0.8819673 -0.88857376
v 0.27745971 0.93953037 -0.8636564
v 0.26940307 0.99485403 -0.83813929
v 0.29556763 0.94270795 -0.86275821
v 0.28688663 0.99697816 -0.83664315
v 0.28191486 1.05048453 -0.81463694
v 0.30264574 0.99651962 -0.83033406
v 0.297522 1.04922056 -0.80868965
v 0.29668569 1.09972298 -0.78698498
v 0.28169795 1.10221183 -0.79239475
v 0.30034807 1.14648914 -0.7610889
v 0.28651094 1.15035128 -0.76529455
v 0.3090139 1.18928241 -0.7330833
v 0.31151068 1.14102852 -0.75239944
v 0.31994226 1.18356084 -0.72696018
v 0.33129847 1.22289454 -0.70344919
v 0.32762193 1.17670011 -0.71647757
v 0.33858463 1.21645426 -0.69521105
v 0.35091736 1.25365209 -0.67838561
v 0.34330961 1.21045362 -0.68353724
v 0.35626268 1.24942183 -0.66883957
v 0.36875152 1.28137266 -0.66090834
v 0.36138591 1.24680972 -0.65648716
v 0.37432882 1.28153324 -0.64885652
v 0.38433641 1.31036555 -0.6483578
v 0.37851047 1.30761432 -0.65965277
v 0.39172068 1.33157885 -0.6521238
v 0.38603895 1.32740068 -0.66390037
v 0.39906683 1.35004115 -0.65734517
v 0.39411211 1.34429287 -0.66942483
v 0.40877646 1.36660182 -0.66319561
v 0.40387821 1.36049437 -0.67509365
v 0.41657474 1.38172054 -0.66828429
v 0.41559383 1.37362909 -0.68027693
v 0.42394864 1.39570629 -0.67331117
v 0.42305558 1.38740968 -0.68583416
v 0.42487078 1.37806356 -0.69609236
v 0.42642656 1.36789238 -0.70627361
v 0.42799872 1.40078294 -0.69265717
v 0.4310016 1.39062535 -0.70379209
v 0.43331369 1.37891697 -0.7143886
v 0.43497392 1.36584246 -0.72590202
v 0.42852327 1.3558439 -0.71649247
v 0.42808452 1.40132272 -0.71385204
v 0.42966595 1.38888216 -0.72486263
v 0.43060734 1.37491571 -0.73630958
v 0.4294205 1.35937726 -0.74836266
v 0.43389222 1.35172748 -0.73981726
v 0.4201501 1.39637863 -0.73382753
v 0.42119437 1.38232147 -0.7450537
v 0.42046991 1.36649262 -0.75606769
v 0.41855052 1.34923076 -0.76807016
v 0.42664194 1.34252703 -0.76132923
v 0.40915504 1.3875823 -0.75138628
v 0.40934133 1.37126696 -0.76154136
v 0.40860244 1.35356283 -0.7728331
v 0.40681549 1.33490812 -0.78449696
v 0.41627937 1.33132314 -0.78155952
v 0.39653477 1.37100839 -0.76072192
v 0.39682245 1.35376179 -0.77220505
v 0.39615693 1.33580923 -0.78427356
v 0.39509156 1.31850135 -0.79830408
v 0.40407133 1.31725895 -0.79867768
v 0.38888353 1.34920764 -0.76603692
v 0.38874715 1.33232855 -0.77956587
v 0.38841152 1.31557095 -0.7941485
v 0.38822332 1.29887354 -0.80948746
v 0.39340531 1.30120921 -0.81280785
v 0.38898748 1.32543921 -0.77215433
v 0.38903266 1.30929398 -0.78775036
v 0.38885083 1.29366874 -0.80438637
v 0.38813865 1.27872645 -0.82108974
v 0.38749599 1.28276252 -0.82494294
v 0.39378583 1.30337035 -0.7825489
v 0.39277899 1.28829371 -0.79987084
v 0.39119443 1.27447831 -0.81749677
v 0.38926491 1.261482 -0.8345353
v 0.38749578 1.26437377 -0.83717918
v 0.39913803 1.28424131 -0.79727315
v 0.39632245 1.27103412 -0.81537878
v 0.39320984 1.2595241 -0.83309757
v 0.38868179 1.253214 -0.84627276
v 0.40286386 1.26930487 -0.81509822
v 0.40704122 1.28191494 -0.79679566
v 0.41405403 1.28268241 -0.79918223
v 0.40855523 1.26987838 -0.81672442
v 0.41676756 1.28698873 -0.80408179
v 0.41061681 1.27353978 -0.82095342
v 0.41368913 1.29241323 -0.8085407
v 0.40839517 1.2778784 -0.82443851
v 0.40800315 1.29668426 -0.81122803
v 0.40348589 1.28120482 -0.82666051
v 0.39844858 1.26662409 -0.84125042
v 0.39775899 1.28337657 -0.82768505
v 0.39438802 1.26798403 -0.84182101
v 0.39212307 1.26157045 -0.84707868
v 0.39046728 1.26845574 -0.84122431
v 0.38710096 1.26735043 -0.83971113
v 0.39142799 1.28443884 -0.82739019
v 0.40097811 1.30004525 -0.8131591
v 0.41246053 1.31353545 -0.79622721
v 0.41875717 1.30836248 -0.79185342
v 0.42340204 1.32547712 -0.7761017
v 0.42290851 1.30173122 -0.78633898
v 0.42811068 1.31840014 -0.76945346
v 0.43150901 1.33505642 -0.75369471
v 0.42403721 1.31186485 -0.76230454
v 0.4271427 1.32780611 -0.74547845
v 0.42885622 1.34312152 -0.73070734
v 0.41572257 1.32523882 -0.7426688
v 0.41610217 1.33871102 -0.72770071
v 0.40266639 1.32663917 -0.74429303
v 0.40274694 1.31336486 -0.76108133
v 0.39352279 1.31813621 -0.76512974
v 0.39240372 1.33212637 -0.74922329
v 0.41414228 1.3110938 -0.75990748
v 0.41068071 1.29652583 -0.77846413
v 0.40164277 1.29892492 -0.7790572
v 0.41953751 1.29683733 -0.78090071
v 0.38793715 1.34088182 -0.75722736
v 0.38750928 1.36493217 -0.75366377
v 0.38832068 1.24731266 -0.85484397
v 0.41933643 1.3888334 -0.6535502
v 0.41179233 1.37343525 -0.64854818
v 0.41762846 1.37933456 -0.63216108
v 0.40540659 1.35545456 -0.64387524
v 0.41156861 1.36109709 -0.62788587
v 0.42019045 1.36620259 -0.60878115
v 0.40485364 1.34035205 -0.62392032
v 0.41326093 1.34446787 -0.60591602
v 0.42472851 1.34898829 -0.57722997
v 0.40553969 1.318542 -0.60327518
v 0.41732847 1.32116079 -0.57477992
v 0.42730185 1.32482445 -0.53738701
v 0.41031482 1.28803217 -0.57374447
v 0.42267188 1.29138457 -0.53536886
v 0.42074459 1.25220036 -0.53695094
v 0.40627276 1.24977886 -0.5749824
v 0.408948 1.20763075 -0.58127176
v 0.42498758 1.20672333 -0.54381692
v 0.3966512 1.28603053 -0.60227441
v 0.38929048 1.2480421 -0.60531425
v 0.38820168 1.20719611 -0.61089479
v 0.39448201 1.1616317 -0.62227511
v 0.41819638 1.16298222 -0.59284782
v 0.37506622 1.24689567 -0.62870889
v 0.36977404 1.20471906 -0.63549673
v 0.3741509 1.15969336 -0.64587563
v 0.37797087 1.11544644 -0.66331321
v 0.40148454 1.11529862 -0.63736772
v 0.35756623 1.20294678 -0.65353208
v 0.35617712 1.16025042 -0.66852307
v 0.35756889 1.11724805 -0.68687027
v 0.35920402 1.07203364 -0.7050814
v 0.38114672 1.06911587 -0.68104654
v 0.34332248 1.16387474 -0.68728005
v 0.34186941 1.12158048 -0.70723044
v 0.34163031 1.07686746 -0.7271288
v 0.34396779 1.02884793 -0.74726808
v 0.36194512 1.02411615 -0.72417026
v 0.32962593 1.12765181 -0.72559183
v 0.32855337 1.08278453 -0.74644786
v 0.33085998 1.0344727 -0.76681923
v 0.33677768 0.98277002 -0.78783923
v 0.34947249 0.97747081 -0.76748961
v 0.31830692 1.08920252 -0.76294535
v 0.32043293 1.04044306 -0.78369766
v 0.32638746 0.98854458 -0.80501365
v 0.33507826 0.93391895 -0.82876527
v 0.3450523 0.9277926 -0.81018519
v 0.31021356 1.04571664 -0.79796248
v 0.31567344 0.99355715 -0.81943434
v 0.32484361 0.93954259 -0.84440302
v 0.31167855 0.94261974 -0.85604482
v 0.3215878 0.88534522 -0.88233172
v 0.30454665 0.88558292 -0.88937968
v 0.31106951 0.82531595 -0.91184806
v 0.29040727 0.82243633 -0.90944844
v 0.2911314 0.76350504 -0.92385327
v 0.266285 0.76106023 -0.91496688
v 0.25764596 0.70827162 -0.9209215
v 0.22683607 0.70848089 -0.91136032
v 0.2084257 0.65899926 -0.91171389
v 0.17518015 0.66029977 -0.9048677
v 0.15458102 0.61003637 -0.90310698
v 0.12674066 0.61215674 -0.8996039
v 0.10925701 0.56259268 -0.89661181
v 0.08659251 0.56499141 -0.88835579
v 0.30868482 1.09511876 -0.77660155
v 0.32087889 1.13455009 -0.74036878
v 0.3346014 1.169649 -0.70369118
v 0.34795948 1.20594263 -0.66983598
v 0.36685082 1.24637329 -0.64355021
v 0.38743662 1.28419733 -0.62166315
v 0.38049137 1.28321516 -0.63581192
v 0.39720231 1.31612861 -0.62112516
v 0.39078721 1.31361293 -0.63500767
v 0.39811652 1.33616256 -0.63879925
v 0.35758027 0.92286145 -0.78832
v 0.36687517 0.97350728 -0.7437666
v 0.38423603 1.02121317 -0.69948488
v 0.40561497 1.06770467 -0.65576547
v 0.4248 1.11493635 -0.60962069
v 0.43457034 1.15952765 -0.55794197
v 0.46578294 1.23310256 -0.12367191
v 0.4781892 1.27010393 -0.08319812
v 0.51061308 1.28747999 -0.07546554
v 0.49009215 1.31661152 -0.05856525
v 0.54002976 1.31068098 -0.07629554
v 0.51843768 1.33719813 -0.05953859
v 0.49807804 1.36560881 -0.04738561
v 0.54188597 1.36164999 -0.06894252
v 0.51989346 1.38744568 -0.05590519
v 0.49757024 1.41393935 -0.04690811
v 0.53545278 1.41177749 -0.07077047
v 0.51059281 1.43506467 -0.05844331
v 0.48491266 1.45685482 -0.04754873
v 0.51650208 1.45736444 -0.07493304
v 0.48831158 1.47523808 -0.0621961
v 0.48576641 1.49483919 -0.08529327
v -0.6500048 0.11903711 -0.67043715
v -0.68553131 0.17637313 -0.62162727
v -0.59264105 0.10476628 -0.57463324
v -0.58651655 0.097824 -0.58380675
v -0.57855194 0.08137913 -0.58929902
v -0.61572724 0.10178742 -0.58830821
v -0.60870987 0.09248651 -0.59685146
v -0.59999799 0.07295586 -0.6015957
v -0.58797854 0.04686354 -0.604909
v -0.56788009 0.05445811 -0.59347462
v -0.61494046 0.06842923 -0.61755007
v -0.60255354 0.04109552 -0.62034136
v -0.58808267 0.01038615 -0.62218391
v -0.5748943 0.01599212 -0.60838139
v -0.62330091 0.0656161 -0.63638371
v -0.6100735 0.0374658 -0.63847488
v -0.59395283 0.00699172 -0.63956302
v -0.57597559 -0.02477196 -0.64126491
v -0.57007604 -0.02120862 -0.62601208
v -0.55965727 -0.01656238 -0.61334258
v -0.55631631 0.0225079 -0.59931975
v 0.18115674 0.44327279 -0.89433044
v 0.20513381 0.39408886 -0.892205
v 0.21176044 0.44048222 -0.90347826
v 0.22187951 0.49194589 -0.91276174
v 0.23872964 0.44145488 -0.91245013
v 0.24616764 0.49195599 -0.91855514
v 0.26141807 0.54311209 -0.92618399
v 0.26924529 0.49199259 -0.91837084
v 0.2814652 0.54206997 -0.92410099
v 0.30388012 0.59390151 -0.93195056
v 0.29802751 0.54357844 -0.91341495
v 0.3172439 0.59616631 -0.91712617
v 0.30800458 0.54765468 -0.89698702
v 0.30383497 0.49509733 -0.89571243
v 0.31595209 0.550206 -0.87877291
v 0.28944543 0.49309736 -0.91079515
v 0.28696203 0.44464284 -0.91042983
v 0.26430818 0.44334673 -0.91561412
v 0.26302886 0.39439085 -0.91231149
v 0.2354585 0.39347645 -0.90458619
v 0.42549836 0.69438552 -0.75544631
v 0.45645847 0.6994704 -0.73359072
v 0.45309284 0.75797277 -0.7387098
v 0.39968451 0.69822281 -0.78478938
v 0.38116616 0.64350009 -0.77957195
v 0.4072228 0.64203858 -0.75184798
v 0.44299486 0.64392679 -0.72939139
v 0.47557294 0.65084683 -0.71587169
v 0.48362749 0.71208429 -0.71732312
v 0.50166356 0.65802037 -0.70317387
v 0.50331699 0.7209571 -0.69981825
v 0.49292677 0.7789396 -0.69244867
v 0.47602129 0.77166646 -0.71552354
v 0.47869074 0.82851219 -0.68129646
v 0.46186834 0.82343697 -0.70985603
v 0.46613344 0.87455338 -0.66799682
v 0.48385408 0.82596933 -0.65237665
v 0.47157487 0.86969059 -0.63614916
v 0.46187707 0.9138596 -0.61900168
v 0.46769848 0.8618626 -0.60565096
v 0.45899295 0.90625172 -0.58692038
v 0.45240443 0.95171612 -0.56734156
v 0.4544841 0.89807856 -0.5534951
v 0.44956931 0.94314444 -0.53296917
v 0.4456821 0.98903596 -0.51159501
v 0.45226916 0.93440836 -0.49727082
v 0.44951501 0.97917717 -0.47567266
v 0.44589397 1.02417016 -0.45292207
v 0.45916149 0.96889501 -0.43951001
v 0.45648172 1.0123763 -0.41632595
v 0.45273065 1.0549277 -0.39166665
v 0.47305023 1.00014793 -0.38114181
v 0.47124537 1.04097914 -0.35577404
v 0.46869513 1.07861411 -0.32966375
v 0.49551263 1.02674722 -0.32330197
v 0.4969047 1.0634725 -0.29728189
v 0.52461499 1.01165711 -0.29610687
v 0.52968806 1.04826319 -0.27142366
v 0.55227184 0.99245399 -0.26871332
v 0.56051951 1.02826809 -0.24592588
v 0.56931769 0.97057145 -0.2340911
v 0.58093881 1.00446414 -0.21437835
v 0.59774863 1.03534412 -0.19788736
v 0.5874502 0.98391854 -0.17619645
v 0.60750001 1.01321792 -0.16033467
v 0.6295197 1.03913509 -0.14621068
v 0.61547452 1.06257093 -0.18120156
v 0.61102908 0.99485176 -0.12232643
v 0.63554078 1.02095413 -0.10927163
v 0.65973019 1.04384338 -0.0968401
v 0.63977915 1.00059032 -0.0747423
v 0.6626439 1.02240622 -0.06332609
v 0.6855281 1.0399909 -0.05214407
v 0.61709332 0.97495406 -0.08624211
v 0.62837457 0.95382714 -0.05425884
v 0.59777426 0.94500523 -0.09912052
v 0.58977091 0.96530222 -0.13649249
v 0.57464087 0.93216127 -0.15248476
v 0.57298857 0.95114743 -0.19377628
v 0.56603109 0.91687548 -0.21142272
v 0.56325608 0.93616569 -0.25306052
v 0.56231808 0.9012587 -0.27043256
v 0.54713434 0.95639807 -0.29017055
v 0.54602378 0.91924148 -0.30891829
v 0.54828494 0.88127577 -0.32501539
v 0.52058029 0.93409788 -0.34064519
v 0.52151441 0.89437419 -0.35799852
v 0.52254176 0.85545527 -0.37267729
v 0.49614027 0.90558433 -0.39065781
v 0.49697521 0.86556923 -0.40741851
v 0.49828672 0.82636427 -0.42218378
v 0.47655436 0.87425637 -0.4437173
v 0.47879701 0.83364975 -0.46092888
v 0.4816994 0.79384195 -0.4769487
v 0.46612399 0.84029847 -0.50035768
v 0.47092646 0.79923355 -0.51905232
v 0.47658368 0.75860482 -0.5369209
v 0.46715691 0.8044976 -0.55893164
v 0.47655877 0.76218283 -0.57791924
v 0.4891448 0.71889656 -0.59300148
v 0.48415336 0.76741772 -0.6120603
v 0.49939787 0.72068476 -0.62643182
v 0.5133146 0.67034322 -0.63557189
v 0.50962781 0.72291702 -0.65411371
v 0.52341109 0.66734677 -0.66257798
v 0.51638364 0.72479772 -0.67715591
v 0.51987654 0.66341406 -0.68705707
v 0.49367025 0.77343583 -0.64100229
v 0.50115871 0.77869176 -0.66608274
v 0.47909089 0.81836468 -0.62370312
v 0.47091925 0.81070244 -0.59334439
v 0.46154838 0.85387742 -0.57364589
v 0.46070033 0.84693092 -0.53845286
v 0.45560443 0.89025151 -0.5180183
v 0.46294596 0.88242894 -0.48113086
v 0.46099987 0.92538404 -0.46096435
v 0.47548934 0.91581493 -0.42508029
v 0.47457048 0.95799666 -0.40434458
v 0.49547463 0.94645142 -0.37131789
v 0.49502024 0.98720228 -0.34873575
v 0.52106416 0.97341895 -0.31973967
v -0.26176935 0.82001632 -1.13370323
v -0.29723602 0.81225794 -1.14281117
v -0.26611733 0.81056547 -1.14927411
v -0.3035714 0.80342555 -1.15859949
v -0.27148947 0.80079698 -1.16543102
v -0.31232601 0.796121 -1.17939269
v -0.27944377 0.79282707 -1.18640482
v -0.24649411 0.79742431 -1.19584024
v -0.29095444 0.78493833 -1.21488046
v -0.25828126 0.78789681 -1.22555756
v -0.22841869 0.79488134 -1.23960137
v -0.27505216 0.78001499 -1.26379954
v -0.24666684 0.78572136 -1.27858805
v -0.2227635 0.79560184 -1.29478156
v -0.26813307 0.78229504 -1.32147395
v -0.24679097 0.79257333 -1.33712995
v -0.23167571 0.8066746 -1.35160088
v -0.20478603 0.80995678 -1.31109166
v -0.22170659 0.82427734 -1.36445784
v -0.26032045 0.81101661 -1.3895241
v -0.25124114 0.82719653 -1.39930546
v -0.24629074 0.8461166 -1.40665817
v -0.28177306 0.83434289 -1.42976462
v -0.2770355 0.85014861 -1.43565523
v -0.27737084 0.86741966 -1.43754696
v -0.24575595 0.86576283 -1.41164302
v -0.2823691 0.88535761 -1.43567776
v -0.25195738 0.88581442 -1.41179812
v -0.2924295 0.90019428 -1.42892599
v -0.26434907 0.90344953 -1.40633595
v -0.30652579 0.91203045 -1.41772472
v -0.28103387 0.91762882 -1.39714682
v -0.32377186 0.92101299 -1.40396463
v -0.30190214 0.92801815 -1.38422
v -0.34458163 0.92766779 -1.38985359
v -0.32574835 0.9352318 -1.36980772
v -0.36743363 0.9308421 -1.3791027
v -0.35247844 0.93883484 -1.35669958
v -0.39065715 0.9309234 -1.37229168
v -0.37918388 0.93866646 -1.3457663
v -0.41199517 0.92696064 -1.36657941
v -0.40403974 0.93478643 -1.33701407
v -0.39457345 0.94475823 -1.30764365
v -0.4250203 0.92428737 -1.32931673
v -0.41889509 0.93371897 -1.29647243
v -0.40954896 0.94455915 -1.26501345
v -0.43464544 0.91401088 -1.28677809
v -0.42801713 0.92356091 -1.25256264
v -0.44066268 0.88932246 -1.27923309
v -0.43463659 0.89578425 -1.24302768
v -0.43674761 0.86283445 -1.27369308
v -0.4297353 0.86683225 -1.23646211
v -0.42510625 0.83810138 -1.27144026
v -0.4157325 0.84008479 -1.23273944
v -0.40573087 0.84452039 -1.19955349
v -0.39489772 0.81880182 -1.23286187
v -0.38184383 0.8230288 -1.19934284
v -0.37032553 0.82788509 -1.17314422
v -0.35444241 0.80423963 -1.20229566
v -0.34260633 0.80906897 -1.1750251
v -0.3337844 0.81501537 -1.15547025
v -0.32379853 0.79046946 -1.20706653
v -0.36816659 0.80086743 -1.23593175
v -0.33811092 0.78685557 -1.24190533
v -0.30635976 0.77913999 -1.25126564
v -0.35456702 0.78558582 -1.2820996
v -0.3240202 0.77773279 -1.29271531
v -0.29443052 0.77709245 -1.30624675
v -0.34172007 0.78147196 -1.33500909
v -0.3140189 0.7815485 -1.34873414
v -0.2910301 0.78727716 -1.36323535
v -0.31493368 0.80031001 -1.39906382
v -0.30030146 0.80871462 -1.41152012
v -0.27307945 0.79758489 -1.37720966
v -0.2896617 0.81991148 -1.4218111
v -0.32947197 0.82218855 -1.43741965
v -0.32026466 0.83068001 -1.44690823
v -0.31357303 0.84227663 -1.45430481
v -0.35069161 0.84096956 -1.46348393
v -0.34519058 0.85195988 -1.46956038
v -0.34184786 0.86509621 -1.47220242
v -0.31015124 0.85668551 -1.45794165
v -0.34124991 0.87906312 -1.4709959
v -0.30989149 0.87214231 -1.45807254
v -0.34452593 0.89138752 -1.46462571
v -0.31365212 0.88749599 -1.45413351
v -0.35106998 0.900316 -1.45508408
v -0.32160243 0.89922708 -1.44555008
v -0.3687064 0.89580428 -1.46835339
v -0.3734084 0.9030779 -1.45798289
v -0.38629549 0.90010219 -1.46872031
v -0.38864928 0.90567654 -1.45798397
v -0.39084407 0.90966379 -1.44545662
v -0.38984015 0.91501557 -1.42702436
v -0.40264844 0.91094893 -1.44361877
v -0.40200004 0.91638326 -1.42299723
v -0.39796176 0.92362666 -1.39795291
v -0.37988576 0.9236257 -1.40190076
v -0.4144085 0.90953058 -1.44246161
v -0.4164735 0.91401082 -1.42103374
v -0.41594418 0.92039173 -1.39529025
v -0.42792183 0.90854418 -1.42022836
v -0.43042179 0.91190385 -1.3928287
v -0.4292455 0.91714799 -1.36177277
v -0.44088122 0.89932537 -1.39118492
v -0.44094419 0.90159434 -1.35769224
v -0.43904009 0.90669369 -1.32254445
v -0.44630587 0.88291537 -1.35484767
v -0.4442889 0.88466876 -1.317119
v -0.44418618 0.86284202 -1.35326969
v -0.44164595 0.86157858 -1.31396699
v -0.43533927 0.84373307 -1.35335242
v -0.43163046 0.83940029 -1.31284475
v -0.42198362 0.82698071 -1.35470974
v -0.41639754 0.8203839 -1.31375432
v -0.40674281 0.81754934 -1.27202165
v -0.39613226 0.80323535 -1.31710183
v -0.38291055 0.79968947 -1.27514052
v -0.37022504 0.78957527 -1.32407653
v -0.40471756 0.81182277 -1.3579427
v -0.42247933 0.83453875 -1.39211845
v -0.40543216 0.82199758 -1.39446878
v -0.41766959 0.8417328 -1.42217588
v -0.39981114 0.82984989 -1.42328345
v -0.41031989 0.84862542 -1.44539821
v -0.39172783 0.83686196 -1.44461059
v -0.36845967 0.82626134 -1.43943023
v -0.34159889 0.81451028 -1.42598271
v -0.38330867 0.84384369 -1.4598695
v -0.35855063 0.83283954 -1.45337057
v -0.37653514 0.85219276 -1.47055721
v -0.40283417 0.85608214 -1.46165871
v -0.39654371 0.8640958 -1.47276938
v -0.39175036 0.87296485 -1.47854113
v -0.37142822 0.86261296 -1.47646021
v -0.38799282 0.8826133 -1.47940897
v -0.36808928 0.87396597 -1.47853863
v -0.38589519 0.8918522 -1.47624445
v -0.36687549 0.88578105 -1.47567212
v -0.40347939 0.89014053 -1.47655165
v -0.41532516 0.89529812 -1.47016
v -0.42363676 0.89689081 -1.45854938
v -0.4304988 0.89702868 -1.44216728
v -0.42368835 0.90457922 -1.44212698
v -0.4329023 0.88671851 -1.442595
v -0.44002822 0.88428854 -1.41907
v -0.43619963 0.89765822 -1.41944801
v -0.43082618 0.87494933 -1.44329786
v -0.43823006 0.86977577 -1.41969716
v -0.44303214 0.86591076 -1.38934576
v -0.4449011 0.88306123 -1.38973891
v -0.42340275 0.86187887 -1.44430422
v -0.43034127 0.85541594 -1.42082607
v -0.43483918 0.8495574 -1.39031577
v -0.25287446 -0.00369377 -0.94341856
v -0.26740574 -0.00223719 -0.94223845
v -0.27226206 0.02175134 -0.9498136
v -0.27997055 -0.00163587 -0.93997323
v -0.28674826 0.02206653 -0.94485616
v -0.29395726 0.04801636 -0.95060211
v -0.29949045 0.02097087 -0.93827647
v -0.30767008 0.04775929 -0.94141429
v -0.31446084 0.07770863 -0.94647353
v -0.31901258 0.04701919 -0.93029308
v -0.32671853 0.07759808 -0.93413811
v -0.33119472 0.10833756 -0.93966865
v -0.33650633 0.07801224 -0.92100167
v -0.34075734 0.10856164 -0.92575466
v -0.33442622 0.08100129 -0.90358978
v -0.34086486 0.10964409 -0.90788501
v -0.32635313 0.08459088 -0.88509553
v -0.33290824 0.1126601 -0.88870346
v -0.33920246 0.13500338 -0.89312714
v -0.31765002 0.12005524 -0.86629319
v -0.32215258 0.14509664 -0.86380159
v -0.31259259 0.08975698 -0.86728042
v -0.2949635 0.09586341 -0.85518711
v -0.30497857 0.05569625 -0.87357133
v -0.31650081 0.05219687 -0.8866325
v -0.30439969 0.02328178 -0.89051371
v -0.32419922 0.0488273 -0.90176492
v -0.31147781 0.0205319 -0.90267187
v -0.30071675 -0.00096578 -0.90394622
v -0.31484648 0.01855958 -0.91637617
v -0.30475184 -0.00247161 -0.9158802
v -0.30992287 0.01933369 -0.9291929
v -0.30075418 -0.00246498 -0.92750442
v -0.2913869 -0.00184329 -0.93519252
v -0.32708624 0.04637377 -0.91726911
v 0.53622436 0.55891186 -0.4689908
v 0.527628 0.59888476 -0.4705818
v 0.55615496 0.55577355 -0.42914593
v 0.5484209 0.59554636 -0.42906376
v 0.54144197 0.63394343 -0.42664611
v 0.56893408 0.58785915 -0.39005929
v 0.56375151 0.62572479 -0.38706293
v 0.5589143 0.6621434 -0.38183361
v 0.57449668 0.61315906 -0.34441542
v 0.57101345 0.64892256 -0.33884397
v 0.56791675 0.6841616 -0.33218741
v 0.57432252 0.63492357 -0.29580092
v 0.57207864 0.66987305 -0.28920018
v 0.56974172 0.70490938 -0.28183779
v 0.57929074 0.65539234 -0.24674247
v 0.57633298 0.68946641 -0.23951581
v 0.57337093 0.72363936 -0.23159128
v 0.5917111 0.67433393 -0.19819055
v 0.58799439 0.70718091 -0.19044339
v 0.58455395 0.74049329 -0.18241235
v 0.6136676 0.69443869 -0.15363368
v 0.60896623 0.72663927 -0.14597007
v 0.60520166 0.75939124 -0.13819883
v 0.64339584 0.71802473 -0.116889
v 0.63811117 0.74931514 -0.10938563
v 0.6329115 0.7802695 -0.10008448
v 0.67715448 0.74512875 -0.08871654
v 0.67070126 0.77501303 -0.08000221
v 0.6647371 0.80408263 -0.06918692
v 0.7111535 0.77621561 -0.06969211
v 0.70384508 0.80454033 -0.05942015
v 0.69813805 0.83186167 -0.04736552
v 0.74261117 0.81167632 -0.06104202
v 0.73531675 0.8385806 -0.04947056
v 0.73013013 0.86459237 -0.03722972
v 0.76697462 0.85132151 -0.06292574
v 0.75978827 0.87680494 -0.05008482
v 0.75395441 0.90023922 -0.03793106
v 0.7827323 0.89302223 -0.07086513
v 0.77602416 0.91617149 -0.05751273
v 0.77013641 0.93657577 -0.04618725
v 0.7906726 0.93587493 -0.08391365
v 0.78425967 0.9581986 -0.07177035
v 0.79786545 0.95738947 -0.11543905
v 0.79112285 0.9828419 -0.10107334
v 0.78483766 1.00696647 -0.08477878
v 0.79198551 1.00805401 -0.13407988
v 0.78586608 1.03516447 -0.11724408
v 0.78797894 1.03137946 -0.17095491
v 0.78119957 1.06052911 -0.15508857
v 0.7727319 1.0838648 -0.14122045
v 0.77046346 1.08155942 -0.19476063
v 0.75786882 1.10578322 -0.18044537
v 0.76248115 1.10067939 -0.23116461
v 0.74676495 1.12933278 -0.2152666
v 0.76303887 1.11998748 -0.26553112
v 0.74653238 1.150177 -0.24770578
v 0.77066642 1.13940429 -0.29844406
v 0.7537949 1.17109382 -0.27970248
v 0.73625999 1.2019813 -0.26102972
v 0.76387357 1.19124567 -0.31313863
v 0.74733793 1.22326445 -0.29391518
v 0.73014026 1.25434124 -0.27518549
v 0.71887081 1.2325313 -0.24319252
v 0.71279358 1.28552007 -0.25628697
v 0.73514103 1.27472162 -0.30840328
v 0.71682417 1.30710506 -0.28749525
v 0.69592958 1.33951377 -0.26522055
v 0.71404337 1.32526123 -0.31990927
v 0.69272136 1.35818612 -0.29638922
v 0.66901892 1.39007973 -0.27245608
v 0.68455743 1.37290704 -0.32902452
v 0.66133809 1.40511095 -0.305101
v 0.63620376 1.43540656 -0.28193247
v 0.65108639 1.41762149 -0.33857175
v 0.62682753 1.44842898 -0.31599274
v 0.60107022 1.47638821 -0.29536163
v 0.61739873 1.46098291 -0.35088992
v 0.59293794 1.48943293 -0.331851
v 0.5690689 1.51275599 -0.31664437
v 0.58491522 1.50204956 -0.36915668
v 0.56215673 1.52381396 -0.3558678
v 0.54276913 1.5376687 -0.34722337
v 0.55403477 1.53305304 -0.39493003
v 0.53648477 1.54464626 -0.38737756
v 0.52051425 1.55252194 -0.38174814
v 0.52922767 1.55116629 -0.42626637
v 0.51339942 1.5585612 -0.42043852
v 0.497574 1.56477916 -0.41511321
v 0.50585824 1.56459808 -0.4575673
v 0.49033251 1.57024025 -0.45212352
v 0.47482213 1.57488977 -0.44744941
v 0.48353359 1.57567596 -0.48825851
v 0.46885427 1.58010935 -0.48363331
v 0.46195238 1.59286367 -0.47940757
v 0.46266466 1.58493149 -0.51895302
v 0.45618876 1.59699606 -0.51490199
v 0.46126166 1.61181223 -0.51194858
v 0.45028075 1.59999167 -0.5509327
v 0.45441284 1.61394679 -0.54841613
v 0.45929589 1.62834501 -0.5453571
v 0.44744217 1.61463892 -0.58480298
v 0.45170348 1.62799239 -0.58189415
v 0.45403999 1.64341604 -0.57868313
v 0.44452506 1.62824606 -0.61843985
v 0.44711393 1.64168405 -0.61427497
v 0.444606 1.66629242 -0.61142599
v 0.43954995 1.64259493 -0.64940321
v 0.43556231 1.66130065 -0.6465184
v 0.41949096 1.69095218 -0.64940673
v 0.42588356 1.6574006 -0.68371832
v 0.4101344 1.68268787 -0.68437659
v 0.38353771 1.71047449 -0.68887788
v 0.399695 1.6754812 -0.72053426
v 0.37094342 1.70247316 -0.72252708
v 0.38563183 1.67155861 -0.75503414
v 0.35690805 1.69815838 -0.75438559
v 0.36906895 1.67307984 -0.787171
v 0.34147179 1.69755518 -0.78404563
v 0.35185805 1.67770564 -0.817761
v 0.32637625 1.70104229 -0.81216156
v 0.28915211 1.7182939 -0.80566221
v 0.31191512 1.70857393 -0.84006565
v 0.33450868 1.68805122 -0.85034591
v 0.3176468 1.7021451 -0.88174343
v 0.32964381 1.68022429 -0.89585
v 0.31460246 1.70023512 -0.92694693
v 0.31681826 1.67779302 -0.9428631
v 0.3023124 1.70351302 -0.97233629
v 0.30849483 1.6555016 -0.9574356
v 0.29262042 1.68352389 -0.98617756
v 0.27671769 1.71550858 -1.01207184
v 0.27437016 1.66587054 -0.99544757
v 0.25931429 1.69958126 -1.02096939
v 0.24386414 1.73361265 -1.04148733
v 0.23679776 1.68714737 -1.02444148
v 0.2229713 1.7224828 -1.04475307
v 0.21110814 1.67961359 -1.02182042
v 0.19967983 1.71611273 -1.0413264
v 0.18925808 1.75050854 -1.05756139
v 0.17521749 1.71493649 -1.03223824
v 0.16731062 1.7497071 -1.04917728
v 0.1525073 1.71912944 -1.01902234
v 0.14753311 1.75419306 -1.03703331
v 0.13377308 1.72858524 -1.00264227
v 0.13149467 1.76323437 -1.02216851
v 0.12165115 1.74231779 -0.98431026
v 0.12148404 1.77531707 -1.00529968
v 0.12497033 1.80498337 -1.02485942
v 0.13257668 1.83227849 -1.04354655
v 0.11914173 1.78941583 -0.98732394
v 0.12264163 1.81655478 -1.00899934
v 0.12910728 1.8408271 -1.02944326
v 0.13829878 1.8589859 -1.04569518
v 0.12786549 1.82846677 -0.99350839
v 0.13262501 1.85024917 -1.01446294
v 0.14057669 1.839805 -0.98007822
v 0.14377372 1.85933148 -1.00148201
v 0.1601095 1.84732461 -0.9728471
v 0.15993368 1.86535167 -0.99504298
v 0.18281143 1.85041713 -0.97280347
v 0.16230869 1.82546031 -0.95001256
v 0.14034098 1.81656539 -0.95685321
v 0.14273317 1.78988099 -0.93348169
v 0.12575446 1.80365061 -0.97032678
v 0.12559874 1.77537167 -0.94667297
v 0.12801741 1.74552023 -0.92286551
v 0.1184684 1.75880599 -0.9649254
v 0.11982797 1.72677195 -0.94173717
v 0.12357144 1.69618952 -0.91968011
v 0.12412859 1.70872449 -0.96229589
v 0.12943628 1.67727279 -0.94108051
v 0.13634803 1.64973366 -0.921094
v 0.14504657 1.66145658 -0.9606719
v 0.1530386 1.63240253 -0.94039529
v 0.16706872 1.64976811 -0.97728848
v 0.17636223 1.61974167 -0.95583063
v 0.19359044 1.64314818 -0.99073559
v 0.20395839 1.61316609 -0.96683287
v 0.22272639 1.6445713 -0.99830561
v 0.23383799 1.61457169 -0.97226911
v 0.24439893 1.58935952 -0.94599461
v 0.26321989 1.62241029 -0.97301077
v 0.27526137 1.59791135 -0.94690334
v 0.28632596 1.57986807 -0.92319023
v 0.30334317 1.61319458 -0.94145023
v 0.31579831 1.59656083 -0.91447597
v 0.32359147 1.58586025 -0.89454054
v 0.35219213 1.59693646 -0.86243009
v 0.32785216 1.57976806 -0.88193213
v 0.3547894 1.59194695 -0.85620939
v 0.33050334 1.57610321 -0.87403178
v 0.3569276 1.5876435 -0.85078263
v 0.33289748 1.57368922 -0.86761438
v 0.36067363 1.58265554 -0.84786886
v 0.3364681 1.56953167 -0.86349213
v 0.36652815 1.5792948 -0.84935474
v 0.34143862 1.56587696 -0.86079961
v 0.31330114 1.55558168 -0.86603218
v 0.34667435 1.56330025 -0.86231488
v 0.31892028 1.55152607 -0.86370283
v 0.2925997 1.54446184 -0.86151796
v 0.32476258 1.54681384 -0.86566907
v 0.352559 1.56118166 -0.86643862
v 0.35810297 1.55918526 -0.87235373
v 0.37893161 1.5778346 -0.85815769
v 0.3859522 1.57765293 -0.86471062
v 0.39469921 1.57609355 -0.8738836
v 0.41105228 1.59088087 -0.84989947
v 0.42435959 1.58746027 -0.86060196
v 0.44032603 1.58089053 -0.87401437
v 0.451498 1.59172701 -0.84134745
v 0.47121512 1.5808655 -0.85601937
v 0.49375015 1.5625652 -0.87630087
v 0.49885758 1.57641792 -0.83314722
v 0.52296203 1.55605888 -0.85309582
v 0.54468292 1.53003573 -0.87523663
v 0.54822522 1.54808592 -0.8260402
v 0.56979537 1.51947236 -0.84673976
v 0.58532416 1.48530626 -0.86711061
v 0.5879836 1.50681603 -0.815445
v 0.60324406 1.47139561 -0.83473694
v 0.61474299 1.43356776 -0.85310375
v 0.61858642 1.45907449 -0.80234009
v 0.62790858 1.41969001 -0.82014179
v 0.63445258 1.37885093 -0.83691763
v 0.6395201 1.40731585 -0.78821736
v 0.64431881 1.36562752 -0.80578023
v 0.64412623 1.3224101 -0.82214063
v 0.65261489 1.35339367 -0.77579754
v 0.6511448 1.31022584 -0.79372364
v 0.64115554 1.26690053 -0.80958241
v 0.65795517 1.29859817 -0.76620477
v 0.64695388 1.25576484 -0.78392082
v 0.6270219 1.2160108 -0.79922288
v 0.65455007 1.24414265 -0.75973832
v 0.6339724 1.20327734 -0.7780205
v 0.60346782 1.16516315 -0.7964707
v 0.64430528 1.18963623 -0.7606343
v 0.61812102 1.14879393 -0.78351926
v 0.65876859 1.17727482 -0.73955762
v 0.64013057 1.13259935 -0.76427692
v 0.67406666 1.16582179 -0.70589458
v 0.66287255 1.12172675 -0.72858476
v 0.6882683 1.15606439 -0.66535329
v 0.68069469 1.11284244 -0.68421727
v 0.67069482 1.06819224 -0.69999152
v 0.69952476 1.10457694 -0.64488828
v 0.69454312 1.06069111 -0.66095709
v 0.69077855 1.01551091 -0.67723989
v 0.72426003 1.05522847 -0.62721782
v 0.72414958 1.01165247 -0.64387571
v 0.72362798 0.96744138 -0.65855181
v 0.75585383 1.00858807 -0.61071473
v 0.75686854 0.96558421 -0.62478768
v 0.75790363 0.92259585 -0.6363902
v 0.785604 0.9627825 -0.59007984
v 0.78747332 0.92024588 -0.60199356
v 0.78909015 0.87743407 -0.6114701
v 0.81072914 0.91629236 -0.56543266
v 0.81289726 0.87407213 -0.57533675
v 0.81534183 0.83161377 -0.58317089
v 0.82954484 0.86906856 -0.53751552
v 0.83262825 0.82740569 -0.54587829
v 0.83614289 0.78557008 -0.55233365
v 0.84482622 0.82201707 -0.5089823
v 0.84838509 0.78109002 -0.51624524
v 0.85246938 0.74015462 -0.52199006
v 0.8552246 0.7754746 -0.48175081
v 0.85876488 0.7355088 -0.4892461
v 0.86167198 0.69522029 -0.49483031
v 0.85932636 0.72889453 -0.45722511
v 0.86112928 0.68892586 -0.46560835
v 0.8600682 0.64809829 -0.47279328
v 0.86842817 0.68260616 -0.4376024
v 0.87247961 0.64258921 -0.45016866
v 0.87581056 0.60147118 -0.46256256
v 0.8859055 0.63679939 -0.4205569
v 0.89020872 0.59696614 -0.43456676
v 0.89451408 0.55722332 -0.44789865
v 0.89655655 0.59112668 -0.39833319
v 0.90136224 0.5519762 -0.41160652
v 0.90568351 0.51238715 -0.42351481
v 0.90131682 0.54421657 -0.37489825
v 0.9058054 0.50520175 -0.38683593
v 0.9100157 0.4662975 -0.39650604
v 0.90118533 0.49603891 -0.34913447
v 0.90510904 0.45691582 -0.35966783
v 0.89187681 0.48569735 -0.3122164
v 0.89682734 0.53476339 -0.33670705
v 0.88844513 0.52412402 -0.29886069
v 0.87671047 0.51266795 -0.26232019
v 0.87963652 0.4750953 -0.27665567
v 0.85896623 0.50037211 -0.22842535
v 0.86190104 0.46446192 -0.24385492
v 0.8328554 0.4898352 -0.19908043
v 0.83562928 0.45588269 -0.21379099
v 0.79854619 0.48320829 -0.17509643
v 0.8013305 0.45116215 -0.18850076
v 0.75692939 0.48167792 -0.16142827
v 0.75997161 0.45057493 -0.1730901
v 0.7129752 0.4851354 -0.16178184
v 0.71590679 0.4538002 -0.17146311
v 0.67135399 0.49170449 -0.17546048
v 0.67420828 0.4594568 -0.18369184
v 0.67709475 0.42688924 -0.18865501
v 0.63852781 0.46592509 -0.20737315
v 0.63555741 0.49956134 -0.20023909
v 0.60800057 0.50806886 -0.23295395
v 0.63270175 0.53258496 -0.19185237
v 0.60546445 0.54220229 -0.22634156
v 0.58757448 0.55286437 -0.26530531
v 0.59051722 0.51742309 -0.27089658
v 0.57953059 0.56445908 -0.3064537
v 0.58265465 0.52740657 -0.31057199
v 0.57721418 0.57650178 -0.34822493
v 0.5803889 0.53801375 -0.35043731
v 0.57471168 0.54833167 -0.39066731
v 0.57680201 0.59994679 -0.30158439
v 0.58449894 0.58721023 -0.25939223
v 0.5815081 0.62128537 -0.25323849
v 0.60236018 0.57557064 -0.21957436
v 0.59842842 0.6084938 -0.21259887
v 0.59489709 0.6414591 -0.20552429
v 0.62655824 0.59768647 -0.17685213
v 0.62223267 0.62999665 -0.16896517
v 0.61806094 0.66222876 -0.16125084
v 0.65799737 0.62224859 -0.14023426
v 0.65316891 0.6544407 -0.13171972
v 0.64828312 0.68631768 -0.12379931
v 0.69364279 0.65072095 -0.11122462
v 0.68856418 0.68280315 -0.10253024
v 0.68331229 0.71440005 -0.09575341
v 0.73163729 0.68319231 -0.09116511
v 0.72609239 0.7156158 -0.08463218
v 0.71900904 0.74665868 -0.07805433
v 0.7685216 0.72142386 -0.08698723
v 0.7602812 0.75341594 -0.07982805
v 0.75128442 0.78336054 -0.07138317
v 0.79620146 0.7643547 -0.09528149
v 0.78575801 0.79502707 -0.08631165
v 0.77579253 0.82394045 -0.07533188
v 0.81206303 0.80959796 -0.11104153
v 0.80095452 0.83909273 -0.0987204
v 0.7910161 0.86711788 -0.08491771
v 0.81763297 0.85594731 -0.12817254
v 0.80712187 0.88462001 -0.11297448
v 0.79835128 0.91138911 -0.09784175
v 0.81503212 0.90287208 -0.1460044
v 0.80568778 0.93094623 -0.13025142
v 0.81788146 0.9206168 -0.18209078
v 0.80672943 0.95038163 -0.16616861
v 0.79856288 0.97928994 -0.15032739
v 0.80593615 0.96913564 -0.20379132
v 0.79538065 1.00016236 -0.18759237
v 0.8051331 0.98709207 -0.24208477
v 0.79169917 1.0192269 -0.2260365
v 0.78053242 1.05159795 -0.20972608
v 0.78980189 1.03679573 -0.26399743
v 0.77600926 1.06961762 -0.2475118
v 0.79262757 1.05404365 -0.30015447
v 0.77854043 1.08777952 -0.28304696
v 0.80090677 1.07171917 -0.33490023
v 0.78684812 1.10628032 -0.31683874
v 0.80643892 1.08763718 -0.37095946
v 0.79390704 1.12352073 -0.35201355
v 0.77957791 1.15800523 -0.33249759
v 0.79557538 1.13846445 -0.38946619
v 0.78256148 1.1741724 -0.3693923
v 0.76773971 1.20854246 -0.34918177
v 0.7783547 1.18728947 -0.40716064
v 0.76513648 1.22309899 -0.38604131
v 0.74975091 1.25775146 -0.36450028
v 0.75200116 1.24200928 -0.32878327
v 0.73287969 1.29177057 -0.34253883
v 0.74143928 1.27038884 -0.39990553
v 0.7247495 1.30535805 -0.37671375
v 0.70581591 1.33958327 -0.35304558
v 0.71341645 1.31674313 -0.41049274
v 0.69478315 1.35148096 -0.38631373
v 0.67388576 1.38519167 -0.36220163
v 0.68345016 1.36273658 -0.41940248
v 0.66327512 1.39696967 -0.39553105
v 0.64102149 1.42979419 -0.37248265
v 0.65406745 1.40915107 -0.42947408
v 0.63223785 1.44228184 -0.40718922
v 0.60876244 1.47362959 -0.3867394
v 0.62488806 1.45509183 -0.44224026
v 0.60092312 1.48633527 -0.42290782
v 0.57644295 1.51364707 -0.40670588
v 0.59299749 1.49822652 -0.45897421
v 0.56757068 1.52475261 -0.44364503
v 0.54589331 1.54135358 -0.43315827
v 0.56015068 1.53568506 -0.47983333
v 0.53802293 1.54996573 -0.4700348
v 0.52120745 1.55808544 -0.46340987
v 0.52966564 1.5585407 -0.50585132
v 0.51327687 1.56581962 -0.49927166
v 0.49857726 1.57112896 -0.49354296
v 0.50627565 1.57340681 -0.53457689
v 0.49151238 1.57819724 -0.52868318
v 0.47689679 1.58158958 -0.52347409
v 0.48371624 1.58489859 -0.56345218
v 0.46981123 1.58670055 -0.55873459
v 0.45641619 1.58906412 -0.55450278
v 0.46245938 1.59127152 -0.59404027
v 0.45007619 1.59264719 -0.59027308
v 0.44418126 1.60190129 -0.58702147
v 0.44375735 1.59654927 -0.62693697
v 0.43823409 1.60399782 -0.62425547
v 0.44065704 1.61561739 -0.62199288
v 0.43330946 1.60768783 -0.66023826
v 0.43465799 1.61853981 -0.65753012
v 0.43785035 1.63014233 -0.65392667
v 0.42873862 1.62218141 -0.69131797
v 0.42971968 1.63317394 -0.68798351
v 0.42923498 1.64408779 -0.68547409
v 0.41979089 1.63413763 -0.72207671
v 0.41827255 1.64274108 -0.72109246
v 0.41413834 1.65345621 -0.71989059
v 0.40573334 1.64157724 -0.75597626
v 0.40119275 1.65106022 -0.75602662
v 0.39246869 1.63870894 -0.78873705
v 0.38601791 1.65105545 -0.78931671
v 0.39521819 1.63027608 -0.78740626
v 0.40791991 1.6332252 -0.75579208
v 0.40967956 1.62565422 -0.75541049
v 0.39756271 1.62292933 -0.78582704
v 0.42013871 1.62488341 -0.72348338
v 0.42176875 1.61580574 -0.72521072
v 0.4127275 1.61718761 -0.75563091
v 0.42846149 1.61220645 -0.69385397
v 0.43381595 1.60582625 -0.69614934
v 0.4273377 1.60921788 -0.72694098
v 0.43862509 1.60102105 -0.66266971
v 0.44927495 1.60034167 -0.6648857
v 0.44377127 1.60458231 -0.69809186
v 0.45535287 1.5956633 -0.62990027
v 0.4677051 1.59644472 -0.6328997
v 0.46147775 1.60124564 -0.66720449
v 0.47554248 1.59067511 -0.59806549
v 0.48931005 1.58843815 -0.60266494
v 0.48086443 1.59523308 -0.63644963
v 0.49785414 1.58128511 -0.56870698
v 0.51448869 1.57550442 -0.57488316
v 0.50585997 1.58336019 -0.60843825
v 0.52199322 1.56736207 -0.54073786
v 0.54564768 1.55543482 -0.55007058
v 0.53917419 1.56490778 -0.58404529
v 0.55344724 1.54560124 -0.51548063
v 0.58069646 1.52224898 -0.52945488
v 0.57596558 1.53457641 -0.56357497
v 0.58632433 1.51021468 -0.4945825
v 0.61226338 1.48025989 -0.51218307
v 0.60769289 1.49324059 -0.54638087
v 0.61823362 1.4677211 -0.47740128
v 0.64086145 1.43470346 -0.4978795
v 0.63597983 1.44761228 -0.53190654
v 0.6466158 1.42178249 -0.46367651
v 0.66519129 1.38643741 -0.48656845
v 0.65927988 1.39908373 -0.52020585
v 0.67312216 1.37424182 -0.45290523
v 0.6897431 1.33816969 -0.47700735
v 0.68072933 1.34964752 -0.51046222
v 0.70123451 1.32740616 -0.44369465
v 0.71638107 1.29099392 -0.46822571
v 0.70324647 1.30082595 -0.50142145
v 0.72969663 1.28110051 -0.43457165
v 0.74341499 1.24444031 -0.45822769
v 0.72876137 1.25352191 -0.49253025
v 0.7561118 1.23468864 -0.42258417
v 0.76830291 1.19786036 -0.44453719
v 0.75444865 1.20677435 -0.48100879
v 0.76325458 1.16832673 -0.50262409
v 0.74350899 1.17484259 -0.53751701
v 0.73675662 1.21437931 -0.51539576
v 0.77889835 1.16035544 -0.46568894
v 0.78729009 1.1216067 -0.48564785
v 0.77081292 1.12909996 -0.52307891
v 0.78985709 1.15044915 -0.42773208
v 0.79988217 1.11261141 -0.44752517
v 0.80807006 1.0735594 -0.4663183
v 0.79457473 1.0819056 -0.50471323
v 0.80646336 1.10133123 -0.40888151
v 0.8158679 1.06326699 -0.42756652
v 0.82383388 1.02433323 -0.44526797
v 0.81452256 1.03367447 -0.48403793
v 0.81704413 1.05065286 -0.38928917
v 0.8262903 1.01277196 -0.40673133
v 0.83412879 0.9742037 -0.42313826
v 0.83012718 0.98460584 -0.46169903
v 0.81267976 1.03580904 -0.35256752
v 0.8226493 0.99898517 -0.36954668
v 0.83124184 0.96159356 -0.38561546
v 0.83804374 0.9236201 -0.40053537
v 0.84009301 0.93492227 -0.43808719
v 0.81520563 0.98339015 -0.33331197
v 0.82485282 0.94726455 -0.34873232
v 0.83224034 0.91052454 -0.36336806
v 0.83858805 0.8733316 -0.37686237
v 0.84332156 0.88502007 -0.41393441
v 0.82645916 0.93384945 -0.31091061
v 0.83591461 0.89819777 -0.32541319
v 0.8446722 0.86217314 -0.33921271
v 0.85308027 0.8259148 -0.35252198
v 0.84513306 0.83581823 -0.3893494
v 0.84185957 0.88573718 -0.28757363
v 0.85104602 0.85031265 -0.30154776
v 0.8597756 0.8146137 -0.31514164
v 0.86787921 0.7785868 -0.32872417
v 0.86112338 0.78918027 -0.36563658
v 0.85574543 0.83747953 -0.26354366
v 0.86440128 0.80208253 -0.27730307
v 0.87202346 0.76637023 -0.29103383
v 0.87835907 0.73036992 -0.3049499
v 0.87506103 0.7422114 -0.34250444
v 0.8648042 0.78822273 -0.23944492
v 0.87153983 0.75268596 -0.25305321
v 0.87659817 0.71695703 -0.26684364
v 0.88028395 0.68116653 -0.28083422
v 0.88329297 0.69409197 -0.31910619
v 0.8656345 0.73808026 -0.2153524
v 0.86988133 0.70266354 -0.22885264
v 0.87310141 0.66723191 -0.24252818
v 0.87632817 0.6320703 -0.25618267
v 0.88387149 0.64538115 -0.29483431
v 0.85905599 0.68822354 -0.19157849
v 0.86224925 0.6528939 -0.20480442
v 0.86528736 0.6178978 -0.21807833
v 0.86880737 0.58350032 -0.2320473
v 0.87998467 0.59698373 -0.27019253
v 0.84458941 0.63940322 -0.16981394
v 0.84771472 0.6041671 -0.18256282
v 0.85124027 0.5694884 -0.19646449
v 0.85537827 0.53518825 -0.21206013
v 0.87288737 0.54872804 -0.24700234
v 0.82167917 0.59287744 -0.15243712
v 0.8255344 0.55752646 -0.16626474
v 0.82956862 0.5234394 -0.18219931
v 0.79138982 0.54949331 -0.1432816
v 0.79547524 0.51530993 -0.15846984
v 0.75023901 0.54708242 -0.13314829
v 0.75390952 0.51298558 -0.14652395
v 0.70676797 0.54997247 -0.13811498
v 0.70998877 0.51670068 -0.14928837
v 0.66607976 0.55668813 -0.15659873
v 0.66866767 0.52392619 -0.16552273
v 0.63015079 0.56529098 -0.18437099
v 0.66256523 0.5896179 -0.14851801
v 0.70306742 0.58430945 -0.12956313
v 0.69859856 0.6180408 -0.12101411
v 0.74586206 0.58251714 -0.12316476
v 0.74115663 0.61717248 -0.11365935
v 0.73664939 0.65067172 -0.10258234
v 0.78248119 0.62039762 -0.12026481
v 0.77832925 0.65463006 -0.10865715
v 0.77454358 0.68802052 -0.09554766
v 0.81391751 0.6627599 -0.12820139
v 0.81066763 0.69711697 -0.11516804
v 0.80555957 0.73145145 -0.10371119
v 0.83731025 0.70926308 -0.14408423
v 0.8320446 0.74414956 -0.13189828
v 0.82317417 0.77808165 -0.12142977
v 0.84915256 0.75836783 -0.16583007
v 0.84048092 0.79276442 -0.15397244
v 0.82928621 0.82549578 -0.14203316
v 0.85061496 0.80805707 -0.18926917
v 0.83936286 0.84163135 -0.17601458
v 0.82679545 0.87327706 -0.16150888
v 0.84553492 0.85767722 -0.2117812
v 0.83176612 0.89003801 -0.19737252
v 0.84615582 0.87245243 -0.24937537
v 0.8338955 0.90606546 -0.23473148
v 0.81953752 0.93806284 -0.21962416
v 0.83174532 0.92069631 -0.27291548
v 0.81931877 0.95442009 -0.25761362
v 0.81568896 0.96895098 -0.29576674
v 0.80346697 1.00337147 -0.28006801
v 0.80467099 1.01914858 -0.31701296
v 0.85617953 0.8233602 -0.22583372
v 0.85943275 0.77333378 -0.20216912
v 0.85501742 0.7233479 -0.17843289
v 0.84116464 0.67440855 -0.15708546
v 0.81779342 0.62813776 -0.14031183
v 0.78715539 0.58522582 -0.13087232
v 0.88412898 0.56120252 -0.28458687
v 0.89227366 0.57262545 -0.32299932
v 0.88788282 0.6094008 -0.30887126
v 0.89662307 0.58281731 -0.3614335
v 0.89196139 0.62056046 -0.3474358
v 0.88755863 0.65751302 -0.33332881
v 0.89160859 0.62968391 -0.38471946
v 0.88663512 0.66783499 -0.37085118
v 0.88124764 0.705334 -0.35658651
v 0.88093119 0.67617929 -0.40630611
v 0.87498188 0.71459609 -0.39235171
v 0.86843842 0.75219458 -0.37887749
v 0.86411035 0.72175937 -0.42543777
v 0.85830181 0.7601614 -0.41324657
v 0.85184472 0.79804998 -0.40110787
v 0.85582959 0.76826739 -0.44760653
v 0.85192012 0.80726593 -0.43707928
v 0.8479616 0.84613239 -0.42581841
v 0.85157495 0.81541758 -0.4729388
v 0.84841513 0.85533291 -0.46287578
v 0.84471863 0.89516741 -0.45132261
v 0.84165716 0.86283272 -0.49998572
v 0.83874964 0.903647 -0.48920461
v 0.83469319 0.94423127 -0.47635614
v 0.82671898 0.9105454 -0.52712357
v 0.82343775 0.95189386 -0.51470243
v 0.8199318 0.9931544 -0.50039303
v 0.80783426 0.95823383 -0.55311602
v 0.80467355 1.00003051 -0.53885954
v 0.80023872 1.04130435 -0.52255797
v 0.78385871 1.00524473 -0.57620906
v 0.78078931 1.04726409 -0.56000065
v 0.77644836 1.08863687 -0.54219579
v 0.75430905 1.05130446 -0.59454637
v 0.75157868 1.09326291 -0.57654726
v 0.74807524 1.13435745 -0.55754876
v 0.72452706 1.09804201 -0.60976213
v 0.72368788 1.13968443 -0.59090405
v 0.72215223 1.1810646 -0.57076495
v 0.70351922 1.14714407 -0.62697261
v 0.70534962 1.18931806 -0.60618096
v 0.70497208 1.23112165 -0.58347642
v 0.71897 1.22206819 -0.54879903
v 0.70113736 1.27203929 -0.55946868
v 0.71304988 1.26213693 -0.52558922
v 0.69294047 1.31154346 -0.5349406
v 0.69243043 1.28292048 -0.59337377
v 0.68554925 1.32308363 -0.56840407
v 0.67424947 1.36179876 -0.54386985
v 0.680076 1.33516383 -0.60127788
v 0.66982299 1.37449848 -0.57684892
v 0.65535169 1.4122343 -0.5535584
v 0.66629231 1.38743341 -0.60935211
v 0.65238022 1.4256401 -0.58658766
v 0.63252133 1.46103465 -0.5654934
v 0.64905577 1.43885302 -0.61948645
v 0.62876051 1.47415936 -0.59893679
v 0.60352635 1.50614547 -0.58019655
v 0.62441653 1.48692154 -0.63226169
v 0.59898036 1.51854002 -0.61374384
v 0.56945258 1.54498457 -0.59743273
v 0.59227365 1.52926445 -0.64728444
v 0.56236553 1.55456149 -0.63094466
v 0.53127193 1.57307553 -0.61754834
v 0.55390578 1.5623517 -0.66420942
v 0.52273726 1.57991409 -0.65075027
v 0.49700132 1.59041059 -0.64162313
v 0.51444906 1.58607697 -0.68394488
v 0.48821875 1.59694647 -0.67449522
v 0.47301867 1.60087132 -0.66986572
v 0.48032558 1.60189843 -0.70736038
v 0.46553471 1.60553824 -0.70299863
v 0.45437935 1.60532474 -0.7003026
v 0.45632553 1.60823679 -0.73480701
v 0.44571155 1.60792648 -0.73145341
v 0.43667373 1.60770547 -0.72902256
v 0.43480479 1.60838329 -0.76136326
v 0.42603105 1.60806667 -0.75864309
v 0.41762283 1.61032819 -0.75641357
v 0.41319671 1.60528326 -0.78541666
v 0.40570616 1.60874414 -0.78396731
v 0.40071395 1.61536407 -0.7842254
v 0.39222869 1.6042068 -0.80831807
v 0.38757589 1.61107981 -0.80988723
v 0.38458076 1.61813366 -0.81277918
v 0.37391972 1.60446369 -0.83260464
v 0.3721953 1.61105704 -0.8352788
v 0.37674921 1.59793698 -0.82994222
v 0.38170427 1.59277772 -0.82992625
v 0.39857718 1.59988546 -0.80919683
v 0.40572771 1.59952318 -0.81245189
v 0.38804155 1.59064507 -0.83270949
v 0.42118322 1.60553157 -0.78847062
v 0.42940759 1.60590136 -0.79200422
v 0.41280013 1.59981381 -0.81617468
v 0.44453385 1.60857498 -0.76469588
v 0.45672521 1.60680437 -0.76963836
v 0.44078576 1.60487997 -0.79742175
v 0.46995163 1.60550272 -0.73953491
v 0.49099686 1.59656024 -0.74855405
v 0.47508806 1.59969782 -0.7783128
v 0.50422126 1.59179937 -0.71673518
v 0.53169888 1.57666218 -0.73009818
v 0.51630461 1.58287644 -0.76149517
v 0.54405993 1.56972634 -0.69738006
v 0.57219725 1.54700291 -0.71366202
v 0.55922192 1.55591344 -0.74622684
v 0.58317828 1.53837704 -0.68062114
v 0.60902297 1.50902497 -0.69888985
v 0.59725678 1.51846981 -0.73175782
v 0.6182608 1.49879133 -0.66566258
v 0.63890838 1.4639399 -0.6853252
v 0.62990111 1.47488892 -0.71837353
v 0.64475852 1.45166647 -0.65232676
v 0.65769207 1.4127531 -0.67360806
v 0.65105074 1.42480278 -0.70572531
v 0.66245859 1.40022766 -0.64152556
v 0.6705755 1.35978508 -0.66466182
v 0.66483736 1.37197887 -0.69559192
v 0.67539256 1.34746754 -0.63334846
v 0.67981845 1.30630159 -0.65828502
v 0.67416697 1.31819188 -0.68849533
v 0.685817 1.2944926 -0.62663883
v 0.68675792 1.25263381 -0.65262717
v 0.67984974 1.26408755 -0.68437957
v 0.69478631 1.24147319 -0.61837434
v 0.69321411 1.19908273 -0.64294302
v 0.6832208 1.20958447 -0.67936831
v 0.67314618 1.22084653 -0.71138501
v 0.6634112 1.23244595 -0.73703271
v 0.67276424 1.27574241 -0.71271157
v 0.66520357 1.28711152 -0.73947066
v 0.66739648 1.32997095 -0.7176184
v 0.6604048 1.34165573 -0.74653381
v 0.65758609 1.38380813 -0.72622013
v 0.64917969 1.39549922 -0.75700378
v 0.64233344 1.43630898 -0.73788726
v 0.63130188 1.44748723 -0.77002751
v 0.61771905 1.48512661 -0.75100654
v 0.60365277 1.49543821 -0.78332704
v 0.58368879 1.52820563 -0.76421862
v 0.56838798 1.53878784 -0.79605925
v 0.54350137 1.56477189 -0.77760511
v 0.52314174 1.57110178 -0.8069055
v 0.49761167 1.58760809 -0.79085278
v 0.47595283 1.59068715 -0.81751948
v 0.45620703 1.60026919 -0.80579805
v 0.43494951 1.59768915 -0.82988083
v 0.42199245 1.59996879 -0.82164853
v 0.40159219 1.59105265 -0.84222537
v 0.39443549 1.5906099 -0.83691328
v 0.37265536 1.57768642 -0.8529911
v 0.28938189 1.63635397 -0.96829366
v 0.25038892 1.65271103 -0.99957096
v 0.18434526 1.67830729 -1.01233983
v 0.15929459 1.68312382 -0.99843871
v 0.13831052 1.69369101 -0.98154169
v 0.63177979 1.16949415 -0.93058556
v 0.62523907 1.24842751 -0.96112495
v 0.60258865 1.31176006 -0.98470532
v 0.56955814 1.36428582 -1.0043565
v 0.52957463 1.41226351 -1.01329422
v 0.48463326 1.45685577 -1.00925862
v 0.43396881 1.4902116 -0.98862481
v 0.38492226 1.50273633 -0.95418691
v 0.34545114 1.50472593 -0.91804558
v 0.64921551 -0.01004906 -0.2955833
v 0.66580081 -0.05253175 -0.27817732
v 0.68419075 -0.05697509 -0.28161156
v 0.65240979 -0.12312382 -0.18225
v 0.65351927 -0.11965952 -0.17335267
v 0.64717453 -0.08814659 -0.18577991
v 0.65157622 -0.08370952 -0.17371222
v 0.6455447 -0.04926654 -0.18488815
v 0.65497463 -0.04478254 -0.17023094
v 0.6511209 -0.00767006 -0.17824724
v 0.66756874 -0.00469004 -0.16230145
v 0.66606533 0.034584 -0.16632935
v 0.68882 0.03591273 -0.15397426
v 0.68902379 0.07723571 -0.156156
v 0.71753436 0.07688834 -0.15176308
v 0.72028845 0.11844833 -0.1565853
v 0.75175947 0.11530191 -0.16416905
v 0.75607657 0.15632124 -0.17074753
v 0.78648465 0.14933764 -0.1915425
v 0.93462133 0.18655587 -0.48235055
v 0.93345814 0.19134734 -0.50390315
v 0.93103987 0.2293124 -0.49446737
v 0.92895418 0.18101935 -0.46038454
v 0.92333662 0.14441455 -0.46763482
v 0.92825233 0.14709036 -0.48906627
v 0.91953969 0.10809308 -0.48844716
v 0.9169842 0.108233 -0.50759774
v 0.92700988 0.14960649 -0.50939792
v 0.91545319 0.10784313 -0.46852535
v 0.9069761 0.07312502 -0.46558818
v 0.91027015 0.07185471 -0.48386821
v 0.89886975 0.03929863 -0.46147128
v 0.89167749 0.04036463 -0.44594302
v 0.88422703 0.00932688 -0.44358924
v 0.87321639 0.01087235 -0.43220415
v 0.85844761 0.0125428 -0.42426681
v 0.91929394 0.15286094 -0.52662622
v 0.92235326 0.19466136 -0.52062273
v 0.90617942 0.19692859 -0.53252059
v 0.90243536 0.23348072 -0.52507102
v 0.91972458 0.23240768 -0.51299309
v 0.91445231 0.26643732 -0.50645113
v 0.88242745 0.23172409 -0.52954
v 0.83736962 0.36768889 -0.54948341
v 0.82827061 0.33448621 -0.56527453
v 0.82999509 0.3701708 -0.57067441
v 0.83067023 0.40965852 -0.5745815
v 0.82316148 0.37020856 -0.59385532
v 0.81986945 0.41000551 -0.59807527
v 0.81714761 0.45058476 -0.59903144
v 0.80548495 0.40856242 -0.62632733
v 0.79697871 0.44812408 -0.62940937
v 0.79232126 0.48776203 -0.63184768
v 0.7735061 0.44151845 -0.6644234
v 0.78660601 0.40305814 -0.65869712
v 0.7682172 0.39427119 -0.69345301
v 0.74958127 0.42951887 -0.70106858
v 0.75131797 0.38284936 -0.72818136
v 0.73000234 0.41298073 -0.73620873
v 0.69180792 0.40797981 -0.76923328
v 0.67520862 0.37831372 -0.79307776
v 0.65766257 0.38877162 -0.79452025
v 0.67341738 0.42303583 -0.77432322
v 0.65774023 0.43479377 -0.78657031
v 0.66117113 0.48591047 -0.78743219
v 0.66042113 0.54029178 -0.81102371
v 0.66945791 0.52802652 -0.7717055
v 0.66492253 0.58267402 -0.80736804
v 0.67550885 0.57353246 -0.76548188
v 0.66809684 0.62549531 -0.80745685
v 0.67942673 0.61908036 -0.76451647
v 0.69993627 0.61510795 -0.72870016
v 0.68103164 0.66348904 -0.76554006
v 0.66823947 0.66845393 -0.80889445
v 0.66606843 0.7104246 -0.81023621
v 0.65200448 0.67634767 -0.85437899
v 0.64923977 0.71769022 -0.85607898
v 0.6452139 0.75809109 -0.85705983
v 0.62611484 0.72604018 -0.89943605
v 0.62216299 0.76582086 -0.90020918
v 0.61688035 0.80382722 -0.90046608
v 0.59703552 0.7735883 -0.93981897
v 0.5929681 0.80948603 -0.93907177
v 0.57161593 0.77969569 -0.9747802
v 0.56963038 0.81254124 -0.97205555
v 0.54296165 0.78323131 -1.00400471
v 0.54241377 0.81125056 -0.9987992
v 0.5414046 0.83303964 -0.99459993
v 0.51154172 0.81043762 -1.020002
v 0.51118916 0.83049994 -1.01494383
v 0.51125878 0.84868043 -1.01238203
v 0.53973418 0.85136538 -0.99308145
v 0.53797066 0.86956167 -0.9961676
v 0.51281386 0.86526471 -1.01515638
v 0.51794272 0.87487494 -1.02627682
v 0.54207283 0.88199573 -1.00717914
v 0.48574382 0.87253135 -1.02831625
v 0.49126508 0.87945777 -1.04211592
v 0.4945575 0.87287741 -1.05764973
v 0.52546829 0.87069916 -1.04017412
v 0.45818164 0.89399713 -1.03970313
v 0.46311852 0.89495706 -1.05789756
v 0.46358367 0.88702201 -1.0737009
v 0.4634802 0.87736046 -1.08891499
v 0.49628198 0.86080199 -1.07223725
v 0.43341964 0.91859537 -1.07681942
v 0.434109 0.91088807 -1.09081554
v 0.43409019 0.90228158 -1.10518312
v 0.43496045 0.89262425 -1.12317729
v 0.46465435 0.86606454 -1.10810279
v 0.40761929 0.93957006 -1.11053299
v 0.4082354 0.93241196 -1.1231451
v 0.40924951 0.92421942 -1.1390872
v 0.41238164 0.91439646 -1.16247737
v 0.4374175 0.88204705 -1.14879214
v 0.38954868 0.96850413 -1.14273273
v 0.39238756 0.96192389 -1.15672671
v 0.39627257 0.95238226 -1.17815959
v 0.40401136 0.94167262 -1.20831322
v 0.41850912 0.90474623 -1.1944195
v 0.40111938 0.98224359 -1.22133183
v 0.40854188 0.97624611 -1.25257015
v 0.41216972 0.93488007 -1.24402773
v 0.41881462 1.01914131 -1.25922787
v 0.42670592 1.01618444 -1.29191815
v 0.41730254 0.97668606 -1.28877306
v 0.44239425 1.05534446 -1.26365828
v 0.44902974 1.05037558 -1.29380488
v 0.45516943 1.04936945 -1.32673537
v 0.43562743 1.01788961 -1.32850062
v 0.47611761 1.08043026 -1.26365256
v 0.48038798 1.07453084 -1.29264283
v 0.48442274 1.07147431 -1.32380783
v 0.48891666 1.07008004 -1.35661625
v 0.46344625 1.04940533 -1.36109876
v 0.51705586 1.08637881 -1.2893759
v 0.51846939 1.08315408 -1.32023084
v 0.51958501 1.0814203 -1.35272407
v 0.52080786 1.08050298 -1.3852657
v 0.493346 1.07003831 -1.38948333
v 0.55401849 1.08183026 -1.3170396
v 0.55230748 1.08063089 -1.35001266
v 0.54985994 1.08065044 -1.38328957
v 0.54688698 1.08117783 -1.41475403
v 0.52191776 1.07993137 -1.41661286
v 0.58262747 1.07035672 -1.34943687
v 0.57706075 1.07209336 -1.38376283
v 0.57131302 1.07435309 -1.41574585
v 0.56493645 1.07794737 -1.44508373
v 0.54432803 1.08253324 -1.44377756
v 0.59944015 1.05639815 -1.38631737
v 0.59134382 1.06112885 -1.41920328
v 0.58252465 1.06743776 -1.44928455
v 0.57437902 1.07509779 -1.47571969
v 0.55854225 1.08313679 -1.47172629
v 0.6051647 1.04261946 -1.42438614
v 0.59514451 1.05187583 -1.455006
v 0.58484709 1.06303501 -1.48194372
v 0.57421833 1.07356333 -1.50550794
v 0.56535249 1.0831716 -1.49935567
v 0.6006788 1.03361654 -1.46147179
v 0.5899297 1.04790556 -1.48862087
v 0.57795417 1.06150472 -1.51195836
v 0.56506878 1.07045006 -1.53045105
v 0.56184673 1.08016514 -1.52486324
v 0.5883125 1.03172802 -1.49476027
v 0.59815782 1.01332747 -1.46759784
v 0.58042711 1.01602041 -1.50069809
v 0.61110568 1.02026569 -1.43007588
v 0.61452668 1.03420341 -1.39042174
v 0.60726738 1.05186057 -1.3507018
v 0.58717978 1.06980991 -1.31444263
v 0.55469185 1.08394348 -1.2849183
v 0.5149275 1.09162616 -1.26011681
v 0.55227249 1.08856451 -1.49551808
v 0.53690522 1.08984637 -1.49468767
v 0.54122728 1.08566796 -1.47048282
v 0.52305799 1.0862832 -1.49624848
v 0.52328085 1.0833677 -1.47189796
v 0.52245855 1.0807929 -1.44559919
v 0.50777649 1.07536602 -1.4758476
v 0.50407713 1.07211566 -1.44937634
v 0.4986554 1.07033622 -1.42065751
v 0.4889163 1.05755996 -1.45478844
v 0.48063582 1.0535556 -1.42620122
v 0.47175261 1.05117929 -1.39482915
v 0.46936219 1.03235614 -1.43207669
v 0.45841524 1.02664208 -1.40033781
v 0.44638419 1.02196705 -1.36554527
v 0.45417684 0.99825799 -1.40473151
v 0.44137999 0.98968011 -1.36838913
v 0.42841884 0.98204904 -1.32921755
v 0.4459213 0.95716804 -1.3697611
v 0.43359139 0.94566482 -1.32831859
v 0.42173567 0.93676853 -1.28525257
v 0.44766056 0.91220939 -1.3267399
v 0.43670868 0.90156167 -1.27998185
v 0.4265666 0.89891141 -1.23447597
v 0.45828443 0.871993 -1.27595925
v 0.44919294 0.86762708 -1.22688651
v 0.44203785 0.87246966 -1.18316686
v 0.47912836 0.84326863 -1.22166621
v 0.47290438 0.84625828 -1.17479288
v 0.46790325 0.85516017 -1.13641071
v 0.51055842 0.82956355 -1.16832757
v 0.50502061 0.83643573 -1.12540161
v 0.50005435 0.84831869 -1.09364426
v 0.54617917 0.8336153 -1.11590099
v 0.53912305 0.84510022 -1.07938242
v 0.532247 0.8589183 -1.05584502
v 0.57679843 0.8586381 -1.06599736
v 0.56518799 0.87082272 -1.03784167
v 0.55227059 0.88115155 -1.02085542
v 0.56128549 0.90009713 -0.98552852
v 0.58564746 0.84664714 -1.10847139
v 0.62021201 0.8720467 -1.10372138
v 0.62336349 0.86028707 -1.16120445
v 0.64709502 0.90482628 -1.10445332
v 0.59021019 0.83677882 -1.16136944
v 0.58828628 0.83591502 -1.21966052
v 0.55110645 0.82645821 -1.1638242
v 0.55207854 0.8253616 -1.21872997
v 0.54920566 0.8339042 -1.27568829
v 0.51414638 0.82827407 -1.21928906
v 0.51558303 0.83620649 -1.27429986
v 0.51674914 0.85314846 -1.32892704
v 0.48510769 0.84996026 -1.27405262
v 0.49046233 0.86504083 -1.32666516
v 0.49465397 0.88609987 -1.37658143
v 0.46754172 0.88519865 -1.32559382
v 0.47521519 0.90349423 -1.37319743
v 0.48144951 0.92489153 -1.41771316
v 0.4583314 0.92711705 -1.3710078
v 0.46762025 0.94426351 -1.41236782
v 0.47700649 0.96413505 -1.44931602
v 0.45792108 0.96948814 -1.40805578
v 0.46895405 0.98336225 -1.44261038
v 0.47896528 1.00051021 -1.47371959
v 0.465498 1.00746929 -1.43711292
v 0.47660252 1.0190674 -1.46657228
v 0.47971835 1.03932178 -1.46054053
v 0.49631843 1.06309318 -1.48115611
v 0.50198936 1.06831514 -1.50678217
v 0.51026386 1.07907319 -1.50056493
v 0.52285939 1.08718955 -1.51760339
v 0.38834896 0.97446709 -1.13134443
v 0.406899 0.94663411 -1.09877514
v 0.38686779 0.97989946 -1.12099492
v 0.40444663 0.95209693 -1.08734834
v 0.38371384 0.98456734 -1.11108243
v 0.37072074 1.02170944 -1.12741673
v 0.37659952 0.9852665 -1.10480678
v 0.36151698 1.0225116 -1.12137067
v 0.35280478 1.0573064 -1.12922442
v 0.34996828 1.01834261 -1.12326955
v 0.33777883 1.05327642 -1.12990415
v 0.35004955 1.0912981 -1.1302005
v 0.36856731 0.98161512 -1.10379207
v 0.39846774 0.95370405 -1.07779145
v 0.38910248 0.94852888 -1.07380521
v 0.42319306 0.91919362 -1.05142915
v 0.43044745 0.92282658 -1.06289207
v 0.57274484 0.74226206 -0.97650665
v 0.59991139 0.73455667 -0.94005996
v 0.60175097 0.69423675 -0.93945086
v 0.6287623 0.68529075 -0.89803963
v 0.62950485 0.64429211 -0.89607363
v 0.65256285 0.63447964 -0.8520742
v 0.65063792 0.59287744 -0.85016548
v 0.65875172 0.35095191 -0.80990386
v 0.65615499 0.31863677 -0.82944124
v 0.66904372 0.31442901 -0.83987289
v 0.68941915 0.30800804 -0.85659772
v 0.73589581 0.31468609 -0.86654216
v 0.7165305 0.30224955 -0.87901616
v 0.70320922 0.2839137 -0.88880533
v 0.74294799 0.30019164 -0.90341591
v 0.73150384 0.28410273 -0.91263634
v 0.72573244 0.26556736 -0.91947597
v 0.75847882 0.28763765 -0.93723022
v 0.75393885 0.27080732 -0.94427478
v 0.75463408 0.25291931 -0.94801366
v 0.77923172 0.27793294 -0.96655881
v 0.78072434 0.26301303 -0.97098809
v 0.78628557 0.24893511 -0.97177946
v 0.76014679 0.23624768 -0.94776809
v 0.79389905 0.23793652 -0.97021234
v 0.76959967 0.22285817 -0.94456261
v 0.80479031 0.22965847 -0.9657728
v 0.78210789 0.21362076 -0.93792086
v 0.81689631 0.22513076 -0.95944786
v 0.79643386 0.2084029 -0.93013477
v 0.82897317 0.22545573 -0.95205706
v 0.81091129 0.20818376 -0.92188471
v 0.84084308 0.230083 -0.9437738
v 0.8256306 0.21301792 -0.91317939
v 0.85082805 0.23927941 -0.93520462
v 0.83800071 0.22364036 -0.90438622
v 0.82424479 0.2095448 -0.87059199
v 0.84540855 0.23891009 -0.89666992
v 0.83338564 0.22634404 -0.86287826
v 0.84652656 0.25664955 -0.89135873
v 0.83592611 0.24710711 -0.85783827
v 0.84218758 0.27548545 -0.88919973
v 0.8315497 0.26974493 -0.85669094
v 0.82091915 0.26610589 -0.82369226
v 0.81922727 0.29049411 -0.86037129
v 0.80743163 0.29093357 -0.82935351
v 0.7991696 0.29484042 -0.79884386
v 0.78606569 0.31029745 -0.83976447
v 0.80104643 0.30572065 -0.86838835
v 0.78016245 0.3129687 -0.87969744
v 0.76017707 0.31841754 -0.85299831
v 0.75986528 0.31057912 -0.89201527
v 0.7992469 0.31175184 -0.90634566
v 0.78203588 0.31012198 -0.91724258
v 0.76804113 0.3012548 -0.92782241
v 0.80207681 0.31128236 -0.94154471
v 0.78994262 0.30430772 -0.95128023
v 0.78224062 0.29249393 -0.95994657
v 0.8103246 0.30735674 -0.97154271
v 0.80411481 0.29846662 -0.97897601
v 0.80182647 0.28688523 -0.98507905
v 0.82376539 0.30367559 -0.99405759
v 0.82200056 0.29495066 -0.99886077
v 0.82325118 0.28580236 -1.00221931
v 0.80347335 0.27453047 -0.98928803
v 0.8083291 0.26381564 -0.9908607
v 0.81520748 0.25498846 -0.99030971
v 0.82477009 0.24816568 -0.9873802
v 0.84738159 0.26623129 -0.99950408
v 0.8339678 0.24541944 -0.98301273
v 0.85390681 0.2666015 -0.99557012
v 0.84370595 0.2458395 -0.97685033
v 0.86080694 0.26923766 -0.99056947
v 0.85320478 0.24910269 -0.97005617
v 0.86126905 0.25626862 -0.96273714
v 0.86527472 0.266406 -0.95643097
v 0.8560484 0.25233891 -0.92802774
v 0.86458122 0.2779645 -0.95162397
v 0.8566553 0.26728886 -0.92278337
v 0.86052548 0.28972408 -0.94866854
v 0.85235691 0.28261235 -0.92011386
v 0.85352408 0.30061858 -0.9481526
v 0.84371364 0.29654645 -0.92056042
v 0.8314585 0.2929168 -0.89132607
v 0.83118915 0.30705347 -0.92477428
v 0.81662875 0.30586352 -0.89715433
v 0.81644278 0.31237703 -0.93223607
v 0.84340977 0.30892887 -0.95064216
v 0.83131301 0.31249237 -0.95605653
v 0.81992077 0.31272235 -0.96344971
v 0.84457397 0.31414559 -0.97630572
v 0.83593773 0.3140355 -0.98185783
v 0.82874035 0.31044441 -0.98811107
v 0.84937024 0.31425863 -0.99766427
v 0.85843789 0.31213966 -1.00970351
v 0.86183214 0.30729523 -1.01456618
v 0.86754745 0.30263388 -1.01229631
v 0.86318522 0.3014923 -1.01560366
v 0.8575899 0.30041435 -1.01609396
v 0.85054528 0.29872348 -1.0150479
v 0.86304187 0.2946985 -1.01349353
v 0.85791748 0.29394727 -1.01475703
v 0.86024171 0.28464341 -1.00750863
v 0.85607051 0.28425684 -1.01038444
v 0.86717736 0.29597657 -1.01057839
v 0.86458319 0.28622001 -1.00449526
v 0.86940741 0.30355799 -1.00527989
v 0.86851441 0.30263325 -0.99344283
v 0.86022263 0.30458125 -0.97216236
v 0.86533749 0.29694706 -0.97304707
v 0.85323315 0.31063851 -0.97301387
v 0.84001058 0.29487428 -1.01124668
v 0.77620816 0.3487617 -0.71785801
v 0.78643989 0.35687199 -0.68430703
v 0.79953396 0.36410135 -0.65123677
v 0.81224852 0.36851841 -0.62005662
v 0.66336232 1.03626596 -1.05390787
v 0.32585206 1.38889443 -0.98614031
v 0.30944046 1.37592899 -0.97419804
v 0.3055107 1.40525364 -0.94905716
v 0.29132103 1.36982333 -0.97030407
v 0.29404142 1.33748555 -0.9972127
v 0.2722215 1.33858609 -1.00189876
v 0.2740311 1.30480396 -1.02776849
v 0.25030475 1.30524301 -1.03321754
v 0.25225269 1.27017223 -1.05742073
v 0.22523562 1.26897466 -1.06438446
v 0.22815024 1.23367011 -1.08642637
v 0.19561804 1.23095226 -1.09555816
v 0.19874513 1.19482672 -1.11613142
v 0.30172061 0.19599884 -1.05993926
v 0.30088001 0.16092537 -1.05268824
v 0.32469263 0.20152822 -1.0381484
v 0.31776937 0.16573415 -1.02817606
v 0.33221438 0.16871143 -1.00377857
v 0.67315805 -0.18647025 -0.15420481
v 0.35509231 0.85078901 -1.13632023
v 0.33300584 0.90226125 -1.15559136
v 0.82795399 -0.13911698 -0.43699494
f 1 14 15 16
f 1 17 18 14
f 16 19 20 1
f 22 21 6 11
f 2 4 21 22
f 3 24 5
f 3 7 25 24
f 3 5 27 28
f 5 30 31 32
f 6 33 34
f 6 36 37 11
f 7 26 38 25
f 5 32 40 41
f 5 41 42 27
f 8 43 44 45
f 8 45 46 47
f 8 47 48 43
f 9 49 50 51
f 9 52 53 49
f 9 51 54 52
f 10 55 56 57
f 10 57 58 59
f 10 59 60 55
f 11 37 61 22
f 6 21 62 63
f 6 63 64 33
f 12 65 66 67
f 12 67 18 17
f 12 17 68 69
f 12 70 71 65
f 12 69 72 70
f 13 73 74 75
f 13 75 76 77
f 13 77 78 73
f 78 77 79 80
f 78 80 81 82
f 78 82 83 73
f 83 84 74 73
f 83 82 85 86
f 83 86 87 84
f 87 60 88 84
f 87 86 89 90
f 87 90 55 60
f 90 89 91 92
f 90 92 56 55
f 92 91 93 94
f 92 94 95 56
f 95 96 57 56
f 95 94 97 98
f 95 98 99 96
f 99 100 101 96
f 99 98 102 103
f 99 103 104 100
f 104 103 105 106
f 104 106 107 108
f 104 108 109 100
f 109 110 101 100
f 109 108 111 112
f 109 112 113 110
f 113 114 115 110
f 113 112 116 117
f 113 117 118 114
f 118 119 120 114
f 118 117 121 122
f 118 122 123 119
f 123 124 125 119
f 123 122 126 127
f 123 127 128 124
f 128 129 76 124
f 128 127 130 131
f 128 131 132 129
f 132 133 79 129
f 132 131 134 135
f 132 135 136 133
f 136 137 138 133
f 136 135 1 20
f 136 20 139 137
f 139 20 19 140
f 139 140 141 142
f 139 142 143 137
f 143 144 138 137
f 143 142 145 146
f 143 146 147 144
f 147 148 81 144
f 147 146 149 150
f 147 150 151 148
f 151 152 85 148
f 151 150 153 154
f 151 154 155 152
f 155 91 89 152
f 155 154 156 157
f 155 157 93 91
f 157 156 158 159
f 157 159 160 93
f 160 97 94 93
f 160 159 161 162
f 160 162 163 97
f 163 102 98 97
f 163 162 164 165
f 163 165 166 102
f 166 105 103 102
f 166 165 167 54
f 166 54 51 105
f 167 165 164 168
f 167 168 169 170
f 167 170 52 54
f 170 169 171 172
f 170 172 53 52
f 172 171 173 174
f 172 174 175 53
f 175 176 49 53
f 175 174 177 178
f 175 178 179 176
f 179 180 181 176
f 179 178 182 183
f 179 183 184 180
f 184 185 186 180
f 184 183 187 188
f 184 188 189 185
f 189 190 191 185
f 189 188 192 193
f 189 193 194 190
f 194 195 196 190
f 194 193 197 198
f 194 198 199 195
f 199 200 201 195
f 199 198 202 203
f 199 203 204 200
f 204 205 206 200
f 204 203 207 208
f 204 208 209 205
f 209 210 211 205
f 209 208 212 213
f 209 213 214 210
f 213 212 215 216
f 213 216 217 214
f 217 218 68 214
f 217 216 219 220
f 217 220 221 218
f 221 222 223 218
f 221 220 224 225
f 221 225 226 222
f 226 227 228 222
f 226 225 229 230
f 226 230 231 227
f 231 232 233 227
f 231 230 234 235
f 231 235 236 232
f 236 237 238 232
f 236 235 239 240
f 236 240 241 237
f 241 242 243 237
f 241 240 244 245
f 241 245 246 242
f 246 247 248 242
f 246 245 249 250
f 246 250 251 247
f 251 252 253 247
f 251 250 254 255
f 251 255 256 252
f 256 257 258 252
f 256 255 259 260
f 256 260 261 257
f 261 61 262 257
f 261 260 263 23
f 261 23 22 61
f 262 264 265 266
f 262 266 258 257
f 262 61 37 264
f 266 265 267 268
f 266 268 269 258
f 269 268 270 271
f 269 271 272 253
f 269 253 252 258
f 272 271 273 274
f 272 274 275 248
f 272 248 247 253
f 275 274 276 277
f 275 277 278 243
f 275 243 242 248
f 278 277 279 280
f 278 280 281 238
f 278 238 237 243
f 281 280 282 283
f 281 283 284 233
f 281 233 232 238
f 284 283 285 286
f 284 286 287 228
f 284 228 227 233
f 287 286 288 72
f 287 72 69 223
f 287 223 222 228
f 288 289 290 291
f 288 291 70 72
f 288 286 285 289
f 291 290 292 293
f 291 293 71 70
f 293 292 294 46
f 293 46 45 71
f 294 295 296 297
f 294 297 47 46
f 294 292 298 295
f 298 299 300 295
f 298 292 290 301
f 298 301 302 299
f 302 303 304 299
f 302 301 305 306
f 302 306 307 303
f 307 308 309 303
f 307 306 310 311
f 307 311 312 308
f 312 313 314 308
f 312 311 315 316
f 312 316 317 313
f 317 318 215 313
f 317 316 319 320
f 317 320 321 318
f 321 322 219 318
f 321 320 323 324
f 321 324 325 322
f 325 326 224 322
f 325 324 327 328
f 325 328 329 326
f 329 330 229 326
f 329 328 331 332
f 329 332 333 330
f 333 334 234 330
f 333 332 335 336
f 333 336 337 334
f 337 338 239 334
f 337 336 339 340
f 337 340 341 338
f 341 342 244 338
f 341 340 343 344
f 341 344 345 342
f 345 346 249 342
f 345 344 347 64
f 345 64 63 346
f 347 344 343 348
f 347 348 6 34
f 347 34 33 64
f 348 343 349 350
f 350 349 351 35
f 350 35 348
f 351 349 339 352
f 351 352 353 354
f 351 354 36 35
f 354 353 265 264
f 354 264 37 36
f 353 352 335 355
f 353 355 267 265
f 355 335 332 331
f 355 331 356 267
f 356 331 328 327
f 356 327 357 270
f 356 270 268 267
f 357 327 324 323
f 357 323 358 273
f 357 273 271 270
f 358 323 320 319
f 358 319 359 276
f 358 276 274 273
f 359 319 316 315
f 359 315 360 279
f 359 279 277 276
f 360 315 311 310
f 360 310 361 282
f 360 282 280 279
f 361 310 306 305
f 361 305 289 285
f 361 285 283 282
f 352 339 336 335
f 349 343 340 339
f 346 254 250 249
f 346 63 62 254
f 342 249 245 244
f 338 244 240 239
f 334 239 235 234
f 330 234 230 229
f 326 229 225 224
f 322 224 220 219
f 318 219 216 215
f 314 212 208 207
f 314 207 309 308
f 314 313 215 212
f 309 207 203 202
f 309 202 304 303
f 305 301 290 289
f 304 202 198 197
f 304 197 300 299
f 300 197 193 192
f 300 192 296 295
f 297 296 187 362
f 297 362 48 47
f 362 187 183 182
f 362 182 363 48
f 363 182 178 177
f 363 177 364 365
f 363 365 43 48
f 365 364 366 367
f 365 367 44 43
f 367 366 368 66
f 367 66 65 44
f 368 366 369 370
f 368 370 371 372
f 368 372 67 66
f 372 371 373 374
f 372 374 18 67
f 374 373 375 376
f 374 376 14 18
f 376 375 377 378
f 376 378 15 14
f 378 377 379 380
f 378 380 381 15
f 381 380 382 383
f 381 383 384 385
f 381 385 16 15
f 385 384 386 387
f 385 387 19 16
f 387 386 388 389
f 387 389 140 19
f 389 388 390 391
f 389 391 141 140
f 391 390 392 393
f 391 393 394 141
f 394 145 142 141
f 394 393 395 396
f 394 396 397 145
f 397 149 146 145
f 397 396 398 399
f 397 399 400 149
f 400 153 150 149
f 400 399 401 402
f 400 402 403 153
f 403 156 154 153
f 403 402 404 405
f 403 405 158 156
f 405 404 406 407
f 405 407 408 158
f 408 161 159 158
f 408 407 409 410
f 408 410 411 161
f 411 164 162 161
f 411 410 412 413
f 411 413 168 164
f 413 412 414 415
f 413 415 169 168
f 415 414 416 417
f 415 417 171 169
f 417 416 370 369
f 417 369 173 171
f 416 414 418 419
f 416 419 371 370
f 419 418 420 421
f 419 421 373 371
f 421 420 422 423
f 421 423 375 373
f 423 422 424 425
f 423 425 377 375
f 425 424 426 427
f 425 427 379 377
f 427 426 428 429
f 427 429 430 379
f 430 429 431 432
f 430 432 433 382
f 430 382 380 379
f 433 432 434 435
f 433 435 436 437
f 433 437 383 382
f 437 436 438 439
f 437 439 384 383
f 439 438 440 441
f 439 441 386 384
f 441 440 442 443
f 441 443 388 386
f 443 442 444 445
f 443 445 390 388
f 445 444 446 447
f 445 447 392 390
f 447 446 448 449
f 447 449 450 392
f 450 395 393 392
f 450 449 451 452
f 450 452 453 395
f 453 398 396 395
f 453 452 454 455
f 453 455 456 398
f 456 401 399 398
f 456 455 457 458
f 456 458 459 401
f 459 404 402 401
f 459 458 460 461
f 459 461 406 404
f 461 460 462 463
f 461 463 464 406
f 464 409 407 406
f 464 463 465 466
f 464 466 467 409
f 467 412 410 409
f 467 466 420 418
f 467 418 414 412
f 466 465 422 420
f 465 463 462 468
f 465 468 424 422
f 468 462 469 470
f 468 470 426 424
f 470 469 471 472
f 470 472 428 426
f 472 471 473 474
f 472 474 475 428
f 475 474 476 477
f 475 477 478 431
f 475 431 429 428
f 478 477 479 480
f 478 480 481 434
f 478 434 432 431
f 481 480 482 483
f 481 483 484 485
f 481 485 435 434
f 485 484 486 487
f 485 487 436 435
f 487 486 488 489
f 487 489 438 436
f 489 488 490 491
f 489 491 440 438
f 491 490 492 493
f 491 493 442 440
f 493 492 494 495
f 493 495 444 442
f 495 494 496 497
f 495 497 446 444
f 497 496 498 499
f 497 499 448 446
f 499 498 500 501
f 499 501 502 448
f 502 451 449 448
f 502 501 503 504
f 502 504 505 451
f 505 454 452 451
f 505 504 506 507
f 505 507 508 454
f 508 457 455 454
f 508 507 509 510
f 508 510 511 457
f 511 460 458 457
f 511 510 471 469
f 511 469 462 460
f 510 509 473 471
f 509 507 506 512
f 509 512 513 473
f 513 512 514 515
f 513 515 516 476
f 513 476 474 473
f 516 515 517 518
f 516 518 519 479
f 516 479 477 476
f 519 518 39 31
f 519 31 30 482
f 519 482 480 479
f 518 517 40 39
f 517 515 514 520
f 517 520 41 40
f 520 514 521 522
f 520 522 42 41
f 522 521 503 523
f 522 523 524 42
f 524 523 500 525
f 524 525 25 38
f 524 38 27 42
f 525 500 498 526
f 525 526 24 25
f 526 498 496 527
f 526 527 5 24
f 523 503 501 500
f 521 506 504 503
f 521 514 512 506
f 496 494 528 527
f 494 492 529 528
f 529 492 490 530
f 530 486 484 529
f 529 484 483 528
f 483 482 30 528
f 369 366 364 173
f 364 177 174 173
f 296 192 188 187
f 260 259 29 263
f 259 255 254 62
f 259 62 21 29
f 223 69 68 218
f 211 134 131 130
f 211 130 206 205
f 211 210 531 134
f 206 130 127 126
f 206 126 201 200
f 201 126 122 121
f 201 121 196 195
f 196 121 117 116
f 196 116 191 190
f 191 116 112 111
f 191 111 186 185
f 186 111 108 107
f 186 107 181 180
f 181 107 106 50
f 181 50 49 176
f 152 89 86 85
f 148 85 82 81
f 144 81 80 138
f 138 80 79 133
f 135 134 531 1
f 129 79 77 76
f 125 75 74 532
f 125 532 120 119
f 125 124 76 75
f 532 74 84 88
f 532 88 533 120
f 533 88 60 59
f 533 59 58 115
f 533 115 114 120
f 115 58 101 110
f 106 105 51 50
f 101 58 57 96
f 71 45 44 65
f 38 26 28 27
f 214 68 17 1
f 531 210 214 1
f 6 348 35 36
f 31 39 40 32
f 486 530 490 488
f 3 28 26 7
f 527 528 30 5
f 263 4 2
f 2 22 23 263
f 4 263 29 21
f 534 548 549 550
f 534 551 552 548
f 534 550 553 554
f 534 554 555 556
f 534 556 535 551
f 535 557 558 559
f 535 559 560 561
f 535 556 562 557
f 536 563 564 565
f 536 565 566 567
f 536 567 568 563
f 537 569 570 571
f 537 571 572 573
f 537 573 574 575
f 537 575 560 576
f 578 579 577
f 538 580 578 577
f 538 577 579 581
f 538 582 583 580
f 538 581 582
f 539 584 585 586
f 539 586 587 588
f 539 588 589 584
f 540 590 591 592
f 540 592 594 593
f 541 595 596 597
f 541 598 599 595
f 541 597 600 598
f 542 595 599 601
f 542 591 602 595
f 542 603 604 591
f 542 601 605 603
f 543 606 607 547
f 543 608 609 606
f 543 599 598 608
f 544 610 606 609
f 544 609 611 612
f 544 612 613 610
f 545 614 615 616
f 545 616 617 618
f 545 618 619 614
f 546 620 621 622
f 546 623 624 620
f 546 622 625 623
f 590 540 593 626
f 626 593 594 627
f 626 627 628 590
f 628 602 591 590
f 628 627 629 630
f 628 630 631 602
f 631 596 595 602
f 631 630 632 633
f 631 633 634 596
f 634 635 597 596
f 634 633 636 637
f 634 637 638 635
f 638 639 640 635
f 638 637 641 642
f 638 642 643 639
f 643 644 645 639
f 643 642 646 647
f 643 647 648 644
f 648 649 650 644
f 648 647 651 652
f 648 652 653 649
f 653 654 655 649
f 653 652 656 657
f 653 657 658 654
f 658 659 660 654
f 658 657 661 662
f 658 662 663 659
f 663 664 665 659
f 663 662 666 667
f 663 667 668 664
f 668 669 670 664
f 668 667 671 672
f 668 672 673 669
f 673 571 570 669
f 673 672 674 675
f 673 675 572 571
f 675 674 676 677
f 675 677 619 572
f 677 676 678 679
f 677 679 614 619
f 679 678 680 681
f 679 681 615 614
f 681 680 682 683
f 681 683 684 615
f 684 685 616 615
f 684 683 625 622
f 684 622 621 685
f 685 686 617 616
f 685 621 687 686
f 687 621 620 688
f 687 688 689 690
f 687 690 691 686
f 691 690 692 693
f 691 693 575 574
f 691 574 617 686
f 693 692 694 561
f 693 561 560 575
f 694 692 695 696
f 694 696 552 551
f 694 551 535 561
f 696 695 697 698
f 696 698 699 552
f 699 698 700 701
f 699 701 702 703
f 699 703 548 552
f 703 702 704 705
f 703 705 549 548
f 705 704 706 707
f 705 707 708 549
f 708 707 709 710
f 708 710 711 712
f 708 712 550 549
f 712 711 713 714
f 712 714 553 550
f 714 713 715 716
f 714 716 717 553
f 717 718 554 553
f 717 716 719 720
f 717 720 721 718
f 721 722 723 718
f 721 720 724 725
f 721 725 726 722
f 726 727 728 722
f 726 725 729 730
f 726 730 731 727
f 731 732 733 727
f 731 730 734 735
f 731 735 736 732
f 736 737 738 732
f 736 735 700 739
f 736 739 740 737
f 740 741 742 737
f 740 739 697 743
f 740 743 744 741
f 744 624 745 741
f 744 743 689 688
f 744 688 620 624
f 745 746 747 748
f 745 748 742 741
f 745 624 623 746
f 748 747 749 750
f 748 750 751 742
f 751 750 752 753
f 751 753 754 738
f 751 738 737 742
f 754 753 755 756
f 754 756 757 733
f 754 733 732 738
f 757 756 758 759
f 757 759 760 728
f 757 728 727 733
f 760 759 761 762
f 760 762 555 723
f 760 723 722 728
f 762 761 763 562
f 762 562 556 555
f 763 764 765 766
f 763 766 557 562
f 763 761 767 764
f 767 768 769 764
f 767 761 759 758
f 767 758 770 768
f 770 771 772 768
f 770 758 756 755
f 770 755 773 771
f 773 567 566 771
f 773 755 753 752
f 773 752 568 567
f 772 774 775 776
f 772 776 769 768
f 772 771 566 774
f 776 775 777 778
f 776 778 779 769
f 779 778 780 781
f 779 781 782 765
f 779 765 764 769
f 782 781 783 784
f 782 784 785 786
f 782 786 766 765
f 786 785 787 558
f 786 558 557 766
f 787 785 788 789
f 787 789 790 791
f 787 791 559 558
f 791 790 792 576
f 791 576 560 559
f 792 790 793 794
f 792 794 795 569
f 792 569 537 576
f 795 794 796 797
f 795 797 798 799
f 795 799 570 569
f 799 798 800 670
f 799 670 669 570
f 800 798 801 802
f 800 802 803 665
f 800 665 664 670
f 803 802 804 805
f 803 805 806 660
f 803 660 659 665
f 806 805 807 808
f 806 808 809 655
f 806 655 654 660
f 809 808 810 811
f 809 811 812 650
f 809 650 649 655
f 812 811 813 814
f 812 814 815 645
f 812 645 644 650
f 815 814 611 816
f 815 816 600 640
f 815 640 639 645
f 816 611 609 608
f 816 608 598 600
f 814 813 612 611
f 813 817 613 612
f 813 811 810 817
f 817 818 819 613
f 817 810 820 818
f 820 821 822 818
f 820 810 808 807
f 820 807 823 821
f 823 824 825 821
f 823 807 805 804
f 823 804 826 824
f 826 827 828 824
f 826 804 802 801
f 826 801 829 827
f 829 830 831 827
f 829 801 798 797
f 829 797 796 830
f 831 832 833 834
f 831 834 828 827
f 831 830 835 832
f 835 836 837 832
f 835 830 796 838
f 835 838 839 836
f 839 840 841 836
f 839 838 793 842
f 839 842 843 840
f 843 844 845 840
f 843 842 789 788
f 843 788 846 844
f 846 847 848 844
f 846 788 785 784
f 846 784 783 847
f 848 849 850 851
f 848 851 845 844
f 848 847 852 849
f 852 853 854 849
f 852 847 783 855
f 852 855 856 853
f 856 857 858 853
f 856 855 780 859
f 856 859 860 857
f 860 861 862 857
f 860 859 777 863
f 860 863 864 861
f 864 865 866 861
f 864 863 867 868
f 864 868 869 865
f 869 870 871 865
f 869 868 872 873
f 869 873 874 870
f 874 680 678 870
f 874 873 875 876
f 874 876 682 680
f 876 875 877 878
f 876 878 879 682
f 879 625 683 682
f 879 878 747 746
f 879 746 623 625
f 878 877 749 747
f 877 875 564 563
f 877 563 568 749
f 875 873 872 564
f 872 868 867 880
f 872 880 565 564
f 880 867 775 774
f 880 774 566 565
f 871 676 674 881
f 871 881 866 865
f 871 870 678 676
f 881 674 672 671
f 881 671 882 866
f 882 671 667 666
f 882 666 883 862
f 882 862 861 866
f 883 666 662 661
f 883 661 884 858
f 883 858 857 862
f 884 661 657 656
f 884 656 885 854
f 884 854 853 858
f 885 656 652 651
f 885 651 886 850
f 885 850 849 854
f 886 651 647 646
f 886 646 887 888
f 886 888 851 850
f 888 887 889 890
f 888 890 845 851
f 890 889 891 841
f 890 841 840 845
f 891 889 892 893
f 891 893 894 837
f 891 837 836 841
f 894 893 895 896
f 894 896 897 833
f 894 833 832 837
f 897 896 898 899
f 897 899 900 901
f 897 901 834 833
f 901 900 902 903
f 901 903 828 834
f 903 902 904 825
f 903 825 824 828
f 904 902 604 603
f 904 603 605 822
f 904 822 821 825
f 902 900 905 604
f 905 906 594 592
f 905 592 591 604
f 905 900 899 906
f 906 629 627 594
f 906 899 898 629
f 898 632 630 629
f 898 896 895 632
f 895 636 633 632
f 895 893 892 636
f 892 641 637 636
f 892 889 887 641
f 887 646 642 641
f 867 863 777 775
f 859 780 778 777
f 855 783 781 780
f 842 793 790 789
f 838 796 794 793
f 822 605 819 818
f 819 605 601 907
f 819 907 610 613
f 907 601 599 607
f 907 607 606 610
f 752 750 749 568
f 743 697 695 689
f 739 700 698 697
f 735 734 701 700
f 734 730 729 908
f 734 908 702 701
f 908 729 909 910
f 908 910 704 702
f 910 909 911 912
f 910 912 706 704
f 912 911 913 914
f 912 914 915 706
f 915 914 916 917
f 915 917 918 709
f 915 709 707 706
f 918 917 919 920
f 918 920 921 922
f 918 922 710 709
f 922 921 923 924
f 922 924 711 710
f 924 923 925 926
f 924 926 713 711
f 926 925 927 928
f 926 928 715 713
f 928 927 929 930
f 928 930 931 715
f 931 719 716 715
f 931 930 932 933
f 931 933 934 719
f 934 724 720 719
f 934 933 913 911
f 934 911 909 724
f 933 932 935 913
f 935 932 936 937
f 935 937 938 916
f 935 916 914 913
f 938 937 939 940
f 938 940 941 919
f 938 919 917 916
f 941 940 942 943
f 941 943 585 944
f 941 944 920 919
f 944 585 584 945
f 944 945 921 920
f 945 584 589 946
f 945 946 923 921
f 946 589 947 948
f 946 948 925 923
f 948 947 949 950
f 948 950 927 925
f 950 949 951 952
f 950 952 929 927
f 952 951 953 954
f 952 954 936 929
f 954 953 955 939
f 954 939 937 936
f 955 953 956 957
f 955 957 958 942
f 955 942 940 939
f 958 957 959 960
f 958 960 961 962
f 958 962 943 942
f 962 961 587 586
f 962 586 585 943
f 961 960 580 583
f 961 583 963 587
f 963 964 588 587
f 963 583 582 965
f 963 965 966 964
f 966 949 947 964
f 966 965 967 968
f 966 968 951 949
f 968 967 969 956
f 968 956 953 951
f 969 967 581 579
f 969 579 578 959
f 969 959 957 956
f 967 965 582 581
f 964 947 589 588
f 960 959 578 580
f 936 932 930 929
f 909 729 725 724
f 723 555 554 718
f 695 692 690 689
f 640 600 597 635
f 619 618 573 572
f 618 617 574 573
f 543 547 599
f 547 607 599
f 970 1162 1163 1164
f 970 1164 1165 1166
f 970 1166 1167 1168
f 970 1168 1169 1170
f 970 1170 1171 1162
f 971 1172 1173 1174
f 971 1175 1176 1172
f 971 1174 1177 1178
f 971 1178 1179 1180
f 971 1180 1181 1175
f 972 1182 1183 1184
f 972 1185 1186 1187
f 972 1187 1188 1182
f 972 1189 1190 1191
f 972 1191 1192 1185
f 973 1193 1194 1195
f 973 1195 1196 1197
f 973 1197 1198 1199
f 973 1002 1200 1193
f 973 1199 1201 1002
f 974 1202 1203 1204
f 974 1205 1143 1202
f 974 1206 1207 1208
f 974 1204 1209 1206
f 974 1208 1210 1205
f 975 1211 1212 1213
f 975 1214 1215 1211
f 975 1216 1217 1218
f 975 1213 1219 1216
f 975 1218 1220 1214
f 976 1221 1222 1223
f 976 1223 1224 1225
f 976 1225 1226 1227
f 976 1227 1228 1229
f 976 1229 1230 1221
f 977 1231 1232 1233
f 977 1233 1234 1235
f 977 1235 1236 1237
f 977 1237 1238 1239
f 977 1239 1240 1231
f 978 1241 1242 1243
f 978 1244 1245 1241
f 978 1243 1246 1247
f 978 1247 1248 1249
f 978 1249 1250 1244
f 979 1251 1252 1253
f 979 1254 1255 1251
f 979 1256 1257 1254
f 979 1253 1258 1259
f 979 1259 1260 1256
f 980 1261 1262 1263
f 980 1263 1264 1265
f 980 1266 1267 1261
f 980 1265 1268 1269
f 980 1269 1270 1266
f 981 1271 1272 1273
f 981 1273 1274 1275
f 981 1275 1276 1277
f 981 1277 1278 1279
f 981 1279 1280 1271
f 982 1281 1282 1283
f 982 1284 1285 1286
f 982 1286 1287 1281
f 983 1288 1289 1290
f 983 1291 1292 1288
f 983 1293 1294 1291
f 983 1295 1296 1293
f 983 1290 1297 1295
f 984 1298 1299 1300
f 984 1301 1302 1303
f 984 1303 1304 1298
f 984 1300 1305 1306
f 984 1306 1307 1301
f 985 1308 1309 1310
f 985 1311 1312 1313
f 985 1313 1314 1308
f 985 1310 1315 1316
f 985 1316 1317 1311
f 986 1318 1319 1320
f 986 1321 1322 1323
f 986 1323 1324 1318
f 986 1325 1326 1321
f 986 1320 1327 1325
f 987 1298 1304 1328
f 987 1328 1329 1330
f 987 1331 1299 1298
f 988 1332 1333 1334
f 988 1334 1335 1336
f 988 1337 1338 1332
f 988 1339 1084 1337
f 988 1336 1340 1339
f 989 1341 1342 1343
f 989 1344 1345 1346
f 989 1346 1347 1341
f 989 1343 1348 1349
f 989 1349 1350 1344
f 990 1351 1352 1353
f 990 1354 1355 1351
f 990 1356 1357 1354
f 990 1358 1359 1356
f 990 1353 1278 1358
f 991 1360 1361 1362
f 991 1362 1363 1364
f 991 1364 1365 1360
f 992 1366 1367 1368
f 992 1369 1370 1366
f 992 1368 1371 1372
f 992 1372 1373 1374
f 992 1374 1375 1369
f 993 1376 1377 1378
f 993 1378 1379 1380
f 993 1380 1381 1382
f 993 1382 1383 1384
f 993 1384 1385 1376
f 994 1009 1386 1387
f 994 1387 1388 1389
f 994 1389 1390 1009
f 995 1391 1392 1393
f 995 1393 1394 1395
f 995 1395 1396 1391
f 996 1397 1398 1050
f 996 1050 1399 1400
f 996 1400 1401 1397
f 997 1402 1403 1404
f 997 1406 1407 1402
f 998 1408 1409 1410
f 998 1411 1412 1408
f 998 1410 1413 1414
f 998 1414 1415 1416
f 998 1416 1417 1411
f 999 1418 1419 1420
f 999 1421 1422 1418
f 999 1423 1424 1425
f 999 1425 1426 1421
f 999 1420 1427 1423
f 1000 1428 1429 1430
f 1000 1430 1431 1432
f 1000 1432 1433 1428
f 1001 1434 1435 1436
f 1001 1437 1438 1434
f 1001 1436 1059 1439
f 1002 1201 1006 1440
f 1002 1440 1441 1442
f 1002 1442 1443 1200
f 1146 1445 1446 1064
f 1003 1147 1146 1064
f 1004 1447 1448 1449
f 1004 1450 1451 1447
f 1004 1449 1452 1453
f 1004 1453 1454 1455
f 1004 1455 1456 1450
f 1005 1457 1458 1459
f 1005 1459 1460 1461
f 1005 1461 1462 1463
f 1005 1463 1464 1465
f 1005 1465 1466 1457
f 1006 1201 1467 1468
f 1006 1469 1470 1471
f 1006 1468 1472 1469
f 1006 1471 1473 1440
f 1007 1474 1067 1008
f 1007 1475 1476 1477
f 1007 1008 1478 1475
f 1007 1477 1479 1480
f 1007 1480 1481 1474
f 1008 1482 1483 1478
f 1009 1390 1484 1386
f 1010 1485 1486 1487
f 1010 1488 1489 1485
f 1010 1407 1490 1488
f 1010 1487 1491 1492
f 1010 1492 1402 1407
f 1011 1493 1494 1495
f 1011 1496 1497 1498
f 1011 1498 1499 1493
f 1011 1500 1501 1496
f 1011 1495 1502 1500
f 1012 1503 1504 1505
f 1012 1505 1506 1507
f 1012 1508 1509 1503
f 1012 1510 1511 1508
f 1012 1507 1512 1510
f 1013 1513 1514 1515
f 1013 1516 1517 1518
f 1013 1518 1519 1513
f 1013 1515 1520 1521
f 1013 1521 1522 1516
f 1014 1523 1524 1525
f 1014 1525 1526 1527
f 1014 1527 1528 1523
f 1015 1529 1530 1531
f 1015 1532 1533 1529
f 1015 1531 1534 1532
f 1016 1047 1338 1337
f 1016 1337 1084 1535
f 1016 1536 1537 1047
f 1016 1538 1539 1536
f 1016 1535 1540 1538
f 1017 1541 1542 1543
f 1017 1543 1544 1545
f 1017 1545 1546 1541
f 1018 1547 1548 1549
f 1018 1549 1550 1551
f 1018 1551 1552 1547
f 1019 1553 1554 1555
f 1019 1556 1557 1553
f 1019 1555 1558 1559
f 1019 1559 1560 1561
f 1020 1562 1158 1563
f 1020 1564 1565 1566
f 1020 1566 1567 1562
f 1020 1568 1569 1564
f 1020 1563 1570 1568
f 1021 1571 1572 1573
f 1021 1573 1574 1575
f 1021 1576 1577 1571
f 1021 1575 1578 1579
f 1021 1579 1580 1576
f 1022 1581 1582 1583
f 1022 1583 1584 1585
f 1022 1585 1586 1581
f 1023 1587 1588 1589
f 1023 1589 1590 1591
f 1023 1591 1592 1587
f 1024 1593 1594 1595
f 1024 1595 1596 1597
f 1025 1598 1599 1600
f 1025 1600 1601 1602
f 1025 1602 1603 1598
f 1026 1604 1605 1606
f 1026 1606 1607 1608
f 1026 1608 1609 1604
f 1027 1610 1611 1612
f 1027 1612 1613 1614
f 1027 1614 1615 1610
f 1028 1616 1617 1618
f 1028 1619 1620 1621
f 1028 1621 1622 1616
f 1028 1618 1623 1624
f 1028 1624 1625 1619
f 1029 1626 1627 1628
f 1029 1629 1630 1626
f 1029 1631 1632 1633
f 1029 1633 1634 1629
f 1029 1628 1635 1631
f 1030 1636 1637 1638
f 1030 1639 1640 1641
f 1030 1638 1642 1639
f 1030 1643 1644 1636
f 1030 1641 1645 1643
f 1031 1646 1647 1648
f 1031 1648 1649 1650
f 1031 1650 1651 1652
f 1031 1417 1416 1646
f 1031 1652 1653 1417
f 1032 1654 1655 1656
f 1032 1656 1657 1658
f 1032 1658 1659 1660
f 1032 1660 1650 1649
f 1032 1649 1661 1654
f 1033 1662 1663 1664
f 1033 1665 1666 1662
f 1033 1664 1667 1668
f 1033 1668 1669 1670
f 1033 1670 1671 1665
f 1034 1672 1673 1674
f 1034 1675 1676 1672
f 1034 1677 1678 1679
f 1034 1679 1680 1675
f 1034 1674 1681 1677
f 1035 1682 1683 1684
f 1035 1685 1686 1682
f 1035 1687 1688 1685
f 1035 1689 1690 1687
f 1035 1684 1691 1689
f 1036 1692 1693 1694
f 1036 1694 1695 1696
f 1036 1696 1697 1692
f 1037 1698 1699 1700
f 1037 1701 1702 1703
f 1037 1703 1704 1698
f 1037 1700 1705 1706
f 1037 1706 1707 1701
f 1038 1708 1709 1710
f 1038 1710 1711 1712
f 1038 1712 1040 1713
f 1038 1713 1714 1715
f 1038 1715 1716 1708
f 1039 1717 1718 1719
f 1039 1719 1720 1721
f 1039 1721 1722 1717
f 972 1184 1723 1724
f 972 1724 1725 1189
f 1040 1726 1727 1728
f 1040 1728 1729 1730
f 1040 1730 1731 1713
f 1040 1712 1732 1726
f 1041 1733 1734 1735
f 1041 1736 1737 1733
f 1041 1738 1739 1736
f 1041 1740 1741 1738
f 1041 1735 1742 1740
f 1042 1743 1744 1745
f 1042 1467 1201 1199
f 1042 1745 1746 1467
f 1042 1747 1748 1743
f 1042 1199 1198 1747
f 1043 1749 1750 1751
f 1043 1752 1753 1749
f 1043 1751 1754 1752
f 1044 1755 1756 1757
f 1044 1758 1759 1755
f 1044 1757 1760 1456
f 1044 1761 1762 1758
f 1044 1456 1455 1761
f 1045 1763 1764 1765
f 1045 1766 1767 1768
f 1045 1765 1769 1766
f 1045 1768 1770 1771
f 1045 1771 1772 1763
f 1046 1773 1774 1775
f 1046 1776 1777 1773
f 1046 1778 1779 1776
f 1046 1775 1780 1781
f 1046 1781 1114 1778
f 1047 1537 1782 1783
f 1047 1784 1785 1338
f 1047 1783 1786 1784
f 1048 1787 1788 1789
f 1048 1790 1791 1787
f 1048 1789 1792 1793
f 1048 1793 1794 1795
f 1049 1796 1797 1798
f 1049 1799 1800 1796
f 1049 1798 1801 1802
f 1049 1803 1804 1799
f 1049 1802 1805 1803
f 1050 1398 1806 1807
f 1050 1808 1809 1399
f 1050 1810 1811 1808
f 1050 1807 1812 1810
f 1051 1813 1814 1815
f 1051 1816 1817 1813
f 1051 1815 1818 1816
f 1052 1819 1820 1821
f 1052 1822 1823 1819
f 1052 1821 1824 1825
f 1052 1826 1827 1822
f 1052 1825 1828 1826
f 1053 1054 1829 1830
f 1053 1830 1076 1077
f 1053 1077 1831 1054
f 1054 1831 1832 1833
f 1055 1834 1835 1836
f 1055 1836 1837 1838
f 1055 1838 1839 1840
f 1055 1840 1841 1842
f 1055 1842 1843 1834
f 1056 1844 1845 1846
f 1056 1847 1848 1849
f 1056 1849 1850 1851
f 1057 1852 1853 1854
f 1057 1854 1855 1856
f 1057 1856 1857 1852
f 1058 1858 1859 1857
f 1058 1860 1861 1858
f 1058 1857 1856 1860
f 1059 1862 1863 1439
f 1059 1436 1864 1862
f 1060 1865 1866 1867
f 1060 1868 1869 1865
f 1060 1870 1871 1872
f 1060 1872 1873 1868
f 1060 1867 1874 1870
f 1061 1875 1876 1877
f 1061 1878 1879 1875
f 1061 1880 1881 1878
f 1061 1882 1883 1880
f 1061 1877 1884 1882
f 1062 1885 1886 1887
f 1062 1888 1889 1890
f 1062 1890 1891 1885
f 1062 1892 1136 1888
f 1062 1887 1893 1892
f 1063 1894 1895 1896
f 1063 1896 1897 1898
f 1063 1898 1899 1900
f 1064 1446 1901 1003
f 1003 1901 1902 1444
f 1065 1903 1904 1905
f 1065 1905 1906 1907
f 1065 1907 1908 1909
f 1065 1909 1910 1911
f 1065 1911 1912 1903
f 1066 1913 1914 1915
f 1066 1915 1086 1916
f 1066 1916 1917 1913
f 1067 1474 1919 1920
f 1067 1921 1922 1918
f 1067 1920 1923 1921
f 1068 1069 1919 1924
f 1068 1924 1925 1926
f 1068 1926 1927 1069
f 1069 1927 1920 1919
f 1070 1928 1929 1930
f 1070 1931 1932 1928
f 1071 1933 1934 1935
f 1071 1935 1936 1937
f 1071 1937 1938 1933
f 1072 1939 1940 1941
f 1072 1942 1943 1939
f 1072 1941 1944 1942
f 1073 1945 1946 1947
f 1073 1947 1948 1949
f 1073 1949 1950 1945
f 1074 1945 1950 1951
f 1074 1951 1952 1953
f 1074 1953 1946 1945
f 1075 1946 1953 1954
f 1075 1955 1947 1946
f 1075 1954 1956 1955
f 1076 1957 1958 1077
f 1076 1830 1959 1957
f 1077 1958 1960 1831
f 1078 1961 1962 1963
f 1078 1964 1965 1961
f 1078 1963 1966 1964
f 1079 1967 1968 1969
f 1079 1970 1971 1972
f 1079 1973 1974 1970
f 1079 1969 1975 1973
f 1079 1972 1976 1967
f 1080 1977 1978 1979
f 1080 1979 1980 1981
f 1080 1982 1983 1977
f 1081 1984 1985 1850
f 1081 1986 1987 1984
f 1081 1988 1989 1986
f 1081 1990 1991 1988
f 1081 1850 1849 1990
f 1082 1992 1993 1994
f 1082 1995 1996 1997
f 1082 1998 1999 1995
f 1082 1994 2000 1998
f 1082 1997 2001 1992
f 1083 2002 2003 1489
f 1083 2004 2005 2002
f 1083 1489 1488 2004
f 1084 1339 2006 1535
f 1085 2007 2008 2009
f 1085 2010 2011 2007
f 1085 2009 2012 2010
f 997 2013 2014
f 997 2014 2015 1406
f 1024 1597 2016 2017
f 1024 2017 2018 1593
f 1086 2019 2020 1916
f 1086 1915 2021 2019
f 1087 2024 2025 2026
f 1087 2027 2028 2029
f 1087 2030 2031 2024
f 1087 2026 2032 2027
f 1088 2033 2034 2035
f 1088 2036 2037 2038
f 1088 2035 2039 2036
f 1089 2040 2041 2042
f 1089 2042 2043 2044
f 1089 2044 2045 2040
f 1090 2046 2047 2048
f 1090 2048 2049 2050
f 1090 2050 2051 2046
f 1091 2052 1859 1858
f 1091 1858 1861 2053
f 1091 2053 2054 2052
f 1092 2055 2056 2057
f 1092 2058 2059 2055
f 1092 2057 2060 2058
f 1093 2061 2062 2063
f 1093 2063 2064 2065
f 1093 2065 2066 2061
f 1094 2067 2068 2069
f 1094 2069 2070 2071
f 1094 2072 2073 2074
f 1094 2071 2075 2072
f 1094 2074 2076 2067
f 1095 2077 2078 2079
f 1095 2079 2080 2081
f 1095 2081 2082 2077
f 1096 2083 1598 1603
f 1096 1603 2084 2085
f 1096 2085 2086 2083
f 1097 2087 2088 2089
f 1097 2090 2091 2087
f 1097 2089 2092 2090
f 1098 2093 2094 2095
f 1098 2096 2097 2093
f 1098 2098 2099 2096
f 1098 2100 2101 2098
f 1098 2095 2102 2100
f 1099 2103 2104 2105
f 1099 2105 2106 2107
f 1099 2107 2108 2103
f 1100 2109 2110 2111
f 1100 2112 2113 2109
f 1100 2111 2114 2112
f 1101 2115 2116 2117
f 1101 2117 2118 2119
f 1101 2119 2120 2115
f 1102 2121 2122 2123
f 1102 2123 2124 2125
f 1102 2125 2126 2127
f 1102 2128 1117 2121
f 1102 2127 2129 2128
f 1103 2130 2131 2132
f 1103 2132 2133 2134
f 1103 2134 2135 2130
f 1104 2136 2137 2138
f 1104 2138 2139 2140
f 1104 2140 2141 2136
f 1105 2142 2143 2144
f 1105 2145 2146 2142
f 1105 2144 2147 2145
f 1106 2148 2149 2150
f 1106 2151 2152 2148
f 1106 2150 2153 2151
f 1107 2154 2155 2156
f 1107 2157 2158 2154
f 1107 2156 2159 2157
f 1108 2160 2161 2162
f 1108 2163 2164 2160
f 1108 2165 2166 2163
f 1108 2167 2168 2165
f 1108 2162 2169 2167
f 1109 2170 2171 2172
f 1109 2173 2174 2170
f 1109 2175 2176 2173
f 1109 2177 2178 2175
f 1109 2172 2179 2177
f 1110 2180 2181 2182
f 1110 2183 2184 2180
f 1110 2182 2185 2183
f 1111 2186 2187 2188
f 1111 2188 2189 2190
f 1111 2191 2192 2186
f 1111 2190 2193 2194
f 1111 2194 2195 2191
f 1112 2196 2197 2198
f 1112 2199 2200 2196
f 1112 2198 2201 2199
f 1113 2202 2052 2054
f 1113 2054 2203 2204
f 1113 2204 2205 2202
f 1114 1781 2021 2206
f 1114 2206 1448 1778
f 1115 2207 2208 2209
f 1115 2210 2211 2212
f 1115 2213 2214 2207
f 1115 2212 2215 2213
f 1116 2216 2217 2218
f 1116 2218 2219 2220
f 1116 2220 2221 2216
f 1117 2222 2223 2121
f 1117 2224 2225 2222
f 1117 2128 2226 2227
f 1117 2227 2228 2224
f 1118 2229 2230 2231
f 1118 2232 2233 2229
f 1118 2231 2234 2232
f 1119 2235 2236 2237
f 1119 2238 2239 2235
f 1119 2237 2240 2238
f 1120 2241 2242 2243
f 1120 2243 2244 2245
f 1120 2245 2246 2241
f 1121 2247 2248 2249
f 1121 2249 2250 2251
f 1121 2251 2252 2247
f 1122 2253 2254 2255
f 1122 2256 2257 2253
f 1122 2258 2259 2260
f 1122 2255 2261 2258
f 1122 2260 2262 2256
f 1123 2263 2264 2265
f 1123 2265 2266 2267
f 1123 2267 2268 2263
f 1124 2269 2270 2271
f 1124 2271 2272 2273
f 1124 2274 2275 2269
f 1125 2276 2277 2278
f 1125 2278 2279 2280
f 1125 2281 2282 2276
f 1125 2280 2283 2284
f 1125 2284 2285 2281
f 1126 2286 2287 2288
f 1126 2288 2289 2290
f 1126 2290 2291 1127
f 1126 1127 2292 2293
f 1126 2293 2294 2286
f 1127 2291 2295 2296
f 1127 2296 2297 2298
f 1127 2298 2299 2292
f 1128 2300 2301 2302
f 1128 2302 2303 2304
f 1128 2304 2305 2300
f 1129 2306 2307 2308
f 1129 2309 2310 2306
f 1129 2311 2312 2309
f 1129 2308 2313 2314
f 1129 2314 2315 2311
f 1130 2316 2317 2318
f 1130 2319 2320 2316
f 1130 2318 2321 2319
f 1131 2322 2323 2324
f 1131 2325 2326 2322
f 1131 2324 2327 2325
f 1132 2330 2331 2332
f 1132 2333 1846 1845
f 1132 2332 2334 2333
f 1133 2335 2336 2337
f 1133 2337 2338 2339
f 1133 2339 2340 1282
f 1133 1282 1281 2341
f 1133 2341 2342 2335
f 1134 2343 2344 2345
f 1134 2346 2347 2343
f 1134 2348 2349 2346
f 1135 2350 2351 2352
f 1135 2352 2353 2354
f 1135 2354 2355 2350
f 1136 1892 2356 2357
f 1136 2357 2358 1888
f 1137 2359 2360 2361
f 1137 2361 2362 2363
f 1137 2363 2364 2359
f 1138 2365 2366 2367
f 1138 2368 2369 2365
f 1138 2367 2370 2368
f 1139 2371 2372 2373
f 1139 2373 2374 2375
f 1139 2375 2376 2371
f 1140 2377 2378 2379
f 1140 2379 2380 2381
f 1140 2381 2382 2377
f 1141 2383 2384 2385
f 1141 2386 2387 2383
f 1141 2385 2388 2386
f 1142 2389 2390 2391
f 1142 2392 2393 2389
f 1142 2391 2394 2392
f 1143 1205 2395 2396
f 1143 2396 2397 2398
f 1143 2398 2399 2400
f 1143 2400 2401 1202
f 1144 2402 1749 1753
f 1144 2403 2404 2402
f 1144 1753 2405 2403
f 1145 2406 2407 2408
f 1145 2408 2409 2410
f 1145 2410 2411 2406
f 1146 1147 2412 1445
f 1147 1156 2413 2412
f 1148 2414 2415 2416
f 1148 2417 2418 2414
f 1148 2416 2419 2420
f 1148 2420 2421 2422
f 1148 2422 2423 2417
f 1149 2424 2421 2420
f 1149 2420 2419 2425
f 1149 2425 2426 2424
f 1150 2427 2428 2429
f 1150 2430 2431 2427
f 1150 2429 2432 2430
f 1151 2434 2435 2436
f 1151 2437 2438 2434
f 1151 2439 2440 2437
f 1151 2441 2442 2439
f 1151 2436 2443 2441
f 1152 2443 2444 2445
f 1152 2445 2446 2447
f 1152 2447 2441 2443
f 1153 2448 2449 2450
f 1153 2450 2451 2452
f 1153 2452 2453 2448
f 1154 2454 1185 1192
f 1154 1190 1189 2454
f 1155 2455 2456 2457
f 1155 2457 2458 2459
f 1155 2459 2460 2455
f 1156 1444 1902 2461
f 1156 2461 2462 2413
f 1157 2463 2464 2465
f 1157 2465 2466 2467
f 1157 2467 2468 2463
f 1158 2469 2470 1563
f 1158 1367 1366 2469
f 1158 2471 2472 1367
f 1158 1562 2473 2471
f 1159 2474 2475 2476
f 1159 2476 2477 2478
f 1159 2478 2479 2474
f 1160 2480 2481 2482
f 1160 2483 2484 2480
f 1160 2482 2485 2483
f 1161 2486 2487 2488
f 1161 2488 2489 2490
f 1161 2490 2491 2486
f 2491 2490 2492 2493
f 2491 2493 2494 2495
f 2491 2495 2496 2486
f 2496 2497 2487 2486
f 2496 2495 2498 2499
f 2496 2499 2500 2497
f 2500 2501 2502 2497
f 2500 2499 2503 2504
f 2500 2504 2505 2501
f 2505 2506 2507 2501
f 2505 2504 2508 2509
f 2505 2509 2510 2506
f 2510 2511 2512 2506
f 2510 2509 2513 2514
f 2510 2514 2515 2511
f 2515 2516 2517 2511
f 2515 2514 2518 2519
f 2515 2519 2520 2516
f 2520 2521 2522 2516
f 2520 2519 2523 2524
f 2520 2524 2525 2521
f 2525 2526 2527 2521
f 2525 2524 2528 2529
f 2525 2529 2530 2526
f 2530 2531 2532 2526
f 2530 2529 2533 2534
f 2530 2534 2535 2531
f 2535 2536 2537 2531
f 2535 2534 2538 2539
f 2535 2539 2129 2536
f 2539 2538 2540 2226
f 2539 2226 2128 2129
f 2540 2538 2541 2542
f 2540 2542 2543 2544
f 2540 2544 2227 2226
f 2544 2543 2545 2546
f 2544 2546 2228 2227
f 2546 2545 2547 2548
f 2546 2548 2549 2228
f 2549 2550 2224 2228
f 2549 2548 2551 2552
f 2549 2552 2553 2550
f 2553 2554 2555 2550
f 2553 2552 2556 2557
f 2553 2557 2558 2554
f 2558 2559 2560 2554
f 2558 2557 2561 2562
f 2558 2562 2563 2559
f 2563 2564 2565 2559
f 2563 2562 2566 2567
f 2563 2567 2568 2564
f 2568 2569 2570 2564
f 2568 2567 2571 2572
f 2568 2572 2573 2569
f 2573 2574 2575 2569
f 2573 2572 2576 2577
f 2573 2577 2578 2574
f 2578 2579 2580 2574
f 2578 2577 2581 2582
f 2578 2582 2583 2579
f 2583 2584 2585 2579
f 2583 2582 2586 2587
f 2583 2587 2588 2584
f 2588 2589 2590 2584
f 2588 2587 2591 2592
f 2588 2592 2593 2589
f 2593 2594 2595 2589
f 2593 2592 2596 2597
f 2593 2597 2598 2594
f 2598 2599 2600 2594
f 2598 2597 2601 2602
f 2598 2602 2603 2599
f 2603 2604 2605 2599
f 2603 2602 2294 2293
f 2603 2293 2292 2604
f 2605 2606 2607 2608
f 2605 2608 2600 2599
f 2605 2604 2609 2606
f 2609 2610 2611 2606
f 2609 2604 2292 2299
f 2609 2299 2612 2610
f 2612 2613 2614 2610
f 2612 2299 2298 2615
f 2612 2615 2616 2613
f 2616 2617 2618 2613
f 2616 2615 2619 2620
f 2616 2620 2621 2617
f 2621 2622 2623 2617
f 2621 2620 2624 2625
f 2621 2625 2626 2622
f 2626 2627 2628 2622
f 2626 2625 2629 2630
f 2626 2630 2631 2627
f 2631 2632 2633 2627
f 2631 2630 2634 2635
f 2631 2635 2636 2632
f 2636 2637 2638 2632
f 2636 2635 2639 2640
f 2636 2640 2641 2637
f 2641 2642 2643 2637
f 2641 2640 2644 2059
f 2641 2059 2058 2642
f 2644 2640 2639 2645
f 2644 2645 2646 2647
f 2644 2647 2055 2059
f 2647 2646 2648 2649
f 2647 2649 2056 2055
f 2649 2648 2650 2651
f 2649 2651 2652 2056
f 2652 2653 2057 2056
f 2652 2651 2654 2655
f 2652 2655 2656 2653
f 2656 2657 2658 2653
f 2656 2655 2659 2660
f 2656 2660 2661 2657
f 2661 2662 2663 2657
f 2661 2660 2664 2665
f 2661 2665 2666 2662
f 2666 2667 2049 2662
f 2666 2665 2668 2669
f 2666 2669 2670 2667
f 2670 2671 2672 2667
f 2670 2669 1544 1543
f 2670 1543 1542 2671
f 2672 2671 2673 2674
f 2672 2674 2051 2050
f 2672 2050 2049 2667
f 2674 2673 2675 2676
f 2674 2676 2677 2051
f 2677 2676 2678 2679
f 2677 2679 2680 2681
f 2677 2681 2046 2051
f 2681 2680 2643 2682
f 2681 2682 2047 2046
f 2682 2643 2642 2683
f 2682 2683 2684 2047
f 2684 2683 2060 2658
f 2684 2658 2657 2663
f 2684 2663 2048 2047
f 2683 2642 2058 2060
f 2680 2679 2685 2638
f 2680 2638 2637 2643
f 2685 2679 2678 2686
f 2685 2686 2687 2633
f 2685 2633 2632 2638
f 2687 2686 2688 2689
f 2687 2689 2690 2628
f 2687 2628 2627 2633
f 2690 2689 2691 2692
f 2690 2692 2693 2623
f 2690 2623 2622 2628
f 2693 2692 2694 2695
f 2693 2695 2696 2618
f 2693 2618 2617 2623
f 2696 2695 2697 2698
f 2696 2698 2699 2614
f 2696 2614 2613 2618
f 2699 2698 2700 2701
f 2699 2701 2702 2611
f 2699 2611 2610 2614
f 2702 2701 2703 2704
f 2702 2704 2705 2607
f 2702 2607 2606 2611
f 2705 2704 2706 2707
f 2705 2707 2708 2709
f 2705 2709 2608 2607
f 2709 2708 2710 2711
f 2709 2711 2600 2608
f 2711 2710 2712 2595
f 2711 2595 2594 2600
f 2712 2710 2713 2714
f 2712 2714 2715 2590
f 2712 2590 2589 2595
f 2715 2714 2716 2717
f 2715 2717 2718 2585
f 2715 2585 2584 2590
f 2718 2717 2719 2720
f 2718 2720 2721 2580
f 2718 2580 2579 2585
f 2721 2720 2722 2723
f 2721 2723 2724 2575
f 2721 2575 2574 2580
f 2724 2723 2725 2726
f 2724 2726 2727 2570
f 2724 2570 2569 2575
f 2727 2726 2728 2729
f 2727 2729 2730 2565
f 2727 2565 2564 2570
f 2730 2729 2731 2732
f 2730 2732 2733 2560
f 2730 2560 2559 2565
f 2733 2732 2734 2735
f 2733 2735 2225 2555
f 2733 2555 2554 2560
f 2735 2734 2736 2737
f 2735 2737 2222 2225
f 2737 2736 2738 2739
f 2737 2739 2223 2222
f 2739 2738 2740 2741
f 2739 2741 2742 2223
f 2742 2741 2743 2744
f 2742 2744 2745 2122
f 2742 2122 2121 2223
f 2745 2744 1242 1241
f 2745 1241 1245 2746
f 2745 2746 2123 2122
f 2746 2747 2124 2123
f 2746 1245 2748 2747
f 2748 2749 2750 2747
f 2748 1245 1244 2751
f 2748 2751 2752 2749
f 2752 2753 2754 2749
f 2752 2751 2755 2756
f 2752 2756 2757 2753
f 2757 2758 2759 2753
f 2757 2756 2760 2761
f 2757 2761 2762 2758
f 2762 2763 2764 2758
f 2762 2761 2765 2766
f 2762 2766 2767 2763
f 2767 2768 2769 2763
f 2767 2766 2770 2771
f 2767 2771 2772 2768
f 2772 2773 2774 2768
f 2772 2771 2775 2776
f 2772 2776 2777 2773
f 2777 1530 1529 2773
f 2777 2776 2778 2779
f 2777 2779 2780 1530
f 2780 2781 1531 1530
f 2780 2779 2782 2783
f 2780 2783 2784 2781
f 2784 2785 2786 2781
f 2784 2783 1817 1816
f 2784 1816 1818 2785
f 2786 2011 2787 1534
f 2786 1534 1531 2781
f 2786 2785 2007 2011
f 2787 2011 2010 2788
f 2787 2788 2789 2790
f 2787 2790 1532 1534
f 2790 2789 2791 2792
f 2790 2792 1533 1532
f 2792 2791 2793 2794
f 2792 2794 2774 1533
f 2794 2793 2795 2769
f 2794 2769 2768 2774
f 2795 2793 2796 2797
f 2795 2797 2798 2764
f 2795 2764 2763 2769
f 2798 2797 2799 2800
f 2798 2800 2801 2759
f 2798 2759 2758 2764
f 2801 2800 2802 2803
f 2801 2803 2804 2754
f 2801 2754 2753 2759
f 2804 2803 2805 2806
f 2804 2806 2807 2750
f 2804 2750 2749 2754
f 2807 2806 2808 2809
f 2807 2809 2125 2124
f 2807 2124 2747 2750
f 2809 2808 2810 2811
f 2809 2811 2126 2125
f 2811 2810 2812 2813
f 2811 2813 2814 2126
f 2814 2813 2815 2816
f 2814 2816 2817 2818
f 2814 2818 2127 2126
f 2818 2817 2537 2536
f 2818 2536 2129 2127
f 2817 2816 2819 2820
f 2817 2820 2821 2537
f 2821 2820 2822 2823
f 2821 2823 2824 2532
f 2821 2532 2531 2537
f 2824 2823 2825 2826
f 2824 2826 2827 2527
f 2824 2527 2526 2532
f 2827 2826 1617 2828
f 2827 2828 2829 2522
f 2827 2522 2521 2527
f 2829 2828 2830 2831
f 2829 2831 2832 2517
f 2829 2517 2516 2522
f 2832 2831 2833 2834
f 2832 2834 2835 2512
f 2832 2512 2511 2517
f 2835 2834 2836 2837
f 2835 2837 2838 2507
f 2835 2507 2506 2512
f 2838 2837 2839 2840
f 2838 2840 2841 2502
f 2838 2502 2501 2507
f 2841 2840 2842 2843
f 2841 2843 2488 2487
f 2841 2487 2497 2502
f 2843 2842 2844 2845
f 2843 2845 2489 2488
f 2845 2844 2846 2847
f 2845 2847 2848 2489
f 2848 2847 2849 2850
f 2848 2850 2851 2492
f 2848 2492 2490 2489
f 2851 2850 2852 2853
f 2851 2853 2854 2855
f 2851 2855 2493 2492
f 2855 2854 2856 2857
f 2855 2857 2494 2493
f 2857 2856 2858 2859
f 2857 2859 2860 2494
f 2860 2498 2495 2494
f 2860 2859 2861 2862
f 2860 2862 2863 2498
f 2863 2503 2499 2498
f 2863 2862 2864 2865
f 2863 2865 2866 2503
f 2866 2508 2504 2503
f 2866 2865 2867 2868
f 2866 2868 2869 2508
f 2869 2513 2509 2508
f 2869 2868 1324 2870
f 2869 2870 2871 2513
f 2871 2518 2514 2513
f 2871 2870 2872 2873
f 2871 2873 2874 2518
f 2874 2523 2519 2518
f 2874 2873 2875 2876
f 2874 2876 2877 2523
f 2877 2528 2524 2523
f 2877 2876 2878 2879
f 2877 2879 2880 2528
f 2880 2533 2529 2528
f 2880 2879 2881 2882
f 2880 2882 2541 2533
f 2882 2881 2883 2884
f 2882 2884 2542 2541
f 2884 2883 2885 2886
f 2884 2886 2543 2542
f 2886 2885 2887 2888
f 2886 2888 2545 2543
f 2888 2887 2889 2890
f 2888 2890 2547 2545
f 2890 2889 2891 2892
f 2890 2892 2893 2547
f 2893 2551 2548 2547
f 2893 2892 2894 2895
f 2893 2895 2896 2551
f 2896 2556 2552 2551
f 2896 2895 2897 2898
f 2896 2898 2899 2556
f 2899 2561 2557 2556
f 2899 2898 2900 2901
f 2899 2901 2902 2561
f 2902 2566 2562 2561
f 2902 2901 2903 2904
f 2902 2904 2905 2566
f 2905 2571 2567 2566
f 2905 2904 2906 2907
f 2905 2907 2908 2571
f 2908 2576 2572 2571
f 2908 2907 2909 2910
f 2908 2910 2911 2576
f 2911 2581 2577 2576
f 2911 2910 2912 2913
f 2911 2913 2914 2581
f 2914 2586 2582 2581
f 2914 2913 2915 2916
f 2914 2916 2917 2586
f 2917 2591 2587 2586
f 2917 2916 2918 2919
f 2917 2919 2920 2591
f 2920 2596 2592 2591
f 2920 2919 2921 2922
f 2920 2922 2923 2596
f 2923 2601 2597 2596
f 2923 2922 2924 2925
f 2923 2925 2926 2601
f 2926 2294 2602 2601
f 2926 2925 2927 2928
f 2926 2928 2286 2294
f 2928 2927 2929 2930
f 2928 2930 2287 2286
f 2930 2929 2931 2932
f 2930 2932 2933 2287
f 2933 2932 2934 2935
f 2933 2935 2936 2937
f 2933 2937 2288 2287
f 2937 2936 2938 2939
f 2937 2939 2289 2288
f 2939 2938 2940 2941
f 2939 2941 2942 2289
f 2942 2941 2943 2944
f 2942 2944 1765 1764
f 2942 1764 2290 2289
f 2944 2943 2945 2946
f 2944 2946 1769 1765
f 2946 2945 2947 2948
f 2946 2948 2949 1769
f 2949 2948 2950 2951
f 2949 2951 2952 2953
f 2949 2953 1766 1769
f 2953 2952 2954 2955
f 2953 2955 1767 1766
f 2955 2954 2956 2957
f 2955 2957 2958 1767
f 2958 2959 1768 1767
f 2958 2957 2960 2961
f 2958 2961 2962 2959
f 2962 2963 2964 2959
f 2962 2961 2965 2966
f 2962 2966 2967 2963
f 2967 2968 2969 2963
f 2967 2966 2970 2971
f 2967 2971 2972 2968
f 2972 2971 1375 1374
f 2972 1374 1373 2973
f 2972 2973 2974 2968
f 2974 2973 2975 2976
f 2974 2976 2977 2978
f 2974 2978 2969 2968
f 2978 2977 2979 2980
f 2978 2980 2981 2969
f 2981 2964 2963 2969
f 2981 2980 2982 2983
f 2981 2983 1770 2964
f 2983 2982 2984 2985
f 2983 2985 1771 1770
f 2985 2984 1970 1974
f 2985 1974 1772 1771
f 2984 2982 2986 2987
f 2984 2987 1971 1970
f 2987 2986 2988 2989
f 2987 2989 2990 1971
f 2990 2989 2991 2992
f 2990 2992 2993 2994
f 2990 2994 1972 1971
f 2994 2993 2995 2996
f 2994 2996 1976 1972
f 2996 2995 2997 2998
f 2996 2998 2999 1976
f 2999 3000 1967 1976
f 2999 2998 3001 3002
f 2999 3002 3003 3000
f 3003 3004 3005 3000
f 3003 3002 3006 3007
f 3003 3007 3008 3004
f 3008 3009 3010 3004
f 3008 3007 3011 3012
f 3008 3012 3013 3009
f 3013 3014 3015 3009
f 3013 3012 3016 3017
f 3013 3017 3018 3014
f 3018 3019 3020 3014
f 3018 3017 3021 3022
f 3018 3022 1224 3019
f 3022 3021 3023 3024
f 3022 3024 1225 1224
f 3024 3023 3025 3026
f 3024 3026 1226 1225
f 3026 3025 3027 3028
f 3026 3028 3029 1226
f 3029 3030 1227 1226
f 3029 3028 3031 3032
f 3029 3032 3033 3030
f 3033 3034 3035 3030
f 3033 3032 3036 3037
f 3033 3037 3038 3034
f 3038 3039 3040 3034
f 3038 3037 3041 3042
f 3038 3042 2254 3039
f 3042 3041 3043 3044
f 3042 3044 2255 2254
f 3044 3043 3045 3046
f 3044 3046 2261 2255
f 3046 3045 3047 3048
f 3046 3048 3049 2261
f 3049 3050 2258 2261
f 3049 3048 3051 3052
f 3049 3052 3053 3050
f 3053 3054 3055 3050
f 3053 3052 3056 3057
f 3053 3057 3058 3054
f 3058 3059 3060 3054
f 3058 3057 3061 3062
f 3058 3062 3063 3059
f 3063 3064 3065 3059
f 3063 3062 3066 3067
f 3063 3067 3068 3064
f 3068 3069 3070 3064
f 3068 3067 3071 3072
f 3068 3072 3073 3069
f 3073 3074 3075 3069
f 3073 3072 3076 3077
f 3073 3077 3078 3074
f 3078 3079 3080 3074
f 3078 3077 3081 3082
f 3078 3082 1361 3079
f 3082 3081 3083 3084
f 3082 3084 1362 1361
f 3084 3083 3085 3086
f 3084 3086 1363 1362
f 3086 3085 3087 3088
f 3086 3088 3089 1363
f 3089 3090 1364 1363
f 3089 3088 3091 3092
f 3089 3092 3093 3090
f 3093 3094 3095 3090
f 3093 3092 3096 3097
f 3093 3097 3098 3094
f 3098 3099 3100 3094
f 3098 3097 3101 3102
f 3098 3102 3103 3099
f 3103 3104 2234 3099
f 3103 3102 2239 2238
f 3103 2238 2240 3104
f 3104 2240 3105 3106
f 3104 3106 2232 2234
f 3106 3105 3107 3108
f 3106 3108 2233 2232
f 3108 3107 3109 3110
f 3108 3110 3111 2233
f 3111 3110 3112 3113
f 3111 3113 3114 3115
f 3111 3115 2229 2233
f 3115 3114 3116 3117
f 3115 3117 2230 2229
f 3117 3116 3118 3119
f 3117 3119 3120 2230
f 3120 3100 2231 2230
f 3120 3119 1365 3095
f 3120 3095 3094 3100
f 3119 3118 1360 1365
f 3118 3116 3080 3079
f 3118 3079 1361 1360
f 3116 3114 3121 3080
f 3121 3114 3113 3122
f 3121 3122 3123 3075
f 3121 3075 3074 3080
f 3123 3122 3124 3125
f 3123 3125 3126 3070
f 3123 3070 3069 3075
f 3126 3125 3127 3128
f 3126 3128 3129 3065
f 3126 3065 3064 3070
f 3129 3128 3130 3131
f 3129 3131 3132 3060
f 3129 3060 3059 3065
f 3132 3131 3133 3134
f 3132 3134 2259 3055
f 3132 3055 3054 3060
f 3134 3133 3135 3136
f 3134 3136 2260 2259
f 3136 3135 3137 3138
f 3136 3138 2262 2260
f 3138 3137 3139 3140
f 3138 3140 3141 2262
f 3141 3140 3142 3143
f 3141 3143 3144 3145
f 3141 3145 2256 2262
f 3145 3144 3146 3147
f 3145 3147 2257 2256
f 3147 3146 3148 3149
f 3147 3149 3150 2257
f 3150 3151 2253 2257
f 3150 3149 3152 3153
f 3150 3153 3154 3151
f 3154 3040 3039 3151
f 3154 3153 3155 3156
f 3154 3156 3157 3040
f 3157 3035 3034 3040
f 3157 3156 1233 1232
f 3157 1232 1228 3035
f 3156 3155 1234 1233
f 3155 3153 3152 3158
f 3155 3158 3159 1234
f 3159 3158 3160 3161
f 3159 3161 3162 3163
f 3159 3163 1235 1234
f 3163 3162 3164 3165
f 3163 3165 1236 1235
f 3165 3164 3166 3167
f 3165 3167 3168 1236
f 3168 3169 1237 1236
f 3168 3167 3170 3171
f 3168 3171 3172 3169
f 3172 3173 3174 3169
f 3172 3171 3175 3176
f 3172 3176 3177 3173
f 3177 3178 3179 3173
f 3177 3176 3180 3181
f 3177 3181 3182 3178
f 3182 2120 3183 3178
f 3182 3181 3184 3185
f 3182 3185 2115 2120
f 3185 3184 3186 3187
f 3185 3187 2116 2115
f 3187 3186 3188 3189
f 3187 3189 3190 2116
f 3190 3191 2117 2116
f 3190 3189 3192 3193
f 3190 3193 3194 3191
f 3194 3195 3196 3191
f 3194 3193 3197 3198
f 3194 3198 3199 3195
f 3199 3200 3201 3195
f 3199 3198 3202 3203
f 3199 3203 3204 3200
f 3204 3205 3206 3200
f 3204 3203 3207 2675
f 3204 2675 2673 3205
f 3207 3203 3202 2688
f 3207 2688 2686 2678
f 3207 2678 2676 2675
f 3206 1541 1546 3208
f 3206 3208 3201 3200
f 3206 3205 1542 1541
f 3208 1546 3209 3210
f 3208 3210 3211 3201
f 3211 3210 3212 3213
f 3211 3213 2118 3196
f 3211 3196 3195 3201
f 3213 3212 3214 3215
f 3213 3215 2119 2118
f 3215 3214 3216 3183
f 3215 3183 2120 2119
f 3216 3214 3217 3218
f 3216 3218 3219 3179
f 3216 3179 3178 3183
f 3219 3218 3220 3221
f 3219 3221 1238 3174
f 3219 3174 3173 3179
f 3221 3220 3222 3223
f 3221 3223 1239 1238
f 3223 3222 3224 3225
f 3223 3225 1240 1239
f 3225 3224 3226 3227
f 3225 3227 1230 1240
f 3227 3226 3228 3229
f 3227 3229 1221 1230
f 3229 3228 2654 3230
f 3229 3230 1222 1221
f 3230 2654 2651 2650
f 3230 2650 3231 1222
f 3231 2650 2648 3232
f 3231 3232 3233 3234
f 3231 3234 1223 1222
f 3234 3233 3020 3019
f 3234 3019 1224 1223
f 3233 3232 3235 3236
f 3233 3236 3237 3020
f 3237 3236 3238 3239
f 3237 3239 3240 3015
f 3237 3015 3014 3020
f 3240 3239 3241 3242
f 3240 3242 3243 3010
f 3240 3010 3009 3015
f 3243 3242 3244 3245
f 3243 3245 1968 3005
f 3243 3005 3004 3010
f 3245 3244 3246 3247
f 3245 3247 1969 1968
f 3247 3246 3248 3249
f 3247 3249 1975 1969
f 3249 3248 2619 2297
f 3249 2297 2296 1975
f 3248 2624 2620 2619
f 3248 3246 3250 2624
f 3250 2629 2625 2624
f 3250 3246 3244 3251
f 3250 3251 3252 2629
f 3252 2634 2630 2629
f 3252 3251 3241 3253
f 3252 3253 3254 2634
f 3254 2639 2635 2634
f 3254 3253 3238 3255
f 3254 3255 2645 2639
f 3255 3238 3236 3235
f 3255 3235 2646 2645
f 3253 3241 3239 3238
f 3251 3244 3242 3241
f 3235 3232 2648 2646
f 3228 2659 2655 2654
f 3228 3226 3256 2659
f 3256 2664 2660 2659
f 3256 3226 3224 3257
f 3256 3257 3258 2664
f 3258 2668 2665 2664
f 3258 3257 3259 3260
f 3258 3260 3261 2668
f 3261 1544 2669 2668
f 3261 3260 3262 3263
f 3261 3263 1545 1544
f 3263 3262 3264 3209
f 3263 3209 1546 1545
f 3264 3262 3265 3217
f 3264 3217 3214 3212
f 3264 3212 3210 3209
f 3265 3262 3260 3259
f 3265 3259 3222 3220
f 3265 3220 3218 3217
f 3259 3257 3224 3222
f 3205 2673 2671 1542
f 3202 3198 3197 2691
f 3202 2691 2689 2688
f 3197 3193 3192 2694
f 3197 2694 2692 2691
f 3196 2118 2117 3191
f 3192 3189 3188 2697
f 3192 2697 2695 2694
f 3188 3186 3266 2700
f 3188 2700 2698 2697
f 3266 3186 3184 3267
f 3266 3267 3268 2703
f 3266 2703 2701 2700
f 3268 3267 3180 3269
f 3268 3269 3270 2706
f 3268 2706 2704 2703
f 3270 3269 3175 3271
f 3270 3271 3272 3273
f 3270 3273 2707 2706
f 3273 3272 3274 3275
f 3273 3275 2708 2707
f 3275 3274 3276 2713
f 3275 2713 2710 2708
f 3276 3274 3277 3278
f 3276 3278 3279 2716
f 3276 2716 2714 2713
f 3279 3278 3280 3281
f 3279 3281 3282 2719
f 3279 2719 2717 2716
f 3282 3281 3283 3284
f 3282 3284 3285 2722
f 3282 2722 2720 2719
f 3285 3284 3286 3287
f 3285 3287 3288 2725
f 3285 2725 2723 2722
f 3288 3287 3289 3290
f 3288 3290 3291 2728
f 3288 2728 2726 2725
f 3291 3290 3292 3293
f 3291 3293 3294 2731
f 3291 2731 2729 2728
f 3294 3293 3295 3296
f 3294 3296 2736 2734
f 3294 2734 2732 2731
f 3296 3295 3297 3298
f 3296 3298 2738 2736
f 3298 3297 3299 3300
f 3298 3300 2740 2738
f 3300 3299 3301 3302
f 3300 3302 3303 2740
f 3303 3302 3304 3305
f 3303 3305 3306 2743
f 3303 2743 2741 2740
f 3306 3305 3307 3308
f 3306 3308 1243 1242
f 3306 1242 2744 2743
f 3308 3307 3309 3310
f 3308 3310 1246 1243
f 3310 3309 3311 3312
f 3310 3312 3313 1246
f 3313 3312 3314 3315
f 3313 3315 3316 3317
f 3313 3317 1247 1246
f 3317 3316 3318 3319
f 3317 3319 1248 1247
f 3319 3318 3320 3321
f 3319 3321 3322 1248
f 3322 3321 3323 1620
f 3322 1620 1619 3324
f 3322 3324 1249 1248
f 3324 1619 1625 3325
f 3324 3325 1250 1249
f 3325 3326 2755 1250
f 3325 1625 3327 3326
f 3327 3328 2760 3326
f 3327 1625 1624 3329
f 3327 3329 3330 3328
f 3330 3331 2765 3328
f 3330 3329 3332 3333
f 3330 3333 3334 3331
f 3334 3335 2770 3331
f 3334 3333 3336 3337
f 3334 3337 3338 3335
f 3338 3339 2775 3335
f 3338 3337 3340 3341
f 3338 3341 3342 3339
f 3342 3343 2778 3339
f 3342 3341 3344 3345
f 3342 3345 3346 3343
f 3346 3347 2782 3343
f 3346 3345 3348 3349
f 3346 3349 3350 3347
f 3350 1813 1817 3347
f 3350 3349 3351 3352
f 3350 3352 1814 1813
f 3352 3351 3353 3354
f 3352 3354 3355 1814
f 3355 3356 1815 1814
f 3355 3354 3357 3358
f 3355 3358 3359 3356
f 3359 2009 2008 3356
f 3359 3358 3360 3361
f 3359 3361 2012 2009
f 3361 3360 2135 2134
f 3361 2134 2133 2012
f 3360 3358 3357 3362
f 3360 3362 3363 2135
f 3363 3362 3364 3365
f 3363 3365 2799 3366
f 3363 3366 2130 2135
f 3366 2799 2797 2796
f 3366 2796 2131 2130
f 3365 3364 3367 2802
f 3365 2802 2800 2799
f 3367 3364 3368 3369
f 3367 3369 3370 2805
f 3367 2805 2803 2802
f 3370 3369 3371 3372
f 3370 3372 2810 2808
f 3370 2808 2806 2805
f 3372 3371 3373 3374
f 3372 3374 2812 2810
f 3374 3373 3348 3375
f 3374 3375 3376 2812
f 3376 3375 3344 3377
f 3376 3377 3378 2815
f 3376 2815 2813 2812
f 3378 3377 3340 3379
f 3378 3379 3380 2819
f 3378 2819 2816 2815
f 3380 3379 3336 3381
f 3380 3381 3382 2822
f 3380 2822 2820 2819
f 3382 3381 3332 1623
f 3382 1623 1618 2825
f 3382 2825 2823 2822
f 3381 3336 3333 3332
f 3379 3340 3337 3336
f 3377 3344 3341 3340
f 3375 3348 3345 3344
f 3373 3351 3349 3348
f 3373 3371 3353 3351
f 3371 3369 3368 3353
f 3368 3357 3354 3353
f 3368 3364 3362 3357
f 3356 2008 1818 1815
f 3347 1817 2783 2782
f 3343 2782 2779 2778
f 3339 2778 2776 2775
f 3335 2775 2771 2770
f 3332 3329 1624 1623
f 3331 2770 2766 2765
f 3328 2765 2761 2760
f 3326 2760 2756 2755
f 3323 3321 3320 3383
f 3323 3383 3384 3385
f 3323 3385 1621 1620
f 3385 3384 3386 3387
f 3385 3387 1622 1621
f 3387 3386 3388 3389
f 3387 3389 3390 1622
f 3390 3389 3391 2833
f 3390 2833 2831 2830
f 3390 2830 1616 1622
f 3391 3389 3388 3392
f 3391 3392 3393 2836
f 3391 2836 2834 2833
f 3393 3392 3394 3395
f 3393 3395 3396 2839
f 3393 2839 2837 2836
f 3396 3395 3397 3398
f 3396 3398 2844 2842
f 3396 2842 2840 2839
f 3398 3397 3399 3400
f 3398 3400 2846 2844
f 3400 3399 3401 3402
f 3400 3402 3403 2846
f 3403 3402 3404 3405
f 3403 3405 3406 2849
f 3403 2849 2847 2846
f 3406 3405 3407 3408
f 3406 3408 3409 2852
f 3406 2852 2850 2849
f 3409 3408 3410 3411
f 3409 3411 3412 3413
f 3409 3413 2853 2852
f 3413 3412 3414 3415
f 3413 3415 2854 2853
f 3415 3414 3416 3417
f 3415 3417 2856 2854
f 3417 3416 3418 3419
f 3417 3419 2858 2856
f 3419 3418 3420 3421
f 3419 3421 3422 2858
f 3422 2861 2859 2858
f 3422 3421 1823 3423
f 3422 3423 3424 2861
f 3424 2864 2862 2861
f 3424 3423 3425 3426
f 3424 3426 3427 2864
f 3427 2867 2865 2864
f 3427 3426 3428 1319
f 3427 1319 1318 2867
f 3428 3429 1320 1319
f 3428 3426 3425 3430
f 3428 3430 3431 3429
f 3431 3432 3433 3429
f 3431 3430 1827 3434
f 3431 3434 3435 3432
f 3435 3436 3437 3432
f 3435 3434 3438 3439
f 3435 3439 3440 3436
f 3440 3441 3442 3436
f 3440 3439 3443 3444
f 3440 3444 3445 3441
f 3445 3446 3447 3441
f 3445 3444 3448 3449
f 3445 3449 3450 3446
f 3450 3451 3452 3446
f 3450 3449 3453 3454
f 3450 3454 3455 3451
f 3455 3456 3457 3451
f 3455 3454 3458 3459
f 3455 3459 3460 3456
f 3460 3459 3461 3462
f 3460 3462 3463 3464
f 3460 3464 3465 3456
f 3465 3466 3457 3456
f 3465 3464 3467 3468
f 3465 3468 3469 3466
f 3469 3470 3471 3466
f 3469 3468 3472 3473
f 3469 3473 3474 3470
f 3474 3475 3476 3470
f 3474 3473 3477 3478
f 3474 3478 3479 3475
f 3479 2102 2095 3475
f 3479 3478 3480 3481
f 3479 3481 3482 2102
f 3482 3483 2100 2102
f 3482 3481 3484 3485
f 3482 3485 3486 3483
f 3486 3487 3488 3483
f 3486 3485 3489 3490
f 3486 3490 3491 3487
f 3491 3492 3493 3487
f 3491 3490 3494 3495
f 3491 3495 3496 3492
f 3496 3497 3498 3492
f 3496 3495 3499 3500
f 3496 3500 3501 3497
f 3501 3502 3503 3497
f 3501 3500 3504 3505
f 3501 3505 3506 3502
f 3506 3507 3508 3502
f 3506 3505 3509 3510
f 3506 3510 3511 3507
f 3511 3512 3513 3507
f 3511 3510 3514 3515
f 3511 3515 3516 3512
f 3516 3517 3518 3512
f 3516 3515 3519 3520
f 3516 3520 3521 3517
f 3521 3522 3523 3517
f 3521 3520 3524 3525
f 3521 3525 3526 3522
f 3526 3527 3528 3522
f 3526 3525 3529 3530
f 3526 3530 3531 3527
f 3531 3532 3533 3527
f 3531 3530 3534 3535
f 3531 3535 3536 3532
f 3536 3537 3538 3532
f 3536 3535 3539 3540
f 3536 3540 3541 3537
f 3541 3542 3543 3537
f 3541 3540 3544 3545
f 3541 3545 3546 3542
f 3546 3547 3548 3542
f 3546 3545 2104 2103
f 3546 2103 2108 3547
f 3548 3549 2110 3550
f 3548 3550 3543 3542
f 3548 3547 3551 3549
f 3551 3547 2108 3552
f 3551 3552 3553 3554
f 3551 3554 3555 3549
f 3555 2111 2110 3549
f 3555 3554 3556 3557
f 3555 3557 2114 2111
f 3557 3556 2249 2248
f 3557 2248 3558 2114
f 3558 2248 2247 3559
f 3558 3559 3560 3561
f 3558 3561 2112 2114
f 3561 3560 2268 3562
f 3561 3562 2113 2112
f 3562 2268 2267 3563
f 3562 3563 3564 2113
f 3564 3563 3565 3566
f 3564 3566 3567 3568
f 3564 3568 2109 2113
f 3568 3567 3543 3550
f 3568 3550 2110 2109
f 3567 3566 3569 3538
f 3567 3538 3537 3543
f 3569 3566 3565 3570
f 3569 3570 3571 3533
f 3569 3533 3532 3538
f 3571 3570 3572 3573
f 3571 3573 3574 3528
f 3571 3528 3527 3533
f 3574 3573 3575 3576
f 3574 3576 3577 3523
f 3574 3523 3522 3528
f 3577 3576 3578 3579
f 3577 3579 3580 3518
f 3577 3518 3517 3523
f 3580 3579 3581 3582
f 3580 3582 3583 3513
f 3580 3513 3512 3518
f 3583 3582 3584 3585
f 3583 3585 3586 3508
f 3583 3508 3507 3513
f 3586 3585 3587 3588
f 3586 3588 3589 3503
f 3586 3503 3502 3508
f 3589 3588 3590 3591
f 3589 3591 3592 3498
f 3589 3498 3497 3503
f 3592 3591 3593 3594
f 3592 3594 3595 3493
f 3592 3493 3492 3498
f 3595 3594 3596 3597
f 3595 3597 2101 3488
f 3595 3488 3487 3493
f 3597 3596 3598 3599
f 3597 3599 2098 2101
f 3599 3598 3600 3601
f 3599 3601 2099 2098
f 3601 3600 3602 3603
f 3601 3603 3604 2099
f 3604 3603 3605 3606
f 3604 3606 3607 3608
f 3604 3608 2096 2099
f 3608 3607 3609 3610
f 3608 3610 2097 2096
f 3610 3609 3611 3612
f 3610 3612 3613 2097
f 3613 3612 3614 3615
f 3613 3615 3616 3617
f 3613 3617 2093 2097
f 3617 3616 3618 3619
f 3617 3619 2094 2093
f 3619 3618 3620 3621
f 3619 3621 3476 2094
f 3621 3620 3622 3471
f 3621 3471 3470 3476
f 3622 3620 3623 3452
f 3622 3452 3451 3457
f 3622 3457 3466 3471
f 3623 3620 3618 3624
f 3623 3624 3625 3447
f 3623 3447 3446 3452
f 3625 3624 3626 3627
f 3625 3627 3628 3442
f 3625 3442 3441 3447
f 3628 3627 3629 3630
f 3628 3630 3631 3437
f 3628 3437 3436 3442
f 3631 3630 3632 3633
f 3631 3633 1327 3433
f 3631 3433 3432 3437
f 3633 3632 3634 3635
f 3633 3635 1325 1327
f 3635 3634 3636 3637
f 3635 3637 1326 1325
f 3637 3636 3638 3639
f 3637 3639 3640 1326
f 3640 3639 3641 3642
f 3640 3642 1610 1615
f 3640 1615 1321 1326
f 3642 3641 3643 3644
f 3642 3644 1611 1610
f 3644 3643 3645 3646
f 3644 3646 3647 1611
f 3647 3648 3649 3650
f 3647 3650 1612 1611
f 3647 3646 3651 3648
f 3651 2885 2883 3648
f 3651 3646 3645 3652
f 3651 3652 2887 2885
f 3652 3645 2032 3653
f 3652 3653 2889 2887
f 3653 2032 2026 3654
f 3653 3654 2891 2889
f 3654 2026 2025 3655
f 3654 3655 3656 2891
f 3656 2894 2892 2891
f 3656 3655 3657 3658
f 3656 3658 3659 2894
f 3659 2897 2895 2894
f 3659 3658 3660 3661
f 3659 3661 3662 2897
f 3662 2900 2898 2897
f 3662 3661 3663 3664
f 3662 3664 3665 2900
f 3665 2903 2901 2900
f 3665 3664 3666 3667
f 3665 3667 3668 2903
f 3668 2906 2904 2903
f 3668 3667 3669 3670
f 3668 3670 3671 2906
f 3671 2909 2907 2906
f 3671 3670 3672 3673
f 3671 3673 3674 2909
f 3674 2912 2910 2909
f 3674 3673 3675 3676
f 3674 3676 3677 2912
f 3677 2915 2913 2912
f 3677 3676 3678 3679
f 3677 3679 3680 2915
f 3680 2918 2916 2915
f 3680 3679 3681 3682
f 3680 3682 3683 2918
f 3683 2921 2919 2918
f 3683 3682 3684 3685
f 3683 3685 3686 2921
f 3686 2924 2922 2921
f 3686 3685 3687 3688
f 3686 3688 3689 2924
f 3689 2927 2925 2924
f 3689 3688 3690 3691
f 3689 3691 2929 2927
f 3691 3690 3692 3693
f 3691 3693 2931 2929
f 3693 3692 3694 3695
f 3693 3695 3696 2931
f 3696 3695 3697 3698
f 3696 3698 3699 2934
f 3696 2934 2932 2931
f 3699 3698 3700 3701
f 3699 3701 3702 3703
f 3699 3703 2935 2934
f 3703 3702 3704 3705
f 3703 3705 2936 2935
f 3705 3704 3706 3707
f 3705 3707 2938 2936
f 3707 3706 3708 3709
f 3707 3709 2940 2938
f 3709 3708 3710 3711
f 3709 3711 3712 2940
f 3712 3711 3713 3714
f 3712 3714 2945 2943
f 3712 2943 2941 2940
f 3714 3713 3715 3716
f 3714 3716 2947 2945
f 3716 3715 3717 3718
f 3716 3718 3719 2947
f 3719 3718 3720 3721
f 3719 3721 3722 2950
f 3719 2950 2948 2947
f 3722 3721 3723 3724
f 3722 3724 3725 3726
f 3722 3726 2951 2950
f 3726 3725 3727 3728
f 3726 3728 2952 2951
f 3728 3727 3729 3730
f 3728 3730 2954 2952
f 3730 3729 3731 3732
f 3730 3732 2956 2954
f 3732 3731 3733 3734
f 3732 3734 3735 2956
f 3735 2960 2957 2956
f 3735 3734 3736 3737
f 3735 3737 3738 2960
f 3738 2965 2961 2960
f 3738 3737 1169 3739
f 3738 3739 3740 2965
f 3740 2970 2966 2965
f 3740 3739 3741 3742
f 3740 3742 3743 2970
f 3743 1375 2971 2970
f 3743 3742 3744 3745
f 3743 3745 1369 1375
f 3745 3746 1370 1369
f 3745 3744 3747 3746
f 3747 3748 3749 3746
f 3747 3744 3750 3751
f 3747 3751 3752 3748
f 3752 3753 3754 3748
f 3752 3751 3755 3756
f 3752 3756 3757 3753
f 3757 3758 3759 3753
f 3757 3756 3760 3761
f 3757 3761 3762 3758
f 3762 3763 3764 3758
f 3762 3761 3765 3766
f 3762 3766 3767 3763
f 3767 3768 3769 3763
f 3767 3766 3770 3771
f 3767 3771 3772 3768
f 3772 3773 3774 3768
f 3772 3771 3775 3776
f 3772 3776 3777 3773
f 3777 3778 3779 3773
f 3777 3776 3780 3781
f 3777 3781 3782 3778
f 3782 3783 3784 3778
f 3782 3781 3785 3786
f 3782 3786 3787 3783
f 3787 3788 3789 3783
f 3787 3786 3790 3791
f 3787 3791 3792 3788
f 3792 1492 1491 3788
f 3792 3791 3793 1403
f 3792 1403 1402 1492
f 3793 3791 3790 3794
f 3793 3794 3795 3796
f 3793 3796 1404 1403
f 3796 3795 3797 3798
f 3796 3798 1405 1404
f 3798 3797 3799 3800
f 3798 3800 2013 1405
f 3800 3799 3801 3802
f 3800 3802 2014 2013
f 3802 3801 3803 3804
f 3802 3804 2015 2014
f 3804 3803 3805 3806
f 3804 3806 3807 2015
f 3807 3808 1406 2015
f 3807 3806 3809 3810
f 3807 3810 3811 3808
f 3811 3812 1490 3808
f 3811 3810 3813 3814
f 3811 3814 3815 3812
f 3815 2005 2004 3812
f 3815 3814 3816 3817
f 3815 3817 3818 2005
f 3818 3819 2002 2005
f 3818 3817 3820 3821
f 3818 3821 3822 3819
f 3822 1955 1956 3819
f 3822 3821 3823 1948
f 3822 1948 1947 1955
f 3823 3821 3820 3824
f 3823 3824 3825 3826
f 3823 3826 1949 1948
f 3826 3825 3827 3828
f 3826 3828 1950 1949
f 3828 3827 3829 3830
f 3828 3830 1951 1950
f 3830 3829 1487 1486
f 3830 1486 1952 1951
f 3829 3827 3831 3832
f 3829 3832 1491 1487
f 3832 3831 3833 3789
f 3832 3789 3788 1491
f 3833 3831 3834 3835
f 3833 3835 3836 3784
f 3833 3784 3783 3789
f 3836 3835 3837 3838
f 3836 3838 3839 3779
f 3836 3779 3778 3784
f 3839 3838 3840 3841
f 3839 3841 3842 3774
f 3839 3774 3773 3779
f 3842 3841 3843 3844
f 3842 3844 3845 3769
f 3842 3769 3768 3774
f 3845 3844 3846 3847
f 3845 3847 3848 3764
f 3845 3764 3763 3769
f 3848 3847 3849 3850
f 3848 3850 3851 3759
f 3848 3759 3758 3764
f 3851 3850 3852 3853
f 3851 3853 3854 3754
f 3851 3754 3753 3759
f 3854 3853 3855 3856
f 3854 3856 3857 3749
f 3854 3749 3748 3754
f 3857 3856 2470 2469
f 3857 2469 1366 1370
f 3857 1370 3746 3749
f 3856 3855 3858 2470
f 3858 3859 3860 1570
f 3858 1570 1563 2470
f 3858 3855 3861 3859
f 3861 3862 3863 3859
f 3861 3855 3853 3852
f 3861 3852 3864 3862
f 3864 3865 3866 3862
f 3864 3852 3850 3849
f 3864 3849 3867 3865
f 3867 3868 3805 3865
f 3867 3849 3847 3846
f 3867 3846 3869 3868
f 3869 3870 3809 3868
f 3869 3846 3844 3843
f 3869 3843 3871 3870
f 3871 3872 3813 3870
f 3871 3843 3841 3840
f 3871 3840 3873 3872
f 3873 3874 3816 3872
f 3873 3840 3838 3837
f 3873 3837 3875 3874
f 3875 3824 3820 3874
f 3875 3837 3835 3834
f 3875 3834 3825 3824
f 3874 3820 3817 3816
f 3872 3816 3814 3813
f 3870 3813 3810 3809
f 3868 3809 3806 3805
f 3866 3803 3801 3876
f 3866 3876 3863 3862
f 3866 3865 3805 3803
f 3876 3801 3799 3877
f 3876 3877 3878 3863
f 3878 3877 3879 3880
f 3878 3880 3881 3860
f 3878 3860 3859 3863
f 3881 3880 3882 3883
f 3881 3883 1569 1568
f 3881 1568 1570 3860
f 3883 3882 3884 3885
f 3883 3885 3886 1569
f 3886 3885 3887 3888
f 3886 3888 3889 3890
f 3886 3890 1564 1569
f 3890 3889 3891 3892
f 3890 3892 1565 1564
f 3892 3891 3893 3894
f 3892 3894 3895 1565
f 3895 3894 3896 3897
f 3895 3897 1422 3898
f 3895 3898 1566 1565
f 3898 1422 1421 3899
f 3898 3899 1567 1566
f 3899 3900 3901 1567
f 3899 1421 1426 3900
f 3901 3902 3903 2473
f 3901 2473 1562 1567
f 3901 3900 3904 3902
f 3904 3905 3906 3902
f 3904 3900 1426 3907
f 3904 3907 3908 3905
f 3908 3909 3910 3905
f 3908 3907 3911 3912
f 3908 3912 3913 3909
f 3913 3914 3915 3909
f 3913 3912 3916 3917
f 3913 3917 3918 3914
f 3918 3919 3920 3914
f 3918 3917 3921 3922
f 3918 3922 3923 3919
f 3923 3924 3925 3919
f 3923 3922 3926 3927
f 3923 3927 3928 3924
f 3928 3929 3930 3924
f 3928 3927 3931 3932
f 3928 3932 3933 3929
f 3933 3934 3935 3929
f 3933 3932 3936 3937
f 3933 3937 3938 3934
f 3938 3939 3940 3934
f 3938 3937 3941 3942
f 3938 3942 3943 3939
f 3943 3944 3945 3939
f 3943 3942 3946 3947
f 3943 3947 3948 3944
f 3948 3949 3950 3944
f 3948 3947 3951 3952
f 3948 3952 1925 3949
f 3952 3951 3953 3954
f 3952 3954 1926 1925
f 3954 3953 3955 3956
f 3954 3956 1927 1926
f 3956 3955 3957 1923
f 3956 1923 1920 1927
f 3957 3955 3958 3959
f 3957 3959 3960 3961
f 3957 3961 1921 1923
f 3961 3960 3962 3963
f 3961 3963 1922 1921
f 3963 3962 3964 3965
f 3963 3965 1483 1922
f 3965 3964 3966 3967
f 3965 3967 1478 1483
f 3967 3966 3968 3969
f 3967 3969 1475 1478
f 3969 3968 3970 3971
f 3969 3971 1476 1475
f 3971 3970 3972 3973
f 3971 3973 3974 1476
f 3974 3975 1477 1476
f 3974 3973 1929 1928
f 3974 1928 1932 3975
f 3975 1938 1479 1477
f 3975 1932 1933 1938
f 3973 3972 3976 1929
f 3976 3972 3977 3978
f 3976 3978 3979 3980
f 3976 3980 1930 1929
f 3980 3979 3981 3982
f 3980 3982 3983 1930
f 3983 1931 1070 1930
f 3983 3982 3984 3985
f 3983 3985 1934 1931
f 3985 3984 3935 3986
f 3985 3986 1935 1934
f 3986 3935 3934 3940
f 3986 3940 1936 1935
f 3984 3982 3981 3930
f 3984 3930 3929 3935
f 3981 3979 3987 3925
f 3981 3925 3924 3930
f 3987 3979 3978 3988
f 3987 3988 3989 3920
f 3987 3920 3919 3925
f 3989 3988 3990 3991
f 3989 3991 3992 3915
f 3989 3915 3914 3920
f 3992 3991 3993 3994
f 3992 3994 3995 3910
f 3992 3910 3909 3915
f 3995 3994 3996 3997
f 3995 3997 3998 3906
f 3995 3906 3905 3910
f 3998 3997 3999 4000
f 3998 4000 4001 3903
f 3998 3903 3902 3906
f 4001 4000 4002 4003
f 4001 4003 2472 2471
f 4001 2471 2473 3903
f 4003 4002 4004 4005
f 4003 4005 4006 2472
f 4006 4005 4007 4008
f 4006 4008 1371 1368
f 4006 1368 1367 2472
f 4008 4007 4009 4010
f 4008 4010 4011 1371
f 4011 4010 4012 1993
f 4011 1993 1992 4013
f 4011 4013 1372 1371
f 4013 1992 2001 4014
f 4013 4014 1373 1372
f 4014 2001 4015 2975
f 4014 2975 2973 1373
f 4015 2001 1997 4016
f 4015 4016 4017 4018
f 4015 4018 2976 2975
f 4018 4017 4019 4020
f 4018 4020 2977 2976
f 4020 4019 4021 4022
f 4020 4022 2979 2977
f 4022 4021 4023 2988
f 4022 2988 2986 2979
f 4023 4021 4024 4025
f 4023 4025 4026 2991
f 4023 2991 2989 2988
f 4026 4025 4027 4028
f 4026 4028 4029 4030
f 4026 4030 2992 2991
f 4030 4029 4031 4032
f 4030 4032 2993 2992
f 4032 4031 4033 4034
f 4032 4034 2995 2993
f 4034 4033 4035 4036
f 4034 4036 2997 2995
f 4036 4035 4037 4038
f 4036 4038 4039 2997
f 4039 3001 2998 2997
f 4039 4038 4040 4041
f 4039 4041 4042 3001
f 4042 3006 3002 3001
f 4042 4041 4043 4044
f 4042 4044 4045 3006
f 4045 3011 3007 3006
f 4045 4044 4046 4047
f 4045 4047 4048 3011
f 4048 3016 3012 3011
f 4048 4047 4049 4050
f 4048 4050 4051 3016
f 4051 3021 3017 3016
f 4051 4050 4052 4053
f 4051 4053 3023 3021
f 4053 4052 4054 4055
f 4053 4055 3025 3023
f 4055 4054 4056 4057
f 4055 4057 3027 3025
f 4057 4056 4058 4059
f 4057 4059 4060 3027
f 4060 3031 3028 3027
f 4060 4059 4061 4062
f 4060 4062 4063 3031
f 4063 3036 3032 3031
f 4063 4062 4064 4065
f 4063 4065 4066 3036
f 4066 3041 3037 3036
f 4066 4065 4067 4068
f 4066 4068 3043 3041
f 4068 4067 4069 4070
f 4068 4070 3045 3043
f 4070 4069 4071 4072
f 4070 4072 3047 3045
f 4072 4071 4073 4074
f 4072 4074 4075 3047
f 4075 3051 3048 3047
f 4075 4074 4076 4077
f 4075 4077 4078 3051
f 4078 3056 3052 3051
f 4078 4077 4079 4080
f 4078 4080 4081 3056
f 4081 3061 3057 3056
f 4081 4080 4082 4083
f 4081 4083 4084 3061
f 4084 3066 3062 3061
f 4084 4083 4085 4086
f 4084 4086 4087 3066
f 4087 3071 3067 3066
f 4087 4086 4088 4089
f 4087 4089 4090 3071
f 4090 3076 3072 3071
f 4090 4089 4091 4092
f 4090 4092 4093 3076
f 4093 3081 3077 3076
f 4093 4092 4094 4095
f 4093 4095 3083 3081
f 4095 4094 4096 4097
f 4095 4097 3085 3083
f 4097 4096 4098 4099
f 4097 4099 3087 3085
f 4099 4098 4100 4101
f 4099 4101 4102 3087
f 4102 3091 3088 3087
f 4102 4101 4103 4104
f 4102 4104 4105 3091
f 4105 3096 3092 3091
f 4105 4104 4106 4107
f 4105 4107 4108 3096
f 4108 3101 3097 3096
f 4108 4107 4109 4110
f 4108 4110 4111 3101
f 4111 2239 3102 3101
f 4111 4110 4112 4113
f 4111 4113 2235 2239
f 4113 4112 4114 4115
f 4113 4115 2236 2235
f 4115 4114 4116 4117
f 4115 4117 4118 2236
f 4118 4119 2237 2236
f 4118 4117 2241 2246
f 4118 2246 4120 4119
f 4120 2246 2245 4121
f 4120 4121 3109 3107
f 4120 3107 3105 4119
f 4121 2245 2244 4122
f 4121 4122 4123 3109
f 4123 4122 4124 4125
f 4123 4125 3124 3112
f 4123 3112 3110 3109
f 4125 4124 4126 3127
f 4125 3127 3125 3124
f 4126 4124 4127 4128
f 4126 4128 4129 3130
f 4126 3130 3128 3127
f 4129 4128 4130 4131
f 4129 4131 3135 3133
f 4129 3133 3131 3130
f 4131 4130 4132 4133
f 4131 4133 3137 3135
f 4133 4132 4134 4135
f 4133 4135 3139 3137
f 4135 4134 4136 4137
f 4135 4137 4138 3139
f 4138 4137 4139 4140
f 4138 4140 4141 3142
f 4138 3142 3140 3139
f 4141 4140 4142 1879
f 4141 1879 1878 4143
f 4141 4143 3143 3142
f 4143 1878 1881 4144
f 4143 4144 3144 3143
f 4144 1881 4145 4146
f 4144 4146 3146 3144
f 4146 4145 4147 4148
f 4146 4148 3148 3146
f 4148 4147 4149 4150
f 4148 4150 4151 3148
f 4151 3152 3149 3148
f 4151 4150 4152 3160
f 4151 3160 3158 3152
f 4152 4150 4149 4153
f 4152 4153 4154 4155
f 4152 4155 3161 3160
f 4155 4154 4156 4157
f 4155 4157 3162 3161
f 4157 4156 4158 4159
f 4157 4159 3164 3162
f 4159 4158 3280 4160
f 4159 4160 3166 3164
f 4160 3280 3278 3277
f 4160 3277 4161 3166
f 4161 3170 3167 3166
f 4161 3277 3274 3272
f 4161 3272 3271 3170
f 4158 4156 4162 3283
f 4158 3283 3281 3280
f 4162 4156 4154 4163
f 4162 4163 4164 3286
f 4162 3286 3284 3283
f 4164 4163 4165 4166
f 4164 4166 4167 3289
f 4164 3289 3287 3286
f 4167 4166 4168 4169
f 4167 4169 4170 3292
f 4167 3292 3290 3289
f 4170 4169 4171 4172
f 4170 4172 3297 3295
f 4170 3295 3293 3292
f 4172 4171 4173 4174
f 4172 4174 3299 3297
f 4174 4173 4175 4176
f 4174 4176 3301 3299
f 4176 4175 4177 4178
f 4176 4178 4179 3301
f 4179 4178 4180 4181
f 4179 4181 4182 3304
f 4179 3304 3302 3301
f 4182 4181 4183 4184
f 4182 4184 3309 3307
f 4182 3307 3305 3304
f 4184 4183 4185 4186
f 4184 4186 3311 3309
f 4186 4185 4187 4188
f 4186 4188 4189 3311
f 4189 4188 4190 4191
f 4189 4191 4192 3314
f 4189 3314 3312 3311
f 4192 4191 4193 4194
f 4192 4194 4195 4196
f 4192 4196 3315 3314
f 4196 4195 4197 4198
f 4196 4198 3316 3315
f 4198 4197 4199 4200
f 4198 4200 3318 3316
f 4200 4199 4201 4202
f 4200 4202 3320 3318
f 4202 4201 4203 4204
f 4202 4204 3383 3320
f 4204 4203 4205 4206
f 4204 4206 3384 3383
f 4206 4205 4207 4208
f 4206 4208 3386 3384
f 4208 4207 4209 4210
f 4208 4210 3388 3386
f 4210 4209 4211 3394
f 4210 3394 3392 3388
f 4211 4209 4212 4213
f 4211 4213 3399 3397
f 4211 3397 3395 3394
f 4213 4212 4214 4215
f 4213 4215 3401 3399
f 4215 4214 4216 4217
f 4215 4217 4218 3401
f 4218 4217 4219 4220
f 4218 4220 4221 3404
f 4218 3404 3402 3401
f 4221 4220 4222 4223
f 4221 4223 4224 3407
f 4221 3407 3405 3404
f 4224 4223 4225 4226
f 4224 4226 4227 3410
f 4224 3410 3408 3407
f 4227 4226 4228 4229
f 4227 4229 4230 4231
f 4227 4231 3411 3410
f 4231 4230 4232 4233
f 4231 4233 3412 3411
f 4233 4232 4234 4235
f 4233 4235 3414 3412
f 4235 4234 4236 4237
f 4235 4237 3416 3414
f 4237 4236 4238 4239
f 4237 4239 3418 3416
f 4239 4238 4240 4241
f 4239 4241 3420 3418
f 4241 4240 4242 1820
f 4241 1820 1819 3420
f 4242 4240 4243 4244
f 4242 4244 4245 4246
f 4242 4246 1821 1820
f 4246 4245 4247 4248
f 4246 4248 1824 1821
f 4248 4247 4249 4250
f 4248 4250 4251 1824
f 4251 4252 1825 1824
f 4251 4250 4253 4254
f 4251 4254 4255 4252
f 4255 4256 4257 4252
f 4255 4254 4258 4259
f 4255 4259 4260 4256
f 4260 4261 4262 4256
f 4260 4259 4263 4264
f 4260 4264 4265 4261
f 4265 4266 4267 4261
f 4265 4264 4268 4269
f 4265 4269 4270 4266
f 4270 4271 4272 4266
f 4270 4269 4273 4274
f 4270 4274 4275 4271
f 4275 4276 4277 4271
f 4275 4274 4278 4279
f 4275 4279 4280 4276
f 4280 4281 4282 4276
f 4280 4279 4283 4284
f 4280 4284 4285 4281
f 4285 4286 4287 4281
f 4285 4284 1848 1847
f 4285 1847 4288 4286
f 4288 4289 4290 4286
f 4288 1847 1056 1846
f 4288 1846 2333 4289
f 4290 4291 4287 4286
f 4290 4289 4292 4293
f 4290 4293 4294 4291
f 4294 4295 4296 4291
f 4294 4293 4297 4298
f 4294 4298 4299 4295
f 4299 4300 4301 4295
f 4299 4298 4302 4303
f 4299 4303 4304 4300
f 4304 4305 4306 4300
f 4304 4303 4307 4308
f 4304 4308 4309 4305
f 4309 4310 4311 4305
f 4309 4308 4312 4313
f 4309 4313 4314 4310
f 4314 4315 4316 4310
f 4314 4313 4317 4318
f 4314 4318 4319 4315
f 4319 4320 4321 4315
f 4319 4318 4322 4323
f 4319 4323 4324 4320
f 4324 4325 4326 4320
f 4324 4323 4327 4328
f 4324 4328 4329 4325
f 4329 4330 4331 4325
f 4329 4328 4332 4333
f 4329 4333 4334 4330
f 4334 4335 4336 4330
f 4334 4333 4337 4338
f 4334 4338 1497 4335
f 4338 4337 4339 4340
f 4338 4340 1498 1497
f 4340 4339 4341 4342
f 4340 4342 1499 1498
f 4342 4341 4343 4344
f 4342 4344 4345 1499
f 4345 4346 1493 1499
f 4345 4344 4347 4348
f 4345 4348 1900 4346
f 4348 4347 4349 4350
f 4348 4350 1063 1900
f 4350 4349 4351 4352
f 4350 4352 1894 1063
f 4352 4351 4353 4354
f 4352 4354 4355 1894
f 4355 4356 1895 1894
f 4355 4354 4357 4358
f 4355 4358 4359 4356
f 4359 4360 4361 4356
f 4359 4358 4362 4363
f 4359 4363 4364 4360
f 4364 4365 4366 4360
f 4364 4363 4367 4368
f 4364 4368 4369 4365
f 4369 4370 4371 4365
f 4369 4368 4372 4373
f 4369 4373 4374 4370
f 4374 4375 4376 4370
f 4374 4373 4377 4378
f 4374 4378 4379 4375
f 4379 4380 4381 4375
f 4379 4378 4382 4383
f 4379 4383 4384 4380
f 4384 4385 2277 4380
f 4384 4383 4386 4387
f 4384 4387 4388 4385
f 4388 4389 4390 4385
f 4388 4387 4391 4392
f 4388 4392 4393 4389
f 4393 4394 4395 4389
f 4393 4392 4396 4397
f 4393 4397 4398 4394
f 4398 4399 4400 4394
f 4398 4397 4401 4402
f 4398 4402 4403 4399
f 4403 4404 4405 4399
f 4403 4402 4406 4407
f 4403 4407 4408 4404
f 4408 4409 4410 4404
f 4408 4407 4411 4412
f 4408 4412 4413 4409
f 4413 4414 1163 4409
f 4413 4412 4415 4416
f 4413 4416 4417 4414
f 4417 4418 4419 4414
f 4417 4416 4420 4421
f 4417 4421 4422 4418
f 4422 4423 4424 4418
f 4422 4421 4425 4426
f 4422 4426 4427 4423
f 4427 4428 4429 4423
f 4427 4426 4430 4431
f 4427 4431 3893 4428
f 4431 4430 4432 3896
f 4431 3896 3894 3893
f 4432 4430 4433 4434
f 4432 4434 4435 4436
f 4432 4436 3897 3896
f 4436 4435 1419 1418
f 4436 1418 1422 3897
f 4435 4434 4437 4438
f 4435 4438 4439 1419
f 4439 4438 4440 4441
f 4439 4441 4442 4443
f 4439 4443 1420 1419
f 4443 4442 4444 4445
f 4443 4445 1427 1420
f 4445 4444 4446 4447
f 4445 4447 4448 1427
f 4448 4449 1423 1427
f 4448 4447 4450 4451
f 4448 4451 4452 4449
f 4452 4453 4454 4449
f 4452 4451 4455 4456
f 4452 4456 4457 4453
f 4457 4458 4459 4453
f 4457 4456 4460 4461
f 4457 4461 4462 4458
f 4462 4463 4464 4458
f 4462 4461 4465 4466
f 4462 4466 4467 4463
f 4467 4468 4469 4463
f 4467 4466 4470 4471
f 4467 4471 4472 4468
f 4472 4473 4474 4468
f 4472 4471 4475 4476
f 4472 4476 4477 4473
f 4477 4478 4479 4473
f 4477 4476 4480 4481
f 4477 4481 4482 4478
f 4482 4483 4484 4478
f 4482 4481 4485 4486
f 4482 4486 4487 4483
f 4487 4488 4489 4483
f 4487 4486 4490 4491
f 4487 4491 4492 4488
f 4492 3959 3958 4488
f 4492 4491 4493 4494
f 4492 4494 3960 3959
f 4494 4493 4495 4496
f 4494 4496 3962 3960
f 4496 4495 4497 4498
f 4496 4498 3964 3962
f 4498 4497 4499 4500
f 4498 4500 3966 3964
f 4500 4499 4501 4502
f 4500 4502 3968 3966
f 4502 4501 4503 4504
f 4502 4504 3970 3968
f 4504 4503 3990 3977
f 4504 3977 3972 3970
f 4503 4501 4505 3993
f 4503 3993 3991 3990
f 4505 4501 4499 4506
f 4505 4506 4507 3996
f 4505 3996 3994 3993
f 4507 4506 4508 4509
f 4507 4509 4510 3999
f 4507 3999 3997 3996
f 4510 4509 4511 4512
f 4510 4512 4004 4002
f 4510 4002 4000 3999
f 4512 4511 4513 4514
f 4512 4514 4515 4004
f 4515 4514 4516 4517
f 4515 4517 4009 4007
f 4515 4007 4005 4004
f 4517 4516 4518 4519
f 4517 4519 4520 4009
f 4520 4519 4521 4522
f 4520 4522 4523 4012
f 4520 4012 4010 4009
f 4523 4522 4524 4525
f 4523 4525 2000 1994
f 4523 1994 1993 4012
f 4525 4524 4470 4526
f 4525 4526 4527 2000
f 4527 4526 4465 4528
f 4527 4528 4529 4530
f 4527 4530 1998 2000
f 4530 4529 4531 4532
f 4530 4532 1999 1998
f 4532 4531 4533 4534
f 4532 4534 4535 1999
f 4535 4534 4536 4537
f 4535 4537 4538 4539
f 4535 4539 1995 1999
f 4539 4538 4540 4541
f 4539 4541 1996 1995
f 4541 4540 4542 4543
f 4541 4543 4544 1996
f 4544 4016 1997 1996
f 4544 4543 4545 4546
f 4544 4546 4017 4016
f 4546 4545 4547 4548
f 4546 4548 4019 4017
f 4548 4547 4549 4024
f 4548 4024 4021 4019
f 4549 4547 4550 4551
f 4549 4551 4552 4027
f 4549 4027 4025 4024
f 4552 4551 4553 4554
f 4552 4554 4555 4556
f 4552 4556 4028 4027
f 4556 4555 4557 4558
f 4556 4558 4029 4028
f 4558 4557 4559 4560
f 4558 4560 4031 4029
f 4560 4559 4561 4562
f 4560 4562 4033 4031
f 4562 4561 4563 4564
f 4562 4564 4035 4033
f 4564 4563 4565 4566
f 4564 4566 4037 4035
f 4566 4565 4567 4568
f 4566 4568 4569 4037
f 4569 4040 4038 4037
f 4569 4568 4570 4571
f 4569 4571 4572 4040
f 4572 4043 4041 4040
f 4572 4571 4573 4574
f 4572 4574 4575 4043
f 4575 4046 4044 4043
f 4575 4574 4576 4577
f 4575 4577 4578 4046
f 4578 4049 4047 4046
f 4578 4577 4579 4580
f 4578 4580 4581 4049
f 4581 4052 4050 4049
f 4581 4580 4582 4583
f 4581 4583 4054 4052
f 4583 4582 4584 4585
f 4583 4585 4056 4054
f 4585 4584 4586 4587
f 4585 4587 4058 4056
f 4587 4586 4588 4589
f 4587 4589 4590 4058
f 4590 4061 4059 4058
f 4590 4589 4591 4592
f 4590 4592 4593 4061
f 4593 4064 4062 4061
f 4593 4592 4594 4595
f 4593 4595 4596 4064
f 4596 4067 4065 4064
f 4596 4595 4597 4598
f 4596 4598 4069 4067
f 4598 4597 4599 4600
f 4598 4600 4071 4069
f 4600 4599 1536 1539
f 4600 1539 4073 4071
f 4599 4597 4601 4602
f 4599 4602 1537 1536
f 4602 4601 4603 4604
f 4602 4604 1782 1537
f 4604 4603 4605 4606
f 4604 4606 4607 1782
f 4607 4606 4608 4609
f 4607 4609 4610 4611
f 4607 4611 1783 1782
f 4611 4610 4612 4613
f 4611 4613 1786 1783
f 4613 4612 4614 4615
f 4613 4615 4616 1786
f 4616 4617 1784 1786
f 4616 4615 4618 4619
f 4616 4619 4620 4617
f 4620 4621 4622 4617
f 4620 4619 4623 4624
f 4620 4624 4625 4621
f 4625 4626 4627 4621
f 4625 4624 4628 4629
f 4625 4629 4630 4626
f 4630 4631 4632 4626
f 4630 4629 4633 4634
f 4630 4634 4635 4631
f 4635 4636 4637 4631
f 4635 4634 4638 4639
f 4635 4639 4640 4636
f 4640 4641 4642 4636
f 4640 4639 4643 4644
f 4640 4644 4645 4641
f 4645 4646 4647 4648
f 4645 4648 4649 4641
f 4645 4644 4650 4646
f 4650 4651 4652 4646
f 4650 4644 4643 4653
f 4650 4653 4654 4651
f 4654 4653 4655 4656
f 4654 4656 4657 4658
f 4654 4658 2364 4651
f 4658 4657 4659 4660
f 4658 4660 2359 2364
f 4660 4659 4661 4662
f 4660 4662 2360 2359
f 4662 4661 4663 4664
f 4662 4664 4665 2360
f 4665 4666 2361 2360
f 4665 4664 4667 4668
f 4665 4668 4669 4666
f 4669 4670 4671 4666
f 4669 4668 4672 4673
f 4669 4673 4674 4670
f 4674 4675 4676 4670
f 4674 4673 4677 4678
f 4674 4678 4679 4675
f 4679 4680 4681 4675
f 4679 4678 4682 4683
f 4679 4683 4684 4680
f 4684 4685 4686 4680
f 4684 4683 4687 4688
f 4684 4688 4689 4685
f 4689 4688 4690 4691
f 4689 4691 4692 4693
f 4689 4693 4694 4685
f 4694 4693 4695 4696
f 4694 4696 4697 4698
f 4694 4698 4686 4685
f 4698 4697 4699 4700
f 4698 4700 4701 4686
f 4701 4681 4680 4686
f 4701 4700 4702 4703
f 4701 4703 4704 4681
f 4704 4676 4675 4681
f 4704 4703 4705 4706
f 4704 4706 4707 4676
f 4707 4671 4670 4676
f 4707 4706 4647 4708
f 4707 4708 2362 4671
f 4708 4647 4646 4652
f 4708 4652 2363 2362
f 4706 4705 4648 4647
f 4705 4703 4702 4709
f 4705 4709 4649 4648
f 4709 4702 4710 4711
f 4709 4711 4712 4649
f 4712 4711 4713 4714
f 4712 4714 4715 4642
f 4712 4642 4641 4649
f 4715 4714 4716 4717
f 4715 4717 4718 4637
f 4715 4637 4636 4642
f 4718 4717 4719 4720
f 4718 4720 4721 4632
f 4718 4632 4631 4637
f 4721 4720 4722 4723
f 4721 4723 4724 4627
f 4721 4627 4626 4632
f 4724 4723 4725 4726
f 4724 4726 1785 4622
f 4724 4622 4621 4627
f 4726 4725 1333 1332
f 4726 1332 1338 1785
f 4725 4723 4722 4727
f 4725 4727 4728 1333
f 4728 4727 4729 4730
f 4728 4730 4731 4732
f 4728 4732 1334 1333
f 4732 4731 4733 4734
f 4732 4734 1335 1334
f 4734 4733 4735 4736
f 4734 4736 4737 1335
f 4737 4736 4738 4739
f 4737 4739 4740 4741
f 4737 4741 1336 1335
f 4741 4740 4742 4743
f 4741 4743 1340 1336
f 4743 4742 4744 4745
f 4743 4745 4746 1340
f 4746 2006 1339 1340
f 4746 4745 4747 4748
f 4746 4748 4749 2006
f 4749 4750 4751 1540
f 4749 1540 1535 2006
f 4749 4748 4752 4750
f 4752 4753 4754 4750
f 4752 4748 4747 2270
f 4752 2270 2269 4753
f 4754 4755 4079 4756
f 4754 4756 4751 4750
f 4754 4753 4757 4755
f 4757 4758 4082 4755
f 4757 4753 2269 2275
f 4757 2275 4759 4758
f 4759 4760 4085 4758
f 4759 2275 2274 4761
f 4759 4761 4762 4760
f 4762 4763 4088 4760
f 4762 4761 4764 4765
f 4762 4765 4766 4763
f 4766 4767 4091 4763
f 4766 4765 4768 4769
f 4766 4769 4770 4767
f 4770 4096 4094 4767
f 4770 4769 4771 4772
f 4770 4772 4098 4096
f 4772 4771 4773 4774
f 4772 4774 4100 4098
f 4774 4773 1877 1876
f 4774 1876 4775 4100
f 4775 4103 4101 4100
f 4775 1876 1875 4776
f 4775 4776 4777 4103
f 4777 4106 4104 4103
f 4777 4776 4142 4778
f 4777 4778 4779 4106
f 4779 4109 4107 4106
f 4779 4778 4139 4780
f 4779 4780 4781 4109
f 4781 4112 4110 4109
f 4781 4780 4136 4782
f 4781 4782 4114 4112
f 4782 4136 4134 4783
f 4782 4783 4116 4114
f 4783 4134 4132 4784
f 4783 4784 2242 4116
f 4784 4132 4130 4785
f 4784 4785 2243 2242
f 4785 4130 4128 4127
f 4785 4127 2244 2243
f 4780 4139 4137 4136
f 4778 4142 4140 4139
f 4776 1875 1879 4142
f 4773 4771 4786 4787
f 4773 4787 1884 1877
f 4787 4786 4788 4789
f 4787 4789 4790 1884
f 4790 4789 4791 4180
f 4790 4180 4178 4177
f 4790 4177 1882 1884
f 4791 4789 4788 4792
f 4791 4792 4185 4183
f 4791 4183 4181 4180
f 4792 4788 4793 4794
f 4792 4794 4187 4185
f 4794 4793 4764 4795
f 4794 4795 4796 4187
f 4796 4795 2274 1124
f 4796 1124 2273 4190
f 4796 4190 4188 4187
f 4795 4764 4761 2274
f 4793 4768 4765 4764
f 4793 4788 4786 4768
f 4786 4771 4769 4768
f 4767 4094 4092 4091
f 4763 4091 4089 4088
f 4760 4088 4086 4085
f 4758 4085 4083 4082
f 4756 4079 4077 4076
f 4756 4076 4797 4751
f 4797 4076 4074 4073
f 4797 4073 1539 1538
f 4797 1538 1540 4751
f 4755 4082 4080 4079
f 4747 4745 4744 4798
f 4747 4798 2271 2270
f 4798 4744 4799 4800
f 4798 4800 2272 2271
f 4800 4799 4801 4802
f 4800 4802 4803 2272
f 4803 4802 4804 4805
f 4803 4805 4194 4193
f 4803 4193 2273 2272
f 4805 4804 4806 4807
f 4805 4807 4195 4194
f 4807 4806 4808 4809
f 4807 4809 4197 4195
f 4809 4808 4810 4811
f 4809 4811 4199 4197
f 4811 4810 4812 4813
f 4811 4813 4201 4199
f 4813 4812 4814 4815
f 4813 4815 4203 4201
f 4815 4814 4816 4817
f 4815 4817 4205 4203
f 4817 4816 4818 4819
f 4817 4819 4207 4205
f 4819 4818 4214 4212
f 4819 4212 4209 4207
f 4818 4816 4820 4821
f 4818 4821 4216 4214
f 4821 4820 4822 4823
f 4821 4823 4824 4216
f 4824 4823 4825 4826
f 4824 4826 4827 4219
f 4824 4219 4217 4216
f 4827 4826 4828 4829
f 4827 4829 4830 4222
f 4827 4222 4220 4219
f 4830 4829 4831 4832
f 4830 4832 4833 4225
f 4830 4225 4223 4222
f 4833 4832 4834 4835
f 4833 4835 4836 4228
f 4833 4228 4226 4225
f 4836 4835 4837 4838
f 4836 4838 2034 4839
f 4836 4839 4229 4228
f 4839 2034 2033 4840
f 4839 4840 4230 4229
f 4840 2033 4841 4842
f 4840 4842 4232 4230
f 4842 4841 4843 4844
f 4842 4844 4234 4232
f 4844 4843 1788 4845
f 4844 4845 4236 4234
f 4845 1788 1787 4846
f 4845 4846 4238 4236
f 4846 1787 1791 4243
f 4846 4243 4240 4238
f 4843 4841 4847 4848
f 4843 4848 1789 1788
f 4848 4847 4849 4850
f 4848 4850 1792 1789
f 4850 4849 4851 4852
f 4850 4852 4853 1792
f 4853 4852 4854 4855
f 4853 4855 4856 4857
f 4853 4857 1793 1792
f 4857 4856 4858 4859
f 4857 4859 1794 1793
f 4859 4858 4860 4861
f 4859 4861 4862 1794
f 4862 4861 4863 4864
f 4862 4864 4865 4866
f 4862 4866 1795 1794
f 4866 4865 4867 4868
f 4866 4868 4869 1795
f 4869 1790 1048 1795
f 4869 4868 4870 4871
f 4869 4871 4872 1790
f 4872 4873 1791 1790
f 4872 4871 4874 4875
f 4872 4875 4876 4873
f 4876 4245 4244 4873
f 4876 4875 4877 4878
f 4876 4878 4247 4245
f 4878 4877 4879 4880
f 4878 4880 4249 4247
f 4880 4879 4881 4882
f 4880 4882 4883 4249
f 4883 4253 4250 4249
f 4883 4882 4884 4885
f 4883 4885 4886 4253
f 4886 4258 4254 4253
f 4886 4885 4887 4888
f 4886 4888 4889 4258
f 4889 4263 4259 4258
f 4889 4888 4890 4891
f 4889 4891 4892 4263
f 4892 4268 4264 4263
f 4892 4891 4893 4894
f 4892 4894 4895 4268
f 4895 4273 4269 4268
f 4895 4894 4896 4897
f 4895 4897 4898 4273
f 4898 4278 4274 4273
f 4898 4897 4899 4900
f 4898 4900 4901 4278
f 4901 4283 4279 4278
f 4901 4900 4902 4903
f 4901 4903 4904 4283
f 4904 1848 4284 4283
f 4904 4903 1991 1990
f 4904 1990 1849 1848
f 4903 4902 4905 1991
f 4905 4902 4906 4907
f 4905 4907 4908 4909
f 4905 4909 1988 1991
f 4909 4908 4910 4911
f 4909 4911 1989 1988
f 4911 4910 4912 4913
f 4911 4913 4914 1989
f 4914 4915 1986 1989
f 4914 4913 4916 4917
f 4914 4917 4918 4915
f 4918 4919 4920 4915
f 4918 4917 4921 4922
f 4918 4922 4923 4919
f 4923 4924 4925 4919
f 4923 4922 1220 4926
f 4923 4926 4927 4924
f 4927 4928 4929 4924
f 4927 4926 4930 4931
f 4927 4931 4932 4928
f 4932 4933 4934 4928
f 4932 4931 4935 4936
f 4932 4936 4937 4933
f 4937 4938 4939 4933
f 4937 4936 4940 4941
f 4937 4941 4942 4938
f 4942 4943 4944 4938
f 4942 4941 4945 4946
f 4942 4946 4947 4943
f 4947 4948 4949 4943
f 4947 4946 4950 4951
f 4947 4951 4952 4948
f 4952 4953 4954 4948
f 4952 4951 4955 4956
f 4952 4956 4957 4953
f 4957 4958 4959 4953
f 4957 4956 4960 4961
f 4957 4961 4962 4958
f 4962 2316 2320 4958
f 4962 4961 4963 4964
f 4962 4964 2317 2316
f 4964 4963 4965 4966
f 4964 4966 4967 2317
f 4967 4968 2318 2317
f 4967 4966 4969 4970
f 4967 4970 4971 4968
f 4971 2221 4972 4973
f 4971 4973 4974 4968
f 4971 4970 2216 2221
f 4974 4973 4975 4976
f 4974 4976 4977 2321
f 4974 2321 2318 4968
f 4977 4976 2327 4978
f 4977 4978 4979 4980
f 4977 4980 2319 2321
f 4980 4979 4981 4982
f 4980 4982 2320 2319
f 4982 4981 4983 4959
f 4982 4959 4958 2320
f 4983 4981 2353 4984
f 4983 4984 4985 4954
f 4983 4954 4953 4959
f 4985 4984 4986 4987
f 4985 4987 4988 4949
f 4985 4949 4948 4954
f 4988 4987 4989 4990
f 4988 4990 4991 4944
f 4988 4944 4943 4949
f 4991 4990 4992 4993
f 4991 4993 4994 4939
f 4991 4939 4938 4944
f 4994 4993 4995 4996
f 4994 4996 4997 4934
f 4994 4934 4933 4939
f 4997 4996 4998 4999
f 4997 4999 5000 4929
f 4997 4929 4928 4934
f 5000 4999 5001 5002
f 5000 5002 5003 4925
f 5000 4925 4924 4929
f 5003 5002 5004 5005
f 5003 5005 1987 4920
f 5003 4920 4919 4925
f 5005 5004 5006 5007
f 5005 5007 1984 1987
f 5007 5006 5008 5009
f 5007 5009 1985 1984
f 5009 5008 5010 5011
f 5009 5011 5012 1985
f 5012 5011 5013 5014
f 5012 5014 5015 1851
f 5012 1851 1850 1985
f 5015 5014 5016 5017
f 5015 5017 5018 5019
f 5015 5019 1056 1851
f 5019 5018 5020 5021
f 5019 5021 1844 1056
f 5021 5020 5022 5023
f 5021 5023 5024 1844
f 5024 5023 5025 5026
f 5024 5026 5027 5028
f 5024 5028 1845 1844
f 5028 5027 1834 1843
f 5028 1843 1132 1845
f 5027 5026 5029 5030
f 5027 5030 1835 1834
f 5030 5029 5031 5032
f 5030 5032 5033 1835
f 5033 5032 5034 1841
f 5033 1841 1840 5035
f 5033 5035 1836 1835
f 5035 1840 1839 5036
f 5035 5036 1837 1836
f 5036 1839 5037 5038
f 5036 5038 5039 1837
f 5039 5040 1838 1837
f 5039 5038 5041 5042
f 5039 5042 5043 5040
f 5043 5044 5037 5040
f 5043 5042 2022 2329
f 5043 2329 2328 5044
f 5044 5041 5038 5037
f 5044 2328 2023 5041
f 5042 5041 2023 2022
f 5040 5037 1839 1838
f 5034 5032 5031 5045
f 5034 5045 2331 2330
f 5034 2330 1842 1841
f 5045 5031 5046 5047
f 5045 5047 5048 2331
f 5048 5049 2332 2331
f 5048 5047 5050 5051
f 5048 5051 5052 5049
f 5052 5053 5054 5049
f 5052 5051 5055 5056
f 5052 5056 5057 5053
f 5057 5058 5059 5053
f 5057 5056 5060 5061
f 5057 5061 5062 5058
f 5062 5063 5064 5058
f 5062 5061 5065 5066
f 5062 5066 5067 5063
f 5067 5068 5069 5063
f 5067 5066 5070 5071
f 5067 5071 5072 5068
f 5072 5073 5074 5068
f 5072 5071 5075 5076
f 5072 5076 5077 5073
f 5077 5078 5079 5073
f 5077 5076 5080 5081
f 5077 5081 5082 5078
f 5082 5083 5084 5078
f 5082 5081 5085 5086
f 5082 5086 5087 5083
f 5087 5088 5089 5083
f 5087 5086 5090 5091
f 5087 5091 5092 5088
f 5092 5093 5094 5088
f 5092 5091 5095 5096
f 5092 5096 5097 5093
f 5097 5098 5099 5093
f 5097 5096 5100 5101
f 5097 5101 5102 5098
f 5102 4343 4341 5098
f 5102 5101 5103 5104
f 5102 5104 5105 4343
f 5105 4347 4344 4343
f 5105 5104 5106 5107
f 5105 5107 4349 4347
f 5107 5106 5108 5109
f 5107 5109 4351 4349
f 5109 5108 5110 5111
f 5109 5111 4353 4351
f 5111 5110 5112 5113
f 5111 5113 5114 4353
f 5114 4357 4354 4353
f 5114 5113 5115 5116
f 5114 5116 5117 4357
f 5117 4362 4358 4357
f 5117 5116 5118 5119
f 5117 5119 5120 4362
f 5120 4367 4363 4362
f 5120 5119 5121 5122
f 5120 5122 5123 4367
f 5123 4372 4368 4367
f 5123 5122 5124 5125
f 5123 5125 5126 4372
f 5126 4377 4373 4372
f 5126 5125 5127 5128
f 5126 5128 5129 4377
f 5129 4382 4378 4377
f 5129 5128 5130 5131
f 5129 5131 5132 4382
f 5132 4386 4383 4382
f 5132 5131 5133 5134
f 5132 5134 5135 4386
f 5135 4391 4387 4386
f 5135 5134 5136 5137
f 5135 5137 5138 4391
f 5138 4396 4392 4391
f 5138 5137 5139 5140
f 5138 5140 5141 4396
f 5141 4401 4397 4396
f 5141 5140 5142 5143
f 5141 5143 5144 4401
f 5144 4406 4402 4401
f 5144 5143 5145 5146
f 5144 5146 5147 4406
f 5147 4411 4407 4406
f 5147 5146 5148 5149
f 5147 5149 5150 4411
f 5150 4415 4412 4411
f 5150 5149 5151 5152
f 5150 5152 5153 4415
f 5153 4420 4416 4415
f 5153 5152 5154 5155
f 5153 5155 5156 4420
f 5156 4425 4421 4420
f 5156 5155 5157 5158
f 5156 5158 4433 4425
f 5158 5157 5159 4437
f 5158 4437 4434 4433
f 5159 5157 5160 5161
f 5159 5161 5162 4440
f 5159 4440 4438 4437
f 5162 5161 5163 5164
f 5162 5164 5165 5166
f 5162 5166 4441 4440
f 5166 5165 5167 5168
f 5166 5168 4442 4441
f 5168 5167 5169 5170
f 5168 5170 4444 4442
f 5170 5169 5171 5172
f 5170 5172 4446 4444
f 5172 5171 5173 5174
f 5172 5174 5175 4446
f 5175 4450 4447 4446
f 5175 5174 5176 5177
f 5175 5177 5178 4450
f 5178 4455 4451 4450
f 5178 5177 5179 5180
f 5178 5180 5181 4455
f 5181 4460 4456 4455
f 5181 5180 4531 4529
f 5181 4529 4528 4460
f 5180 5179 4533 4531
f 5179 5177 5176 5182
f 5179 5182 5183 4533
f 5183 5182 5184 5185
f 5183 5185 5186 4536
f 5183 4536 4534 4533
f 5186 5185 5187 5188
f 5186 5188 5189 5190
f 5186 5190 4537 4536
f 5190 5189 5191 5192
f 5190 5192 4538 4537
f 5192 5191 5193 5194
f 5192 5194 4540 4538
f 5194 5193 5195 5196
f 5194 5196 4542 4540
f 5196 5195 5197 5198
f 5196 5198 5199 4542
f 5199 4545 4543 4542
f 5199 5198 5200 4550
f 5199 4550 4547 4545
f 5200 5198 5197 5201
f 5200 5201 5202 4553
f 5200 4553 4551 4550
f 5202 5201 5203 5204
f 5202 5204 5205 5206
f 5202 5206 4554 4553
f 5206 5205 5207 5208
f 5206 5208 4555 4554
f 5208 5207 5209 5210
f 5208 5210 4557 4555
f 5210 5209 5211 5212
f 5210 5212 4559 4557
f 5212 5211 5213 5214
f 5212 5214 4561 4559
f 5214 5213 5215 5216
f 5214 5216 4563 4561
f 5216 5215 5217 5218
f 5216 5218 4565 4563
f 5218 5217 5219 5220
f 5218 5220 4567 4565
f 5220 5219 5221 5222
f 5220 5222 5223 4567
f 5223 4570 4568 4567
f 5223 5222 5224 5225
f 5223 5225 5226 4570
f 5226 4573 4571 4570
f 5226 5225 5227 5228
f 5226 5228 5229 4573
f 5229 4576 4574 4573
f 5229 5228 5230 5231
f 5229 5231 5232 4576
f 5232 4579 4577 4576
f 5232 5231 5233 5234
f 5232 5234 5235 4579
f 5235 4582 4580 4579
f 5235 5234 5236 5237
f 5235 5237 4584 4582
f 5237 5236 5238 5239
f 5237 5239 4586 4584
f 5239 5238 5240 5241
f 5239 5241 4588 4586
f 5241 5240 5242 5243
f 5241 5243 5244 4588
f 5244 4591 4589 4588
f 5244 5243 5245 5246
f 5244 5246 5247 4591
f 5247 4594 4592 4591
f 5247 5246 4605 4603
f 5247 4603 4601 4594
f 5246 5245 5248 4605
f 5248 5245 5249 5250
f 5248 5250 5251 4608
f 5248 4608 4606 4605
f 5251 5250 5252 5253
f 5251 5253 5254 5255
f 5251 5255 4609 4608
f 5255 5254 5256 5257
f 5255 5257 4610 4609
f 5257 5256 5258 5259
f 5257 5259 4612 4610
f 5259 5258 5260 5261
f 5259 5261 4614 4612
f 5261 5260 5262 5263
f 5261 5263 5264 4614
f 5264 4618 4615 4614
f 5264 5263 5265 5266
f 5264 5266 5267 4618
f 5267 4623 4619 4618
f 5267 5266 5268 5269
f 5267 5269 5270 4623
f 5270 4628 4624 4623
f 5270 5269 5271 5272
f 5270 5272 5273 4628
f 5273 4633 4629 4628
f 5273 5272 5274 5275
f 5273 5275 5276 4633
f 5276 4638 4634 4633
f 5276 5275 5277 5278
f 5276 5278 5279 4638
f 5279 4643 4639 4638
f 5279 5278 5280 4655
f 5279 4655 4653 4643
f 5280 5278 5277 5281
f 5280 5281 5282 5283
f 5280 5283 4656 4655
f 5283 5282 5284 5285
f 5283 5285 4657 4656
f 5285 5284 5286 5287
f 5285 5287 4659 4657
f 5287 5286 5288 5289
f 5287 5289 4661 4659
f 5289 5288 5290 5291
f 5289 5291 4663 4661
f 5291 5290 5292 5293
f 5291 5293 5294 4663
f 5294 4667 4664 4663
f 5294 5293 5295 5296
f 5294 5296 5297 4667
f 5297 4672 4668 4667
f 5297 5296 5298 5299
f 5297 5299 5300 4672
f 5300 4677 4673 4672
f 5300 5299 5301 5302
f 5300 5302 5303 4677
f 5303 4682 4678 4677
f 5303 5302 5304 5305
f 5303 5305 5306 4682
f 5306 4687 4683 4682
f 5306 5305 5307 5308
f 5306 5308 5309 4687
f 5309 4690 4688 4687
f 5309 5308 5310 5311
f 5309 5311 1388 4690
f 5311 5310 5312 5313
f 5311 5313 1389 1388
f 5313 5312 5314 5315
f 5313 5315 1390 1389
f 5315 5314 5316 5317
f 5315 5317 1484 1390
f 5317 5316 5318 5319
f 5317 5319 5320 1484
f 5320 4692 1386 1484
f 5320 5319 5321 4695
f 5320 4695 4693 4692
f 5321 5319 5318 5322
f 5321 5322 5323 5324
f 5321 5324 4696 4695
f 5324 5323 5325 5326
f 5324 5326 4697 4696
f 5326 5325 5327 5328
f 5326 5328 4699 4697
f 5328 5327 5329 5330
f 5328 5330 4710 4699
f 5330 5329 5331 4713
f 5330 4713 4711 4710
f 5331 5329 5332 5333
f 5331 5333 5334 4716
f 5331 4716 4714 4713
f 5334 5333 5335 5336
f 5334 5336 5337 4719
f 5334 4719 4717 4716
f 5337 5336 5338 4729
f 5337 4729 4727 4722
f 5337 4722 4720 4719
f 5338 5336 5335 5339
f 5338 5339 5340 5341
f 5338 5341 4730 4729
f 5341 5340 5342 5343
f 5341 5343 4731 4730
f 5343 5342 5344 5345
f 5343 5345 4733 4731
f 5345 5344 5346 5347
f 5345 5347 4735 4733
f 5347 5346 5348 5349
f 5347 5349 5350 4735
f 5350 5349 5351 5352
f 5350 5352 5353 4738
f 5350 4738 4736 4735
f 5353 5352 5354 5355
f 5353 5355 5356 5357
f 5353 5357 4739 4738
f 5357 5356 5358 5359
f 5357 5359 4740 4739
f 5359 5358 5360 5361
f 5359 5361 4742 4740
f 5361 5360 4801 4799
f 5361 4799 4744 4742
f 5360 5358 5362 5363
f 5360 5363 5364 4801
f 5364 5363 5365 5366
f 5364 5366 4806 4804
f 5364 4804 4802 4801
f 5366 5365 5367 5368
f 5366 5368 4808 4806
f 5368 5367 5369 5370
f 5368 5370 4810 4808
f 5370 5369 5371 5372
f 5370 5372 4812 4810
f 5372 5371 5373 5374
f 5372 5374 4814 4812
f 5374 5373 4822 4820
f 5374 4820 4816 4814
f 5373 5371 5375 5376
f 5373 5376 5377 4822
f 5377 5376 5378 5379
f 5377 5379 5380 4825
f 5377 4825 4823 4822
f 5380 5379 5381 5382
f 5380 5382 5383 4828
f 5380 4828 4826 4825
f 5383 5382 5384 5385
f 5383 5385 5386 4831
f 5383 4831 4829 4828
f 5386 5385 5387 5388
f 5386 5388 5389 4834
f 5386 4834 4832 4831
f 5389 5388 5390 5391
f 5389 5391 5392 4837
f 5389 4837 4835 4834
f 5392 5391 5393 5394
f 5392 5394 5395 5396
f 5392 5396 4838 4837
f 5396 5395 2039 2035
f 5396 2035 2034 4838
f 5395 5394 5397 5398
f 5395 5398 5399 2039
f 5399 5398 5400 5401
f 5399 5401 5402 5403
f 5399 5403 2036 2039
f 5403 5402 5404 5405
f 5403 5405 2037 2036
f 5405 5404 5406 5407
f 5405 5407 5408 2037
f 5408 5407 5409 5410
f 5408 5410 5411 5412
f 5408 5412 2038 2037
f 5412 5411 5413 4851
f 5412 4851 4849 2038
f 5413 5411 5414 5415
f 5413 5415 5416 4854
f 5413 4854 4852 4851
f 5416 5415 5417 5418
f 5416 5418 5419 5420
f 5416 5420 4855 4854
f 5420 5419 5421 5422
f 5420 5422 4856 4855
f 5422 5421 5423 5424
f 5422 5424 4858 4856
f 5424 5423 5425 5426
f 5424 5426 4860 4858
f 5426 5425 5427 5428
f 5426 5428 5429 4860
f 5429 4863 4861 4860
f 5429 5428 5430 5431
f 5429 5431 5432 4863
f 5432 5431 5433 5434
f 5432 5434 5435 5436
f 5432 5436 4864 4863
f 5436 5435 5437 5438
f 5436 5438 4865 4864
f 5438 5437 5439 5440
f 5438 5440 4867 4865
f 5440 5439 5441 5442
f 5440 5442 5443 4867
f 5443 4870 4868 4867
f 5443 5442 5444 5445
f 5443 5445 5446 4870
f 5446 4874 4871 4870
f 5446 5445 5447 5448
f 5446 5448 5449 4874
f 5449 4877 4875 4874
f 5449 5448 5450 5451
f 5449 5451 4879 4877
f 5451 5450 5452 5453
f 5451 5453 4881 4879
f 5453 5452 5454 5455
f 5453 5455 5456 4881
f 5456 4884 4882 4881
f 5456 5455 5457 5458
f 5456 5458 5459 4884
f 5459 4887 4885 4884
f 5459 5458 5460 5461
f 5459 5461 5462 4887
f 5462 4890 4888 4887
f 5462 5461 5463 5464
f 5462 5464 5465 4890
f 5465 4893 4891 4890
f 5465 5464 5466 5467
f 5465 5467 5468 4893
f 5468 4896 4894 4893
f 5468 5467 5469 5470
f 5468 5470 5471 4896
f 5471 4899 4897 4896
f 5471 5470 5472 5473
f 5471 5473 4906 4899
f 5473 5472 5474 5475
f 5473 5475 4907 4906
f 5475 5474 5476 5477
f 5475 5477 4908 4907
f 5477 5476 5478 5479
f 5477 5479 4910 4908
f 5479 5478 5480 5481
f 5479 5481 4912 4910
f 5481 5480 5482 5483
f 5481 5483 5484 4912
f 5484 4916 4913 4912
f 5484 5483 5485 5486
f 5484 5486 5487 4916
f 5487 4921 4917 4916
f 5487 5486 5488 1215
f 5487 1215 1214 4921
f 5488 5486 5485 5489
f 5488 5489 5490 5491
f 5488 5491 1211 1215
f 5491 5490 5492 5493
f 5491 5493 1212 1211
f 5493 5492 5494 5495
f 5493 5495 5496 1212
f 5496 5497 1213 1212
f 5496 5495 5498 5499
f 5496 5499 5500 5497
f 5500 5501 5502 5497
f 5500 5499 5503 5504
f 5500 5504 5505 5501
f 5505 5506 5507 5501
f 5505 5504 5508 5509
f 5505 5509 5510 5506
f 5510 5511 5512 5506
f 5510 5509 5513 5514
f 5510 5514 5515 5511
f 5515 5516 5517 5511
f 5515 5514 5518 5519
f 5515 5519 5520 5516
f 5520 5521 5522 5516
f 5520 5519 5523 5524
f 5520 5524 5525 5521
f 5525 5526 5527 5521
f 5525 5524 5528 5529
f 5525 5529 5530 5526
f 5530 5531 5532 5526
f 5530 5529 5533 5534
f 5530 5534 5535 5531
f 5535 5536 5537 5531
f 5535 5534 5538 5539
f 5535 5539 5540 5536
f 5540 5541 5542 5536
f 5540 5539 5543 5544
f 5540 5544 5545 5541
f 5545 5546 5547 5541
f 5545 5544 5548 5549
f 5545 5549 5550 5546
f 5550 5551 5552 5546
f 5550 5549 5553 5554
f 5550 5554 5555 5551
f 5555 5556 5557 5551
f 5555 5554 5558 5559
f 5555 5559 5560 5556
f 5560 5561 5562 5556
f 5560 5559 5563 5564
f 5560 5564 5565 5561
f 5565 5566 5567 5561
f 5565 5564 5568 5569
f 5565 5569 5570 5566
f 5570 5571 5572 5566
f 5570 5569 5573 5574
f 5570 5574 5575 5571
f 5575 5576 5577 5571
f 5575 5574 5578 5579
f 5575 5579 5580 5576
f 5580 5581 5582 5576
f 5580 5579 5583 5584
f 5580 5584 5585 5581
f 5585 1630 5586 5581
f 5585 5584 5587 5588
f 5585 5588 1626 1630
f 5588 5587 5589 5590
f 5588 5590 1627 1626
f 5590 5589 5591 5592
f 5590 5592 5593 1627
f 5593 5594 1628 1627
f 5593 5592 2310 2309
f 5593 2309 2312 5594
f 5594 2312 5595 5596
f 5594 5596 1635 1628
f 5596 5595 5597 5598
f 5596 5598 5599 1635
f 5599 5600 1631 1635
f 5599 5598 5601 5602
f 5599 5602 5603 5600
f 5603 5604 5605 5600
f 5603 5602 5606 5607
f 5603 5607 5608 5604
f 5608 5609 5610 5604
f 5608 5607 5611 2466
f 5608 2466 2465 5609
f 5611 5607 5606 5612
f 5611 5612 5613 5614
f 5611 5614 2467 2466
f 5614 5613 5615 5616
f 5614 5616 2468 2467
f 5616 5617 5618 2468
f 5616 5615 5619 5617
f 5619 5620 5621 5617
f 5619 5615 1722 5622
f 5619 5622 5623 5620
f 5623 5624 5625 5620
f 5623 5622 5626 5627
f 5623 5627 5628 5624
f 5628 5629 5630 5624
f 5628 5627 5631 5632
f 5628 5632 5633 5629
f 5633 5634 5635 5629
f 5633 5632 5636 5637
f 5633 5637 5638 5634
f 5638 5639 5640 5634
f 5638 5637 5641 5642
f 5638 5642 5643 5639
f 5643 5644 5645 5639
f 5643 5642 5646 5647
f 5643 5647 5648 5644
f 5648 5649 5650 5644
f 5648 5647 5651 5652
f 5648 5652 5653 5649
f 5653 5654 5655 5649
f 5653 5652 5656 5657
f 5653 5657 5658 5654
f 5658 5659 5660 5654
f 5658 5657 5661 5662
f 5658 5662 5663 5659
f 5663 5664 5665 5659
f 5663 5662 5666 5667
f 5663 5667 5668 5664
f 5668 5669 5670 5664
f 5668 5667 5671 5672
f 5668 5672 5673 5669
f 5673 5674 5675 5669
f 5673 5672 5676 5677
f 5673 5677 5678 5674
f 5678 5679 5680 5674
f 5678 5677 5681 5682
f 5678 5682 5683 5679
f 5683 5205 5204 5679
f 5683 5682 5684 5685
f 5683 5685 5207 5205
f 5685 5684 5686 5687
f 5685 5687 5209 5207
f 5687 5686 5688 5689
f 5687 5689 5211 5209
f 5689 5688 5690 5691
f 5689 5691 5213 5211
f 5691 5690 5692 5693
f 5691 5693 5215 5213
f 5693 5692 5694 5695
f 5693 5695 5217 5215
f 5695 5694 5696 5697
f 5695 5697 5219 5217
f 5697 5696 5698 5699
f 5697 5699 5221 5219
f 5699 5698 5700 5701
f 5699 5701 5702 5221
f 5702 5224 5222 5221
f 5702 5701 5703 5704
f 5702 5704 5705 5224
f 5705 5227 5225 5224
f 5705 5704 5706 5707
f 5705 5707 5708 5227
f 5708 5230 5228 5227
f 5708 5707 5709 5710
f 5708 5710 5711 5230
f 5711 5233 5231 5230
f 5711 5710 5712 5713
f 5711 5713 5714 5233
f 5714 5236 5234 5233
f 5714 5713 5715 5716
f 5714 5716 5238 5236
f 5716 5715 5717 5718
f 5716 5718 5240 5238
f 5718 5717 5719 5720
f 5718 5720 5242 5240
f 5720 5719 5721 5722
f 5720 5722 5249 5242
f 5722 5721 5723 5252
f 5722 5252 5250 5249
f 5723 5721 5724 5725
f 5723 5725 5726 5727
f 5723 5727 5253 5252
f 5727 5726 5728 5729
f 5727 5729 5254 5253
f 5729 5728 5730 5731
f 5729 5731 5256 5254
f 5731 5730 5732 5733
f 5731 5733 5258 5256
f 5733 5732 5734 5735
f 5733 5735 5260 5258
f 5735 5734 5736 5737
f 5735 5737 5262 5260
f 5737 5736 5738 5739
f 5737 5739 5740 5262
f 5740 5265 5263 5262
f 5740 5739 5741 5742
f 5740 5742 5743 5265
f 5743 5268 5266 5265
f 5743 5742 5744 5745
f 5743 5745 5746 5268
f 5746 5271 5269 5268
f 5746 5745 5747 5748
f 5746 5748 5749 5271
f 5749 5274 5272 5271
f 5749 5748 5750 5751
f 5749 5751 5752 5274
f 5752 5277 5275 5274
f 5752 5751 5753 5754
f 5752 5754 5281 5277
f 5754 5753 5755 5756
f 5754 5756 5282 5281
f 5756 5755 5757 5758
f 5756 5758 5284 5282
f 5758 5757 5759 5760
f 5758 5760 5286 5284
f 5760 5759 5761 5762
f 5760 5762 5288 5286
f 5762 5761 5763 5764
f 5762 5764 5290 5288
f 5764 5763 5765 5766
f 5764 5766 5292 5290
f 5766 5765 5767 5768
f 5766 5768 5769 5292
f 5769 5295 5293 5292
f 5769 5768 1978 1977
f 5769 1977 1983 5295
f 5768 5767 5770 1978
f 5770 5767 5771 5772
f 5770 5772 5773 5774
f 5770 5774 1979 1978
f 5774 5773 5775 5776
f 5774 5776 1980 1979
f 5776 5775 5777 5778
f 5776 5778 5779 1980
f 5779 5780 5781 5782
f 5779 5782 1981 1980
f 5779 5778 1270 5780
f 5782 5781 2336 2335
f 5782 2335 2342 1981
f 5781 5783 5784 2336
f 5781 5780 5785 5783
f 5785 5786 5787 5783
f 5785 5780 1270 1269
f 5785 1269 1268 5786
f 5787 5788 5789 5790
f 5787 5790 5784 5783
f 5787 5786 5791 5788
f 5791 5792 5793 5788
f 5791 5786 1268 5794
f 5791 5794 5795 5792
f 5795 5796 5797 5792
f 5795 5794 5798 1470
f 5795 1470 1469 5796
f 5798 5794 1268 1265
f 5798 1265 1264 5799
f 5798 5799 1471 1470
f 5799 1264 5800 5801
f 5799 5801 1473 1471
f 5801 5800 5802 5803
f 5801 5803 5804 1473
f 5804 1441 1440 1473
f 5804 5803 5805 5806
f 5804 5806 5807 1441
f 5807 5808 1442 1441
f 5807 5806 1174 1173
f 5807 1173 5809 5808
f 5809 5810 5811 5808
f 5809 1173 1172 5812
f 5809 5812 5813 5810
f 5813 5814 5815 5810
f 5813 5812 5816 5817
f 5813 5817 5818 5814
f 5818 5819 5820 5814
f 5818 5817 5821 5822
f 5818 5822 5823 5819
f 5823 2077 2082 5819
f 5823 5822 5824 5825
f 5823 5825 2078 2077
f 5825 5824 5826 5827
f 5825 5827 5828 2078
f 5828 5829 2079 2078
f 5828 5827 5830 2141
f 5828 2141 2140 5829
f 5830 5827 5826 5831
f 5830 5831 5832 5833
f 5830 5833 2136 2141
f 5833 5832 5834 5835
f 5833 5835 2137 2136
f 5835 5834 5836 5837
f 5835 5837 2146 2137
f 5837 5836 5838 5839
f 5837 5839 2142 2146
f 5839 5838 5840 5841
f 5839 5841 2143 2142
f 5841 5840 5842 5843
f 5841 5843 5844 2143
f 5844 5845 2144 2143
f 5844 5843 5846 2152
f 5844 2152 2151 5845
f 5846 5843 5842 5847
f 5846 5847 5815 5848
f 5846 5848 2148 2152
f 5848 5815 5814 5820
f 5848 5820 2149 2148
f 5847 5842 1443 5811
f 5847 5811 5810 5815
f 5845 5849 2147 2144
f 5845 2151 2153 5849
f 5849 2153 2080 5850
f 5849 5850 2139 2147
f 5850 2080 2079 5829
f 5850 5829 2140 2139
f 5842 5840 1200 1443
f 5840 5838 1193 1200
f 5838 5836 1194 1193
f 5836 5834 5851 1194
f 5851 5834 5832 5852
f 5851 5852 5853 5854
f 5851 5854 1195 1194
f 5854 5853 5855 5856
f 5854 5856 1196 1195
f 5856 5855 5857 5858
f 5856 5858 5859 1196
f 5859 5858 5860 5861
f 5859 5861 5862 5863
f 5859 5863 1197 1196
f 5863 5862 5864 5865
f 5863 5865 1198 1197
f 5865 5864 5866 5867
f 5865 5867 1747 1198
f 5867 5866 5868 5869
f 5867 5869 1748 1747
f 5869 5868 5870 5871
f 5869 5871 5872 1748
f 5872 5873 1743 1748
f 5872 5871 5874 5875
f 5872 5875 5876 5873
f 5876 5877 5878 5873
f 5876 5875 5879 5880
f 5876 5880 5881 5877
f 5881 2378 5882 5877
f 5881 5880 5883 5884
f 5881 5884 2379 2378
f 5884 5883 5885 5886
f 5884 5886 2380 2379
f 5886 5885 5887 5888
f 5886 5888 5889 2380
f 5889 5890 2381 2380
f 5889 5888 5891 5892
f 5889 5892 5893 5890
f 5893 5894 5895 5890
f 5893 5892 5896 5897
f 5893 5897 2372 5894
f 5897 5896 5898 5899
f 5897 5899 2373 2372
f 5899 5898 5900 5901
f 5899 5901 2374 2373
f 5901 5900 5902 2159
f 5901 2159 2156 2374
f 5902 5900 5903 5904
f 5902 5904 5905 5906
f 5902 5906 2157 2159
f 5906 5905 5907 5908
f 5906 5908 2158 2157
f 5908 5907 1746 5909
f 5908 5909 5910 2158
f 5910 5911 2154 2158
f 5910 5909 5912 5913
f 5910 5913 2369 5911
f 5913 5912 5914 5915
f 5913 5915 2365 2369
f 5915 5914 5916 5917
f 5915 5917 2366 2365
f 5917 5916 5882 5918
f 5917 5918 5919 2366
f 5919 5920 2367 2366
f 5919 5918 2377 2382
f 5919 2382 5895 5920
f 5920 5895 5894 5921
f 5920 5921 2370 2367
f 5921 5894 2372 2371
f 5921 2371 2376 2370
f 5918 5882 2378 2377
f 5916 5914 1744 5878
f 5916 5878 5877 5882
f 5914 5912 1745 1744
f 5912 5909 1746 1745
f 5911 5922 2155 2154
f 5911 2369 2368 5922
f 5922 2376 2375 2155
f 5922 2368 2370 2376
f 5907 5905 1472 1468
f 5907 1468 1467 1746
f 5905 5904 5923 1472
f 5923 5904 5903 5924
f 5923 5924 5797 5796
f 5923 5796 1469 1472
f 5924 5903 5925 5926
f 5924 5926 5927 5797
f 5927 5926 5928 5929
f 5927 5929 5930 5793
f 5927 5793 5792 5797
f 5930 5929 5931 5932
f 5930 5932 5933 5789
f 5930 5789 5788 5793
f 5933 5932 5934 5935
f 5933 5935 5936 5937
f 5933 5937 5790 5789
f 5937 5936 5938 5939
f 5937 5939 5784 5790
f 5939 5938 2338 2337
f 5939 2337 2336 5784
f 5938 5936 5940 5941
f 5938 5941 5942 2338
f 5942 5941 5943 5944
f 5942 5944 5945 5946
f 5942 5946 2339 2338
f 5946 5945 5947 5948
f 5946 5948 2340 2339
f 5948 5947 5949 5950
f 5948 5950 5951 2340
f 5951 5950 1414 1413
f 5951 1413 5952 1283
f 5951 1283 1282 2340
f 5952 1413 1410 5953
f 5952 5953 5954 5955
f 5952 5955 982 1283
f 5955 5954 5956 5957
f 5955 5957 1284 982
f 5957 5956 5958 5959
f 5957 5959 5960 1284
f 5960 5961 1285 1284
f 5960 5959 5962 5963
f 5960 5963 5964 5961
f 5964 5965 5966 5961
f 5964 5963 5967 5968
f 5964 5968 5969 5965
f 5969 5970 5971 5965
f 5969 5968 5972 5973
f 5969 5973 5974 5970
f 5974 5975 5976 5970
f 5974 5973 5977 5978
f 5974 5978 5979 5975
f 5979 5980 5981 5975
f 5979 5978 5982 5983
f 5979 5983 5984 5980
f 5984 5985 5986 5980
f 5984 5983 5987 5988
f 5984 5988 5332 5985
f 5988 5987 5339 5335
f 5988 5335 5333 5332
f 5987 5983 5982 5989
f 5987 5989 5340 5339
f 5989 5982 5990 5991
f 5989 5991 5342 5340
f 5991 5990 5992 5993
f 5991 5993 5344 5342
f 5993 5992 5994 5995
f 5993 5995 5346 5344
f 5995 5994 5996 5997
f 5995 5997 5348 5346
f 5997 5996 5998 5999
f 5997 5999 6000 5348
f 6000 5999 6001 6002
f 6000 6002 6003 5351
f 6000 5351 5349 5348
f 6003 6002 6004 6005
f 6003 6005 6006 5354
f 6003 5354 5352 5351
f 6006 6005 6007 6008
f 6006 6008 6009 6010
f 6006 6010 5355 5354
f 6010 6009 6011 6012
f 6010 6012 5356 5355
f 6012 6011 6013 5362
f 6012 5362 5358 5356
f 6013 6011 6014 6015
f 6013 6015 5367 5365
f 6013 5365 5363 5362
f 6015 6014 6016 6017
f 6015 6017 5369 5367
f 6017 6016 6018 5375
f 6017 5375 5371 5369
f 6018 6016 6019 6020
f 6018 6020 6021 5378
f 6018 5378 5376 5375
f 6021 6020 6022 6023
f 6021 6023 6024 5381
f 6021 5381 5379 5378
f 6024 6023 6025 6026
f 6024 6026 6027 5384
f 6024 5384 5382 5381
f 6027 6026 6028 6029
f 6027 6029 6030 5387
f 6027 5387 5385 5384
f 6030 6029 6031 6032
f 6030 6032 6033 5390
f 6030 5390 5388 5387
f 6033 6032 6034 6035
f 6033 6035 6036 5393
f 6033 5393 5391 5390
f 6036 6035 6037 6038
f 6036 6038 6039 5397
f 6036 5397 5394 5393
f 6039 6038 6040 6041
f 6039 6041 6042 5400
f 6039 5400 5398 5397
f 6042 6041 6043 6044
f 6042 6044 6045 6046
f 6042 6046 5401 5400
f 6046 6045 6047 6048
f 6046 6048 5402 5401
f 6048 6047 6049 6050
f 6048 6050 5404 5402
f 6050 6049 6051 6052
f 6050 6052 5406 5404
f 6052 6051 6053 6054
f 6052 6054 6055 5406
f 6055 6054 6056 6057
f 6055 6057 6058 5409
f 6055 5409 5407 5406
f 6058 6057 6059 6060
f 6058 6060 6061 6062
f 6058 6062 5410 5409
f 6062 6061 6063 5414
f 6062 5414 5411 5410
f 6063 6061 6064 6065
f 6063 6065 6066 5417
f 6063 5417 5415 5414
f 6066 6065 6067 6068
f 6066 6068 6069 6070
f 6066 6070 5418 5417
f 6070 6069 6071 6072
f 6070 6072 5419 5418
f 6072 6071 6073 6074
f 6072 6074 5421 5419
f 6074 6073 6075 6076
f 6074 6076 5423 5421
f 6076 6075 6077 6078
f 6076 6078 5425 5423
f 6078 6077 6079 6080
f 6078 6080 5427 5425
f 6080 6079 6081 6082
f 6080 6082 6083 5427
f 6083 5430 5428 5427
f 6083 6082 6084 6085
f 6083 6085 6086 5430
f 6086 5433 5431 5430
f 6086 6085 6087 6088
f 6086 6088 1458 5433
f 6088 6087 6089 6090
f 6088 6090 1459 1458
f 6090 6089 6091 6092
f 6090 6092 1460 1459
f 6092 6091 6093 6094
f 6092 6094 6095 1460
f 6095 6096 1461 1460
f 6095 6094 6097 6098
f 6095 6098 6099 6096
f 6099 6100 6101 6096
f 6099 6098 6102 6103
f 6099 6103 6104 6100
f 6104 6105 6106 6100
f 6104 6103 6107 6108
f 6104 6108 6109 6105
f 6109 6110 6111 6105
f 6109 6108 6112 6113
f 6109 6113 6114 6110
f 6114 6115 6116 6110
f 6114 6113 6117 6118
f 6114 6118 6119 6115
f 6119 6120 6121 6115
f 6119 6118 6045 6044
f 6119 6044 6043 6120
f 6121 6122 6123 6124
f 6121 6124 6116 6115
f 6121 6120 6125 6122
f 6125 6126 6127 6122
f 6125 6120 6043 6128
f 6125 6128 6129 6126
f 6129 6130 6131 6126
f 6129 6128 6040 6132
f 6129 6132 6133 6130
f 6133 6134 6135 6130
f 6133 6132 6037 6136
f 6133 6136 6137 6134
f 6137 6138 6139 6134
f 6137 6136 6034 6140
f 6137 6140 6141 6138
f 6141 6142 6143 6138
f 6141 6140 6031 6144
f 6141 6144 6145 6142
f 6145 6146 6147 6142
f 6145 6144 6028 6148
f 6145 6148 6149 6146
f 6149 6150 6151 6146
f 6149 6148 6025 6152
f 6149 6152 6153 6150
f 6153 6154 6155 6150
f 6153 6152 6022 6156
f 6153 6156 6157 6154
f 6157 6008 6007 6154
f 6157 6156 6019 6158
f 6157 6158 6009 6008
f 6158 6019 6016 6014
f 6158 6014 6011 6009
f 6156 6022 6020 6019
f 6155 6159 6160 6161
f 6155 6161 6151 6150
f 6155 6154 6007 6159
f 6161 6160 6162 6163
f 6161 6163 6164 6151
f 6164 6163 6165 6166
f 6164 6166 6167 6147
f 6164 6147 6146 6151
f 6167 6166 6168 6169
f 6167 6169 6170 6143
f 6167 6143 6142 6147
f 6170 6169 6171 6172
f 6170 6172 6173 6139
f 6170 6139 6138 6143
f 6173 6172 6174 6175
f 6173 6175 6176 6135
f 6173 6135 6134 6139
f 6176 6175 6177 6178
f 6176 6178 6179 6131
f 6176 6131 6130 6135
f 6179 6178 6180 6181
f 6179 6181 6182 6127
f 6179 6127 6126 6131
f 6182 6181 6183 6184
f 6182 6184 6185 6123
f 6182 6123 6122 6127
f 6185 6184 6186 6187
f 6185 6187 6188 6189
f 6185 6189 6124 6123
f 6189 6188 6190 6191
f 6189 6191 6116 6124
f 6191 6190 6192 6111
f 6191 6111 6110 6116
f 6192 6190 6193 6194
f 6192 6194 6195 6106
f 6192 6106 6105 6111
f 6195 6194 1292 6196
f 6195 6196 1462 6101
f 6195 6101 6100 6106
f 6196 1292 1291 6197
f 6196 6197 1463 1462
f 6197 1291 1294 6198
f 6197 6198 1464 1463
f 6198 1294 6199 6200
f 6198 6200 6201 1464
f 6201 6202 1465 1464
f 6201 6200 6203 6204
f 6201 6204 6205 6202
f 6205 6206 6207 6202
f 6205 6204 6208 6209
f 6205 6209 6210 6206
f 6210 5441 5439 6206
f 6210 6209 6211 6212
f 6210 6212 6213 5441
f 6213 5444 5442 5441
f 6213 6212 6214 6215
f 6213 6215 6216 5444
f 6216 5447 5445 5444
f 6216 6215 6217 6218
f 6216 6218 6219 5447
f 6219 5450 5448 5447
f 6219 6218 6220 6221
f 6219 6221 5452 5450
f 6221 6220 6222 6223
f 6221 6223 5454 5452
f 6223 6222 6224 6225
f 6223 6225 6226 5454
f 6226 5457 5455 5454
f 6226 6225 6227 6228
f 6226 6228 6229 5457
f 6229 5460 5458 5457
f 6229 6228 6230 6231
f 6229 6231 6232 5460
f 6232 5463 5461 5460
f 6232 6231 6233 6234
f 6232 6234 6235 5463
f 6235 5466 5464 5463
f 6235 6234 6236 6237
f 6235 6237 6238 5466
f 6238 5469 5467 5466
f 6238 6237 6239 6240
f 6238 6240 6241 5469
f 6241 5472 5470 5469
f 6241 6240 6242 6243
f 6241 6243 5474 5472
f 6243 6242 6244 6245
f 6243 6245 5476 5474
f 6245 6244 6246 6247
f 6245 6247 5478 5476
f 6247 6246 6248 6249
f 6247 6249 5480 5478
f 6249 6248 6250 6251
f 6249 6251 5482 5480
f 6251 6250 6252 6253
f 6251 6253 6254 5482
f 6254 5485 5483 5482
f 6254 6253 6255 6256
f 6254 6256 5489 5485
f 6256 6255 6257 6258
f 6256 6258 5490 5489
f 6258 6257 6259 6260
f 6258 6260 5492 5490
f 6260 6259 6261 6262
f 6260 6262 5494 5492
f 6262 6261 6263 6264
f 6262 6264 6265 5494
f 6265 5498 5495 5494
f 6265 6264 6266 6267
f 6265 6267 6268 5498
f 6268 5503 5499 5498
f 6268 6267 6269 6270
f 6268 6270 6271 5503
f 6271 5508 5504 5503
f 6271 6270 6272 6273
f 6271 6273 6274 5508
f 6274 5513 5509 5508
f 6274 6273 6275 6276
f 6274 6276 6277 5513
f 6277 5518 5514 5513
f 6277 6276 6278 6279
f 6277 6279 6280 5518
f 6280 5523 5519 5518
f 6280 6279 6281 6282
f 6280 6282 6283 5523
f 6283 5528 5524 5523
f 6283 6282 6284 6285
f 6283 6285 6286 5528
f 6286 5533 5529 5528
f 6286 6285 6287 6288
f 6286 6288 6289 5533
f 6289 5538 5534 5533
f 6289 6288 6290 6291
f 6289 6291 6292 5538
f 6292 5543 5539 5538
f 6292 6291 6293 6294
f 6292 6294 6295 5543
f 6295 5548 5544 5543
f 6295 6294 6296 6297
f 6295 6297 6298 5548
f 6298 5553 5549 5548
f 6298 6297 6299 6300
f 6298 6300 6301 5553
f 6301 5558 5554 5553
f 6301 6300 6302 6303
f 6301 6303 6304 5558
f 6304 5563 5559 5558
f 6304 6303 6305 6306
f 6304 6306 6307 5563
f 6307 5568 5564 5563
f 6307 6306 6308 6309
f 6307 6309 6310 5568
f 6310 5573 5569 5568
f 6310 6309 6311 6312
f 6310 6312 6313 5573
f 6313 5578 5574 5573
f 6313 6312 6314 6315
f 6313 6315 6316 5578
f 6316 5583 5579 5578
f 6316 6315 6317 6318
f 6316 6318 6319 5583
f 6319 5587 5584 5583
f 6319 6318 6320 6321
f 6319 6321 5589 5587
f 6321 6320 6322 6323
f 6321 6323 5591 5589
f 6323 6322 6324 6325
f 6323 6325 6326 5591
f 6326 2310 5592 5591
f 6326 6325 6327 6328
f 6326 6328 2306 2310
f 6328 6327 6329 6330
f 6328 6330 2307 2306
f 6330 6329 6331 6332
f 6330 6332 6333 2307
f 6333 6334 2308 2307
f 6333 6332 6335 6336
f 6333 6336 6337 6334
f 6337 6338 6339 6334
f 6337 6336 6340 6341
f 6337 6341 6342 6338
f 6342 6343 6344 6338
f 6342 6341 1576 1580
f 6342 1580 6345 6343
f 6345 6346 6347 6343
f 6345 1580 1579 6348
f 6345 6348 6349 6346
f 6349 6350 6351 6346
f 6349 6348 6352 6353
f 6349 6353 6354 6350
f 6354 6355 6356 6350
f 6354 6353 6357 6358
f 6354 6358 6359 6355
f 6359 6360 6361 6355
f 6359 6358 6362 6363
f 6359 6363 6364 6360
f 6364 6365 6366 6360
f 6364 6363 6367 6368
f 6364 6368 6369 6365
f 6369 6370 6371 6365
f 6369 6368 6372 6373
f 6369 6373 6374 6370
f 6374 6375 6376 6370
f 6374 6373 6377 6378
f 6374 6378 6379 6375
f 6379 6380 6381 6375
f 6379 6378 6382 6383
f 6379 6383 1891 6380
f 6383 6382 6384 6385
f 6383 6385 1885 1891
f 6385 6384 6386 6387
f 6385 6387 1886 1885
f 6387 6386 6388 6389
f 6387 6389 6390 1886
f 6390 6391 1887 1886
f 6390 6389 6392 6393
f 6390 6393 6394 6391
f 6394 6395 6396 6391
f 6394 6393 6397 6398
f 6394 6398 6399 6395
f 6399 6400 6401 6395
f 6399 6398 6402 6403
f 6399 6403 6404 6400
f 6404 6405 6406 6400
f 6404 6403 6407 6408
f 6404 6408 6409 6405
f 6409 6410 6411 6405
f 6409 6408 6412 6413
f 6409 6413 6414 6410
f 6414 6415 6416 6410
f 6414 6413 6417 6418
f 6414 6418 6419 6415
f 6419 5728 5726 6415
f 6419 6418 6420 6421
f 6419 6421 5730 5728
f 6421 6420 6422 6423
f 6421 6423 5732 5730
f 6423 6422 6424 6425
f 6423 6425 5734 5732
f 6425 6424 6426 6427
f 6425 6427 5736 5734
f 6427 6426 6428 6429
f 6427 6429 5738 5736
f 6429 6428 6430 6431
f 6429 6431 6432 5738
f 6432 5741 5739 5738
f 6432 6431 6433 6434
f 6432 6434 6435 5741
f 6435 5744 5742 5741
f 6435 6434 6436 6437
f 6435 6437 6438 5744
f 6438 5747 5745 5744
f 6438 6437 6439 6440
f 6438 6440 6441 5747
f 6441 5750 5748 5747
f 6441 6440 6442 6443
f 6441 6443 6444 5750
f 6444 5753 5751 5750
f 6444 6443 6445 6446
f 6444 6446 5755 5753
f 6446 6445 6447 6448
f 6446 6448 5757 5755
f 6448 6447 6449 6450
f 6448 6450 5759 5757
f 6450 6449 6451 6452
f 6450 6452 5761 5759
f 6452 6451 6453 6454
f 6452 6454 5763 5761
f 6454 6453 6455 6456
f 6454 6456 5765 5763
f 6456 6455 6457 5771
f 6456 5771 5767 5765
f 6457 6455 6458 6459
f 6457 6459 6460 6461
f 6457 6461 5772 5771
f 6461 6460 6462 6463
f 6461 6463 5773 5772
f 6463 6462 6464 6465
f 6463 6465 5775 5773
f 6465 6464 6466 6467
f 6465 6467 5777 5775
f 6467 6466 6468 1267
f 6467 1267 1266 5777
f 6468 6466 6469 6470
f 6468 6470 6471 6472
f 6468 6472 1261 1267
f 6472 6471 6473 6474
f 6472 6474 1262 1261
f 6474 6473 6475 6476
f 6474 6476 6477 1262
f 6477 6478 1263 1262
f 6477 6476 6479 6480
f 6477 6480 6481 6478
f 6481 5802 5800 6478
f 6481 6480 6482 6483
f 6481 6483 6484 5802
f 6484 5805 5803 5802
f 6484 6483 6485 6486
f 6484 6486 1177 5805
f 6486 6485 6487 6488
f 6486 6488 1178 1177
f 6488 6487 6489 6490
f 6488 6490 1179 1178
f 6490 6489 6491 6492
f 6490 6492 6493 1179
f 6493 6494 1180 1179
f 6493 6492 6495 6496
f 6493 6496 6497 6494
f 6497 2179 6498 6494
f 6497 6496 6499 6500
f 6497 6500 2177 2179
f 6500 6499 6501 6502
f 6500 6502 2178 2177
f 6502 6501 6503 6504
f 6502 6504 6505 2178
f 6505 6506 2175 2178
f 6505 6504 6507 6508
f 6505 6508 6509 6506
f 6509 6510 6511 6506
f 6509 6508 6512 6513
f 6509 6513 6514 6510
f 6514 6515 6516 6510
f 6514 6513 6517 6518
f 6514 6518 6519 6515
f 6519 6520 2168 6515
f 6519 6518 1378 1377
f 6519 1377 6521 6520
f 6521 6522 6523 6524
f 6521 6524 6525 6520
f 6521 1377 1376 6522
f 6525 6524 6526 6527
f 6525 6527 2166 2165
f 6525 2165 2168 6520
f 6527 6526 6528 6529
f 6527 6529 6530 2166
f 6530 6529 6531 6532
f 6530 6532 6533 6534
f 6530 6534 2163 2166
f 6534 6533 6535 6536
f 6534 6536 2164 2163
f 6536 6535 6537 6538
f 6536 6538 6539 2164
f 6539 6538 6540 6541
f 6539 6541 6542 6543
f 6539 6543 2160 2164
f 6543 6542 6544 6545
f 6543 6545 2161 2160
f 6545 6544 6546 6547
f 6545 6547 6548 2161
f 6548 6547 6549 6550
f 6548 6550 6551 6552
f 6548 6552 2162 2161
f 6552 6551 6553 6554
f 6552 6554 2169 2162
f 6554 6553 6555 6556
f 6554 6556 6557 2169
f 6557 6556 2176 6511
f 6557 6511 6510 6516
f 6557 6516 2167 2169
f 6556 6555 2173 2176
f 6555 6553 6558 6559
f 6555 6559 2174 2173
f 6559 6558 6560 6561
f 6559 6561 6562 2174
f 6562 6561 6563 1451
f 6562 1451 1450 6564
f 6562 6564 2170 2174
f 6564 1450 1456 1760
f 6564 1760 2171 2170
f 6563 6565 1776 1779
f 6563 1779 1447 1451
f 6563 6561 6560 6565
f 6565 6566 1777 1776
f 6565 6560 6567 6566
f 6567 6568 1640 6566
f 6567 6560 6558 6569
f 6567 6569 6570 6568
f 6570 6571 6572 6568
f 6570 6569 6551 6550
f 6570 6550 6549 6571
f 6572 6573 1645 1641
f 6572 1641 1640 6568
f 6572 6571 6574 6573
f 6574 6575 6576 6573
f 6574 6571 6549 6577
f 6574 6577 6578 6575
f 6578 6579 6580 6575
f 6578 6577 6546 1258
f 6578 1258 1253 6579
f 6580 6581 6582 6583
f 6580 6583 6576 6575
f 6580 6579 6584 6581
f 6584 6585 6586 6581
f 6584 6579 1253 1252
f 6584 1252 6587 6585
f 6587 6588 6589 6585
f 6587 1252 1251 6590
f 6587 6590 6591 6588
f 6591 6592 6593 6588
f 6591 6590 6594 6595
f 6591 6595 6596 6592
f 6596 6597 6598 6592
f 6596 6595 6599 6600
f 6596 6600 6601 6597
f 6601 6602 6603 6597
f 6601 6600 6604 6605
f 6601 6605 6606 6602
f 6606 1902 1901 6602
f 6606 6605 6607 6608
f 6606 6608 2461 1902
f 6608 6607 6609 6610
f 6608 6610 2462 2461
f 6610 6609 2406 2411
f 6610 2411 6611 2462
f 6611 2411 2410 6612
f 6611 6612 6613 6614
f 6611 6614 2413 2462
f 6614 6613 6615 6616
f 6614 6616 2412 2413
f 6616 6615 6598 6617
f 6616 6617 1445 2412
f 6617 6598 6597 6603
f 6617 6603 1446 1445
f 6615 6613 6618 6593
f 6615 6593 6592 6598
f 6618 6613 6612 6619
f 6618 6619 6620 6589
f 6618 6589 6588 6593
f 6620 6619 2409 6621
f 6620 6621 6622 6586
f 6620 6586 6585 6589
f 6622 6621 6623 6624
f 6622 6624 6625 6582
f 6622 6582 6581 6586
f 6625 6624 6626 6627
f 6625 6627 6628 6629
f 6625 6629 6583 6582
f 6629 6628 6630 6631
f 6629 6631 6576 6583
f 6631 6630 1643 1645
f 6631 1645 6573 6576
f 6630 6628 6632 6633
f 6630 6633 1644 1643
f 6633 6632 6634 6635
f 6633 6635 6636 1644
f 6636 6635 6637 6638
f 6636 6638 6639 6640
f 6636 6640 1636 1644
f 6640 6639 6641 6642
f 6640 6642 1637 1636
f 6642 6641 6643 6644
f 6642 6644 6645 1637
f 6645 6644 6646 2418
f 6645 2418 2417 6647
f 6645 6647 1638 1637
f 6647 2417 2423 6648
f 6647 6648 1642 1638
f 6648 2423 6649 1774
f 6648 1774 1773 1642
f 6649 2423 2422 6650
f 6649 6650 6651 6652
f 6649 6652 1775 1774
f 6652 6651 6653 6654
f 6652 6654 1780 1775
f 6654 6653 6655 2020
f 6654 2020 2019 1780
f 6655 6653 1904 1903
f 6655 1903 1912 1917
f 6655 1917 1916 2020
f 6653 6651 6656 1904
f 6656 6651 6650 6657
f 6656 6657 6658 6659
f 6656 6659 1905 1904
f 6659 6658 6660 6661
f 6659 6661 1906 1905
f 6661 6660 6662 6663
f 6661 6663 6664 1906
f 6664 6663 6665 6666
f 6664 6666 6667 6668
f 6664 6668 1907 1906
f 6668 6667 6669 6670
f 6668 6670 1908 1907
f 6670 6669 6671 6672
f 6670 6672 6673 1908
f 6673 6674 1909 1908
f 6673 6672 6675 6676
f 6673 6676 6677 6674
f 6677 6678 6679 6674
f 6677 6676 6680 6681
f 6677 6681 6682 6678
f 6682 6683 6684 6678
f 6682 6681 6685 6686
f 6682 6686 6687 6683
f 6687 6688 6689 6683
f 6687 6686 6690 6691
f 6687 6691 6692 6688
f 6692 6693 6694 6688
f 6692 6691 6695 6696
f 6692 6696 6697 6693
f 6697 5864 5862 6693
f 6697 6696 6698 6699
f 6697 6699 5866 5864
f 6699 6698 6700 6701
f 6699 6701 5868 5866
f 6701 6700 6702 6703
f 6701 6703 5870 5868
f 6703 6702 6704 6705
f 6703 6705 6706 5870
f 6706 5874 5871 5870
f 6706 6705 6707 6708
f 6706 6708 6709 5874
f 6709 5879 5875 5874
f 6709 6708 6710 6711
f 6709 6711 6712 5879
f 6712 5883 5880 5879
f 6712 6711 6713 6714
f 6712 6714 5885 5883
f 6714 6713 5934 6715
f 6714 6715 5887 5885
f 6715 5934 5932 5931
f 6715 5931 6716 5887
f 6716 5891 5888 5887
f 6716 5931 5929 5928
f 6716 5928 6717 5891
f 6717 5896 5892 5891
f 6717 5928 5926 5925
f 6717 5925 5898 5896
f 6713 6711 6710 6718
f 6713 6718 5935 5934
f 6718 6710 6719 5940
f 6718 5940 5936 5935
f 6719 6710 6708 6707
f 6719 6707 6720 5943
f 6719 5943 5941 5940
f 6720 6707 6705 6704
f 6720 6704 6721 6722
f 6720 6722 5944 5943
f 6722 6721 6723 6724
f 6722 6724 5945 5944
f 6724 6723 6725 6726
f 6724 6726 5947 5945
f 6726 6725 6727 6728
f 6726 6728 5949 5947
f 6728 6727 6729 6730
f 6728 6730 1415 5949
f 6730 6729 1647 1646
f 6730 1646 1416 1415
f 6729 6727 6731 6732
f 6729 6732 6733 1647
f 6733 6732 6734 6735
f 6733 6735 6736 6737
f 6733 6737 1648 1647
f 6737 6736 6738 1661
f 6737 1661 1649 1648
f 6738 6736 6739 6740
f 6738 6740 6741 6742
f 6738 6742 1654 1661
f 6742 6741 6743 6744
f 6742 6744 1655 1654
f 6744 6743 6745 6746
f 6744 6746 6747 1655
f 6747 6746 6748 6749
f 6747 6749 6750 6751
f 6747 6751 1656 1655
f 6751 6750 6752 6753
f 6751 6753 1657 1656
f 6753 6752 6754 6755
f 6753 6755 6756 1657
f 6756 6757 1658 1657
f 6756 6755 6758 6759
f 6756 6759 6760 6757
f 6760 6761 6762 6757
f 6760 6759 6763 6764
f 6760 6764 6765 6761
f 6765 6766 6767 6761
f 6765 6764 6768 6769
f 6765 6769 6770 6766
f 6770 6771 6772 6766
f 6770 6769 6773 6774
f 6770 6774 6775 6771
f 6775 6776 6777 6771
f 6775 6774 6778 6779
f 6775 6779 6780 6776
f 6780 6781 6782 6776
f 6780 6779 6783 6784
f 6780 6784 6785 6781
f 6785 6786 6787 6781
f 6785 6784 6788 6789
f 6785 6789 6790 6786
f 6790 6791 6792 6786
f 6790 6789 6793 6794
f 6790 6794 6795 6791
f 6795 6796 6797 6791
f 6795 6794 6798 6799
f 6795 6799 6800 6796
f 6800 6801 6802 6796
f 6800 6799 6803 6804
f 6800 6804 6805 6801
f 6805 6806 6807 6801
f 6805 6804 6808 6809
f 6805 6809 6810 6806
f 6810 1605 6811 6806
f 6810 6809 6812 6813
f 6810 6813 1606 1605
f 6813 6812 6814 6815
f 6813 6815 1607 1606
f 6815 6814 6816 6817
f 6815 6817 6818 1607
f 6818 6819 1608 1607
f 6818 6817 6820 6821
f 6818 6821 6822 6819
f 6822 6823 6824 6819
f 6822 6821 6825 6826
f 6822 6826 6827 6823
f 6827 1600 1599 6823
f 6827 6826 6828 6829
f 6827 6829 1601 1600
f 6829 6828 2383 2387
f 6829 2387 6830 1601
f 6830 2387 2386 6831
f 6830 6831 6832 6833
f 6830 6833 1602 1601
f 6833 6832 6834 2084
f 6833 2084 1603 1602
f 6834 6832 6835 6836
f 6834 6836 6837 6838
f 6834 6838 2085 2084
f 6838 6837 6839 6840
f 6838 6840 2086 2085
f 6840 6839 6811 6841
f 6840 6841 6842 2086
f 6842 6843 2083 2086
f 6842 6841 1604 1609
f 6842 1609 6824 6843
f 6843 6824 6823 1599
f 6843 1599 1598 2083
f 6841 6811 1605 1604
f 6839 6837 6844 6807
f 6839 6807 6806 6811
f 6844 6837 6836 6845
f 6844 6845 6846 6802
f 6844 6802 6801 6807
f 6846 6845 6847 6848
f 6846 6848 6849 6797
f 6846 6797 6796 6802
f 6849 6848 6850 6851
f 6849 6851 6852 6792
f 6849 6792 6791 6797
f 6852 6851 6853 6854
f 6852 6854 6855 6787
f 6852 6787 6786 6792
f 6855 6854 6856 6857
f 6855 6857 6858 6782
f 6855 6782 6781 6787
f 6858 6857 6859 6860
f 6858 6860 6861 6777
f 6858 6777 6776 6782
f 6861 6860 6862 6863
f 6861 6863 6864 6772
f 6861 6772 6771 6777
f 6864 6863 6865 6866
f 6864 6866 6867 6767
f 6864 6767 6766 6772
f 6867 6866 6868 6869
f 6867 6869 1659 6762
f 6867 6762 6761 6767
f 6869 6868 6870 6871
f 6869 6871 1660 1659
f 6871 6870 6872 1651
f 6871 1651 1650 1660
f 6872 6873 6874 6875
f 6872 6875 1652 1651
f 6872 6870 6876 6873
f 6876 6877 6878 6873
f 6876 6870 6868 6879
f 6876 6879 6880 6877
f 6880 6881 6882 6877
f 6880 6879 6865 6883
f 6880 6883 6884 6881
f 6884 6885 6886 6881
f 6884 6883 6862 6887
f 6884 6887 6888 6885
f 6888 6889 6890 6885
f 6888 6887 6859 6891
f 6888 6891 6892 6889
f 6892 6893 6894 6889
f 6892 6891 6856 6895
f 6892 6895 6896 6893
f 6896 6897 6898 6893
f 6896 6895 6853 6899
f 6896 6899 6900 6897
f 6900 2388 2385 6897
f 6900 6899 6850 6901
f 6900 6901 6902 2388
f 6902 6831 2386 2388
f 6902 6901 6847 6835
f 6902 6835 6832 6831
f 6901 6850 6848 6847
f 6899 6853 6851 6850
f 6898 2384 6903 6904
f 6898 6904 6894 6893
f 6898 6897 2385 2384
f 6904 6903 6825 6905
f 6904 6905 6906 6894
f 6906 6905 6820 6907
f 6906 6907 6908 6890
f 6906 6890 6889 6894
f 6908 6907 6816 6909
f 6908 6909 6910 6886
f 6908 6886 6885 6890
f 6910 6909 6911 6912
f 6910 6912 6913 6882
f 6910 6882 6881 6886
f 6913 6912 6914 6915
f 6913 6915 6916 6878
f 6913 6878 6877 6882
f 6916 6915 6917 6918
f 6916 6918 6919 6874
f 6916 6874 6873 6878
f 6919 6918 6920 6921
f 6919 6921 6922 6923
f 6919 6923 6875 6874
f 6923 6922 6924 1653
f 6923 1653 1652 6875
f 6924 6922 6925 6926
f 6924 6926 1412 1411
f 6924 1411 1417 1653
f 6926 6925 6927 6928
f 6926 6928 6929 1412
f 6929 6928 6930 6931
f 6929 6931 6932 6933
f 6929 6933 1408 1412
f 6933 6932 6934 6935
f 6933 6935 1409 1408
f 6935 6934 6936 6937
f 6935 6937 6938 1409
f 6938 5953 1410 1409
f 6938 6937 6939 6940
f 6938 6940 5954 5953
f 6940 6939 6941 6942
f 6940 6942 5956 5954
f 6942 6941 6943 6944
f 6942 6944 5958 5956
f 6944 6943 6945 6946
f 6944 6946 6947 5958
f 6947 5962 5959 5958
f 6947 6946 6948 6949
f 6947 6949 6950 5962
f 6950 5967 5963 5962
f 6950 6949 6951 6952
f 6950 6952 6953 5967
f 6953 5972 5968 5967
f 6953 6952 6954 6955
f 6953 6955 6956 5972
f 6956 5977 5973 5972
f 6956 6955 5994 5992
f 6956 5992 5990 5977
f 6955 6954 5996 5994
f 6954 6952 6951 6957
f 6954 6957 5998 5996
f 6957 6951 6958 6959
f 6957 6959 6960 5998
f 6960 6959 6961 6962
f 6960 6962 6963 6001
f 6960 6001 5999 5998
f 6963 6962 6162 6160
f 6963 6160 6159 6004
f 6963 6004 6002 6001
f 6962 6961 6964 6162
f 6964 6961 6965 6966
f 6964 6966 6967 6165
f 6964 6165 6163 6162
f 6967 6966 6968 6969
f 6967 6969 6970 6168
f 6967 6168 6166 6165
f 6970 6969 6971 6972
f 6970 6972 6973 6171
f 6970 6171 6169 6168
f 6973 6972 6974 6975
f 6973 6975 6976 6174
f 6973 6174 6172 6171
f 6976 6975 6977 6978
f 6976 6978 6979 6177
f 6976 6177 6175 6174
f 6979 6978 6980 6981
f 6979 6981 6982 6180
f 6979 6180 6178 6177
f 6982 6981 6983 6984
f 6982 6984 6985 6183
f 6982 6183 6181 6180
f 6985 6984 6986 6987
f 6985 6987 6988 6186
f 6985 6186 6184 6183
f 6988 6987 6989 6990
f 6988 6990 6991 6992
f 6988 6992 6187 6186
f 6992 6991 1289 6993
f 6992 6993 6188 6187
f 6993 1289 1288 6193
f 6993 6193 6190 6188
f 6991 6990 6994 6995
f 6991 6995 1290 1289
f 6995 6994 6996 6997
f 6995 6997 1297 1290
f 6997 6996 6998 6999
f 6997 6999 7000 1297
f 7000 6999 7001 7002
f 7000 7002 7003 7004
f 7000 7004 1295 1297
f 7004 7003 7005 7006
f 7004 7006 1296 1295
f 7006 7005 7007 7008
f 7006 7008 7009 1296
f 7009 7008 7010 7011
f 7009 7011 7012 7013
f 7009 7013 1293 1296
f 7013 7012 7014 6199
f 7013 6199 1294 1293
f 7014 7012 7015 7016
f 7014 7016 7017 6203
f 7014 6203 6200 6199
f 7017 7016 7018 7019
f 7017 7019 7020 6208
f 7017 6208 6204 6203
f 7020 6211 6209 6208
f 7020 7019 7021 7022
f 7020 7022 7023 6211
f 7023 6214 6212 6211
f 7023 7022 7024 7025
f 7023 7025 7026 6214
f 7026 6217 6215 6214
f 7026 7025 7027 7028
f 7026 7028 7029 6217
f 7029 6220 6218 6217
f 7029 7028 7030 7031
f 7029 7031 6222 6220
f 7031 7030 7032 7033
f 7031 7033 6224 6222
f 7033 7032 7034 7035
f 7033 7035 7036 6224
f 7036 6227 6225 6224
f 7036 7035 7037 7038
f 7036 7038 7039 6227
f 7039 6230 6228 6227
f 7039 7038 7040 7041
f 7039 7041 7042 6230
f 7042 6233 6231 6230
f 7042 7041 7043 7044
f 7042 7044 7045 6233
f 7045 6236 6234 6233
f 7045 7044 7046 7047
f 7045 7047 7048 6236
f 7048 6239 6237 6236
f 7048 7047 7049 7050
f 7048 7050 7051 6239
f 7051 6242 6240 6239
f 7051 7050 7052 7053
f 7051 7053 6244 6242
f 7053 7052 7054 7055
f 7053 7055 6246 6244
f 7055 7054 7056 7057
f 7055 7057 6248 6246
f 7057 7056 7058 7059
f 7057 7059 6250 6248
f 7059 7058 7060 7061
f 7059 7061 6252 6250
f 7061 7060 7062 7063
f 7061 7063 7064 6252
f 7064 6255 6253 6252
f 7064 7063 7065 7066
f 7064 7066 6257 6255
f 7066 7065 7067 7068
f 7066 7068 6259 6257
f 7068 7067 7069 7070
f 7068 7070 6261 6259
f 7070 7069 7071 7072
f 7070 7072 6263 6261
f 7072 7071 7073 7074
f 7072 7074 7075 6263
f 7075 6266 6264 6263
f 7075 7074 7076 7077
f 7075 7077 7078 6266
f 7078 6269 6267 6266
f 7078 7077 7079 7080
f 7078 7080 7081 6269
f 7081 6272 6270 6269
f 7081 7080 7082 7083
f 7081 7083 7084 6272
f 7084 6275 6273 6272
f 7084 7083 7085 7086
f 7084 7086 7087 6275
f 7087 6278 6276 6275
f 7087 7086 7088 7089
f 7087 7089 7090 6278
f 7090 6281 6279 6278
f 7090 7089 7091 7092
f 7090 7092 7093 6281
f 7093 6284 6282 6281
f 7093 7092 7094 7095
f 7093 7095 7096 6284
f 7096 6287 6285 6284
f 7096 7095 7097 7098
f 7096 7098 7099 6287
f 7099 6290 6288 6287
f 7099 7098 7100 7101
f 7099 7101 7102 6290
f 7102 6293 6291 6290
f 7102 7101 7103 7104
f 7102 7104 7105 6293
f 7105 6296 6294 6293
f 7105 7104 7106 7107
f 7105 7107 7108 6296
f 7108 6299 6297 6296
f 7108 7107 7109 7110
f 7108 7110 7111 6299
f 7111 6302 6300 6299
f 7111 7110 1680 1679
f 7111 1679 1678 6302
f 7110 7109 7112 1680
f 7112 7109 7113 2185
f 7112 2185 2182 7114
f 7112 7114 1675 1680
f 7114 2182 2181 7115
f 7114 7115 1676 1675
f 7115 2181 7116 7117
f 7115 7117 7118 1676
f 7118 7117 7119 7120
f 7118 7120 7121 7122
f 7118 7122 1672 1676
f 7122 7121 7123 7124
f 7122 7124 1673 1672
f 7124 7123 7125 7126
f 7124 7126 7127 1673
f 7127 7128 1674 1673
f 7127 7126 7129 7130
f 7127 7130 7131 7128
f 7131 7132 7133 7128
f 7131 7130 7134 7135
f 7131 7135 7136 7132
f 7136 7137 7138 7132
f 7136 7135 7139 7140
f 7136 7140 7141 7137
f 7141 7142 7143 7137
f 7141 7140 7144 7145
f 7141 7145 7146 7142
f 7146 7147 7148 7142
f 7146 7145 7149 7150
f 7146 7150 7151 7147
f 7151 7152 7153 7147
f 7151 7150 7154 7155
f 7151 7155 7156 7152
f 7156 7157 7158 7152
f 7156 7155 7159 7160
f 7156 7160 7161 7157
f 7161 7162 7163 7157
f 7161 7160 7164 7165
f 7161 7165 7166 7162
f 7166 7167 6331 7162
f 7166 7165 7168 7169
f 7166 7169 7170 7167
f 7170 7171 6335 7167
f 7170 7169 7172 7173
f 7170 7173 7174 7171
f 7174 1577 6340 7171
f 7174 7173 7175 7176
f 7174 7176 1571 1577
f 7176 7175 7177 7178
f 7176 7178 1572 1571
f 7178 7177 7179 7180
f 7178 7180 7181 1572
f 7181 7182 1573 1572
f 7181 7180 7183 7184
f 7181 7184 7185 7182
f 7185 7186 7187 7182
f 7185 7184 7188 7189
f 7185 7189 7190 7186
f 7190 7191 7192 7186
f 7190 7189 7193 7194
f 7190 7194 7195 7191
f 7195 7196 7197 7191
f 7195 7194 7198 7199
f 7195 7199 7200 7196
f 7200 7201 7202 7196
f 7200 7199 7203 7204
f 7200 7204 7205 7201
f 7205 7206 7207 7201
f 7205 7204 7208 7209
f 7205 7209 7210 7206
f 7210 7211 7212 7206
f 7210 7209 7213 7214
f 7210 7214 7215 7211
f 7215 7216 7217 7211
f 7215 7214 7218 7219
f 7215 7219 7220 7216
f 7220 7221 7222 7216
f 7220 7219 7223 7224
f 7220 7224 7225 7221
f 7225 7226 7227 7221
f 7225 7224 7228 7229
f 7225 7229 7230 7226
f 7230 7231 7232 7226
f 7230 7229 7233 7234
f 7230 7234 7235 7231
f 7235 7236 7237 7231
f 7235 7234 7238 1729
f 7235 1729 1728 7236
f 7238 7234 7233 7239
f 7238 7239 7240 7241
f 7238 7241 1730 1729
f 7241 7240 7242 7243
f 7241 7243 1731 1730
f 7243 7242 7244 7245
f 7243 7245 7246 1731
f 7246 1714 1713 1731
f 7246 7245 7247 7248
f 7246 7248 7249 1714
f 7249 7250 1715 1714
f 7249 7248 7251 7252
f 7249 7252 7253 7250
f 7253 7254 7255 7256
f 7253 7256 7257 7250
f 7253 7252 7258 7254
f 7258 7259 7260 7254
f 7258 7252 7251 7261
f 7258 7261 7262 7259
f 7262 7263 7264 7259
f 7262 7261 7265 7266
f 7262 7266 7267 7263
f 7267 7268 7269 7263
f 7267 7266 7270 7271
f 7267 7271 7272 7268
f 7272 7273 7274 7268
f 7272 7271 7275 7276
f 7272 7276 7277 7273
f 7277 7278 7279 7273
f 7277 7276 1210 1208
f 7277 1208 1207 7278
f 7279 7280 7281 7282
f 7279 7282 7274 7273
f 7279 7278 7283 7280
f 7283 7284 7285 7280
f 7283 7278 1207 7286
f 7283 7286 7287 7284
f 7287 7288 7289 7284
f 7287 7286 7290 7291
f 7287 7291 7292 7288
f 7292 7293 7294 7288
f 7292 7291 7295 7296
f 7292 7296 7297 7293
f 7297 7298 7299 7293
f 7297 7296 7300 7301
f 7297 7301 7302 7298
f 7302 7303 7304 7298
f 7302 7301 7305 7306
f 7302 7306 7307 7303
f 7307 7308 7309 7303
f 7307 7306 7310 7311
f 7307 7311 7312 7308
f 7312 7313 7314 7308
f 7312 7311 7315 7316
f 7312 7316 7317 7313
f 7317 7318 7319 7313
f 7317 7316 7320 7321
f 7317 7321 7322 7318
f 7322 7323 7324 7318
f 7322 7321 7325 7326
f 7322 7326 7327 7323
f 7327 7328 7329 7323
f 7327 7326 7330 7331
f 7327 7331 7332 7328
f 7332 7333 7334 7328
f 7332 7331 7335 7336
f 7332 7336 7337 7333
f 7337 7338 7339 7333
f 7337 7336 7340 7341
f 7337 7341 7342 7338
f 7342 7343 7344 7338
f 7342 7341 7345 7346
f 7342 7346 7347 7343
f 7347 7348 7349 7343
f 7347 7346 7350 7351
f 7347 7351 7352 7348
f 7352 6449 6447 7348
f 7352 7351 7353 7354
f 7352 7354 6451 6449
f 7354 7353 7355 7356
f 7354 7356 6453 6451
f 7356 7355 7357 6458
f 7356 6458 6455 6453
f 7357 7355 7358 7359
f 7357 7359 7360 7361
f 7357 7361 6459 6458
f 7361 7360 7362 7363
f 7361 7363 6460 6459
f 7363 7362 7364 7365
f 7363 7365 6462 6460
f 7365 7364 7366 7367
f 7365 7367 6464 6462
f 7367 7366 7368 6469
f 7367 6469 6466 6464
f 7368 7366 7369 7370
f 7368 7370 7371 7372
f 7368 7372 6470 6469
f 7372 7371 7373 7374
f 7372 7374 6471 6470
f 7374 7373 7375 7376
f 7374 7376 6473 6471
f 7376 7375 7377 7378
f 7376 7378 6475 6473
f 7378 7377 7379 7380
f 7378 7380 7381 6475
f 7381 6479 6476 6475
f 7381 7380 7382 7383
f 7381 7383 7384 6479
f 7384 6482 6480 6479
f 7384 7383 7385 7386
f 7384 7386 7387 6482
f 7387 6485 6483 6482
f 7387 7386 7388 7389
f 7387 7389 6487 6485
f 7389 7388 7390 7391
f 7389 7391 6489 6487
f 7391 7390 7392 7393
f 7391 7393 6491 6489
f 7393 7392 7394 7395
f 7393 7395 7396 6491
f 7396 6495 6492 6491
f 7396 7395 7397 7398
f 7396 7398 7399 6495
f 7399 6499 6496 6495
f 7399 7398 7400 7401
f 7399 7401 6501 6499
f 7401 7400 7402 7403
f 7401 7403 6503 6501
f 7403 7402 7404 7405
f 7403 7405 7406 6503
f 7406 6507 6504 6503
f 7406 7405 7407 7408
f 7406 7408 7409 6507
f 7409 6512 6508 6507
f 7409 7408 7410 7411
f 7409 7411 7412 6512
f 7412 6517 6513 6512
f 7412 7411 7413 7414
f 7412 7414 1379 6517
f 7414 7413 7415 7416
f 7414 7416 1380 1379
f 7416 7415 7417 7418
f 7416 7418 1381 1380
f 7418 7417 7419 7420
f 7418 7420 7421 1381
f 7421 7422 1382 1381
f 7421 7420 7423 7424
f 7421 7424 7425 7422
f 7425 7426 7427 7422
f 7425 7424 7428 7429
f 7425 7429 7430 7426
f 7430 7431 7432 7426
f 7430 7429 7433 7434
f 7430 7434 7435 7431
f 7435 7436 7437 7431
f 7435 7434 7438 7439
f 7435 7439 7440 7436
f 7440 7441 7442 7436
f 7440 7439 7443 7444
f 7440 7444 7445 7441
f 7445 1808 1811 7441
f 7445 7444 7446 7447
f 7445 7447 1809 1808
f 7447 7446 7448 7449
f 7447 7449 2432 1809
f 7449 7448 7450 7451
f 7449 7451 2430 2432
f 7451 7450 7452 7453
f 7451 7453 2431 2430
f 7453 7452 7454 7455
f 7453 7455 7456 2431
f 7456 7457 2427 2431
f 7456 7455 7458 7459
f 7456 7459 7460 7457
f 7460 7461 7462 7457
f 7460 7459 7463 7464
f 7460 7464 1558 7461
f 7464 7463 7465 7466
f 7464 7466 1559 1558
f 7466 7465 7467 7468
f 7466 7468 1560 1559
f 7468 7467 7469 7470
f 7468 7470 7471 1560
f 7471 7472 1561 1560
f 7471 7470 7473 1557
f 7471 1557 1556 7472
f 7473 7470 7469 7474
f 7473 7474 7475 7476
f 7473 7476 1553 1557
f 7476 7475 7477 7478
f 7476 7478 1554 1553
f 7478 7477 7479 7480
f 7478 7480 7481 1554
f 7481 7482 1555 1554
f 7481 7480 1398 1397
f 7481 1397 1401 7482
f 7482 1401 7462 7461
f 7482 7461 1558 1555
f 7480 7479 1806 1398
f 7479 7477 7483 7484
f 7479 7484 7485 1806
f 7485 7484 7486 7487
f 7485 7487 7488 7489
f 7485 7489 1807 1806
f 7489 7488 7437 7490
f 7489 7490 1812 1807
f 7490 7437 7436 7442
f 7490 7442 2433 1812
f 7488 7487 7491 7432
f 7488 7432 7431 7437
f 7491 7487 7486 7492
f 7491 7492 1383 7427
f 7491 7427 7426 7432
f 7492 7486 7493 7494
f 7492 7494 1384 1383
f 7494 7493 7495 7496
f 7494 7496 1385 1384
f 7496 7495 7497 7498
f 7496 7498 7499 1385
f 7499 7498 7500 7501
f 7499 7501 6523 6522
f 7499 6522 1376 1385
f 7501 7500 7502 7503
f 7501 7503 7504 6523
f 7504 7503 7505 7506
f 7504 7506 6528 6526
f 7504 6526 6524 6523
f 7506 7505 7507 7508
f 7506 7508 7509 6528
f 7509 7508 7510 7511
f 7509 7511 7512 6531
f 7509 6531 6529 6528
f 7512 7511 7513 7514
f 7512 7514 7515 7516
f 7512 7516 6532 6531
f 7516 7515 7517 7518
f 7516 7518 6533 6532
f 7518 7517 7519 7520
f 7518 7520 6535 6533
f 7520 7519 7521 7522
f 7520 7522 6537 6535
f 7522 7521 7523 7524
f 7522 7524 7525 6537
f 7525 6540 6538 6537
f 7525 7524 7526 7527
f 7525 7527 7528 6540
f 7528 7529 6541 6540
f 7528 7527 7530 7531
f 7528 7531 7532 7529
f 7532 1256 1260 7529
f 7532 7531 7533 7534
f 7532 7534 1257 1256
f 7534 7533 7535 7536
f 7534 7536 7537 1257
f 7537 7538 1254 1257
f 7537 7536 6638 6637
f 7537 6637 7539 7538
f 7539 7540 7541 7538
f 7539 6637 6635 6634
f 7539 6634 7542 7540
f 7542 7543 7544 7540
f 7542 6634 6632 7545
f 7542 7545 7546 7543
f 7546 7547 7548 7543
f 7546 7545 6627 6626
f 7546 6626 7549 7547
f 7549 2407 7550 7547
f 7549 6626 6624 6623
f 7549 6623 2408 2407
f 7550 6609 6607 7551
f 7550 7551 7548 7547
f 7550 2407 2406 6609
f 7551 6607 6605 6604
f 7551 6604 7552 7548
f 7552 6604 6600 6599
f 7552 6599 7553 7544
f 7552 7544 7543 7548
f 7553 6599 6595 6594
f 7553 6594 1255 7541
f 7553 7541 7540 7544
f 7545 6632 6628 6627
f 7541 1255 1254 7538
f 7536 7535 6639 6638
f 7535 7533 7554 7555
f 7535 7555 6641 6639
f 7555 7554 7556 7557
f 7555 7557 6643 6641
f 7557 7556 7558 7559
f 7557 7559 7560 6643
f 7560 7559 7561 7562
f 7560 7562 7563 6646
f 7560 6646 6644 6643
f 7563 7562 7564 7565
f 7563 7565 2415 2414
f 7563 2414 2418 6646
f 7565 7564 7566 7567
f 7565 7567 7568 2415
f 7568 7567 7569 7570
f 7568 7570 7571 7572
f 7568 7572 2416 2415
f 7572 7571 7573 7574
f 7572 7574 2419 2416
f 7574 7573 7575 7576
f 7574 7576 2425 2419
f 7576 7575 7577 7578
f 7576 7578 2426 2425
f 7578 7577 7579 6662
f 7578 6662 6660 2426
f 7579 7577 7580 7581
f 7579 7581 7582 6665
f 7579 6665 6663 6662
f 7582 7581 7583 7584
f 7582 7584 7585 7586
f 7582 7586 6666 6665
f 7586 7585 7587 7588
f 7586 7588 6667 6666
f 7588 7587 7589 7590
f 7588 7590 6669 6667
f 7590 7589 7591 7592
f 7590 7592 6671 6669
f 7592 7591 7593 7594
f 7592 7594 7595 6671
f 7595 6675 6672 6671
f 7595 7594 7596 7597
f 7595 7597 7598 6675
f 7598 6680 6676 6675
f 7598 7597 7599 7600
f 7598 7600 7601 6680
f 7601 6685 6681 6680
f 7601 7600 7602 7603
f 7601 7603 7604 6685
f 7604 6690 6686 6685
f 7604 7603 7605 7606
f 7604 7606 7607 6690
f 7607 6695 6691 6690
f 7607 7606 7608 7609
f 7607 7609 7610 6695
f 7610 6698 6696 6695
f 7610 7609 7611 7612
f 7610 7612 6700 6698
f 7612 7611 7613 7614
f 7612 7614 6702 6700
f 7614 7613 6723 6721
f 7614 6721 6704 6702
f 7613 7611 7615 7616
f 7613 7616 6725 6723
f 7616 7615 7617 6731
f 7616 6731 6727 6725
f 7617 7615 7608 7618
f 7617 7618 7619 6734
f 7617 6734 6732 6731
f 7619 7618 7605 7620
f 7619 7620 7621 7622
f 7619 7622 6735 6734
f 7622 7621 7623 6739
f 7622 6739 6736 6735
f 7623 7621 7624 7625
f 7623 7625 7626 7627
f 7623 7627 6740 6739
f 7627 7626 7628 7629
f 7627 7629 6741 6740
f 7629 7628 7630 7631
f 7629 7631 6743 6741
f 7631 7630 7632 7633
f 7631 7633 6745 6743
f 7633 7632 7634 7635
f 7633 7635 7636 6745
f 7636 7635 7637 7638
f 7636 7638 7639 6748
f 7636 6748 6746 6745
f 7639 7638 7640 7641
f 7639 7641 7642 7643
f 7639 7643 6749 6748
f 7643 7642 7644 7645
f 7643 7645 6750 6749
f 7645 7644 7646 7647
f 7645 7647 6752 6750
f 7647 7646 7648 7649
f 7647 7649 6754 6752
f 7649 7648 7650 7651
f 7649 7651 7652 6754
f 7652 6758 6755 6754
f 7652 7651 7653 7654
f 7652 7654 7655 6758
f 7655 6763 6759 6758
f 7655 7654 7656 7657
f 7655 7657 7658 6763
f 7658 6768 6764 6763
f 7658 7657 7659 7660
f 7658 7660 7661 6768
f 7661 6773 6769 6768
f 7661 7660 1134 2345
f 7661 2345 7662 6773
f 7662 6778 6774 6773
f 7662 2345 2344 7663
f 7662 7663 7664 6778
f 7664 6783 6779 6778
f 7664 7663 6931 6930
f 7664 6930 7665 6783
f 7665 6788 6784 6783
f 7665 6930 6928 6927
f 7665 6927 7666 6788
f 7666 6793 6789 6788
f 7666 6927 6925 7667
f 7666 7667 7668 6793
f 7668 6798 6794 6793
f 7668 7667 6921 6920
f 7668 6920 7669 6798
f 7669 6803 6799 6798
f 7669 6920 6918 6917
f 7669 6917 7670 6803
f 7670 6808 6804 6803
f 7670 6917 6915 6914
f 7670 6914 7671 6808
f 7671 6812 6809 6808
f 7671 6914 6912 6911
f 7671 6911 6814 6812
f 7667 6925 6922 6921
f 7663 2344 6932 6931
f 7660 7659 2348 1134
f 7659 7657 7656 7672
f 7659 7672 7673 2348
f 7673 7672 7674 7675
f 7673 7675 6983 7676
f 7673 7676 2349 2348
f 7676 6983 6981 6980
f 7676 6980 7677 2349
f 7677 7678 2346 2349
f 7677 6980 6978 6977
f 7677 6977 7679 7678
f 7679 7680 7681 7678
f 7679 6977 6975 6974
f 7679 6974 7682 7680
f 7682 7683 7684 7680
f 7682 6974 6972 6971
f 7682 6971 7685 7683
f 7685 6945 6943 7683
f 7685 6971 6969 6968
f 7685 6968 7686 6945
f 7686 6948 6946 6945
f 7686 6968 6966 6965
f 7686 6965 6958 6948
f 7684 6941 6939 7687
f 7684 7687 7681 7680
f 7684 7683 6943 6941
f 7687 6939 6937 6936
f 7687 6936 2347 7681
f 7681 2347 2346 7678
f 7675 7674 7688 6986
f 7675 6986 6984 6983
f 7688 7674 7689 7690
f 7688 7690 7691 6989
f 7688 6989 6987 6986
f 7691 7690 7692 7693
f 7691 7693 6996 6994
f 7691 6994 6990 6989
f 7693 7692 7650 7694
f 7693 7694 6998 6996
f 7694 7650 7648 7695
f 7694 7695 7696 6998
f 7696 7695 7697 7698
f 7696 7698 7699 7001
f 7696 7001 6999 6998
f 7699 7698 7700 7701
f 7699 7701 7702 7703
f 7699 7703 7002 7001
f 7703 7702 7704 7705
f 7703 7705 7003 7002
f 7705 7704 7706 7707
f 7705 7707 7005 7003
f 7707 7706 7708 7709
f 7707 7709 7007 7005
f 7709 7708 7710 7711
f 7709 7711 7712 7007
f 7712 7711 7713 7714
f 7712 7714 7715 7010
f 7712 7010 7008 7007
f 7715 7714 7716 7717
f 7715 7717 7718 7719
f 7715 7719 7011 7010
f 7719 7718 7720 7015
f 7719 7015 7012 7011
f 7720 7718 7721 7722
f 7720 7722 7723 7018
f 7720 7018 7016 7015
f 7723 7722 7724 7725
f 7723 7725 7726 7021
f 7723 7021 7019 7018
f 7726 7725 7727 7728
f 7726 7728 7729 7024
f 7726 7024 7022 7021
f 7729 7728 7730 7731
f 7729 7731 7732 7027
f 7729 7027 7025 7024
f 7732 7030 7028 7027
f 7732 7731 1354 1357
f 7732 1357 7032 7030
f 7731 7730 1355 1354
f 7730 7728 7727 7733
f 7730 7733 7734 1355
f 7734 7733 7735 7736
f 7734 7736 7737 7738
f 7734 7738 1351 1355
f 7738 7737 1666 7739
f 7738 7739 1352 1351
f 7739 1666 1665 7740
f 7739 7740 7741 1352
f 7741 7740 7742 7743
f 7741 7743 7744 7745
f 7741 7745 1353 1352
f 7745 7744 1280 1279
f 7745 1279 1278 1353
f 7744 7743 7746 7747
f 7744 7747 7748 1280
f 7748 7747 7749 7750
f 7748 7750 7751 7752
f 7748 7752 1271 1280
f 7752 7751 7753 7754
f 7752 7754 1272 1271
f 7754 7753 7755 7756
f 7754 7756 7757 1272
f 7757 7756 7758 1669
f 7757 1669 1668 7759
f 7757 7759 1273 1272
f 7759 1668 1667 7760
f 7759 7760 1274 1273
f 7760 1667 1520 7761
f 7760 7761 7762 1274
f 7762 7763 1275 1274
f 7762 7761 7764 7765
f 7762 7765 7766 7763
f 7766 7767 7768 7763
f 7766 7765 7769 7770
f 7766 7770 7771 7767
f 7771 7772 7773 7767
f 7771 7770 7774 7775
f 7771 7775 7776 7772
f 7776 7777 7778 7772
f 7776 7775 7779 7780
f 7776 7780 7781 7777
f 7781 7782 7783 7777
f 7781 7780 7784 7785
f 7781 7785 7786 7782
f 7786 7787 7788 7782
f 7786 7785 7789 7790
f 7786 7790 7791 7787
f 7791 7792 7793 7787
f 7791 7790 7794 7795
f 7791 7795 7796 7792
f 7796 7797 7798 7792
f 7796 7795 7799 7800
f 7796 7800 7801 7797
f 7801 7802 7803 7797
f 7801 7800 7804 7805
f 7801 7805 7806 7802
f 7806 7807 7808 7802
f 7806 7805 7809 7810
f 7806 7810 7811 7807
f 7811 7812 7813 7807
f 7811 7810 7814 7815
f 7811 7815 7816 7812
f 7816 7071 7069 7812
f 7816 7815 7817 7818
f 7816 7818 7073 7071
f 7818 7817 7819 7820
f 7818 7820 7821 7073
f 7821 7076 7074 7073
f 7821 7820 7822 7823
f 7821 7823 7824 7076
f 7824 7079 7077 7076
f 7824 7823 7825 7826
f 7824 7826 7827 7079
f 7827 7082 7080 7079
f 7827 7826 7828 7829
f 7827 7829 7830 7082
f 7830 7085 7083 7082
f 7830 7829 7831 7832
f 7830 7832 7833 7085
f 7833 7088 7086 7085
f 7833 7832 7834 7835
f 7833 7835 7836 7088
f 7836 7091 7089 7088
f 7836 7835 7837 7838
f 7836 7838 7839 7091
f 7839 7094 7092 7091
f 7839 7838 7840 7841
f 7839 7841 7842 7094
f 7842 7097 7095 7094
f 7842 7841 7843 7844
f 7842 7844 7845 7097
f 7845 7100 7098 7097
f 7845 7844 7846 7847
f 7845 7847 7848 7100
f 7848 7103 7101 7100
f 7848 7847 7849 7850
f 7848 7850 7851 7103
f 7851 7106 7104 7103
f 7851 7850 7852 7853
f 7851 7853 7113 7106
f 7853 7852 2184 2183
f 7853 2183 2185 7113
f 7852 7850 7849 7854
f 7852 7854 7855 2184
f 7855 7854 7856 7857
f 7855 7857 7858 7859
f 7855 7859 2180 2184
f 7859 7858 7860 7116
f 7859 7116 2181 2180
f 7860 7858 1506 1505
f 7860 1505 1504 7119
f 7860 7119 7117 7116
f 7858 7857 7861 1506
f 7861 7857 7856 7862
f 7861 7862 7863 7864
f 7861 7864 1507 1506
f 7864 7863 7865 7866
f 7864 7866 1512 1507
f 7866 7865 7867 7868
f 7866 7868 7869 1512
f 7869 7868 7870 7871
f 7869 7871 7872 7873
f 7869 7873 1510 1512
f 7873 7872 7874 7875
f 7873 7875 1511 1510
f 7875 7874 7876 7877
f 7875 7877 7878 1511
f 7878 7877 7879 7880
f 7878 7880 7881 7882
f 7878 7882 1508 1511
f 7882 7881 7883 7884
f 7882 7884 1509 1508
f 7884 7883 7885 7886
f 7884 7886 7887 1509
f 7887 7888 1503 1509
f 7887 7886 7889 7890
f 7887 7890 7891 7888
f 7891 7892 7893 7888
f 7891 7890 7894 7895
f 7891 7895 7896 7892
f 7896 7123 7121 7892
f 7896 7895 1693 7897
f 7896 7897 7125 7123
f 7897 1693 1692 7898
f 7897 7898 7899 7125
f 7899 7129 7126 7125
f 7899 7898 7900 7901
f 7899 7901 7902 7129
f 7902 7134 7130 7129
f 7902 7901 7903 7904
f 7902 7904 7905 7134
f 7905 7139 7135 7134
f 7905 7904 7906 7907
f 7905 7907 7908 7139
f 7908 7144 7140 7139
f 7908 7907 7909 7910
f 7908 7910 7911 7144
f 7911 7149 7145 7144
f 7911 7910 1739 7912
f 7911 7912 7913 7149
f 7913 7154 7150 7149
f 7913 7912 7914 7915
f 7913 7915 7916 7154
f 7916 7159 7155 7154
f 7916 7915 7917 7918
f 7916 7918 7919 7159
f 7919 7164 7160 7159
f 7919 7918 7920 7921
f 7919 7921 7922 7164
f 7922 7168 7165 7164
f 7922 7921 7923 7924
f 7922 7924 7925 7168
f 7925 7172 7169 7168
f 7925 7924 7926 7927
f 7925 7927 7928 7172
f 7928 7175 7173 7172
f 7928 7927 7929 7930
f 7928 7930 7177 7175
f 7930 7929 7931 7932
f 7930 7932 7179 7177
f 7932 7931 7933 7934
f 7932 7934 7935 7179
f 7935 7183 7180 7179
f 7935 7934 7936 7937
f 7935 7937 7938 7183
f 7938 7188 7184 7183
f 7938 7937 7939 7940
f 7938 7940 7941 7188
f 7941 7193 7189 7188
f 7941 7940 7942 7943
f 7941 7943 7944 7193
f 7944 7198 7194 7193
f 7944 7943 7945 7946
f 7944 7946 7947 7198
f 7947 7203 7199 7198
f 7947 7946 7948 7949
f 7947 7949 7950 7203
f 7950 7208 7204 7203
f 7950 7949 7951 7952
f 7950 7952 7953 7208
f 7953 7213 7209 7208
f 7953 7952 7954 7955
f 7953 7955 7956 7213
f 7956 7218 7214 7213
f 7956 7955 7957 7958
f 7956 7958 7959 7218
f 7959 7223 7219 7218
f 7959 7958 7960 7961
f 7959 7961 7962 7223
f 7962 7228 7224 7223
f 7962 7961 7963 7964
f 7962 7964 7965 7228
f 7965 7233 7229 7228
f 7965 7964 7966 7967
f 7965 7967 7239 7233
f 7967 7966 7968 7969
f 7967 7969 7240 7239
f 7969 7968 7970 7971
f 7969 7971 7242 7240
f 7971 7970 7972 7973
f 7971 7973 7244 7242
f 7973 7972 7974 7975
f 7973 7975 7976 7244
f 7976 7247 7245 7244
f 7976 7975 7977 7978
f 7976 7978 7979 7247
f 7979 7251 7248 7247
f 7979 7978 7980 7265
f 7979 7265 7261 7251
f 7980 7978 7977 7981
f 7980 7981 7982 7270
f 7980 7270 7266 7265
f 7982 7275 7271 7270
f 7982 7981 7983 7984
f 7982 7984 7985 7275
f 7985 1210 7276 7275
f 7985 7984 7986 2395
f 7985 2395 1205 1210
f 7986 7984 7983 7987
f 7986 7987 7988 7989
f 7986 7989 2396 2395
f 7989 7988 7990 7991
f 7989 7991 2397 2396
f 7991 7990 7992 7993
f 7991 7993 7994 2397
f 7994 7993 7995 7996
f 7994 7996 7997 7998
f 7994 7998 2398 2397
f 7998 7997 7999 8000
f 7998 8000 2399 2398
f 8000 7999 8001 8002
f 8000 8002 8003 2399
f 8003 8004 2400 2399
f 8003 8002 8005 8006
f 8003 8006 8007 8004
f 8007 8008 8009 8004
f 8007 8006 8010 8011
f 8007 8011 8012 8008
f 8012 8013 8014 8008
f 8012 8011 8015 8016
f 8012 8016 8017 8013
f 8017 8018 8019 8013
f 8017 8016 8020 8021
f 8017 8021 8022 8018
f 8022 8023 8024 8018
f 8022 8021 8025 8026
f 8022 8026 8027 8023
f 8027 8028 8029 8023
f 8027 8026 8030 8031
f 8027 8031 8032 8028
f 8032 8033 8034 8028
f 8032 8031 8035 8036
f 8032 8036 8037 8033
f 8037 8038 8039 8033
f 8037 8036 8040 8041
f 8037 8041 8042 8038
f 8042 8043 8044 8038
f 8042 8041 8045 8046
f 8042 8046 8047 8043
f 8047 8048 8049 8043
f 8047 8046 8050 8051
f 8047 8051 8052 8048
f 8052 8053 8054 8048
f 8052 8051 8055 8056
f 8052 8056 8057 8053
f 8057 8058 8059 8053
f 8057 8056 8060 8061
f 8057 8061 8062 8058
f 8062 8063 8064 8058
f 8062 8061 8065 8066
f 8062 8066 8067 8063
f 8067 8068 8069 8063
f 8067 8066 8070 8071
f 8067 8071 8072 8068
f 8072 8073 8074 8068
f 8072 8071 8075 8076
f 8072 8076 8077 8073
f 8077 8078 8079 8073
f 8077 8076 8080 8081
f 8077 8081 8082 8078
f 8082 8083 8084 8078
f 8082 8081 8085 8086
f 8082 8086 8087 8083
f 8087 8088 8089 8083
f 8087 8086 8090 8091
f 8087 8091 8092 8088
f 8092 7379 7377 8088
f 8092 8091 8093 8094
f 8092 8094 8095 7379
f 8095 7382 7380 7379
f 8095 8094 8096 8097
f 8095 8097 8098 7382
f 8098 7385 7383 7382
f 8098 8097 8099 8100
f 8098 8100 8101 7385
f 8101 7388 7386 7385
f 8101 8100 8102 8103
f 8101 8103 7390 7388
f 8103 8102 8104 8105
f 8103 8105 7392 7390
f 8105 8104 8106 8107
f 8105 8107 7394 7392
f 8107 8106 8108 8109
f 8107 8109 8110 7394
f 8110 7397 7395 7394
f 8110 8109 8111 8112
f 8110 8112 8113 7397
f 8113 7400 7398 7397
f 8113 8112 8114 8115
f 8113 8115 7402 7400
f 8115 8114 8116 8117
f 8115 8117 7404 7402
f 8117 8116 8118 8119
f 8117 8119 8120 7404
f 8120 7407 7405 7404
f 8120 8119 8121 8122
f 8120 8122 8123 7407
f 8123 7410 7408 7407
f 8123 8122 8124 8125
f 8123 8125 8126 7410
f 8126 7413 7411 7410
f 8126 8125 8127 8128
f 8126 8128 7415 7413
f 8128 8127 8129 8130
f 8128 8130 7417 7415
f 8130 8129 8131 8132
f 8130 8132 7419 7417
f 8132 8131 8133 8134
f 8132 8134 8135 7419
f 8135 7423 7420 7419
f 8135 8134 8136 8137
f 8135 8137 8138 7423
f 8138 7428 7424 7423
f 8138 8137 8139 8140
f 8138 8140 8141 7428
f 8141 7433 7429 7428
f 8141 8140 8142 8143
f 8141 8143 8144 7433
f 8144 7438 7434 7433
f 8144 8143 8145 8146
f 8144 8146 8147 7438
f 8147 7443 7439 7438
f 8147 8146 8148 8149
f 8147 8149 8150 7443
f 8150 7446 7444 7443
f 8150 8149 8151 8152
f 8150 8152 7448 7446
f 8152 8151 8153 8154
f 8152 8154 7450 7448
f 8154 8153 8155 8156
f 8154 8156 7452 7450
f 8156 8155 8157 8158
f 8156 8158 7454 7452
f 8158 8157 8159 8160
f 8158 8160 8161 7454
f 8161 7458 7455 7454
f 8161 8160 8162 8163
f 8161 8163 8164 7458
f 8164 7463 7459 7458
f 8164 8163 8165 8166
f 8164 8166 7465 7463
f 8166 8165 8167 8168
f 8166 8168 7467 7465
f 8168 8167 8169 8170
f 8168 8170 7469 7467
f 8170 8169 7497 8171
f 8170 8171 7474 7469
f 8171 7497 7495 8172
f 8171 8172 7475 7474
f 8172 7495 7493 7483
f 8172 7483 7477 7475
f 8169 8167 7502 7500
f 8169 7500 7498 7497
f 8167 8165 8173 7502
f 8173 8165 8163 8162
f 8173 8162 7507 7505
f 8173 7505 7503 7502
f 8162 8160 8159 7507
f 8159 8157 8174 7510
f 8159 7510 7508 7507
f 8174 8157 8155 8175
f 8174 8175 8176 7513
f 8174 7513 7511 7510
f 8176 8175 8177 8178
f 8176 8178 8179 8180
f 8176 8180 7514 7513
f 8180 8179 8181 8182
f 8180 8182 7515 7514
f 8182 8181 8183 8184
f 8182 8184 7517 7515
f 8184 8183 2068 8185
f 8184 8185 7519 7517
f 8185 2068 2067 8186
f 8185 8186 7521 7519
f 8186 2067 2076 8187
f 8186 8187 7523 7521
f 8187 2076 8188 8189
f 8187 8189 8190 7523
f 8190 7526 7524 7523
f 8190 8189 8191 8192
f 8190 8192 8193 7526
f 8193 7530 7527 7526
f 8193 8192 7558 7556
f 8193 7556 7554 7530
f 8192 8191 8194 7558
f 8194 8191 8195 8196
f 8194 8196 8197 7561
f 8194 7561 7559 7558
f 8197 8196 8198 8199
f 8197 8199 7566 7564
f 8197 7564 7562 7561
f 8199 8198 8200 8201
f 8199 8201 8202 7566
f 8202 8201 8203 8204
f 8202 8204 8205 7569
f 8202 7569 7567 7566
f 8205 8204 8206 8207
f 8205 8207 8208 8209
f 8205 8209 7570 7569
f 8209 8208 8210 8211
f 8209 8211 7571 7570
f 8211 8210 8212 8213
f 8211 8213 7573 7571
f 8213 8212 8214 8215
f 8213 8215 7575 7573
f 8215 8214 8216 7580
f 8215 7580 7577 7575
f 8216 8214 8217 8218
f 8216 8218 8219 7583
f 8216 7583 7581 7580
f 8219 8218 8220 8221
f 8219 8221 8222 8223
f 8219 8223 7584 7583
f 8223 8222 8224 8225
f 8223 8225 7585 7584
f 8225 8224 8226 8227
f 8225 8227 7587 7585
f 8227 8226 8228 8229
f 8227 8229 7589 7587
f 8229 8228 8230 8231
f 8229 8231 7591 7589
f 8231 8230 8232 8233
f 8231 8233 7593 7591
f 8233 8232 8234 8235
f 8233 8235 8236 7593
f 8236 7596 7594 7593
f 8236 8235 8237 8238
f 8236 8238 8239 7596
f 8239 7599 7597 7596
f 8239 8238 7626 7625
f 8239 7625 7624 7599
f 8238 8237 7628 7626
f 8237 8235 8234 8240
f 8237 8240 7630 7628
f 8240 8234 8241 8242
f 8240 8242 7632 7630
f 8242 8241 8243 8244
f 8242 8244 7634 7632
f 8244 8243 8245 8246
f 8244 8246 8247 7634
f 8247 8246 8248 8249
f 8247 8249 8250 7637
f 8247 7637 7635 7634
f 8250 8249 8251 8252
f 8250 8252 8253 7640
f 8250 7640 7638 7637
f 8253 8252 8254 8255
f 8253 8255 8256 8257
f 8253 8257 7641 7640
f 8257 8256 8258 8259
f 8257 8259 7642 7641
f 8259 8258 7700 8260
f 8259 8260 7644 7642
f 8260 7700 7698 7697
f 8260 7697 7646 7644
f 8258 8256 8261 8262
f 8258 8262 7701 7700
f 8262 8261 8263 8264
f 8262 8264 7702 7701
f 8264 8263 8265 8266
f 8264 8266 7704 7702
f 8266 8265 8267 8268
f 8266 8268 7706 7704
f 8268 8267 8269 8270
f 8268 8270 7708 7706
f 8270 8269 8271 8272
f 8270 8272 7710 7708
f 8272 8271 8273 8274
f 8272 8274 8275 7710
f 8275 8274 8276 8277
f 8275 8277 8278 7713
f 8275 7713 7711 7710
f 8278 8277 8279 8280
f 8278 8280 8281 7716
f 8278 7716 7714 7713
f 8281 8280 8282 8283
f 8281 8283 8284 8285
f 8281 8285 7717 7716
f 8285 8284 8286 7721
f 8285 7721 7718 7717
f 8286 8284 8287 8288
f 8286 8288 8289 7724
f 8286 7724 7722 7721
f 8289 8288 8290 7735
f 8289 7735 7733 7727
f 8289 7727 7725 7724
f 8290 8288 8287 8291
f 8290 8291 8292 8293
f 8290 8293 7736 7735
f 8293 8292 8294 8295
f 8293 8295 7737 7736
f 8295 8294 1663 1662
f 8295 1662 1666 7737
f 8294 8292 8296 8297
f 8294 8297 1522 1663
f 8297 8296 8298 8299
f 8297 8299 1516 1522
f 8299 8298 8300 8301
f 8299 8301 1517 1516
f 8301 8300 8302 8303
f 8301 8303 8304 1517
f 8304 8303 8305 8306
f 8304 8306 8307 8308
f 8304 8308 1518 1517
f 8308 8307 8309 8310
f 8308 8310 1519 1518
f 8310 8309 8311 8312
f 8310 8312 8313 1519
f 8313 8312 8314 8315
f 8313 8315 8316 8317
f 8313 8317 1513 1519
f 8317 8318 1514 1513
f 8317 8316 8319 8318
f 8319 8320 8321 8318
f 8319 8316 8322 8323
f 8319 8323 8324 8320
f 8324 8325 8326 8320
f 8324 8323 8327 8328
f 8324 8328 8329 8325
f 8329 8330 8331 8325
f 8329 8328 8332 8333
f 8329 8333 8334 8330
f 8334 8335 8336 8330
f 8334 8333 8337 8338
f 8334 8338 8339 8335
f 8339 8340 8341 8335
f 8339 8338 8342 8343
f 8339 8343 8344 8340
f 8344 8345 8346 8340
f 8344 8343 8347 8348
f 8344 8348 8349 8345
f 8349 8350 8351 8345
f 8349 8348 8352 8353
f 8349 8353 8354 8350
f 8354 8355 8356 8350
f 8354 8353 8357 8358
f 8354 8358 8359 8355
f 8359 8360 8361 8355
f 8359 8358 8362 8363
f 8359 8363 8364 8360
f 8364 8365 8366 8360
f 8364 8363 8367 8368
f 8364 8368 8369 8365
f 8369 8370 8371 8365
f 8369 8368 8372 8373
f 8369 8373 8374 8370
f 8374 8375 8376 8370
f 8374 8373 8377 8378
f 8374 8378 8379 8375
f 8379 8380 8381 8375
f 8379 8378 8382 8383
f 8379 8383 8384 8380
f 8384 8385 8386 8380
f 8384 8383 8387 8388
f 8384 8388 8389 8385
f 8389 8390 8391 8385
f 8389 8388 8392 8393
f 8389 8393 8394 8390
f 8394 8395 8396 8390
f 8394 8393 8397 8398
f 8394 8398 8399 8395
f 8399 8400 8401 8395
f 8399 8398 8402 8403
f 8399 8403 8404 8400
f 8404 8405 8406 8400
f 8404 8403 8407 8408
f 8404 8408 8409 8405
f 8409 8410 8411 8405
f 8409 8408 8412 8413
f 8409 8413 8414 8410
f 8414 8415 8416 8410
f 8414 8413 7865 7863
f 8414 7863 7862 8415
f 8416 7846 7844 7843
f 8416 7843 8411 8410
f 8416 8415 8417 7846
f 8417 7849 7847 7846
f 8417 8415 7862 7856
f 8417 7856 7854 7849
f 8413 8412 7867 7865
f 8412 8408 8407 8418
f 8412 8418 8419 7867
f 8419 8418 2393 2392
f 8419 2392 2394 7870
f 8419 7870 7868 7867
f 8418 8407 8420 2393
f 8420 8407 8403 8402
f 8420 8402 8421 8422
f 8420 8422 2389 2393
f 8422 8421 8423 8424
f 8422 8424 2390 2389
f 8424 8423 8425 8426
f 8424 8426 8427 2390
f 8427 8426 8428 8429
f 8427 8429 8430 8431
f 8427 8431 2391 2390
f 8431 8430 8432 8433
f 8431 8433 2394 2391
f 8433 8432 7872 7871
f 8433 7871 7870 2394
f 8432 8430 8434 8435
f 8432 8435 7874 7872
f 8435 8434 8436 8437
f 8435 8437 7876 7874
f 8437 8436 8438 8439
f 8437 8439 8440 7876
f 8440 8439 8441 8442
f 8440 8442 8443 7879
f 8440 7879 7877 7876
f 8443 8442 8444 8445
f 8443 8445 8446 8447
f 8443 8447 7880 7879
f 8447 8446 8448 8449
f 8447 8449 7881 7880
f 8449 8448 8450 8451
f 8449 8451 7883 7881
f 8451 8450 8452 8453
f 8451 8453 7885 7883
f 8453 8452 8454 8455
f 8453 8455 8456 7885
f 8456 7889 7886 7885
f 8456 8455 8457 8458
f 8456 8458 8459 7889
f 8459 7894 7890 7889
f 8459 8458 8460 1695
f 8459 1695 1694 7894
f 8460 8458 8457 2200
f 8460 2200 2199 8461
f 8460 8461 1696 1695
f 8461 8462 1697 1696
f 8461 2199 2201 8462
f 8462 8463 7900 1697
f 8462 2201 8464 8463
f 8464 8465 7903 8463
f 8464 2201 2198 8466
f 8464 8466 8467 8465
f 8467 8468 7906 8465
f 8467 8466 8469 8470
f 8467 8470 1737 8468
f 8470 8469 8471 8472
f 8470 8472 1733 1737
f 8472 8471 8473 8474
f 8472 8474 1734 1733
f 8474 8473 8475 8476
f 8474 8476 8477 1734
f 8477 8476 8478 8479
f 8477 8479 8480 8481
f 8477 8481 1735 1734
f 8481 8482 1742 1735
f 8481 8480 8483 8482
f 8483 8484 8485 8482
f 8483 8480 8486 8487
f 8483 8487 8488 8484
f 8488 8489 8490 8484
f 8488 8487 8491 8492
f 8488 8492 8493 8489
f 8493 8494 1871 8489
f 8493 8492 8495 8496
f 8493 8496 8497 8494
f 8497 8498 8499 8494
f 8497 8496 8500 8501
f 8497 8501 8502 8498
f 8502 8503 8504 8498
f 8502 8501 8505 8506
f 8502 8506 8507 8503
f 8507 8508 8509 8503
f 8507 8506 8510 8511
f 8507 8511 8512 8508
f 8512 8513 8514 8508
f 8512 8511 8515 8516
f 8512 8516 8517 8513
f 8517 8518 8519 8513
f 8517 8516 8520 8521
f 8517 8521 8522 8518
f 8522 8523 8524 8518
f 8522 8521 8525 8526
f 8522 8526 8527 8523
f 8527 8528 8529 8523
f 8527 8526 8530 8531
f 8527 8531 8532 8528
f 8532 8533 8534 8528
f 8532 8531 8535 8536
f 8532 8536 8537 8533
f 8537 8538 8539 8533
f 8537 8536 8540 8541
f 8537 8541 8542 8538
f 8542 8543 8544 8538
f 8542 8541 8545 8546
f 8542 8546 8547 8543
f 8547 8548 8549 8543
f 8547 8546 8550 8551
f 8547 8551 8552 8548
f 8552 8553 8554 8548
f 8552 8551 8555 8556
f 8552 8556 8557 8553
f 8557 8558 8559 8553
f 8557 8556 8560 8561
f 8557 8561 8562 8558
f 8562 8563 8564 8558
f 8562 8561 8565 8566
f 8562 8566 8567 8563
f 8567 8568 8569 8563
f 8567 8566 8570 8571
f 8567 8571 8572 8568
f 8572 8573 8574 8568
f 8572 8571 8575 8576
f 8572 8576 8577 8573
f 8577 8578 8579 8573
f 8577 8576 8580 8581
f 8577 8581 8582 8578
f 8582 8583 8584 8578
f 8582 8581 8585 8586
f 8582 8586 8587 8583
f 8587 8588 8589 8583
f 8587 8586 8590 8591
f 8587 8591 8592 8588
f 8592 8593 8594 8588
f 8592 8591 8595 8596
f 8592 8596 8597 8593
f 8597 8598 8599 8593
f 8597 8596 8600 8601
f 8597 8601 8602 8598
f 8602 8603 8604 8598
f 8602 8601 8605 8606
f 8602 8606 8607 8603
f 8607 8608 8609 8603
f 8607 8606 8610 8611
f 8607 8611 8612 8608
f 8612 8613 8614 8608
f 8612 8611 8615 8616
f 8612 8616 8617 8613
f 8617 8618 8619 8613
f 8617 8616 8620 8621
f 8617 8621 8622 8618
f 8622 8623 8624 8618
f 8622 8621 8625 8626
f 8622 8626 8627 8623
f 8627 8628 8629 8623
f 8627 8626 8630 8631
f 8627 8631 8632 8628
f 8632 8108 8106 8628
f 8632 8631 8633 8634
f 8632 8634 8635 8108
f 8635 8111 8109 8108
f 8635 8634 8636 8637
f 8635 8637 8638 8111
f 8638 8114 8112 8111
f 8638 8637 8639 8640
f 8638 8640 8116 8114
f 8640 8639 8641 8642
f 8640 8642 8118 8116
f 8642 8641 8643 8644
f 8642 8644 8645 8118
f 8645 8121 8119 8118
f 8645 8644 8646 8647
f 8645 8647 8648 8121
f 8648 8124 8122 8121
f 8648 8647 8649 8650
f 8648 8650 8651 8124
f 8651 8127 8125 8124
f 8651 8650 8652 8653
f 8651 8653 8129 8127
f 8653 8652 8654 8655
f 8653 8655 8131 8129
f 8655 8654 8656 8657
f 8655 8657 8133 8131
f 8657 8656 8658 8659
f 8657 8659 8660 8133
f 8660 8136 8134 8133
f 8660 8659 8661 8662
f 8660 8662 8663 8136
f 8663 8139 8137 8136
f 8663 8662 8664 8665
f 8663 8665 8666 8139
f 8666 8142 8140 8139
f 8666 8665 8667 8668
f 8666 8668 8669 8142
f 8669 8145 8143 8142
f 8669 8668 8670 8671
f 8669 8671 8672 8145
f 8672 8148 8146 8145
f 8672 8671 8673 8674
f 8672 8674 8675 8148
f 8675 8151 8149 8148
f 8675 8674 8178 8177
f 8675 8177 8153 8151
f 8674 8673 8179 8178
f 8673 8671 8670 8676
f 8673 8676 8181 8179
f 8676 8670 8677 8678
f 8676 8678 8183 8181
f 8678 8677 2070 2069
f 8678 2069 2068 8183
f 8677 8670 8668 8667
f 8677 8667 8679 2070
f 8679 8667 8665 8664
f 8679 8664 8680 8681
f 8679 8681 2071 2070
f 8681 8680 8682 8683
f 8681 8683 2075 2071
f 8683 8682 8684 8685
f 8683 8685 8686 2075
f 8686 8685 8687 8688
f 8686 8688 8689 8690
f 8686 8690 2072 2075
f 8690 8689 8691 8692
f 8690 8692 2073 2072
f 8692 8691 8693 8694
f 8692 8694 8695 2073
f 8695 8696 2074 2073
f 8695 8694 8697 8698
f 8695 8698 8699 8696
f 8699 8195 8188 8696
f 8699 8698 8200 8198
f 8699 8198 8196 8195
f 8698 8697 8700 8200
f 8700 8697 8701 8702
f 8700 8702 8703 8203
f 8700 8203 8201 8200
f 8703 8702 8704 8705
f 8703 8705 8706 8206
f 8703 8206 8204 8203
f 8706 8705 8707 8708
f 8706 8708 8709 8710
f 8706 8710 8207 8206
f 8710 8709 8711 8712
f 8710 8712 8208 8207
f 8712 8711 8713 8714
f 8712 8714 8210 8208
f 8714 8713 8715 8716
f 8714 8716 8212 8210
f 8716 8715 8717 8217
f 8716 8217 8214 8212
f 8717 8715 8718 8719
f 8717 8719 8720 8220
f 8717 8220 8218 8217
f 8720 8719 8721 8722
f 8720 8722 8723 8724
f 8720 8724 8221 8220
f 8724 8723 8725 8726
f 8724 8726 8222 8221
f 8726 8725 8727 8728
f 8726 8728 8224 8222
f 8728 8727 8729 8730
f 8728 8730 8226 8224
f 8730 8729 8731 8732
f 8730 8732 8228 8226
f 8732 8731 8733 8734
f 8732 8734 8230 8228
f 8734 8733 8735 8736
f 8734 8736 8232 8230
f 8736 8735 8243 8241
f 8736 8241 8234 8232
f 8735 8733 8737 8738
f 8735 8738 8245 8243
f 8738 8737 8739 8740
f 8738 8740 8741 8245
f 8741 8740 8742 8743
f 8741 8743 8744 8248
f 8741 8248 8246 8245
f 8744 8743 8745 8746
f 8744 8746 8747 8251
f 8744 8251 8249 8248
f 8747 8746 8748 8749
f 8747 8749 8750 8254
f 8747 8254 8252 8251
f 8750 8749 8751 8752
f 8750 8752 8753 8754
f 8750 8754 8255 8254
f 8754 8753 8263 8261
f 8754 8261 8256 8255
f 8753 8752 8755 8756
f 8753 8756 8265 8263
f 8756 8755 8757 8758
f 8756 8758 8267 8265
f 8758 8757 8759 8760
f 8758 8760 8269 8267
f 8760 8759 8761 8762
f 8760 8762 8271 8269
f 8762 8761 8763 8764
f 8762 8764 8273 8271
f 8764 8763 8765 8766
f 8764 8766 8767 8273
f 8767 8766 8768 8769
f 8767 8769 8770 8276
f 8767 8276 8274 8273
f 8770 8769 8771 8772
f 8770 8772 8773 8279
f 8770 8279 8277 8276
f 8773 8772 8774 8775
f 8773 8775 8776 8282
f 8773 8282 8280 8279
f 8776 8775 8777 8778
f 8776 8778 8779 8780
f 8776 8780 8283 8282
f 8780 8779 8291 8287
f 8780 8287 8284 8283
f 8779 8778 8298 8296
f 8779 8296 8292 8291
f 8778 8777 8300 8298
f 8777 8775 8774 8781
f 8777 8781 8302 8300
f 8781 8774 8782 8783
f 8781 8783 8784 8302
f 8784 8783 8785 8786
f 8784 8786 8787 8305
f 8784 8305 8303 8302
f 8787 8786 8788 8789
f 8787 8789 8790 8791
f 8787 8791 8306 8305
f 8791 8790 8792 8793
f 8791 8793 8307 8306
f 8793 8792 8794 8795
f 8793 8795 8309 8307
f 8795 8794 8796 8797
f 8795 8797 8311 8309
f 8797 8796 8798 8799
f 8797 8799 8800 8311
f 8800 8799 8801 8802
f 8800 8802 8803 8314
f 8800 8314 8312 8311
f 8803 8804 8315 8314
f 8803 8802 8805 8806
f 8803 8806 8807 8804
f 8807 8808 8322 8804
f 8807 8806 8809 8810
f 8807 8810 8811 8808
f 8811 8812 8327 8808
f 8811 8810 8813 8814
f 8811 8814 8815 8812
f 8815 8816 8332 8812
f 8815 8814 8817 8818
f 8815 8818 8819 8816
f 8819 8820 8337 8816
f 8819 8818 8821 8822
f 8819 8822 8823 8820
f 8823 8824 8342 8820
f 8823 8822 8825 8826
f 8823 8826 8827 8824
f 8827 8828 8347 8824
f 8827 8826 8829 8830
f 8827 8830 8831 8828
f 8831 8832 8352 8828
f 8831 8830 8833 8834
f 8831 8834 8835 8832
f 8835 8836 8357 8832
f 8835 8834 8837 8838
f 8835 8838 8839 8836
f 8839 8840 8362 8836
f 8839 8838 8841 8842
f 8839 8842 8843 8840
f 8843 8844 8367 8840
f 8843 8842 1688 8845
f 8843 8845 8846 8844
f 8846 8847 8372 8844
f 8846 8845 8848 8849
f 8846 8849 8850 8847
f 8850 8851 8377 8847
f 8850 8849 8852 8853
f 8850 8853 8854 8851
f 8854 8855 8382 8851
f 8854 8853 8856 8857
f 8854 8857 8858 8855
f 8858 8859 8387 8855
f 8858 8857 8860 8861
f 8858 8861 8862 8859
f 8862 8863 8392 8859
f 8862 8861 8864 8425
f 8862 8425 8423 8863
f 8864 8861 8860 8865
f 8864 8865 8866 8428
f 8864 8428 8426 8425
f 8866 8865 8867 8868
f 8866 8868 8869 8870
f 8866 8870 8429 8428
f 8870 8869 8436 8434
f 8870 8434 8430 8429
f 8869 8868 8871 8872
f 8869 8872 8438 8436
f 8872 8871 8873 8874
f 8872 8874 8875 8438
f 8875 8874 8876 8877
f 8875 8877 8878 8441
f 8875 8441 8439 8438
f 8878 8877 8879 8880
f 8878 8880 8881 8444
f 8878 8444 8442 8441
f 8881 8880 8882 1704
f 8881 1704 1703 8883
f 8881 8883 8445 8444
f 8883 1703 1702 8884
f 8883 8884 8446 8445
f 8884 1702 8885 8886
f 8884 8886 8448 8446
f 8886 8885 8887 8888
f 8886 8888 8450 8448
f 8888 8887 8475 8889
f 8888 8889 8452 8450
f 8889 8475 8473 8890
f 8889 8890 8454 8452
f 8890 8473 8471 8891
f 8890 8891 8892 8454
f 8892 8457 8455 8454
f 8892 8891 2197 2196
f 8892 2196 2200 8457
f 8891 8471 8469 2197
f 8887 8885 8893 8478
f 8887 8478 8476 8475
f 8893 8885 1702 1701
f 8893 1701 1707 8894
f 8893 8894 8479 8478
f 8894 8486 8480 8479
f 8894 1707 8895 8486
f 8895 8491 8487 8486
f 8895 1707 1706 8896
f 8895 8896 8897 8491
f 8897 8495 8492 8491
f 8897 8896 8898 8899
f 8897 8899 8900 8495
f 8900 8500 8496 8495
f 8900 8899 8901 8902
f 8900 8902 8903 8500
f 8903 8505 8501 8500
f 8903 8902 8904 8905
f 8903 8905 8906 8505
f 8906 8510 8506 8505
f 8906 8905 8907 8908
f 8906 8908 8909 8510
f 8909 8515 8511 8510
f 8909 8908 8910 8911
f 8909 8911 8912 8515
f 8912 8520 8516 8515
f 8912 8911 1342 1341
f 8912 1341 1347 8520
f 8911 8910 8913 1342
f 8913 8910 8914 8915
f 8913 8915 8916 8917
f 8913 8917 1343 1342
f 8917 8916 8918 8919
f 8917 8919 1348 1343
f 8919 8920 8921 1348
f 8919 8918 1435 8920
f 8921 8922 8923 8924
f 8921 8924 1349 1348
f 8921 8920 8925 8922
f 8925 8926 8927 8922
f 8925 8920 1435 1434
f 8925 1434 1438 8926
f 8927 8928 8929 8930
f 8927 8930 8923 8922
f 8927 8926 8931 8928
f 8931 8932 8933 8928
f 8931 8926 1438 8934
f 8931 8934 8935 8932
f 8935 8936 8937 8932
f 8935 8934 8938 8939
f 8935 8939 8940 8936
f 8940 8941 8942 8936
f 8940 8939 8943 8944
f 8940 8944 8945 8941
f 8945 8876 8946 8941
f 8945 8944 8947 8879
f 8945 8879 8877 8876
f 8947 8944 8943 8948
f 8947 8948 8949 8882
f 8947 8882 8880 8879
f 8949 8948 8950 8951
f 8949 8951 1699 1698
f 8949 1698 1704 8882
f 8951 8950 1526 1525
f 8951 1525 1524 1699
f 8950 8948 8943 8952
f 8950 8952 8953 1526
f 8953 8952 8938 1437
f 8953 1437 1001 8954
f 8953 8954 1527 1526
f 8954 1001 1439 8955
f 8954 8955 1528 1527
f 8955 8956 8957 1528
f 8955 1439 1863 8956
f 8957 8958 8959 8960
f 8957 8960 1523 1528
f 8957 8956 1394 8958
f 8960 8959 8961 8962
f 8960 8962 1524 1523
f 8962 8961 1705 1700
f 8962 1700 1699 1524
f 8961 8963 8898 1705
f 8961 8959 8964 8963
f 8964 8965 8901 8963
f 8964 8959 8958 8966
f 8964 8966 8967 8965
f 8967 8968 8904 8965
f 8967 8966 1393 1392
f 8967 1392 8969 8968
f 8969 8914 8907 8968
f 8969 1392 1391 8970
f 8969 8970 8915 8914
f 8970 1391 1396 8971
f 8970 8971 8916 8915
f 8971 1396 1862 1864
f 8971 1864 8918 8916
f 8968 8907 8905 8904
f 8966 8958 1394 1393
f 8965 8904 8902 8901
f 8963 8901 8899 8898
f 8956 1863 1395 1394
f 8952 8943 8939 8938
f 8946 8873 8972 8973
f 8946 8973 8942 8941
f 8946 8876 8874 8873
f 8973 8972 8974 8975
f 8973 8975 8976 8942
f 8976 8975 8977 8978
f 8976 8978 8979 8937
f 8976 8937 8936 8942
f 8979 8978 1689 1691
f 8979 1691 8980 8933
f 8979 8933 8932 8937
f 8980 1691 1684 8981
f 8980 8981 8982 8929
f 8980 8929 8928 8933
f 8982 8981 8983 8984
f 8982 8984 8985 8986
f 8982 8986 8930 8929
f 8986 8985 8987 8988
f 8986 8988 8923 8930
f 8988 8987 8989 8990
f 8988 8990 8924 8923
f 8990 8989 8991 1350
f 8990 1350 1349 8924
f 8991 8992 1344 1350
f 8991 8989 8993 8994
f 8991 8994 8995 8992
f 8995 8996 8997 8992
f 8995 8994 8998 8999
f 8995 8999 9000 8996
f 9000 9001 9002 8996
f 9000 8999 9003 9004
f 9000 9004 9005 9001
f 9005 9006 9007 9001
f 9005 9004 9008 9009
f 9005 9009 9010 9006
f 9010 9011 9012 9006
f 9010 9009 9013 9014
f 9010 9014 9015 9011
f 9015 9016 9017 9011
f 9015 9014 9018 9019
f 9015 9019 9020 9016
f 9020 9021 9022 9016
f 9020 9019 9023 9024
f 9020 9024 9025 9021
f 9025 9026 9027 9021
f 9025 9024 9028 9029
f 9025 9029 9030 9026
f 9030 9031 9032 9026
f 9030 9029 9033 9034
f 9030 9034 9035 9031
f 9035 9036 9037 9031
f 9035 9034 9038 9039
f 9035 9039 9040 9036
f 9040 9041 9042 9036
f 9040 9039 9043 9044
f 9040 9044 9045 9041
f 9045 9046 9047 9041
f 9045 9044 9048 9049
f 9045 9049 9050 9046
f 9050 9051 9052 9046
f 9050 9049 9053 9054
f 9050 9054 9055 9051
f 9055 9056 9057 9051
f 9055 9054 9058 9059
f 9055 9059 9060 9056
f 9060 9061 9062 9056
f 9060 9059 9063 9064
f 9060 9064 9065 9061
f 9065 9066 9067 9061
f 9065 9064 9068 9069
f 9065 9069 9070 9066
f 9070 9071 9072 9066
f 9070 9069 9073 9074
f 9070 9074 9075 9071
f 9075 9076 9077 9071
f 9075 9074 9078 9079
f 9075 9079 9080 9076
f 9080 9081 9082 9076
f 9080 9079 9083 9084
f 9080 9084 9085 9081
f 9085 9086 9087 9081
f 9085 9084 9088 9089
f 9085 9089 9090 9086
f 9090 9091 9092 9086
f 9090 9089 9093 9094
f 9090 9094 9095 9091
f 9095 9096 9097 9091
f 9095 9094 9098 9099
f 9095 9099 9100 9096
f 9100 9101 9102 9096
f 9100 9099 9103 9104
f 9100 9104 9105 9101
f 9105 9106 9107 9101
f 9105 9104 9108 9109
f 9105 9109 9110 9106
f 9110 9111 9112 9106
f 9110 9109 9113 9114
f 9110 9114 9115 9111
f 9115 9116 9117 9111
f 9115 9114 9118 9119
f 9115 9119 9120 9116
f 9120 9121 9122 9116
f 9120 9119 9123 9124
f 9120 9124 9125 9121
f 9125 9126 9127 9121
f 9125 9124 9128 9129
f 9125 9129 9130 9126
f 9130 9131 9132 9126
f 9130 9129 9133 9134
f 9130 9134 9135 9131
f 9135 8658 8656 9131
f 9135 9134 9136 9137
f 9135 9137 9138 8658
f 9138 8661 8659 8658
f 9138 9137 8684 8682
f 9138 8682 8680 8661
f 9137 9136 9139 8684
f 9139 9136 9140 9141
f 9139 9141 9142 8687
f 9139 8687 8685 8684
f 9142 9141 9143 9144
f 9142 9144 9145 9146
f 9142 9146 8688 8687
f 9146 9145 9147 9148
f 9146 9148 8689 8688
f 9148 9147 9149 9150
f 9148 9150 8691 8689
f 9150 9149 9151 9152
f 9150 9152 8693 8691
f 9152 9151 9153 9154
f 9152 9154 8701 8693
f 9154 9153 9155 8704
f 9154 8704 8702 8701
f 9155 9153 9156 9157
f 9155 9157 9158 8707
f 9155 8707 8705 8704
f 9158 9157 9159 9160
f 9158 9160 9161 9162
f 9158 9162 8708 8707
f 9162 9161 9163 9164
f 9162 9164 8709 8708
f 9164 9163 9165 9166
f 9164 9166 8711 8709
f 9166 9165 9167 9168
f 9166 9168 8713 8711
f 9168 9167 9169 8718
f 9168 8718 8715 8713
f 9169 9167 9170 9171
f 9169 9171 9172 8721
f 9169 8721 8719 8718
f 9172 9171 9173 9174
f 9172 9174 9175 9176
f 9172 9176 8722 8721
f 9176 9175 9177 9178
f 9176 9178 8723 8722
f 9178 9177 9179 9180
f 9178 9180 8725 8723
f 9180 9179 9181 9182
f 9180 9182 8727 8725
f 9182 9181 9183 9184
f 9182 9184 8729 8727
f 9184 9183 9185 9186
f 9184 9186 8731 8729
f 9186 9185 8739 8737
f 9186 8737 8733 8731
f 9185 9183 9187 9188
f 9185 9188 9189 8739
f 9189 9188 9190 9191
f 9189 9191 9192 8742
f 9189 8742 8740 8739
f 9192 9191 9193 9194
f 9192 9194 9195 8745
f 9192 8745 8743 8742
f 9195 9194 9196 9197
f 9195 9197 9198 8748
f 9195 8748 8746 8745
f 9198 9197 9199 9200
f 9198 9200 9201 8751
f 9198 8751 8749 8748
f 9201 9200 9202 9203
f 9201 9203 8757 8755
f 9201 8755 8752 8751
f 9203 9202 9204 9205
f 9203 9205 8759 8757
f 9205 9204 9206 9207
f 9205 9207 8761 8759
f 9207 9206 9208 9209
f 9207 9209 8763 8761
f 9209 9208 9210 9211
f 9209 9211 8765 8763
f 9211 9210 9212 9213
f 9211 9213 9214 8765
f 9214 9213 9215 9216
f 9214 9216 9217 8768
f 9214 8768 8766 8765
f 9217 9216 9218 9219
f 9217 9219 8782 8771
f 9217 8771 8769 8768
f 9219 9218 9220 8785
f 9219 8785 8783 8782
f 9220 9218 9221 9222
f 9220 9222 9223 8788
f 9220 8788 8786 8785
f 9223 9222 9224 9225
f 9223 9225 9226 9227
f 9223 9227 8789 8788
f 9227 9226 9228 9229
f 9227 9229 8790 8789
f 9229 9228 9230 9231
f 9229 9231 8792 8790
f 9231 9230 9232 9233
f 9231 9233 8794 8792
f 9233 9232 9234 9235
f 9233 9235 8796 8794
f 9235 9234 9236 9237
f 9235 9237 8798 8796
f 9237 9236 9238 9239
f 9237 9239 9240 8798
f 9240 9239 9241 9242
f 9240 9242 9243 8801
f 9240 8801 8799 8798
f 9243 9242 9244 9245
f 9243 9245 9246 8805
f 9243 8805 8802 8801
f 9246 8809 8806 8805
f 9246 9245 1330 9247
f 9246 9247 9248 8809
f 9248 8813 8810 8809
f 9248 9247 9249 9250
f 9248 9250 9251 8813
f 9251 8817 8814 8813
f 9251 9250 9252 9253
f 9251 9253 9254 8817
f 9254 8821 8818 8817
f 9254 9253 9255 9256
f 9254 9256 9257 8821
f 9257 8825 8822 8821
f 9257 9256 9258 9259
f 9257 9259 9260 8825
f 9260 8829 8826 8825
f 9260 9259 9261 9262
f 9260 9262 9263 8829
f 9263 8833 8830 8829
f 9263 9262 9264 9265
f 9263 9265 9266 8833
f 9266 8837 8834 8833
f 9266 9265 9267 9268
f 9266 9268 9269 8837
f 9269 8841 8838 8837
f 9269 9268 9270 1686
f 9269 1686 1685 8841
f 9270 9268 9267 9271
f 9270 9271 9272 9273
f 9270 9273 1682 1686
f 9273 9272 9274 9275
f 9273 9275 1683 1682
f 9275 9276 8983 1683
f 9275 9274 9277 9276
f 9277 9278 9279 9276
f 9277 9274 9280 9281
f 9277 9281 9282 9278
f 9282 9283 9284 9278
f 9282 9281 9285 9286
f 9282 9286 9287 9283
f 9287 9288 9289 9283
f 9287 9286 9290 9291
f 9287 9291 9292 9288
f 9292 9293 9294 9288
f 9292 9291 9295 9296
f 9292 9296 9297 9293
f 9297 9298 9299 9293
f 9297 9296 9300 9301
f 9297 9301 9302 9298
f 9302 9303 9304 9298
f 9302 9301 9305 9306
f 9302 9306 9307 9303
f 9307 1302 9308 9303
f 9307 9306 9309 9310
f 9307 9310 1303 1302
f 9310 9309 9311 9312
f 9310 9312 1304 1303
f 9312 9311 9313 9314
f 9312 9314 1328 1304
f 9314 9313 9315 9316
f 9314 9316 1329 1328
f 9316 9317 9249 1329
f 9316 9315 9318 9317
f 9318 9319 9252 9317
f 9318 9315 9320 9321
f 9318 9321 9322 9319
f 9322 9323 9255 9319
f 9322 9321 9324 9325
f 9322 9325 9326 9323
f 9326 9327 9258 9323
f 9326 9325 9328 9329
f 9326 9329 9330 9327
f 9330 9331 9261 9327
f 9330 9329 9332 9333
f 9330 9333 9334 9331
f 9334 9335 9264 9331
f 9334 9333 9336 9337
f 9334 9337 9338 9335
f 9338 9271 9267 9335
f 9338 9337 9339 9340
f 9338 9340 9272 9271
f 9340 9280 9274 9272
f 9340 9339 9341 9280
f 9341 9285 9281 9280
f 9341 9339 9342 9343
f 9341 9343 9344 9285
f 9344 9290 9286 9285
f 9344 9343 9345 9346
f 9344 9346 9347 9290
f 9347 9295 9291 9290
f 9347 9346 9348 9349
f 9347 9349 9350 9295
f 9350 9300 9296 9295
f 9350 9349 2457 2456
f 9350 2456 9351 9300
f 9351 9305 9301 9300
f 9351 2456 2455 9352
f 9351 9352 9353 9305
f 9353 9309 9306 9305
f 9353 9352 9354 9355
f 9353 9355 9311 9309
f 9355 9354 9356 9357
f 9355 9357 9313 9311
f 9357 9320 9315 9313
f 9357 9356 9358 9320
f 9358 9324 9321 9320
f 9358 9356 9359 9360
f 9358 9360 9361 9324
f 9361 9328 9325 9324
f 9361 9360 2041 2040
f 9361 2040 2045 9328
f 9360 9359 9362 2041
f 9362 9359 2460 2459
f 9362 2459 2458 9363
f 9362 9363 2042 2041
f 9363 2458 9348 9364
f 9363 9364 2043 2042
f 9364 9348 9346 9345
f 9364 9345 9365 2043
f 9365 9345 9343 9342
f 9365 9342 9336 9366
f 9365 9366 2044 2043
f 9366 9336 9333 9332
f 9366 9332 2045 2044
f 9359 9356 9354 2460
f 9354 9352 2455 2460
f 9349 9348 2458 2457
f 9342 9339 9337 9336
f 9335 9267 9265 9264
f 9332 9329 9328 2045
f 9331 9264 9262 9261
f 9327 9261 9259 9258
f 9323 9258 9256 9255
f 9319 9255 9253 9252
f 9317 9252 9250 9249
f 9308 9367 9368 9369
f 9308 9369 9304 9303
f 9308 1302 1301 9367
f 9369 9368 9013 9370
f 9369 9370 9371 9304
f 9371 9370 9008 9372
f 9371 9372 9373 9299
f 9371 9299 9298 9304
f 9373 9372 9003 9374
f 9373 9374 9375 9294
f 9373 9294 9293 9299
f 9375 9374 8998 9376
f 9375 9376 9377 9289
f 9375 9289 9288 9294
f 9377 9376 8993 9378
f 9377 9378 9379 9284
f 9377 9284 9283 9289
f 9379 9378 8987 8985
f 9379 8985 8984 9279
f 9379 9279 9278 9284
f 9378 8993 8989 8987
f 9376 8998 8994 8993
f 9374 9003 8999 8998
f 9372 9008 9004 9003
f 9370 9013 9009 9008
f 9368 9018 9014 9013
f 9368 9367 9380 9018
f 9380 9023 9019 9018
f 9380 9367 1301 1307
f 9380 1307 9381 9023
f 9381 9028 9024 9023
f 9381 1307 1306 9382
f 9381 9382 9383 9028
f 9383 9033 9029 9028
f 9383 9382 9384 9385
f 9383 9385 9386 9033
f 9386 9038 9034 9033
f 9386 9385 9387 9388
f 9386 9388 9389 9038
f 9389 9043 9039 9038
f 9389 9388 9390 9391
f 9389 9391 9392 9043
f 9392 9048 9044 9043
f 9392 9391 9393 9394
f 9392 9394 9395 9048
f 9395 9053 9049 9048
f 9395 9394 9396 9397
f 9395 9397 9398 9053
f 9398 9058 9054 9053
f 9398 9397 9399 9400
f 9398 9400 9401 9058
f 9401 9063 9059 9058
f 9401 9400 9402 9403
f 9401 9403 9404 9063
f 9404 9068 9064 9063
f 9404 9403 9405 9406
f 9404 9406 9407 9068
f 9407 9073 9069 9068
f 9407 9406 9408 9409
f 9407 9409 9410 9073
f 9410 9078 9074 9073
f 9410 9409 9411 9412
f 9410 9412 9413 9078
f 9413 9083 9079 9078
f 9413 9412 9414 9415
f 9413 9415 9416 9083
f 9416 9088 9084 9083
f 9416 9415 9417 9418
f 9416 9418 9419 9088
f 9419 9093 9089 9088
f 9419 9418 9420 9421
f 9419 9421 9422 9093
f 9422 9098 9094 9093
f 9422 9421 9423 9424
f 9422 9424 9425 9098
f 9425 9103 9099 9098
f 9425 9424 9426 9427
f 9425 9427 9428 9103
f 9428 9108 9104 9103
f 9428 9427 9429 9430
f 9428 9430 9431 9108
f 9431 9113 9109 9108
f 9431 9430 9432 9433
f 9431 9433 9434 9113
f 9434 9118 9114 9113
f 9434 9433 9435 9436
f 9434 9436 9437 9118
f 9437 9123 9119 9118
f 9437 9436 9438 9439
f 9437 9439 9440 9123
f 9440 9128 9124 9123
f 9440 9439 9441 9442
f 9440 9442 9443 9128
f 9443 9133 9129 9128
f 9443 9442 9444 9445
f 9443 9445 9140 9133
f 9445 9444 9446 9143
f 9445 9143 9141 9140
f 9446 9444 9447 9448
f 9446 9448 9449 9450
f 9446 9450 9144 9143
f 9450 9449 9451 9452
f 9450 9452 9145 9144
f 9452 9451 9453 9454
f 9452 9454 9147 9145
f 9454 9453 9455 9456
f 9454 9456 9149 9147
f 9456 9455 9457 9458
f 9456 9458 9151 9149
f 9458 9457 9459 9156
f 9458 9156 9153 9151
f 9459 9457 9460 9461
f 9459 9461 9462 9159
f 9459 9159 9157 9156
f 9462 9461 9463 9464
f 9462 9464 9465 9466
f 9462 9466 9160 9159
f 9466 9465 9467 9468
f 9466 9468 9161 9160
f 9468 9467 9469 9470
f 9468 9470 9163 9161
f 9470 9469 9471 9472
f 9470 9472 9165 9163
f 9472 9471 9473 9170
f 9472 9170 9167 9165
f 9473 9471 9474 9475
f 9473 9475 9476 9173
f 9473 9173 9171 9170
f 9476 9475 9477 9478
f 9476 9478 9479 9480
f 9476 9480 9174 9173
f 9480 9479 9481 9482
f 9480 9482 9175 9174
f 9482 9481 1593 2018
f 9482 2018 9177 9175
f 9481 9479 9483 9484
f 9481 9484 1594 1593
f 9484 9483 9485 9486
f 9484 9486 9487 1594
f 9487 9486 9488 9489
f 9487 9489 9490 9491
f 9487 9491 1595 1594
f 9491 9492 1596 1595
f 9491 9490 9493 9492
f 9493 1724 1723 9492
f 9493 9490 9494 9495
f 9493 9495 1725 1724
f 9495 9494 9496 9497
f 9495 9497 9498 1725
f 9498 2454 1189 1725
f 9498 9497 9499 1186
f 9498 1186 1185 2454
f 9499 9497 9496 9500
f 9499 9500 9501 9502
f 9499 9502 1187 1186
f 9502 9501 9503 9504
f 9502 9504 1188 1187
f 9504 9503 9505 9506
f 9504 9506 9507 1188
f 9507 9508 1182 1188
f 9507 9506 9509 9510
f 9507 9510 9199 9508
f 9510 9509 9204 9202
f 9510 9202 9200 9199
f 9509 9506 9505 9511
f 9509 9511 9206 9204
f 9511 9505 9512 9513
f 9511 9513 9208 9206
f 9513 9512 9514 9515
f 9513 9515 9210 9208
f 9515 9514 9516 9517
f 9515 9517 9212 9210
f 9517 9516 9518 9519
f 9517 9519 9520 9212
f 9520 9519 9521 9522
f 9520 9522 9221 9215
f 9520 9215 9213 9212
f 9522 9521 9523 9224
f 9522 9224 9222 9221
f 9523 9521 9524 9525
f 9523 9525 9526 9527
f 9523 9527 9225 9224
f 9527 9526 9528 9529
f 9527 9529 9226 9225
f 9529 9528 9530 9531
f 9529 9531 9228 9226
f 9531 9530 9532 9533
f 9531 9533 9230 9228
f 9533 9532 1312 9534
f 9533 9534 9232 9230
f 9534 1312 1311 9535
f 9534 9535 9234 9232
f 9535 1311 1317 9536
f 9535 9536 9236 9234
f 9536 1317 1942 1944
f 9536 1944 9238 9236
f 9532 9530 9537 9538
f 9532 9538 1313 1312
f 9538 9537 9539 9540
f 9538 9540 1314 1313
f 9540 9539 9541 9542
f 9540 9542 9543 1314
f 9543 9542 9544 9545
f 9543 9545 9546 9547
f 9543 9547 1308 1314
f 9547 9546 9548 9549
f 9547 9549 1309 1308
f 9549 9548 9550 9551
f 9549 9551 9552 1309
f 9552 9551 9553 9554
f 9552 9554 9555 9556
f 9552 9556 1310 1309
f 9556 9555 9557 9558
f 9556 9558 1315 1310
f 9558 9557 9559 9560
f 9558 9560 9561 1315
f 9561 9560 9562 9563
f 9561 9563 1939 1943
f 9561 1943 1316 1315
f 9563 9562 9564 9565
f 9563 9565 1940 1939
f 9565 9564 9566 9567
f 9565 9567 9568 1940
f 9568 9569 1941 1940
f 9568 9567 1331 9570
f 9568 9570 9241 9569
f 9570 1331 987 9244
f 9570 9244 9242 9241
f 9569 9238 1944 1941
f 9569 9241 9239 9238
f 9567 9566 1299 1331
f 9566 9571 1300 1299
f 9566 9564 9572 9571
f 9572 9573 9574 9571
f 9572 9564 9562 9575
f 9572 9575 9576 9573
f 9576 9577 9578 9573
f 9576 9575 9559 9579
f 9576 9579 9580 9577
f 9580 9581 9582 9577
f 9580 9579 9583 9584
f 9580 9584 9585 9581
f 9585 9586 9587 9581
f 9585 9584 9588 9589
f 9585 9589 9590 9586
f 9590 9591 9592 9586
f 9590 9589 9593 9594
f 9590 9594 9595 9591
f 9595 9596 9597 9591
f 9595 9594 9598 9599
f 9595 9599 9600 9596
f 9600 9601 9602 9596
f 9600 9599 2442 9603
f 9600 9603 9604 9601
f 9604 9605 9606 9601
f 9604 9603 2447 2446
f 9604 2446 9607 9605
f 9607 9608 9609 9605
f 9607 2446 2445 9610
f 9607 9610 9611 9608
f 9611 9612 9613 9608
f 9611 9610 9614 9615
f 9611 9615 9616 9612
f 9616 9617 9618 9612
f 9616 9615 9619 9620
f 9616 9620 9621 9617
f 9621 9622 9623 9617
f 9621 9620 9624 9625
f 9621 9625 9626 9622
f 9626 9627 9628 9622
f 9626 9625 9629 9630
f 9626 9630 9631 9627
f 9631 9632 9633 9627
f 9631 9630 9634 9635
f 9631 9635 9636 9632
f 9636 9637 9638 9632
f 9636 9635 9639 9640
f 9636 9640 9641 9637
f 9641 9642 9643 9637
f 9641 9640 9644 9645
f 9641 9645 9646 9642
f 9646 9647 9648 9642
f 9646 9645 9649 9650
f 9646 9650 9651 9647
f 9651 9652 9653 9647
f 9651 9650 9654 9655
f 9651 9655 9656 9652
f 9656 9657 9658 9652
f 9656 9655 9659 9660
f 9656 9660 9661 9657
f 9661 9662 9663 9657
f 9661 9660 9664 9665
f 9661 9665 9666 9662
f 9666 9449 9448 9662
f 9666 9665 9667 9668
f 9666 9668 9451 9449
f 9668 9667 9669 9670
f 9668 9670 9453 9451
f 9670 9669 9671 9672
f 9670 9672 9455 9453
f 9672 9671 9673 9460
f 9672 9460 9457 9455
f 9673 9671 9674 9675
f 9673 9675 9676 9463
f 9673 9463 9461 9460
f 9676 9675 9677 9678
f 9676 9678 9679 9680
f 9676 9680 9464 9463
f 9680 9679 9681 9682
f 9680 9682 9465 9464
f 9682 9681 9683 9684
f 9682 9684 9467 9465
f 9684 9683 9685 9686
f 9684 9686 9469 9467
f 9686 9685 9687 9474
f 9686 9474 9471 9469
f 9687 9685 9688 9689
f 9687 9689 9690 9477
f 9687 9477 9475 9474
f 9690 9689 9691 9692
f 9690 9692 9693 9694
f 9690 9694 9478 9477
f 9694 9693 9485 9483
f 9694 9483 9479 9478
f 9693 9692 9695 9696
f 9693 9696 9697 9485
f 9697 9696 9698 9699
f 9697 9699 9700 9488
f 9697 9488 9486 9485
f 9700 9699 2194 2193
f 9700 2193 9701 9702
f 9700 9702 9489 9488
f 9702 9494 9490 9489
f 9702 9701 9496 9494
f 9701 2193 2190 9703
f 9701 9703 9500 9496
f 9703 2190 2189 9704
f 9703 9704 9501 9500
f 9704 2189 9705 9706
f 9704 9706 9503 9501
f 9706 9705 9514 9512
f 9706 9512 9505 9503
f 9705 2189 2188 9707
f 9705 9707 9516 9514
f 9707 2188 2187 9708
f 9707 9708 9518 9516
f 9708 2187 9709 9710
f 9708 9710 9524 9518
f 9710 9709 9711 9712
f 9710 9712 9525 9524
f 9712 9711 9713 9714
f 9712 9714 9526 9525
f 9714 9713 9715 9716
f 9714 9716 9528 9526
f 9716 9715 9539 9537
f 9716 9537 9530 9528
f 9715 9713 9717 9718
f 9715 9718 9541 9539
f 9718 9717 9719 9720
f 9718 9720 9721 9541
f 9721 9720 9722 9723
f 9721 9723 9724 9544
f 9721 9544 9542 9541
f 9724 9723 9725 9726
f 9724 9726 9727 9728
f 9724 9728 9545 9544
f 9728 9727 9729 9730
f 9728 9730 9546 9545
f 9730 9729 9731 9732
f 9730 9732 9548 9546
f 9732 9731 9733 9734
f 9732 9734 9550 9548
f 9734 9733 9735 9736
f 9734 9736 9737 9550
f 9737 9736 9738 9739
f 9737 9739 9740 9553
f 9737 9553 9551 9550
f 9740 9739 9741 9742
f 9740 9742 9743 9744
f 9740 9744 9554 9553
f 9744 9743 9588 9745
f 9744 9745 9555 9554
f 9745 9588 9584 9583
f 9745 9583 9557 9555
f 9743 9593 9589 9588
f 9743 9742 9746 9593
f 9746 9598 9594 9593
f 9746 9742 9741 2440
f 9746 2440 2439 9598
f 9741 9739 9738 9747
f 9741 9747 2437 2440
f 9747 9738 9748 9749
f 9747 9749 2438 2437
f 9749 9748 9750 9751
f 9749 9751 9752 2438
f 9752 9751 9753 9754
f 9752 9754 9755 9756
f 9752 9756 2434 2438
f 9756 9755 9757 9758
f 9756 9758 2435 2434
f 9758 9759 9760 2435
f 9758 9757 9761 9759
f 9761 9762 9763 9759
f 9761 9757 9764 9765
f 9761 9765 9766 9762
f 9766 9767 9768 9762
f 9766 9765 9769 9770
f 9766 9770 9771 9767
f 9771 9772 9773 9767
f 9771 9770 9774 9775
f 9771 9775 9776 9772
f 9776 9777 9778 9772
f 9776 9775 9779 9780
f 9776 9780 9781 9777
f 9781 9782 9783 9777
f 9781 9780 9784 9785
f 9781 9785 9786 9782
f 9786 9787 9788 9782
f 9786 9785 9789 9790
f 9786 9790 9791 9787
f 9791 9792 9793 9787
f 9791 9790 9794 9795
f 9791 9795 9796 9792
f 9796 9797 9798 9792
f 9796 9795 9799 9800
f 9796 9800 9801 9797
f 9801 9802 9803 9797
f 9801 9800 9804 9805
f 9801 9805 9806 9802
f 9806 9807 9808 9802
f 9806 9805 9809 9810
f 9806 9810 9677 9807
f 9810 9809 9811 9812
f 9810 9812 9678 9677
f 9812 9811 9813 9814
f 9812 9814 9679 9678
f 9814 9813 9815 9816
f 9814 9816 9681 9679
f 9816 9815 9817 9818
f 9816 9818 9683 9681
f 9818 9817 9819 9688
f 9818 9688 9685 9683
f 9819 9817 9820 9821
f 9819 9821 9822 9691
f 9819 9691 9689 9688
f 9822 9821 9823 9824
f 9822 9824 9825 9695
f 9822 9695 9692 9691
f 9825 9824 9826 9827
f 9825 9827 2195 9698
f 9825 9698 9696 9695
f 9827 9826 9828 9829
f 9827 9829 2191 2195
f 9829 9828 9830 9831
f 9829 9831 2192 2191
f 9831 9830 9832 9833
f 9831 9833 9834 2192
f 9834 9833 9835 9836
f 9834 9836 9837 9838
f 9834 9838 2186 2192
f 9838 9837 9711 9709
f 9838 9709 2187 2186
f 9837 9836 9719 9717
f 9837 9717 9713 9711
f 9836 9835 9839 9719
f 9839 9835 9840 9841
f 9839 9841 9842 9722
f 9839 9722 9720 9719
f 9842 9841 9843 9844
f 9842 9844 9845 9725
f 9842 9725 9723 9722
f 9845 9844 9846 9847
f 9845 9847 9848 9849
f 9845 9849 9726 9725
f 9849 9848 9850 9851
f 9849 9851 9727 9726
f 9851 9850 9852 9853
f 9851 9853 9729 9727
f 9853 9852 9854 9855
f 9853 9855 9731 9729
f 9855 9854 9856 9857
f 9855 9857 9733 9731
f 9857 9856 9858 9859
f 9857 9859 9735 9733
f 9859 9858 9860 9750
f 9859 9750 9748 9735
f 9860 9858 9861 9862
f 9860 9862 9863 9753
f 9860 9753 9751 9750
f 9863 9862 9864 2451
f 9863 2451 2450 9865
f 9863 9865 9754 9753
f 9865 2450 2449 9866
f 9865 9866 9755 9754
f 9866 9764 9757 9755
f 9866 2449 9867 9764
f 9867 9769 9765 9764
f 9867 2449 2448 9868
f 9867 9868 9869 9769
f 9869 9774 9770 9769
f 9869 9868 9870 9871
f 9869 9871 9872 9774
f 9872 9779 9775 9774
f 9872 9871 9873 9874
f 9872 9874 9875 9779
f 9875 9784 9780 9779
f 9875 9874 9876 9877
f 9875 9877 9878 9784
f 9878 9789 9785 9784
f 9878 9877 9879 9880
f 9878 9880 9881 9789
f 9881 9794 9790 9789
f 9881 9880 9882 9883
f 9881 9883 9884 9794
f 9884 9799 9795 9794
f 9884 9883 9885 9886
f 9884 9886 9887 9799
f 9887 9804 9800 9799
f 9887 9886 9888 9889
f 9887 9889 9890 9804
f 9890 9809 9805 9804
f 9890 9889 9891 9892
f 9890 9892 9811 9809
f 9892 9891 9893 9894
f 9892 9894 9813 9811
f 9894 9893 9895 9896
f 9894 9896 9815 9813
f 9896 9895 9897 9820
f 9896 9820 9817 9815
f 9897 9895 9898 9899
f 9897 9899 9900 9823
f 9897 9823 9821 9820
f 9900 9899 9901 9902
f 9900 9902 9828 9826
f 9900 9826 9824 9823
f 9902 9901 9903 9904
f 9902 9904 9830 9828
f 9904 9903 9905 9906
f 9904 9906 9832 9830
f 9906 9905 9907 9908
f 9906 9908 9840 9832
f 9908 9907 9909 9843
f 9908 9843 9841 9840
f 9909 9907 9910 9911
f 9909 9911 9912 9846
f 9909 9846 9844 9843
f 9912 9911 9913 9914
f 9912 9914 1550 9915
f 9912 9915 9847 9846
f 9915 1550 1549 9916
f 9915 9916 9848 9847
f 9916 1549 1548 9917
f 9916 9917 9850 9848
f 9917 1548 9918 9919
f 9917 9919 9852 9850
f 9919 9918 9920 9921
f 9919 9921 9854 9852
f 9921 9920 9922 9923
f 9921 9923 9856 9854
f 9923 9922 9924 9861
f 9923 9861 9858 9856
f 9924 9922 9925 9926
f 9924 9926 9927 9864
f 9924 9864 9862 9861
f 9927 9926 9928 9929
f 9927 9929 2453 2452
f 9927 2452 2451 9864
f 9929 9930 9870 2453
f 9929 9928 9931 9930
f 9931 9932 9873 9930
f 9931 9928 9933 9934
f 9931 9934 9935 9932
f 9935 9936 9876 9932
f 9935 9934 9937 9938
f 9935 9938 9939 9936
f 9939 9940 9879 9936
f 9939 9938 9941 9942
f 9939 9942 9943 9940
f 9943 9944 9882 9940
f 9943 9942 9945 9946
f 9943 9946 9947 9944
f 9947 9948 9885 9944
f 9947 9946 9949 9950
f 9947 9950 9951 9948
f 9951 9952 9888 9948
f 9951 9950 9953 9954
f 9951 9954 9955 9952
f 9955 9893 9891 9952
f 9955 9954 9956 9898
f 9955 9898 9895 9893
f 9956 9954 9953 9957
f 9956 9957 9903 9901
f 9956 9901 9899 9898
f 9957 9953 9958 9959
f 9957 9959 9905 9903
f 9959 9958 9960 9910
f 9959 9910 9907 9905
f 9960 9958 9949 9961
f 9960 9961 9962 9913
f 9960 9913 9911 9910
f 9962 9961 9945 9963
f 9962 9963 9964 9965
f 9962 9965 9914 9913
f 9965 9964 1552 1551
f 9965 1551 1550 9914
f 9964 9963 9941 9966
f 9964 9966 9967 1552
f 9967 9966 9937 9968
f 9967 9968 9969 9970
f 9967 9970 1547 1552
f 9970 9969 9920 9918
f 9970 9918 1548 1547
f 9969 9968 9933 9925
f 9969 9925 9922 9920
f 9968 9937 9934 9933
f 9966 9941 9938 9937
f 9963 9945 9942 9941
f 9961 9949 9946 9945
f 9958 9953 9950 9949
f 9952 9891 9889 9888
f 9948 9888 9886 9885
f 9944 9885 9883 9882
f 9940 9882 9880 9879
f 9936 9879 9877 9876
f 9933 9928 9926 9925
f 9932 9876 9874 9873
f 9930 9873 9871 9870
f 9870 9868 2448 2453
f 9840 9835 9833 9832
f 9808 9971 9972 9973
f 9808 9973 9803 9802
f 9808 9807 9674 9971
f 9973 9972 9664 9974
f 9973 9974 9975 9803
f 9975 9974 9659 9976
f 9975 9976 9977 9798
f 9975 9798 9797 9803
f 9977 9976 9654 9978
f 9977 9978 9979 9793
f 9977 9793 9792 9798
f 9979 9978 9649 9980
f 9979 9980 9981 9788
f 9979 9788 9787 9793
f 9981 9980 9644 9982
f 9981 9982 9983 9783
f 9981 9783 9782 9788
f 9983 9982 9639 9984
f 9983 9984 9985 9778
f 9983 9778 9777 9783
f 9985 9984 9634 9986
f 9985 9986 9987 9773
f 9985 9773 9772 9778
f 9987 9986 9629 9988
f 9987 9988 9989 9768
f 9987 9768 9767 9773
f 9989 9988 9624 9990
f 9989 9990 9991 9763
f 9989 9763 9762 9768
f 9991 9990 9619 9992
f 9991 9992 9993 9760
f 9991 9760 9759 9763
f 9993 9992 9614 2444
f 9993 2444 2443 2436
f 9993 2436 2435 9760
f 9992 9619 9615 9614
f 9990 9624 9620 9619
f 9988 9629 9625 9624
f 9986 9634 9630 9629
f 9984 9639 9635 9634
f 9982 9644 9640 9639
f 9980 9649 9645 9644
f 9978 9654 9650 9649
f 9976 9659 9655 9654
f 9974 9664 9660 9659
f 9972 9667 9665 9664
f 9972 9971 9669 9667
f 9971 9674 9671 9669
f 9807 9677 9675 9674
f 9748 9738 9736 9735
f 9699 9698 2195 2194
f 9663 9447 9441 9994
f 9663 9994 9658 9657
f 9663 9662 9448 9447
f 9994 9441 9439 9438
f 9994 9438 9995 9658
f 9995 9438 9436 9435
f 9995 9435 9996 9653
f 9995 9653 9652 9658
f 9996 9435 9433 9432
f 9996 9432 9997 9648
f 9996 9648 9647 9653
f 9997 9432 9430 9429
f 9997 9429 9998 9643
f 9997 9643 9642 9648
f 9998 9429 9427 9426
f 9998 9426 9999 9638
f 9998 9638 9637 9643
f 9999 9426 9424 9423
f 9999 9423 10000 9633
f 9999 9633 9632 9638
f 10000 9423 9421 9420
f 10000 9420 10001 9628
f 10000 9628 9627 9633
f 10001 9420 9418 9417
f 10001 9417 10002 9623
f 10001 9623 9622 9628
f 10002 9417 9415 9414
f 10002 9414 10003 9618
f 10002 9618 9617 9623
f 10003 9414 9412 9411
f 10003 9411 10004 9613
f 10003 9613 9612 9618
f 10004 9411 9409 9408
f 10004 9408 10005 9609
f 10004 9609 9608 9613
f 10005 9408 9406 9405
f 10005 9405 10006 9606
f 10005 9606 9605 9609
f 10006 9405 9403 9402
f 10006 9402 10007 9602
f 10006 9602 9601 9606
f 10007 9402 9400 9399
f 10007 9399 10008 9597
f 10007 9597 9596 9602
f 10008 9399 9397 9396
f 10008 9396 10009 9592
f 10008 9592 9591 9597
f 10009 9396 9394 9393
f 10009 9393 10010 9587
f 10009 9587 9586 9592
f 10010 9393 9391 9390
f 10010 9390 10011 9582
f 10010 9582 9581 9587
f 10011 9390 9388 9387
f 10011 9387 10012 9578
f 10011 9578 9577 9582
f 10012 9387 9385 9384
f 10012 9384 1305 9574
f 10012 9574 9573 9578
f 9614 9610 2445 2444
f 9603 2442 2441 2447
f 9599 9598 2439 2442
f 9583 9579 9559 9557
f 9575 9562 9560 9559
f 9574 1305 1300 9571
f 9524 9521 9519 9518
f 9508 9196 1183 1182
f 9508 9199 9197 9196
f 9492 1723 10013 1596
f 10013 10014 1597 1596
f 10013 1723 1184 10015
f 10013 10015 9190 10014
f 10015 1184 1183 9193
f 10015 9193 9191 9190
f 10014 9187 2016 1597
f 10014 9190 9188 9187
f 9447 9444 9442 9441
f 9384 9382 1306 1305
f 9279 8984 8983 9276
f 9249 9247 1330 1329
f 9245 9244 987 1330
f 9221 9218 9216 9215
f 9196 9194 9193 1183
f 9187 9183 9181 2016
f 9181 9179 2017 2016
f 9179 9177 2018 2017
f 9140 9136 9134 9133
f 9132 8654 8652 10016
f 9132 10016 9127 9126
f 9132 9131 8656 8654
f 10016 8652 8650 8649
f 10016 8649 10017 9127
f 10017 8649 8647 8646
f 10017 8646 10018 9122
f 10017 9122 9121 9127
f 10018 8646 8644 8643
f 10018 8643 10019 9117
f 10018 9117 9116 9122
f 10019 8643 8641 10020
f 10019 10020 10021 9112
f 10019 9112 9111 9117
f 10021 10020 10022 10023
f 10021 10023 10024 9107
f 10021 9107 9106 9112
f 10024 10023 10025 10026
f 10024 10026 10027 9102
f 10024 9102 9101 9107
f 10027 10026 10028 10029
f 10027 10029 10030 9097
f 10027 9097 9096 9102
f 10030 10029 10031 10032
f 10030 10032 10033 9092
f 10030 9092 9091 9097
f 10033 10032 10034 10035
f 10033 10035 10036 9087
f 10033 9087 9086 9092
f 10036 10035 10037 10038
f 10036 10038 10039 9082
f 10036 9082 9081 9087
f 10039 10038 10040 10041
f 10039 10041 10042 9077
f 10039 9077 9076 9082
f 10042 10041 10043 10044
f 10042 10044 10045 9072
f 10042 9072 9071 9077
f 10045 10044 10046 10047
f 10045 10047 10048 9067
f 10045 9067 9066 9072
f 10048 10047 10049 10050
f 10048 10050 10051 9062
f 10048 9062 9061 9067
f 10051 10050 10052 10053
f 10051 10053 10054 9057
f 10051 9057 9056 9062
f 10054 10053 10055 10056
f 10054 10056 10057 9052
f 10054 9052 9051 9057
f 10057 10056 10058 10059
f 10057 10059 10060 9047
f 10057 9047 9046 9052
f 10060 10059 10061 10062
f 10060 10062 10063 9042
f 10060 9042 9041 9047
f 10063 10062 10064 10065
f 10063 10065 10066 9037
f 10063 9037 9036 9042
f 10066 10065 10067 10068
f 10066 10068 10069 9032
f 10066 9032 9031 9037
f 10069 10068 10070 10071
f 10069 10071 10072 9027
f 10069 9027 9026 9032
f 10072 10071 10073 10074
f 10072 10074 10075 9022
f 10072 9022 9021 9027
f 10075 10074 10076 10077
f 10075 10077 10078 9017
f 10075 9017 9016 9022
f 10078 10077 10079 10080
f 10078 10080 10081 9012
f 10078 9012 9011 9017
f 10081 10080 10082 10083
f 10081 10083 10084 9007
f 10081 9007 9006 9012
f 10084 10083 10085 10086
f 10084 10086 10087 9002
f 10084 9002 9001 9007
f 10087 10086 10088 10089
f 10087 10089 1345 8997
f 10087 8997 8996 9002
f 10089 10088 8530 10090
f 10089 10090 1346 1345
f 10090 8530 8526 8525
f 10090 8525 1347 1346
f 10088 8535 8531 8530
f 10088 10086 10085 8535
f 10085 8540 8536 8535
f 10085 10083 10082 8540
f 10082 8545 8541 8540
f 10082 10080 10079 8545
f 10079 8550 8546 8545
f 10079 10077 10076 8550
f 10076 8555 8551 8550
f 10076 10074 10073 8555
f 10073 8560 8556 8555
f 10073 10071 10070 8560
f 10070 8565 8561 8560
f 10070 10068 10067 8565
f 10067 8570 8566 8565
f 10067 10065 10064 8570
f 10064 8575 8571 8570
f 10064 10062 10061 8575
f 10061 8580 8576 8575
f 10061 10059 10058 8580
f 10058 8585 8581 8580
f 10058 10056 10055 8585
f 10055 8590 8586 8585
f 10055 10053 10052 8590
f 10052 8595 8591 8590
f 10052 10050 10049 8595
f 10049 8600 8596 8595
f 10049 10047 10046 8600
f 10046 8605 8601 8600
f 10046 10044 10043 8605
f 10043 8610 8606 8605
f 10043 10041 10040 8610
f 10040 8615 8611 8610
f 10040 10038 10037 8615
f 10037 8620 8616 8615
f 10037 10035 10034 8620
f 10034 8625 8621 8620
f 10034 10032 10031 8625
f 10031 8630 8626 8625
f 10031 10029 10028 8630
f 10028 8633 8631 8630
f 10028 10026 10025 8633
f 10025 8636 8634 8633
f 10025 10023 10022 8636
f 10022 8639 8637 8636
f 10022 10020 8641 8639
f 8997 1345 1344 8992
f 8983 8981 1684 1683
f 8978 8977 1690 1689
f 8977 10091 10092 1690
f 8977 8975 8974 10091
f 10092 8852 8849 8848
f 10092 8848 1687 1690
f 10092 10091 10093 8852
f 10093 8856 8853 8852
f 10093 10091 8974 10094
f 10093 10094 10095 8856
f 10095 8860 8857 8856
f 10095 10094 10096 8867
f 10095 8867 8865 8860
f 10096 10094 8974 8972
f 10096 8972 8873 8871
f 10096 8871 8868 8867
f 8938 8934 1438 1437
f 8918 1864 1436 1435
f 8914 8910 8908 8907
f 8898 8896 1706 1705
f 8863 8397 8393 8392
f 8863 8423 8421 8397
f 8859 8392 8388 8387
f 8855 8387 8383 8382
f 8851 8382 8378 8377
f 8848 8845 1688 1687
f 8847 8377 8373 8372
f 8844 8372 8368 8367
f 8842 8841 1685 1688
f 8840 8367 8363 8362
f 8836 8362 8358 8357
f 8832 8357 8353 8352
f 8828 8352 8348 8347
f 8824 8347 8343 8342
f 8820 8342 8338 8337
f 8816 8337 8333 8332
f 8812 8332 8328 8327
f 8808 8327 8323 8322
f 8804 8322 8316 8315
f 8782 8774 8772 8771
f 8701 8697 8694 8693
f 8696 8188 2076 2074
f 8680 8664 8662 8661
f 8629 8104 8102 10097
f 8629 10097 8624 8623
f 8629 8628 8106 8104
f 10097 8102 8100 8099
f 10097 8099 10098 8624
f 10098 8099 8097 8096
f 10098 8096 10099 8619
f 10098 8619 8618 8624
f 10099 8096 8094 8093
f 10099 8093 10100 8614
f 10099 8614 8613 8619
f 10100 8093 8091 8090
f 10100 8090 10101 8609
f 10100 8609 8608 8614
f 10101 8090 8086 8085
f 10101 8085 10102 8604
f 10101 8604 8603 8609
f 10102 8085 8081 8080
f 10102 8080 10103 8599
f 10102 8599 8598 8604
f 10103 8080 8076 8075
f 10103 8075 10104 8594
f 10103 8594 8593 8599
f 10104 8075 8071 8070
f 10104 8070 10105 8589
f 10104 8589 8588 8594
f 10105 8070 8066 8065
f 10105 8065 10106 8584
f 10105 8584 8583 8589
f 10106 8065 8061 8060
f 10106 8060 10107 8579
f 10106 8579 8578 8584
f 10107 8060 8056 8055
f 10107 8055 10108 8574
f 10107 8574 8573 8579
f 10108 8055 8051 8050
f 10108 8050 10109 8569
f 10108 8569 8568 8574
f 10109 8050 8046 8045
f 10109 8045 10110 8564
f 10109 8564 8563 8569
f 10110 8045 8041 8040
f 10110 8040 10111 8559
f 10110 8559 8558 8564
f 10111 8040 8036 8035
f 10111 8035 10112 8554
f 10111 8554 8553 8559
f 10112 8035 8031 8030
f 10112 8030 10113 8549
f 10112 8549 8548 8554
f 10113 8030 8026 8025
f 10113 8025 10114 8544
f 10113 8544 8543 8549
f 10114 8025 8021 8020
f 10114 8020 10115 8539
f 10114 8539 8538 8544
f 10115 8020 8016 8015
f 10115 8015 10116 8534
f 10115 8534 8533 8539
f 10116 8015 8011 8010
f 10116 8010 10117 8529
f 10116 8529 8528 8534
f 10117 8010 8006 8005
f 10117 8005 10118 8524
f 10117 8524 8523 8529
f 10118 8005 8002 8001
f 10118 8001 10119 8519
f 10118 8519 8518 8524
f 10119 8001 7999 10120
f 10119 10120 10121 8514
f 10119 8514 8513 8519
f 10121 10120 10122 10123
f 10121 10123 10124 8509
f 10121 8509 8508 8514
f 10124 10123 10125 10126
f 10124 10126 10127 8504
f 10124 8504 8503 8509
f 10127 10126 10128 1873
f 10127 1873 1872 8499
f 10127 8499 8498 8504
f 10128 10129 10130 10131
f 10128 10131 1868 1873
f 10128 10126 10125 10129
f 10131 10130 10132 10133
f 10131 10133 1869 1868
f 10133 10132 10134 10135
f 10133 10135 10136 1869
f 10136 10135 10137 10138
f 10136 10138 10139 10140
f 10136 10140 1865 1869
f 10140 10139 10141 10142
f 10140 10142 1866 1865
f 10142 10141 10143 10144
f 10142 10144 10145 1866
f 10145 10146 10147 10148
f 10145 10148 1867 1866
f 10145 10144 10149 10146
f 10149 10144 10143 10150
f 10149 10150 10151 10152
f 10149 10152 10153 10146
f 10153 10154 10155 10156
f 10153 10156 10147 10146
f 10153 10152 10157 10154
f 10157 10158 10159 10154
f 10157 10152 10151 10160
f 10157 10160 10161 10158
f 10161 10162 10163 10158
f 10161 10160 10164 10165
f 10161 10165 10166 10162
f 10166 10167 10168 10162
f 10166 10165 10169 10170
f 10166 10170 10171 10167
f 10171 10172 10173 10167
f 10171 10170 10174 10175
f 10171 10175 10176 10172
f 10176 10177 10178 10172
f 10176 10175 10179 10180
f 10176 10180 10181 10177
f 10181 10182 10183 10177
f 10181 10180 10184 10185
f 10181 10185 10186 10182
f 10186 10187 10188 10182
f 10186 10185 10189 10190
f 10186 10190 10191 10187
f 10191 10192 10193 10187
f 10191 10190 10194 10195
f 10191 10195 10196 10192
f 10196 10197 10198 10192
f 10196 10195 10199 10200
f 10196 10200 10201 10197
f 10201 10202 10203 10197
f 10201 10200 10204 10205
f 10201 10205 10206 10202
f 10206 10207 10208 10202
f 10206 10205 10209 10210
f 10206 10210 10211 10207
f 10211 10212 10213 10207
f 10211 10210 10214 10215
f 10211 10215 10216 10212
f 10216 10217 10218 10212
f 10216 10215 10219 10220
f 10216 10220 10221 10217
f 10221 10222 10223 10217
f 10221 10220 10224 10225
f 10221 10225 10226 10222
f 10226 10227 10228 10222
f 10226 10225 10229 10230
f 10226 10230 10231 10227
f 10231 7974 7972 10227
f 10231 10230 10232 10233
f 10231 10233 10234 7974
f 10234 7977 7975 7974
f 10234 10233 7987 7983
f 10234 7983 7981 7977
f 10233 10232 7988 7987
f 10232 10230 10229 10235
f 10232 10235 7990 7988
f 10235 10229 10236 10237
f 10235 10237 7992 7990
f 10237 10236 10238 10239
f 10237 10239 10240 7992
f 10240 10239 10241 10242
f 10240 10242 10243 7995
f 10240 7995 7993 7992
f 10243 10242 10130 10129
f 10243 10129 10125 10244
f 10243 10244 7996 7995
f 10244 10125 10123 10122
f 10244 10122 7997 7996
f 10242 10241 10132 10130
f 10241 10239 10238 10245
f 10241 10245 10134 10132
f 10245 10238 10246 10247
f 10245 10247 10248 10134
f 10248 10247 10249 10250
f 10248 10250 10251 10137
f 10248 10137 10135 10134
f 10251 10250 10252 10253
f 10251 10253 10254 10255
f 10251 10255 10138 10137
f 10255 10254 10256 10257
f 10255 10257 10139 10138
f 10257 10256 10258 10259
f 10257 10259 10141 10139
f 10259 10258 10260 10261
f 10259 10261 10143 10141
f 10261 10260 10262 10263
f 10261 10263 10150 10143
f 10263 10262 10264 10265
f 10263 10265 10151 10150
f 10265 10264 10266 10164
f 10265 10164 10160 10151
f 10266 10169 10165 10164
f 10266 10264 10267 10268
f 10266 10268 10269 10169
f 10269 10174 10170 10169
f 10269 10268 2403 2405
f 10269 2405 10270 10174
f 10270 10179 10175 10174
f 10270 2405 1753 1752
f 10270 1752 1754 10179
f 10268 10267 2404 2403
f 10267 10271 10272 2404
f 10267 10264 10262 10271
f 10272 10273 10274 10275
f 10272 10275 2402 2404
f 10272 10271 10276 10273
f 10276 10277 10278 10273
f 10276 10271 10262 10260
f 10276 10260 10258 10277
f 10278 10279 10280 10281
f 10278 10281 10274 10273
f 10278 10277 10282 10279
f 10282 10283 10284 10279
f 10282 10277 10258 10256
f 10282 10256 10254 10283
f 10284 10204 10200 10199
f 10284 10199 10280 10279
f 10284 10283 10285 10204
f 10285 10209 10205 10204
f 10285 10283 10254 10253
f 10285 10253 10252 10209
f 10281 10280 10194 10286
f 10281 10286 10287 10274
f 10287 10286 10189 10288
f 10287 10288 1751 1750
f 10287 1750 10275 10274
f 10288 10189 10185 10184
f 10288 10184 1754 1751
f 10286 10194 10190 10189
f 10280 10199 10195 10194
f 10275 1750 1749 2402
f 10252 10214 10210 10209
f 10252 10250 10249 10214
f 10249 10219 10215 10214
f 10249 10247 10246 10219
f 10246 10224 10220 10219
f 10246 10238 10236 10224
f 10236 10229 10225 10224
f 10228 7970 7968 10289
f 10228 10289 10223 10222
f 10228 10227 7972 7970
f 10289 7968 7966 10290
f 10289 10290 10291 10223
f 10291 10290 7963 10292
f 10291 10292 10293 10218
f 10291 10218 10217 10223
f 10293 10292 7960 10294
f 10293 10294 10295 10213
f 10293 10213 10212 10218
f 10295 10294 7957 10296
f 10295 10296 10297 10208
f 10295 10208 10207 10213
f 10297 10296 7954 10298
f 10297 10298 10299 10203
f 10297 10203 10202 10208
f 10299 10298 7951 10300
f 10299 10300 10301 10198
f 10299 10198 10197 10203
f 10301 10300 7948 10302
f 10301 10302 10303 10193
f 10301 10193 10192 10198
f 10303 10302 7945 10304
f 10303 10304 10305 10188
f 10303 10188 10187 10193
f 10305 10304 7942 10306
f 10305 10306 10307 10183
f 10305 10183 10182 10188
f 10307 10306 7939 10308
f 10307 10308 10309 10178
f 10307 10178 10177 10183
f 10309 10308 7936 10310
f 10309 10310 10311 10173
f 10309 10173 10172 10178
f 10311 10310 7933 10312
f 10311 10312 10313 10168
f 10311 10168 10167 10173
f 10313 10312 10314 10315
f 10313 10315 10316 10163
f 10313 10163 10162 10168
f 10316 10315 10317 10318
f 10316 10318 10319 10159
f 10316 10159 10158 10163
f 10319 10318 10320 10321
f 10319 10321 10322 10155
f 10319 10155 10154 10159
f 10322 10321 10323 10324
f 10322 10324 10325 10326
f 10322 10326 10156 10155
f 10326 10325 10327 10328
f 10326 10328 10147 10156
f 10328 10327 10329 10330
f 10328 10330 10148 10147
f 10330 10329 10331 1874
f 10330 1874 1867 10148
f 10331 10329 10332 8485
f 10331 8485 8484 8490
f 10331 8490 1870 1874
f 10332 10329 10327 10333
f 10332 10333 1740 1742
f 10332 1742 8482 8485
f 10333 10334 1741 1740
f 10333 10327 10325 10334
f 10334 10335 10336 1741
f 10334 10325 10324 10335
f 10336 7917 7915 7914
f 10336 7914 1738 1741
f 10336 10335 10337 7917
f 10337 7920 7918 7917
f 10337 10335 10324 10323
f 10337 10323 10338 7920
f 10338 7923 7921 7920
f 10338 10323 10321 10320
f 10338 10320 10339 7923
f 10339 7926 7924 7923
f 10339 10320 10318 10317
f 10339 10317 10340 7926
f 10340 7929 7927 7926
f 10340 10317 10315 10314
f 10340 10314 7931 7929
f 10314 10312 7933 7931
f 10310 7936 7934 7933
f 10308 7939 7937 7936
f 10306 7942 7940 7939
f 10304 7945 7943 7942
f 10302 7948 7946 7945
f 10300 7951 7949 7948
f 10298 7954 7952 7951
f 10296 7957 7955 7954
f 10294 7960 7958 7957
f 10292 7963 7961 7960
f 10290 7966 7964 7963
f 10184 10180 10179 1754
f 10122 10120 7999 7997
f 8525 8521 8520 1347
f 8499 1872 1871 8494
f 8490 8489 1871 1870
f 8469 8466 2198 2197
f 8468 7909 7907 7906
f 8468 1737 1736 7909
f 8465 7906 7904 7903
f 8463 7903 7901 7900
f 8421 8402 8398 8397
f 8411 7843 7841 7840
f 8411 7840 8406 8405
f 8406 7840 7838 7837
f 8406 7837 8401 8400
f 8401 7837 7835 7834
f 8401 7834 8396 8395
f 8396 7834 7832 7831
f 8396 7831 8391 8390
f 8391 7831 7829 7828
f 8391 7828 8386 8385
f 8386 7828 7826 7825
f 8386 7825 8381 8380
f 8381 7825 7823 7822
f 8381 7822 8376 8375
f 8376 7822 7820 7819
f 8376 7819 8371 8370
f 8371 7819 7817 10341
f 8371 10341 8366 8365
f 10341 7817 7815 7814
f 10341 7814 10342 8366
f 10342 7814 7810 7809
f 10342 7809 10343 8361
f 10342 8361 8360 8366
f 10343 7809 7805 7804
f 10343 7804 10344 8356
f 10343 8356 8355 8361
f 10344 7804 7800 7799
f 10344 7799 10345 8351
f 10344 8351 8350 8356
f 10345 7799 7795 7794
f 10345 7794 10346 8346
f 10345 8346 8345 8351
f 10346 7794 7790 7789
f 10346 7789 10347 8341
f 10346 8341 8340 8346
f 10347 7789 7785 7784
f 10347 7784 10348 8336
f 10347 8336 8335 8341
f 10348 7784 7780 7779
f 10348 7779 10349 8331
f 10348 8331 8330 8336
f 10349 7779 7775 7774
f 10349 7774 10350 8326
f 10349 8326 8325 8331
f 10350 7774 7770 7769
f 10350 7769 10351 8321
f 10350 8321 8320 8326
f 10351 7769 7765 7764
f 10351 7764 1515 1514
f 10351 1514 8318 8321
f 8195 8191 8189 8188
f 8177 8175 8155 8153
f 8089 7375 7373 10352
f 8089 10352 8084 8083
f 8089 8088 7377 7375
f 10352 7373 7371 10353
f 10352 10353 10354 8084
f 10354 10353 10355 10356
f 10354 10356 10357 8079
f 10354 8079 8078 8084
f 10357 10356 10358 10359
f 10357 10359 10360 8074
f 10357 8074 8073 8079
f 10360 10359 10361 10362
f 10360 10362 10363 8069
f 10360 8069 8068 8074
f 10363 10362 10364 10365
f 10363 10365 10366 8064
f 10363 8064 8063 8069
f 10366 10365 10367 10368
f 10366 10368 10369 8059
f 10366 8059 8058 8064
f 10369 10368 10370 10371
f 10369 10371 10372 8054
f 10369 8054 8053 8059
f 10372 10371 10373 10374
f 10372 10374 10375 8049
f 10372 8049 8048 8054
f 10375 10374 10376 10377
f 10375 10377 10378 8044
f 10375 8044 8043 8049
f 10378 10377 10379 10380
f 10378 10380 10381 8039
f 10378 8039 8038 8044
f 10381 10380 10382 10383
f 10381 10383 10384 8034
f 10381 8034 8033 8039
f 10384 10383 10385 10386
f 10384 10386 10387 8029
f 10384 8029 8028 8034
f 10387 10386 10388 10389
f 10387 10389 10390 8024
f 10387 8024 8023 8029
f 10390 10389 10391 10392
f 10390 10392 10393 8019
f 10390 8019 8018 8024
f 10393 10392 10394 10395
f 10393 10395 10396 8014
f 10393 8014 8013 8019
f 10396 10395 10397 10398
f 10396 10398 2401 8009
f 10396 8009 8008 8014
f 10398 10397 10399 1203
f 10398 1203 1202 2401
f 10399 1586 1585 10400
f 10399 10400 1204 1203
f 10399 10397 10401 1586
f 10401 10402 1581 1586
f 10401 10397 10395 10394
f 10401 10394 10403 10402
f 10403 10404 10405 10402
f 10403 10394 10392 10391
f 10403 10391 10406 10404
f 10406 10407 10408 10404
f 10406 10391 10389 10388
f 10406 10388 10409 10407
f 10409 10410 10411 10407
f 10409 10388 10386 10385
f 10409 10385 10412 10410
f 10412 10413 10414 10410
f 10412 10385 10383 10382
f 10412 10382 10415 10413
f 10415 10416 10417 10413
f 10415 10382 10380 10379
f 10415 10379 10418 10416
f 10418 10419 10420 10416
f 10418 10379 10377 10376
f 10418 10376 10421 10419
f 10421 10422 10423 10419
f 10421 10376 10374 10373
f 10421 10373 10424 10422
f 10424 10425 10426 10422
f 10424 10373 10371 10370
f 10424 10370 10427 10425
f 10427 10428 10429 10425
f 10427 10370 10368 10367
f 10427 10367 10430 10428
f 10430 10431 10432 10428
f 10430 10367 10365 10364
f 10430 10364 10433 10431
f 10433 10434 10435 10431
f 10433 10364 10362 10361
f 10433 10361 10436 10434
f 10436 10437 10438 10434
f 10436 10361 10359 10358
f 10436 10358 10439 10437
f 10439 7369 10440 10437
f 10439 10358 10356 10355
f 10439 10355 7370 7369
f 10440 7364 7362 10441
f 10440 10441 10438 10437
f 10440 7369 7366 7364
f 10441 7362 7360 10442
f 10441 10442 10443 10438
f 10443 10442 10444 10445
f 10443 10445 10446 10435
f 10443 10435 10434 10438
f 10446 10445 10447 10448
f 10446 10448 10449 10432
f 10446 10432 10431 10435
f 10449 10448 10450 10451
f 10449 10451 10452 10429
f 10449 10429 10428 10432
f 10452 10451 10453 10454
f 10452 10454 10455 10426
f 10452 10426 10425 10429
f 10455 10454 10456 10457
f 10455 10457 10458 10423
f 10455 10423 10422 10426
f 10458 10457 10459 10460
f 10458 10460 10461 10420
f 10458 10420 10419 10423
f 10461 10460 10462 10463
f 10461 10463 10464 10417
f 10461 10417 10416 10420
f 10464 10463 10465 10466
f 10464 10466 10467 10414
f 10464 10414 10413 10417
f 10467 10466 10468 10469
f 10467 10469 10470 10411
f 10467 10411 10410 10414
f 10470 10469 10471 10472
f 10470 10472 10473 10408
f 10470 10408 10407 10411
f 10473 10472 10474 10475
f 10473 10475 1582 10405
f 10473 10405 10404 10408
f 10475 10474 10476 10477
f 10475 10477 1583 1582
f 10477 10476 10478 10479
f 10477 10479 1584 1583
f 10479 10478 10480 10481
f 10479 10481 10482 1584
f 10482 10481 10483 1209
f 10482 1209 1204 10400
f 10482 10400 1585 1584
f 10483 7295 7291 7290
f 10483 7290 1206 1209
f 10483 10481 10480 7295
f 10480 7300 7296 7295
f 10480 10478 10484 7300
f 10484 7305 7301 7300
f 10484 10478 10476 10485
f 10484 10485 10486 7305
f 10486 7310 7306 7305
f 10486 10485 10487 10488
f 10486 10488 10489 7310
f 10489 7315 7311 7310
f 10489 10488 10490 10491
f 10489 10491 10492 7315
f 10492 7320 7316 7315
f 10492 10491 10493 10494
f 10492 10494 10495 7320
f 10495 7325 7321 7320
f 10495 10494 10496 10497
f 10495 10497 10498 7325
f 10498 7330 7326 7325
f 10498 10497 10499 10500
f 10498 10500 10501 7330
f 10501 7335 7331 7330
f 10501 10500 10502 10503
f 10501 10503 10504 7335
f 10504 7340 7336 7335
f 10504 10503 10505 10506
f 10504 10506 10507 7340
f 10507 7345 7341 7340
f 10507 10506 10508 10509
f 10507 10509 10510 7345
f 10510 7350 7346 7345
f 10510 10509 10511 10512
f 10510 10512 10513 7350
f 10513 7353 7351 7350
f 10513 10512 10514 7358
f 10513 7358 7355 7353
f 10514 10512 10511 10447
f 10514 10447 10445 10444
f 10514 10444 7359 7358
f 10511 10509 10508 10450
f 10511 10450 10448 10447
f 10508 10506 10505 10453
f 10508 10453 10451 10450
f 10505 10503 10502 10456
f 10505 10456 10454 10453
f 10502 10500 10499 10459
f 10502 10459 10457 10456
f 10499 10497 10496 10462
f 10499 10462 10460 10459
f 10496 10494 10493 10465
f 10496 10465 10463 10462
f 10493 10491 10490 10468
f 10493 10468 10466 10465
f 10490 10488 10487 10471
f 10490 10471 10469 10468
f 10487 10485 10476 10474
f 10487 10474 10472 10471
f 10444 10442 7360 7359
f 10405 1582 1581 10402
f 10355 10353 7371 7370
f 8009 2401 2400 8004
f 7914 7912 1739 1738
f 7910 7909 1736 1739
f 7900 7898 1692 1697
f 7895 7894 1694 1693
f 7893 7120 7119 1504
f 7893 1504 1503 7888
f 7893 7892 7121 7120
f 7813 7067 7065 10515
f 7813 10515 7808 7807
f 7813 7812 7069 7067
f 10515 7065 7063 7062
f 10515 7062 10516 7808
f 10516 7062 7060 10517
f 10516 10517 10518 7803
f 10516 7803 7802 7808
f 10518 10517 10519 10520
f 10518 10520 10521 7798
f 10518 7798 7797 7803
f 10521 10520 10522 10523
f 10521 10523 10524 7793
f 10521 7793 7792 7798
f 10524 10523 10525 10526
f 10524 10526 10527 7788
f 10524 7788 7787 7793
f 10527 10526 10528 10529
f 10527 10529 10530 7783
f 10527 7783 7782 7788
f 10530 10529 10531 10532
f 10530 10532 10533 7778
f 10530 7778 7777 7783
f 10533 10532 10534 10535
f 10533 10535 10536 7773
f 10533 7773 7772 7778
f 10536 10535 10537 10538
f 10536 10538 1276 7768
f 10536 7768 7767 7773
f 10538 10537 10539 10540
f 10538 10540 1277 1276
f 10540 10539 1359 1358
f 10540 1358 1278 1277
f 10539 10541 10542 1359
f 10539 10537 10543 10541
f 10543 10544 10545 10541
f 10543 10537 10535 10534
f 10543 10534 10546 10544
f 10546 10547 10548 10544
f 10546 10534 10532 10531
f 10546 10531 10549 10547
f 10549 10550 10551 10547
f 10549 10531 10529 10528
f 10549 10528 10552 10550
f 10552 10553 10554 10550
f 10552 10528 10526 10525
f 10552 10525 10555 10553
f 10555 10556 10557 10553
f 10555 10525 10523 10522
f 10555 10522 10558 10556
f 10558 7056 7054 10556
f 10558 10522 10520 10519
f 10558 10519 7058 7056
f 10557 7052 7050 7049
f 10557 7049 10554 10553
f 10557 10556 7054 7052
f 10554 7049 7047 7046
f 10554 7046 10551 10550
f 10551 7046 7044 7043
f 10551 7043 10548 10547
f 10548 7043 7041 7040
f 10548 7040 10545 10544
f 10545 7040 7038 7037
f 10545 7037 10542 10541
f 10542 7037 7035 7034
f 10542 7034 1356 1359
f 10519 10517 7060 7058
f 7768 1276 1275 7763
f 7764 7761 1520 1515
f 7758 7756 7755 10559
f 7758 10559 10560 10561
f 7758 10561 1670 1669
f 10561 10560 10562 10563
f 10561 10563 1671 1670
f 10563 10562 10564 10565
f 10563 10565 7742 1671
f 10565 10564 10566 7746
f 10565 7746 7743 7742
f 10566 10564 10567 10568
f 10566 10568 10569 7749
f 10566 7749 7747 7746
f 10569 10568 10570 10571
f 10569 10571 10572 10573
f 10569 10573 7750 7749
f 10573 10572 10574 10575
f 10573 10575 7751 7750
f 10575 10574 10576 10577
f 10575 10577 7753 7751
f 10577 10576 10578 10579
f 10577 10579 7755 7753
f 10579 10578 10580 10581
f 10579 10581 10559 7755
f 10581 10580 10582 10583
f 10581 10583 10560 10559
f 10583 10582 10584 10585
f 10583 10585 10562 10560
f 10585 10584 10586 10567
f 10585 10567 10564 10562
f 10586 10584 10587 10588
f 10586 10588 10589 10570
f 10586 10570 10568 10567
f 10589 10588 10590 10591
f 10589 10591 10592 10593
f 10589 10593 10571 10570
f 10593 10592 10594 10595
f 10593 10595 10572 10571
f 10595 10594 10596 10597
f 10595 10597 10574 10572
f 10597 10596 10598 10599
f 10597 10599 10576 10574
f 10599 10598 10600 10601
f 10599 10601 10578 10576
f 10601 10600 10602 10603
f 10601 10603 10580 10578
f 10603 10602 10604 10605
f 10603 10605 10582 10580
f 10605 10604 10606 10587
f 10605 10587 10584 10582
f 10606 10604 10607 10608
f 10606 10608 10609 10590
f 10606 10590 10588 10587
f 10609 10608 10610 10611
f 10609 10611 10612 10613
f 10609 10613 10591 10590
f 10613 10612 10614 10615
f 10613 10615 10592 10591
f 10615 10614 10616 10617
f 10615 10617 10594 10592
f 10617 10616 10618 10619
f 10617 10619 10596 10594
f 10619 10618 10620 10621
f 10619 10621 10598 10596
f 10621 10620 10622 10623
f 10621 10623 10600 10598
f 10623 10622 10624 10625
f 10623 10625 10602 10600
f 10625 10624 10626 10607
f 10625 10607 10604 10602
f 10626 10624 2204 2203
f 10626 2203 10627 10610
f 10626 10610 10608 10607
f 10627 2203 2054 2053
f 10627 2053 1861 10628
f 10627 10628 10611 10610
f 10628 1861 1860 10629
f 10628 10629 10612 10611
f 10629 1860 1856 1855
f 10629 1855 10614 10612
f 10624 10622 2205 2204
f 10622 10620 10630 2205
f 10630 1853 1852 10631
f 10630 10631 2202 2205
f 10630 10620 10618 1853
f 10631 1852 1857 1859
f 10631 1859 2052 2202
f 10618 10616 1854 1853
f 10616 10614 1855 1854
f 7742 7740 1665 1671
f 7697 7695 7648 7646
f 7692 7653 7651 7650
f 7692 7690 7689 7653
f 7689 7656 7654 7653
f 7689 7674 7672 7656
f 7624 7602 7600 7599
f 7624 7621 7620 7602
f 7620 7605 7603 7602
f 7618 7608 7606 7605
f 7615 7611 7609 7608
f 7554 7533 7531 7530
f 7529 1260 6542 6541
f 7493 7486 7484 7483
f 7462 1401 1400 2428
f 7462 2428 2427 7457
f 7442 7441 1811 2433
f 7427 1383 1382 7422
f 7349 6445 6443 6442
f 7349 6442 7344 7343
f 7349 7348 6447 6445
f 7344 6442 6440 6439
f 7344 6439 7339 7338
f 7339 6439 6437 6436
f 7339 6436 7334 7333
f 7334 6436 6434 6433
f 7334 6433 7329 7328
f 7329 6433 6431 6430
f 7329 6430 7324 7323
f 7324 6430 6428 10632
f 7324 10632 7319 7318
f 10632 6428 6426 10633
f 10632 10633 10634 7319
f 10634 10633 10635 10636
f 10634 10636 10637 7314
f 10634 7314 7313 7319
f 10637 10636 10638 10639
f 10637 10639 10640 7309
f 10637 7309 7308 7314
f 10640 10639 10641 10642
f 10640 10642 10643 7304
f 10640 7304 7303 7309
f 10643 10642 10644 10645
f 10643 10645 10646 7299
f 10643 7299 7298 7304
f 10646 10645 10647 10648
f 10646 10648 10649 7294
f 10646 7294 7293 7299
f 10649 10648 10650 10651
f 10649 10651 10652 7289
f 10649 7289 7288 7294
f 10652 10651 10653 10654
f 10652 10654 10655 7285
f 10652 7285 7284 7289
f 10655 10654 10656 10657
f 10655 10657 10658 7281
f 10655 7281 7280 7285
f 10658 10657 10659 10660
f 10658 10660 10661 10662
f 10658 10662 7282 7281
f 10662 10661 10663 10664
f 10662 10664 7274 7282
f 10664 10663 10665 7269
f 10664 7269 7268 7274
f 10665 10663 10666 10667
f 10665 10667 10668 7264
f 10665 7264 7263 7269
f 10668 10667 10669 10670
f 10668 10670 10671 7260
f 10668 7260 7259 7264
f 10671 10670 10672 10673
f 10671 10673 10674 7255
f 10671 7255 7254 7260
f 10674 10673 10675 10676
f 10674 10676 10677 10678
f 10674 10678 7256 7255
f 10678 10677 10679 10680
f 10678 10680 7257 7256
f 10680 10679 10681 10682
f 10680 10682 1716 7257
f 10682 10681 10683 10684
f 10682 10684 1708 1716
f 10684 10683 10685 10686
f 10684 10686 1709 1708
f 10686 10685 10687 10688
f 10686 10688 10689 1709
f 10689 10690 1710 1709
f 10689 10688 10691 10692
f 10689 10692 10693 10690
f 10693 10694 10695 10690
f 10693 10692 10696 10697
f 10693 10697 10698 10694
f 10698 10699 10700 10694
f 10698 10697 10701 10702
f 10698 10702 10703 10699
f 10703 10704 10705 10699
f 10703 10702 10706 10707
f 10703 10707 10708 10704
f 10708 10709 10710 10704
f 10708 10707 10711 10712
f 10708 10712 10713 10709
f 10713 10714 10715 10709
f 10713 10712 10716 10717
f 10713 10717 10718 10714
f 10718 10719 10720 10714
f 10718 10717 10721 10722
f 10718 10722 10723 10719
f 10723 10724 10725 10719
f 10723 10722 10726 10727
f 10723 10727 10728 10724
f 10728 10729 10730 10724
f 10728 10727 10731 10732
f 10728 10732 10733 10729
f 10733 1829 10734 10729
f 10733 10732 10735 1959
f 10733 1959 1830 1829
f 10735 10732 10731 10736
f 10735 10736 10737 10738
f 10735 10738 1957 1959
f 10738 10737 10739 10740
f 10738 10740 1958 1957
f 10740 10739 10741 10742
f 10740 10742 1960 1958
f 10742 10741 10743 10744
f 10742 10744 10745 1960
f 10745 1832 1831 1960
f 10745 10744 10746 10747
f 10745 10747 10748 1832
f 10747 10749 10748
f 10748 10749 10750 1832
f 10750 10749 10751 10725
f 10750 10725 10724 10730
f 10750 10730 1833 1832
f 10751 10749 10747 10746
f 10751 10746 10752 10720
f 10751 10720 10719 10725
f 10752 10746 10744 10743
f 10752 10743 10753 10715
f 10752 10715 10714 10720
f 10753 10743 10741 10754
f 10753 10754 10755 10710
f 10753 10710 10709 10715
f 10755 10754 10756 10757
f 10755 10757 10758 10705
f 10755 10705 10704 10710
f 10758 10757 10759 10760
f 10758 10760 10761 10700
f 10758 10700 10699 10705
f 10761 10760 10762 10763
f 10761 10763 1711 10695
f 10761 10695 10694 10700
f 10763 10762 10764 1732
f 10763 1732 1712 1711
f 10764 10765 10766 10767
f 10764 10767 1726 1732
f 10764 10762 10768 10765
f 10768 10769 10770 10765
f 10768 10762 10760 10759
f 10768 10759 10771 10769
f 10771 10737 10736 10769
f 10771 10759 10757 10756
f 10771 10756 10739 10737
f 10770 10731 10727 10726
f 10770 10726 10766 10765
f 10770 10769 10736 10731
f 10767 10766 10721 10772
f 10767 10772 1727 1726
f 10772 10721 10717 10716
f 10772 10716 10773 1727
f 10773 10716 10712 10711
f 10773 10711 7237 7236
f 10773 7236 1728 1727
f 10766 10726 10722 10721
f 10756 10754 10741 10739
f 10734 1833 10730 10729
f 1829 1054 10774 1833
f 10734 1829 1833
f 10711 10707 10706 7237
f 10706 10702 10701 7232
f 10706 7232 7231 7237
f 10701 10697 10696 7227
f 10701 7227 7226 7232
f 10696 10692 10691 7222
f 10696 7222 7221 7227
f 10695 1711 1710 10690
f 10691 10688 10687 7217
f 10691 7217 7216 7222
f 10687 10685 10775 7212
f 10687 7212 7211 7217
f 10775 10685 10683 10776
f 10775 10776 10777 7207
f 10775 7207 7206 7212
f 10777 10776 10778 10779
f 10777 10779 10780 7202
f 10777 7202 7201 7207
f 10780 10779 10781 10782
f 10780 10782 10783 7197
f 10780 7197 7196 7202
f 10783 10782 10784 10785
f 10783 10785 10786 7192
f 10783 7192 7191 7197
f 10786 10785 10787 10788
f 10786 10788 1574 7187
f 10786 7187 7186 7192
f 10788 10789 1575 1574
f 10788 10787 10790 10789
f 10790 10791 10792 10789
f 10790 10787 10793 10794
f 10790 10794 10795 10791
f 10795 10796 10797 10791
f 10795 10794 10798 10799
f 10795 10799 10800 10796
f 10800 10801 10802 10796
f 10800 10799 10803 10804
f 10800 10804 10805 10801
f 10805 10806 10807 10801
f 10805 10804 10808 10809
f 10805 10809 10810 10806
f 10810 10811 10812 10806
f 10810 10809 10813 10814
f 10810 10814 10815 10811
f 10815 10816 10817 10811
f 10815 10814 10818 10819
f 10815 10819 10820 10816
f 10820 10821 10822 10816
f 10820 10819 10823 10824
f 10820 10824 10825 10821
f 10825 6388 6386 10821
f 10825 10824 10659 10826
f 10825 10826 10827 6388
f 10827 6392 6389 6388
f 10827 10826 10656 10828
f 10827 10828 10829 6392
f 10829 6397 6393 6392
f 10829 10828 10653 10830
f 10829 10830 10831 6397
f 10831 6402 6398 6397
f 10831 10830 10650 10832
f 10831 10832 10833 6402
f 10833 6407 6403 6402
f 10833 10832 10647 10834
f 10833 10834 10835 6407
f 10835 6412 6408 6407
f 10835 10834 10644 10836
f 10835 10836 10837 6412
f 10837 6417 6413 6412
f 10837 10836 10641 10838
f 10837 10838 10839 6417
f 10839 6420 6418 6417
f 10839 10838 10638 10840
f 10839 10840 6422 6420
f 10840 10638 10636 10635
f 10840 10635 6424 6422
f 10838 10641 10639 10638
f 10836 10644 10642 10641
f 10834 10647 10645 10644
f 10832 10650 10648 10647
f 10830 10653 10651 10650
f 10828 10656 10654 10653
f 10826 10659 10657 10656
f 10824 10823 10660 10659
f 10823 10819 10818 10841
f 10823 10841 10661 10660
f 10841 10818 10842 10666
f 10841 10666 10663 10661
f 10842 10818 10814 10813
f 10842 10813 10843 10669
f 10842 10669 10667 10666
f 10843 10813 10809 10808
f 10843 10808 10844 10672
f 10843 10672 10670 10669
f 10844 10808 10804 10803
f 10844 10803 10845 10675
f 10844 10675 10673 10672
f 10845 10803 10799 10798
f 10845 10798 10846 10847
f 10845 10847 10676 10675
f 10847 10846 10848 10849
f 10847 10849 10677 10676
f 10849 10848 10781 10850
f 10849 10850 10679 10677
f 10850 10781 10779 10778
f 10850 10778 10681 10679
f 10848 10846 10793 10784
f 10848 10784 10782 10781
f 10846 10798 10794 10793
f 10822 6384 6382 10851
f 10822 10851 10817 10816
f 10822 10821 6386 6384
f 10851 6382 6378 6377
f 10851 6377 10852 10817
f 10852 6377 6373 6372
f 10852 6372 10853 10812
f 10852 10812 10811 10817
f 10853 6372 6368 6367
f 10853 6367 10854 10807
f 10853 10807 10806 10812
f 10854 6367 6363 6362
f 10854 6362 10855 10802
f 10854 10802 10801 10807
f 10855 6362 6358 6357
f 10855 6357 10856 10797
f 10855 10797 10796 10802
f 10856 6357 6353 6352
f 10856 6352 1578 10792
f 10856 10792 10791 10797
f 10793 10787 10785 10784
f 10792 1578 1575 10789
f 10778 10776 10683 10681
f 10635 10633 6426 6424
f 7290 7286 1207 1206
f 7257 1716 1715 7250
f 7187 1574 1573 7182
f 7171 6340 6336 6335
f 7167 6335 6332 6331
f 7163 6329 6327 10857
f 7163 10857 7158 7157
f 7163 7162 6331 6329
f 10857 6327 6325 6324
f 10857 6324 10858 7158
f 10858 6324 6322 10859
f 10858 10859 10860 7153
f 10858 7153 7152 7158
f 10860 10859 10861 10862
f 10860 10862 10863 7148
f 10860 7148 7147 7153
f 10863 10862 10864 10865
f 10863 10865 10866 7143
f 10863 7143 7142 7148
f 10866 10865 10867 10868
f 10866 10868 10869 7138
f 10866 7138 7137 7143
f 10869 10868 10870 10871
f 10869 10871 1681 7133
f 10869 7133 7132 7138
f 10871 10870 6308 10872
f 10871 10872 1677 1681
f 10872 6308 6306 6305
f 10872 6305 1678 1677
f 10870 6311 6309 6308
f 10870 10868 10867 6311
f 10867 6314 6312 6311
f 10867 10865 10864 6314
f 10864 6317 6315 6314
f 10864 10862 10861 6317
f 10861 6320 6318 6317
f 10861 10859 6322 6320
f 7133 1681 1674 7128
f 7113 7109 7107 7106
f 7034 7032 1357 1356
f 6965 6961 6959 6958
f 6958 6951 6949 6948
f 6936 6934 2343 2347
f 6934 6932 2344 2343
f 6911 6909 6816 6814
f 6907 6820 6817 6816
f 6905 6825 6821 6820
f 6903 6828 6826 6825
f 6903 2384 2383 6828
f 6895 6856 6854 6853
f 6891 6859 6857 6856
f 6887 6862 6860 6859
f 6883 6865 6863 6862
f 6879 6868 6866 6865
f 6847 6845 6836 6835
f 6824 1609 1608 6819
f 6762 1659 1658 6757
f 6694 5861 5860 10873
f 6694 10873 6689 6688
f 6694 6693 5862 5861
f 10873 5860 1759 1758
f 10873 1758 1762 6689
f 6689 1762 6684 6683
f 6684 1762 1761 10874
f 6684 10874 6679 6678
f 10874 1761 1455 1454
f 10874 1454 1910 6679
f 6679 1910 1909 6674
f 6660 6658 2424 2426
f 6658 6657 2421 2424
f 6657 6650 2422 2421
f 6623 6621 2409 2408
f 6619 6612 2410 2409
f 6603 6602 1901 1446
f 6594 6590 1251 1255
f 6577 6549 6547 6546
f 6569 6558 6553 6551
f 6566 1640 1639 1777
f 6546 6544 1259 1258
f 6544 6542 1260 1259
f 6518 6517 1379 1378
f 6516 6515 2168 2167
f 6511 2176 2175 6506
f 6498 10875 10876 1181
f 6498 1181 1180 6494
f 6498 2179 2172 10875
f 10876 10877 1175 1181
f 10876 10875 10878 10879
f 10876 10879 10880 10877
f 10880 10881 10882 10877
f 10880 10879 1756 10883
f 10880 10883 10884 10881
f 10884 10885 10886 10881
f 10884 10883 10887 10888
f 10884 10888 10889 10885
f 10889 10890 10891 10885
f 10889 10888 5855 5853
f 10889 5853 5852 10890
f 10891 5826 5824 10892
f 10891 10892 10886 10885
f 10891 10890 5831 5826
f 10892 5824 5822 5821
f 10892 5821 10893 10886
f 10893 5821 5817 5816
f 10893 5816 1176 10882
f 10893 10882 10881 10886
f 10890 5852 5832 5831
f 10888 10887 5857 5855
f 10887 10883 1756 1755
f 10887 1755 1759 5857
f 10882 1176 1175 10877
f 10879 10878 1757 1756
f 10878 10875 2172 2171
f 10878 2171 1760 1757
f 6478 5800 1264 1263
f 6416 5725 5724 10894
f 6416 10894 6411 6410
f 6416 6415 5726 5725
f 10894 5724 10895 10896
f 10894 10896 10897 6411
f 10897 10896 10898 10899
f 10897 10899 10900 6406
f 10897 6406 6405 6411
f 10900 10899 10901 10902
f 10900 10902 10903 6401
f 10900 6401 6400 6406
f 10903 10902 10904 10905
f 10903 10905 1893 6396
f 10903 6396 6395 6401
f 10905 10904 10906 2356
f 10905 2356 1892 1893
f 10906 10907 5706 10908
f 10906 10908 2357 2356
f 10906 10904 10909 10907
f 10909 10910 5709 10907
f 10909 10904 10902 10901
f 10909 10901 10911 10910
f 10911 10912 5712 10910
f 10911 10901 10899 10898
f 10911 10898 10913 10912
f 10913 5717 5715 10912
f 10913 10898 10896 10895
f 10913 10895 5719 5717
f 10912 5715 5713 5712
f 10910 5712 5710 5709
f 10908 5706 5704 5703
f 10908 5703 2358 2357
f 10907 5709 5707 5706
f 10895 5724 5721 5719
f 6396 1893 1887 6391
f 6381 10914 10915 10916
f 6381 10916 6376 6375
f 6381 6380 10917 10914
f 10917 10918 10919 10914
f 10917 6380 1891 1890
f 10917 1890 1889 10918
f 10919 5696 5694 10920
f 10919 10920 10915 10914
f 10919 10918 5698 5696
f 10920 5694 5692 10921
f 10920 10921 10922 10915
f 10922 10921 10923 10924
f 10922 10924 10925 10926
f 10922 10926 10916 10915
f 10926 10925 10927 10928
f 10926 10928 6376 10916
f 10928 10927 10929 6371
f 10928 6371 6370 6376
f 10929 10927 10930 10931
f 10929 10931 10932 6366
f 10929 6366 6365 6371
f 10932 10931 10933 10934
f 10932 10934 10935 6361
f 10932 6361 6360 6366
f 10935 10934 10936 10937
f 10935 10937 10938 6356
f 10935 6356 6355 6361
f 10938 10937 10939 10940
f 10938 10940 10941 6351
f 10938 6351 6350 6356
f 10941 10940 10942 10943
f 10941 10943 10944 6347
f 10941 6347 6346 6351
f 10944 10943 10945 10946
f 10944 10946 10947 6344
f 10944 6344 6343 6347
f 10947 10946 10948 10949
f 10947 10949 2313 6339
f 10947 6339 6338 6344
f 10949 10948 10950 10951
f 10949 10951 2314 2313
f 10951 10950 10952 10953
f 10951 10953 2315 2314
f 10953 10952 10954 10955
f 10953 10955 10956 2315
f 10956 10955 10957 10958
f 10956 10958 10959 10960
f 10956 10960 2311 2315
f 10960 10959 5597 5595
f 10960 5595 2312 2311
f 10959 10958 10961 10962
f 10959 10962 10963 5597
f 10963 10962 10964 10965
f 10963 10965 10966 5601
f 10963 5601 5598 5597
f 10966 5606 5602 5601
f 10966 10965 1719 1718
f 10966 1718 5612 5606
f 10965 10964 1720 1719
f 10964 10967 10968 1720
f 10964 10962 10961 10967
f 10968 5631 5627 5626
f 10968 5626 1721 1720
f 10968 10967 10969 5631
f 10969 5636 5632 5631
f 10969 10967 10961 10970
f 10969 10970 10971 5636
f 10971 5641 5637 5636
f 10971 10970 10957 10972
f 10971 10972 10973 5641
f 10973 5646 5642 5641
f 10973 10972 10954 10974
f 10973 10974 10975 5646
f 10975 5651 5647 5646
f 10975 10974 10976 10977
f 10975 10977 10978 5651
f 10978 5656 5652 5651
f 10978 10977 10979 10980
f 10978 10980 10981 5656
f 10981 5661 5657 5656
f 10981 10980 10982 10983
f 10981 10983 10984 5661
f 10984 5666 5662 5661
f 10984 10983 10985 10986
f 10984 10986 10987 5666
f 10987 5671 5667 5666
f 10987 10986 10988 10989
f 10987 10989 10990 5671
f 10990 5676 5672 5671
f 10990 10989 10991 10992
f 10990 10992 10993 5676
f 10993 5681 5677 5676
f 10993 10992 10994 10995
f 10993 10995 10996 5681
f 10996 5684 5682 5681
f 10996 10995 10997 10998
f 10996 10998 5686 5684
f 10998 10997 10999 11000
f 10998 11000 5688 5686
f 11000 10999 10924 10923
f 11000 10923 5690 5688
f 10999 10997 11001 11002
f 10999 11002 10925 10924
f 11002 11001 11003 10930
f 11002 10930 10927 10925
f 11003 11001 10994 11004
f 11003 11004 11005 10933
f 11003 10933 10931 10930
f 11005 11004 10991 11006
f 11005 11006 11007 10936
f 11005 10936 10934 10933
f 11007 11006 10988 11008
f 11007 11008 11009 10939
f 11007 10939 10937 10936
f 11009 11008 10985 11010
f 11009 11010 11011 10942
f 11009 10942 10940 10939
f 11011 11010 10982 11012
f 11011 11012 11013 10945
f 11011 10945 10943 10942
f 11013 11012 10979 11014
f 11013 11014 10950 10948
f 11013 10948 10946 10945
f 11014 10979 10977 10976
f 11014 10976 10952 10950
f 11012 10982 10980 10979
f 11010 10985 10983 10982
f 11008 10988 10986 10985
f 11006 10991 10989 10988
f 11004 10994 10992 10991
f 11001 10997 10995 10994
f 10976 10974 10954 10952
f 10972 10957 10955 10954
f 10970 10961 10958 10957
f 10923 10921 5692 5690
f 10918 1889 5700 5698
f 6352 6348 1579 1578
f 6341 6340 1577 1576
f 6339 2313 2308 6334
f 6305 6303 6302 1678
f 6207 5437 5435 1466
f 6207 1466 1465 6202
f 6207 6206 5439 5437
f 6194 6193 1288 1292
f 6159 6007 6005 6004
f 6152 6025 6023 6022
f 6148 6028 6026 6025
f 6144 6031 6029 6028
f 6140 6034 6032 6031
f 6136 6037 6035 6034
f 6132 6040 6038 6037
f 6128 6043 6041 6040
f 6118 6117 6047 6045
f 6117 6113 6112 11015
f 6117 11015 6049 6047
f 11015 6112 11016 11017
f 11015 11017 6051 6049
f 11017 11016 11018 11019
f 11017 11019 6053 6051
f 11019 11018 11020 11021
f 11019 11021 11022 6053
f 11022 11021 11023 11024
f 11022 11024 11025 6056
f 11022 6056 6054 6053
f 11025 11024 11026 11027
f 11025 11027 11028 6059
f 11025 6059 6057 6056
f 11028 11027 11029 11030
f 11028 11030 11031 11032
f 11028 11032 6060 6059
f 11032 11031 11033 6064
f 11032 6064 6061 6060
f 11033 11031 11034 11035
f 11033 11035 11036 6067
f 11033 6067 6065 6064
f 11036 11035 11037 11038
f 11036 11038 11039 11040
f 11036 11040 6068 6067
f 11040 11039 11041 11042
f 11040 11042 6069 6068
f 11042 11041 11043 11044
f 11042 11044 6071 6069
f 11044 11043 11045 11046
f 11044 11046 6073 6071
f 11046 11045 11047 11048
f 11046 11048 6075 6073
f 11048 11047 11049 11050
f 11048 11050 6077 6075
f 11050 11049 11051 11052
f 11050 11052 6079 6077
f 11052 11051 11053 11054
f 11052 11054 6081 6079
f 11054 11053 11055 11056
f 11054 11056 11057 6081
f 11057 6084 6082 6081
f 11057 11056 11058 11059
f 11057 11059 11060 6084
f 11060 6087 6085 6084
f 11060 11059 11061 11062
f 11060 11062 6089 6087
f 11062 11061 11063 11064
f 11062 11064 6091 6089
f 11064 11063 11065 11066
f 11064 11066 6093 6091
f 11066 11065 11067 11068
f 11066 11068 11069 6093
f 11069 6097 6094 6093
f 11069 11068 11070 11071
f 11069 11071 11072 6097
f 11072 6102 6098 6097
f 11072 11071 11073 11074
f 11072 11074 11075 6102
f 11075 6107 6103 6102
f 11075 11074 11020 11018
f 11075 11018 11016 6107
f 11074 11073 11076 11020
f 11076 11073 11077 11078
f 11076 11078 11079 11023
f 11076 11023 11021 11020
f 11079 11078 11080 11081
f 11079 11081 11082 11026
f 11079 11026 11024 11023
f 11082 11081 11083 11084
f 11082 11084 11085 11029
f 11082 11029 11027 11026
f 11085 11084 2091 11086
f 11085 11086 11087 11088
f 11085 11088 11030 11029
f 11088 11087 11089 11034
f 11088 11034 11031 11030
f 11089 11087 11090 11091
f 11089 11091 11092 11037
f 11089 11037 11035 11034
f 11092 11091 11093 11094
f 11092 11094 11095 11096
f 11092 11096 11038 11037
f 11096 11095 11097 11098
f 11096 11098 11039 11038
f 11098 11097 11099 11100
f 11098 11100 11041 11039
f 11100 11099 11101 11102
f 11100 11102 11043 11041
f 11102 11101 2304 2303
f 11102 2303 11045 11043
f 11101 11099 11103 11104
f 11101 11104 2305 2304
f 11104 11103 11105 11106
f 11104 11106 11107 2305
f 11107 11108 2300 2305
f 11107 11106 2066 11109
f 11107 11109 11110 11108
f 11110 11111 11112 11108
f 11110 11109 11113 11114
f 11110 11114 11115 11111
f 11115 11055 11053 11111
f 11115 11114 11116 11117
f 11115 11117 11118 11055
f 11118 11058 11056 11055
f 11118 11117 11119 11120
f 11118 11120 11121 11058
f 11121 11061 11059 11058
f 11121 11120 11122 11123
f 11121 11123 11063 11061
f 11123 11122 11124 11125
f 11123 11125 11065 11063
f 11125 11124 11126 11127
f 11125 11127 11067 11065
f 11127 11126 11128 11129
f 11127 11129 11130 11067
f 11130 11070 11068 11067
f 11130 11129 11131 11132
f 11130 11132 11077 11070
f 11132 11131 11133 11080
f 11132 11080 11078 11077
f 11133 11131 11134 2088
f 11133 2088 2087 11083
f 11133 11083 11081 11080
f 11134 11131 11129 11128
f 11134 11128 11135 11136
f 11134 11136 2089 2088
f 11136 11135 11137 11138
f 11136 11138 2092 2089
f 11138 11137 11139 11140
f 11138 11140 11141 2092
f 11141 11142 2090 2092
f 11141 11140 11143 11144
f 11141 11144 11090 11142
f 11144 11143 11145 11093
f 11144 11093 11091 11090
f 11145 11143 11146 11147
f 11145 11147 11148 11149
f 11145 11149 11094 11093
f 11149 11148 11150 11151
f 11149 11151 11095 11094
f 11151 11150 11152 11153
f 11151 11153 11097 11095
f 11153 11152 11105 11103
f 11153 11103 11099 11097
f 11152 11150 11154 2062
f 11152 2062 2061 11105
f 11154 11150 11148 1433
f 11154 1433 1432 11155
f 11154 11155 2063 2062
f 11155 1432 1431 11156
f 11155 11156 2064 2063
f 11156 11157 11158 2064
f 11156 1431 11159 11157
f 11159 11160 11161 11157
f 11159 1431 1430 11162
f 11159 11162 11163 11160
f 11163 11164 11165 11160
f 11163 11162 11166 11167
f 11163 11167 11168 11164
f 11168 11126 11124 11164
f 11168 11167 11137 11135
f 11168 11135 11128 11126
f 11167 11166 11139 11137
f 11166 11162 1430 1429
f 11166 1429 11146 11139
f 11165 11122 11120 11119
f 11165 11119 11161 11160
f 11165 11164 11124 11122
f 11161 11119 11117 11116
f 11161 11116 11158 11157
f 11158 11116 11114 11113
f 11158 11113 2065 2064
f 11148 11147 1428 1433
f 11147 11146 1429 1428
f 11146 11143 11140 11139
f 11142 11086 2091 2090
f 11142 11090 11087 11086
f 11113 11109 2066 2065
f 11112 11051 11049 2301
f 11112 2301 2300 11108
f 11112 11111 11053 11051
f 11106 11105 2061 2066
f 11084 11083 2087 2091
f 11077 11073 11071 11070
f 11049 11047 2302 2301
f 11047 11045 2303 2302
f 11016 6112 6108 6107
f 6101 1462 1461 6096
f 5990 5982 5978 5977
f 5986 5325 5323 11169
f 5986 11169 5981 5980
f 5986 5985 5327 5325
f 11169 5323 5322 11170
f 11169 11170 11171 5981
f 11171 11170 11172 11173
f 11171 11173 11174 5976
f 11171 5976 5975 5981
f 11174 11173 11175 11176
f 11174 11176 11177 5971
f 11174 5971 5970 5976
f 11177 11176 11178 11179
f 11177 11179 11180 5966
f 11177 5966 5965 5971
f 11180 11179 11181 11182
f 11180 11182 1286 1285
f 11180 1285 5961 5966
f 11182 11181 11183 11184
f 11182 11184 1287 1286
f 11184 11183 11185 11186
f 11184 11186 11187 1287
f 11187 11186 11188 11189
f 11187 11189 2342 2341
f 11187 2341 1281 1287
f 11189 11188 1982 1080
f 11189 1080 1981 2342
f 11188 11190 11191 1982
f 11188 11186 11185 11190
f 11191 5301 5299 5298
f 11191 5298 1983 1982
f 11191 11190 11192 5301
f 11192 5304 5302 5301
f 11192 11190 11185 11193
f 11192 11193 11194 5304
f 11194 5307 5305 5304
f 11194 11193 11195 11196
f 11194 11196 11197 5307
f 11197 5310 5308 5307
f 11197 11196 11198 11199
f 11197 11199 5312 5310
f 11199 11198 11200 11201
f 11199 11201 5314 5312
f 11201 11200 11175 11202
f 11201 11202 5316 5314
f 11202 11175 11173 11172
f 11202 11172 5318 5316
f 11200 11198 11203 11178
f 11200 11178 11176 11175
f 11203 11198 11196 11195
f 11203 11195 11183 11181
f 11203 11181 11179 11178
f 11195 11193 11185 11183
f 11172 11170 5322 5318
f 5985 5332 5329 5327
f 5950 5949 1415 1414
f 5925 5903 5900 5898
f 5895 2382 2381 5890
f 5878 1744 1743 5873
f 5860 5858 5857 1759
f 5820 5819 2082 2149
f 5816 5812 1172 1176
f 5811 1443 1442 5808
f 5806 5805 1177 1174
f 5778 5777 1266 1270
f 5703 5701 5700 2358
f 5700 1889 1888 2358
f 5680 5203 11204 11205
f 5680 11205 5675 5674
f 5680 5679 5204 5203
f 11205 11204 11206 11207
f 11205 11207 11208 5675
f 11208 11207 11209 11210
f 11208 11210 11211 5670
f 11208 5670 5669 5675
f 11211 11210 11212 11213
f 11211 11213 11214 5665
f 11211 5665 5664 5670
f 11214 11213 11215 11216
f 11214 11216 11217 5660
f 11214 5660 5659 5665
f 11217 11216 11218 11219
f 11217 11219 11220 5655
f 11217 5655 5654 5660
f 11220 11219 11221 11222
f 11220 11222 11223 5650
f 11220 5650 5649 5655
f 11223 11222 11224 11225
f 11223 11225 11226 5645
f 11223 5645 5644 5650
f 11226 11225 11227 11228
f 11226 11228 11229 5640
f 11226 5640 5639 5645
f 11229 11228 11230 11231
f 11229 11231 11232 5635
f 11229 5635 5634 5640
f 11232 11231 11233 11234
f 11232 11234 11235 5630
f 11232 5630 5629 5635
f 11235 11234 11236 11237
f 11235 11237 11238 5625
f 11235 5625 5624 5630
f 11238 11237 11239 11240
f 11238 11240 11241 5621
f 11238 5621 5620 5625
f 11241 11240 11242 11243
f 11241 11243 11244 5618
f 11241 5618 5617 5621
f 11244 11243 11245 11246
f 11244 11246 2464 2463
f 11244 2463 2468 5618
f 11246 11245 11247 11248
f 11246 11248 11249 2464
f 11249 11248 11250 11251
f 11249 11251 5610 5609
f 11249 5609 2465 2464
f 11251 11250 11252 11253
f 11251 11253 11254 5610
f 11254 11253 11255 11256
f 11254 11256 1632 5605
f 11254 5605 5604 5610
f 11256 11255 11257 11258
f 11256 11258 1633 1632
f 11258 11257 11259 11260
f 11258 11260 1634 1633
f 11260 11259 11261 11262
f 11260 11262 11263 1634
f 11263 11262 11264 11265
f 11263 11265 11266 11267
f 11263 11267 1629 1634
f 11267 11266 11268 5586
f 11267 5586 1630 1629
f 11268 11266 11269 11270
f 11268 11270 11271 5582
f 11268 5582 5581 5586
f 11271 11270 11272 11273
f 11271 11273 11274 5577
f 11271 5577 5576 5582
f 11274 11273 11275 11276
f 11274 11276 11277 5572
f 11274 5572 5571 5577
f 11277 11276 11278 11279
f 11277 11279 11280 5567
f 11277 5567 5566 5572
f 11280 11279 11281 11282
f 11280 11282 11283 5562
f 11280 5562 5561 5567
f 11283 11282 11284 11285
f 11283 11285 11286 5557
f 11283 5557 5556 5562
f 11286 11285 11287 11288
f 11286 11288 11289 5552
f 11286 5552 5551 5557
f 11289 11288 11290 11291
f 11289 11291 11292 5547
f 11289 5547 5546 5552
f 11292 11291 11293 11294
f 11292 11294 11295 5542
f 11292 5542 5541 5547
f 11295 11294 11296 11297
f 11295 11297 11298 5537
f 11295 5537 5536 5542
f 11298 11297 11299 11300
f 11298 11300 11301 5532
f 11298 5532 5531 5537
f 11301 11300 11302 11303
f 11301 11303 11304 5527
f 11301 5527 5526 5532
f 11304 11303 11305 11306
f 11304 11306 11307 5522
f 11304 5522 5521 5527
f 11307 11306 11308 11309
f 11307 11309 11310 5517
f 11307 5517 5516 5522
f 11310 11309 11311 11312
f 11310 11312 11313 5512
f 11310 5512 5511 5517
f 11313 11312 11314 11315
f 11313 11315 11316 5507
f 11313 5507 5506 5512
f 11316 11315 11317 11318
f 11316 11318 1219 5502
f 11316 5502 5501 5507
f 11318 11317 11319 11320
f 11318 11320 1216 1219
f 11320 11319 11321 11322
f 11320 11322 1217 1216
f 11322 11321 11323 11324
f 11322 11324 11325 1217
f 11325 4935 4931 4930
f 11325 4930 1218 1217
f 11325 11324 11326 4935
f 11326 4940 4936 4935
f 11326 11324 11323 11327
f 11326 11327 11328 4940
f 11328 4945 4941 4940
f 11328 11327 2210 11329
f 11328 11329 11330 4945
f 11330 4950 4946 4945
f 11330 11329 2209 11331
f 11330 11331 11332 4950
f 11332 4955 4951 4950
f 11332 11331 11333 11334
f 11332 11334 11335 4955
f 11335 4960 4956 4955
f 11335 11334 11336 11337
f 11335 11337 11338 4960
f 11338 4963 4961 4960
f 11338 11337 11339 11340
f 11338 11340 4965 4963
f 11340 11339 11341 11342
f 11340 11342 11343 4965
f 11343 4969 4966 4965
f 11343 11342 11344 11345
f 11343 11345 2217 4969
f 11345 11344 11346 11347
f 11345 11347 2218 2217
f 11347 11346 11348 11349
f 11347 11349 2219 2218
f 11349 11348 11350 11351
f 11349 11351 11352 2219
f 11352 11353 2220 2219
f 11352 11351 11354 11355
f 11352 11355 11356 11353
f 11356 11357 4972 11353
f 11356 11355 11358 11359
f 11356 11359 2326 11357
f 11359 11358 11360 11361
f 11359 11361 2322 2326
f 11361 11360 11362 11363
f 11361 11363 2323 2322
f 11363 11362 11364 2351
f 11363 2351 2350 2323
f 11364 11362 11365 4989
f 11364 4989 4987 4986
f 11364 4986 2352 2351
f 11365 11362 11360 11366
f 11365 11366 11367 4992
f 11365 4992 4990 4989
f 11367 11366 11368 11369
f 11367 11369 11370 4995
f 11367 4995 4993 4992
f 11370 11369 11371 11372
f 11370 11372 11373 4998
f 11370 4998 4996 4995
f 11373 11372 11374 11375
f 11373 11375 11376 5001
f 11373 5001 4999 4998
f 11376 11375 11377 11378
f 11376 11378 5006 5004
f 11376 5004 5002 5001
f 11378 11377 11379 11380
f 11378 11380 5008 5006
f 11380 11379 11381 11382
f 11380 11382 5010 5008
f 11382 11381 11383 11384
f 11382 11384 11385 5010
f 11385 11384 11386 11387
f 11385 11387 11388 5013
f 11385 5013 5011 5010
f 11388 11387 11389 11390
f 11388 11390 11391 5016
f 11388 5016 5014 5013
f 11391 11390 2207 2214
f 11391 2214 11392 11393
f 11391 11393 5017 5016
f 11393 11392 11394 11395
f 11393 11395 5018 5017
f 11395 11394 11396 11397
f 11395 11397 5020 5018
f 11397 11396 11398 11399
f 11397 11399 5022 5020
f 11399 11398 11400 11401
f 11399 11401 11402 5022
f 11402 11401 11403 11404
f 11402 11404 11405 5025
f 11402 5025 5023 5022
f 11405 11404 11406 5046
f 11405 5046 5031 5029
f 11405 5029 5026 5025
f 11406 11404 11403 11407
f 11406 11407 11408 5050
f 11406 5050 5047 5046
f 11408 5055 5051 5050
f 11408 11407 11409 11410
f 11408 11410 11411 5055
f 11411 5060 5056 5055
f 11411 11410 11412 11413
f 11411 11413 11414 5060
f 11414 5065 5061 5060
f 11414 11413 11415 11416
f 11414 11416 11417 5065
f 11417 5070 5066 5065
f 11417 11416 11418 11419
f 11417 11419 11420 5070
f 11420 5075 5071 5070
f 11420 11419 11421 11422
f 11420 11422 11423 5075
f 11423 5080 5076 5075
f 11423 11422 11424 11425
f 11423 11425 11426 5080
f 11426 5085 5081 5080
f 11426 11425 11427 11428
f 11426 11428 11429 5085
f 11429 5090 5086 5085
f 11429 11428 11430 11431
f 11429 11431 11432 5090
f 11432 5095 5091 5090
f 11432 11431 11433 11434
f 11432 11434 11435 5095
f 11435 5100 5096 5095
f 11435 11434 11436 11437
f 11435 11437 11438 5100
f 11438 5103 5101 5100
f 11438 11437 11439 11440
f 11438 11440 11441 5103
f 11441 5106 5104 5103
f 11441 11440 11442 11443
f 11441 11443 5108 5106
f 11443 11442 11444 11445
f 11443 11445 5110 5108
f 11445 11444 11446 11447
f 11445 11447 5112 5110
f 11447 11446 11448 11449
f 11447 11449 11450 5112
f 11450 5115 5113 5112
f 11450 11449 11451 11452
f 11450 11452 11453 5115
f 11453 5118 5116 5115
f 11453 11452 11454 11455
f 11453 11455 11456 5118
f 11456 5121 5119 5118
f 11456 11455 11457 11458
f 11456 11458 11459 5121
f 11459 5124 5122 5121
f 11459 11458 11460 11461
f 11459 11461 11462 5124
f 11462 5127 5125 5124
f 11462 11461 11463 11464
f 11462 11464 11465 5127
f 11465 5130 5128 5127
f 11465 11464 11466 11467
f 11465 11467 11468 5130
f 11468 5133 5131 5130
f 11468 11467 11469 11470
f 11468 11470 11471 5133
f 11471 5136 5134 5133
f 11471 11470 11472 11473
f 11471 11473 11474 5136
f 11474 5139 5137 5136
f 11474 11473 11475 11476
f 11474 11476 11477 5139
f 11477 5142 5140 5139
f 11477 11476 11478 11479
f 11477 11479 11480 5142
f 11480 5145 5143 5142
f 11480 11479 11481 11482
f 11480 11482 11483 5145
f 11483 5148 5146 5145
f 11483 11482 11484 11485
f 11483 11485 11486 5148
f 11486 5151 5149 5148
f 11486 11485 11487 11488
f 11486 11488 11489 5151
f 11489 5154 5152 5151
f 11489 11488 11490 11491
f 11489 11491 5160 5154
f 11491 11490 11492 5163
f 11491 5163 5161 5160
f 11492 11490 11493 11494
f 11492 11494 11495 11496
f 11492 11496 5164 5163
f 11496 11495 11497 11498
f 11496 11498 5165 5164
f 11498 11497 11499 11500
f 11498 11500 5167 5165
f 11500 11499 11501 11502
f 11500 11502 5169 5167
f 11502 11501 11503 11504
f 11502 11504 5171 5169
f 11504 11503 11505 11506
f 11504 11506 5173 5171
f 11506 11505 11507 11508
f 11506 11508 11509 5173
f 11509 5176 5174 5173
f 11509 11508 11510 5184
f 11509 5184 5182 5176
f 11510 11508 11507 11511
f 11510 11511 11512 5187
f 11510 5187 5185 5184
f 11512 11511 11513 11514
f 11512 11514 11515 11516
f 11512 11516 5188 5187
f 11516 11515 11517 11518
f 11516 11518 5189 5188
f 11518 11517 11519 11520
f 11518 11520 5191 5189
f 11520 11519 11209 11521
f 11520 11521 5193 5191
f 11521 11209 11207 11206
f 11521 11206 5195 5193
f 11519 11517 11522 11212
f 11519 11212 11210 11209
f 11522 11517 11515 11523
f 11522 11523 11524 11215
f 11522 11215 11213 11212
f 11524 11523 11525 11526
f 11524 11526 11527 11218
f 11524 11218 11216 11215
f 11527 11526 11528 11529
f 11527 11529 11530 11221
f 11527 11221 11219 11218
f 11530 11529 11531 11532
f 11530 11532 11533 11224
f 11530 11224 11222 11221
f 11533 11532 11534 11535
f 11533 11535 11536 11227
f 11533 11227 11225 11224
f 11536 11535 11537 11538
f 11536 11538 11539 11230
f 11536 11230 11228 11227
f 11539 11538 11540 11541
f 11539 11541 11542 11233
f 11539 11233 11231 11230
f 11542 11541 11543 11544
f 11542 11544 11545 11236
f 11542 11236 11234 11233
f 11545 11544 11546 11547
f 11545 11547 11548 11239
f 11545 11239 11237 11236
f 11548 11547 11549 11550
f 11548 11550 11551 11242
f 11548 11242 11240 11239
f 11551 11550 11552 11553
f 11551 11553 11247 11245
f 11551 11245 11243 11242
f 11553 11552 11554 11555
f 11553 11555 11556 11247
f 11556 11555 11557 11558
f 11556 11558 11252 11250
f 11556 11250 11248 11247
f 11558 11557 11559 11560
f 11558 11560 11561 11252
f 11561 11560 11562 11563
f 11561 11563 11257 11255
f 11561 11255 11253 11252
f 11563 11562 11564 11565
f 11563 11565 11259 11257
f 11565 11564 11566 11567
f 11565 11567 11261 11259
f 11567 11566 11568 11569
f 11567 11569 11570 11261
f 11570 11569 11571 11572
f 11570 11572 11573 11264
f 11570 11264 11262 11261
f 11573 11572 11574 11575
f 11573 11575 11576 11577
f 11573 11577 11265 11264
f 11577 11576 11578 11269
f 11577 11269 11266 11265
f 11578 11576 11579 11580
f 11578 11580 11581 11272
f 11578 11272 11270 11269
f 11581 11580 11582 11583
f 11581 11583 11584 11275
f 11581 11275 11273 11272
f 11584 11583 11585 11586
f 11584 11586 11587 11278
f 11584 11278 11276 11275
f 11587 11586 11588 11589
f 11587 11589 11590 11281
f 11587 11281 11279 11278
f 11590 11589 11591 11592
f 11590 11592 11593 11284
f 11590 11284 11282 11281
f 11593 11592 11594 11595
f 11593 11595 11596 11287
f 11593 11287 11285 11284
f 11596 11595 11597 11598
f 11596 11598 11599 11290
f 11596 11290 11288 11287
f 11599 11598 11600 11601
f 11599 11601 11602 11293
f 11599 11293 11291 11290
f 11602 11601 11603 11604
f 11602 11604 11605 11296
f 11602 11296 11294 11293
f 11605 11604 11606 11607
f 11605 11607 11608 11299
f 11605 11299 11297 11296
f 11608 11607 11609 11610
f 11608 11610 11611 11302
f 11608 11302 11300 11299
f 11611 11610 11612 11613
f 11611 11613 11614 11305
f 11611 11305 11303 11302
f 11614 11613 11615 11616
f 11614 11616 11617 11308
f 11614 11308 11306 11305
f 11617 11616 11618 11619
f 11617 11619 11620 11311
f 11617 11311 11309 11308
f 11620 11619 11621 11622
f 11620 11622 11623 11314
f 11620 11314 11312 11311
f 11623 11622 11624 11625
f 11623 11625 11319 11317
f 11623 11317 11315 11314
f 11625 11624 11626 11627
f 11625 11627 11321 11319
f 11627 11626 2212 2211
f 11627 2211 11323 11321
f 11626 11628 2215 2212
f 11626 11624 11629 11628
f 11629 11630 11631 11628
f 11629 11624 11622 11621
f 11629 11621 11632 11630
f 11632 11633 11634 11630
f 11632 11621 11619 11618
f 11632 11618 11635 11633
f 11635 11636 11637 11633
f 11635 11618 11616 11615
f 11635 11615 11638 11636
f 11638 11639 11640 11636
f 11638 11615 11613 11612
f 11638 11612 11641 11639
f 11641 11642 11643 11639
f 11641 11612 11610 11609
f 11641 11609 11644 11642
f 11644 11645 11646 11642
f 11644 11609 11607 11606
f 11644 11606 11647 11645
f 11647 11648 11649 11645
f 11647 11606 11604 11603
f 11647 11603 11650 11648
f 11650 11651 11652 11648
f 11650 11603 11601 11600
f 11650 11600 11653 11651
f 11653 11654 11655 11651
f 11653 11600 11598 11597
f 11653 11597 11656 11654
f 11656 11657 11658 11654
f 11656 11597 11595 11594
f 11656 11594 11659 11657
f 11659 11660 11661 11657
f 11659 11594 11592 11591
f 11659 11591 11662 11660
f 11662 11663 11664 11660
f 11662 11591 11589 11588
f 11662 11588 11665 11663
f 11665 11666 11667 11663
f 11665 11588 11586 11585
f 11665 11585 11668 11666
f 11668 11669 11670 11666
f 11668 11585 11583 11582
f 11668 11582 11671 11669
f 11671 11672 11673 11669
f 11671 11582 11580 11579
f 11671 11579 11674 11672
f 11674 11675 11676 11672
f 11674 11579 11576 11575
f 11674 11575 11574 11675
f 11676 11677 11678 11679
f 11676 11679 11673 11672
f 11676 11675 11680 11677
f 11680 11681 11682 11677
f 11680 11675 11574 11683
f 11680 11683 11684 11681
f 11684 11685 11686 11681
f 11684 11683 11571 11687
f 11684 11687 11688 11685
f 11688 11689 11690 11685
f 11688 11687 11568 11691
f 11688 11691 11692 11689
f 11692 11693 11694 11689
f 11692 11691 11695 11696
f 11692 11696 11697 11693
f 11697 11698 11699 11693
f 11697 11696 11700 11701
f 11697 11701 11702 11698
f 11702 11703 11704 11698
f 11702 11701 11705 11706
f 11702 11706 11707 11703
f 11707 11708 11709 11703
f 11707 11706 11710 11711
f 11707 11711 11712 11708
f 11712 11713 11714 11708
f 11712 11711 11715 11716
f 11712 11716 11717 11713
f 11717 11718 11719 11713
f 11717 11716 11720 11721
f 11717 11721 11722 11718
f 11722 11723 11724 11718
f 11722 11721 11725 11726
f 11722 11726 11727 11723
f 11727 11728 11729 11723
f 11727 11726 11730 11731
f 11727 11731 11732 11728
f 11732 11733 11734 11728
f 11732 11731 11735 11736
f 11732 11736 11737 11733
f 11737 11738 11739 11733
f 11737 11736 11740 11741
f 11737 11741 11742 11738
f 11742 11499 11497 11738
f 11742 11741 11743 11744
f 11742 11744 11501 11499
f 11744 11743 11745 11746
f 11744 11746 11503 11501
f 11746 11745 11747 11748
f 11746 11748 11505 11503
f 11748 11747 11749 11750
f 11748 11750 11507 11505
f 11750 11749 11751 11513
f 11750 11513 11511 11507
f 11751 11749 11752 11528
f 11751 11528 11526 11525
f 11751 11525 11514 11513
f 11752 11749 11747 11753
f 11752 11753 11754 11531
f 11752 11531 11529 11528
f 11754 11753 11755 11756
f 11754 11756 11757 11534
f 11754 11534 11532 11531
f 11757 11756 11758 11759
f 11757 11759 11760 11537
f 11757 11537 11535 11534
f 11760 11759 11761 11762
f 11760 11762 11763 11540
f 11760 11540 11538 11537
f 11763 11762 11764 11765
f 11763 11765 11766 11543
f 11763 11543 11541 11540
f 11766 11765 11767 11768
f 11766 11768 11769 11546
f 11766 11546 11544 11543
f 11769 11768 11770 11771
f 11769 11771 11772 11549
f 11769 11549 11547 11546
f 11772 11771 11773 11774
f 11772 11774 11554 11552
f 11772 11552 11550 11549
f 11774 11773 11775 11776
f 11774 11776 11777 11554
f 11777 11776 11778 11779
f 11777 11779 11559 11557
f 11777 11557 11555 11554
f 11779 11778 11705 11780
f 11779 11780 11781 11559
f 11781 11780 11700 11782
f 11781 11782 11564 11562
f 11781 11562 11560 11559
f 11782 11700 11696 11695
f 11782 11695 11566 11564
f 11780 11705 11701 11700
f 11778 11710 11706 11705
f 11778 11776 11775 11710
f 11775 11715 11711 11710
f 11775 11773 11783 11715
f 11783 11720 11716 11715
f 11783 11773 11771 11770
f 11783 11770 11784 11720
f 11784 11725 11721 11720
f 11784 11770 11768 11767
f 11784 11767 11785 11725
f 11785 11730 11726 11725
f 11785 11767 11765 11764
f 11785 11764 11786 11730
f 11786 11735 11731 11730
f 11786 11764 11762 11761
f 11786 11761 11787 11735
f 11787 11740 11736 11735
f 11787 11761 11759 11758
f 11787 11758 11788 11740
f 11788 11743 11741 11740
f 11788 11758 11756 11755
f 11788 11755 11745 11743
f 11755 11753 11747 11745
f 11739 11495 11494 11789
f 11739 11789 11734 11733
f 11739 11738 11497 11495
f 11789 11494 11493 11790
f 11789 11790 11791 11734
f 11791 11790 11792 11793
f 11791 11793 11794 11729
f 11791 11729 11728 11734
f 11794 11793 11795 11796
f 11794 11796 11797 11724
f 11794 11724 11723 11729
f 11797 11796 11798 11799
f 11797 11799 11800 11719
f 11797 11719 11718 11724
f 11800 11799 11801 11802
f 11800 11802 11803 11714
f 11800 11714 11713 11719
f 11803 11802 11804 11805
f 11803 11805 11806 11709
f 11803 11709 11708 11714
f 11806 11805 11807 11808
f 11806 11808 11809 11704
f 11806 11704 11703 11709
f 11809 11808 11810 11811
f 11809 11811 11812 11699
f 11809 11699 11698 11704
f 11812 11811 11813 11814
f 11812 11814 11815 11694
f 11812 11694 11693 11699
f 11815 11814 11816 11817
f 11815 11817 11818 11690
f 11815 11690 11689 11694
f 11818 11817 11819 11820
f 11818 11820 11821 11686
f 11818 11686 11685 11690
f 11821 11820 11822 11823
f 11821 11823 11824 11682
f 11821 11682 11681 11686
f 11824 11823 11825 11826
f 11824 11826 11827 11678
f 11824 11678 11677 11682
f 11827 11826 11828 11829
f 11827 11829 11830 11831
f 11827 11831 11679 11678
f 11831 11830 11832 11833
f 11831 11833 11673 11679
f 11833 11832 11834 11670
f 11833 11670 11669 11673
f 11834 11832 11835 11836
f 11834 11836 11837 11667
f 11834 11667 11666 11670
f 11837 11836 11838 11839
f 11837 11839 11840 11664
f 11837 11664 11663 11667
f 11840 11839 11841 11842
f 11840 11842 11843 11661
f 11840 11661 11660 11664
f 11843 11842 11844 11845
f 11843 11845 11846 11658
f 11843 11658 11657 11661
f 11846 11845 11847 11848
f 11846 11848 11849 11655
f 11846 11655 11654 11658
f 11849 11848 11850 11851
f 11849 11851 11852 11652
f 11849 11652 11651 11655
f 11852 11851 11853 11854
f 11852 11854 11855 11649
f 11852 11649 11648 11652
f 11855 11854 11856 11857
f 11855 11857 11858 11646
f 11855 11646 11645 11649
f 11858 11857 11859 11860
f 11858 11860 11861 11643
f 11858 11643 11642 11646
f 11861 11860 11862 11863
f 11861 11863 11864 11640
f 11861 11640 11639 11643
f 11864 11863 11865 11866
f 11864 11866 11867 11637
f 11864 11637 11636 11640
f 11867 11866 11868 11869
f 11867 11869 11870 11634
f 11867 11634 11633 11637
f 11870 11869 11871 11872
f 11870 11872 11873 11631
f 11870 11631 11630 11634
f 11873 11872 11874 11875
f 11873 11875 2213 2215
f 11873 2215 11628 11631
f 11875 11874 11394 11392
f 11875 11392 2214 2213
f 11874 11876 11396 11394
f 11874 11872 11871 11876
f 11876 11877 11398 11396
f 11876 11871 11878 11877
f 11878 11879 11880 11877
f 11878 11871 11869 11868
f 11878 11868 11881 11879
f 11881 11882 11883 11879
f 11881 11868 11866 11865
f 11881 11865 11884 11882
f 11884 11885 11886 11882
f 11884 11865 11863 11862
f 11884 11862 11887 11885
f 11887 11888 11889 11885
f 11887 11862 11860 11859
f 11887 11859 11890 11888
f 11890 11891 11892 11888
f 11890 11859 11857 11856
f 11890 11856 11893 11891
f 11893 11894 11895 11891
f 11893 11856 11854 11853
f 11893 11853 11896 11894
f 11896 11897 11898 11894
f 11896 11853 11851 11850
f 11896 11850 11899 11897
f 11899 11900 11901 11897
f 11899 11850 11848 11847
f 11899 11847 11902 11900
f 11902 11903 11904 11900
f 11902 11847 11845 11844
f 11902 11844 11905 11903
f 11905 11906 11907 11903
f 11905 11844 11842 11841
f 11905 11841 11908 11906
f 11908 11909 11910 11906
f 11908 11841 11839 11838
f 11908 11838 11911 11909
f 11911 11912 11913 11909
f 11911 11838 11836 11835
f 11911 11835 11914 11912
f 11914 11915 11916 11912
f 11914 11835 11832 11830
f 11914 11830 11829 11915
f 11916 11446 11444 11917
f 11916 11917 11913 11912
f 11916 11915 11448 11446
f 11917 11444 11442 11918
f 11917 11918 11919 11913
f 11919 11918 11439 11920
f 11919 11920 11921 11910
f 11919 11910 11909 11913
f 11921 11920 11436 11922
f 11921 11922 11923 11907
f 11921 11907 11906 11910
f 11923 11922 11433 11924
f 11923 11924 11925 11904
f 11923 11904 11903 11907
f 11925 11924 11430 11926
f 11925 11926 11927 11901
f 11925 11901 11900 11904
f 11927 11926 11427 11928
f 11927 11928 11929 11898
f 11927 11898 11897 11901
f 11929 11928 11424 11930
f 11929 11930 11931 11895
f 11929 11895 11894 11898
f 11931 11930 11421 11932
f 11931 11932 11933 11892
f 11931 11892 11891 11895
f 11933 11932 11418 11934
f 11933 11934 11935 11889
f 11933 11889 11888 11892
f 11935 11934 11415 11936
f 11935 11936 11937 11886
f 11935 11886 11885 11889
f 11937 11936 11412 11938
f 11937 11938 11939 11883
f 11937 11883 11882 11886
f 11939 11938 11409 11940
f 11939 11940 11400 11880
f 11939 11880 11879 11883
f 11940 11409 11407 11403
f 11940 11403 11401 11400
f 11938 11412 11410 11409
f 11936 11415 11413 11412
f 11934 11418 11416 11415
f 11932 11421 11419 11418
f 11930 11424 11422 11421
f 11928 11427 11425 11424
f 11926 11430 11428 11427
f 11924 11433 11431 11430
f 11922 11436 11434 11433
f 11920 11439 11437 11436
f 11918 11442 11440 11439
f 11915 11829 11828 11448
f 11880 11400 11398 11877
f 11828 11451 11449 11448
f 11828 11826 11825 11451
f 11825 11454 11452 11451
f 11825 11823 11822 11454
f 11822 11457 11455 11454
f 11822 11820 11819 11457
f 11819 11460 11458 11457
f 11819 11817 11816 11460
f 11816 11463 11461 11460
f 11816 11814 11813 11463
f 11813 11466 11464 11463
f 11813 11811 11810 11466
f 11810 11469 11467 11466
f 11810 11808 11807 11469
f 11807 11472 11470 11469
f 11807 11805 11804 11472
f 11804 11475 11473 11472
f 11804 11802 11801 11475
f 11801 11478 11476 11475
f 11801 11799 11798 11478
f 11798 11481 11479 11478
f 11798 11796 11795 11481
f 11795 11484 11482 11481
f 11795 11793 11792 11484
f 11792 11487 11485 11484
f 11792 11790 11493 11487
f 11695 11691 11568 11566
f 11687 11571 11569 11568
f 11683 11574 11572 11571
f 11525 11523 11515 11514
f 11493 11490 11488 11487
f 11390 11389 2208 2207
f 11389 11941 11333 2208
f 11389 11387 11386 11941
f 11941 11336 11334 11333
f 11941 11386 11942 11336
f 11942 11339 11337 11336
f 11942 11386 11384 11383
f 11942 11383 11341 11339
f 11383 11381 11943 11341
f 11943 11344 11342 11341
f 11943 11381 11379 11944
f 11943 11944 11346 11344
f 11944 11379 11377 11945
f 11944 11945 11348 11346
f 11945 11377 11375 11374
f 11945 11374 11350 11348
f 11374 11372 11371 11350
f 11371 11354 11351 11350
f 11371 11369 11368 11354
f 11368 11358 11355 11354
f 11368 11366 11360 11358
f 11357 4975 4973 4972
f 11357 2326 2325 4975
f 11353 4972 2221 2220
f 11333 11331 2209 2208
f 11329 2210 1115 2209
f 11327 11323 2211 2210
f 11206 11204 5197 5195
f 11204 5203 5201 5197
f 5626 5622 1722 1721
f 5615 5613 1717 1722
f 5613 5612 1718 1717
f 5605 1632 1631 5600
f 5502 1219 1213 5497
f 5435 5434 1457 1466
f 5434 5433 1458 1457
f 5298 5296 5295 1983
f 5249 5245 5243 5242
f 5160 5157 5155 5154
f 5099 4339 4337 11946
f 5099 11946 5094 5093
f 5099 5098 4341 4339
f 11946 4337 4333 4332
f 11946 4332 11947 5094
f 11947 4332 4328 4327
f 11947 4327 11948 5089
f 11947 5089 5088 5094
f 11948 4327 4323 4322
f 11948 4322 11949 5084
f 11948 5084 5083 5089
f 11949 4322 4318 4317
f 11949 4317 11950 5079
f 11949 5079 5078 5084
f 11950 4317 4313 4312
f 11950 4312 11951 5074
f 11950 5074 5073 5079
f 11951 4312 4308 4307
f 11951 4307 11952 5069
f 11951 5069 5068 5074
f 11952 4307 4303 4302
f 11952 4302 11953 5064
f 11952 5064 5063 5069
f 11953 4302 4298 4297
f 11953 4297 11954 5059
f 11953 5059 5058 5064
f 11954 4297 4293 4292
f 11954 4292 2334 5054
f 11954 5054 5053 5059
f 5054 2334 2332 5049
f 4986 4984 2353 2352
f 4981 4979 2354 2353
f 4979 4978 2355 2354
f 4978 2327 2324 2355
f 4976 4975 2325 2327
f 4970 4969 2217 2216
f 4930 4926 1220 1218
f 4922 4921 1214 1220
f 4920 1987 1986 4915
f 4906 4902 4900 4899
f 4873 4244 4243 1791
f 4849 4847 1088 2038
f 4847 4841 2033 1088
f 4710 4702 4700 4699
f 4692 4691 1387 1386
f 4691 4690 1388 1387
f 4671 2362 2361 4666
f 4652 4651 2364 2363
f 4622 1785 1784 4617
f 4601 4597 4595 4594
f 4528 4465 4461 4460
f 4526 4470 4466 4465
f 4524 4475 4471 4470
f 4524 4522 4521 4475
f 4521 4480 4476 4475
f 4521 4519 4518 4480
f 4518 4485 4481 4480
f 4518 4516 11955 4485
f 11955 4490 4486 4485
f 11955 4516 4514 4513
f 11955 4513 11956 4490
f 11956 4493 4491 4490
f 11956 4513 4511 11957
f 11956 11957 4495 4493
f 11957 4511 4509 4508
f 11957 4508 4497 4495
f 4508 4506 4499 4497
f 4489 11958 11959 11960
f 4489 11960 4484 4483
f 4489 4488 3958 11958
f 11960 11959 3946 11961
f 11960 11961 11962 4484
f 11962 11961 3941 11963
f 11962 11963 11964 4479
f 11962 4479 4478 4484
f 11964 11963 3936 11965
f 11964 11965 11966 4474
f 11964 4474 4473 4479
f 11966 11965 3931 11967
f 11966 11967 11968 4469
f 11966 4469 4468 4474
f 11968 11967 3926 11969
f 11968 11969 11970 4464
f 11968 4464 4463 4469
f 11970 11969 3921 11971
f 11970 11971 11972 4459
f 11970 4459 4458 4464
f 11972 11971 3916 11973
f 11972 11973 1424 4454
f 11972 4454 4453 4459
f 11973 3916 3912 3911
f 11973 3911 1425 1424
f 11971 3921 3917 3916
f 11969 3926 3922 3921
f 11967 3931 3927 3926
f 11965 3936 3932 3931
f 11963 3941 3937 3936
f 11961 3946 3942 3941
f 11959 3951 3947 3946
f 11959 11958 3953 3951
f 11958 3958 3955 3953
f 4454 1424 1423 4449
f 4433 4430 4426 4425
f 4429 11974 11975 11976
f 4429 11976 4424 4423
f 4429 4428 11977 11974
f 11977 11978 11979 11974
f 11977 4428 3893 3891
f 11977 3891 3889 11978
f 11979 11980 11981 11982
f 11979 11982 11975 11974
f 11979 11978 11983 11980
f 11983 11984 11985 11980
f 11983 11978 3889 3888
f 11983 3888 3887 11984
f 11985 3780 3776 3775
f 11985 3775 11981 11980
f 11985 11984 11986 3780
f 11986 3785 3781 3780
f 11986 11984 3887 11987
f 11986 11987 11988 3785
f 11988 3790 3786 3785
f 11988 11987 3884 11989
f 11988 11989 3794 3790
f 11989 3884 3882 11990
f 11989 11990 3795 3794
f 11990 3882 3880 3879
f 11990 3879 3797 3795
f 11987 3887 3885 3884
f 11982 11981 3770 11991
f 11982 11991 11992 11975
f 11992 11991 3765 11993
f 11992 11993 11994 11995
f 11992 11995 11976 11975
f 11995 11994 1165 11996
f 11995 11996 4424 11976
f 11996 1165 1164 4419
f 11996 4419 4418 4424
f 11994 11993 3760 11997
f 11994 11997 1166 1165
f 11997 3760 3756 3755
f 11997 3755 1167 1166
f 11993 3765 3761 3760
f 11991 3770 3766 3765
f 11981 3775 3771 3770
f 4419 1164 1163 4414
f 4410 1162 1171 11998
f 4410 11998 4405 4404
f 4410 4409 1163 1162
f 11998 1171 11999 12000
f 11998 12000 12001 4405
f 12001 12000 12002 12003
f 12001 12003 12004 4400
f 12001 4400 4399 4405
f 12004 12003 12005 12006
f 12004 12006 12007 4395
f 12004 4395 4394 4400
f 12007 12006 12008 2279
f 12007 2279 2278 4390
f 12007 4390 4389 4395
f 12008 12009 12010 12011
f 12008 12011 2280 2279
f 12008 12006 12005 12009
f 12011 12010 12012 12013
f 12011 12013 2283 2280
f 12013 12012 1799 1804
f 12013 1804 12014 2283
f 12014 12015 12016 12017
f 12014 12017 2284 2283
f 12014 1804 1803 12015
f 12017 12016 3681 12018
f 12017 12018 2285 2284
f 12018 3681 3679 3678
f 12018 3678 12019 2285
f 12019 3678 3676 3675
f 12019 3675 12020 12021
f 12019 12021 2281 2285
f 12021 12020 12022 12023
f 12021 12023 2282 2281
f 12023 12022 12024 12025
f 12023 12025 12026 2282
f 12026 12025 12027 4376
f 12026 4376 4375 4381
f 12026 4381 2276 2282
f 12027 12025 12024 12028
f 12027 12028 12029 4371
f 12027 4371 4370 4376
f 12029 12028 12030 12031
f 12029 12031 12032 4366
f 12029 4366 4365 4371
f 12032 12031 12033 12034
f 12032 12034 12035 4361
f 12032 4361 4360 4366
f 12035 12034 12036 12037
f 12035 12037 1896 1895
f 12035 1895 4356 4361
f 12037 12036 12038 12039
f 12037 12039 1897 1896
f 12039 12038 12040 12041
f 12039 12041 12042 1897
f 12042 12041 12043 12044
f 12042 12044 12045 12046
f 12042 12046 1898 1897
f 12046 12047 1899 1898
f 12046 12045 12048 12047
f 12048 12049 12050 12047
f 12048 12045 2031 12051
f 12048 12051 12052 12049
f 12052 12053 12054 12049
f 12052 12051 12055 12056
f 12052 12056 12057 12053
f 12057 12058 12059 12053
f 12057 12056 12060 12061
f 12057 12061 12062 12058
f 12062 12063 12064 12058
f 12062 12061 12065 12066
f 12062 12066 12067 12063
f 12067 12068 12069 12063
f 12067 12066 12070 12071
f 12067 12071 12072 12068
f 12072 12073 12074 12068
f 12072 12071 3606 3605
f 12072 3605 12075 12073
f 12075 12076 12077 12073
f 12075 3605 3603 3602
f 12075 3602 12078 12076
f 12078 12079 12080 12076
f 12078 3602 3600 12081
f 12078 12081 12082 12079
f 12082 12083 12084 12079
f 12082 12081 12085 12086
f 12082 12086 12087 12083
f 12087 12088 12089 12083
f 12087 12086 12090 12091
f 12087 12091 12092 12088
f 12092 12093 12094 12088
f 12092 12091 12095 12096
f 12092 12096 12097 12093
f 12097 12098 12099 12093
f 12097 12096 12100 12101
f 12097 12101 12102 12098
f 12102 12103 12104 12098
f 12102 12101 12105 12106
f 12102 12106 12107 12103
f 12107 12108 12109 12103
f 12107 12106 12110 12111
f 12107 12111 12112 12108
f 12112 12113 12114 12108
f 12112 12111 12115 12116
f 12112 12116 12117 12113
f 12117 12118 12119 12113
f 12117 12116 12120 2264
f 12117 2264 2263 12118
f 12120 12116 12115 12121
f 12120 12121 3575 12122
f 12120 12122 2265 2264
f 12122 3575 3573 3572
f 12122 3572 2266 2265
f 12121 12115 12123 3578
f 12121 3578 3576 3575
f 12123 12115 12111 12110
f 12123 12110 12124 3581
f 12123 3581 3579 3578
f 12124 12110 12106 12105
f 12124 12105 12125 3584
f 12124 3584 3582 3581
f 12125 12105 12101 12100
f 12125 12100 12126 3587
f 12125 3587 3585 3584
f 12126 12100 12096 12095
f 12126 12095 12127 3590
f 12126 3590 3588 3587
f 12127 12095 12091 12090
f 12127 12090 12128 3593
f 12127 3593 3591 3590
f 12128 12090 12086 12085
f 12128 12085 3598 3596
f 12128 3596 3594 3593
f 12119 3559 2247 2252
f 12119 2252 12114 12113
f 12119 12118 3560 3559
f 12118 2263 2268 3560
f 12114 2252 2251 12129
f 12114 12129 12109 12108
f 12129 2251 2250 12130
f 12129 12130 12131 12109
f 12131 12130 12132 12133
f 12131 12133 12134 12104
f 12131 12104 12103 12109
f 12134 12133 12135 12136
f 12134 12136 12137 12099
f 12134 12099 12098 12104
f 12137 12136 12138 12139
f 12137 12139 12140 12094
f 12137 12094 12093 12099
f 12140 12139 12141 12142
f 12140 12142 12143 12089
f 12140 12089 12088 12094
f 12143 12142 12144 12145
f 12143 12145 12146 12084
f 12143 12084 12083 12089
f 12146 12145 12147 12148
f 12146 12148 12149 12080
f 12146 12080 12079 12084
f 12149 12148 12150 12151
f 12149 12151 12152 12077
f 12149 12077 12076 12080
f 12152 12151 12153 12154
f 12152 12154 12155 12074
f 12152 12074 12073 12077
f 12155 12154 12156 12157
f 12155 12157 12158 12069
f 12155 12069 12068 12074
f 12158 12157 12159 12160
f 12158 12160 12161 12064
f 12158 12064 12063 12069
f 12161 12160 12162 12163
f 12161 12163 12164 12059
f 12161 12059 12058 12064
f 12164 12163 12165 12166
f 12164 12166 12167 12054
f 12164 12054 12053 12059
f 12167 12166 1495 1494
f 12167 1494 12168 12050
f 12167 12050 12049 12054
f 12168 1494 1493 4346
f 12168 4346 1900 1899
f 12168 1899 12047 12050
f 12166 12165 1502 1495
f 12165 12169 12170 1502
f 12165 12163 12162 12169
f 12170 12171 3509 12172
f 12170 12172 1500 1502
f 12170 12169 12173 12171
f 12173 12174 3514 12171
f 12173 12169 12162 12175
f 12173 12175 12176 12174
f 12176 12177 3519 12174
f 12176 12175 12159 12178
f 12176 12178 12179 12177
f 12179 12180 3524 12177
f 12179 12178 12156 12181
f 12179 12181 12182 12180
f 12182 12183 3529 12180
f 12182 12181 12153 12184
f 12182 12184 12185 12183
f 12185 12186 3534 12183
f 12185 12184 12150 12187
f 12185 12187 12188 12186
f 12188 12189 3539 12186
f 12188 12187 12147 12190
f 12188 12190 12191 12189
f 12191 12192 3544 12189
f 12191 12190 12144 12193
f 12191 12193 12194 12192
f 12194 2105 2104 12192
f 12194 12193 12141 12195
f 12194 12195 2106 2105
f 12195 12141 12139 12138
f 12195 12138 12196 2106
f 12196 12197 2107 2106
f 12196 12138 12136 12135
f 12196 12135 12198 12197
f 12198 3553 3552 12197
f 12198 12135 12133 12132
f 12198 12132 12199 3553
f 12199 3556 3554 3553
f 12199 12132 12130 2250
f 12199 2250 2249 3556
f 12197 3552 2108 2107
f 12193 12144 12142 12141
f 12192 2104 3545 3544
f 12190 12147 12145 12144
f 12189 3544 3540 3539
f 12187 12150 12148 12147
f 12186 3539 3535 3534
f 12184 12153 12151 12150
f 12183 3534 3530 3529
f 12181 12156 12154 12153
f 12180 3529 3525 3524
f 12178 12159 12157 12156
f 12177 3524 3520 3519
f 12175 12162 12160 12159
f 12174 3519 3515 3514
f 12172 3509 3505 3504
f 12172 3504 1501 1500
f 12171 3514 3510 3509
f 12085 12081 3600 3598
f 12071 12070 3607 3606
f 12070 12066 12065 12200
f 12070 12200 3609 3607
f 12200 12065 12201 12202
f 12200 12202 3611 3609
f 12202 12201 12203 12204
f 12202 12204 12205 3611
f 12205 12204 12206 12207
f 12205 12207 12208 3614
f 12205 3614 3612 3611
f 12208 12207 12209 12210
f 12208 12210 3629 12211
f 12208 12211 3615 3614
f 12211 3629 3627 3626
f 12211 3626 3616 3615
f 12210 12209 3634 3632
f 12210 3632 3630 3629
f 12209 12207 12206 12212
f 12209 12212 3636 3634
f 12212 12206 12213 12214
f 12212 12214 3638 3636
f 12214 12213 12215 2029
f 12214 2029 2028 3638
f 12215 12216 12055 2030
f 12215 2030 1087 2029
f 12215 12213 12203 12216
f 12216 12060 12056 12055
f 12216 12203 12201 12060
f 12213 12206 12204 12203
f 12201 12065 12061 12060
f 12055 12051 2031 2030
f 12045 12044 2024 2031
f 12044 12043 2025 2024
f 12043 3657 3655 2025
f 12043 12041 12040 3657
f 12040 3660 3658 3657
f 12040 12038 12217 3660
f 12217 3663 3661 3660
f 12217 12038 12036 12218
f 12217 12218 12219 3663
f 12219 3666 3664 3663
f 12219 12218 12033 12220
f 12219 12220 12221 3666
f 12221 3669 3667 3666
f 12221 12220 12030 12222
f 12221 12222 12223 3669
f 12223 3672 3670 3669
f 12223 12222 12024 12022
f 12223 12022 12020 3672
f 12222 12030 12028 12024
f 12220 12033 12031 12030
f 12218 12036 12034 12033
f 12020 3675 3673 3672
f 12016 3684 3682 3681
f 12016 12015 12224 3684
f 12224 3687 3685 3684
f 12224 12015 1803 1805
f 12224 1805 12225 3687
f 12225 3690 3688 3687
f 12225 1805 1802 12226
f 12225 12226 3692 3690
f 12226 1802 1801 12227
f 12226 12227 3694 3692
f 12227 1801 12228 12229
f 12227 12229 12230 3694
f 12230 12229 12231 12232
f 12230 12232 12233 3697
f 12230 3697 3695 3694
f 12233 12232 12234 12235
f 12233 12235 12236 3700
f 12233 3700 3698 3697
f 12236 12235 12237 12238
f 12236 12238 12239 12240
f 12236 12240 3701 3700
f 12240 12239 12241 12242
f 12240 12242 3702 3701
f 12242 12241 12243 12244
f 12242 12244 3704 3702
f 12244 12243 12245 12246
f 12244 12246 3706 3704
f 12246 12245 12247 12248
f 12246 12248 3708 3706
f 12248 12247 12249 12250
f 12248 12250 3710 3708
f 12250 12249 12251 12252
f 12250 12252 12253 3710
f 12253 12252 12254 12255
f 12253 12255 3715 3713
f 12253 3713 3711 3710
f 12255 12254 12256 12257
f 12255 12257 3717 3715
f 12257 12256 12258 12259
f 12257 12259 12260 3717
f 12260 12259 12261 12262
f 12260 12262 12263 3720
f 12260 3720 3718 3717
f 12263 12262 12264 1797
f 12263 1797 1796 3723
f 12263 3723 3721 3720
f 12264 12262 12261 12265
f 12264 12265 12266 12267
f 12264 12267 1798 1797
f 12267 12266 12268 12228
f 12267 12228 1801 1798
f 12268 12266 12269 12270
f 12268 12270 12271 12231
f 12268 12231 12229 12228
f 12271 12270 12272 12273
f 12271 12273 12274 12234
f 12271 12234 12232 12231
f 12274 12273 12275 12276
f 12274 12276 12277 12237
f 12274 12237 12235 12234
f 12277 12276 12278 12279
f 12277 12279 12280 12281
f 12277 12281 12238 12237
f 12281 12280 2475 12282
f 12281 12282 12239 12238
f 12282 2475 2474 12283
f 12282 12283 12241 12239
f 12283 2474 2479 12284
f 12283 12284 12243 12241
f 12284 2479 12285 12286
f 12284 12286 12245 12243
f 12286 12285 12287 12288
f 12286 12288 12247 12245
f 12288 12287 12289 12290
f 12288 12290 12249 12247
f 12290 12289 2484 12291
f 12290 12291 12251 12249
f 12291 2484 2483 12292
f 12291 12292 12293 12251
f 12293 12292 12294 12295
f 12293 12295 12256 12254
f 12293 12254 12252 12251
f 12295 12294 12296 12297
f 12295 12297 12258 12256
f 12297 12296 12298 12299
f 12297 12299 12300 12258
f 12300 12299 12301 12302
f 12300 12302 12265 12261
f 12300 12261 12259 12258
f 12302 12301 12303 12269
f 12302 12269 12266 12265
f 12303 12301 12304 12305
f 12303 12305 12306 12272
f 12303 12272 12270 12269
f 12306 12305 12307 12308
f 12306 12308 12309 12275
f 12306 12275 12273 12272
f 12309 12308 12310 1588
f 12309 1588 1587 12278
f 12309 12278 12276 12275
f 12310 1965 1964 12311
f 12310 12311 1589 1588
f 12310 12308 12307 1965
f 12311 1964 1966 12312
f 12311 12312 1590 1589
f 12312 1966 12313 12314
f 12312 12314 12315 1590
f 12315 12316 1591 1590
f 12315 12314 12317 12318
f 12315 12318 2477 12316
f 12318 12317 12319 12320
f 12318 12320 2478 2477
f 12320 12319 12287 12285
f 12320 12285 2479 2478
f 12319 12317 12321 12322
f 12319 12322 12289 12287
f 12322 12321 2481 2480
f 12322 2480 2484 12289
f 12321 12317 12314 12313
f 12321 12313 12323 2481
f 12323 12313 1966 1963
f 12323 1963 1962 12324
f 12323 12324 2482 2481
f 12324 1962 12325 12326
f 12324 12326 2485 2482
f 12326 12325 12298 12296
f 12326 12296 12294 2485
f 12325 1962 1961 12327
f 12325 12327 12304 12298
f 12327 1961 1965 12307
f 12327 12307 12305 12304
f 12316 12328 1592 1591
f 12316 2477 2476 12328
f 12328 2476 2475 12280
f 12328 12280 12279 1592
f 12304 12301 12299 12298
f 12294 12292 2483 2485
f 12279 12278 1587 1592
f 12012 12329 1800 1799
f 12012 12010 12330 12329
f 12330 3727 3725 12329
f 12330 12010 12009 12331
f 12330 12331 3729 3727
f 12331 12009 12005 12332
f 12331 12332 3731 3729
f 12332 12005 12003 12002
f 12332 12002 3733 3731
f 12329 3725 3724 1800
f 12002 12000 11999 3733
f 11999 3736 3734 3733
f 11999 1171 1170 3736
f 4390 2278 2277 4385
f 4381 4380 2277 2276
f 4336 3494 3490 3489
f 4336 3489 4331 4330
f 4336 4335 12333 3494
f 12333 3499 3495 3494
f 12333 4335 1497 1496
f 12333 1496 1501 3499
f 4331 3489 3485 3484
f 4331 3484 4326 4325
f 4326 3484 3481 3480
f 4326 3480 4321 4320
f 4321 3480 3478 3477
f 4321 3477 4316 4315
f 4316 3477 3473 3472
f 4316 3472 4311 4310
f 4311 3472 3468 3467
f 4311 3467 4306 4305
f 4306 3467 3464 3463
f 4306 3463 4301 4300
f 4301 3463 3462 12334
f 4301 12334 4296 4295
f 12334 3462 3461 12335
f 12334 12335 12336 4296
f 12336 12335 12337 4282
f 12336 4282 4281 4287
f 12336 4287 4291 4296
f 12337 12335 3461 12338
f 12337 12338 12339 4277
f 12337 4277 4276 4282
f 12339 12338 3458 12340
f 12339 12340 12341 4272
f 12339 4272 4271 4277
f 12341 12340 3453 12342
f 12341 12342 12343 4267
f 12341 4267 4266 4272
f 12343 12342 3448 12344
f 12343 12344 12345 4262
f 12343 4262 4261 4267
f 12345 12344 3443 12346
f 12345 12346 1828 4257
f 12345 4257 4256 4262
f 12346 3443 3439 3438
f 12346 3438 1826 1828
f 12344 3448 3444 3443
f 12342 3453 3449 3448
f 12340 3458 3454 3453
f 12338 3461 3459 3458
f 4292 4289 2333 2334
f 4257 1828 1825 4252
f 4193 4191 4190 2273
f 4177 4175 1883 1882
f 4175 4173 12347 1883
f 12347 12348 1880 1883
f 12347 4173 4171 12349
f 12347 12349 12350 12348
f 12350 4147 4145 12348
f 12350 12349 4168 12351
f 12350 12351 4149 4147
f 12351 4168 4166 4165
f 12351 4165 4153 4149
f 12349 4171 4169 4168
f 12348 4145 1881 1880
f 4165 4163 4154 4153
f 4127 4124 4122 2244
f 4119 3105 2240 2237
f 4117 4116 2242 2241
f 3990 3988 3978 3977
f 3950 1480 1479 12352
f 3950 12352 3945 3944
f 3950 3949 1481 1480
f 12352 1479 1938 1937
f 12352 1937 1936 3945
f 3949 1925 1924 1481
f 3945 1936 3940 3939
f 3911 3907 1426 1425
f 3879 3877 3799 3797
f 3834 3831 3827 3825
f 3819 1956 2003 2002
f 3812 2004 1488 1490
f 3808 1490 1407 1406
f 3755 3751 3750 1167
f 3750 3744 3742 3741
f 3750 3741 1168 1167
f 3741 3739 1169 1168
f 3737 3736 1170 1169
f 3724 3723 1796 1800
f 3650 3649 2878 12353
f 3650 12353 1613 1612
f 12353 2878 2876 2875
f 12353 2875 12354 1613
f 12354 2875 2873 2872
f 12354 2872 1323 1322
f 12354 1322 1614 1613
f 3649 2881 2879 2878
f 3649 3648 2883 2881
f 3645 3643 2027 2032
f 3643 3641 2028 2027
f 3641 3639 3638 2028
f 3626 3624 3618 3616
f 3572 3570 3565 2266
f 3565 3563 2267 2266
f 3504 3500 3499 1501
f 3488 2101 2100 3483
f 3476 3475 2095 2094
f 3438 3434 1827 1826
f 3433 1327 1320 3429
f 3430 3425 1822 1827
f 3425 3423 1823 1822
f 3421 3420 1819 1823
f 3271 3175 3171 3170
f 3269 3180 3176 3175
f 3267 3184 3181 3180
f 3174 1238 1237 3169
f 3151 3039 2254 2253
f 3124 3122 3113 3112
f 3100 3099 2234 2231
f 3095 1365 1364 3090
f 3055 2259 2258 3050
f 3035 1228 1227 3030
f 3005 1968 1967 3000
f 2986 2982 2980 2979
f 2964 1770 1768 2959
f 2872 2870 1324 1323
f 2868 2867 1318 1324
f 2830 2828 1617 1616
f 2826 2825 1618 1617
f 2796 2793 2791 2131
f 2791 2789 2132 2131
f 2789 2788 2133 2132
f 2788 2010 2012 2133
f 2785 1818 2008 2007
f 2774 2773 1529 1533
f 2755 2751 1244 1250
f 2663 2662 2049 2048
f 2658 2060 2057 2653
f 2619 2615 2298 2297
f 2555 2225 2224 2550
f 2541 2538 2534 2533
f 2432 2429 1399 1809
f 2429 2428 1400 1399
f 2375 2374 2156 2155
f 2355 2324 2323 2350
f 2330 1132 1843 1842
f 2296 2295 1973 1975
f 2295 2291 1763 1772
f 2295 1772 1974 1973
f 2291 2290 1764 1763
f 2206 2021 1915 1914
f 2206 1914 1449 1448
f 2153 2150 2081 2080
f 2150 2149 2082 2081
f 2147 2139 2138 2145
f 2146 2145 2138 2137
f 2021 1781 1780 2019
f 2003 1956 1954 12355
f 2003 12355 1485 1489
f 12355 1954 1953 1952
f 12355 1952 1486 1485
f 1943 1942 1317 1316
f 1934 1933 1932 1931
f 1924 1919 1474 1481
f 1922 1483 1482 1918
f 1917 1912 1452 1913
f 1914 1913 1452 1449
f 1912 1911 1453 1452
f 1911 1910 1454 1453
f 1863 1862 1396 1395
f 1779 1778 1448 1447
f 1777 1639 1642 1773
f 1667 1664 1521 1520
f 1664 1663 1522 1521
f 1615 1614 1322 1321
f 1240 1230 1229 1231
f 1232 1231 1229 1228
f 997 1404 1405 2013
f 1810 1812 2433 1811
f 1019 1561 7472 1556
f 1008 1067 1918 1482
f 1154 1192 1191 1190
f 2022 2023 2328 2329
f 1444 1156 1147 1003
f 10774 1054 1833

 