# File exported by ZBrush version 2026
# www.zbrush.com
g ZBrushPolyMesh3D
#Vertex Count 7282
#Face Count 7314
#Auto scale x=1.000000 y=1.000000 z=1.000000
#Auto offset x=0.000000 y=0.000000 z=0.000000
v 0.30667007 0.55215793 0.64516294
v -0.30667007 0.55215793 0.64516294
v 0.4384534 0.54416245 0.64095157
v -0.43845364 0.54416745 0.64095711
v 0.43576309 0.56438875 0.66048401
v -0.43576309 0.56438881 0.66048407
v 0.31608301 0.58324998 0.71231901
v -0.31608301 0.58324998 0.71231901
v 0.221478 0.55287599 0.72495102
v -0.221478 0.55287599 0.72495102
v 0.20571599 0.53430903 0.69555902
v -0.20571599 0.53430903 0.69555902
v 0.208733 0.50918 0.70492297
v -0.208733 0.50918 0.70492297
v -0.31889522 0.49335363 0.69186055
v 0.43229788 0.5152747 0.65177947
v -0.43230253 0.51535052 0.65186148
v 0.199191 0.56872302 0.76890498
v -0.199191 0.56872302 0.76890498
v 0.316264 0.60149502 0.75730001
v -0.316264 0.60149502 0.75730001
v 0.4541544 0.58196336 0.68006491
v -0.45415437 0.58196336 0.68006491
v 0.48535376 0.54863178 0.63754791
v -0.48535376 0.54863196 0.63754814
v 0.46588441 0.49749487 0.65196758
v -0.46588456 0.49750095 0.65197426
v 0.31889519 0.4933511 0.69185775
v 0.33335578 0.45524478 0.73152768
v -0.33335578 0.45524475 0.73152768
v 0.199092 0.47725999 0.75311899
v -0.199092 0.47725999 0.75311899
v 0.163716 0.52676898 0.74982601
v -0.163716 0.52676898 0.74982601
v 0.52931737 0.56932973 0.59883147
v -0.52931731 0.56932973 0.59883147
v 0.204907 0.60816901 0.820921
v -0.204907 0.60816901 0.820921
v 0.32906898 0.65327101 0.77667099
v -0.32906898 0.65327101 0.77667099
v 0.47476291 0.61562264 0.67946863
v -0.47476294 0.61562264 0.67946863
v 0.50848549 0.46141517 0.62182724
v -0.50848543 0.46141532 0.62182736
v 0.34922325 0.40177947 0.75548505
v -0.34922218 0.4017798 0.75548523
v 0.18193399 0.44545599 0.78866201
v -0.18193399 0.44545599 0.78866201
v 0.13156899 0.504709 0.79267102
v -0.13156899 0.504709 0.79267102
v 0.186304 0.67302101 0.85928297
v -0.186304 0.67302101 0.85928297
v 0.32859 0.70082402 0.79565602
v -0.32859 0.70082402 0.79565602
v 0.49607101 0.66740399 0.659711
v -0.49607101 0.66740399 0.659711
v 0.55958849 0.58187079 0.53373062
v -0.55958849 0.58187079 0.53373062
v 0.54323738 0.40481087 0.56602752
v -0.54323738 0.40481087 0.56602758
v 0.34842893 0.32117152 0.77478325
v -0.34842881 0.32117155 0.77478426
v 0.145273 0.39289701 0.83575201
v -0.145273 0.39289701 0.83575201
v 0.07243499 0.42246899 0.90098398
v -0.07243499 0.42246899 0.90098398
v 0.073017 0.48478001 0.86330497
v -0.073017 0.48478001 0.86330497
v 0.079007 0.535268 0.84728997
v -0.079007 0.535268 0.84728997
v 0.07896599 0.68734198 0.88148897
v -0.07896599 0.68734198 0.88148599
v 0.10150899 0.62748801 0.86538201
v -0.10150899 0.62748801 0.86538201
v 0.16789199 0.76658701 0.86921197
v -0.167896 0.76658898 0.86922299
v 0.29480001 0.79879897 0.79312002
v -0.29479798 0.79879802 0.79311698
v 0.50763201 0.77105301 0.58328002
v -0.50763201 0.77105301 0.58328002
v 0.59319406 0.58005309 0.43625712
v -0.59319406 0.58005315 0.43625712
v 0.58690577 0.31531852 0.47276219
v -0.58690577 0.31531852 0.47276222
v 0.44613421 0.18441717 0.69807928
v -0.44613421 0.18441723 0.69807934
v 0.07593999 0.353668 0.94751697
v -0.07593999 0.353668 0.94751697
v -0.093735 0.77758401 0.88376402
v 0 0.62689399 0.867953
v 0.000001 0.770868 0.88877797
v 0.093735 0.77758401 0.88376402
v -0.000011 0.68700403 0.88314998
v 0.000099 0.38189399 1.006024
v -0.000034 0.44057399 0.94798499
v 0.001358 0.50449997 0.88796699
v 0 0.54031699 0.86644899
v 0 0.341167 1.04999899
v 0.077388 0.31041699 0.978477
v -0.077388 0.31041699 0.978477
v 0.12949299 0.267899 0.900334
v -0.12949299 0.267899 0.900334
v 0.15516999 0.21528799 0.87640297
v -0.15516999 0.21528799 0.87640297
v 0.18749199 0.222101 0.85779297
v -0.18749199 0.222101 0.85779297
v -0.130034 0.08208599 0.90730702
v -0.109277 0.126998 0.91836798
v 0.156293 0.16099299 0.88747501
v -0.156285 0.160995 0.88746702
v 0.194673 0.13354599 0.86402899
v -0.194673 0.13354599 0.86402899
v 0.06619899 0.12405999 0.94719499
v -0.06619899 0.12405999 0.94719499
v 0.073508 0.06468 0.95017999
v -0.073508 0.06468 0.95017999
v 0.130034 0.08208599 0.90730702
v 0.109277 0.126998 0.91836798
v -0.079194 0.26260399 1.024405
v 0.079194 0.26260399 1.024405
v 0 0.28036999 1.110569
v 0.00306 0.058867 0.952928
v 0 0.096009 0.96999198
v -0.08219599 0.211161 1.04799199
v 0.08219599 0.211161 1.04799199
v -0.00042 0.21534299 1.15277898
v -0.000026 0.14339199 1.09348404
v -0.079929 0.17704099 1.01769399
v 0.07987699 0.17706599 1.01767194
v -0.048604 0.157737 0.958615
v 0 0.12278799 1.03792595
v 0.048604 0.157737 0.958615
v 0.11788 0.248674 0.93705701
v -0.11788 0.248674 0.93705701
v 0.12356399 0.212693 0.95477497
v -0.12356399 0.212693 0.95477497
v 0.116304 0.18858799 0.959472
v -0.116304 0.18858799 0.959472
v 0.098653 0.15581099 0.94367498
v -0.098653 0.15581099 0.94367498
v 0.267021 0.262261 0.825091
v -0.267021 0.262261 0.825091
v 0.36393654 0.13700421 0.7783463
v -0.36393639 0.13700419 0.778346
v 0.36149299 -0.05348499 0.765383
v -0.36149299 -0.05348499 0.765383
v 0.42645698 -0.048678 0.68486797
v -0.42645698 -0.048678 0.68486797
v 0 -0.35522699 0.91285902
v 0.000001 -0.41737601 0.87731701
v 0.20755 -0.354763 0.83831697
v 0.151783 -0.29816299 0.89015698
v -0.151783 -0.29816299 0.89015698
v -0.20755 -0.354763 0.83831697
v 0.31952101 -0.21654899 0.73070502
v 0.278153 -0.18777899 0.803281
v -0.278153 -0.18777899 0.803281
v -0.31952101 -0.21654899 0.73070502
v -0.240741 0.18476599 0.843346
v 0.240741 0.18476599 0.84334701
v -0.29890701 0.097827 0.81973797
v 0.29891398 0.097827 0.81975197
v -0.273808 -0.055899 0.82192999
v 0.273808 -0.055899 0.82192999
v -0.21697799 -0.14821499 0.85482901
v 0.21697799 -0.14821499 0.85482901
v 0 -0.277361 0.91276598
v 0 0.02477799 0.96876901
v -0.074469 0.025078 0.95940798
v 0.074469 0.025078 0.95940798
v -0.15221899 -0.000822 0.90609097
v 0.15221899 -0.000822 0.90609097
v -0.17294499 0.051638 0.88344502
v 0.17294499 0.051638 0.88344401
v -0.217243 -0.05133099 0.83776301
v 0.217243 -0.05133099 0.83776301
v -0.171285 -0.090507 0.886339
v 0.171285 -0.090507 0.886339
v -0.055167 -0.046604 0.95374202
v 0.055167 -0.046604 0.95374202
v -0.098434 -0.169383 0.91739702
v 0.098434 -0.169383 0.91739702
v -0.09123399 -0.12622599 0.93778997
v 0.09123399 -0.12622599 0.93778997
v 0.000001 -0.141185 0.95090997
v 0 -0.18562699 0.92408597
v 0.19395299 0.06912399 0.86962002
v -0.19395299 0.06912399 0.86962002
v 0.232361 0.116539 0.85034501
v -0.232361 0.116539 0.85034501
v 0.26254299 0.07810399 0.83834898
v -0.26254299 0.07810399 0.83834898
v 0.25732299 0.023898 0.83928799
v -0.25732299 0.023898 0.83928799
v -0.187388 -0.02824199 0.87163698
v -0.242785 -0.016856 0.83874899
v 0.242785 -0.016856 0.83874899
v 0.187389 -0.028243 0.87163597
v 0.45473271 0.03328596 0.67271769
v 0.36481899 0.015408 0.77132201
v -0.36481899 0.01541 0.77132201
v -0.45473268 0.03328522 0.67271679
v -0.284424 0.006418 0.82171297
v 0.284424 0.006418 0.82171297
v 0.45475143 0.1052446 0.68494451
v 0.36563983 0.07703746 0.77487236
v -0.36563983 0.0770365 0.77487337
v -0.45475143 0.10524526 0.68494451
v -0.29199299 0.050487 0.82265597
v 0.29199299 0.050487 0.82265597
v 0.16439099 0.11040899 0.88107597
v 0.13721199 0.145289 0.90283
v -0.13721199 0.145289 0.90282899
v -0.16439099 0.11040899 0.88107597
v -0.06630499 0.16780899 0.99134397
v -0.000481 0.13154199 1.06991398
v 0.066288 0.16779999 0.99133098
v 0.10965599 0.17179399 0.95251697
v -0.10965599 0.17179399 0.95251697
v 0.21150299 0.09339699 0.859604
v -0.21150299 0.09339699 0.859604
v 0.26491901 0.051801 0.83724302
v -0.26491901 0.051801 0.83724302
v 0 -0.230627 0.91271001
v -0.17661599 -0.046811 0.866099
v 0.17661599 -0.046811 0.866099
v -0.114037 -0.05208199 0.917548
v 0.114037 -0.05208199 0.917548
v 0 -0.04533699 0.96328598
v 0.11513499 -0.40671598 0.86592602
v 0.07735099 -0.32671299 0.90813297
v -0.077353 -0.32671201 0.90813297
v -0.11513499 -0.40671598 0.86592602
v -0.059604 -0.262205 0.91110301
v 0.059601 -0.262205 0.91110301
v -0.049777 -0.184548 0.92313301
v 0.04977599 -0.184548 0.92313301
v 0.040718 -0.226354 0.91306799
v -0.04071899 -0.226354 0.91306799
v 0.45969998 -0.197766 0.391348
v -0.45969998 -0.197766 0.391348
v 0.33801499 -0.22606 0.68461799
v -0.33801499 -0.22606 0.68461799
v 0.135324 -0.429679 0.81720197
v -0.135324 -0.429679 0.81720197
v 0.344554 -0.28117799 0.58247202
v -0.344554 -0.28117799 0.58247202
v 0.33995801 -0.26370999 0.63204199
v -0.33995801 -0.26370999 0.63204199
v 0.000002 -0.44385901 0.82813799
v 0.22591599 -0.37984401 0.765549
v -0.22591599 -0.37984401 0.765549
v 0.48012399 -0.14498299 0.46834901
v -0.48012399 -0.14498299 0.46834901
v 0.65669697 0.25649198 0.11721599
v -0.65669697 0.25649198 0.11721599
v 0.53822708 -0.0535156 0.36623749
v -0.53822708 -0.0535156 0.36623749
v 0.53028297 -0.091982 0.28117498
v -0.53028297 -0.091982 0.28117498
v 0.64179897 0.57817101 0.243981
v -0.64179897 0.57817101 0.243981
v 0.63081198 0.16165 0.14530299
v 0.6102221 0.1487146 0.28499534
v -0.6102221 0.1487146 0.28499534
v -0.63081198 0.16165 0.14530299
v 0.35081899 1.03189396 0.666157
v -0.35081899 1.03189396 0.666157
v 0.376744 1.159186 0.57520198
v -0.376744 1.159186 0.57520198
v 0.53615498 1.00827097 0.41273999
v 0.51874297 0.90674501 0.50507897
v -0.51874297 0.90674501 0.50507801
v -0.53615498 1.00827097 0.41273999
v -0.000001 1.21721398 0.70142298
v 0 1.07006704 0.77708798
v 0.096747 1.07199001 0.77182102
v 0.099045 1.21592104 0.69816702
v -0.099045 1.21592104 0.69816702
v -0.096747 1.07199001 0.77182102
v 0.20096699 1.06416094 0.751832
v 0.19645899 1.20921301 0.67860102
v -0.19645899 1.20921301 0.67860102
v -0.20096699 1.06416094 0.751832
v 0.55807119 0.14059688 0.50168269
v -0.55807113 0.14059695 0.50168269
v 0.52960914 0.02725944 0.52067095
v -0.52960836 0.02725939 0.52067095
v 0.48573342 -0.06764192 0.55861651
v -0.48573339 -0.06764192 0.55861651
v 0.26026299 -0.289265 0.78722697
v 0.214393 -0.24602699 0.85246497
v -0.214393 -0.24602699 0.85246497
v -0.26026299 -0.289265 0.78722697
v -0.161647 -0.19678099 0.88559901
v 0.161647 -0.19678099 0.88559901
v 0.08912599 -0.19705699 0.91416102
v -0.08912599 -0.19705699 0.91416102
v 0.04497399 -0.206349 0.91680002
v -0.000002 -0.208627 0.91586798
v -0.044975 -0.206349 0.91680002
v 0.096244 0.93566399 0.83186799
v 0.000194 0.93201202 0.83818
v -0.096244 0.93566399 0.83186799
v 0.18852399 0.92672598 0.81573098
v -0.18852399 0.92672497 0.81573098
v 0.32688999 0.92251098 0.72913301
v -0.32688999 0.92251098 0.72913301
v 0.51554602 0.84304302 0.54338097
v -0.51554602 0.84304302 0.54338002
v 0.6190238 0.57939016 0.34423193
v -0.6190238 0.57939016 0.34423187
v 0.61745375 0.30518186 0.36821153
v -0.61745375 0.30518186 0.3682115
v 0.58765071 0.14052961 0.40398588
v -0.58765071 0.14052963 0.40398588
v 0.54080754 -0.01394085 0.43911361
v -0.54080748 -0.01394085 0.43911361
v 0.48618501 -0.108685 0.51042801
v -0.48618501 -0.108685 0.51042801
v 0.33976399 -0.245946 0.65772599
v -0.33976399 -0.245946 0.65772497
v -0.717929 0.16631299 -0.009526
v 0.717929 0.16631299 -0.009526
v -0.74198597 0.26824799 0.006374
v 0.74198597 0.26824799 0.006374
v -0.784621 0.276867 -0.131603
v 0.784621 0.276867 -0.131603
v -0.78245502 0.30972001 -0.06790199
v 0.78245502 0.30972001 -0.06790199
v -0.83229202 0.456117 -0.197951
v 0.83229202 0.456117 -0.197951
v -0.82679998 0.46090999 -0.11616499
v 0.82679998 0.46090999 -0.11616499
v -0.858379 0.58386802 -0.21446999
v 0.858379 0.58386802 -0.21446999
v -0.84122097 0.54240799 -0.12938399
v 0.84122097 0.54240799 -0.12938399
v -0.81497699 0.63406401 -0.122183
v 0.81497699 0.63406401 -0.122183
v -0.81688898 0.59048497 -0.07656899
v 0.81688898 0.59048497 -0.07656899
v -0.76578098 0.476154 0.011529
v -0.79472601 0.63449502 -0.041127
v 0.79472601 0.63449502 -0.041127
v 0.76578098 0.476154 0.011529
v -0.75256401 0.358002 0.013471
v 0.75256401 0.358002 0.013471
v -0.72850298 0.309399 0.043889
v 0.72850298 0.309399 0.043889
v -0.69467598 0.33427599 0.08476799
v -0.71028298 0.55550599 0.058511
v 0.71028298 0.55550599 0.058511
v 0.69467598 0.33427599 0.08476799
v 0 -0.457571 0.631316
v 0.12049199 -0.44025 0.60764002
v -0.12049199 -0.44025 0.60764002
v 0.22419199 -0.39318099 0.58789998
v -0.22419199 -0.39318099 0.58789998
v 0.33093899 -0.31062901 0.46331799
v -0.33093899 -0.31062901 0.46331799
v 0.42820701 -0.235844 0.31458801
v -0.42829 -0.235925 0.31459099
v 0 -0.45579698 0.497202
v 0.125632 -0.43676701 0.48055198
v -0.125632 -0.43676701 0.48055198
v 0.20826299 -0.40031799 0.446942
v -0.20826299 -0.40031799 0.446942
v 0.29754099 -0.346753 0.36543899
v -0.29754099 -0.346753 0.36543899
v 0.000026 -0.47718998 0.34654799
v 0.122513 -0.458662 0.33311501
v -0.122513 -0.458662 0.33311501
v 0.199879 -0.426528 0.30398801
v -0.199879 -0.426528 0.30398801
v 0.28534001 -0.37621501 0.22244499
v -0.28534001 -0.37621501 0.22244399
v 0 -0.521447 0.24409599
v 0.122573 -0.50182998 0.21795199
v -0.122573 -0.50182998 0.21795199
v 0.19927099 -0.46422699 0.184698
v -0.19927099 -0.46422699 0.184698
v 0.26665401 -0.419983 0.13989
v -0.26665401 -0.419983 0.13989
v 0.000143 -0.63527798 0.178806
v 0.12968699 -0.60229402 0.14079299
v -0.12968699 -0.60229402 0.14079299
v 0.218452 -0.55557602 0.09014499
v -0.218452 -0.55557602 0.09014499
v 0.29100701 -0.50922 0.038423
v -0.29100701 -0.50922 0.038423
v 0 -0.77196699 0.127112
v 0.13366499 -0.72894102 0.08135499
v -0.13366499 -0.72894102 0.08135499
v 0.22807 -0.68331599 0.01703999
v -0.22807 -0.68331599 0.01703999
v 0.300098 -0.64084202 -0.039225
v -0.30010199 -0.64084297 -0.03922199
v 0.41044801 -0.25743898 0.247022
v -0.41044801 -0.25743898 0.247022
v 0.38549101 -0.28905201 0.163843
v -0.38549199 -0.28905299 0.163843
v 0.35299599 -0.354061 0.055303
v -0.35299599 -0.354061 0.055303
v 0.369019 -0.44315698 -0.031966
v -0.369019 -0.44315698 -0.031966
v 0.373934 -0.59626102 -0.11583299
v -0.37395501 -0.59626698 -0.115818
v 0.50053697 -0.13546499 0.20739799
v -0.50053697 -0.13546499 0.20739799
v 0.45465898 -0.19509199 0.106903
v -0.45465898 -0.19509199 0.106903
v 0.63301593 0.28814131 0.25600796
v -0.63301593 0.28814131 0.25600796
v 0.430011 -0.237909 0.02947299
v -0.430011 -0.237909 0.02947299
v 0.43452701 -0.30967101 -0.06029399
v -0.43452701 -0.30967101 -0.06029399
v 0.433739 -0.38754999 -0.11597599
v -0.433739 -0.38754999 -0.11597599
v 0.43371701 -0.53527897 -0.187214
v -0.43371701 -0.53527897 -0.187214
v 0.563474 0.105827 -0.06117099
v -0.563474 0.105827 -0.06117099
v 0.493083 -0.05715899 -0.056531
v -0.49308401 -0.05715899 -0.056531
v 0.608639 1.20173502 0.003804
v -0.608639 1.20173502 0.003804
v 0.66144901 0.93751102 -0.172307
v -0.66144901 0.93751102 -0.172307
v 0.405905 1.42031502 0.087581
v -0.405905 1.42031502 0.087581
v 0.24997 1.50935804 0.124329
v -0.24997 1.50935804 0.124329
v 0 1.530079 0.098458
v 0.11163599 1.527812 0.11193999
v -0.11163599 1.527812 0.11193999
v 0.67771297 0.73603302 -0.044047
v 0.587058 1.10603499 0.21753999
v -0.587058 1.10603499 0.21753999
v -0.67771297 0.73603302 -0.044047
v 0.42489999 1.31503295 0.35592401
v -0.42489999 1.31503295 0.35592401
v 0.24337799 1.40878903 0.43822801
v -0.24337799 1.40878903 0.43822801
v 0.108708 1.43054103 0.44186499
v -0.001024 1.43757295 0.43251401
v -0.108708 1.43054199 0.44186499
v 0.68734002 0.67104399 -0.122023
v -0.68734002 0.67104399 -0.122023
v 0.65510302 0.41070801 -0.22752399
v -0.65510302 0.41070801 -0.22752399
v 0.55991202 0.38527798 -0.40433201
v -0.55991202 0.38527798 -0.40433201
v 0.65346801 0.80528998 -0.32467401
v -0.65346801 0.80528998 -0.32467401
v 0.50414598 0.157525 -0.27803999
v 0.59979701 0.25764799 -0.18213799
v -0.59979701 0.25764799 -0.18213799
v -0.50414699 0.157525 -0.27803999
v 0.63695502 0.61907202 -0.415324
v 0.70744097 0.59328997 -0.231313
v -0.70744097 0.59328997 -0.231313
v -0.63695502 0.61907202 -0.415324
v 0.64664 0.73551297 -0.37205699
v 0.69790297 0.63551598 -0.16836999
v -0.69790297 0.63551598 -0.16836999
v -0.64664 0.73551297 -0.37205699
v -0.69782602 0.53034198 -0.25918799
v -0.61688298 0.52838897 -0.41611498
v 0.61688298 0.52838897 -0.41611498
v 0.69782602 0.53034198 -0.25918799
v 0.47323098 -0.12871299 -0.07555399
v -0.47323098 -0.12871299 -0.07555399
v 0.464284 -0.073954 -0.30337899
v -0.464284 -0.073954 -0.30337899
v -0.56569099 1.28219902 -0.178688
v 0.56569099 1.28219902 -0.178688
v -0.62642002 1.06456303 -0.31803101
v 0.62642002 1.06456303 -0.31803101
v -0.37183699 1.45123994 -0.09087699
v 0.37183699 1.45123994 -0.09087699
v -0.235779 1.52043998 -0.087112
v 0.23578 1.520442 -0.087112
v -0.106468 1.53490102 -0.083944
v 0.106468 1.53490102 -0.083944
v 0 1.536183 -0.087984
v -0.59674102 0.863967 -0.499309
v 0.59674102 0.863967 -0.499309
v -0.57800602 0.75825798 -0.56269198
v 0.57800602 0.75825798 -0.56269198
v -0.55515801 0.63119298 -0.60097098
v 0.55515801 0.63119298 -0.60097098
v -0.53103798 0.50024598 -0.59713202
v 0.53103798 0.50024598 -0.59713202
v -0.49234598 0.360136 -0.57599997
v 0.49234598 0.360136 -0.57599997
v -0.413731 0.146252 -0.54807299
v 0.41372999 0.146252 -0.54807299
v -0.37318301 -0.023021 -0.52008402
v 0.37318301 -0.023021 -0.52008402
v -0.000007 1.40835499 -0.54012298
v -0.09379199 1.40601503 -0.53785598
v 0.09379199 1.40601503 -0.53785598
v -0.19949999 1.39346003 -0.526757
v 0.19949999 1.39346098 -0.526757
v -0.32729199 1.33551299 -0.50461399
v 0.32729199 1.33551299 -0.50461399
v 0.44131699 1.23481595 -0.50460302
v -0.44131699 1.23481595 -0.50460302
v 0.49314999 1.12790405 -0.55602997
v -0.49314999 1.12790405 -0.55602997
v 0.52058702 0.92358499 -0.62222099
v -0.52058702 0.92358499 -0.62222099
v 0.36279898 1.16047298 -0.65964102
v -0.36279898 1.16047298 -0.65964102
v 0.40009799 0.99500197 -0.71790999
v -0.40009799 0.99500197 -0.71790999
v 0 1.19504404 -0.78443902
v -0.000002 1.02472901 -0.86162298
v 0.27872601 1.02002704 -0.794496
v 0.27750799 1.17856097 -0.71439302
v -0.27750799 1.17856097 -0.71439302
v -0.27872601 1.02002704 -0.794496
v 0.18125699 1.03236699 -0.83910101
v 0.15893399 1.19133698 -0.76802599
v -0.15893399 1.19133698 -0.76802599
v -0.18125699 1.03236699 -0.83910101
v 0.30222299 -0.030865 -0.59924697
v -0.30222299 -0.030865 -0.59924697
v 0.507088 0.79943102 -0.66376
v -0.507088 0.79943102 -0.66376
v 0.47451698 0.66449397 -0.71252602
v -0.47451698 0.66449397 -0.71252602
v 0.44666299 0.53840899 -0.72165101
v -0.44666299 0.53840899 -0.72165101
v 0.40259799 0.356339 -0.68866097
v -0.40259799 0.356339 -0.68866097
v 0.349545 0.152627 -0.633336
v -0.349545 0.152627 -0.633336
v 0.227105 -0.03859899 -0.64998698
v -0.227105 -0.03859899 -0.64998698
v 0.266815 0.140879 -0.68622297
v -0.266815 0.140879 -0.68622297
v 0.31532499 0.37280398 -0.75911599
v -0.31532499 0.37280398 -0.75911599
v 0.35407599 0.56582897 -0.80289101
v -0.35407599 0.56582897 -0.80289101
v 0.379552 0.69292801 -0.79202699
v -0.379552 0.69292801 -0.79202699
v 0.39234098 0.83095002 -0.76180899
v -0.39234098 0.83095002 -0.76180899
v 0.16759 -0.04273999 -0.678792
v -0.16759 -0.04273999 -0.678792
v 0.18033899 0.140303 -0.73442399
v -0.18033899 0.140303 -0.73442399
v 0.227163 0.367933 -0.81482601
v -0.227163 0.367933 -0.81482601
v 0.26379698 0.59364998 -0.86075598
v -0.26379698 0.59364998 -0.86075598
v 0.28444901 0.72483402 -0.84919101
v -0.28444901 0.72483402 -0.84919101
v 0.29277899 0.86233198 -0.82334899
v -0.29277899 0.86233198 -0.82334899
v 0.06850499 -0.041781 -0.71616298
v -0.06850499 -0.041781 -0.71616298
v 0.097983 0.147843 -0.77042102
v -0.097983 0.147843 -0.77042102
v 0.14815799 0.36321198 -0.85461199
v -0.14815799 0.36321198 -0.854613
v 0.176649 0.59829497 -0.89898699
v -0.176649 0.59829497 -0.89898699
v 0.183702 0.74796897 -0.89323699
v -0.183702 0.74796897 -0.89323699
v 0.183684 0.89268702 -0.86990302
v -0.183684 0.89268702 -0.86990302
v 0 0.89761602 -0.89518797
v 0 0.75096499 -0.92683702
v 0 0.59365999 -0.93138802
v -0.000002 0.34635001 -0.86718201
v 0 0.145371 -0.78018897
v -0.00003 -0.042486 -0.72209
v -0.459753 -0.20752699 -0.103651
v 0.459753 -0.20752699 -0.103651
v -0.45500299 -0.167489 -0.32776001
v 0.45500299 -0.167489 -0.32776001
v -0.36146199 -0.130741 -0.52006602
v 0.36147099 -0.130741 -0.52007299
v -0.075175 -0.125632 -0.72009402
v 0.075175 -0.125632 -0.72009402
v -0.30428999 -0.128287 -0.58756297
v 0.30428999 -0.128287 -0.58756297
v -0.23366899 -0.132888 -0.64810502
v 0.23366899 -0.132888 -0.64810597
v -0.170006 -0.13067199 -0.682204
v 0.170006 -0.13067199 -0.682204
v -0.000029 -0.12375299 -0.72933101
v -0.45594498 -0.27322399 -0.16216699
v 0.45594498 -0.27322399 -0.16216699
v -0.451137 -0.22489899 -0.346897
v 0.451137 -0.22489899 -0.346897
v -0.359328 -0.201624 -0.52428901
v 0.359328 -0.201624 -0.52428901
v -0.30182701 -0.189071 -0.592049
v 0.30182701 -0.189071 -0.592049
v -0.24370999 -0.189021 -0.647807
v 0.24370999 -0.189021 -0.647807
v -0.168557 -0.18544 -0.69305002
v 0.168557 -0.18544 -0.69305002
v -0.081349 -0.181611 -0.73124098
v 0.081349 -0.181611 -0.73124098
v -0.000004 -0.18421299 -0.74507701
v -0.45298099 -0.346015 -0.21669299
v 0.45298099 -0.346015 -0.21669299
v -0.45067599 -0.30289998 -0.367118
v 0.45067599 -0.30289998 -0.367118
v -0.361752 -0.28616699 -0.53480601
v 0.361752 -0.28616699 -0.53480601
v -0.30279299 -0.272293 -0.603118
v 0.30279299 -0.272293 -0.603118
v -0.245297 -0.25674301 -0.65871298
v 0.245297 -0.25674301 -0.65871298
v -0.169201 -0.248979 -0.70649898
v 0.169201 -0.248979 -0.70649898
v -0.07828799 -0.23925299 -0.74619901
v 0.07828799 -0.23925299 -0.74619901
v 0.000036 -0.236292 -0.75999897
v -0.45484301 -0.47915101 -0.292315
v 0.45484599 -0.47915101 -0.292315
v -0.45623001 -0.42746499 -0.413475
v 0.45626899 -0.42745798 -0.41348001
v -0.369212 -0.386592 -0.56173598
v 0.369212 -0.386592 -0.56173598
v -0.29838699 -0.357551 -0.634907
v 0.298388 -0.357551 -0.63490802
v -0.24643999 -0.344875 -0.68131101
v 0.24642999 -0.344879 -0.68129998
v -0.170899 -0.334715 -0.72743302
v 0.170899 -0.334715 -0.72743302
v -0.078427 -0.318549 -0.76520001
v 0.078427 -0.318549 -0.76520001
v -0.000025 -0.31780201 -0.78009897
v 3.65985989 -5.71603202 -0.35904499
v -3.65985989 -5.71603202 -0.35904499
v 3.71975803 -5.78008222 -0.35937601
v -3.71975803 -5.78008317 -0.35937601
v 3.72018194 -5.64063215 -0.47296199
v -3.72018194 -5.64063215 -0.47296199
v 3.79245996 -5.71835517 -0.46755
v -3.79245996 -5.71835517 -0.46755
v 3.69794988 -5.67547512 -0.62616598
v -3.69794988 -5.67547512 -0.62616598
v 3.77996397 -5.75020313 -0.60317599
v -3.77996397 -5.75020313 -0.60317599
v 3.60022211 -5.78770303 -0.69182598
v -3.60022211 -5.78770303 -0.69182497
v 3.67549109 -5.86499309 -0.68015098
v -3.67549109 -5.86499309 -0.68015098
v 3.54205203 -5.84476709 -0.68645501
v -3.54205203 -5.84476709 -0.68645501
v 3.60774588 -5.92498779 -0.67488402
v -3.60774588 -5.92498779 -0.67488402
v 3.57070493 -5.9611411 -0.35203298
v 3.50983309 -5.87276315 -0.34498101
v -3.50983309 -5.87276315 -0.34498101
v -3.57070493 -5.9611411 -0.35203298
v 3.47938203 -6.03966522 -0.56634599
v 3.4058609 -5.96098423 -0.56806802
v -3.4058609 -5.96098423 -0.56806802
v -3.47938203 -6.03966617 -0.56634599
v 3.506078 -6.00085115 -0.38658699
v 3.43779206 -5.92922115 -0.38936701
v -3.43779206 -5.92922115 -0.38936701
v -3.506078 -6.00085115 -0.38658699
v 3.853338 -5.73198604 -0.466504
v -3.853338 -5.73198604 -0.466504
v 3.78322792 -5.86410188 -0.33825799
v -3.78322792 -5.86410188 -0.33825799
v 3.63094091 -6.02699804 -0.34462198
v -3.63094091 -6.02699804 -0.34462198
v -4.86205291 -6.46553421 -0.436594
v 4.86205291 -6.46553421 -0.436594
v 3.52369809 -6.11974382 -0.55945897
v -3.52369809 -6.11974382 -0.55945897
v 3.44999408 -5.92161703 -0.63814598
v 3.51766109 -5.99970579 -0.63008201
v 3.77537488 -5.95930099 -0.67103499
v -3.77537488 -5.95930099 -0.671036
v 3.8337779 -5.77073288 -0.59856498
v -3.8337779 -5.77073288 -0.59856498
v 3.92807602 -5.72926807 -0.45980399
v -3.92807602 -5.72926902 -0.45980399
v 3.91231107 -5.86421585 -0.338683
v -3.91231107 -5.86421585 -0.338683
v 3.91997098 -5.75876092 -0.573161
v -3.91997098 -5.75876092 -0.573161
v -4.11801099 -6.06026887 -0.63780897
v 3.76967692 -6.21056699 -0.64578497
v 4.08354902 -6.14005899 -0.64607799
v -4.08354902 -6.14005899 -0.646079
v 4.28985691 -6.02088785 -0.44890901
v -4.28985691 -6.02088785 -0.44890901
v -4.28436613 -6.00669908 -0.54697299
v 4.11801099 -6.06026887 -0.63780897
v 3.9382379 -6.11708307 -0.36361599
v -3.9382379 -6.11708307 -0.36361599
v -4.30242395 -6.00272321 -0.48779198
v 4.28436613 -6.00669908 -0.54697299
v 3.85990309 -6.17076015 -0.35299301
v -3.85990309 -6.17076015 -0.35299301
v 3.83910703 -6.07207298 -0.349615
v -3.83910703 -6.07207298 -0.349615
v 3.91444706 -6.03120708 -0.35160601
v -3.91444706 -6.03120708 -0.35160601
v 4.32274913 -5.97692012 -0.48513999
v 4.28522586 -5.98837089 -0.435732
v -4.28522586 -5.98836994 -0.435732
v 4.3024249 -6.00272321 -0.48779198
v 4.04647016 -6.01518011 -0.36065098
v 4.11551904 -6.00255918 -0.365471
v -4.11551904 -6.00255918 -0.365471
v -4.04647016 -6.01518011 -0.36065098
v 4.06965017 -6.07381677 -0.37088799
v -4.06965017 -6.07381677 -0.37088799
v 4.1499648 -6.10970211 -0.62888497
v 3.65844798 -6.26510477 -0.61643999
v 4.05488014 -6.08463287 -0.65178698
v -4.1499648 -6.10970211 -0.62888497
v 4.29584407 -6.03477907 -0.52995699
v -4.29584407 -6.03477907 -0.52995699
v 3.72687196 -6.16493892 -0.33577901
v -3.71814608 -6.13979578 -0.33647701
v 3.70317697 -6.36286497 -0.59974801
v -3.70317697 -6.36286592 -0.59974801
v -3.44999408 -5.92161703 -0.63814598
v 3.54699993 -6.20024299 -0.55173599
v -3.54699993 -6.20024299 -0.55173599
v -3.51766109 -5.99970579 -0.63008201
v 4.039958 -5.75579881 -0.57668298
v -4.039958 -5.75579881 -0.57668298
v 4.06326007 -5.72214698 -0.45068499
v -4.06326007 -5.72214698 -0.45068499
v 4.32646322 -5.82810306 -0.56781601
v -4.32646322 -5.82810306 -0.56781601
v 4.34060716 -5.79913902 -0.47421699
v -4.34060716 -5.79913902 -0.47421699
v 4.25592517 -5.763731 -0.45970401
v 4.24723386 -5.79348421 -0.57702601
v -4.24723386 -5.79348421 -0.57702601
v -4.25592517 -5.763731 -0.45970401
v 4.66210413 -5.93823814 -0.52523499
v -4.66210413 -5.93823814 -0.52523499
v 4.66286802 -5.91361999 -0.441578
v -4.66286802 -5.91361999 -0.441578
v 4.57309293 -5.88427686 -0.46586298
v 4.56582593 -5.91406297 -0.53435897
v -4.56582593 -5.91406297 -0.53435897
v -4.57309293 -5.88427686 -0.46586298
v 4.69319582 -6.01843881 -0.499805
v -4.69319582 -6.01843881 -0.499805
v 4.68691206 -5.99145603 -0.42691001
v -4.68691206 -5.99145603 -0.42691001
v 4.33053112 -6.82308006 -0.38238
v -4.33053016 -6.82308006 -0.38238
v 4.64318895 -6.00679779 -0.42083999
v -4.64318895 -6.00679779 -0.42083999
v 4.52695703 -6.00492286 -0.42669999
v -4.52695703 -6.00492286 -0.42669999
v 4.53408622 -6.03467321 -0.49655199
v 4.6918559 -5.93094301 -0.43556898
v 4.69430398 -5.94773197 -0.51555001
v -4.69430398 -5.94773197 -0.51555001
v -4.6918559 -5.93094301 -0.43556898
v 4.40965318 -5.97431707 -0.534689
v 4.39632701 -5.96103 -0.44295701
v -4.39632701 -5.96103 -0.44295701
v -4.40965318 -5.97431612 -0.534689
v 4.32338714 -5.96473312 -0.53457301
v 4.31595516 -5.95801687 -0.44164499
v -4.31595516 -5.95801782 -0.44164499
v -4.32338714 -5.96473312 -0.53457301
v 4.2548232 -5.96745777 -0.57940399
v -4.2548232 -5.96745777 -0.57940399
v 4.33218479 -5.94263505 -0.558752
v -4.33218383 -5.94263505 -0.55875098
v 4.43285894 -5.83321189 -0.47506201
v 4.42608022 -5.86980199 -0.55330497
v -4.42608022 -5.86980199 -0.55330497
v -4.43285989 -5.83321094 -0.47506201
v 4.4176321 -5.89637994 -0.56300699
v -4.4176321 -5.89637994 -0.56300801
v 4.25352001 -5.84026098 -0.59271401
v 4.33100986 -5.85935497 -0.57763499
v -4.33100986 -5.85935497 -0.57763499
v -4.25352001 -5.84026098 -0.59271401
v 4.41814088 -5.95284414 -0.55491399
v -4.41814088 -5.95284414 -0.55491399
v 4.556674 -5.95014476 -0.55368799
v -4.556674 -5.95014476 -0.55368799
v 4.65578079 -5.96583509 -0.53863
v -4.65578079 -5.96583509 -0.53863
v -4.10499477 -5.98853302 -0.63800102
v 4.10499477 -5.98853302 -0.63800102
v -4.10804891 -5.83199691 -0.62325298
v 4.10804891 -5.83199691 -0.62325298
v 4.12299919 -5.72285509 -0.451938
v 4.11941814 -5.75170612 -0.578193
v -4.11941814 -5.75170707 -0.578193
v -4.12299919 -5.72285509 -0.451938
v -4.03624916 -6.02419996 -0.65147602
v 4.03624916 -6.02419996 -0.65147602
v -4.02769994 -5.83249092 -0.62764298
v 4.02769994 -5.83249092 -0.62764298
v -4.54203796 -6.00174808 -0.545919
v 4.54203796 -6.00174808 -0.545919
v -4.65243196 -6.01881885 -0.52546
v 4.65243196 -6.01881885 -0.52546
v -3.76967692 -6.21056699 -0.64578497
v -3.65844798 -6.26510477 -0.61643999
v -3.88099789 -5.99988603 -0.66408598
v 3.88099789 -5.99988603 -0.66408598
v 3.95427799 -6.16415405 -0.65676498
v 3.57776999 -6.29897213 -0.53710097
v -3.57776999 -6.29897213 -0.53710097
v -3.95427799 -6.16415405 -0.65676498
v -3.89312291 -5.82611703 -0.62980502
v 3.89312291 -5.82611703 -0.62980502
v 3.73841595 -5.79774713 -0.65557301
v 3.65961694 -5.72407388 -0.67009699
v -3.65961694 -5.72407388 -0.67009699
v -3.73841595 -5.79774713 -0.65557301
v 3.7970581 -5.83828496 -0.65105998
v -3.7970581 -5.83828496 -0.65105998
v -4.31160116 -5.82160902 -0.43480199
v 4.31160116 -5.82160806 -0.43480199
v -4.25478315 -5.80000305 -0.42343598
v 4.25478315 -5.80000305 -0.42343598
v -4.30589819 -5.93186712 -0.41979399
v -4.24739599 -5.95645904 -0.401526
v 4.24739599 -5.95645904 -0.401526
v 4.30589819 -5.93186712 -0.419795
v -4.41871976 -5.85434198 -0.43722999
v 4.41871976 -5.85434198 -0.43722999
v -4.39990901 -5.93607091 -0.42289599
v 4.39990901 -5.93607091 -0.42289599
v -4.5307908 -5.97413682 -0.41003
v 4.5307908 -5.97413682 -0.41003
v -4.55559206 -5.90425777 -0.42376801
v 4.55559206 -5.90425777 -0.42376801
v -4.64376401 -5.98256492 -0.410434
v 4.64376401 -5.98256492 -0.410434
v -4.6530919 -5.93365812 -0.41916
v 4.6530919 -5.93365812 -0.41916
v 3.79382991 -5.71867799 -0.53530699
v 3.72597909 -5.64593315 -0.54844802
v -3.72597909 -5.6459341 -0.54844802
v -3.79382991 -5.71867799 -0.53530699
v 3.84638595 -5.73577785 -0.53355497
v -3.84638595 -5.73577785 -0.53355401
v 3.92378902 -5.73205518 -0.51767498
v -3.92378902 -5.73205518 -0.51767498
v -4.30118322 -6.02649307 -0.48483601
v 4.05747079 -5.72301292 -0.51856201
v -4.05746984 -5.72301292 -0.51856201
v 4.11969995 -5.71865797 -0.51449
v -4.11969995 -5.71865797 -0.51449
v 4.2622962 -5.75761079 -0.52456802
v 4.34070396 -5.79804897 -0.52425897
v -4.34070396 -5.79804897 -0.52425897
v -4.2622962 -5.75761079 -0.52456802
v 4.43550109 -5.83914899 -0.51713001
v -4.43550109 -5.83914899 -0.51713001
v 4.57212209 -5.89017581 -0.50168502
v 4.67003107 -5.91086721 -0.48519098
v -4.67003011 -5.91086721 -0.48519098
v -4.57212209 -5.89017581 -0.50168502
v 4.70462703 -5.92834377 -0.47464698
v -4.70462608 -5.92834377 -0.47464698
v 4.65115118 -6.04002809 -0.47543099
v 4.70255279 -6.01403904 -0.455715
v -4.70255279 -6.01403904 -0.455715
v -4.65115118 -6.04002809 -0.47543099
v -4.32280206 -5.97689104 -0.485298
v -4.53408622 -6.03467321 -0.49655199
v -4.3974452 -5.98155784 -0.48645201
v 3.70995998 -5.82870388 -0.672145
v 3.78718304 -5.88157606 -0.664303
v -3.78718304 -5.88157606 -0.664303
v -3.70995903 -5.82870388 -0.672145
v 4.72182703 -5.97092008 -0.457621
v 4.69957304 -5.98151207 -0.51443702
v -4.69957304 -5.98151207 -0.51443702
v -4.72182703 -5.97092008 -0.45761999
v 4.25590086 -5.90148401 -0.59289097
v 4.33286094 -5.90101099 -0.57792902
v -4.33286094 -5.90101099 -0.57792902
v -4.25590086 -5.90148496 -0.59289097
v 4.41841983 -5.92341709 -0.56327801
v -4.41841888 -5.92341709 -0.56327801
v -4.09956979 -5.91122388 -0.63370299
v 4.09956979 -5.91122388 -0.63370299
v -4.03371286 -5.93921613 -0.64576399
v 4.03371286 -5.93921613 -0.64576399
v -4.54969978 -5.97539806 -0.55456399
v 4.54969978 -5.97539806 -0.55456399
v -4.65663909 -5.99256515 -0.53748601
v 4.65663909 -5.99256515 -0.53748601
v -3.8884139 -5.90628194 -0.65622699
v 3.8884139 -5.90628194 -0.65622699
v 3.632622 -5.75401592 -0.68467998
v -3.632622 -5.75401592 -0.68467998
v -4.31106901 -5.8714199 -0.41485801
v -4.25616502 -5.87341213 -0.39866399
v 4.25616502 -5.87341213 -0.39866399
v 4.31106901 -5.8714199 -0.41485801
v -4.40913677 -5.89023304 -0.419126
v 4.40913677 -5.89023304 -0.419126
v -4.54467582 -5.93454694 -0.408131
v 4.54467582 -5.93454694 -0.408131
v -4.64891576 -5.9560008 -0.410474
v 4.64891576 -5.95599985 -0.410474
v -4.69491577 -5.96000003 -0.424129
v 4.69491577 -5.96000003 -0.424129
v -4.11962413 -5.76455307 -0.394719
v 4.11962413 -5.76455307 -0.394719
v -4.05179977 -5.75485897 -0.394257
v 4.05179977 -5.75485897 -0.394257
v 3.76887702 -5.73370695 -0.41648799
v 3.702986 -5.66602611 -0.413455
v -3.702986 -5.66602611 -0.413455
v -3.76887702 -5.73370695 -0.41648799
v 3.83062601 -5.75687694 -0.40469101
v -3.83062601 -5.75687694 -0.40469101
v 3.92938089 -5.75079917 -0.40625798
v -3.92938089 -5.75080013 -0.40625798
v 4.13520479 -6.0558319 -0.37485
v 3.68453598 -6.08163404 -0.33737
v -3.68453598 -6.08163404 -0.33737
v -4.13520479 -6.0558319 -0.37485
v -4.10619688 -5.94637203 -0.35651001
v 4.10619688 -5.94637203 -0.35651001
v -4.1048212 -5.85150909 -0.355659
v 4.1048212 -5.85150909 -0.355659
v -4.03237295 -5.9438672 -0.348506
v 4.03237295 -5.9438672 -0.348506
v -4.03530788 -5.85650396 -0.34626999
v 4.03530788 -5.85650396 -0.346271
v -3.90805101 -5.95553302 -0.340613
v 3.90805101 -5.95553302 -0.340613
v -3.81577801 -5.9766879 -0.336553
v 3.81577801 -5.9766879 -0.336553
v -3.8422079 -6.19717598 -0.65278399
v 3.8422079 -6.19717598 -0.65278399
v -3.68476891 -6.03684902 -0.66153001
v 3.68476891 -6.03684902 -0.66153001
v -3.58561992 -6.10402202 -0.62171399
v 3.58561897 -6.10402202 -0.62171399
v -3.6290431 -6.1806941 -0.62178301
v 3.6290431 -6.1806941 -0.62178301
v -3.74324393 -6.13481283 -0.65235698
v 3.74324393 -6.13481283 -0.65235698
v -3.82640099 -6.09879779 -0.66100001
v 3.82640099 -6.09879779 -0.66100001
v -3.92829203 -6.08906412 -0.66076797
v 3.92829203 -6.08906412 -0.66076797
v -4.05488014 -6.08463287 -0.65178698
v -3.77123594 -6.2526431 -0.329887
v 3.77123594 -6.2526431 -0.329887
v -3.58023405 -6.15158987 -0.365684
v 3.58023405 -6.15158987 -0.365684
v -3.6214981 -6.21467113 -0.34542599
v 3.6214981 -6.21467113 -0.34542599
v -3.672549 -6.30708217 -0.32710701
v 3.672549 -6.30708217 -0.32710701
v -3.62947797 -6.40092611 -0.519032
v 3.62947797 -6.40092611 -0.519032
v -3.81213498 -6.32195901 -0.63043302
v 3.81213498 -6.32195901 -0.63043302
v -3.89542102 -6.28718519 -0.64114898
v 3.89542102 -6.28718519 -0.64114797
v -3.99733591 -6.25671482 -0.64451998
v 3.99733591 -6.25671482 -0.64452099
v -4.12887477 -6.21288299 -0.63079798
v 4.12887477 -6.21288299 -0.63079798
v -4.18891477 -6.17295312 -0.61599099
v 4.18891477 -6.17295312 -0.61599099
v -4.34154796 -6.10003709 -0.50999599
v 4.34154796 -6.10003709 -0.50999599
v -4.34149789 -6.09439086 -0.47525098
v 4.34149885 -6.09439086 -0.47525098
v 4.30118322 -6.02649307 -0.48483601
v -4.32730102 -6.09359884 -0.44367
v 4.32730102 -6.09359884 -0.44367
v -4.17139577 -6.1337862 -0.381309
v 4.17139577 -6.1337862 -0.381309
v -4.09477281 -6.16129589 -0.37531501
v 4.09477281 -6.16129589 -0.37531501
v -3.99763202 -6.21662712 -0.36229801
v 3.99763202 -6.21662712 -0.36229801
v -3.9346311 -6.28750705 -0.34108498
v 3.93462991 -6.28751087 -0.3411
v -3.84918403 -6.38322401 -0.31357899
v 3.84918403 -6.38322401 -0.31357899
v -3.78717899 -6.45530509 -0.31472799
v 3.78717899 -6.45530509 -0.31472799
v -3.74560189 -6.53696107 -0.49826499
v 3.74560189 -6.53696107 -0.49826499
v -3.8097341 -6.51222801 -0.56922197
v 3.8097341 -6.51222801 -0.56922197
v -3.87896108 -6.47566795 -0.59459698
v 3.87896108 -6.47566795 -0.59459698
v -3.9603939 -6.43212413 -0.607288
v 3.9603939 -6.43212413 -0.607288
v -4.06256103 -6.368824 -0.61700499
v 4.06256103 -6.368824 -0.617006
v -4.17286777 -6.29710817 -0.60963702
v 4.17286777 -6.29710817 -0.60963702
v -4.244668 -6.25129079 -0.59468597
v 4.244668 -6.25129079 -0.59468597
v -4.37798309 -6.13162517 -0.50757199
v 4.37798309 -6.13162517 -0.50757199
v -4.37885904 -6.12412595 -0.478868
v 4.37885904 -6.12412595 -0.478868
v -4.36364793 -6.12368583 -0.44164499
v 4.36364698 -6.12368822 -0.44164601
v -4.23411512 -6.201972 -0.37553799
v 4.23411512 -6.201972 -0.37553799
v -4.16971778 -6.24769783 -0.364241
v 4.16971778 -6.24769783 -0.364241
v -4.1018362 -6.31557083 -0.345079
v 4.1018362 -6.31557083 -0.345079
v -4.04486513 -6.37772417 -0.32626
v 4.04486513 -6.37772417 -0.32626
v -3.94208407 -6.49229908 -0.31702798
v 3.94208407 -6.49229908 -0.31702798
v -3.89981699 -6.56025314 -0.33274799
v 3.89981699 -6.56025314 -0.33274799
v -3.84738993 -6.65302419 -0.47197601
v 3.84738993 -6.65302419 -0.47197601
v -3.8832159 -6.61798381 -0.53388702
v 3.88323402 -6.61792802 -0.53378498
v 4.24022197 -6.52902507 -0.445322
v 4.23513078 -6.52848291 -0.42966198
v -4.03214788 -6.54391384 -0.560853
v 4.03214788 -6.54391384 -0.560853
v -4.15687322 -6.47328376 -0.56941402
v 4.15687322 -6.47328376 -0.56941402
v -4.24157285 -6.41544723 -0.56494802
v 4.24157285 -6.41544723 -0.56494802
v -4.31889915 -6.34076499 -0.54214102
v 4.31889915 -6.34076499 -0.54214102
v -4.47332382 -6.19277381 -0.49669501
v 4.47332382 -6.19277381 -0.49669501
v -4.47618389 -6.18366384 -0.466347
v 4.47618389 -6.18366479 -0.466347
v -4.46877002 -6.18517589 -0.435005
v 4.46877002 -6.18517589 -0.435005
v -4.36012506 -6.28539419 -0.372776
v 4.36012506 -6.28539419 -0.372776
v -4.29770708 -6.34158802 -0.366452
v 4.29770708 -6.34158802 -0.366452
v -4.19334507 -6.44271802 -0.34639
v 4.19334507 -6.44271802 -0.34639
v -4.16158819 -6.50159788 -0.350158
v 4.16158819 -6.50159692 -0.350158
v -4.05103492 -6.5847969 -0.389869
v 4.05103492 -6.58479785 -0.389869
v -3.99626803 -6.62817621 -0.410465
v 3.99626803 -6.62817621 -0.410465
v -3.9017539 -6.73047399 -0.44902899
v 3.90175509 -6.73047399 -0.44902899
v -3.94779205 -6.70287799 -0.49609699
v 3.94779205 -6.70287799 -0.49609699
v -4.03254699 -6.59457302 -0.47610899
v -3.99341893 -6.64127111 -0.47919198
v 3.99341893 -6.64127206 -0.47919198
v 4.03254699 -6.59457302 -0.47610899
v -4.48862981 -6.95124006 -0.34991198
v 4.48862981 -6.95124006 -0.34991198
v -4.24133586 -6.53121805 -0.457311
v 4.24133682 -6.53121805 -0.457311
v -4.25925016 -6.50215005 -0.45419699
v 4.25925016 -6.50215101 -0.45419699
v -1.309991 -2.7034049 -0.48554599
v 1.309991 -2.7034049 -0.48554599
v 4.13633012 -6.52485799 -0.34390801
v -4.13633012 -6.52485799 -0.34390801
v -4.16294097 -5.98042011 -0.620727
v -4.15892601 -5.90751886 -0.620184
v 4.15892601 -5.90751886 -0.620184
v 4.16294097 -5.98042011 -0.620727
v 4.17635297 -5.72349119 -0.51964998
v 4.16817522 -5.76297092 -0.58311098
v -4.16817522 -5.76297187 -0.58311098
v -4.17635393 -5.72349119 -0.51964998
v -4.16335678 -5.83472681 -0.61471098
v 4.16335678 -5.83472681 -0.61471098
v 4.17405986 -5.73107814 -0.45145899
v -4.17405986 -5.7310791 -0.45145899
v -4.17147207 -5.77507305 -0.40150898
v 4.17147207 -5.77507305 -0.40150898
v -4.16546678 -5.85784196 -0.369147
v -4.16342783 -5.948668 -0.36900299
v 4.16342783 -5.948668 -0.36900299
v 4.16546678 -5.85784196 -0.369147
v -4.185431 -6.03936576 -0.61505597
v 4.185431 -6.03936576 -0.61505597
v -4.21136283 -6.0800848 -0.60672199
v 4.21136379 -6.08008623 -0.60672199
v -4.18349409 -5.99806785 -0.37989598
v 4.18349409 -5.99806785 -0.37989598
v -4.1984868 -6.04281616 -0.38694
v 4.1984868 -6.04281616 -0.38694
v -4.25417995 -6.14314222 -0.59564101
v 4.25417995 -6.14314222 -0.59564101
v -4.2330718 -6.11643314 -0.38982299
v 4.2330718 -6.11643314 -0.38982299
v -4.30097484 -6.20697593 -0.583319
v 4.30097484 -6.20697593 -0.583319
v -4.28404903 -6.1680479 -0.384954
v 4.28404808 -6.16804885 -0.38495299
v -4.4204421 -6.29535484 -0.52793002
v 4.4204421 -6.29535484 -0.52793002
v -4.41819477 -6.21881914 -0.38011699
v 4.41819477 -6.21881914 -0.38011699
v -4.36153507 -6.36676311 -0.45545899
v 4.36153507 -6.36676311 -0.45545899
v -4.39701986 -6.34805822 -0.46111598
v 4.39701986 -6.34805822 -0.46111598
v -4.01141786 -6.78209304 -0.46985399
v 4.01144504 -6.78215599 -0.470142
v -3.9650619 -6.80720186 -0.43208599
v 3.9650619 -6.80720186 -0.43208599
v -4.08146381 -6.86834621 -0.44553399
v 4.08146381 -6.86834621 -0.44553399
v -4.036067 -6.89339017 -0.402996
v 4.03606796 -6.89339017 -0.402996
v -4.11449718 -6.82793712 -0.427978
v 4.11449718 -6.82793712 -0.427978
v -4.04756403 -6.72831583 -0.397046
v 4.04756403 -6.72831583 -0.397046
v 3.46586394 -6.03384017 -0.442687
v 3.3979249 -5.960783 -0.45359
v -3.39792394 -5.960783 -0.45359
v -3.46586394 -6.03383922 -0.442687
v 3.50628995 -6.1086688 -0.43580201
v -3.50628995 -6.1086688 -0.43580201
v -3.53604793 -6.18577098 -0.42437198
v 3.53604888 -6.18577098 -0.42437198
v -3.56288409 -6.256567 -0.41073301
v 3.56288409 -6.256567 -0.41073301
v -3.61385107 -6.35762882 -0.38610601
v 3.61385107 -6.35762882 -0.38610601
v -3.74231004 -6.51076698 -0.35451299
v 3.74231004 -6.51076698 -0.35451299
v -3.85552501 -6.61329889 -0.36341899
v 3.85552501 -6.61329889 -0.36341899
v -3.9235239 -6.70764923 -0.365222
v 3.9235239 -6.70764923 -0.365222
v -3.97370696 -6.7848382 -0.362217
v 3.97370696 -6.7848382 -0.362217
v -4.05049276 -6.87987184 -0.35536101
v 4.05049181 -6.87987184 -0.35536101
v -4.11104488 -6.82964086 -0.362679
v 4.11104488 -6.82964086 -0.362679
v -4.0349431 -6.73261404 -0.459697
v 4.0349431 -6.73261308 -0.45969599
v -4.19831419 -6.99148893 -0.37788
v 4.19831419 -6.99148893 -0.37787899
v -4.16858911 -6.99641704 -0.379565
v 4.16858911 -6.99641704 -0.379565
v -4.20317983 -6.95498323 -0.390459
v 4.20318079 -6.95498323 -0.390459
v 3.48318696 -6.01918411 -0.411605
v 3.52530789 -6.09456396 -0.40400698
v -3.52530694 -6.09456396 -0.404008
v -3.48318696 -6.01918315 -0.411605
v -3.55399608 -6.16950893 -0.39173901
v 3.55399704 -6.16950893 -0.39173799
v -3.58166408 -6.23688221 -0.37516498
v 3.58166408 -6.23688221 -0.375164
v -3.63752293 -6.33400392 -0.347947
v 3.63752293 -6.33400297 -0.347947
v -3.76298809 -6.48524522 -0.329883
v 3.76298809 -6.48524522 -0.329883
v -3.87678694 -6.58812522 -0.34457701
v 3.87678599 -6.58812379 -0.34457701
v -3.9737091 -6.66270208 -0.371578
v 3.9737091 -6.66270208 -0.371578
v 3.41489696 -5.95127677 -0.421269
v -3.41489696 -5.95127677 -0.421269
v -4.01079988 -6.75382089 -0.352254
v 4.01079988 -6.75382089 -0.352254
v -4.0781579 -6.85513591 -0.34462699
v 4.0781579 -6.85513591 -0.34462699
v -4.17630195 -6.9858942 -0.35142499
v 4.17630195 -6.9858942 -0.35142499
v -4.20090198 -6.98189306 -0.35628199
v 4.20090198 -6.98189306 -0.35628199
v -4.20640897 -6.95866107 -0.36132898
v 4.20640897 -6.95866107 -0.36132898
v -4.24420595 -6.59342622 -0.48313701
v 4.24420595 -6.59342622 -0.48313701
v -4.18674516 -6.63685798 -0.47982499
v 4.18674516 -6.63685798 -0.47982499
v -4.29155778 -6.6497631 -0.46239799
v 4.29155778 -6.6497631 -0.46239799
v -4.24517011 -6.68669319 -0.454674
v 4.24517011 -6.68669414 -0.454674
v -4.5373311 -6.91253519 -0.38622999
v 4.5373311 -6.91253519 -0.38622999
v -4.3646202 -6.80188512 -0.416354
v -4.39934396 -6.76348018 -0.42354801
v 4.39934301 -6.76348018 -0.423547
v 4.3646202 -6.80188512 -0.416354
v -4.31145191 -6.74946594 -0.43053299
v -4.35113811 -6.71347999 -0.43887099
v 4.35113811 -6.71347999 -0.43887099
v 4.31145191 -6.74946594 -0.43053299
v -4.42788696 -6.86698722 -0.40189099
v -4.45708799 -6.82899093 -0.410925
v 4.45708799 -6.82899093 -0.410925
v 4.42788696 -6.86698722 -0.40189099
v -4.17579412 -6.64594316 -0.36224299
v 4.17579412 -6.64594316 -0.36224299
v -4.23354911 -6.59691619 -0.36928099
v 4.23354911 -6.59691619 -0.36928099
v -4.33830404 -6.80698394 -0.328579
v 4.33830404 -6.80698394 -0.328579
v -4.38703107 -6.76068878 -0.323271
v 4.38703107 -6.76068782 -0.323271
v -4.49542617 -6.94339704 -0.31940698
v 4.49542617 -6.94339704 -0.31940698
v -4.52206516 -6.91934299 -0.312669
v 4.52206516 -6.91934299 -0.312669
v -4.0775218 -6.9386568 -0.39335599
v -4.11750316 -6.91093683 -0.433748
v 4.11750316 -6.91093683 -0.433748
v 4.0775218 -6.9386568 -0.39335599
v -4.15135908 -6.87371492 -0.414314
v 4.15135908 -6.87371397 -0.414314
v -4.08775711 -6.92136097 -0.35281598
v 4.08775711 -6.92136097 -0.35281598
v -4.11543893 -6.8976922 -0.343456
v 4.11543798 -6.89769077 -0.343456
v -4.14728689 -6.87655401 -0.36025399
v 4.14728689 -6.87655401 -0.36025399
v -4.12006807 -6.97376489 -0.38678398
v -4.16104602 -6.95515298 -0.41459599
v 4.16104602 -6.95515298 -0.41459599
v 4.12006712 -6.97376489 -0.38678398
v -4.17927789 -6.911345 -0.404578
v 4.17927789 -6.911345 -0.404578
v -4.130723 -6.95383691 -0.348508
v 4.130723 -6.95383691 -0.348508
v -4.15839099 -6.94030284 -0.343095
v 4.15839099 -6.94030284 -0.343095
v -4.17872381 -6.91697406 -0.357744
v 4.17872381 -6.91697406 -0.357744
v -4.00251913 -6.85308885 -0.41906899
v -4.04355907 -6.82166099 -0.45860099
v 4.04356002 -6.82166099 -0.45860099
v 4.00251913 -6.85308885 -0.41906899
v 4.07181501 -6.77653598 -0.44613298
v -4.04269218 -6.80044889 -0.34662801
v -4.00820207 -6.82970523 -0.35840201
v 4.00820207 -6.82970523 -0.35840201
v 4.04269218 -6.80044889 -0.34662801
v -4.07181406 -6.77653598 -0.44613298
v -4.07938814 -6.77342414 -0.38310399
v 4.07938909 -6.77342414 -0.38310399
v -4.15138721 -6.66448402 -0.42670598
v 4.15138721 -6.66448402 -0.42670598
v -4.27024412 -6.57062101 -0.43606099
v 4.27024412 -6.57062101 -0.43606099
v -4.21427011 -6.71327018 -0.41100901
v 4.21427011 -6.71327018 -0.41100901
v -4.27365779 -6.65187978 -0.352146
v -4.22779178 -6.69575119 -0.35552099
v 4.22779178 -6.69575119 -0.35552099
v 4.27365779 -6.65187978 -0.352146
v -4.31814813 -6.62168693 -0.416837
v 4.31814813 -6.62168693 -0.416837
v -4.42029285 -6.73542404 -0.37620401
v 4.4202919 -6.73542404 -0.37620401
v -4.281147 -6.75011396 -0.34258699
v 4.28114604 -6.75011396 -0.34258699
v -4.369452 -6.67912387 -0.38951599
v 4.369452 -6.67912387 -0.38951599
v -4.46711921 -6.78896379 -0.36381799
v 4.46711778 -6.78896379 -0.36381799
v -4.43820715 -6.81041002 -0.31764701
v -4.39426708 -6.84935522 -0.31257501
v 4.39426708 -6.84935522 -0.31257399
v 4.43820715 -6.81041097 -0.31764701
v -4.54176187 -6.87190008 -0.354144
v 4.54176092 -6.87190008 -0.354144
v -4.39784622 -6.88255119 -0.37534499
v 4.39784622 -6.88255119 -0.37534499
v -4.23250389 -6.48557901 -0.39508199
v -4.21196413 -6.52163505 -0.39435699
v 4.21196413 -6.52163505 -0.39435699
v 4.23250389 -6.48557901 -0.39508199
v -4.25852203 -6.57603311 -0.39989098
v 4.25852203 -6.57603311 -0.39989
v -4.30934 -6.62720394 -0.385122
v 4.30934 -6.62720489 -0.385122
v -4.77632618 -6.50035905 -0.41899499
v 4.77632618 -6.50035905 -0.41899499
v -4.40757083 -6.74041891 -0.34679698
v 4.40757083 -6.74041891 -0.34679698
v -4.45686388 -6.79549884 -0.33858001
v 4.45686292 -6.79549884 -0.33857899
v -4.55320787 -6.90176105 -0.33822301
v 4.55320692 -6.90176105 -0.33822301
v -4.51984119 -6.93857002 -0.37977498
v 4.51984119 -6.93857002 -0.37977498
v 3.60650301 -5.91543912 -0.33862
v 3.54372096 -5.84486389 -0.33594799
v -3.54372096 -5.84486389 -0.33594799
v -3.60650301 -5.91543912 -0.33862
v 3.67485094 -5.96579408 -0.33480501
v -3.67485094 -5.96579408 -0.33480501
v -3.73837709 -6.04605817 -0.337406
v 3.73837709 -6.04605817 -0.337406
v -1.99751496 -1.78115105 -0.90376502
v 3.76718092 -6.12934398 -0.342087
v -3.80187106 -6.2055211 -0.340826
v 3.80187106 -6.2055211 -0.340826
v -3.88563799 -6.34241104 -0.32183301
v 3.88563799 -6.34241104 -0.32183301
v -3.97961211 -6.46133995 -0.31525799
v 3.97961211 -6.46133995 -0.31525799
v -4.09394788 -6.56114292 -0.35383799
v 4.09394884 -6.56114196 -0.35383799
v -4.25305795 -6.4622488 -0.53504002
v -4.1970148 -6.50258016 -0.52662599
v 4.19701576 -6.50258016 -0.52662497
v 4.25305795 -6.4622488 -0.53504002
v -4.1961379 -6.6328082 -0.35543999
v 4.1961379 -6.6328082 -0.35543999
v -4.24642801 -6.67549181 -0.34737899
v 4.24642801 -6.67549181 -0.34737899
v -4.3608489 -6.78356599 -0.31638899
v -4.41463518 -6.83089685 -0.30844
v 4.41463518 -6.83089685 -0.30844
v 4.3608489 -6.78356599 -0.31638899
v -4.26249122 -6.57961988 -0.46850401
v 4.26249122 -6.57961988 -0.46850401
v -4.30176782 -6.7284851 -0.33103901
v 4.30176782 -6.7284851 -0.33103901
v -4.309803 -6.63368797 -0.450017
v 4.309803 -6.63368701 -0.45001599
v -4.36739683 -6.69437313 -0.42577201
v 4.36739587 -6.69437217 -0.42577099
v -4.41370201 -6.74860191 -0.41446501
v 4.41370201 -6.74860191 -0.41446501
v -4.47019815 -6.80572986 -0.39888799
v 4.47019815 -6.80572986 -0.398887
v -4.50604915 -6.93468284 -0.31118398
v 4.50604915 -6.93468284 -0.31118398
v -4.55216693 -6.90396404 -0.375247
v 4.55216693 -6.90396404 -0.375247
v -4.55289602 -6.93897485 -0.349269
v 4.55289602 -6.93897485 -0.349269
v -4.52002811 -6.95172691 -0.32787901
v 4.52002811 -6.95172786 -0.32787799
v -4.72958898 -6.77303695 -0.352853
v 4.72958898 -6.77303695 -0.352853
v -4.77176904 -6.72323989 -0.37070098
v 4.77176904 -6.72323989 -0.37070199
v -4.71367502 -6.77779197 -0.36113199
v 4.71367502 -6.77779293 -0.36113199
v -4.71082496 -6.78790283 -0.380212
v 4.71082592 -6.78790283 -0.380212
v -4.71349287 -6.78730392 -0.40790298
v 4.71349287 -6.78730392 -0.40790298
v -4.75300502 -6.74126911 -0.43243598
v 4.75300502 -6.74126911 -0.432437
v -4.7270751 -6.76978015 -0.427399
v 4.7270751 -6.76978015 -0.427399
v -4.76452589 -6.72125482 -0.425859
v 4.76452589 -6.72125482 -0.425859
v -4.46110487 -6.88254022 -0.30488899
v -4.44147205 -6.89974308 -0.31107398
v 4.44147205 -6.89974308 -0.31107398
v 4.46110487 -6.88254022 -0.30488899
v -4.50684785 -6.84708213 -0.336813
v -4.48124408 -6.8640232 -0.312141
v 4.48124408 -6.8640232 -0.312141
v 4.50684785 -6.84708118 -0.336813
v -4.5127139 -6.85402298 -0.388383
v -4.5044732 -6.83060503 -0.35899201
v 4.50447177 -6.83060503 -0.35899201
v 4.5127139 -6.85402298 -0.388383
v -4.4406352 -6.92109108 -0.36552199
v 4.4406352 -6.92109012 -0.36552199
v -4.47365999 -6.90404796 -0.394086
v -4.49763011 -6.87112379 -0.400534
v 4.49763107 -6.87112283 -0.400534
v 4.47365999 -6.90404796 -0.394086
v -4.46066808 -6.48818779 -0.37674799
v -4.39341402 -6.54678487 -0.36509299
v 4.3934431 -6.54680395 -0.365092
v 4.46069622 -6.488204 -0.37674599
v -4.40834522 -6.58306598 -0.38824999
v 4.40837192 -6.58308315 -0.38824799
v -4.42028093 -6.60339784 -0.42788499
v 4.4203062 -6.60341501 -0.427881
v -4.42076778 -6.56802082 -0.47319099
v 4.42079305 -6.56803989 -0.473185
v -4.41171217 -6.5334649 -0.488022
v -4.45960807 -6.49417591 -0.46871
v 4.45963287 -6.49419784 -0.46870699
v 4.41173887 -6.53348398 -0.48801401
v -4.49974107 -6.49535179 -0.43482399
v 4.49976491 -6.495368 -0.43482199
v -4.11874008 -6.58995485 -0.51058501
v -4.19688701 -6.53723001 -0.51022499
v 4.19688701 -6.53723001 -0.51022499
v 4.11874008 -6.58995485 -0.51058501
v -4.14182376 -6.60530996 -0.35673099
v -4.12141084 -6.61826705 -0.37545201
v 4.12141084 -6.61826801 -0.37545201
v 4.14182376 -6.60530996 -0.35673099
v -4.10335207 -6.62751722 -0.447813
v 4.10335207 -6.62751722 -0.447813
v -4.23057985 -6.54582881 -0.48928698
v -4.25619506 -6.55394411 -0.44523599
v 4.25619506 -6.55394506 -0.44523599
v 4.2305808 -6.54582977 -0.489286
v -4.2363882 -6.55371284 -0.399634
v -4.19727802 -6.55731678 -0.368772
v 4.19727802 -6.55731582 -0.368772
v 4.23638677 -6.55371379 -0.39963299
v -3.93282699 -6.76735401 -0.44191399
v -3.97799706 -6.74007606 -0.482313
v 3.97800803 -6.74006223 -0.482317
v 3.93282699 -6.76735401 -0.44191399
v -4.00818109 -6.68827009 -0.46700099
v 4.00818109 -6.68827009 -0.46700099
v -3.94701099 -6.74611187 -0.36472401
v 3.94701099 -6.74611187 -0.36472401
v -3.99448704 -6.70414114 -0.365767
v 3.99448609 -6.70414114 -0.365767
v -4.018579 -6.67973899 -0.41058799
v 4.018579 -6.67973899 -0.41058799
v -4.35659313 -6.41507005 -0.386637
v -4.28630209 -6.47434711 -0.36930599
v 4.28630209 -6.47434711 -0.36930599
v 4.35659313 -6.41507005 -0.38663798
v -4.3129301 -6.51925277 -0.39691099
v 4.3129301 -6.51925277 -0.39691099
v -4.32928991 -6.543015 -0.442945
v 4.32928991 -6.543015 -0.442945
v -4.3252201 -6.5044322 -0.50515699
v 4.3252201 -6.5044322 -0.50515699
v -4.31347608 -6.462399 -0.525011
v -4.36050891 -6.42086076 -0.49639001
v 4.36050796 -6.42086219 -0.49639099
v 4.31347703 -6.462399 -0.525011
v -4.40967512 -6.43591594 -0.44330799
v 4.40967607 -6.4359169 -0.443309
v -4.58168077 -6.57183218 -0.36672601
v -4.52007103 -6.63299894 -0.35903298
v 4.52007103 -6.63299894 -0.35903298
v 4.58168077 -6.57183218 -0.36672699
v -4.52141523 -6.65943813 -0.373986
v 4.52141618 -6.65943813 -0.373986
v -4.52456712 -6.68040418 -0.40895399
v 4.52456712 -6.68040418 -0.40895399
v -4.53088903 -6.65220403 -0.45112898
v 4.53088903 -6.65220403 -0.45112898
v -4.53109312 -6.62243986 -0.46277898
v -4.57153892 -6.58748722 -0.459946
v 4.57153987 -6.58748817 -0.459946
v 4.53109312 -6.62243986 -0.462778
v -4.60609006 -6.56659412 -0.42492398
v 4.60609102 -6.56659507 -0.42492398
v 3.89482307 -5.731256 -0.462861
v 3.88448691 -5.75602483 -0.403584
v -3.88448691 -5.75602483 -0.40358299
v -3.89482307 -5.731256 -0.462861
v 3.88922596 -5.73532199 -0.52422398
v 3.88136291 -5.76551389 -0.58324599
v -3.88136291 -5.76551485 -0.58324599
v -3.88922596 -5.73532104 -0.52422303
v 3.99795007 -5.72771596 -0.51790797
v 3.98655796 -5.75798606 -0.57427001
v -3.98655891 -5.75798606 -0.57427001
v -3.99795007 -5.72771596 -0.51790797
v -3.9671061 -6.01333379 -0.65761101
v -3.96909499 -5.92442894 -0.651771
v 3.96909403 -5.92442894 -0.651771
v 3.96710491 -6.01333379 -0.65761101
v -3.96768999 -5.83004522 -0.627756
v 3.96768999 -5.83004379 -0.627756
v -3.85023808 -5.8318119 -0.63864797
v 3.85023689 -5.8318119 -0.63864797
v -3.84325099 -5.89535284 -0.65931201
v -3.83392095 -5.98179912 -0.66701602
v 3.83392 -5.98179912 -0.66701602
v 3.84325099 -5.89535188 -0.65931201
v 4.00294208 -5.72420406 -0.45464199
v -4.00294303 -5.72420406 -0.45464199
v 3.85479688 -5.86420202 -0.338658
v -3.85479688 -5.86420202 -0.338658
v -3.99715805 -5.75090885 -0.39818799
v 3.99715805 -5.75090885 -0.39818799
v -3.98053407 -5.859838 -0.34215599
v 3.98053407 -5.859838 -0.34215599
v -3.97698307 -5.94908285 -0.34486401
v 3.97698211 -5.94908285 -0.34486401
v -3.86696291 -5.96502018 -0.33838799
v 3.86696291 -5.96502018 -0.33838799
v -3.88289904 -6.09343099 -0.66157698
v 3.88289809 -6.09343099 -0.66157698
v -3.99857711 -6.08660507 -0.65719097
v 3.99857711 -6.08660602 -0.65719097
v -3.98762011 -6.02228593 -0.35684499
v 3.98762011 -6.02228593 -0.35684499
v -4.01386213 -6.09054899 -0.36823499
v 4.01386213 -6.09054899 -0.36823499
v -3.88084101 -6.04936599 -0.35111799
v 3.88084101 -6.04936599 -0.35111799
v -3.90422606 -6.14150381 -0.36073198
v -4.02621221 -6.1510868 -0.654118
v 4.02621078 -6.15108823 -0.654118
v -3.90434193 -6.17894411 -0.65588897
v 3.90434193 -6.17894411 -0.65588897
v -3.95192694 -6.27047205 -0.64413499
v 3.95192694 -6.27047205 -0.64413398
v -4.07106685 -6.23292589 -0.64161998
v 4.07106685 -6.23292589 -0.64161998
v -4.0514698 -6.18600702 -0.36987099
v 4.05146884 -6.18600702 -0.36987099
v -3.96946907 -6.24857091 -0.354216
v 3.96946811 -6.24857091 -0.354216
v -4.01717186 -6.39754915 -0.61467999
v 4.01717281 -6.3975501 -0.61467999
v -4.12437582 -6.32972908 -0.61618101
v 4.12437582 -6.32972908 -0.61618101
v -4.13945007 -6.27800703 -0.35600799
v 4.13944912 -6.27800703 -0.35600799
v -4.07650804 -6.34318208 -0.33624699
v 4.07650899 -6.34318304 -0.33624699
v -4.10219621 -6.50641584 -0.56970602
v 4.10219478 -6.50641679 -0.56970602
v -4.204288 -6.44183015 -0.56828302
v 4.204288 -6.4418292 -0.56828302
v -4.2519989 -6.38609886 -0.35191598
v 4.2519989 -6.38609981 -0.35191598
v -4.17935085 -6.46904087 -0.34758499
v 4.1793518 -6.46904087 -0.34758499
v -4.04327201 -6.59302187 -0.42782801
v -4.00504207 -6.63794279 -0.444563
v 4.00504207 -6.63794279 -0.444563
v 4.04327201 -6.59302187 -0.42782899
v -4.22227096 -6.50137186 -0.39575299
v 4.22227001 -6.50137186 -0.39575299
v -4.24843502 -6.51205587 -0.455062
v -4.22768402 -6.47815609 -0.53023099
v 4.22768497 -6.47815609 -0.53023099
v 4.24843502 -6.51205682 -0.455062
v -4.02008819 -6.68204402 -0.43945398
v 4.02008819 -6.68204498 -0.43945398
v -4.16392898 -6.56322383 -0.51566898
v 4.16392898 -6.56322383 -0.51566898
v -4.21995115 -6.61407899 -0.48675701
v -4.27169799 -6.66709899 -0.46303299
v 4.27169799 -6.66709899 -0.46303299
v 4.21995115 -6.61407899 -0.48675701
v -4.33387088 -6.73020792 -0.43872499
v 4.33387088 -6.73020792 -0.43872499
v -4.38175582 -6.78223419 -0.42392998
v -4.44435119 -6.84629011 -0.410187
v 4.44435119 -6.84629011 -0.410187
v 4.38175487 -6.78223419 -0.42392998
v -4.10889196 -6.62781906 -0.406374
v 4.10889196 -6.62782001 -0.40637499
v -4.15840482 -6.66029501 -0.384698
v -4.21550512 -6.70802497 -0.37318798
v 4.21550416 -6.70802593 -0.373189
v 4.15840482 -6.66029405 -0.384698
v -4.27077817 -6.76307487 -0.36319801
v 4.27077817 -6.76307487 -0.36319801
v -4.38443183 -6.873456 -0.33397498
v -4.43434906 -6.9167819 -0.330024
v 4.43434906 -6.91678285 -0.33002498
v 4.38443183 -6.873456 -0.33397498
v -4.32778978 -6.81883812 -0.34851899
v 4.32778978 -6.81883812 -0.34851899
v -4.529675 -6.9254961 -0.386339
v -4.55750799 -6.92071819 -0.36650499
v 4.55750799 -6.92071819 -0.36650499
v 4.529675 -6.9254961 -0.386339
v -4.49167585 -6.94926023 -0.33167201
v -4.51221704 -6.94409418 -0.31691598
v 4.51221704 -6.94409418 -0.31691598
v 4.4916749 -6.94926118 -0.33167201
v -4.48730897 -6.886096 -0.40024799
v 4.48730897 -6.886096 -0.40024799
v -4.5223422 -6.93500709 -0.31342101
v 4.5223422 -6.93500804 -0.31342101
v -4.55710315 -6.91757297 -0.340213
v 4.55710315 -6.91757297 -0.340213
v -4.33043384 -6.43545007 -0.36323899
v 4.33043384 -6.43544912 -0.36323899
v -4.43282413 -6.50978899 -0.35703
v -4.55424594 -6.59775877 -0.34963399
v 4.55424594 -6.59775877 -0.34963399
v 4.43285179 -6.50980806 -0.35702899
v -4.04962301 -6.7262268 -0.43017
v 4.04962301 -6.7262268 -0.43017
v -4.75639677 -6.7438879 -0.355551
v 4.75639677 -6.7438879 -0.355551
v -1.42219698 -2.34270191 -0.342671
v 1.42219698 -2.34270191 -0.342671
v 3.698493 -5.81929493 -0.343562
v -3.698493 -5.81929493 -0.343562
v -3.79675889 -5.99299907 -0.337421
v 3.79675889 -5.99299907 -0.337421
v -3.82249498 -6.08239221 -0.348466
v 3.82249498 -6.08239221 -0.348466
v -3.84870791 -6.17777299 -0.3506
v 3.84870791 -6.17777299 -0.3506
v -3.92746305 -6.29722404 -0.337556
v 3.92746305 -6.29722404 -0.337556
v -4.03092098 -6.39591789 -0.32247299
v 4.03092098 -6.39591789 -0.32247299
v -4.13633012 -6.52485799 -0.34390801
v 4.13633012 -6.52485799 -0.34390801
v -4.38776111 -6.32989406 -0.41885599
v -4.3553338 -6.35410308 -0.417869
v 4.3553338 -6.35410308 -0.417869
v 4.38776111 -6.32989406 -0.41885599
v -4.24741888 -6.51621103 -0.43335801
v -4.23513078 -6.52848291 -0.42966198
v 4.23513078 -6.52848291 -0.42966198
v 4.24741888 -6.51621198 -0.43335801
v -4.25207614 -6.55121803 -0.42626398
v 4.25207614 -6.55121898 -0.426263
v -4.26718521 -6.57115316 -0.421121
v -4.31429481 -6.62185812 -0.40138199
v 4.31429576 -6.62185812 -0.40138199
v 4.26718521 -6.57115221 -0.42111998
v -4.36515617 -6.67993211 -0.37416499
v 4.36515617 -6.67993211 -0.37416499
v -4.41670703 -6.73599815 -0.363994
v 4.41670703 -6.7359991 -0.363994
v -4.46441221 -6.79025697 -0.35315799
v 4.46441221 -6.79025602 -0.35315799
v -4.50653076 -6.83615589 -0.34970599
v 4.5065298 -6.83615589 -0.34970599
v 3.627918 -5.75290298 -0.34134098
v -3.627918 -5.75290298 -0.34134098
v -4.18044614 -6.57229805 -0.35802701
v 4.18044614 -6.57229805 -0.35802701
v -4.21440601 -6.61180305 -0.35841599
v -4.25718402 -6.66574478 -0.347752
v 4.25718402 -6.66574478 -0.347752
v 4.21440696 -6.6118021 -0.358417
v -4.37124776 -6.77399587 -0.31699401
v -4.42408323 -6.82244777 -0.30971598
v 4.42408323 -6.82244777 -0.30971598
v 4.37124776 -6.77399587 -0.31699401
v -4.31206083 -6.71979904 -0.33092099
v 4.31206083 -6.71979904 -0.33092099
v -4.46932792 -6.87500619 -0.30659499
v 4.46932792 -6.87500619 -0.30659499
v -4.5126152 -6.92887687 -0.31034299
v -4.51613378 -6.94147396 -0.31424599
v 4.5126152 -6.92887687 -0.31034299
v 4.51613378 -6.94147396 -0.31424599
v -4.52179193 -6.94684886 -0.320039
v -4.55689096 -6.9309082 -0.34498599
v 4.55689096 -6.9309082 -0.34498599
v 4.52179193 -6.94684982 -0.320039
v -4.54818821 -6.88267707 -0.34692201
v -4.55981111 -6.90301322 -0.36208599
v 4.55981111 -6.90301322 -0.36208599
v 4.54818677 -6.88267707 -0.34692201
v -4.56009006 -6.91992521 -0.35570299
v 4.56009006 -6.91992521 -0.35570299
v -4.25401592 -6.49892282 -0.420704
v -4.32111501 -6.53586578 -0.42395499
v 4.32111501 -6.53586578 -0.42395499
v 4.25401592 -6.49892282 -0.42070299
v -4.39114904 -6.42369699 -0.419676
v 4.39114999 -6.42369699 -0.419676
v -4.41353797 -6.59801006 -0.41184899
v -4.52105999 -6.67466211 -0.39306199
v 4.52106094 -6.67466211 -0.39306199
v 4.41356277 -6.59802722 -0.41184499
v -4.48734617 -6.48687219 -0.41015699
v -4.60105896 -6.56197309 -0.39983299
v 4.60105991 -6.56197309 -0.399834
v 4.48737096 -6.48688793 -0.41015499
v -4.71156406 -6.7848792 -0.37174698
v 4.71156406 -6.78488016 -0.37174698
v -4.77964687 -6.71003818 -0.40229898
v 4.77964687 -6.71003818 -0.4023
v -4.77646398 -6.77809906 -0.38763099
v -4.74101209 -6.79731512 -0.381224
v 4.74101114 -6.79731512 -0.381224
v 4.77646303 -6.77809906 -0.38763099
v -4.79283618 -6.7501378 -0.400303
v 4.79283714 -6.7501378 -0.400303
v 3.66166091 -5.86042976 -0.33488899
v 3.59549689 -5.7925539 -0.333411
v -3.59549689 -5.7925539 -0.333411
v -3.66166091 -5.86042976 -0.33488899
v -4.11350011 -6.54262399 -0.345162
v -4.16065692 -6.59020614 -0.351976
v 4.16065788 -6.59020376 -0.351976
v 4.11350011 -6.54262399 -0.345162
v -4.205091 -6.62174892 -0.35682699
v -4.25097513 -6.67136097 -0.34752899
v 4.25097513 -6.67136001 -0.34752899
v 4.205091 -6.62174892 -0.35682699
v -4.36518478 -6.77953004 -0.31661498
v -4.41863584 -6.82730484 -0.30900999
v 4.41863584 -6.82730484 -0.30900999
v 4.36518478 -6.77953004 -0.31661498
v -4.30607223 -6.72482585 -0.33102899
v 4.30607223 -6.72482585 -0.33102801
v -4.46459007 -6.8793478 -0.30561199
v 4.46459007 -6.8793478 -0.30561199
v -4.50883102 -6.93222284 -0.310828
v -4.51387405 -6.94300413 -0.31575998
v -4.52076911 -6.95021677 -0.32431998
v -4.55515384 -6.9359622 -0.34748798
v 4.55515384 -6.9359622 -0.34748798
v 4.52077007 -6.95021677 -0.32431998
v -4.54467105 -6.87629318 -0.35101699
v -4.55575609 -6.90345001 -0.36994999
v 4.55575609 -6.90345001 -0.36994999
v 4.5446701 -6.87629318 -0.35101699
v -4.25932788 -6.50326681 -0.44014298
v -4.32534122 -6.54077816 -0.43494701
v 4.32534122 -6.54077816 -0.43494701
v 4.25932788 -6.50326681 -0.44014298
v 4.50883102 -6.93222284 -0.310828
v -4.41742706 -6.60111093 -0.421092
v -4.52280902 -6.67833185 -0.40219599
v 4.52280902 -6.67833089 -0.40219599
v 4.41745185 -6.6011281 -0.42108801
v -4.71103382 -6.786942 -0.37653601
v 4.71103382 -6.78694295 -0.37653601
v 4.5138731 -6.94300413 -0.31575998
v -4.55985117 -6.92037916 -0.36230999
v 4.55985117 -6.92037916 -0.36230999
v -4.72491598 -6.79275703 -0.396876
v 4.72491598 -6.79275798 -0.396876
v -4.77310609 -6.71528577 -0.418094
v -1.23989701 -2.31880307 -0.123818
v 1.23989701 -2.31880307 -0.123818
v 4.77310705 -6.71528577 -0.418094
v 4.35505676 -6.68411684 -0.35803499
v -4.35505676 -6.68411684 -0.35803499
v -3.77034497 -6.01666021 -0.33771199
v 3.77034497 -6.01666021 -0.33771199
v -3.79643797 -6.09905815 -0.34611299
v 3.79643893 -6.09905815 -0.34611299
v -3.82809495 -6.19141292 -0.34661999
v 3.82809495 -6.19141197 -0.34661999
v -3.90672707 -6.31898212 -0.32966798
v 3.90672802 -6.31898117 -0.32966798
v -3.99834489 -6.43121099 -0.31683901
v 3.99834489 -6.43121099 -0.31683901
v -4.38960599 -6.348423 -0.43221798
v -4.35911989 -6.36166191 -0.43936801
v 4.35911989 -6.36166191 -0.43936801
v 4.38960599 -6.348423 -0.43221798
v -4.24780702 -6.51360082 -0.445856
v -4.24022102 -6.52902507 -0.44532299
v 4.24022197 -6.52902507 -0.445322
v 4.24780607 -6.51360178 -0.445856
v -4.2548232 -6.55253315 -0.43713599
v 4.25482416 -6.5525341 -0.43713501
v -4.26898098 -6.57081317 -0.429724
v -4.31662797 -6.62163782 -0.410259
v 4.31662797 -6.62163782 -0.41025799
v 4.26898098 -6.57081413 -0.42972299
v -4.36783218 -6.67927408 -0.38295999
v 4.36783218 -6.67927408 -0.38295999
v -4.41873407 -6.7357068 -0.371046
v 4.41873407 -6.73570585 -0.371046
v -4.46597194 -6.78951215 -0.35930201
v 4.46597099 -6.7895112 -0.35930201
v -4.50534105 -6.83296108 -0.35506001
v 4.50533914 -6.83296108 -0.35506001
v -4.40295696 -6.42923498 -0.43289899
v 4.40295791 -6.42923498 -0.43290001
v -4.49520111 -6.49062109 -0.42458298
v -4.60497188 -6.56328678 -0.414624
v 4.60497188 -6.56328821 -0.414624
v 4.49522495 -6.49063587 -0.42458099
v -4.75097179 -6.7874031 -0.40764901
v 4.75097179 -6.7874031 -0.40764901
v -4.68072795 -6.68702697 -0.343254
v -4.6482892 -6.72178983 -0.34911999
v 4.6482892 -6.72178983 -0.34911999
v 4.68072795 -6.68702697 -0.343254
v -4.63829994 -6.73596096 -0.36119899
v 4.63829994 -6.73596191 -0.3612
v -4.63497877 -6.75255823 -0.38504099
v -4.63559389 -6.75382185 -0.389914
v 4.63559484 -6.75382185 -0.389914
v 4.6349802 -6.75255823 -0.38504099
v -4.64131784 -6.74108982 -0.430296
v 4.64131784 -6.74108982 -0.430296
v -4.65128278 -6.71632814 -0.44657701
v -4.68398714 -6.6843419 -0.45024201
v 4.68398809 -6.6843419 -0.45024201
v 4.65128278 -6.71632909 -0.44657701
v -4.70902013 -6.65744876 -0.430415
v 4.70902013 -6.65744876 -0.43041598
v -4.71612215 -6.6481738 -0.402873
v -4.70352315 -6.66060495 -0.36145299
v 4.70352315 -6.660604 -0.36145299
v 4.71612215 -6.64817476 -0.40287399
v -4.6359229 -6.74801015 -0.376109
v 4.6359229 -6.74801015 -0.376109
v -4.71329021 -6.65285921 -0.421985
v 4.71329116 -6.65285921 -0.421985
v -4.61686277 -6.64173507 -0.34493801
v -4.58314418 -6.67737197 -0.35297399
v 4.58314418 -6.67737197 -0.35297399
v 4.61686182 -6.64173507 -0.34493801
v -4.5785222 -6.69823598 -0.36633101
v 4.57852315 -6.69823694 -0.36633199
v -4.57701015 -6.717 -0.39336198
v -4.57811498 -6.71879816 -0.399165
v 4.57811498 -6.71879816 -0.399165
v 4.57701015 -6.717 -0.39336198
v -4.58488416 -6.69738578 -0.442312
v 4.58488416 -6.69738578 -0.44231298
v -4.59060478 -6.66901207 -0.455392
v -4.62728977 -6.63539505 -0.456505
v 4.6272912 -6.635396 -0.456505
v 4.59060478 -6.66901207 -0.455392
v -4.65812301 -6.61034679 -0.42887699
v 4.65812301 -6.61034822 -0.42887601
v -4.65874719 -6.60365676 -0.401113
v -4.64256 -6.61484098 -0.36283999
v 4.64256095 -6.61484098 -0.36283999
v 4.65874719 -6.60365819 -0.40111398
v -4.57680892 -6.71246385 -0.38366699
v 4.57680892 -6.7124629 -0.38366699
v -4.65930414 -6.60673713 -0.418509
v 4.65930414 -6.60673809 -0.418509
v -4.48519516 -6.54770708 -0.35378
v -4.44853687 -6.58323001 -0.36355298
v 4.44853687 -6.58323001 -0.363552
v 4.48519611 -6.54770708 -0.35378
v -4.45763492 -6.61538887 -0.38275
v 4.45763492 -6.61538982 -0.38275
v -4.46325111 -6.63391399 -0.41296699
v -4.46565389 -6.63607788 -0.41974699
v 4.4656558 -6.63607883 -0.41974699
v 4.46325111 -6.63391399 -0.41296801
v -4.46850395 -6.60363721 -0.46234399
v 4.46850395 -6.60363721 -0.46234399
v -4.46316003 -6.57123899 -0.47481098
v -4.50780201 -6.53449487 -0.464713
v 4.50780201 -6.53449583 -0.464713
v 4.46316003 -6.57123899 -0.47481098
v -4.546175 -6.52520322 -0.43077799
v 4.54617595 -6.52520322 -0.43077799
v -4.53717804 -6.51799583 -0.405393
v -4.513134 -6.52377176 -0.37166398
v 4.513134 -6.5237708 -0.371665
v 4.53717804 -6.51799583 -0.40539398
v -4.46012401 -6.6307969 -0.40388399
v 4.46012592 -6.6307969 -0.403885
v -4.543334 -6.52076578 -0.42056599
v 4.543334 -6.52076578 -0.42056599
v -4.37915802 -6.47202014 -0.36269301
v -4.33839798 -6.50821781 -0.36960399
v 4.33839798 -6.50821781 -0.36960399
v 4.37915802 -6.47202014 -0.36269399
v -4.35857391 -6.54999399 -0.39265599
v 4.35857391 -6.54999399 -0.39265599
v -4.36968898 -6.56942415 -0.42829701
v -4.37319612 -6.57155704 -0.43571499
v 4.37319707 -6.57155704 -0.43571499
v 4.36968994 -6.56942415 -0.42829701
v -4.37119388 -6.53419303 -0.48875999
v 4.37119483 -6.53419303 -0.48875999
v -4.36044597 -6.49614 -0.50630897
v -4.40642499 -6.4576478 -0.481453
v 4.40642499 -6.45765018 -0.48145601
v 4.36044693 -6.49614 -0.50630897
v -4.45205211 -6.46569299 -0.43898001
v 4.45205307 -6.46569299 -0.43898001
v -4.42969894 -6.45309782 -0.40611699
v -4.40546417 -6.45203018 -0.38419899
v 4.40546512 -6.45202922 -0.3842
v 4.42969894 -6.45309782 -0.40611699
v -4.36526584 -6.5659132 -0.41807699
v 4.3652668 -6.5659132 -0.41807699
v -4.44634389 -6.45982122 -0.42864999
v 4.44634485 -6.45982122 -0.428651
v -4.84926986 -6.45627498 -0.451866
v 4.84926986 -6.45627498 -0.451866
v -4.82802486 -6.5003848 -0.44748899
v 4.82802486 -6.5003848 -0.44748899
v -4.85392284 -6.43981981 -0.426254
v 4.85392284 -6.43981885 -0.426254
v -4.84877491 -6.44404697 -0.39850398
v 4.84877586 -6.44404697 -0.398503
v -4.83922815 -6.46878576 -0.38933399
v 4.83922815 -6.46878576 -0.38933399
v -4.83137512 -6.48444318 -0.39388999
v 4.83137512 -6.48444318 -0.39388999
v -4.81955099 -6.51237392 -0.43450999
v 4.81955099 -6.51237392 -0.43450999
v -4.82577419 -6.50093078 -0.405422
v 4.82577419 -6.50093078 -0.405422
v -4.81909513 -6.5115962 -0.41928699
v 4.81909513 -6.51159477 -0.419288
v -4.47232103 -6.31501483 -0.51122099
v -4.52249097 -6.22263908 -0.49318999
v 4.52246999 -6.22262811 -0.49319198
v 4.47232103 -6.31501483 -0.51122099
v -4.52600002 -6.2113018 -0.46190598
v 4.52600002 -6.2113018 -0.46190598
v -4.5191102 -6.21220397 -0.428743
v 4.51911115 -6.21220397 -0.428743
v -4.47183418 -6.24817895 -0.37627801
v 4.47183418 -6.24817895 -0.37627801
v -4.42113208 -6.30362701 -0.38409
v 4.42113208 -6.30362701 -0.38409
v -4.45438814 -6.34913206 -0.451788
v 4.45438814 -6.34913206 -0.451788
v -4.44588184 -6.34111881 -0.421146
v 4.44588184 -6.34111881 -0.421146
v -4.44972801 -6.34899377 -0.438313
v 4.44972801 -6.34899377 -0.438313
v -4.55830001 -6.35395908 -0.48959898
v -4.60152483 -6.2773199 -0.48503199
v 4.601511 -6.27730989 -0.485035
v 4.55830001 -6.35395908 -0.48959898
v -4.60870218 -6.25859594 -0.45408099
v 4.60870218 -6.25859594 -0.45408099
v -4.60266304 -6.25836181 -0.418493
v 4.60266399 -6.25836181 -0.418493
v -4.55947589 -6.30036306 -0.370839
v 4.55947589 -6.30036211 -0.370839
v -4.5194602 -6.34591913 -0.38771501
v 4.51946115 -6.34592008 -0.38771501
v -4.54447889 -6.38034296 -0.44639098
v 4.54447794 -6.38034391 -0.446392
v -4.53771591 -6.37655115 -0.418116
v 4.53771591 -6.3765521 -0.418116
v -4.54052209 -6.38109397 -0.432657
v 4.54052209 -6.38109397 -0.432657
v -4.64027595 -6.39987087 -0.47833699
v -4.67802906 -6.33113384 -0.47606301
v 4.67801904 -6.33112812 -0.47606501
v 4.64027595 -6.39987087 -0.47833699
v -4.68603897 -6.31087398 -0.447548
v 4.68603897 -6.31087398 -0.447548
v -4.68214321 -6.30825185 -0.41003
v 4.68214321 -6.30825185 -0.41003
v -4.64507818 -6.35173177 -0.36917701
v 4.64507818 -6.35173082 -0.36917701
v -4.61347198 -6.39098501 -0.38537401
v 4.61347198 -6.39098501 -0.38537401
v -4.62851381 -6.42093896 -0.44278898
v 4.62851381 -6.42093896 -0.44278898
v -4.62452316 -6.41719913 -0.413475
v 4.62452316 -6.41719913 -0.413475
v -4.62555885 -6.42161083 -0.42863899
v 4.62555885 -6.42161083 -0.42863899
v -4.71931695 -6.44706392 -0.47186499
v -4.75363493 -6.38319778 -0.470954
v 4.7536292 -6.38319397 -0.47095501
v 4.719316 -6.44706392 -0.47186499
v -4.76304912 -6.3597908 -0.44234299
v 4.76304912 -6.3597908 -0.44234299
v -4.75785017 -6.36126279 -0.39991501
v 4.75784921 -6.36126279 -0.39991501
v -4.7291069 -6.40253114 -0.37252101
v 4.7291069 -6.40253114 -0.37252199
v -4.70566797 -6.43507099 -0.38337999
v 4.70566797 -6.43507099 -0.38337999
v -4.70788002 -6.46553516 -0.44012799
v 4.70788002 -6.46553516 -0.44012799
v -4.70796108 -6.45947504 -0.40518099
v 4.70796108 -6.45947504 -0.40518099
v -4.70625877 -6.465456 -0.42314401
v 4.70625877 -6.46545505 -0.42314401
v -4.7886548 -6.4836502 -0.46134701
v -4.81580781 -6.42902278 -0.461553
v 4.81580591 -6.42902183 -0.461553
v 4.7886548 -6.48364877 -0.461346
v -4.825881 -6.405056 -0.43262898
v 4.825881 -6.405056 -0.43263
v -4.81725692 -6.41255807 -0.39720898
v 4.81725692 -6.41255712 -0.397208
v -4.79952001 -6.44501876 -0.38148298
v 4.79952001 -6.44501876 -0.38148298
v -4.78573513 -6.46795606 -0.38644099
v 4.78573513 -6.46795702 -0.38644099
v -4.77706289 -6.50103378 -0.43794998
v 4.77706384 -6.50103378 -0.43794998
v -4.78225803 -6.48949194 -0.40037798
v 4.78225803 -6.48949194 -0.40037798
v -4.33015203 -6.70092201 -0.337125
v 4.33015203 -6.70092201 -0.337125
v -3.71512794 -5.92472887 -0.333063
v 3.71512794 -5.92472887 -0.333063
v -3.75790596 -5.88876199 -0.33417698
v 3.75790596 -5.88876199 -0.33417698
v -4.8382039 -6.50033092 -0.44221898
v 4.8382039 -6.50033187 -0.44221898
v -4.85081815 -6.49896383 -0.41646701
v 4.85081815 -6.49896383 -0.41646701
v -4.86155509 -6.46351909 -0.41731798
v 4.86155509 -6.46351909 -0.41731798
v 3.55469203 -6.06554985 -0.37545099
v -3.55469203 -6.06554985 -0.37544998
v 3.46330499 -6.04878616 -0.50365698
v 3.39442706 -5.96974515 -0.51284498
v -3.39442706 -5.96974515 -0.51284498
v -3.46330499 -6.04878616 -0.50365698
v -3.90187907 -6.72612094 -0.39804801
v -3.93074393 -6.76169776 -0.39110899
v 3.93074393 -6.76169776 -0.39110899
v 3.90187907 -6.72612094 -0.39804801
v 3.50268602 -6.12606 -0.495671
v -3.50268602 -6.12606 -0.495671
v -3.52843689 -6.20049381 -0.48311299
v 3.52843689 -6.20049381 -0.48311299
v -3.55796408 -6.27970409 -0.47135999
v 3.55796408 -6.27970409 -0.47135999
v -3.61391997 -6.38389682 -0.46027401
v 3.61391902 -6.38389682 -0.46027401
v -3.73123908 -6.53035593 -0.41786199
v 3.73123908 -6.53035688 -0.41786199
v -3.83717203 -6.64116716 -0.411942
v 3.83717203 -6.64116716 -0.411942
v -3.95979809 -6.79956483 -0.38763898
v -3.99700593 -6.84423303 -0.38144901
v 3.99700593 -6.84423303 -0.38144901
v 3.95979809 -6.79956483 -0.38763898
v -4.07876491 -6.76485204 -0.42489698
v 4.07876491 -6.76485204 -0.42489698
v -4.03573417 -6.8887062 -0.37615901
v -4.07949113 -6.93494892 -0.36994698
v 4.07949113 -6.93494892 -0.36994698
v 4.03573417 -6.88870477 -0.37615901
v -4.12509679 -6.82426405 -0.40316
v -4.16147184 -6.87325477 -0.388801
v 4.16147089 -6.87325477 -0.388801
v 4.12509679 -6.82426405 -0.40316
v -4.20339298 -6.98753309 -0.36273598
v -4.20922994 -6.95712518 -0.36910599
v 4.2092309 -6.95712518 -0.36910599
v 4.20339202 -6.98753309 -0.36273598
v -4.17299699 -6.99199581 -0.35634499
v 4.17299699 -6.99199676 -0.35634499
v -4.12112283 -6.96697902 -0.36396399
v 4.12112188 -6.96697998 -0.36396399
v -4.19029283 -6.91476917 -0.37983799
v 4.19029283 -6.91476917 -0.379839
v 3.79475688 -5.71495914 -0.49985298
v 3.72645998 -5.64066791 -0.50881701
v 4.64637899 -6.02261495 -0.43426799
v 4.69582986 -6.0040102 -0.438075
v 4.39747285 -5.98156786 -0.48660999
v 4.52519178 -6.01906681 -0.443241
v 3.85055303 -5.7301712 -0.498692
v 3.89200902 -5.72995805 -0.49245899
v 3.92586994 -5.72754097 -0.487755
v 4.00025606 -5.72187995 -0.48539099
v 4.06019687 -5.71779489 -0.48249998
v 4.12191677 -5.71657609 -0.481211
v 4.26184892 -5.75518894 -0.488931
v 4.34254598 -5.79437303 -0.49822801
v 4.43555688 -5.83273077 -0.49527499
v 4.57325792 -5.88482189 -0.48296999
v 4.6679449 -5.90852785 -0.461934
v 4.70094013 -5.92676305 -0.45353999
v 4.71043014 -5.96486282 -0.43806201
v 4.17684888 -5.72207593 -0.48299899
v 1.47319805 -1.89706397 -0.08753799
v -1.47319805 -1.89706397 -0.08753799
v 1.19257497 -1.90906703 -0.02387
v -1.19257497 -1.90906703 -0.02387
v 4.11266088 -5.71876716 -0.515006
v 4.11044502 -5.75202608 -0.57817798
v -4.11044502 -5.75202703 -0.578179
v -4.11266183 -5.71876716 -0.515006
v -4.15639591 -5.98133611 -0.62264001
v -4.15234422 -5.90792799 -0.62209701
v 4.15234279 -5.90792799 -0.62209701
v 4.156394 -5.98133611 -0.62264001
v 4.17000103 -5.72228479 -0.51915401
v 4.16268777 -5.76161289 -0.58266001
v -4.16269016 -5.76161384 -0.58266097
v -4.17000198 -5.72228479 -0.51915401
v -4.15715599 -5.83439397 -0.615866
v 4.15715503 -5.83439397 -0.615866
v -4.09731912 -5.99253511 -0.63988
v -4.09217119 -5.91436719 -0.63524597
v 4.09216976 -5.91436815 -0.63524597
v 4.09731721 -5.99253511 -0.63988101
v -4.09903001 -5.83192491 -0.62416601
v 4.09902906 -5.83192491 -0.62416601
v 4.11494779 -5.71623992 -0.48129698
v -4.11628103 -5.72236776 -0.451628
v 4.17068815 -5.72104215 -0.48272401
v -4.16829395 -5.73020076 -0.451536
v -4.16559886 -5.7739582 -0.400844
v 4.16559886 -5.77395677 -0.400844
v 4.16829299 -5.73020076 -0.45153701
v -4.1120162 -5.76326608 -0.394434
v 4.11201477 -5.76326608 -0.394434
v 4.11628007 -5.72236776 -0.451628
v -4.15868187 -5.85710477 -0.367417
v -4.15704107 -5.94843578 -0.367327
v 4.15704011 -5.94843721 -0.36732599
v 4.15868091 -5.85710477 -0.36741599
v -4.09703588 -5.85203409 -0.35427498
v -4.09787988 -5.94609785 -0.355524
v 4.09787893 -5.94609785 -0.355524
v 4.09703493 -5.85203504 -0.35427498
v -4.11102914 -6.06300115 -0.63985598
v 4.11102819 -6.06300115 -0.63985598
v -4.14256477 -6.11313009 -0.63111901
v 4.14256286 -6.11313009 -0.63111901
v -4.17612218 -5.99863481 -0.37740901
v -4.19161987 -6.04429101 -0.38473799
v 4.19161891 -6.04429101 -0.38473701
v 4.17612123 -5.99863481 -0.37740901
v -4.10773801 -6.00399208 -0.36486598
v 4.10773706 -6.00399208 -0.36486598
v -4.12781286 -6.05786323 -0.374379
v 4.1278119 -6.05786418 -0.374379
v -4.18218421 -6.17745876 -0.61780697
v 4.18218278 -6.17745876 -0.61780798
v -4.22625398 -6.11828708 -0.38817301
v 4.22625398 -6.11828804 -0.38817301
v -4.16277408 -6.13686895 -0.38038
v 4.16277313 -6.1368699 -0.38037899
v -4.23655176 -6.25645113 -0.59630501
v 4.2365508 -6.25645208 -0.59630501
v -4.29472398 -6.21198606 -0.58494502
v -4.24706888 -6.14647388 -0.59876298
v 4.24706792 -6.14647388 -0.59876298
v 4.29472208 -6.21198606 -0.58494597
v -4.22684907 -6.2071681 -0.37447801
v 4.22684812 -6.20716905 -0.37447801
v -4.31078481 -6.34940481 -0.54571002
v 4.31078386 -6.34940576 -0.54571098
v -4.40873622 -6.29876279 -0.52703797
v 4.40873479 -6.29876422 -0.52703797
v -4.35288095 -6.29139423 -0.373243
v 4.35288095 -6.29139518 -0.37324398
v -4.17792797 -6.04171419 -0.61791497
v 4.17792701 -6.04171419 -0.61791497
v -4.20471811 -6.08337593 -0.60986399
v 4.20471715 -6.08337783 -0.60986399
v -4.27845096 -6.1717472 -0.38345301
v 4.27845001 -6.17174911 -0.38345301
v -4.41198205 -6.22539997 -0.37681001
v 4.4119811 -6.22540092 -0.37681001
v -4.39289999 -6.34976911 -0.46024999
v -4.41807317 -6.30314397 -0.523081
v -4.32523822 -6.34387493 -0.533414
v -4.40721797 -6.30627822 -0.522031
v 4.32523918 -6.34387588 -0.53341299
v 4.41807317 -6.30314588 -0.523081
v 4.39289903 -6.34976911 -0.46024999
v 4.40721607 -6.30627918 -0.52202999
v -4.38372278 -6.33029794 -0.42002201
v 4.38372278 -6.33029794 -0.42002201
v -4.35647106 -6.42490482 -0.50154101
v 4.35646915 -6.4249072 -0.50154298
v -4.36629676 -6.4223628 -0.49059501
v 4.36629676 -6.42236423 -0.49059501
v -4.4545741 -6.49833202 -0.471843
v -4.50334692 -6.53801584 -0.467541
v 4.50334596 -6.53801679 -0.46754199
v 4.45459795 -6.49835395 -0.471841
v -4.46484422 -6.49341392 -0.46571201
v -4.51266479 -6.53287077 -0.46244499
v 4.51266622 -6.5328722 -0.462444
v 4.46486997 -6.49343395 -0.46571001
v -4.40199279 -6.46152496 -0.48561799
v 4.40199089 -6.46152782 -0.48561999
v -4.4118061 -6.45831823 -0.47690498
v 4.41180706 -6.45832014 -0.47690701
v -4.5672059 -6.59137296 -0.46167498
v -4.62317991 -6.63917112 -0.45686599
v 4.62318086 -6.63917207 -0.45686599
v 4.5672059 -6.59137392 -0.46167498
v -4.57601404 -6.5846672 -0.457899
v -4.63126802 -6.63199091 -0.45548901
v 4.63126897 -6.63199186 -0.45548799
v 4.57601499 -6.5846672 -0.45789799
v -4.38622999 -6.34963607 -0.433465
v 4.38622999 -6.34963607 -0.43346598
v -4.68043422 -6.6879549 -0.450744
v -4.75062608 -6.74480581 -0.433021
v 4.75062608 -6.74480581 -0.433021
v 4.68043422 -6.68795585 -0.450744
v -4.68707609 -6.68132019 -0.449804
v -4.75453519 -6.73899412 -0.43206
v 4.75453519 -6.73899412 -0.43206
v 4.68707799 -6.68132019 -0.449804
v -4.46673011 -6.25298118 -0.37350899
v 4.46672916 -6.25298118 -0.37350899
v -4.47004985 -6.32033491 -0.50603598
v 4.47004985 -6.32033586 -0.50603598
v -4.554955 -6.30538511 -0.37058401
v 4.554955 -6.30538511 -0.37058401
v -4.55652618 -6.35797309 -0.48598399
v 4.55652523 -6.35797405 -0.48598301
v -4.64152193 -6.35612011 -0.369073
v 4.64152097 -6.35612011 -0.369073
v -4.63855409 -6.40309 -0.47554299
v 4.63855409 -6.40309095 -0.47554299
v -4.72653198 -6.40627193 -0.372599
v 4.72653102 -6.40627288 -0.372599
v -4.71761798 -6.4499731 -0.46974799
v 4.71761798 -6.44997406 -0.469747
v -4.79799509 -6.44764995 -0.381673
v 4.79799604 -6.44764995 -0.381673
v -4.78734016 -6.4862709 -0.46000599
v 4.78734016 -6.48626995 -0.46000599
v -4.83838605 -6.47060585 -0.389649
v 4.83838605 -6.47060585 -0.38964799
v -4.82733202 -6.50212001 -0.44652798
v 4.82733106 -6.50212001 -0.44652798
v -4.84860086 -6.49995613 -0.414815
v 4.84859991 -6.49995613 -0.414815
v -4.83682107 -6.50272989 -0.44111201
v 4.83682107 -6.50272989 -0.44111201
v 3.78326201 -5.72286701 -0.44503098
v 3.84402799 -5.73951387 -0.43913498
v 3.89014411 -5.73855209 -0.43657401
v 3.92840504 -5.73581123 -0.43610701
v 4.32931613 -5.80611801 -0.455731
v 4.25639009 -5.77777195 -0.44287198
v 4.42773103 -5.83927488 -0.45693001
v 4.39730882 -5.95160913 -0.433171
v 4.31258583 -5.947999 -0.42967799
v 4.52832984 -5.99273204 -0.41817501
v 4.56669998 -5.88883209 -0.446731
v 4.66889476 -5.98822784 -0.41852599
v 4.67561912 -5.95819282 -0.41714701
v 4.64345789 -5.99677801 -0.41558599
v 4.65929985 -5.92076778 -0.43050798
v 4.67576217 -5.93112182 -0.42750799
v 4.16793012 -5.74544477 -0.42705899
v 4.12209415 -5.73669576 -0.424443
v 4.11498689 -5.73592996 -0.42419299
v 4.05832815 -5.73234796 -0.42396399
v 3.71500802 -5.64991807 -0.44653901
v 4.00028514 -5.73249101 -0.42952901
v 4.13649177 -6.08864402 -0.63313502
v 4.12929296 -6.09177398 -0.63537001
v 4.28991794 -6.02308511 -0.53676402
v 4.20029687 -6.06274223 -0.61023002
v 4.27140522 -5.97628879 -0.41861701
v 4.17498302 -5.97703313 -0.37514901
v -4.18481493 -6.02480316 -0.38222399
v -4.12678098 -6.03308582 -0.37119901
v 4.12678003 -6.03308582 -0.37119901
v 4.18481397 -6.02480316 -0.38222399
v 4.04047012 -5.98480892 -0.35541498
v 4.103549 -5.97934293 -0.36078301
v -4.11922693 -6.03486681 -0.370637
v -4.05974578 -6.04878282 -0.366874
v 4.05974578 -6.04878282 -0.366874
v 4.11922597 -6.03486681 -0.370637
v 3.91173005 -5.9989829 -0.34682801
v 3.98309993 -5.99112319 -0.35158899
v -4.00099515 -6.06274795 -0.36434099
v -3.92801499 -6.08043384 -0.359398
v 3.92801499 -6.08043384 -0.359398
v 4.00099515 -6.06274795 -0.36434099
v 3.829077 -6.03136205 -0.344888
v 3.8749051 -6.01339578 -0.34598299
v -3.89351391 -6.10194301 -0.357569
v -3.85079288 -6.12867784 -0.35333499
v 3.85079288 -6.12867784 -0.35333499
v 3.89351391 -6.10194301 -0.357569
v 3.81149005 -6.0442748 -0.34413901
v 3.94321608 -6.13218307 -0.65882897
v 4.01448392 -6.12361717 -0.65603297
v 3.75840592 -6.17830705 -0.64869302
v 3.83547401 -6.15526485 -0.65628498
v 3.64547991 -6.22933912 -0.61998301
v 3.56219697 -6.25334882 -0.54473602
v 3.89520096 -6.14254379 -0.65877598
v -3.83724498 -6.13716888 -0.351666
v 3.83724498 -6.13716793 -0.351666
v 3.60504007 -6.18387699 -0.35321798
v 3.5697751 -6.20820188 -0.382142
v 3.71886301 -6.14106988 -0.336465
v -3.64898896 -6.2674818 -0.33439901
v -3.75083804 -6.20531702 -0.33428099
v 3.75083804 -6.20531702 -0.33428099
v 3.64898896 -6.2674818 -0.33439901
v -3.61216402 -6.29291391 -0.35755801
v 3.61216402 -6.29291391 -0.35755699
v -3.68364191 -6.32172298 -0.60827899
v -3.6009109 -6.35496187 -0.52476602
v 3.6009109 -6.35496187 -0.52476602
v 3.68364191 -6.32172203 -0.60827899
v -3.79392004 -6.27473688 -0.63828402
v 3.79392004 -6.27473688 -0.63828402
v -3.87269806 -6.24900388 -0.647358
v 3.87269806 -6.24900388 -0.647358
v -3.93166399 -6.23164081 -0.65022498
v 3.93166399 -6.23164081 -0.65022498
v -4.05209207 -6.19818401 -0.64802801
v -3.97901511 -6.21743106 -0.65088301
v 3.97901511 -6.21743011 -0.65088301
v 4.05209112 -6.19818401 -0.64802801
v -4.16526222 -6.15005016 -0.62333798
v -4.10972976 -6.18190002 -0.63793498
v 4.10972976 -6.18190097 -0.63793498
v 4.16526079 -6.15005111 -0.62333798
v -4.31877899 -6.07484197 -0.51764702
v -4.23576021 -6.11632299 -0.59993201
v 4.23576116 -6.11632299 -0.59993201
v 4.31877899 -6.07484197 -0.51764702
v -4.30807495 -6.0653038 -0.44937399
v -4.32005596 -6.06886816 -0.48052099
v 4.32005596 -6.06886816 -0.48052099
v 4.30807495 -6.0653038 -0.44937399
v -4.15577983 -6.10054397 -0.380169
v -4.21095323 -6.08689689 -0.38871499
v 4.2109518 -6.08689785 -0.38871398
v 4.15577983 -6.10054397 -0.380169
v -4.14772987 -6.10315609 -0.37948599
v 4.14772892 -6.10315704 -0.37948599
v -4.03343009 -6.14590406 -0.37162199
v -4.08394622 -6.12397718 -0.375615
v 4.08394479 -6.12397718 -0.375615
v -3.94094395 -6.20329523 -0.360275
v -3.9720509 -6.17435598 -0.36623999
v 3.9720509 -6.17435598 -0.36623999
v 3.94094395 -6.20329523 -0.360275
v -3.89330411 -6.24714708 -0.34726598
v -3.9023149 -6.23845386 -0.35019698
v 3.90231609 -6.23845481 -0.350196
v 3.89330411 -6.24714708 -0.34726598
v -3.73654198 -6.39282417 -0.31388399
v -3.81879091 -6.31926918 -0.32168299
v 3.81879091 -6.31926918 -0.32168299
v 3.73654198 -6.39282417 -0.31388399
v -3.70623588 -6.42365407 -0.33090299
v 3.70623588 -6.42365407 -0.33090299
v -3.76423311 -6.4487462 -0.58259099
v -3.69602298 -6.4796772 -0.51042902
v 3.69602298 -6.47967577 -0.51042902
v 3.76423311 -6.4487462 -0.58259099
v -3.85038995 -6.41058301 -0.61136597
v 3.85038995 -6.41058301 -0.61136597
v -3.93271589 -6.37083816 -0.623492
v 3.93271589 -6.37083816 -0.623492
v -3.98945093 -6.34370517 -0.62859797
v 3.98945188 -6.34370517 -0.62859797
v -4.10183477 -6.28876876 -0.62834101
v -4.03488922 -6.321352 -0.63012599
v 4.03488922 -6.321352 -0.63012599
v 4.10183477 -6.28876876 -0.62834101
v -4.2135148 -6.22283601 -0.60591
v -4.15425205 -6.26127004 -0.61909902
v 4.15425205 -6.26127004 -0.61909902
v 4.21351385 -6.22283697 -0.60591
v -4.27451705 -6.18408203 -0.591192
v -4.22104215 -6.21795511 -0.604209
v 4.2210412 -6.21795511 -0.604209
v 4.27451515 -6.18408203 -0.591192
v -4.36305999 -6.1113038 -0.477272
v -4.36208581 -6.11863184 -0.50843799
v 4.36208581 -6.11863184 -0.50843799
v 4.36305999 -6.1113038 -0.477272
v -4.34769821 -6.11159801 -0.44311299
v 4.34769916 -6.11159801 -0.44311299
v -4.19950294 -6.17747402 -0.37854901
v -4.20734882 -6.17317009 -0.37949898
v 4.20734882 -6.17317009 -0.37949898
v 4.19950199 -6.17747497 -0.37854901
v -4.10195112 -6.23892402 -0.36241
v -4.13772296 -6.21112394 -0.37006399
v 4.13772296 -6.21112394 -0.37006399
v 4.10195016 -6.23892402 -0.36241
v -4.0309391 -6.30270719 -0.34328699
v -4.05743885 -6.27343702 -0.35248801
v 4.05743885 -6.27343702 -0.35248801
v 4.0309391 -6.30270719 -0.34328699
v -3.98700308 -6.35341501 -0.32704499
v -3.99798607 -6.33901119 -0.331402
v 3.99798607 -6.33901119 -0.331402
v 3.98700308 -6.35341501 -0.32704499
v -3.85160994 -6.51644706 -0.321958
v -3.90142393 -6.4516282 -0.31198
v 3.90142393 -6.4516282 -0.31198
v 3.85160994 -6.51644706 -0.321958
v -3.82772803 -6.5452938 -0.33586901
v 3.82772707 -6.54529285 -0.33586901
v -3.85119295 -6.57430696 -0.551512
v -3.81222295 -6.60916805 -0.48482999
v 3.81222295 -6.60916709 -0.48482999
v 3.85118794 -6.57430601 -0.55151099
v -4.00169801 -6.49819898 -0.58601397
v 4.00169801 -6.49819898 -0.58601397
v -4.06650781 -6.46124076 -0.59311598
v 4.06650686 -6.46124219 -0.59311598
v -4.17105484 -6.39482212 -0.59229701
v -4.11739921 -6.42992687 -0.59410101
v 4.11739921 -6.42992687 -0.59410101
v 4.17105579 -6.39482212 -0.59229701
v -4.28147888 -6.31114578 -0.57304602
v -4.21339798 -6.36569023 -0.58725297
v 4.21339798 -6.36569023 -0.58725297
v 4.28147697 -6.31114721 -0.57304602
v -4.36255884 -6.26440286 -0.55782502
v -4.28964614 -6.3043518 -0.57159698
v 4.28964614 -6.3043518 -0.57159698
v 4.36255788 -6.26440286 -0.55782502
v -4.42321777 -6.16063499 -0.43839299
v -4.43389082 -6.15958595 -0.47137799
v 4.43389082 -6.1595869 -0.47137799
v 4.42321777 -6.16063404 -0.43839299
v -4.43224716 -6.16733694 -0.500808
v 4.43224716 -6.16733598 -0.500808
v -4.36106491 -6.19709014 -0.38189899
v 4.36106395 -6.1970911 -0.38189798
v -4.29934597 -6.25490999 -0.36713701
v -4.30658721 -6.24929714 -0.36781799
v 4.30658817 -6.24929714 -0.36781799
v 4.29934501 -6.25490999 -0.36713701
v -4.2043538 -6.3396058 -0.350562
v -4.24359798 -6.30077314 -0.359086
v 4.24359798 -6.30077314 -0.359086
v 4.2043538 -6.33960676 -0.350562
v -4.13672399 -6.41524791 -0.33449301
v -4.15543603 -6.38756418 -0.33867999
v 4.15543603 -6.38756418 -0.33867999
v 4.13672494 -6.41524887 -0.33449301
v -4.09271001 -6.47075891 -0.327519
v -4.11354398 -6.44945287 -0.329544
v 4.11354398 -6.44945287 -0.329544
v 4.09271001 -6.47075891 -0.327519
v -3.96537399 -6.60621309 -0.365161
v -4.01771783 -6.54987907 -0.34331798
v 4.01771688 -6.54988002 -0.34331798
v 3.96537399 -6.60621213 -0.365161
v -3.93331503 -6.63163995 -0.35670998
v 3.93331503 -6.63163995 -0.35670998
v -3.9203391 -6.66599893 -0.51055902
v -3.87356805 -6.68924999 -0.46432098
v 3.87356805 -6.68924999 -0.46432098
v 3.92034602 -6.66599512 -0.51056098
v -4.03399801 -6.58196878 -0.51848
v -3.91552591 -6.53351783 -0.57708001
v 3.91552591 -6.53351783 -0.57708001
v 4.03399801 -6.58196878 -0.51848
v -4.2001481 -6.48409509 -0.36595898
v -4.1859622 -6.50988102 -0.366746
v 4.1859622 -6.50988102 -0.366746
v 4.2001481 -6.48409605 -0.36595898
v -4.23941993 -6.49702119 -0.50440299
v -4.21741819 -6.51710414 -0.50035101
v 4.21741914 -6.51710414 -0.50034999
v 4.23941993 -6.49702119 -0.50440299
v 4.17372083 -5.74651622 -0.42737498
v 4.19331502 -6.06562805 -0.61332398
v 4.16799306 -5.97725009 -0.37310901
v -4.28697395 -6.00676584 -0.44407799
v -4.19190502 -6.02371597 -0.384521
v 4.19190502 -6.02371597 -0.384521
v 4.28697395 -6.00676679 -0.44407799
v -4.22887706 -6.11962986 -0.60313099
v 4.22887611 -6.11963081 -0.60313099
v -4.2178688 -6.08524894 -0.39062601
v 4.21787023 -6.08524894 -0.39062601
v -4.28127908 -6.17979383 -0.589482
v 4.28127908 -6.17979383 -0.589482
v -4.25515699 -6.14969301 -0.386451
v 4.25515699 -6.14969301 -0.386451
v -4.37087583 -6.25930881 -0.556795
v 4.37087583 -6.25930881 -0.556795
v -4.35510015 -6.20251703 -0.37956699
v 4.3550992 -6.20251798 -0.37956699
v 3.55112409 -6.22649478 -0.41637399
v 3.54350996 -6.24223089 -0.47697201
v -3.58277988 -6.33241081 -0.46432399
v -3.59026598 -6.31522512 -0.39586299
v 3.59026598 -6.31522512 -0.39586299
v 3.58277988 -6.33241081 -0.46432399
v -3.67307901 -6.46192884 -0.43762698
v -3.682621 -6.44914197 -0.36278799
v 3.682621 -6.44914197 -0.36278799
v 3.67307901 -6.46192884 -0.43762698
v -3.79760503 -6.598567 -0.413935
v -3.80669093 -6.57045984 -0.35854101
v 3.80669093 -6.57045984 -0.35854101
v 3.79760503 -6.598567 -0.413935
v -3.87163496 -6.68669223 -0.40445199
v -3.89578509 -6.66667699 -0.36650499
v 3.89578509 -6.66667699 -0.36650499
v 3.87163496 -6.68669319 -0.40445199
v -4.12098884 -6.61867094 -0.483729
v 4.12086916 -6.61894416 -0.48391398
v -4.24516582 -6.54788112 -0.47273299
v 4.24516677 -6.54788303 -0.47273299
v -4.213521 -6.55612421 -0.38242599
v 4.21352005 -6.55612421 -0.38242599
v -4.1632781 -6.65891218 -0.45442199
v -4.2249422 -6.70655918 -0.43358701
v 4.2249422 -6.70655918 -0.433586
v 4.1632781 -6.65891218 -0.45442301
v -4.24546194 -6.58664417 -0.38055399
v -4.29047584 -6.6385498 -0.362594
v 4.29047584 -6.63855123 -0.362594
v 4.24546194 -6.58664512 -0.380553
v -4.26837396 -6.57431697 -0.45680001
v -4.3161292 -6.62671518 -0.43843299
v 4.3161292 -6.62671518 -0.43843299
v 4.26837396 -6.57431697 -0.45680001
v -4.37203216 -6.68498086 -0.41113901
v 4.37203121 -6.68498086 -0.41113799
v -4.42020511 -6.74038219 -0.402078
v 4.42020511 -6.74038219 -0.40207698
v -4.47260904 -6.79541206 -0.38467401
v 4.47260808 -6.79541206 -0.38467299
v -4.39667081 -6.7509098 -0.33161899
v -4.44673204 -6.80342388 -0.32557299
v 4.44673204 -6.80342483 -0.32557299
v 4.39667177 -6.75090885 -0.33161899
v -4.49331712 -6.85562181 -0.320753
v 4.49331712 -6.85562276 -0.32075199
v -4.51267719 -6.84109878 -0.37669
v 4.51267576 -6.84109878 -0.37669
v -4.34626913 -6.81314086 -0.40425801
v 4.34626913 -6.81313991 -0.40425699
v -4.40953207 -6.87766504 -0.38934099
v 4.40953111 -6.87766504 -0.38934099
v -4.23431396 -6.50799179 -0.409648
v -4.22555923 -6.525496 -0.40597
v 4.22555923 -6.525496 -0.40597
v 4.23431396 -6.50799179 -0.409648
v -4.24360799 -6.5521779 -0.41064301
v 4.24360704 -6.5521779 -0.41064199
v -4.26255178 -6.57353115 -0.40865799
v -4.31187105 -6.62437105 -0.39163601
v 4.311872 -6.62437105 -0.39163601
v 4.26255178 -6.57353115 -0.40865799
v -4.41173219 -6.73824501 -0.35387599
v -4.46018505 -6.793159 -0.34469199
v 4.46018505 -6.793159 -0.34469199
v 4.41173219 -6.73824501 -0.35387599
v -4.50692415 -6.84221506 -0.34210801
v 4.50692415 -6.84221506 -0.34210801
v -4.50127983 -6.94911813 -0.364239
v -4.53573322 -6.9511671 -0.336445
v 4.53573322 -6.95116806 -0.33644399
v 4.50127983 -6.94911909 -0.364239
v -4.45344877 -6.91611909 -0.381042
v 4.45344877 -6.91611909 -0.381042
v 3.754354 -6.08690214 -0.34036201
v -3.78634595 -6.16809511 -0.34287101
v 3.78634595 -6.16809606 -0.34287101
v -3.85110092 -6.28652095 -0.33219501
v 3.85110092 -6.28652095 -0.33219501
v -3.93974304 -6.41046094 -0.31442001
v 3.93974304 -6.41046094 -0.31442001
v -4.04585409 -6.520648 -0.331658
v 4.04585504 -6.520648 -0.331658
v -4.53682088 -6.94871377 -0.331265
v 4.53682088 -6.94871377 -0.33126398
v -4.55500507 -6.8899002 -0.36344799
v -4.55816888 -6.89352178 -0.35490799
v 4.55500412 -6.8899002 -0.36344799
v 4.55816793 -6.89352178 -0.35490799
v -4.21421289 -6.46525001 -0.358498
v -4.29779577 -6.49324607 -0.38128799
v 4.29779577 -6.49324607 -0.38128799
v 4.21421289 -6.46524906 -0.358498
v -4.25275087 -6.48716402 -0.50288999
v -4.32434082 -6.52703905 -0.48255801
v 4.32434177 -6.52703905 -0.48255801
v 4.25275087 -6.48716402 -0.50288999
v -4.53679895 -6.91131401 -0.321033
v 4.53679895 -6.91131401 -0.321033
v -4.55167198 -6.88906192 -0.36937901
v 4.55167102 -6.88906192 -0.36937901
v -4.55110597 -6.89360809 -0.341899
v 4.55110502 -6.89360809 -0.341899
v -4.39934396 -6.56277608 -0.37411201
v -4.45188379 -6.59759998 -0.370505
v 4.45188379 -6.59759998 -0.370505
v 4.3993721 -6.56279516 -0.374109
v -4.41829919 -6.58719015 -0.457448
v -4.46543502 -6.62096691 -0.44760999
v 4.46543598 -6.62096786 -0.44760999
v 4.41832399 -6.58720922 -0.45744299
v -4.34620714 -6.526937 -0.37830498
v 4.34620714 -6.526937 -0.37830498
v -4.36993598 -6.55497598 -0.46926999
v 4.36993598 -6.55497694 -0.46926999
v -4.5200982 -6.64480209 -0.36388599
v -4.58061885 -6.6869359 -0.35764399
v 4.58061885 -6.6869359 -0.35764399
v 4.52009916 -6.64480209 -0.36388599
v -4.52584314 -6.66789102 -0.43766999
v -4.57948303 -6.71077299 -0.42972901
v 4.57948398 -6.71077299 -0.42972901
v 4.52584314 -6.66789102 -0.43766999
v -4.768754 -6.75854778 -0.363402
v -4.73446893 -6.78512811 -0.36347499
v 4.73446798 -6.78512811 -0.36347499
v 4.76875305 -6.75854778 -0.363402
v 4.07158994 -6.11650276 -0.64955097
v -4.24169397 -6.49149513 -0.40586099
v 4.24169302 -6.49149513 -0.40586
v -4.53930378 -6.92876195 -0.32056498
v 4.53930378 -6.92876195 -0.32056498
v -4.78439903 -6.73328495 -0.38040798
v 4.78439998 -6.73328495 -0.38040798
v -4.7181611 -6.79258918 -0.38745799
v -4.71181917 -6.78978681 -0.396521
v 4.71181917 -6.78978681 -0.396521
v 4.7181611 -6.79258918 -0.38745799
v 3.78533196 -6.06396102 -0.34246
v -3.81436705 -6.15209198 -0.34801799
v 3.81436801 -6.15209198 -0.34801799
v -3.87285304 -6.26542186 -0.33989998
v 3.87285399 -6.26542091 -0.33989998
v -3.95952391 -6.38293123 -0.319177
v 3.95952391 -6.38293123 -0.319177
v -4.06509685 -6.49595022 -0.327656
v 4.06509685 -6.49595022 -0.327656
v -4.53983306 -6.94426202 -0.32718899
v 4.53983306 -6.94426202 -0.32718899
v -4.31604003 -6.526865 -0.40815299
v 4.31604003 -6.52686405 -0.40815299
v -4.41005182 -6.590137 -0.398025
v -4.45806312 -6.62272405 -0.39136099
v 4.45806312 -6.62272405 -0.39136099
v 4.410079 -6.59015417 -0.39802199
v -4.36055517 -6.55805397 -0.40299901
v 4.36055612 -6.55805397 -0.40299901
v -4.52048921 -6.66690301 -0.38153201
v -4.57711076 -6.70521593 -0.37306401
v 4.57711219 -6.70521593 -0.37306499
v 4.52049017 -6.66690301 -0.38153201
v -4.71278286 -6.7807908 -0.36566901
v -4.72262096 -6.77552986 -0.355802
v -4.72817897 -6.79280614 -0.37692898
v -4.72456121 -6.78396606 -0.36395001
v 4.72817897 -6.79280614 -0.37692999
v 4.72262096 -6.77553081 -0.355802
v 4.71278286 -6.7807908 -0.36566901
v 4.72456121 -6.78396701 -0.36395001
v -4.78795385 -6.72590208 -0.401726
v 4.78795385 -6.72590303 -0.40172699
v -4.64375209 -6.7282691 -0.35361498
v 4.64375209 -6.72827005 -0.35361599
v -4.63615083 -6.75157499 -0.41499501
v 4.63615083 -6.75157499 -0.41499501
v -4.63683223 -6.74186801 -0.36698499
v 4.63683223 -6.74186801 -0.36698499
v -4.34162998 -6.69251489 -0.34426099
v 4.34162998 -6.69251489 -0.34426099
v -4.35944318 -6.68223619 -0.36482501
v 4.35944414 -6.68223619 -0.36482501
v 4.30088377 -6.01642704 -0.486335
v 4.76268577 -6.75077295 -0.42601901
v -4.7626872 -6.75077295 -0.426018
v 4.11156082 -5.97864198 -0.36151999
v -4.17225122 -6.14600181 -0.62123799
v 4.17225122 -6.14600181 -0.62123799
v 1.31795895 -1.52211499 -0.040986
v -1.31795895 -1.52211499 -0.040986
v 1.56862199 -1.52898395 -0.05034999
v -1.56862199 -1.52898395 -0.05034999
v 1.40000104 -0.99546098 -0.34617599
v -1.40000104 -0.99546098 -0.34617599
v 1.75869 -1.18984699 -0.26889398
v -1.75869 -1.18984699 -0.26889398
v 1.40846502 -1.03043198 -0.84938997
v -1.40846502 -1.03043305 -0.84938997
v 1.84382104 -1.23730003 -0.77437597
v -1.84382104 -1.23730003 -0.77437597
v 1.47989499 -1.90396904 -1.06761598
v -1.47989499 -1.90396904 -1.06761598
v 1.20131301 -1.84509897 -1.18716704
v -1.20131301 -1.84509897 -1.18716597
v 1.40091598 -2.42512393 -0.57630598
v -1.40091598 -2.42512393 -0.57630598
v 1.07845699 -2.39311599 -1.025931
v 1.42191505 -2.20701098 -0.88514697
v -1.42191505 -2.20701098 -0.88514697
v -1.07845699 -2.39311599 -1.025931
v 1.32956302 -1.45279204 -1.15582299
v 1.71876096 -1.61575698 -1.03875005
v -1.71876096 -1.61575698 -1.03875005
v -1.32956302 -1.45279204 -1.15582299
v 1.81972396 -1.51936698 -0.088574
v -1.81972396 -1.51936698 -0.088574
v 1.65068197 -1.91503894 -0.086842
v -1.65068197 -1.91503894 -0.086842
v 1.85172104 -1.26348602 -0.254913
v -1.85172104 -1.26348602 -0.254913
v 0.67118698 -2.75833201 0.39479699
v 0.664348 -2.64179396 0.40405499
v 1.81413197 -1.73775303 -1.00809097
v -1.81413197 -1.73775303 -1.00809097
v 1.61326098 -2.01603698 -1.00930404
v -1.61326098 -2.01603698 -1.00930404
v 1.56700396 -2.3674519 -0.90837001
v -1.56700396 -2.3674519 -0.90837001
v 1.46942496 -2.448107 -0.654392
v -1.46942496 -2.448107 -0.654392
v 1.52690303 -2.40084409 -0.383495
v -1.52690303 -2.40084409 -0.383495
v 0.30562698 -6.14753913 -0.14646799
v -0.30562698 -6.14753913 -0.14646799
v 0.37147998 -6.34958314 -0.151005
v -0.37147998 -6.34958314 -0.151005
v 1.086658 -4.92086792 -0.259891
v -1.086658 -4.92086792 -0.259891
v 1.13773798 -5.22907304 -0.31159699
v -1.13773798 -5.22907304 -0.31159699
v 0.80585098 -4.816082 -0.96652698
v -0.80585098 -4.816082 -0.96652698
v 0.82698601 -5.11329317 -1.04031801
v -0.82698601 -5.11329317 -1.04031801
v 0.000025 -4.7761712 -1.27384495
v 0.000482 -5.03489685 -1.36988496
v 0.60131198 -6.11730718 -0.040722
v 0.55241197 -5.86778879 0.003174
v -0.55241197 -5.86778879 0.003174
v -0.60131198 -6.11730718 -0.040722
v 0.81459099 -5.8706088 -0.04243899
v 0.76678299 -5.58574199 0.006954
v -0.76678299 -5.58574199 0.006954
v -0.81459099 -5.8706088 -0.04243899
v 1.01684999 -5.49931001 -0.133319
v 0.88784599 -5.32269096 -0.024537
v -0.88784599 -5.32269096 -0.024537
v -1.01684999 -5.49931001 -0.133319
v 1.13862502 -5.1439681 -0.54990297
v 1.10220599 -4.87178611 -0.49830099
v -1.10220599 -4.87178611 -0.49830099
v -1.13862502 -5.1439681 -0.54990297
v -0.38389501 -5.05894994 -1.28574299
v -0.38629901 -4.77746486 -1.19779598
v 0.38593399 -4.77745103 -1.19792604
v 0.38389501 -5.05894994 -1.28574299
v -0.902242 -3.80078697 0.019182
v 0.902242 -3.80078697 0.019182
v -0.89667499 -4.116539 -0.036802
v 0.89667499 -4.116539 -0.036802
v 0 -4.2099328 0.348883
v 0 -3.84199094 0.42268899
v -0.88728201 -3.58136606 -0.88872802
v 0.88728201 -3.58136606 -0.88872802
v -0.81614798 -3.8827939 -0.895953
v 0.81614798 -3.8827939 -0.895953
v 0 -3.88754606 -1.14097297
v 0 -3.62241292 -1.132923
v 0.470952 -3.8714149 -1.06829202
v 0.50633198 -3.59103488 -1.07145595
v -0.470952 -3.8714149 -1.06829202
v -0.50633198 -3.59103488 -1.07145595
v -1.08144104 -3.96061897 -0.52749401
v -1.13514399 -3.66386508 -0.56501901
v 1.13514399 -3.66386508 -0.56501901
v 1.08144104 -3.96061897 -0.52749401
v -0.45674699 -4.16061401 0.262773
v -0.45725399 -3.81956195 0.31193199
v 0.45674699 -4.16061401 0.262773
v 0.45725399 -3.81956195 0.31193199
v 0.181666 -6.23969221 -0.837601
v -0.181666 -6.23969221 -0.837601
v 0.143461 -6.47362709 -0.84350502
v -0.143461 -6.47362709 -0.84350502
v 0.174749 -6.4316082 -0.40886199
v 0.158965 -6.20681381 -0.43244999
v -0.158965 -6.20681381 -0.43244999
v -0.174749 -6.4316082 -0.40886199
v 0.43709099 -6.30835485 -1.19946098
v -0.43709099 -6.30835485 -1.19946098
v 0.50353598 -6.47887992 -1.19370198
v -0.503407 -6.4788351 -1.19401896
v 0.79618299 -6.073915 -1.31051397
v -0.79618299 -6.07391405 -1.31051397
v 0.97706997 -6.24837589 -1.20773601
v -0.97706997 -6.24837589 -1.20773601
v 0.93125701 -5.66671991 -1.16649103
v 1.16203701 -5.79041099 -0.95056998
v -1.16203701 -5.79041099 -0.95056998
v -0.93125701 -5.66671991 -1.16648995
v 0.90288901 -5.34140682 -1.06548404
v 1.16166102 -5.4619708 -0.747698
v -1.16166102 -5.4619708 -0.747698
v -0.90288901 -5.34140682 -1.06548404
v -0.832677 -4.84720277 0.021133
v 0.832677 -4.84720277 0.021134
v -0.47630798 -4.89639377 0.199466
v 0.47630798 -4.89639377 0.199467
v -0.46305799 -5.25955009 0.167519
v 0.46305799 -5.25955009 0.167519
v 0.000005 -4.90503692 0.26533699
v 0.000023 -5.26779508 0.220594
v 1.04456496 -4.71573686 -0.237939
v -1.04456496 -4.71573686 -0.237939
v 1.49708998 -2.56425905 -0.67845398
v -1.49708998 -2.56425905 -0.67845398
v 1.57350194 -2.59209704 -0.37574198
v -1.57350194 -2.59209704 -0.37574198
v 1.61579501 -2.5113821 -0.93494302
v -1.61579501 -2.5113821 -0.93494302
v 1.80517196 -2.52611088 -0.15987299
v 1.74772095 -2.34560608 -0.17943899
v -1.74772095 -2.34560608 -0.17943899
v -1.80517196 -2.52611088 -0.15987299
v 2.07738208 -2.46507692 -0.202838
v 2.040555 -2.27730107 -0.21792499
v -2.040555 -2.27730107 -0.21792499
v -2.07738208 -2.46507692 -0.202838
v 2.2270801 -2.42003011 -0.37399199
v 2.17366409 -2.24121499 -0.37064299
v -2.17366409 -2.24121499 -0.37064299
v -2.2270801 -2.42003011 -0.37399199
v 2.22371602 -2.39274191 -0.83873397
v 2.16501402 -2.23236298 -0.83231401
v -2.16501307 -2.23236298 -0.83231401
v -2.22371602 -2.39274191 -0.83873397
v 1.91169095 -2.440485 -1.026937
v 1.84622097 -2.29408502 -1.01499903
v -1.91169095 -2.440485 -1.02693605
v -0.49280899 -5.52486991 0.11135499
v 0.492776 -5.52484321 0.111229
v -0.389438 -5.75794982 0.07248
v 0.389438 -5.75794982 0.07248
v 0.000035 -5.51157093 0.168666
v -0.000039 -5.71389484 0.118481
v -0.000038 -5.97045421 0.037687
v -0.000011 -6.15544605 -0.19428899
v -0.212356 -5.96323204 0.023844
v 0.212356 -5.96323204 0.023844
v 0.29563501 -9.43247509 -0.673536
v -0.29563501 -9.43247509 -0.673536
v 0.38189899 -9.35457134 -0.52632802
v -0.38189899 -9.35457134 -0.52632802
v 0.681032 -9.82293605 -0.41049701
v -0.681032 -9.82293605 -0.41049701
v 0.695266 -9.6897583 -0.37279
v -0.695266 -9.6897583 -0.37279
v 1.08164703 -9.41501236 -0.52502399
v -1.08164703 -9.41501236 -0.52502399
v 1.148211 -9.55623626 -0.71846997
v -1.14821195 -9.55623436 -0.71846997
v 0.49211099 -9.27603626 -0.39497798
v -0.49211099 -9.27603626 -0.39497798
v 0.69502401 -9.50695419 -0.33762899
v -0.69502401 -9.50695419 -0.33762899
v 0.97910797 -9.2914133 -0.39672899
v -0.97910797 -9.2914133 -0.39672899
v 1.13851499 -9.53370475 -0.93645399
v -1.13851404 -9.53370475 -0.93645399
v 1.04766595 -9.51020145 -1.12339401
v -1.04766595 -9.51020145 -1.12339401
v 0.88593298 -9.4935646 -1.26034295
v -0.88593298 -9.4935646 -1.26034402
v 0.58226001 -9.50467681 -1.29316294
v -0.58226001 -9.50467872 -1.29316198
v 0.25778898 -9.43542671 -1.00703597
v -0.25778898 -9.43542671 -1.00703597
v 1.07836401 -4.66767501 -0.48421201
v -1.07836401 -4.66767501 -0.48421201
v 0.79418802 -4.5934 -0.93477302
v -0.79418802 -4.5934 -0.93477302
v 0.400949 -4.56876516 -1.14461994
v -0.400949 -4.56876516 -1.14461994
v 0.000031 -4.58278179 -1.21932101
v -1.04438698 -4.07634401 -0.26793599
v -1.07405495 -3.78748798 -0.19949799
v 1.07405495 -3.78748798 -0.19949799
v 1.04438698 -4.07634401 -0.26793599
v 0.62963497 -13.3000307 -0.76513397
v -0.62963497 -13.30003166 -0.76513397
v 0.87072402 -13.31474971 -0.951038
v -0.87072402 -13.31474971 -0.951038
v 0.41027501 -13.33151054 -0.90401798
v -0.411251 -13.33201026 -0.90473097
v 0.88971799 -13.26969146 -1.17673695
v -0.88971799 -13.26969146 -1.17673695
v 0.84817302 -13.27656459 -1.30461597
v -0.84817302 -13.27656459 -1.30461597
v 0.75858998 -13.26922035 -1.41529905
v -0.75859099 -13.26922035 -1.41529905
v 0.54305398 -13.28476333 -1.45851695
v -0.54305398 -13.28476333 -1.458516
v -0.33801299 -13.2382431 -1.25452005
v 0.33801201 -13.2382431 -1.25452005
v 0.36249199 -7.16594886 -0.23895299
v 0.20587499 -7.24504089 -0.47982499
v -0.20587499 -7.24504089 -0.47982499
v -0.36249199 -7.16594886 -0.23895299
v 0.55914002 -6.97523307 -0.098825
v -0.55914002 -6.97523307 -0.098825
v 1.35190904 -6.32427692 -0.58005797
v 1.24782097 -6.35122108 -0.28599199
v -1.24782097 -6.35122108 -0.28599199
v -1.35190904 -6.32427597 -0.58005797
v 1.05256795 -6.52756881 -0.099866
v -1.05256795 -6.52756881 -0.099866
v 0.80597299 -6.7709279 -0.052412
v -0.80597299 -6.7709279 -0.052412
v 1.33071494 -6.55638504 -0.858186
v -1.33071494 -6.55638504 -0.858186
v 1.21554398 -6.79146385 -1.07399594
v -1.21554398 -6.79146385 -1.07399594
v 0.967278 -7.12582206 -1.26147496
v -0.967278 -7.12582206 -1.26147496
v 0.51395201 -7.29851388 -1.24840104
v -0.51394897 -7.2984848 -1.24839997
v 0.15681099 -7.27718401 -0.89169597
v -0.15681099 -7.27718401 -0.89169597
v 0.36278399 -8.02224254 -0.34561899
v 0.24890099 -8.09955406 -0.55875998
v -0.24890099 -8.0995531 -0.55875998
v -0.36278399 -8.02224254 -0.34561899
v 0.51920801 -7.87674999 -0.19287699
v -0.51920801 -7.87674999 -0.19287699
v 1.36780798 -7.59711408 -0.63561397
v 1.28063094 -7.56454181 -0.31943601
v -1.28063094 -7.56454181 -0.31943601
v -1.36780798 -7.59711313 -0.63561397
v 1.05431401 -7.62081718 -0.13703399
v -1.05431401 -7.62081813 -0.13703399
v 0.756603 -7.76943111 -0.10852699
v -0.756603 -7.76943111 -0.10852699
v 1.30346202 -7.72388076 -0.90665602
v -1.30346202 -7.72388076 -0.90665602
v 1.17112803 -7.85707378 -1.11427199
v -1.17112803 -7.85707378 -1.11427199
v 0.93324202 -8.05084514 -1.25488698
v -0.93324202 -8.05084514 -1.25488698
v 0.538145 -8.16062736 -1.27687799
v -0.53814399 -8.16061019 -1.27687799
v 0.21024699 -8.12054443 -0.93459099
v -0.21024699 -8.12054634 -0.93459099
v 0.36238801 -6.71489 -0.18321399
v 0.183649 -6.79546403 -0.43833699
v -0.183649 -6.79546403 -0.43833699
v -0.36238899 -6.71489095 -0.18321399
v 0.58224302 -6.50062179 -0.06587199
v -0.58224302 -6.50062179 -0.06587199
v 1.24743497 -5.668159 -0.56174498
v 1.17058098 -5.733006 -0.309778
v -1.17058098 -5.733006 -0.309778
v -1.24743497 -5.668159 -0.56174498
v 1.02661395 -5.9598298 -0.127917
v -1.02661395 -5.95983123 -0.127917
v 0.81249499 -6.27288484 -0.03361599
v -0.81249499 -6.27288484 -0.03361599
v 1.28122603 -5.94089698 -0.811935
v -1.28122603 -5.94089698 -0.811935
v 1.21493995 -6.23321104 -1.03198099
v -1.21493995 -6.23321104 -1.03198099
v 0.97026997 -6.6409769 -1.225878
v -0.97026997 -6.6409769 -1.225878
v 0.502303 -6.84437704 -1.23287403
v -0.50230097 -6.844347 -1.232872
v 0.144571 -6.83271503 -0.86594802
v -0.144571 -6.83271503 -0.86594802
v 0.361595 -7.5634942 -0.28755798
v 0.22438399 -7.64180898 -0.51581597
v -0.22438399 -7.64180898 -0.51581597
v -0.361595 -7.5634942 -0.287557
v 0.539581 -7.39381885 -0.140642
v -0.539581 -7.39381885 -0.140642
v 1.37759995 -6.91450214 -0.60488998
v 1.27626204 -6.91391706 -0.29330399
v -1.27626204 -6.91391801 -0.29330399
v -1.37759995 -6.91450119 -0.60488998
v 1.05768203 -7.03479099 -0.10621599
v -1.05768203 -7.03479099 -0.10621599
v 0.78168398 -7.23497915 -0.06353099
v -0.78168398 -7.23497915 -0.06353099
v 1.33657896 -7.09820699 -0.88746601
v -1.33657896 -7.09820699 -0.88746601
v 1.20889401 -7.28588008 -1.10530996
v -1.20889401 -7.28587913 -1.10530996
v 0.959432 -7.55556678 -1.28002297
v -0.959432 -7.55556678 -1.28002297
v 0.52520299 -7.69866085 -1.261572
v -0.52520102 -7.698637 -1.26156997
v 0.18862299 -7.66821098 -0.91013199
v -0.18862299 -7.66821193 -0.91013199
v 0.36337 -8.46737098 -0.40165299
v 0.26396399 -8.54418373 -0.59684401
v -0.26396399 -8.54418277 -0.59684401
v -0.36337 -8.46737098 -0.40165299
v 0.50748097 -8.34424018 -0.255048
v -0.50748097 -8.34424018 -0.255048
v 1.28829205 -8.24958038 -0.66424101
v 1.20296299 -8.1791563 -0.395581
v -1.20296299 -8.1791563 -0.395581
v -1.288293 -8.24957943 -0.66424101
v 1.02489399 -8.17625427 -0.231065
v -1.02489399 -8.17625427 -0.231065
v 0.71861898 -8.26241016 -0.17741699
v -0.71861898 -8.26241016 -0.17741699
v 1.24602901 -8.32725238 -0.91546797
v -1.24602901 -8.32725238 -0.91546797
v 1.10892701 -8.40427303 -1.09674096
v -1.10892701 -8.40427303 -1.09674096
v 0.90043801 -8.52727127 -1.22088205
v -0.90043801 -8.52727222 -1.22088205
v 0.55465501 -8.60653972 -1.261675
v -0.554654 -8.60652923 -1.26167595
v 0.222072 -8.55922412 -0.95925998
v -0.222072 -8.55922603 -0.95925998
v 0.37424001 -8.82083797 -0.454003
v 0.28033998 -8.89830589 -0.62894702
v -0.28033998 -8.89830589 -0.62894702
v -0.37424001 -8.82083797 -0.454003
v 0.50641202 -8.71418857 -0.32062101
v -0.50641202 -8.71418857 -0.32062101
v 1.20957303 -8.76602935 -0.68952399
v 1.12892401 -8.66627407 -0.46756801
v -1.12892401 -8.66627407 -0.46756801
v -1.20957398 -8.76602745 -0.68952399
v 0.98844599 -8.61317443 -0.32896101
v -0.98844599 -8.61317539 -0.32896101
v 0.70883297 -8.646945 -0.25196901
v -0.70883297 -8.646945 -0.25196901
v 1.16370201 -8.79959106 -0.90622997
v -1.16370201 -8.79959106 -0.90622997
v 1.04038894 -8.83490562 -1.06525099
v -1.04038894 -8.83490562 -1.06525099
v 0.86557298 -8.90310192 -1.17679595
v -0.86557197 -8.90310192 -1.17679595
v 0.56961202 -8.96270179 -1.22762203
v -0.56961101 -8.96269702 -1.22762203
v 0.24144999 -8.90852546 -0.97696298
v -0.24144999 -8.90852546 -0.97696298
v 0.38047799 -9.12038135 -0.4961
v 0.28940799 -9.19824886 -0.65421897
v -0.28940799 -9.19824886 -0.65421897
v -0.38047799 -9.12038135 -0.4961
v 0.50352501 -9.02881813 -0.37156501
v -0.50352501 -9.02881813 -0.37156501
v 1.13208794 -9.20713615 -0.70708698
v 1.08796703 -9.08464527 -0.51019901
v -1.08796703 -9.08464527 -0.51019901
v -1.13208794 -9.20713424 -0.70708698
v 0.96289998 -8.98467922 -0.38329699
v -0.96289998 -8.98467922 -0.38329699
v 0.69171702 -9.03090286 -0.31167298
v -0.69171702 -9.03090286 -0.31167298
v 1.10949194 -9.21219825 -0.90798199
v -1.10949194 -9.21219825 -0.90798199
v 1.01010298 -9.22053146 -1.06846594
v -1.01010298 -9.22053241 -1.06846499
v 0.86016798 -9.24519634 -1.19117403
v -0.86016702 -9.24519538 -1.19117403
v 0.57910198 -9.27038002 -1.24291396
v -0.57910198 -9.27037811 -1.242913
v 0.250907 -9.20441627 -0.99376303
v -0.250907 -9.20441627 -0.99376303
v 0.91905701 -5.68765783 -0.079943
v 0.829306 -5.45641422 -0.003233
v -0.829306 -5.45641422 -0.003233
v -0.91905701 -5.68765687 -0.079943
v -0.47865399 -5.39415502 0.141119
v 0.47865501 -5.39415311 0.141119
v 0.000119 -5.39167022 0.196776
v 0.99517697 -9.71404552 -0.44758701
v 0.92078 -9.56547927 -0.376493
v -0.92078 -9.56548023 -0.376493
v -0.99517798 -9.71404361 -0.44758701
v 0.84038001 -9.4012022 -0.33798798
v -0.84038001 -9.4012022 -0.33798798
v 0.83127397 -9.00976562 -0.32666099
v -0.83127397 -9.00976467 -0.32666099
v 0.79345202 -13.29909801 -0.81786602
v -0.79345202 -13.29909801 -0.81786602
v 0.93028801 -6.65122699 -0.06064
v 0.92495 -6.11673307 -0.062513
v -0.92495 -6.11673402 -0.062513
v -0.93028801 -6.65122795 -0.06064
v 0.905954 -7.69796896 -0.10589399
v 0.92056602 -7.13593912 -0.066293
v -0.92056602 -7.13593912 -0.066293
v -0.905954 -7.69796991 -0.10589399
v 0.87370902 -8.22424507 -0.18130299
v -0.87370902 -8.22424411 -0.18130299
v 0.85274702 -8.63442802 -0.27195701
v -0.85274702 -8.63442897 -0.27195701
v 0.69903397 -6.00454616 -0.029517
v 0.65372401 -5.74105596 0.01609399
v -0.65372401 -5.74105596 0.01609399
v -0.69903397 -6.00454711 -0.029517
v -0.43764099 -5.65197801 0.09395299
v 0.43763801 -5.65197992 0.09395299
v -0.000013 -5.62115192 0.141732
v 0.497794 -9.51372909 -0.42402398
v 0.428222 -9.61889553 -0.51651597
v -0.428222 -9.61889743 -0.51651597
v -0.497794 -9.51372814 -0.42402398
v 0.57898199 -9.38324165 -0.35442701
v -0.57898199 -9.38324165 -0.35442701
v 0.58508002 -9.03081703 -0.332446
v -0.58508002 -9.03081703 -0.332446
v 0.49918699 -13.30827617 -0.82693499
v -0.499437 -13.30820274 -0.82676899
v 0.67099297 -6.881783 -0.06637699
v 0.68681401 -6.39679193 -0.039018
v -0.68681401 -6.39679193 -0.039018
v -0.67099297 -6.88178205 -0.06637699
v 0.62363499 -7.82872009 -0.141204
v 0.64716398 -7.32183504 -0.094024
v -0.64716398 -7.32183504 -0.094024
v -0.62363499 -7.82872009 -0.141204
v 0.60032302 -8.30844116 -0.20807099
v -0.60032302 -8.30844211 -0.20807099
v 0.59467601 -8.68566799 -0.27673798
v -0.59467601 -8.68566799 -0.27673798
v 0.96006 -10.18646335 -0.51748299
v 0.69249999 -10.27214241 -0.52187699
v -0.69249999 -10.27214336 -0.52187699
v -0.96006 -10.18646335 -0.51748299
v 0.46844101 -10.10157108 -0.59544098
v 0.33563599 -9.94911479 -0.71878302
v -0.33563798 -9.94928836 -0.718822
v -0.46847 -10.10156536 -0.59541499
v 1.22293102 -10.01802539 -0.97384899
v 1.18049204 -10.05809974 -0.71398901
v -1.18049204 -10.05809879 -0.71398997
v -1.22293102 -10.01802539 -0.97384899
v 1.14785397 -9.97951984 -1.21467697
v -1.14785397 -9.97952175 -1.21467697
v 0.949804 -9.94511604 -1.41594696
v -0.949804 -9.94511795 -1.41594803
v 0.51906299 -9.98614502 -1.40956199
v -0.51906299 -9.98614883 -1.40956294
v -0.27717098 -9.94271087 -1.03843903
v 0.27717098 -9.94270896 -1.03843903
v 0.91487699 -10.75202941 -0.62611401
v 0.70034802 -10.82279968 -0.638713
v -0.70034802 -10.82280063 -0.638713
v -0.91487699 -10.75202846 -0.62611401
v 0.51429998 -10.68764019 -0.69911497
v 0.39430698 -10.56965827 -0.79011899
v -0.39435899 -10.57005214 -0.79015797
v -0.51437199 -10.68762016 -0.69906401
v 1.25398802 -10.62847328 -1.00036394
v 1.13677895 -10.66836357 -0.746333
v -1.13677895 -10.66836261 -0.746333
v -1.25398802 -10.62847328 -1.00036394
v 1.21754801 -10.5884943 -1.27568805
v -1.21754801 -10.58849716 -1.27568805
v 1.02326202 -10.53846645 -1.54562997
v -1.02326202 -10.5384674 -1.54563105
v 0.471004 -10.59293174 -1.46995604
v -0.471004 -10.5929346 -1.46995604
v -0.29265099 -10.5566349 -1.07870805
v 0.29265099 -10.55663204 -1.07870805
v 0.85923302 -11.32056045 -0.74915397
v 0.69294798 -11.38597774 -0.741301
v -0.69294798 -11.38597965 -0.74130201
v -0.85923302 -11.32056045 -0.74915397
v 0.545071 -11.28749275 -0.78531801
v 0.44850599 -11.20154953 -0.85966903
v -0.44858899 -11.20214653 -0.85967999
v -0.54518598 -11.28746128 -0.78524398
v 1.14800405 -11.23443126 -1.04700601
v 1.02198398 -11.26118469 -0.843562
v -1.02198398 -11.2611866 -0.843562
v -1.14800405 -11.23443317 -1.04700601
v 1.16296505 -11.21719265 -1.28759098
v -1.16296398 -11.21719741 -1.28759098
v 1.02326405 -11.17413997 -1.57721102
v -1.02326297 -11.17414188 -1.57721102
v 0.421016 -11.20644283 -1.52138602
v -0.421016 -11.20644474 -1.52138602
v -0.325165 -11.17671871 -1.12251699
v 0.325165 -11.17671585 -1.12251699
v 0.80973202 -11.81333255 -0.82538598
v 0.67334801 -11.86918258 -0.80274999
v -0.67334801 -11.86918354 -0.80274999
v -0.80973202 -11.81333446 -0.825387
v 0.54713398 -11.80166816 -0.82822501
v 0.45969799 -11.74494552 -0.89145797
v -0.45980501 -11.74567127 -0.89139002
v -0.54729402 -11.80162429 -0.82815301
v 1.05272305 -11.75082206 -1.08965504
v 0.93963897 -11.77707481 -0.91284698
v -0.93963897 -11.77707576 -0.91284698
v -1.05272305 -11.75082397 -1.08965504
v 1.07667899 -11.74311161 -1.291327
v -1.07667899 -11.74311542 -1.291327
v 0.971601 -11.71301078 -1.54941499
v -0.971601 -11.71301269 -1.54941499
v 0.414148 -11.74025058 -1.53798604
v -0.41414699 -11.74025154 -1.53798496
v -0.32707399 -11.70391845 -1.15605795
v 0.32707399 -11.70391559 -1.15605795
v 0.77870899 -12.34850215 -0.865857
v 0.65526098 -12.39050579 -0.83892899
v -0.65526098 -12.39050674 -0.83892899
v -0.77870899 -12.34850311 -0.865857
v 0.546723 -12.35077285 -0.86641699
v 0.469399 -12.32284259 -0.92340201
v -0.469567 -12.3237009 -0.92327797
v -0.54692298 -12.35071754 -0.86632698
v 0.99366301 -12.30572986 -1.12130999
v 0.89154201 -12.33712768 -0.94942301
v -0.89154201 -12.33712863 -0.94942301
v -0.99366301 -12.30572986 -1.12130999
v 1.00126504 -12.30432415 -1.29811596
v -1.00126504 -12.30432605 -1.29811596
v 0.89513301 -12.28179836 -1.50162899
v -0.89513301 -12.28179836 -1.50162899
v 0.456229 -12.30534553 -1.51570296
v -0.456229 -12.30534458 -1.51570296
v -0.33814299 -12.2640562 -1.19277095
v 0.33814299 -12.2640562 -1.19277095
v 0.77319598 -12.82271385 -0.86159998
v 0.64568597 -12.85246372 -0.83504998
v -0.64568597 -12.85246467 -0.83504998
v -0.77319598 -12.8227148 -0.86159998
v 0.53969001 -12.83697414 -0.872204
v 0.46466299 -12.83502864 -0.93483698
v -0.46464198 -12.83589935 -0.934798
v -0.53990697 -12.83690834 -0.87206399
v 0.962188 -12.79564285 -1.14735102
v 0.88067597 -12.83222961 -0.95050197
v -0.88067597 -12.83222961 -0.95050197
v -0.962188 -12.79564189 -1.14735102
v 0.93687301 -12.79893302 -1.30790805
v -0.93687301 -12.79893398 -1.30790805
v 0.82386398 -12.78118515 -1.45475399
v -0.82386398 -12.78118419 -1.45475399
v 0.50445598 -12.80017471 -1.47920203
v -0.50445598 -12.80017375 -1.47920203
v -0.35595101 -12.75701999 -1.22435498
v 0.35595199 -12.75701999 -1.22435498
v 0.77149599 -13.06409359 -0.85329198
v 0.63893902 -13.08805847 -0.82424497
v -0.63893902 -13.08805847 -0.82424497
v -0.77149599 -13.06409359 -0.853293
v 0.52887797 -13.0846939 -0.86408698
v 0.449252 -13.09572887 -0.93015402
v -0.449281 -13.09656715 -0.93002498
v -0.529114 -13.08462238 -0.86393499
v 0.93152397 -13.04482936 -1.16300499
v 0.87278902 -13.08432674 -0.95246499
v -0.87278902 -13.08432483 -0.95246499
v -0.93152397 -13.04482746 -1.16300499
v 0.88762497 -13.04797172 -1.30440998
v -0.88762497 -13.04797172 -1.30440998
v 0.78252899 -13.0341196 -1.42368602
v -0.78252899 -13.03411769 -1.42368602
v 0.53012597 -13.05231571 -1.45580101
v -0.53012597 -13.0523138 -1.45580005
v -0.35690701 -13.00888919 -1.23909294
v 0.35690701 -13.00889015 -1.23909199
v 0.75682699 -6.36286211 -1.25251901
v 0.63208097 -6.20470714 -1.314332
v -0.63208097 -6.20470714 -1.314332
v -0.75676399 -6.362823 -1.25252497
v 0.74599599 -9.49137115 -1.299919
v 0.731063 -9.25222015 -1.23484396
v -0.731063 -9.25221729 -1.23484396
v -0.74599599 -9.49137306 -1.299919
v 0.66294902 -13.276721 -1.45789504
v 0.66840601 -13.04692363 -1.47031199
v -0.66840702 -13.04692077 -1.47031199
v -0.66294902 -13.276721 -1.45789396
v 0.754431 -7.2048459 -1.29908096
v 0.748802 -6.73197603 -1.27110302
v -0.74880099 -6.73196077 -1.27110195
v -0.75442999 -7.20483303 -1.29908096
v 0.74907702 -8.10318183 -1.29423594
v 0.75566297 -7.62268114 -1.31187701
v -0.75566202 -7.62267017 -1.31187701
v -0.749076 -8.1031723 -1.29423701
v 0.74107402 -8.56691741 -1.26145696
v -0.74107301 -8.56691265 -1.26145696
v 0.72989302 -8.93278598 -1.21871197
v -0.72989302 -8.93278503 -1.21871304
v 0.74700802 -9.94499492 -1.47197699
v -0.74700802 -9.94499683 -1.47197794
v 0.737284 -10.53965473 -1.62844204
v -0.73728501 -10.53965568 -1.62844204
v 0.73302102 -11.17467021 -1.70770096
v -0.73302197 -11.17467212 -1.70770096
v 0.719989 -11.74470901 -1.67581605
v -0.719989 -11.74470996 -1.67581498
v 0.69774097 -12.30757713 -1.59403801
v -0.69774097 -12.30757618 -1.59403801
v 0.67970997 -12.79811859 -1.51207101
v -0.67971098 -12.79811763 -1.51207101
v 0 -4.58824014 0.29684799
v -0.46480301 -4.5614438 0.221364
v 0.46480301 -4.5614438 0.221364
v -0.85300099 -4.51546907 -0.013906
v 0.85299998 -4.51546907 -0.013906
v 0 -4.26968717 -1.15652704
v 0.426411 -4.25373411 -1.08969998
v -0.426411 -4.25373411 -1.08969998
v 0.79036301 -4.27159118 -0.89900499
v -0.79036301 -4.27159118 -0.89900499
v 1.04926097 -4.34748601 -0.50148099
v -1.04926097 -4.34748601 -0.50148099
v 1.01902294 -4.42673683 -0.26129001
v -1.01902294 -4.42673683 -0.26129001
v 0.29894098 -6.46579599 -1.07139802
v 0.285544 -6.29801082 -1.05057597
v -0.285544 -6.29801082 -1.05057597
v -0.29898598 -6.4658041 -1.07143998
v 0.407651 -9.46851253 -1.18652594
v 0.397621 -9.23896408 -1.161839
v -0.397621 -9.23896312 -1.16183805
v -0.407651 -9.46851444 -1.18652594
v -0.41869598 -13.25536441 -1.39409899
v -0.42087999 -13.03424835 -1.378039
v 0.42087999 -13.0342493 -1.378039
v 0.41869598 -13.25536346 -1.39409899
v 0.305673 -7.28878688 -1.12973904
v 0.29239898 -6.83804798 -1.11093401
v -0.292398 -6.83803176 -1.11093294
v -0.30567199 -7.2887721 -1.12973797
v 0.33066898 -8.13802146 -1.16885697
v 0.32736 -7.68436908 -1.14141905
v -0.32735899 -7.68435621 -1.14141798
v -0.330668 -8.13801193 -1.16885602
v 0.346722 -8.5887146 -1.19089305
v -0.346722 -8.58870983 -1.19089305
v 0.37571099 -8.94550132 -1.16381597
v -0.37571001 -8.94549846 -1.16381597
v -0.37217599 -9.9617939 -1.25990498
v 0.37217599 -9.96179103 -1.25990498
v -0.354862 -10.57393837 -1.305045
v 0.354862 -10.57393646 -1.305045
v -0.334919 -11.19133853 -1.34655404
v 0.334919 -11.19133472 -1.34655404
v -0.325515 -11.72374916 -1.36979401
v 0.325515 -11.7237482 -1.36979401
v -0.35586699 -12.28924465 -1.37994504
v 0.35586801 -12.28924655 -1.37994504
v -0.399688 -12.7835989 -1.3822
v 0.39968898 -12.78359985 -1.38220095
v 0.118412 -6.45498514 -0.64665299
v 0.14098499 -6.22235202 -0.65996599
v -0.14098499 -6.22235202 -0.65996599
v -0.118412 -6.45498514 -0.64665299
v 0.24132399 -9.43575477 -0.85645699
v 0.239655 -9.20142459 -0.83995801
v -0.239655 -9.20142555 -0.83995801
v -0.24132399 -9.43575477 -0.856458
v -0.33383598 -13.27134609 -1.08841097
v -0.364284 -13.04562187 -1.09108805
v 0.36429199 -13.04524898 -1.09115099
v 0.33398199 -13.271142 -1.08805096
v 0.146334 -7.26493597 -0.70549297
v 0.13062 -6.81743812 -0.67378699
v -0.13062 -6.81743812 -0.67378699
v -0.146334 -7.26493597 -0.70549297
v 0.20260299 -8.11224746 -0.76549702
v 0.17482699 -7.65895795 -0.73273998
v -0.17482699 -7.65895891 -0.73273998
v -0.20260299 -8.11224746 -0.76549702
v 0.218134 -8.55372715 -0.79438197
v -0.218134 -8.55372715 -0.79438197
v 0.23522199 -8.90519046 -0.81984299
v -0.23522199 -8.90519046 -0.81984299
v -0.273514 -9.94846344 -0.890289
v 0.27351 -9.94838619 -0.890271
v -0.314112 -10.56472396 -0.94366002
v 0.31409999 -10.56454563 -0.943645
v -0.36271798 -11.18990135 -0.99750399
v 0.36269 -11.18963241 -0.99750298
v -0.36715099 -11.72277545 -1.03000795
v 0.36713099 -11.72244834 -1.03004896
v -0.37581801 -12.29184627 -1.06325805
v 0.375768 -12.29146194 -1.06332397
v -0.37890401 -12.79171276 -1.08564305
v 0.37890601 -12.7913227 -1.08565795
v 1.84278297 -3.60036492 -0.42588099
v -1.84278297 -3.60036492 -0.42588099
v 1.91890096 -3.57213401 -0.312094
v -1.91890096 -3.57213401 -0.312094
v 2.06192708 -3.50578594 -0.205412
v -2.06192708 -3.50578594 -0.205412
v 2.19369792 -3.43327999 -0.18162499
v -2.19369792 -3.43327999 -0.18162399
v 2.30666208 -3.37760996 -0.21210899
v -2.30666208 -3.37760996 -0.21210899
v 2.41159296 -3.3402059 -0.291004
v -2.41159296 -3.3402059 -0.291004
v 2.495687 -3.30792093 -0.41807499
v -2.49568796 -3.30792093 -0.41807499
v 2.52856111 -3.3034141 -0.49751201
v -2.52856111 -3.3034141 -0.49751201
v -3.71500802 -5.64991807 -0.44653901
v 2.54513311 -3.28821992 -0.56209099
v -2.54513311 -3.28821992 -0.56209099
v 2.55405306 -3.28457498 -0.61351299
v -2.55405306 -3.28457498 -0.61351299
v -3.72645998 -5.64066791 -0.50881701
v 2.55173993 -3.2742939 -0.72857898
v -2.55173993 -3.2742939 -0.72857898
v 2.51599907 -3.29487991 -0.84481501
v -2.51599907 -3.29487991 -0.84481501
v 2.45125889 -3.31457305 -0.94047802
v -2.45125889 -3.31457305 -0.94047802
v 2.36554789 -3.32765293 -1.01540994
v -2.36554789 -3.32765293 -1.01540994
v 2.22582411 -3.36579394 -1.07795
v -2.22582411 -3.36579394 -1.07795
v 2.06251907 -3.41434502 -1.08018302
v -2.06251907 -3.41434502 -1.08018302
v 1.88435494 -3.47702193 -0.98910498
v -1.88435494 -3.47702193 -0.98910498
v 1.78813898 -3.5146079 -0.856148
v -1.78813898 -3.5146079 -0.856148
v 1.79848504 -3.60722088 -0.537041
v -1.79848504 -3.60722088 -0.537041
v 1.77623903 -3.59298491 -0.61589598
v -1.77623903 -3.59298491 -0.61589598
v 1.76358604 -3.56464791 -0.69312697
v -1.76358604 -3.56464791 -0.69312697
v 2.17070388 -3.95292496 -0.346515
v 2.07046508 -3.99650692 -0.447034
v -2.07046508 -3.99650692 -0.447034
v -2.17070388 -3.95292496 -0.346515
v 2.30236506 -3.8717041 -0.29367598
v -2.30236506 -3.8717041 -0.29367598
v 2.3831141 -3.80629301 -0.300356
v -2.3831141 -3.80629301 -0.300356
v 2.45349192 -3.76084995 -0.33745899
v -2.45349192 -3.76084995 -0.33745899
v 2.51612091 -3.7350161 -0.394432
v -2.51612091 -3.7350161 -0.394432
v 2.57752108 -3.70968699 -0.48351699
v -2.57752108 -3.70968699 -0.48351699
v 2.60141897 -3.69592499 -0.53907197
v -2.60141897 -3.69592499 -0.53907197
v 2.61536002 -3.69378399 -0.58531099
v -2.61536002 -3.69378399 -0.58531099
v 2.620476 -3.69216394 -0.61651802
v -2.620476 -3.69216394 -0.61651802
v 2.62423801 -3.68698406 -0.68646997
v -2.62423801 -3.68698406 -0.68646997
v 2.60752201 -3.7019689 -0.77855998
v -2.60752201 -3.7019689 -0.77855998
v 2.57534289 -3.72052192 -0.849083
v -2.57534289 -3.72052311 -0.849083
v 2.49043297 -3.76375007 -0.95059901
v -2.49043297 -3.76375007 -0.95059901
v 2.37049889 -3.81290292 -1.01839995
v -2.37049889 -3.81290292 -1.01839995
v 2.22449207 -3.87106704 -1.03291094
v -2.22449207 -3.87106704 -1.03291094
v 2.04359197 -3.92734909 -0.94083201
v -2.04359197 -3.92734909 -0.94083201
v 1.96448504 -3.96723103 -0.78859901
v -1.96448504 -3.96723103 -0.78859901
v 2.03558111 -4.00578689 -0.49984198
v -2.03558111 -4.00578689 -0.49984198
v 1.99615502 -4.00379276 -0.57259601
v -1.99615502 -4.00379276 -0.57259702
v 1.96686196 -3.98987793 -0.65042799
v -1.96686101 -3.98987793 -0.65042799
v 2.42111396 -4.31454706 -0.34026199
v 2.30385494 -4.36641597 -0.39935898
v -2.30385494 -4.36641502 -0.39935898
v -2.42111396 -4.31454801 -0.34026199
v 2.53553199 -4.24674701 -0.32526001
v -2.53553295 -4.24674701 -0.32526001
v 2.60458707 -4.18956613 -0.34235701
v -2.60458707 -4.18956613 -0.34235701
v 2.659307 -4.1508212 -0.373986
v -2.659307 -4.15082216 -0.373986
v 2.71052002 -4.12586212 -0.415652
v -2.71052098 -4.12586212 -0.415652
v 2.76147604 -4.10024309 -0.49204498
v -2.76147604 -4.10024309 -0.49204599
v 2.77712202 -4.0894351 -0.537368
v -2.77712202 -4.08943605 -0.537368
v 2.78729701 -4.08693981 -0.57551997
v -2.78729701 -4.08693981 -0.57551997
v 2.79124403 -4.086061 -0.600362
v -2.79124403 -4.086061 -0.600362
v 2.79191589 -4.08376407 -0.65841698
v -2.79191708 -4.08376407 -0.65841698
v 2.78311395 -4.09354019 -0.73743999
v -2.78311395 -4.09354019 -0.73743999
v 2.76107096 -4.10991621 -0.80394601
v -2.76107192 -4.10991621 -0.80394601
v 2.70151305 -4.14092922 -0.89652198
v -2.70151305 -4.14092922 -0.89652198
v 2.61412811 -4.17834186 -0.977068
v -2.61412811 -4.17834186 -0.977068
v 2.48484206 -4.24300813 -1.04366397
v -2.48484301 -4.24300909 -1.04366397
v 2.23304605 -4.33780622 -0.97002703
v -2.23304605 -4.33780622 -0.97002703
v 2.12449097 -4.38189506 -0.76241898
v -2.12449097 -4.38189506 -0.76241999
v 2.25533795 -4.38223123 -0.439525
v -2.25533795 -4.38223123 -0.439525
v 2.19712305 -4.38995313 -0.50446599
v -2.19712305 -4.38995313 -0.50446599
v 2.14734005 -4.38933706 -0.59120297
v -2.14734005 -4.38933706 -0.59120297
v 2.59996509 -4.58840417 -0.29434099
v 2.47323703 -4.65081691 -0.344325
v -2.47323703 -4.65081691 -0.344325
v -2.59996509 -4.58840513 -0.29434099
v 2.71174788 -4.52033186 -0.28373
v -2.71174907 -4.5203309 -0.28373
v 2.78665089 -4.45733308 -0.30116999
v -2.78664994 -4.45733213 -0.30116999
v 2.84194707 -4.41560077 -0.331436
v -2.84194707 -4.41560077 -0.331436
v 2.89789605 -4.38413381 -0.37891799
v -2.897897 -4.38413381 -0.37891799
v 2.95096802 -4.35356378 -0.46509701
v -2.95083308 -4.35338211 -0.46512401
v 2.96512603 -4.34324884 -0.51369601
v -2.96512603 -4.34324789 -0.51369601
v 2.97446489 -4.34047889 -0.55509197
v -2.97446394 -4.34047889 -0.55509197
v 2.97747111 -4.34076595 -0.581999
v -2.97747111 -4.34076595 -0.581999
v 2.97656607 -4.34158515 -0.640652
v -2.97656703 -4.34158515 -0.640652
v 2.96169209 -4.35809516 -0.72611397
v -2.9616909 -4.35809516 -0.72611397
v 2.93564391 -4.3819642 -0.79517799
v -2.93564391 -4.3819642 -0.79517799
v 2.87738299 -4.41634416 -0.87628001
v -2.87738299 -4.41634416 -0.87628001
v 2.79552507 -4.45616388 -0.94409197
v -2.79552602 -4.45616293 -0.94409197
v 2.67346596 -4.52349615 -1.00039601
v -2.67346596 -4.5234971 -1.00039601
v 2.425354 -4.63538789 -0.95498502
v -2.425354 -4.63538885 -0.95498502
v 2.27990007 -4.70285892 -0.75523102
v -2.27990007 -4.70285892 -0.75523102
v 2.41887211 -4.67222595 -0.38122099
v -2.41887211 -4.67222595 -0.38122099
v 2.350147 -4.69152212 -0.44579899
v -2.350147 -4.69152307 -0.44579899
v 2.28736901 -4.70300579 -0.54401397
v -2.28736805 -4.70300722 -0.54401397
v 2.84493303 -4.94579696 -0.27778899
v 2.72474694 -5.01314592 -0.32470598
v -2.72474789 -5.01314592 -0.32470598
v -2.84493207 -4.94579696 -0.27778899
v 2.94214391 -4.8839612 -0.266384
v -2.94214391 -4.88395977 -0.266384
v 3.01798892 -4.81947803 -0.27783399
v -3.01798796 -4.81947708 -0.27783399
v 3.07101607 -4.77620315 -0.30367299
v -3.07101607 -4.7762022 -0.30367299
v 3.12656498 -4.74000501 -0.35363099
v -3.12656498 -4.74000501 -0.35363099
v 3.17416191 -4.70569706 -0.442828
v -3.174088 -4.70555114 -0.44283598
v 3.18666911 -4.69439601 -0.49047398
v -3.18666911 -4.69439601 -0.49047398
v 3.19332099 -4.69073581 -0.53087902
v -3.19332099 -4.69073486 -0.53087902
v 3.19676899 -4.69117307 -0.56226199
v -3.19676899 -4.69117212 -0.56226199
v 3.19488906 -4.69364213 -0.61766099
v -3.19488906 -4.69364213 -0.61766099
v 3.17897892 -4.71248388 -0.70640802
v -3.17897796 -4.71248388 -0.70640802
v 3.15173411 -4.74202919 -0.77393102
v -3.15173506 -4.74202919 -0.77393001
v 3.09777402 -4.778831 -0.84089899
v -3.09777402 -4.778831 -0.84089899
v 3.025424 -4.81960392 -0.89255899
v -3.02542495 -4.81960296 -0.89255899
v 2.915941 -4.88815879 -0.93373698
v -2.91594004 -4.88816022 -0.93373698
v 2.69615292 -5.00269794 -0.89317601
v -2.69615197 -5.00269794 -0.89317601
v 2.55358004 -5.08026409 -0.72101998
v -2.55358004 -5.08026313 -0.72101998
v 2.67387509 -5.03862094 -0.358745
v -2.67387509 -5.03861999 -0.35874399
v 2.60917592 -5.06255912 -0.41729798
v -2.60917496 -5.06255912 -0.41729798
v 2.55005192 -5.08424377 -0.51319599
v -2.55005097 -5.08424377 -0.51319599
v 3.12207198 -5.33849811 -0.29068499
v 3.01989507 -5.40224123 -0.341578
v -3.01989507 -5.40224123 -0.341578
v -3.12207102 -5.33849811 -0.29068499
v 3.19532203 -5.28931188 -0.27934399
v -3.19532203 -5.28931093 -0.27934399
v 3.26343703 -5.22816896 -0.288219
v -3.26343703 -5.22816801 -0.288219
v 3.30914402 -5.1851778 -0.310965
v -3.30914306 -5.1851778 -0.310965
v 3.35400891 -5.14865779 -0.35246899
v -3.35400891 -5.14865922 -0.35246899
v 3.39326596 -5.11098098 -0.43198099
v -3.39322495 -5.11089515 -0.43198499
v 3.401968 -5.09943914 -0.473953
v -3.401968 -5.09944009 -0.473953
v 3.40539789 -5.09464216 -0.50755399
v -3.40539693 -5.0946412 -0.50755399
v 3.40820002 -5.09581518 -0.53965598
v -3.40820002 -5.09581518 -0.53965598
v 3.40776991 -5.09905099 -0.58744198
v -3.40776991 -5.09905099 -0.58744299
v 3.39778709 -5.11698389 -0.67291301
v -3.39778709 -5.11698389 -0.67291301
v 3.37280392 -5.1521368 -0.737589
v -3.37280392 -5.1521368 -0.73758798
v 3.32592701 -5.1883521 -0.78145897
v -3.32592701 -5.1883521 -0.78145897
v 3.26834201 -5.22653102 -0.81129002
v -3.26834201 -5.22653102 -0.81128901
v 3.18186807 -5.291049 -0.83955699
v -3.18186807 -5.29104995 -0.83955699
v 3.012079 -5.39054822 -0.78862601
v -3.012079 -5.39054822 -0.78862601
v 2.90559506 -5.45685815 -0.66016
v -2.90559506 -5.45685815 -0.66016
v 2.979043 -5.42749977 -0.37564399
v -2.979043 -5.42749977 -0.37564298
v 2.9330039 -5.44631195 -0.424021
v -2.9330039 -5.44631195 -0.424021
v 2.89299392 -5.46690797 -0.51027298
v -2.89299297 -5.46690797 -0.51027298
v 3.33108496 -5.62505579 -0.32445401
v 3.24389696 -5.68641519 -0.36564698
v -3.24389696 -5.68641376 -0.36564698
v -3.33108496 -5.62505579 -0.32445401
v 3.38251304 -5.58759307 -0.316228
v -3.38251304 -5.58759307 -0.316228
v 3.44057989 -5.53193092 -0.32019999
v -3.44057989 -5.53192997 -0.32019999
v 3.47750306 -5.49166393 -0.33429399
v -3.47750306 -5.49166393 -0.33429399
v 3.51441097 -5.45570182 -0.36248001
v -3.51441097 -5.45570278 -0.36248001
v 3.55076789 -5.41477918 -0.42713201
v -3.55074691 -5.41476106 -0.42711401
v 3.55963707 -5.40193986 -0.463173
v -3.55963707 -5.40193986 -0.463173
v 3.56332898 -5.39524698 -0.49100399
v -3.56332898 -5.39524698 -0.49100399
v 3.5675311 -5.39594507 -0.52344602
v -3.5675311 -5.39594507 -0.52344602
v 3.56782007 -5.39966297 -0.56518298
v -3.56782102 -5.39966297 -0.56518298
v 3.55196595 -5.4208188 -0.64255499
v -3.55196595 -5.4208188 -0.64255499
v 3.5227859 -5.46118307 -0.69566398
v -3.5227859 -5.46118307 -0.69566398
v 3.48784995 -5.49328184 -0.72409397
v -3.48784995 -5.49328279 -0.72409397
v 3.44528698 -5.52828407 -0.74283999
v -3.44528698 -5.52828407 -0.74283999
v 3.37497806 -5.58795118 -0.75332802
v -3.37497806 -5.58795213 -0.75332802
v 3.24899792 -5.67377901 -0.70398801
v -3.24899697 -5.67377805 -0.70398801
v 3.175143 -5.72741413 -0.61026799
v -3.175143 -5.72741413 -0.61026799
v 3.21110892 -5.71153497 -0.396247
v -3.21110892 -5.71153402 -0.396247
v 3.17950511 -5.72640419 -0.436881
v -3.17950511 -5.72640419 -0.436881
v 3.15862488 -5.74154901 -0.510903
v -3.15862488 -5.74154901 -0.510903
v 1.93965899 -2.49392509 -0.150746
v 1.88992703 -2.30914688 -0.163449
v -1.88992703 -2.30914688 -0.163449
v -1.93965899 -2.49392509 -0.150746
v 2.16517496 -2.44191908 -0.27732101
v 2.11871099 -2.26095008 -0.28618699
v -2.11871099 -2.26095008 -0.28618699
v -2.16517496 -2.44191908 -0.27732101
v 2.26904702 -2.40406298 -0.49860501
v 2.21790099 -2.23085498 -0.49442198
v -2.21790099 -2.23085498 -0.49442198
v -2.26904702 -2.40406298 -0.49860501
v 2.28302097 -2.38973307 -0.59134799
v 2.23159599 -2.221596 -0.58732301
v -2.23159599 -2.221596 -0.58732301
v -2.28302097 -2.38973307 -0.59134799
v 2.2848339 -2.38615107 -0.66922801
v 2.23060298 -2.22156 -0.66704499
v -2.23060298 -2.22156 -0.66704499
v -2.28483295 -2.38615107 -0.66922801
v 2.26480794 -2.38569092 -0.75775402
v 2.20774006 -2.224334 -0.75308197
v -2.20774006 -2.224334 -0.75308197
v -2.26480794 -2.38569092 -0.75775402
v 2.14401388 -2.40340209 -0.92533302
v 2.08335208 -2.24770593 -0.91965198
v -2.08335208 -2.24770593 -0.91965198
v -2.14401388 -2.40340209 -0.92533302
v 2.02979493 -2.41849899 -0.99518597
v 1.96910405 -2.26917505 -0.98644399
v -1.96910405 -2.269176 -0.98644298
v -2.02979493 -2.41849899 -0.99518597
v 1.76826298 -2.47101903 -1.01729905
v 1.71328401 -2.32837891 -0.99959099
v -1.71328401 -2.32837891 -0.99959099
v -1.76826298 -2.47101903 -1.01729905
v 1.20343303 -2.53353595 -0.82452797
v 1.41194999 -2.32380604 -0.77832001
v -1.41194999 -2.32380604 -0.77832001
v -1.20343303 -2.53353595 -0.82452797
v 1.50476801 -2.40654301 -0.81729298
v -1.50476801 -2.40654301 -0.81729298
v 1.53158402 -2.5391891 -0.82295602
v -1.53158402 -2.5391891 -0.82295602
v 1.32196903 -2.58685207 -0.36196801
v 1.41827905 -2.41676807 -0.49887999
v -1.41828 -2.41676807 -0.49887999
v -1.32196903 -2.58685207 -0.36196801
v 1.47216904 -2.44226694 -0.56710797
v -1.47216904 -2.44226694 -0.56710797
v 1.50770497 -2.57949399 -0.55109
v -1.50770497 -2.57949399 -0.55109
v 1.29859197 -2.45619702 -0.234169
v 1.42634105 -2.38720202 -0.416022
v -1.42634201 -2.38720202 -0.416022
v -1.29859197 -2.45619702 -0.234169
v 1.49036097 -2.42677593 -0.47238799
v -1.49036097 -2.42677593 -0.47238799
v 1.53658795 -2.58463001 -0.45550701
v -1.53658795 -2.58463001 -0.45550701
v 2.083328 -2.99736595 -0.12379
v 1.92969203 -3.05756092 -0.138007
v -1.92969203 -3.05756092 -0.138007
v -2.083328 -2.99736595 -0.12379
v 2.22000694 -2.94979095 -0.170275
v -2.22000694 -2.94979095 -0.170275
v 2.3244071 -2.91648697 -0.25698199
v -2.3244071 -2.91648697 -0.25698199
v 2.40072107 -2.88786411 -0.38478499
v -2.40072107 -2.88786411 -0.38478499
v 2.43684911 -2.87783908 -0.489955
v -2.43684911 -2.87783908 -0.489955
v 2.45194292 -2.86278295 -0.56989401
v -2.45194292 -2.86278295 -0.56989401
v 2.46010994 -2.858289 -0.63596999
v -2.46010994 -2.858289 -0.63596999
v 2.45155 -2.85197997 -0.74917602
v -2.45155 -2.85197997 -0.74917602
v 2.41192007 -2.86653304 -0.86018002
v -2.41192007 -2.86653304 -0.86018002
v 2.33636593 -2.88276696 -0.96109002
v -2.33636593 -2.88276696 -0.96109002
v 2.23009705 -2.898494 -1.04060304
v -2.23009705 -2.898494 -1.04060304
v 2.08388304 -2.93337607 -1.08818101
v -2.08388304 -2.93337607 -1.08818101
v 1.91806602 -2.97743797 -1.079113
v -1.91806602 -2.97743797 -1.079113
v 1.74214005 -3.03377199 -0.984972
v -1.74214005 -3.03377199 -0.984972
v 1.64447295 -3.06952595 -0.85614097
v -1.64447295 -3.06952595 -0.85614097
v 1.60480594 -3.11131501 -0.68872702
v -1.60480594 -3.11131501 -0.68872702
v 1.75523805 -3.11810493 -0.26058501
v -1.75523805 -3.11810493 -0.26058501
v 1.67886495 -3.14401698 -0.38449999
v -1.67886495 -3.14401698 -0.38449999
v 1.63791298 -3.14451909 -0.48618298
v -1.63791298 -3.14451909 -0.48618298
v 1.613626 -3.13411498 -0.58234399
v -1.613626 -3.13411498 -0.58234399
v 2.00334906 -2.71549201 -0.134829
v 1.858536 -2.76046991 -0.143747
v -1.85853505 -2.76046991 -0.143747
v -2.00334906 -2.71549201 -0.134829
v 2.14169192 -2.67813205 -0.185815
v -2.14169096 -2.67813205 -0.185815
v 2.23738694 -2.65035605 -0.26624399
v -2.23738694 -2.650357 -0.26624399
v 2.30462193 -2.62593603 -0.37830498
v -2.30462193 -2.62593603 -0.378306
v 2.34281206 -2.61304903 -0.49485099
v -2.34281206 -2.61304903 -0.49485099
v 2.35766506 -2.59825301 -0.58185398
v -2.35766506 -2.59825301 -0.58185398
v 2.3632369 -2.593894 -0.65458297
v -2.3632369 -2.59389305 -0.65458297
v 2.35018301 -2.59004092 -0.75514602
v -2.35018301 -2.59004092 -0.75514602
v 2.31009697 -2.60017108 -0.850097
v -2.31009697 -2.60017108 -0.850097
v 2.23140811 -2.61337709 -0.94447898
v -2.23140811 -2.61337709 -0.94447797
v 2.11907696 -2.62948894 -1.01744604
v -2.11907601 -2.62948894 -1.01744604
v 1.98815894 -2.65715909 -1.05741798
v -1.98815894 -2.65715909 -1.05741798
v 1.83342802 -2.69412398 -1.04818201
v -1.83342802 -2.69412398 -1.04818105
v 1.66708505 -2.74217104 -0.96256697
v -1.66708397 -2.74217104 -0.96256697
v 1.57300198 -2.77429199 -0.84148901
v -1.57300198 -2.77429199 -0.84148901
v 1.53201901 -2.80745911 -0.68356299
v -1.53201901 -2.80745911 -0.68356299
v 1.68482101 -2.81317305 -0.264582
v -1.68482101 -2.81317305 -0.264582
v 1.612939 -2.83664488 -0.37607899
v -1.612939 -2.83664488 -0.37607899
v 1.57262599 -2.83302211 -0.46565699
v -1.57262599 -2.83302092 -0.46565699
v 1.54273104 -2.82600998 -0.56326597
v -1.54273104 -2.82600998 -0.56326597
v -4.10219717 -6.50641584 -0.56970602
v -4.15687322 -6.47328376 -0.56941402
v 4.15687322 -6.47328376 -0.56941402
v 4.10219478 -6.50641679 -0.56970602
v -4.09394788 -6.56114292 -0.35383799
v -4.05103492 -6.5847969 -0.389869
v 4.05103492 -6.5847969 -0.389869
v 4.09394884 -6.56114196 -0.35383799
v -4.03399801 -6.58196878 -0.51848
v -4.03214788 -6.54391384 -0.560853
v 4.03214788 -6.54391384 -0.560853
v 4.03399801 -6.58196878 -0.51848
v -4.04327201 -6.59302187 -0.42782801
v -4.03254699 -6.59457302 -0.47610899
v 4.03254699 -6.59457302 -0.47610899
v 4.04327201 -6.59302187 -0.42782899
v -4.21741819 -6.51710414 -0.50034999
v -4.24133682 -6.53121805 -0.457311
v 4.24133682 -6.53121805 -0.457311
v 4.21741914 -6.51710414 -0.50034999
v -4.1859622 -6.50988102 -0.366746
v -4.16158819 -6.50159788 -0.350158
v 4.16158819 -6.50159692 -0.350158
v 4.1859622 -6.50988102 -0.366746
v -4.22555923 -6.525496 -0.40597
v -4.21196413 -6.52163505 -0.39435699
v 4.21196413 -6.52163505 -0.39435699
v 4.22555923 -6.525496 -0.40597
v -4.11350011 -6.54262399 -0.345162
v 4.11350011 -6.54262399 -0.345162
v -4.1970148 -6.50258016 -0.52662599
v 4.19701576 -6.50258016 -0.52662497
v -4.24022102 -6.52902507 -0.44532299
v -4.23513078 -6.52848291 -0.42966198
v 3.95578193 -6.57459783 -0.55525398
v -3.95578193 -6.57459783 -0.55525398
v 3.9828999 -6.60516119 -0.51848202
v -3.9828999 -6.60516119 -0.51848202
v 4.29044199 -6.76468181 -0.41366499
v -4.29044485 -6.764678 -0.413661
v 4.2768011 -6.77035617 -0.39291599
v -4.2768011 -6.77035617 -0.39291599
v 1.44087898 -2.21870207 -0.24859599
v 1.22568702 -2.18738198 -0.090507
v -1.22568702 -2.18738198 -0.090507
v -1.44087898 -2.21870207 -0.24859599
v 1.55695903 -2.28829693 -0.29115501
v -1.55695903 -2.28829693 -0.29115501
v 0 -1.56769704 0.29195299
v 0 -1.90134394 0.44747701
v 0.33498701 -1.91441202 0.41388699
v 0.33087799 -1.56890904 0.25634899
v -0.33087799 -1.56890904 0.25634899
v -0.33498701 -1.91441202 0.41388699
v 0.80482798 -1.89509594 0.20995
v 0.85868698 -1.54462397 0.080424
v -0.85868698 -1.54462397 0.080424
v -0.80482798 -1.89509594 0.20995
v 0 -1.20112502 0.026597
v 0.358334 -1.15643096 -0.005929
v -0.358334 -1.15643096 -0.005928
v 1.00686001 -1.10081803 -0.16392399
v -1.00686001 -1.10081803 -0.16392399
v 1.78452801 -2.1963551 -0.167572
v -1.78452801 -2.1963551 -0.167572
v 1.87207305 -2.17407488 -0.16817399
v -1.87207305 -2.17407488 -0.16817399
v 2.007941 -2.13749098 -0.21632699
v -2.0079379 -2.13749098 -0.216331
v 2.0884931 -2.10819697 -0.28553399
v -2.0884931 -2.10819697 -0.28553399
v 1.684134 -2.18043208 -0.99689
v -1.684134 -2.18043208 -0.99689
v 1.12182295 -2.22040796 -1.07636797
v 1.45466899 -2.08425498 -0.96952199
v -1.45466899 -2.08425498 -0.96952199
v -1.12182402 -2.22040796 -1.07636904
v 1.59079098 -2.21052599 -0.95285797
v -1.59079003 -2.21052694 -0.95285797
v 2.14506506 -2.09078097 -0.36872199
v -2.14506506 -2.09078097 -0.36872199
v 2.18804907 -2.0886991 -0.48656401
v -2.18804907 -2.0886991 -0.48656401
v 2.20069599 -2.08682608 -0.58187997
v -2.20069599 -2.08682608 -0.58187997
v 2.1940329 -2.0812931 -0.665515
v -2.1940341 -2.0812931 -0.665515
v 2.1699531 -2.08257508 -0.74812501
v -2.16995191 -2.08257508 -0.74812501
v 2.12519002 -2.09209394 -0.82773101
v -2.12519002 -2.09209394 -0.82773101
v 2.03245401 -2.10622191 -0.918796
v -2.03245401 -2.10622191 -0.918796
v 1.91480195 -2.121459 -0.98214298
v -1.91480195 -2.121459 -0.98214298
v 1.80691504 -2.14929294 -1.00795996
v -1.80691504 -2.14929294 -1.00795996
v -1.84622097 -2.29408502 -1.01499903
v 1.74921703 -1.957309 -0.102213
v -1.74921703 -1.957309 -0.102213
v 1.92920005 -1.63605105 -0.12514199
v -1.92920005 -1.63605105 -0.12514099
v -0.67568898 -2.89044404 0.37821498
v -0.67559397 -3.04814195 0.34867
v 2.05675411 -1.52664196 -0.73822897
v -2.05675411 -1.52664196 -0.73822897
v 1.88664901 -1.81842899 -0.97822797
v -1.88664901 -1.81842899 -0.97822797
v 1.71212601 -2.05332994 -1.01144897
v -1.71212601 -2.05332994 -1.01145005
v 1.79755699 -2.05527997 -1.00697898
v -1.79755699 -2.05527997 -1.00697994
v 1.94881904 -1.88709998 -0.94757497
v -1.94881904 -1.88709998 -0.94757497
v 2.12531709 -1.66509604 -0.69051498
v -2.12531709 -1.66509604 -0.69051498
v 2.09688901 -1.63460803 -0.30255699
v -2.09688901 -1.63460803 -0.30255699
v 1.98968899 -1.76190495 -0.16665899
v -1.98968899 -1.76190495 -0.16665899
v 1.83218002 -2.00521302 -0.13065999
v -1.83218002 -2.00521302 -0.13065999
v 1.90681695 -2.04198908 -0.16254499
v -1.90681695 -2.04198908 -0.16254499
v 2.03768801 -1.89878094 -0.22164699
v -2.03768801 -1.89878094 -0.22164699
v 2.11105203 -1.79784202 -0.30483299
v -2.11105203 -1.79784202 -0.30483299
v 2.15908694 -1.82523703 -0.66820102
v -2.15908694 -1.82523703 -0.66820102
v 1.23307704 -1.67579102 -1.20443105
v 1.58315503 -1.79105794 -1.07998502
v -1.58315503 -1.79105794 -1.07998502
v -1.23307704 -1.67579102 -1.20443105
v 1.697456 -1.90847897 -1.03329801
v -1.697456 -1.90847897 -1.03329801
v 1.78548097 -1.95907402 -1.01220297
v -1.78548097 -1.95907402 -1.01220297
v 1.86202096 -1.98688805 -0.99133598
v -1.86202001 -1.98688805 -0.99133598
v 1.35741102 -1.33124101 -1.10706496
v 1.78845405 -1.51159405 -0.98421299
v -1.78845405 -1.51159405 -0.98421299
v -1.35741102 -1.33124101 -1.10706496
v 1.88248705 -1.63249301 -0.96059197
v -1.88248705 -1.63249301 -0.96059197
v 1.95691895 -1.72518503 -0.92731201
v -1.95692002 -1.72518503 -0.92731201
v 2.02077293 -1.81617605 -0.88712298
v -2.02077293 -1.81617605 -0.88712298
v 1.158486 -2.01614689 -1.14860594
v 1.46624398 -2.0100131 -1.01533103
v -1.46624398 -2.0100131 -1.01533198
v -1.158486 -2.01614689 -1.14860594
v 1.60075604 -2.12751293 -0.97547102
v -1.60075497 -2.12751388 -0.97547102
v 1.69607305 -2.12637996 -1.00286197
v -1.69607305 -2.12637996 -1.00286197
v 1.80291402 -2.10932993 -1.00730598
v -1.80291402 -2.10932993 -1.00730598
v 1.89179503 -2.06435108 -0.98448699
v -1.89179503 -2.06435108 -0.98448699
v 1.98052001 -1.98655295 -0.93530499
v -1.98052001 -1.98655295 -0.93530499
v 2.05974793 -1.92783594 -0.866369
v -2.05974793 -1.92783594 -0.866369
v 2.000674 -1.65364801 -0.871167
v 1.92677903 -1.55285298 -0.90352702
v -1.92677903 -1.55285298 -0.90352702
v -2.000674 -1.65364801 -0.871167
v 2.06734609 -1.76223301 -0.82889497
v -2.06734609 -1.76223301 -0.82889497
v 1.39642596 -1.17083597 -0.994883
v 0.648162 -2.45702695 0.406493
v -0.648162 -2.45702695 0.406493
v -1.39642596 -1.17083597 -0.994883
v 2.11013197 -1.88719594 -0.79705399
v -2.11013197 -1.88719594 -0.79705399
v 1.897138 -1.20947301 -0.60835397
v 1.42183196 -0.94449299 -0.66352099
v -1.42183196 -0.94449299 -0.66352099
v -1.897138 -1.20947301 -0.60835397
v 1.96692001 -1.280519 -0.58391201
v -1.96692001 -1.280519 -0.58391201
v -0.664348 -2.64179301 0.40405499
v -0.67118698 -2.75833201 0.39479699
v 2.1427679 -1.61846697 -0.547212
v -2.1427679 -1.61846697 -0.547212
v 2.17117309 -1.80040705 -0.54408097
v -2.1711719 -1.80040705 -0.54408097
v 1.83328795 -1.16618394 -0.40948
v -1.404935 -0.94072097 -0.47530001
v -1.83328795 -1.16618394 -0.40948
v 1.94214296 -1.27019798 -0.389642
v -1.94214296 -1.27019798 -0.389642
v 0.67559397 -3.04814195 0.34867
v 0.67568898 -2.89044404 0.37821498
v 2.12965107 -1.59667301 -0.42188298
v -2.12965107 -1.59667301 -0.42188298
v 2.16083192 -1.78414595 -0.439484
v -2.16083192 -1.78414595 -0.439484
v 1.51840996 -1.72048604 -0.049203
v 1.25915801 -1.70835602 -0.02547499
v -1.25915801 -1.70835602 -0.02547499
v -1.51840996 -1.72048604 -0.049203
v 1.71745204 -1.73894095 -0.05047899
v -1.71745204 -1.73894095 -0.05047899
v 0.33449301 -1.71935498 0.33086898
v -0.000353 -1.72432398 0.373847
v -0.33449301 -1.71935498 0.33086898
v 0.83428901 -1.71198904 0.14562599
v -0.83428901 -1.71198904 0.14562599
v 1.85844194 -1.791103 -0.09017299
v -1.85844194 -1.791103 -0.09017299
v 1.91205799 -1.89191198 -0.130067
v -1.91205799 -1.89191198 -0.130067
v 1.96138405 -1.98247599 -0.17641699
v -1.96138405 -1.98247599 -0.17641699
v 1.454957 -2.10733604 -0.179542
v 1.58775997 -2.15833091 -0.205421
v -1.58775997 -2.1583321 -0.205421
v -1.454957 -2.10733604 -0.179542
v 1.21391594 -2.08593797 -0.06577
v -1.21391594 -2.08593797 -0.065769
v 1.13648903 -2.09507799 -1.12685298
v 1.45889198 -2.05718493 -0.98624801
v -1.45889198 -2.05718493 -0.98624801
v -1.13648903 -2.09507799 -1.12685298
v 1.59477198 -2.18010902 -0.96039497
v -1.59477102 -2.18010997 -0.96039497
v 1.68578195 -2.13484907 -0.170541
v -1.68578195 -2.13484907 -0.170541
v 1.68856096 -2.16070008 -0.99873197
v -1.68856096 -2.16070008 -0.99873197
v 1.80544102 -2.13472294 -1.00754404
v -1.80544102 -2.13472199 -1.00754404
v 1.80150604 -2.12557792 -0.158377
v -1.80150497 -2.12557792 -0.158377
v 1.88454198 -2.12579894 -0.16720399
v -1.88454198 -2.12579894 -0.16720399
v 1.90643203 -2.10062193 -0.98306202
v -1.90643203 -2.10062193 -0.98306202
v 2.01288008 -2.06273889 -0.92391401
v -2.01288008 -2.06273889 -0.92391401
v 2.10030293 -2.03238797 -0.84092098
v -2.10030293 -2.03238797 -0.84092098
v 2.1472311 -2.01147794 -0.76549398
v -2.1472311 -2.01147794 -0.76549398
v 2.17740202 -1.98842895 -0.665636
v -2.17740202 -1.98842895 -0.66563499
v 2.18492102 -1.98288798 -0.56806302
v -2.18492102 -1.98288798 -0.56806302
v 2.17364001 -1.97790801 -0.47032499
v -2.17364001 -1.97790801 -0.47032499
v 2.12732005 -1.98407399 -0.34856501
v -2.12732005 -1.98407399 -0.34856501
v 2.06599998 -2.03205394 -0.26606899
v -2.06599998 -2.03205394 -0.26607
v 1.987962 -2.08039188 -0.20688399
v -1.987962 -2.08039188 -0.20688299
v 0.383336 -2.11198997 0.461167
v 0.002917 -2.1202619 0.51094502
v -0.383336 -2.11198997 0.461167
v 0.84596002 -2.1180191 0.22801999
v -0.84596002 -2.1180191 0.22801999
v 0.405891 -2.29686904 0.48960998
v 0.004559 -2.305835 0.54565197
v -0.405891 -2.29686904 0.48960998
v 0.87620902 -2.30220389 0.234346
v -0.87620902 -2.30220389 0.234346
v 0.421099 -2.45725297 0.50223302
v 0.005158 -2.46814894 0.56157499
v -0.421099 -2.45725297 0.50223302
v 0.89811199 -2.46090388 0.23438799
v -0.89811199 -2.46090388 0.23438799
v 0.441612 -2.75792789 0.49899199
v 0.005466 -2.76958894 0.56930297
v -0.441612 -2.75792789 0.49899199
v 0.92502397 -2.75515699 0.216104
v -0.92502397 -2.75515699 0.216104
v 0.435036 -2.64118289 0.50449299
v 0.005486 -2.65252208 0.56913799
v -0.435036 -2.64118289 0.50449299
v 0.91636997 -2.64094901 0.22524499
v -0.91637098 -2.64094901 0.22524499
v 0.45042198 -3.04739403 0.459645
v 0.005212 -3.06219697 0.550408
v -0.45042198 -3.04739403 0.459645
v 0.92891001 -3.04064106 0.174702
v -0.92891097 -3.04064106 0.174702
v 1.28824305 -2.89225196 -0.455706
v -1.28824305 -2.89225196 -0.455706
v 0.447353 -2.88965511 0.48622798
v 0.005543 -2.90234589 0.564601
v -0.447353 -2.88965511 0.48622798
v 0.92935401 -2.88478088 0.20030899
v -0.92935401 -2.88478088 0.20030899
v 0.47622299 -6.23953676 -0.08451099
v 0.420989 -6.02918481 -0.04546599
v -0.420989 -6.02918481 -0.04546599
v -0.47622299 -6.23953676 -0.08451099
v 1.09583699 -5.35876798 -0.216168
v 1.01623702 -5.11106777 -0.12514799
v -1.01623702 -5.1110692 -0.12514799
v -1.09583699 -5.35876703 -0.216168
v 0.95890098 -4.77671623 -0.101065
v -0.95890098 -4.77671623 -0.101066
v -0.29762101 -5.86636495 0.050539
v 0.29762101 -5.86636495 0.050539
v -0.000168 -5.84903478 0.080554
v 0.42989799 -9.31762981 -0.45962101
v 0.434711 -9.07711219 -0.43154901
v -0.434711 -9.07711219 -0.43154901
v -0.42989799 -9.31762886 -0.45962101
v 0.69489002 -9.60282421 -0.353401
v 0.53401899 -9.45188427 -0.38663598
v -0.53401899 -9.45188331 -0.38663598
v -0.69489002 -9.60282325 -0.353401
v 0.88367801 -9.48725891 -0.353426
v -0.88367801 -9.48725891 -0.353426
v 1.04083597 -9.35584163 -0.457347
v 1.03486096 -9.03753662 -0.44275
v -1.03486096 -9.03753662 -0.44275
v -1.04083597 -9.35584163 -0.457347
v -0.98391002 -4.097229 -0.15109999
v -0.99977099 -3.79542803 -0.08844699
v 0.99977099 -3.79542803 -0.08844699
v 0.98391002 -4.09722805 -0.15109999
v 0.95146 -4.46838712 -0.13492299
v -0.95146 -4.46838712 -0.13492299
v 0.44940599 -7.07602405 -0.160687
v 0.46224999 -6.61315488 -0.11685399
v -0.46224999 -6.61315488 -0.11685399
v -0.44940599 -7.07602405 -0.160687
v 1.16759502 -6.43428897 -0.18372699
v 1.11061394 -5.83995485 -0.21354199
v -1.11061394 -5.83995485 -0.21354199
v -1.16759502 -6.43428897 -0.18372699
v 0.431288 -7.9536581 -0.26496899
v 0.44104701 -7.4830861 -0.20929099
v -0.44104701 -7.4830861 -0.20929099
v -0.431288 -7.9536581 -0.26496899
v 1.18720305 -7.59496116 -0.21653999
v 1.18668603 -6.97117376 -0.188224
v -1.18668699 -6.97117519 -0.188224
v -1.18720305 -7.59496116 -0.21653999
v 0.426941 -8.40941333 -0.325403
v -0.426941 -8.40941429 -0.325403
v 1.12663304 -8.18043899 -0.30750301
v -1.12663304 -8.18043994 -0.30750301
v 0.432832 -8.77082729 -0.38499099
v -0.432832 -8.77082729 -0.38499099
v 1.06651699 -8.64240837 -0.39566099
v -1.06651699 -8.64240932 -0.39566201
v 1.00555205 -1.90255701 0.08593899
v 1.04977297 -1.71238303 0.04126999
v -1.04977297 -1.71238303 0.04126999
v -1.00555205 -1.90255701 0.08593899
v 1.09312796 -1.53531694 0.001455
v 1.24643302 -1.03159403 -0.25048598
v -1.24643302 -1.03159403 -0.25048598
v -1.09312796 -1.53531694 0.001455
v 1.20775997 -2.98945808 -0.15036
v -1.20775997 -2.98945808 -0.15036
v 1.03778505 -2.10129499 0.074524
v -1.03778505 -2.10129499 0.074524
v 1.05878102 -2.24227309 0.06507
v -1.05878102 -2.24227309 0.06507
v 1.08137297 -2.38654494 0.051959
v -1.08137297 -2.38654398 0.051959
v 1.17464005 -2.66906595 -0.05894
v 1.13303005 -2.54432201 -0.001259
v -1.13303005 -2.54432201 -0.001259
v -1.17464005 -2.66906595 -0.05894
v 1.20065701 -2.7947421 -0.11088799
v -1.20065701 -2.7947421 -0.11088799
v 1.20247602 -2.84085488 -0.70565599
v -1.20247602 -2.84085488 -0.70565599
v 1.00254499 -2.74450302 -0.93810498
v -1.00254499 -2.74450302 -0.93810498
v 0.58279502 -2.65419292 -1.17126596
v -0.58279502 -2.65419292 -1.17126596
v 0.000012 -2.62604188 -1.19354605
v 0.62347 -2.34642505 -1.25184404
v -0.62347 -2.34642505 -1.25184404
v 0.000014 -2.34323906 -1.24550199
v 0.65597599 -2.175282 -1.28561794
v -0.65597599 -2.175282 -1.28561794
v 0.000012 -2.17791104 -1.27691495
v 0.45249998 -3.4203329 0.38548898
v 0.003241 -3.4405229 0.496463
v -0.45249998 -3.4203329 0.38548898
v 0.91113001 -3.40684104 0.09379699
v -0.91113102 -3.40684104 0.09379699
v 1.11242699 -3.38049697 -0.116604
v -1.11242699 -3.38049697 -0.116604
v 1.22327601 -3.33352088 -0.31980899
v -1.22327601 -3.33352088 -0.31980899
v 1.18142902 -3.24065208 -0.64503502
v -1.18142902 -3.24065089 -0.64503502
v 0.93998998 -3.14786791 -0.90553098
v -0.93998998 -3.14786791 -0.90553098
v 0.53841 -3.10441494 -1.09001994
v -0.53841 -3.10441589 -1.09001994
v 0.000929 -3.10614204 -1.13316595
v 0.70191401 -2.03467202 -1.30828797
v -0.70191401 -2.03467202 -1.30828797
v -0.000009 -2.00533795 -1.3039
v -0.72735297 -1.94726002 -1.31992495
v 0.72735297 -1.94726002 -1.31992495
v 0 -1.91163098 -1.31613004
v -0.76454299 -1.75717902 -1.33308398
v 0.76453203 -1.75718104 -1.33301198
v 0 -1.73265004 -1.33270394
v -0.767475 -1.59240305 -1.32233297
v 0.767475 -1.59240305 -1.32233297
v -0.77555102 -1.40920996 -1.28079199
v 0.77555102 -1.40920996 -1.28079199
v -0.78108 -1.25344705 -1.22423505
v 0.78108 -1.25344705 -1.22423505
v -0.78324598 -1.06882298 -1.13113105
v 0.78324598 -1.06882298 -1.13113105
v 0 -1.02361202 -1.21807897
v -0.000003 -1.21473097 -1.28746998
v 0.000011 -1.35022401 -1.317999
v -0.000012 -1.55068802 -1.33597195
v -0.203645 -5.04160785 -1.34222805
v -0.20488299 -4.77195406 -1.24997603
v 0.204711 -4.77195501 -1.25001704
v 0.204085 -5.04164314 -1.34213197
v -0.24866099 -3.87910199 -1.12179601
v -0.26615801 -3.60618901 -1.11849701
v 0.24866199 -3.87910103 -1.12179601
v 0.26615899 -3.60618901 -1.11849701
v 0.211746 -4.57204914 -1.19474601
v -0.21171599 -4.57204723 -1.19475197
v 0.22471599 -4.259696 -1.138242
v -0.22471499 -4.259696 -1.138242
v 0.282496 -3.10678911 -1.13040697
v -0.28161099 -3.10679602 -1.13048195
v 0.303557 -2.64454197 -1.19825804
v 0.32342898 -2.34945702 -1.26920998
v -0.32341399 -2.34945702 -1.26920902
v -0.30354401 -2.64454197 -1.19825804
v 0.340595 -2.1794269 -1.300794
v -0.34058201 -2.1794269 -1.300794
v 0.36446198 -2.02218103 -1.32198405
v -0.36446899 -2.02218008 -1.321985
v -0.377875 -1.93124401 -1.33129596
v 0.37787601 -1.93124401 -1.33129596
v -0.39781999 -1.745337 -1.339136
v 0.397814 -1.74533796 -1.339136
v -0.40052801 -1.24000895 -1.27657198
v -0.41151401 -1.03452396 -1.19853794
v 0.41151401 -1.03452396 -1.19853794
v 0.40052801 -1.24000895 -1.27657198
v -0.40436598 -1.37969803 -1.30577302
v 0.40437901 -1.37969803 -1.30577302
v -0.39961999 -1.57224905 -1.33070397
v 0.39961001 -1.57225 -1.33070397
v -0.63385301 -5.08302307 -1.16723799
v -0.62394899 -4.79501104 -1.088642
v 0.62379902 -4.79499912 -1.08872902
v 0.63385301 -5.08302307 -1.16723799
v 0.66672098 -3.87923407 -0.991481
v 0.72446399 -3.58747005 -0.99353599
v -0.66672098 -3.87923288 -0.991481
v -0.72446399 -3.58747005 -0.99353599
v 0.62402397 -4.57932281 -1.04760599
v -0.62402397 -4.57932281 -1.04760599
v 0.63242399 -4.26222801 -1.00107705
v -0.63242399 -4.26222801 -1.00107705
v 0.76666998 -3.13122296 -1.01343596
v -0.76666998 -3.13122296 -1.01343596
v 0.822528 -2.71023988 -1.06691896
v 0.883044 -2.38173008 -1.15686798
v -0.883044 -2.38173008 -1.15686702
v -0.822528 -2.71023988 -1.06691896
v 0.92133098 -2.20939397 -1.19985294
v -0.92133098 -2.20939397 -1.19985294
v 0.948282 -2.07529807 -1.23405504
v -0.948282 -2.07529807 -1.23405504
v -0.97101098 -1.99023401 -1.24922299
v 0.97101098 -1.99023401 -1.24922299
v -1.00796496 -1.80676102 -1.27287805
v 1.00796997 -1.80676496 -1.27287602
v -1.02502203 -1.63786196 -1.27419805
v 1.02502203 -1.63786196 -1.27419805
v -1.07906401 -1.42989301 -1.22252798
v 1.07906401 -1.42989301 -1.22252798
v -1.11007094 -1.26251995 -1.14829897
v 1.11007094 -1.26251995 -1.14829897
v -1.11754095 -1.12135303 -1.06087505
v 1.11754095 -1.12135303 -1.06087601
v 1.33248305 -2.33165001 -0.23020899
v 1.32863795 -2.20076608 -0.17313
v -1.32863795 -2.20076608 -0.17313
v -1.33248305 -2.33165001 -0.23020899
v 1.32777905 -1.89957702 -0.06882499
v 1.38664805 -1.71339905 -0.045297
v -1.38664805 -1.71339905 -0.045297
v -1.32777905 -1.89957702 -0.06882499
v 1.44169795 -1.52604997 -0.049775
v 1.58369398 -1.11374998 -0.27012801
v -1.58369398 -1.11374998 -0.27012801
v -1.44169795 -1.52604997 -0.049775
v 1.62263095 -1.03511095 -0.432805
v -1.62263095 -1.03511095 -0.432805
v 1.33699202 -1.87176203 -1.12236595
v 1.40518903 -1.73226296 -1.139804
v -1.40518903 -1.73226296 -1.139804
v -1.33699202 -1.87176299 -1.12236595
v 1.33454394 -2.55959796 -0.52661597
v 1.28611505 -2.41693711 -0.784837
v -1.28611505 -2.41693711 -0.784837
v -1.33454394 -2.55959796 -0.52661597
v 1.35802805 -2.42051196 -0.32541799
v -1.35802805 -2.42051196 -0.32541799
v 1.22874903 -2.28783607 -0.93720197
v 1.27258098 -2.1405189 -1.00503003
v -1.27258098 -2.1405189 -1.00503003
v -1.22874903 -2.28783607 -0.93720197
v 1.52482903 -1.53186798 -1.10538995
v 1.58851397 -1.38825297 -1.038697
v -1.58851397 -1.38825297 -1.038697
v -1.52482903 -1.53186798 -1.10538995
v 1.35657799 -2.49726605 -0.430388
v -1.35657799 -2.49726605 -0.430388
v 1.32843804 -2.09257793 -0.131338
v -1.32843804 -2.09257793 -0.131338
v 1.288118 -2.06848096 -1.04454004
v -1.288118 -2.06848096 -1.04454004
v 1.61361599 -1.25547897 -0.95392602
v -1.61361599 -1.25547897 -0.95392602
v 1.30471301 -2.00729394 -1.07176399
v -1.30471301 -2.00729298 -1.07176399
v 1.66293501 -1.14774406 -0.83333599
v -1.66293501 -1.14774406 -0.83333599
v 1.67071497 -1.05130398 -0.64210802
v -1.67071497 -1.05130398 -0.64210802
v 0.000007 -0.68345099 -0.97462499
v -0.084935 -0.67893999 -0.96585702
v 0.084935 -0.67893898 -0.96585798
v -0.22578699 -0.67600601 -0.949009
v 0.22578699 -0.67600601 -0.949009
v -0.35710001 -0.66532999 -0.902718
v 0.35710001 -0.66532999 -0.902718
v -0.53655099 -0.65750002 -0.75875097
v 0.53655099 -0.65750002 -0.75875097
v -0.63755202 -0.664819 -0.63782399
v 0.63755202 -0.664819 -0.63782399
v -0.70853197 -0.70914101 -0.53365498
v 0.70853197 -0.70914101 -0.53365498
v -0.63184201 -0.79414099 -0.384613
v 0.63184201 -0.79414099 -0.384613
v -0.55328798 -0.858253 -0.28381198
v 0.55328798 -0.858253 -0.28381198
v -0.42720899 -0.93289601 -0.17082899
v 0.42720899 -0.93289601 -0.17082899
v -0.329952 -0.98231697 -0.096578
v 0.329952 -0.98231697 -0.096578
v -0.250817 -1.01555097 -0.044171
v 0.250817 -1.01555097 -0.044171
v 0 -1.05484402 0.04577999
v 0.13925799 -1.04294002 0.010679
v -0.13925799 -1.04294002 0.010679
v 0.195931 -4.19247388 0.33434701
v 0.197814 -3.837085 0.39884901
v -0.195931 -4.19247388 0.33434701
v -0.197813 -3.837085 0.39884901
v 0.195673 -5.26646184 0.21256099
v 0.202 -4.9027338 0.25290301
v -0.201994 -4.9027338 0.25290399
v -0.195646 -5.2664628 0.21256299
v -0.207908 -5.52018308 0.157589
v -0.202031 -5.39578485 0.18687799
v 0.207938 -5.52018404 0.157587
v 0.202169 -5.39578199 0.18686899
v 0.16406099 -5.73436117 0.10667
v 0.18440799 -5.63635206 0.13077899
v -0.184423 -5.6363511 0.130778
v -0.16410599 -5.73436117 0.106668
v -0.128095 -6.14648819 -0.175113
v -0.089418 -5.96879196 0.035092
v 0.08937499 -5.96879291 0.035094
v 0.128083 -6.14648914 -0.175113
v -0.125523 -5.85808515 0.07319399
v 0.12533 -5.85808897 0.073206
v -0.19799299 -4.57901382 0.28384399
v 0.19799299 -4.57901382 0.28384399
v 0.14839799 -1.89496099 0.43869599
v 0.15361599 -1.71714401 0.36174899
v -0.154023 -1.717157 0.36172199
v -0.14839799 -1.89496099 0.43869599
v 0.157469 -1.558869 0.27850699
v 0.145032 -1.17974698 0.038277
v -0.145032 -1.17974698 0.038277
v -0.157469 -1.558869 0.27850699
v 0.19743 -3.43543791 0.47208398
v -0.19387599 -3.4355669 0.47292599
v 0.163945 -2.11406397 0.50175297
v -0.160594 -2.11399102 0.50206798
v 0.17453199 -2.30008697 0.53534698
v -0.16929599 -2.30001092 0.535856
v 0.18147 -2.4624319 0.55110102
v -0.17555299 -2.46238398 0.55171698
v 0.19060699 -2.76507902 0.55821102
v 0.187616 -2.64751291 0.55829
v -0.18124699 -2.64744901 0.55890899
v -0.184331 -2.76509308 0.55884099
v 0.19666899 -3.05901598 0.53227102
v 0.19368399 -2.89873504 0.55207699
v -0.187349 -2.89879894 0.55283999
v -0.18965199 -3.05914402 0.53345102
v -0.27964699 -4.18330001 0.31798699
v -0.281154 -3.83259511 0.37673199
v -0.29813599 -5.52273798 0.14781899
v -0.28964498 -5.39622783 0.177053
v -0.18388499 -6.14191818 -0.16703499
v -0.128195 -5.9674201 0.03240599
v 0.128165 -5.96742105 0.032409
v 0.18387599 -6.14191818 -0.16703499
v -0.17985999 -5.86132907 0.06796299
v 0.179728 -5.86133289 0.067973
v -0.289076 -4.90114307 0.24103799
v -0.28322601 -4.57407712 0.27010899
v 0.28322699 -4.57407712 0.27010899
v 0.28907999 -4.90114307 0.24103699
v -0.28047901 -5.26507186 0.20301699
v 0.279648 -4.18330001 0.31798699
v -0.235346 -5.7427082 0.099064
v 0.23531599 -5.74270916 0.099067
v 0.28115499 -3.83259511 0.37673199
v 0.28049799 -5.26507091 0.203014
v 0.298152 -5.52273893 0.147816
v 0.28973999 -5.39622402 0.177042
v 0.26445698 -5.64223384 0.12291599
v -0.26446801 -5.64223194 0.122915
v 0.21297599 -1.89378905 0.43073099
v 0.22043199 -1.71585404 0.352701
v -0.22070699 -1.71587204 0.35266399
v -0.21297499 -1.89378905 0.43073099
v 0.225831 -1.55685794 0.269533
v 0.25592601 -1.15940702 0.017686
v -0.25592601 -1.15940702 0.017686
v -0.22583 -1.55685794 0.269533
v 0.27949398 -3.43154311 0.45008501
v -0.276885 -3.43166208 0.45089098
v 0.23358699 -2.112401 0.49328199
v -0.23130099 -2.11233091 0.49358001
v 0.248012 -2.29831409 0.52617502
v -0.24443599 -2.29824805 0.52662098
v 0.257858 -2.46037697 0.54124397
v -0.25385201 -2.4603219 0.54194301
v 0.27086201 -2.76298403 0.54561501
v 0.26661199 -2.64546799 0.54732501
v -0.26232001 -2.64542102 0.54813402
v -0.266653 -2.76300406 0.54649001
v 0.277828 -3.05622291 0.51431399
v 0.274838 -2.89634895 0.53697198
v -0.27060401 -2.89643192 0.53795701
v -0.27303201 -3.05629897 0.51549702
v -0.55222201 -4.15371418 0.21947899
v -0.55187898 -3.81781005 0.26597198
v 0.55222201 -4.15371418 0.21947899
v 0.55187898 -3.81781005 0.26597198
v -0.55036801 -5.27354192 0.13973599
v -0.55086499 -4.8871479 0.174599
v 0.55086398 -4.88714695 0.174599
v 0.55036801 -5.27354192 0.13973599
v -0.54800099 -5.5375781 0.093946
v -0.54988998 -5.40755891 0.11849399
v 0.54989099 -5.40755796 0.11849399
v 0.54800397 -5.53757619 0.093946
v -0.42174199 -5.77976989 0.05898699
v -0.48068499 -5.66994619 0.07977099
v 0.48068198 -5.6699481 0.07977099
v 0.42174199 -5.77976989 0.05898699
v -0.141377 -6.01163578 0.00981
v -0.2324 -6.00470399 -0.001963
v 0.2324 -6.00470399 -0.001963
v 0.14135199 -6.01163721 0.009812
v -0.32228601 -5.89913892 0.03280099
v 0.32228601 -5.89913892 0.03280099
v -0.54756403 -4.5530138 0.188921
v 0.54756403 -4.5530138 0.188921
v 0.430689 -1.90749704 0.381976
v 0.43550699 -1.71489596 0.30079001
v -0.43550699 -1.71489596 0.30079001
v -0.430689 -1.90749704 0.381976
v 0.43669799 -1.56137502 0.226757
v 0.49470999 -1.15666902 -0.054623
v -0.49470999 -1.15666997 -0.05462399
v -0.43669799 -1.56137502 0.226757
v 0.54863899 -3.419739 0.33805099
v -0.54864001 -3.419739 0.33805099
v 0.47965899 -2.1098659 0.42752599
v -0.47965899 -2.1098659 0.42752599
v 0.50533801 -2.29586195 0.45503699
v -0.50533801 -2.29586195 0.45503699
v 0.52227902 -2.45690894 0.466351
v -0.52227902 -2.45690894 0.466351
v 0.54396998 -2.75864195 0.458871
v 0.53712201 -2.64138889 0.46628299
v -0.53712201 -2.64138793 0.46628299
v -0.54396998 -2.75864195 0.458871
v 0.551036 -3.04851293 0.41529101
v 0.54956299 -2.890733 0.443493
v -0.54956299 -2.890733 0.443493
v -0.551036 -3.04851293 0.41529101
v -0.000706 -6.01990699 0.014981
v -0.09851399 -6.01497793 0.013146
v 0.09847699 -6.01497888 0.013148
v -0.67027699 -4.14359998 0.152456
v -0.66894197 -3.81415605 0.19881099
v -0.66030901 -5.29018211 0.096584
v -0.64422202 -4.87486314 0.13547
v 0.644221 -4.87486219 0.135471
v 0.66030901 -5.29018211 0.096584
v -0.61780601 -5.55326318 0.068944
v -0.63992703 -5.42382383 0.08513999
v 0.63992798 -5.42382383 0.08513999
v 0.61780798 -5.55326223 0.068943
v -0.46293899 -5.80749988 0.04129
v -0.535434 -5.69256019 0.060394
v 0.53543198 -5.6925621 0.060394
v 0.46293899 -5.80749988 0.04129
v -0.157525 -6.06612682 -0.029692
v -0.25666901 -6.05401086 -0.042661
v 0.25666901 -6.05401182 -0.042661
v 0.157505 -6.06612777 -0.02968999
v -0.353439 -5.940207 0.008216
v 0.353439 -5.940207 0.008216
v -0.651313 -4.54134321 0.137645
v 0.651313 -4.54134321 0.137645
v 0.67027699 -4.14359998 0.152456
v -0.001136 -6.08206081 -0.02755999
v -0.11120799 -6.07230091 -0.026826
v 0.111179 -6.07230377 -0.026822
v 0.66894197 -3.81415605 0.19881099
v 0.55193501 -1.90077996 0.335693
v 0.563425 -1.71129798 0.25834199
v -0.563425 -1.71129798 0.25834199
v -0.55193501 -1.90077996 0.335693
v 0.57153302 -1.55353605 0.186239
v 0.67861402 -1.14299297 -0.097533
v -0.67861402 -1.14299297 -0.097533
v -0.57153302 -1.55353605 0.186239
v 0.66826802 -3.41740894 0.26948198
v -0.66826897 -3.41740894 0.269481
v 0.60012799 -2.10993409 0.37498301
v -0.60012799 -2.10993289 0.37498301
v 0.629036 -2.29590606 0.397888
v -0.629036 -2.29590606 0.397888
v -2.02298402 -1.42332398 -0.30263599
v 2.061836 -1.41846501 -0.566455
v -2.061836 -1.41846501 -0.566455
v 1.93483102 -1.45512795 -0.848432
v 1.85518598 -1.28435599 -0.80730801
v -1.85518598 -1.28435599 -0.80730801
v -1.93483102 -1.45512795 -0.848432
v 2.06505203 -1.51260602 -0.303072
v -2.06505203 -1.51260602 -0.303072
v 1.88408005 -1.50056397 -0.91665798
v -1.88408005 -1.50056397 -0.91665798
v 2.01939201 -1.48267304 -0.764759
v -2.01939201 -1.48267304 -0.764759
v 2.04523801 -1.47024095 -0.30275601
v 1.60408604 -2.26164197 -0.246808
v 3.57070493 -5.9611411 -0.35203298
v 3.50983309 -5.87276315 -0.34498101
v -3.50983309 -5.87276315 -0.34498101
v -3.57070493 -5.9611411 -0.35203298
v 3.46330499 -6.04878616 -0.50365698
v 3.39442706 -5.96974515 -0.51284498
v -3.39442706 -5.96974515 -0.51284498
v -3.46330499 -6.04878616 -0.50365698
v 3.88922596 -5.73532199 -0.52422398
v 3.88136291 -5.76551389 -0.58324599
v -3.88136291 -5.76551485 -0.58324599
v -3.88922596 -5.73532104 -0.52422303
v 3.99795007 -5.72771596 -0.51790797
v 3.98655796 -5.75798606 -0.57427001
v -3.98655891 -5.75798606 -0.57427001
v -3.99795007 -5.72771596 -0.51790797
v -3.9671061 -6.01333379 -0.65761101
v -3.96909499 -5.92442894 -0.651771
v 3.96909403 -5.92442894 -0.651771
v 3.96710491 -6.01333379 -0.65761101
v -3.96768999 -5.83004522 -0.627756
v 3.96768999 -5.83004379 -0.627756
v 3.89200902 -5.72995805 -0.49245899
v -3.89482307 -5.731256 -0.462861
v 4.00025606 -5.72187995 -0.48539099
v -4.00294303 -5.72420406 -0.45464199
v -3.99715805 -5.75090885 -0.39818799
v 3.99715805 -5.75090885 -0.39818799
v 4.00028514 -5.73249101 -0.42952901
v -3.98053407 -5.859838 -0.34215599
v 3.98053407 -5.859838 -0.34215599
v -3.97698307 -5.94908285 -0.34486401
v 3.97698211 -5.94908285 -0.34486401
v -3.85479688 -5.86420202 -0.338658
v -3.86696291 -5.96502018 -0.338389
v 3.86696291 -5.96502018 -0.338389
v 3.85479688 -5.86420202 -0.338658
v -3.98762011 -6.02228593 -0.35684499
v 3.98309993 -5.99112319 -0.35158899
v -4.00099515 -6.06274795 -0.36434099
v 4.00099515 -6.06274795 -0.36434099
v 3.98762011 -6.02228593 -0.35684499
v -3.88084101 -6.04936599 -0.35111799
v 3.8749051 -6.01339578 -0.34598299
v -3.89351391 -6.10194301 -0.357569
v 3.89351391 -6.10194301 -0.357569
v 3.88084101 -6.04936599 -0.35111799
v -4.02621221 -6.1510868 -0.654118
v -3.99857711 -6.08660507 -0.65719097
v 4.01448392 -6.12361717 -0.65603297
v 4.02621078 -6.15108823 -0.654118
v -3.95192694 -6.27047205 -0.64413398
v -3.93166399 -6.23164081 -0.65022498
v 3.93166399 -6.23164081 -0.65022498
v 3.95192694 -6.27047205 -0.64413398
v -4.07106685 -6.23292589 -0.64161998
v -4.05209207 -6.19818401 -0.64802801
v 4.05209112 -6.19818401 -0.64802801
v 4.07106685 -6.23292589 -0.64161998
v -4.01717186 -6.39754915 -0.61467999
v -3.98945093 -6.34370517 -0.62859797
v 3.98945188 -6.34370517 -0.62859797
v 4.01717281 -6.3975501 -0.61467999
v -4.12437582 -6.32972908 -0.61618101
v -4.10183477 -6.28876876 -0.62834101
v 4.10183477 -6.28876876 -0.62834101
v 4.12437582 -6.32972908 -0.61618101
v -4.10219717 -6.50641584 -0.56970602
v -4.06650781 -6.46124076 -0.59311598
v 4.06650686 -6.46124219 -0.59311598
v 4.10219478 -6.50641679 -0.56970602
v -4.204288 -6.44183015 -0.568282
v -4.17105484 -6.39482212 -0.59229701
v 4.17105579 -6.39482212 -0.59229701
v 4.204288 -6.4418292 -0.56828302
v -4.17935085 -6.46904087 -0.34758499
v -4.2001481 -6.48409509 -0.36595898
v 4.2001481 -6.48409605 -0.36595898
v 4.1793518 -6.46904087 -0.34758499
v -4.24843502 -6.51205587 -0.455062
v -4.23941993 -6.49702119 -0.50440299
v 4.23941993 -6.49702119 -0.50440299
v 4.24843502 -6.51205587 -0.455062
v -3.90187907 -6.72612094 -0.39804801
v -3.93074393 -6.76169776 -0.39110899
v 3.93074393 -6.76169776 -0.39110899
v 3.90187907 -6.72612094 -0.39804801
v -3.95979809 -6.79956483 -0.38763898
v -3.99700593 -6.84423303 -0.38144901
v 3.99700593 -6.84423303 -0.38144901
v 3.95979809 -6.79956483 -0.38763898
v -4.03573417 -6.8887062 -0.37615901
v -4.07949113 -6.93494892 -0.36994698
v 4.07949113 -6.93494892 -0.36994698
v 4.03573417 -6.88870477 -0.37615901
v -4.20339298 -6.98753309 -0.36273598
v -4.20922994 -6.95712518 -0.36910599
v 4.2092309 -6.95712518 -0.36910599
v 4.20339202 -6.98753309 -0.36273598
v -4.17299699 -6.99199581 -0.35634499
v 4.17299699 -6.99199676 -0.35634499
v -4.05103492 -6.5847969 -0.389869
v -4.05103492 -6.5847969 -0.389869
v 4.05103492 -6.5847969 -0.389869
v 4.05103492 -6.5847969 -0.389869
v -4.17579412 -6.64594316 -0.36224299
v -4.22779083 -6.69575119 -0.35552099
v 4.22779178 -6.69575119 -0.35552099
v 4.17579412 -6.64594316 -0.36224299
v -4.33830404 -6.80698394 -0.328579
v -4.39426708 -6.84935522 -0.31257501
v 4.39426708 -6.84935522 -0.31257399
v 4.33830404 -6.80698394 -0.328579
v -4.12112283 -6.96697998 -0.36396399
v 4.12112188 -6.96697998 -0.36396399
v -4.04327201 -6.59302187 -0.42782801
v -4.04327201 -6.59302187 -0.42782801
v 4.04327201 -6.59302187 -0.42782899
v 4.04327201 -6.59302187 -0.42782899
v -4.281147 -6.75011396 -0.34258699
v 4.28114604 -6.75011396 -0.34258699
v -4.15840482 -6.66029501 -0.38469898
v -4.21550512 -6.70802497 -0.37318798
v 4.21550416 -6.70802593 -0.373189
v 4.15840482 -6.66029405 -0.384698
v -4.44147205 -6.89974308 -0.31107398
v 4.44147205 -6.89974308 -0.31107398
v -4.38443088 -6.873456 -0.33397498
v -4.43434906 -6.9167819 -0.330024
v 4.43434906 -6.91678285 -0.33002498
v 4.38443183 -6.873456 -0.33397498
v -4.32778978 -6.81883812 -0.34851899
v 4.32778978 -6.81883812 -0.34851899
v -4.529675 -6.9254961 -0.386339
v -4.5373311 -6.91253519 -0.38622999
v 4.5373311 -6.91253519 -0.38622999
v 4.529675 -6.9254961 -0.386339
v -4.49167585 -6.94926023 -0.33167201
v -4.49167585 -6.94926023 -0.33167201
v -4.51221704 -6.94409418 -0.31691598
v -4.48862981 -6.95124006 -0.34991198
v -4.49167585 -6.94926023 -0.33167201
v 4.48862981 -6.95124006 -0.34991198
v 4.51221704 -6.94409418 -0.31691598
v 4.4916749 -6.94926118 -0.33167201
v 4.4916749 -6.94926118 -0.33167201
v 4.4916749 -6.94926118 -0.33167201
v -4.22227096 -6.50137186 -0.39575299
v -4.23431396 -6.50799179 -0.409648
v 4.23431396 -6.50799179 -0.409648
v 4.22227001 -6.50137186 -0.39575201
v -4.50127983 -6.94911909 -0.364239
v -4.51984119 -6.93857002 -0.37977498
v 4.51984119 -6.93857002 -0.37977498
v 4.50127983 -6.94911909 -0.364239
v 3.63094091 -6.02699804 -0.34462198
v -3.63094091 -6.02699804 -0.34462198
v -3.68453598 -6.08163404 -0.33737
v 3.68453598 -6.08163404 -0.33737
v -1.76189196 -2.11589694 -1.00962901
v -3.77123594 -6.2526431 -0.329887
v -3.75083804 -6.20531702 -0.33428099
v 3.75083804 -6.20531702 -0.33428099
v 3.77123594 -6.2526431 -0.329887
v -3.84918403 -6.38322401 -0.31357899
v -3.81879091 -6.31926918 -0.32168299
v 3.81879091 -6.31926918 -0.32168299
v 3.84918403 -6.38322401 -0.31357899
v -3.94208407 -6.49229908 -0.31702798
v -3.90142393 -6.4516282 -0.31198
v 3.90142393 -6.4516282 -0.31198
v 3.94208407 -6.49229908 -0.31702798
v -4.01771783 -6.54987907 -0.34331798
v 4.01771688 -6.54988002 -0.34331798
v -4.22768402 -6.47815609 -0.53023099
v -4.204288 -6.44183015 -0.568282
v -4.15687322 -6.47328376 -0.56941402
v -4.204288 -6.44183015 -0.568282
v 4.15687322 -6.47328376 -0.56941402
v 4.204288 -6.4418292 -0.56828302
v 4.22768497 -6.47815609 -0.53023099
v 4.204288 -6.4418292 -0.56828302
v -4.15687322 -6.47328376 -0.56941402
v 4.15687322 -6.47328376 -0.56941402
v -4.24420595 -6.59342622 -0.48313701
v -4.29155778 -6.6497631 -0.46239799
v 4.29155778 -6.6497631 -0.46239799
v 4.24420595 -6.59342622 -0.48313701
v -4.35113811 -6.71347999 -0.43887099
v 4.35113811 -6.71347999 -0.43887099
v -4.39934396 -6.76348114 -0.42354801
v 4.39934301 -6.76348018 -0.42354801
v -4.45708799 -6.82899093 -0.410925
v 4.45708799 -6.82899093 -0.410925
v -4.49763011 -6.87112379 -0.400534
v 4.49763107 -6.87112283 -0.400534
v -4.2519989 -6.38609886 -0.35191598
v -4.33043384 -6.43545007 -0.36323899
v 4.33043384 -6.43544912 -0.36323899
v 4.2519989 -6.38609981 -0.35191598
v -4.24157285 -6.41544723 -0.56494802
v -4.31347608 -6.462399 -0.525011
v 4.31347703 -6.462399 -0.525011
v 4.24157285 -6.41544723 -0.56494802
v -4.49542617 -6.94339704 -0.31940698
v 4.49542617 -6.94339704 -0.31940698
v -4.43282413 -6.50978899 -0.35703
v -4.48519516 -6.54770708 -0.35378
v 4.48519611 -6.54770708 -0.35378
v 4.43285179 -6.50980806 -0.35702899
v -4.41171217 -6.5334649 -0.488022
v -4.46316003 -6.57123899 -0.47481098
v 4.46316003 -6.57123899 -0.47481098
v 4.41173887 -6.53348398 -0.48801401
v -4.12141084 -6.61826705 -0.37545201
v 4.12141084 -6.61826801 -0.37545201
v -4.10889196 -6.62781906 -0.406374
v 4.10889196 -6.62782001 -0.40637499
v -4.19688701 -6.53723001 -0.51022499
v 4.19688701 -6.53723001 -0.51022499
v -4.37915802 -6.47202014 -0.36269301
v 4.37915802 -6.47202014 -0.36269399
v -4.36044597 -6.49614 -0.50630897
v 4.36044693 -6.49614 -0.50630897
v -4.55424594 -6.59775877 -0.34963399
v -4.61686277 -6.64173507 -0.34493801
v 4.61686182 -6.64173507 -0.34493801
v 4.55424594 -6.59775877 -0.34963399
v -4.53109312 -6.6224389 -0.46277898
v -4.59060478 -6.66901207 -0.455392
v 4.59060478 -6.66901207 -0.455392
v 4.53109312 -6.62243986 -0.46277898
v -4.75639677 -6.7438879 -0.355551
v -4.768754 -6.75854778 -0.363402
v 4.76875305 -6.75854778 -0.363402
v 4.75639677 -6.74388694 -0.355551
v 3.89482307 -5.731256 -0.462861
v 3.89014411 -5.73855209 -0.43657401
v -3.88448691 -5.75602483 -0.40358299
v -3.85023808 -5.8318119 -0.63864797
v 3.85023689 -5.8318119 -0.63864797
v -3.84325099 -5.89535284 -0.65931201
v -3.83392095 -5.98179912 -0.66701602
v 3.83392 -5.98179912 -0.66701602
v 3.84325099 -5.89535188 -0.65931201
v 3.88448691 -5.75602483 -0.403584
v -3.88289904 -6.09343099 -0.66157698
v 3.88289809 -6.09343099 -0.66157698
v 3.99857711 -6.08660602 -0.65719097
v -3.90434193 -6.17894411 -0.65588897
v 3.90434193 -6.17894411 -0.65588897
v 3.89520096 -6.14254379 -0.65877598
v -4.0514698 -6.18600702 -0.36987099
v 4.03343009 -6.14590406 -0.37162199
v 4.05146884 -6.18600702 -0.36987099
v -3.96946907 -6.24857091 -0.354216
v -3.94094395 -6.20329523 -0.360275
v 3.94094395 -6.20329523 -0.360275
v 3.96946811 -6.24857091 -0.354216
v -4.13945007 -6.27800703 -0.35600799
v -4.10195112 -6.23892402 -0.36241
v 4.10195016 -6.23892402 -0.36241
v 4.13944912 -6.27800703 -0.35600799
v -4.07650804 -6.34318208 -0.33624699
v -4.0309391 -6.30270719 -0.34328699
v 4.0309391 -6.30270719 -0.34328699
v 4.07650899 -6.34318304 -0.33624699
v -4.2043538 -6.3396058 -0.350562
v 4.2043538 -6.33960676 -0.350562
v -4.13672399 -6.41524696 -0.33449301
v 4.13672494 -6.41524887 -0.33449301
v -4.00504207 -6.63794183 -0.444563
v 4.00504207 -6.63794279 -0.444563
v -4.02008819 -6.68204498 -0.43945398
v 4.02008819 -6.68204498 -0.43945398
v -4.10219717 -6.50641584 -0.56970602
v 4.10219478 -6.50641679 -0.56970602
v -4.21995115 -6.61407899 -0.48675701
v -4.27169799 -6.66709899 -0.46303299
v 4.27169799 -6.66709899 -0.46303299
v 4.2199521 -6.61407899 -0.48675701
v -4.33387088 -6.73020792 -0.43872499
v 4.33387088 -6.73020792 -0.43872499
v -4.38175582 -6.78223419 -0.42392998
v -4.44435119 -6.84629011 -0.410187
v 4.44435119 -6.84629011 -0.410187
v 4.38175487 -6.78223419 -0.42392998
v -4.529675 -6.9254961 -0.386339
v -4.55750799 -6.92071819 -0.36650499
v -4.529675 -6.9254961 -0.386339
v 4.55750799 -6.92071819 -0.36650499
v 4.529675 -6.9254961 -0.386339
v 4.529675 -6.9254961 -0.386339
v -4.48730897 -6.886096 -0.40024799
v 4.48730897 -6.886096 -0.40024799
v -4.51387405 -6.94300413 -0.31575998
v -4.51613378 -6.94147396 -0.31424599
v 4.5138731 -6.94300413 -0.31575998
v -4.55985117 -6.92037916 -0.36230999
v 4.55985117 -6.92037916 -0.36230999
v 4.56009006 -6.91992521 -0.35570299
v -4.04962301 -6.7262268 -0.43017
v 4.04962301 -6.7262268 -0.43017
v -4.24741888 -6.51621103 -0.43335801
v -4.24780798 -6.51360082 -0.445856
v 4.24780607 -6.51360178 -0.445856
v 4.24741792 -6.51621198 -0.43335801
v -4.53930378 -6.92876195 -0.32056498
v -4.55710315 -6.91757297 -0.340213
v 4.55710315 -6.91757297 -0.340213
v 4.53930378 -6.92876195 -0.32056498
v -4.77646398 -6.77809906 -0.38763099
v -4.75097179 -6.7874031 -0.40764901
v 4.75097179 -6.7874031 -0.40764901
v 4.77646303 -6.77809906 -0.38763099
v -4.5223422 -6.93500709 -0.31342101
v 4.5223422 -6.93500804 -0.31342101
v 4.51613378 -6.94147396 -0.31424599
v -4.56009006 -6.91992521 -0.35570299
v -4.7270751 -6.76978015 -0.427399
v 4.7270751 -6.76978015 -0.427399
v -4.680727 -6.68702697 -0.343254
v 4.68072795 -6.68702697 -0.343254
v -4.65128278 -6.71632909 -0.44657701
v 4.65128278 -6.71632909 -0.44657701
v 3.50268602 -6.12606 -0.495671
v -3.50268602 -6.12606 -0.495671
v -3.52843689 -6.20049381 -0.48311299
v 3.52843689 -6.20049381 -0.48311299
v -3.55796408 -6.27970409 -0.47135999
v 3.54350996 -6.24223089 -0.47697201
v 3.55796504 -6.27970409 -0.47135999
v -3.61391997 -6.38389682 -0.46027401
v -3.58277988 -6.33240985 -0.46432399
v 3.58277988 -6.33241081 -0.46432399
v 3.61391902 -6.38389682 -0.46027401
v -3.73123908 -6.53035593 -0.41786199
v -3.67307901 -6.46192884 -0.43762698
v 3.67307901 -6.46192884 -0.43762698
v 3.73123908 -6.53035688 -0.41786199
v -3.83717203 -6.64116716 -0.411942
v -3.79760503 -6.598567 -0.413935
v 3.79760503 -6.598567 -0.413935
v 3.83717203 -6.64116716 -0.411942
v -3.87163496 -6.68669223 -0.40445199
v 3.87163496 -6.68669319 -0.40445199
v -4.07876491 -6.76485204 -0.42489698
v 4.07876491 -6.76485204 -0.42489698
v -4.12509679 -6.82426405 -0.40316
v -4.16147184 -6.87325477 -0.388801
v 4.16147089 -6.87325382 -0.388801
v 4.12509679 -6.82426405 -0.40316
v -4.19029283 -6.91476917 -0.37983799
v 4.19029283 -6.91476917 -0.379839
v 4.00294208 -5.72420406 -0.45464199
v 3.90422606 -6.14150381 -0.36073198
v 1.33454394 -2.55959796 -0.52661597
v 1.40091598 -2.42512393 -0.57630598
v -1.40091598 -2.42512393 -0.57630598
v -1.33454394 -2.55959796 -0.52661597
v 1.46942496 -2.448107 -0.654392
v -1.46942496 -2.448107 -0.654392
v 1.13773798 -5.22907304 -0.31159699
v 1.086658 -4.92086792 -0.259891
v -1.086658 -4.92086792 -0.259891
v -1.13773798 -5.22907304 -0.31159699
v -1.04438698 -4.07634401 -0.26793599
v -1.07405495 -3.78748798 -0.19949799
v 1.07405495 -3.78748798 -0.19949799
v 1.04438698 -4.07634401 -0.26793599
v 0.38189899 -9.35457134 -0.52632802
v 0.38047799 -9.12038135 -0.4961
v -0.38047799 -9.12038135 -0.4961
v -0.38189899 -9.35457134 -0.52632802
v 0.695266 -9.6897583 -0.37279
v 0.497794 -9.51372909 -0.42402398
v -0.497794 -9.51372814 -0.42402398
v -0.695266 -9.6897583 -0.37279
v 0.92078 -9.56547927 -0.376493
v -0.92078 -9.56548023 -0.376493
v 1.08164703 -9.41501236 -0.52502399
v 1.08796703 -9.08464527 -0.51019901
v -1.08796703 -9.08464527 -0.51019901
v -1.08164703 -9.41501236 -0.52502399
v 1.04456496 -4.71573686 -0.237939
v -1.04456496 -4.71573686 -0.237939
v 1.01902294 -4.42673683 -0.26129001
v -1.01902294 -4.42673683 -0.26129001
v 0.36249199 -7.16594886 -0.23895299
v 0.36238801 -6.71489 -0.18321399
v -0.36238899 -6.71489095 -0.18321399
v -0.36249199 -7.16594886 -0.23895299
v 1.24782097 -6.35122108 -0.28599199
v 1.17058098 -5.733006 -0.309778
v -1.17058098 -5.733006 -0.309778
v -1.24782097 -6.35122108 -0.28599199
v 0.36278399 -8.02224254 -0.34561899
v 0.361595 -7.5634942 -0.28755798
v -0.361595 -7.5634942 -0.287557
v -0.36278399 -8.02224254 -0.34561899
v 1.28063094 -7.56454181 -0.31943601
v 1.27626204 -6.91391706 -0.29330399
v -1.27626204 -6.91391801 -0.29330399
v -1.28063094 -7.56454181 -0.31943601
v 0.36337 -8.46737098 -0.40165299
v -0.36337 -8.46737098 -0.40165299
v 1.20296299 -8.1791563 -0.395581
v -1.20296299 -8.1791563 -0.395581
v 0.37424001 -8.82083797 -0.454003
v -0.37424001 -8.82083797 -0.454003
v 1.12892401 -8.66627407 -0.46756801
v -1.12892401 -8.66627407 -0.46756801
v 1.63763296 -2.57126402 -0.274825
v 1.59439802 -2.37997508 -0.28931498
v -1.59439802 -2.37997508 -0.28931498
v -1.63763296 -2.57126402 -0.274825
v 3.33108496 -5.62505483 -0.32445401
v -3.33108496 -5.62505579 -0.32445401
v 3.15862393 -5.74154901 -0.510903
v -3.15862393 -5.74154901 -0.510903
v 2.17070388 -3.95292496 -0.346515
v 1.91890096 -3.57213401 -0.312094
v -1.91890096 -3.57213401 -0.312094
v -2.17070388 -3.95292496 -0.346515
v 1.96686196 -3.98987793 -0.65042799
v 1.76358604 -3.56464791 -0.69312697
v -1.76358604 -3.56464791 -0.69312697
v -1.96686101 -3.98987698 -0.65042799
v 2.42111396 -4.31454706 -0.34026199
v -2.42111396 -4.31454801 -0.34026199
v 2.14734101 -4.38933706 -0.59120297
v -2.14734005 -4.38933706 -0.59120297
v 2.59996509 -4.58840417 -0.29434099
v -2.59996509 -4.58840513 -0.29434099
v 2.28736805 -4.70300579 -0.54401397
v -2.28736901 -4.70300722 -0.54401397
v 2.84493303 -4.94579696 -0.27778899
v -2.84493207 -4.94579696 -0.27778899
v 2.55005097 -5.08424377 -0.51319599
v -2.55005097 -5.08424282 -0.51319599
v 3.12207198 -5.33849811 -0.29068499
v -3.12207102 -5.33849811 -0.29068499
v 2.89299392 -5.46690797 -0.51027298
v -2.89299297 -5.46690797 -0.51027298
v 1.49708998 -2.56425905 -0.67845398
v -1.49708998 -2.56425905 -0.67845398
v 1.60480594 -3.11131501 -0.68872702
v -1.60480594 -3.11131501 -0.68872702
v 1.75523805 -3.11810493 -0.26058501
v -1.75523805 -3.11810493 -0.26058501
v 1.53201901 -2.80745911 -0.68356299
v -1.53201901 -2.80745911 -0.68356299
v 1.68482101 -2.81317305 -0.264582
v -1.68482101 -2.81317305 -0.264582
v -4.16392898 -6.56322383 -0.51566898
v 4.16392898 -6.56322383 -0.51566898
v 4.27077817 -6.76307487 -0.36319801
v -4.27077817 -6.76307487 -0.36319801
v 1.65376603 -2.24144506 -0.21287199
v -1.65376603 -2.24144506 -0.21287199
v 1.74921703 -1.957309 -0.102213
v -1.74921703 -1.957309 -0.102213
v 1.68578195 -2.13484907 -0.170541
v -1.68578195 -2.13484907 -0.170541
v 1.83328795 -1.16618394 -0.40948
v 1.62263095 -1.03511095 -0.432805
v -1.62263095 -1.03511095 -0.432805
v -1.83328795 -1.16618394 -0.40948
v 1.94214296 -1.27019798 -0.389642
v -1.94214296 -1.27019798 -0.389642
v 1.92920005 -1.63605105 -0.12514199
v -1.92920005 -1.63605105 -0.12514099
v 1.22327601 -3.33352088 -0.31980899
v -1.22327601 -3.33352088 -0.31980899
v 1.28824305 -2.89225196 -0.455706
v 1.309991 -2.7034049 -0.48554599
v -1.309991 -2.7034049 -0.48554599
v -1.28824305 -2.89225196 -0.455706
v 1.404935 -0.94072097 -0.47530001
v 2.02296805 -1.42332196 -0.302603
v 3.64339089 -5.89371585 -0.680341
v 3.57274293 -5.8151288 -0.69186198
v 3.53924298 -5.98059797 -0.36591899
v 3.47438406 -5.90102291 -0.36172899
v 3.73244309 -5.9963541 -0.66959703
v 3.78695893 -6.11594915 -0.65783202
v 3.79892611 -6.16624307 -0.65327698
v 3.80781102 -6.20357704 -0.65004801
v 3.65889692 -6.15184211 -0.33832898
v 3.6765511 -6.18783712 -0.33392199
v 3.702564 -6.23415279 -0.32796001
v 3.72436809 -6.27763605 -0.32272899
v 3.83533096 -6.26130199 -0.64373701
v 3.855937 -6.30381202 -0.63682198
v 3.77988505 -6.35359907 -0.31369599
v 3.81988096 -6.41720914 -0.30980598
v 3.89370489 -6.38984298 -0.61839902
v 3.92181801 -6.45286178 -0.601655
v 3.87784099 -6.48279905 -0.314033
v 3.92211294 -6.52490711 -0.32293099
v 3.9918859 -6.57481479 -0.356467
v 4.0236988 -6.59552478 -0.40389999
v 4.02365112 -6.61285686 -0.43563699
v 4.02365112 -6.61285686 -0.43563699
v 3.63354992 -6.11450386 -0.34398698
v 3.593611 -6.045475 -0.35624501
v 1.60420203 -2.58156895 -0.320335
v 1.56018495 -2.39219689 -0.334302
v 1.84352505 -2.454216 -1.02946996
v 1.78261196 -2.31013393 -1.01353704
v 3.288697 -5.65533876 -0.339706
v 3.41272211 -5.55705785 -0.751194
v 2.11967897 -3.97611403 -0.389126
v 1.87949299 -3.58753109 -0.36330699
v 2.30271101 -3.84044003 -1.03426003
v 2.14861202 -3.38943696 -1.08754897
v 2.36335206 -4.33949422 -0.36298599
v 2.557549 -4.20719194 -1.01724696
v 2.53837299 -4.61838293 -0.31335699
v 2.73985791 -4.48743104 -0.97588098
v 2.7868731 -4.97862196 -0.29542699
v 2.97537398 -4.8517661 -0.91676497
v 3.07204198 -5.37021017 -0.31008198
v 3.22824406 -5.25718498 -0.82711798
v 2.00515008 -2.95363593 -1.09227502
v 1.71492898 -3.13154888 -0.31606099
v 1.914101 -2.67394304 -1.06013405
v 1.64750897 -2.82485103 -0.31526398
v 3.96087193 -6.51491498 -0.58173799
v 3.99585509 -6.55806303 -0.55755901
v 4.00634813 -6.59016799 -0.51788902
v 4.01227903 -6.61565303 -0.47518101
v 1.74850297 -2.16411209 -1.00849402
v 1.70265495 -1.93784403 -0.093185
v 1.79292905 -1.77738404 -0.067597
v 1.74984204 -2.1470921 -1.00874805
v 1.82589995 -1.97371101 -1.00177002
v 1.91967105 -1.85455203 -0.96270799
v 2.02923703 -1.70991504 -0.85711002
v 2.09595799 -1.598598 -0.71454501
v 1.75706601 -2.05450511 -1.011868
v 1.991526 -1.77287602 -0.90744698
v 1.75212895 -2.117455 -1.00919604
v 1.83328795 -1.16618394 -0.40948
v 1.62263095 -1.03511095 -0.432805
v 1.94214296 -1.27019798 -0.389642
v 1.87971401 -1.58037805 -0.10344
v 1.63915598 -2.14631891 -0.186296
v 2.09853911 -1.49800503 -0.42933899
v -2.09853911 -1.49800503 -0.42933899
v 2.11521506 -1.53110098 -0.55457401
v -2.11507701 -1.53115594 -0.55456298
v -1.63915598 -2.14631891 -0.186296
v -1.60408604 -2.26164197 -0.246808
v -1.56018495 -2.39219689 -0.334302
v 2.08992004 -1.47225403 -0.56306397
v -2.08992004 -1.47225403 -0.56306397
v 1.87227296 -1.18092405 -0.50920397
v 1.65288901 -1.03246295 -0.537548
v 1.95980095 -1.27116894 -0.487239
v 1.41481304 -0.93147099 -0.56463599
v 2.057235 -1.41314303 -0.433306
v 2.079602 -1.45941102 -0.422773
v -2.09595799 -1.598598 -0.71454501
v 0.001013 -1.13271904 0.043012
v -0.140512 -1.11798405 0.016603
v 0.140512 -1.11798405 0.016603
v 0.251506 -1.096192 -0.017832
v -0.251506 -1.096192 -0.017832
v 0.34245699 -1.08119702 -0.056226
v -0.34245699 -1.08119702 -0.056226
v 0.46072399 -1.05836403 -0.11614599
v -0.46072399 -1.05836498 -0.11614599
v 0.61955303 -1.01796698 -0.19202999
v -0.61955303 -1.01796698 -0.19202999
v 0.87063199 -0.94301801 -0.29030698
v -0.87063199 -0.94301801 -0.29030698
v 1.06576597 -0.88996797 -0.38679701
v -1.06576597 -0.88996797 -0.38679701
v 1.14570999 -0.86592298 -0.47852501
v -1.14570999 -0.86592298 -0.47852501
v -0.07487399 -0.51489102 -0.83557099
v 0 -0.51605302 -0.84777998
v 0.07487399 -0.51489102 -0.83557099
v -0.182416 -0.52842801 -0.80489498
v 0.182416 -0.52842801 -0.80489498
v -0.28488299 -0.535308 -0.76005899
v 0.28488099 -0.53530597 -0.76005798
v -0.36623001 -0.54688799 -0.71063399
v 0.36623001 -0.546889 -0.710635
v -0.48742499 -0.56666201 -0.598558
v 0.48742499 -0.56666201 -0.598558
v -0.54768097 -0.60098701 -0.48997598
v 0.54768997 -0.60099297 -0.48998299
v -0.49897399 -0.65720599 -0.36839801
v 0.498975 -0.65720701 -0.36839801
v -0.45936998 -0.69939398 -0.25653898
v 0.45936998 -0.69939398 -0.25653898
v -0.38140898 -0.76461499 -0.16202099
v 0.38140699 -0.76461297 -0.16201999
v -0.29929798 -0.810862 -0.08548399
v 0.29929798 -0.810862 -0.085483
v -0.22814799 -0.84851497 -0.028279
v 0.22814799 -0.84851497 -0.028279
v 0.13037 -0.88462698 0.036141
v 0 -0.91347801 0.083763
v -0.13037 -0.88462698 0.036141
v 1.16954696 -0.85809499 -0.55470997
v -1.16954696 -0.85809499 -0.55470997
v 1.18715298 -0.86392498 -0.63159197
v -1.18715298 -0.86392498 -0.63159197
v 1.18727302 -0.88147497 -0.71885997
v -1.18726599 -0.88149499 -0.71885401
v 1.18407201 -0.96958297 -0.88704001
v -1.18407201 -0.96958398 -0.887039
v 0.83135098 -0.88600999 -0.96409398
v -0.83135098 -0.88600999 -0.96409398
v 0.860798 -0.792355 -0.80457198
v -0.860798 -0.792355 -0.80457198
v 0.88018798 -0.774818 -0.71902
v -0.88018798 -0.774818 -0.71902
v 0.89962697 -0.77580499 -0.65261101
v -0.89962697 -0.77580499 -0.65261101
v 0.33586499 -1.04133296 -0.076357
v 0.44491899 -1.00777697 -0.14298099
v -0.44491899 -1.00777697 -0.14298099
v -0.33586499 -1.04133296 -0.076357
v 0.000314 -1.09987294 0.042621
v -0.139449 -1.086681 0.012057
v 0.139449 -1.086681 0.012057
v 0.25046899 -1.06285405 -0.03089099
v -0.25046899 -1.06285405 -0.03089099
v 0.58824902 -0.95584797 -0.237991
v -0.58824902 -0.95584797 -0.237991
v 0.76941198 -0.88661599 -0.33536401
v -0.76941198 -0.88661599 -0.33536401
v 0.91317802 -0.826146 -0.45298901
v -0.91317802 -0.826146 -0.45298901
v 0.911457 -0.78580802 -0.57916498
v -0.91145598 -0.78580802 -0.57916498
v -3.72018194 -5.64063215 -0.47296199
v -3.79245996 -5.71835517 -0.46755
v -4.68691206 -5.99145603 -0.42691001
v -4.64318895 -6.00679779 -0.42083999
v -4.52695703 -6.00492286 -0.42669999
v -4.39632701 -5.96103 -0.44295701
v -4.31595516 -5.95801782 -0.44164499
v -3.853338 -5.73198604 -0.466504
v -3.89482307 -5.731256 -0.462861
v -4.00294303 -5.72420406 -0.45464199
v -3.92807602 -5.72926807 -0.45980399
v -4.11628103 -5.72236776 -0.451628
v -4.06326007 -5.72214698 -0.45068499
v -4.34060716 -5.79913902 -0.47421699
v -4.25592517 -5.763731 -0.45970401
v -4.43285894 -5.83321094 -0.47506201
v -4.66286802 -5.91361999 -0.441578
v -4.57309293 -5.88427686 -0.46586298
v -4.6918559 -5.93094301 -0.43556898
v -4.69491577 -5.96000003 -0.424129
v -4.16829395 -5.73020076 -0.451536
v -4.12299919 -5.72285509 -0.451938
v -4.28522586 -5.98836994 -0.435732
v -4.17405986 -5.7310791 -0.45145899
v -3.89482307 -5.731256 -0.462861
v -4.00294303 -5.72420406 -0.45464199
v 0.38924101 -0.83118999 -1.07630097
v -0.38924101 -0.83118999 -1.07630097
v 0.363559 -3.87519407 -1.09766399
v 0.39006 -3.59845495 -1.09772598
v 0.298541 -4.77389907 -1.22630894
v 0.30965 -4.56978178 -1.17197501
v -0.30963501 -4.56977987 -1.17197799
v -0.29881501 -4.77390193 -1.226233
v 0.32907599 -4.25625085 -1.11706697
v -0.32907599 -4.25625085 -1.11706697
v -0.363559 -3.87519407 -1.09766399
v 0.41453599 -3.10593295 -1.11397302
v -0.41411098 -3.1059401 -1.11404502
v -0.39006 -3.59845495 -1.09772598
v 0.44735899 -2.65164589 -1.19189095
v 0.47808301 -2.34994888 -1.26959002
v -0.47807601 -2.34994888 -1.26959097
v -0.447353 -2.65164589 -1.19189095
v 0.50281202 -2.17870497 -1.30132997
v -0.502806 -2.17870497 -1.30133104
v 0.53781402 -2.02990007 -1.32414996
v -0.537817 -2.02990007 -1.32414996
v -0.29703 -5.04959297 -1.31582498
v 0.29723799 -5.04961681 -1.31576001
v -0.55714702 -1.94050395 -1.33493101
v 0.55714798 -1.94050395 -1.33493101
v -0.58628898 -1.75132703 -1.34506499
v 0.586281 -1.75132799 -1.34506499
v -0.59603399 -1.24627697 -1.25172102
v -0.60345298 -1.04948496 -1.16853201
v 0.60345298 -1.04948496 -1.16853201
v 0.59603399 -1.24627697 -1.25172102
v -0.59495902 -1.39437198 -1.29474103
v 0.59496599 -1.39437198 -1.29473996
v -0.588566 -1.58163797 -1.33248698
v 0.58856201 -1.58163797 -1.33248698
v 0.61862301 -0.85341298 -1.02538204
v -0.61862301 -0.85341298 -1.02538204
v 0.66150301 -0.748416 -0.87596297
v -0.66150301 -0.748416 -0.87596297
v 0.64640301 -0.70845001 -0.80010998
v -0.64640301 -0.70845001 -0.80010998
v 0.38497 -0.74888902 -1.00155401
v -0.38497 -0.74888902 -1.00155401
v 0.37948799 -0.71075397 -0.95893001
v -0.37948799 -0.71075397 -0.95893001
v 0.144902 -4.77475404 -1.26188302
v -0.162576 -3.88201904 -1.133219
v -0.17381699 -3.61170601 -1.12792003
v -0.23776599 -2.01611304 -1.31393504
v -0.246562 -1.92419099 -1.32305705
v 0.246562 -1.92419099 -1.32305705
v 0.237755 -2.01611304 -1.31393396
v -0.259507 -1.74078095 -1.33289802
v 0.259503 -1.74078202 -1.33289802
v -0.26138499 -1.23001694 -1.28498005
v -0.268785 -1.02786004 -1.21094596
v 0.26878398 -1.02786004 -1.21094596
v 0.26138401 -1.23001694 -1.28498101
v -0.26393199 -1.368734 -1.31418705
v 0.26394799 -1.368734 -1.31418597
v -0.260553 -1.56475901 -1.33175396
v 0.26053801 -1.56475997 -1.33175504
v 0.162577 -3.88201904 -1.133219
v 0.173818 -3.61170601 -1.12792003
v 0.133671 -4.57046794 -1.20703399
v -0.133671 -4.57046794 -1.20703399
v 0.146876 -4.26271486 -1.14890205
v -0.146877 -4.26271486 -1.14890205
v 0.18455499 -3.10685706 -1.13572704
v -0.18333199 -3.10685896 -1.13573801
v 0.19790999 -2.63821411 -1.19715595
v 0.211003 -2.34704208 -1.259727
v -0.21098299 -2.34704208 -1.25972497
v -0.19789299 -2.63821411 -1.19715499
v 0.222184 -2.17871499 -1.29127597
v -0.222167 -2.17871499 -1.29127502
v 0.23697599 -0.83098 -1.09523105
v -0.23697599 -0.83098 -1.09523105
v 0.23610399 -0.76625901 -1.04241001
v -0.23610399 -0.76625901 -1.04241001
v 0.23091299 -0.71980398 -0.99913597
v -0.23091299 -0.71980398 -0.99913597
v -0.050007 -5.03538513 -1.36623299
v -0.050503 -4.774055 -1.27128601
v 0.050498 -4.77405786 -1.27128696
v 0.050838 -5.03540611 -1.36617505
v -0.06117 -3.88545799 -1.13883805
v -0.065383 -3.61835289 -1.13178598
v -0.08948899 -2.00914311 -1.30575895
v -0.09276799 -1.91614103 -1.31673502
v 0.09276799 -1.91614103 -1.31673502
v 0.089474 -2.00914311 -1.30575799
v -0.097583 -1.73563003 -1.33130097
v 0.09758099 -1.73563003 -1.33130097
v -0.098311 -1.22030901 -1.28716194
v -0.101101 -1.02473497 -1.21649098
v 0.101101 -1.02473497 -1.21649098
v 0.09830699 -1.22030901 -1.28716194
v -0.09925899 -1.357046 -1.31769096
v 0.099279 -1.357046 -1.31769001
v -0.09799499 -1.55597996 -1.33434701
v 0.097975 -1.55598104 -1.33434701
v 0.06117099 -3.88545799 -1.13883805
v 0.065384 -3.61835289 -1.13178598
v 0.052255 -4.57934522 -1.21654796
v -0.0522 -4.57934379 -1.21655094
v 0.055296 -4.26690578 -1.15510797
v -0.055296 -4.26690578 -1.15510797
v 0.06996899 -3.10646295 -1.13496005
v -0.06835 -3.10646104 -1.13492596
v 0.074437 -2.63061595 -1.19488501
v 0.07943099 -2.34445691 -1.24974501
v -0.079405 -2.34445691 -1.24974405
v -0.07441599 -2.63061595 -1.19488501
v 0.08366899 -2.17792391 -1.28056895
v -0.08364699 -2.17792391 -1.280568
v 0.00027 -0.73166197 -1.02426302
v 0.08793 -0.72734999 -1.01753497
v -0.08793 -0.72734999 -1.01753497
v -0.000003 -0.77165997 -1.06149601
v 0.084259 -0.76863998 -1.05627
v -0.084259 -0.76863998 -1.05627
v -0.000006 -0.83723801 -1.11138498
v 0.093036 -0.83666002 -1.108258
v -0.093036 -0.83666002 -1.108258
v -1.65584003 -1.03300499 -0.54944497
v -1.87601494 -1.18328499 -0.52052998
v -1.96135103 -1.27164399 -0.49829998
v -1.41807997 -0.93240398 -0.58219802
v -2.059767 -1.41260302 -0.450266
v -1.79016399 -1.75314199 -0.06419999
v -1.70282101 -1.93791294 -0.09321799
v -1.87988996 -1.58057701 -0.103518
v -1.63932204 -2.14627909 -0.186238
v -2.04533195 -1.47039401 -0.30280199
v -1.60617804 -2.26455307 -0.246488
v -2.04727888 -1.47486305 -0.30241799
v -2.08142805 -1.45706105 -0.43900799
v 2.08015608 -1.45737898 -0.430996
v 2.04532599 -1.47039794 -0.302787
v -3.57806396 -5.80993509 -0.69248902
v -3.64957499 -5.88825321 -0.68097502
v -3.74073195 -5.98925304 -0.67034798
v -3.79456305 -6.11264801 -0.65853202
v -3.81444692 -6.20234298 -0.65057599
v -3.86354994 -6.30062294 -0.63775497
v -3.84252905 -6.25895404 -0.644593
v -3.92926001 -6.44887113 -0.60276901
v -3.9012289 -6.38620615 -0.61948698
v -1.794703 -2.30697202 -1.01485097
v -1.85665595 -2.45150399 -1.02959299
v -3.419317 -5.55130815 -0.74971801
v -2.16457104 -3.384727 -1.08720004
v -2.31594395 -3.83512592 -1.03221297
v -2.56874489 -4.20151901 -1.01001501
v -2.75090003 -4.48131084 -0.97046601
v -2.98520302 -4.84553098 -0.91254502
v -3.23614096 -5.25128793 -0.82451802
v -2.02031993 -2.94966793 -1.09230697
v -1.92829096 -2.67036199 -1.06123101
v -3.96874499 -6.51166915 -0.58249998
v -4.00284719 -6.55527019 -0.55812901
v -4.0143361 -6.58558893 -0.51728099
v -4.015666 -6.6112709 -0.47464001
v -1.75974595 -2.16125989 -1.00900304
v -1.76053702 -2.14471292 -1.00922799
v -1.92542195 -1.86080694 -0.95992702
v -1.83292603 -1.97625398 -0.99996602
v -2.02923703 -1.70991504 -0.85711002
v -1.76527905 -2.05459904 -1.01146602
v -3.76677393 -6.11554288 -0.34211298
v 3.76677393 -6.11554288 -0.34211298
v -0.644822 -5.30389118 -1.24366295
v 0.644822 -5.30389118 -1.24366295
v -0.66333097 -5.56085777 -1.32136797
v 0.66333097 -5.56085777 -1.32136797
v -0.57674598 -5.85063314 -1.40441298
v 0.57674598 -5.85063314 -1.40441298
v -0.49589699 -6.01786422 -1.39593005
v 0.49589699 -6.01786422 -1.39593005
v -0.30601999 -6.143476 -1.31444501
v 0.30601999 -6.143476 -1.31444501
v -0.184928 -6.18502903 -1.22979903
v 0.184928 -6.18502903 -1.22979903
v -0.083465 -6.18146514 -0.90110397
v 0.083465 -6.18146419 -0.90110397
v -0.09770999 -6.14068603 -0.70038998
v 0.09770999 -6.14068603 -0.70038998
v -0.13847699 -6.17010116 -0.39512398
v 0.13847699 -6.17010116 -0.39512398
v -3.58769989 -5.80029916 -0.69236701
v -3.66083908 -5.87817001 -0.68087202
v -3.39750003 -5.96798181 -0.53770399
v -3.46766901 -6.04694414 -0.53198397
v -3.86067009 -5.76823282 -0.58954298
v -3.87062096 -5.73588514 -0.52815997
v -3.95766401 -5.75857591 -0.57355797
v -3.96577501 -5.72984504 -0.517717
v -3.92973303 -6.00749683 -0.66043299
v -3.934098 -5.91651296 -0.653925
v -3.93530201 -5.82861995 -0.62808799
v -3.87682008 -5.73175478 -0.46446201
v -3.970438 -5.72628116 -0.45687198
v -3.970438 -5.72628116 -0.45687198
v -3.96769189 -5.75038099 -0.401389
v -3.95091795 -5.8617568 -0.340783
v -3.94708299 -5.95191288 -0.34279298
v -3.82373499 -5.86411809 -0.338344
v -3.84475207 -5.97009515 -0.33752098
v -3.75578594 -5.97627782 -0.67107498
v -3.80837702 -6.10664987 -0.65975201
v -3.95584297 -6.02612686 -0.35476198
v -3.96927905 -6.07038497 -0.36260399
v -3.86266803 -6.0591731 -0.351011
v -3.87490296 -6.11350393 -0.356361
v -3.99502706 -6.15678215 -0.656116
v -3.968086 -6.08767604 -0.659132
v -3.92740202 -6.27776813 -0.64310199
v -3.90607309 -6.23922681 -0.649311
v -4.03913116 -6.24337482 -0.64369702
v -4.02041387 -6.20663881 -0.65022498
v -3.99254798 -6.41267299 -0.61191898
v -3.96483302 -6.35555076 -0.62667101
v -4.09769296 -6.34691906 -0.61749202
v -4.07285881 -6.30300283 -0.62969398
v -4.07212305 -6.52358818 -0.56770199
v -4.03842496 -6.47755289 -0.59086698
v -4.18379402 -6.45559692 -0.569027
v -4.14783287 -6.41014623 -0.59344798
v -4.17180919 -6.483325 -0.34823599
v -4.19405317 -6.49532985 -0.36623299
v -4.24264907 -6.51737594 -0.45540699
v -4.22986984 -6.50573778 -0.502644
v -3.89787197 -6.73120784 -0.420235
v -3.92745399 -6.76761722 -0.413484
v -3.95857501 -6.80579519 -0.40720099
v -3.99687004 -6.8502202 -0.39689099
v -4.03475713 -6.89168691 -0.38747799
v -4.07762193 -6.93746995 -0.37981501
v -4.20184612 -6.98985815 -0.36935499
v -4.20979309 -6.95585489 -0.378376
v -4.17043018 -6.99678182 -0.36579901
v -4.11975717 -6.97138118 -0.37344598
v -4.03795814 -6.59545278 -0.44851899
v -4.03795814 -6.59545278 -0.44851899
v -4.15339422 -6.66438579 -0.402368
v -4.21261692 -6.71263885 -0.38881599
v -4.38638877 -6.88183689 -0.35253998
v -4.43457317 -6.92200803 -0.34571999
v -4.32647419 -6.82345581 -0.36377799
v -4.48996114 -6.95148706 -0.33956399
v -4.48996114 -6.95148706 -0.33956399
v -4.21820688 -6.51038503 -0.394544
v -4.23038816 -6.5155611 -0.40825301
v -3.64983511 -6.00051212 -0.33943799
v -3.5860331 -5.94148111 -0.34509
v -3.70790696 -6.06615781 -0.33798
v -3.78445911 -6.23230409 -0.33525699
v -3.76626205 -6.18914699 -0.337893
v -3.86503005 -6.36541986 -0.31648299
v -3.83285808 -6.30495214 -0.32581201
v -3.95838689 -6.47888898 -0.31604498
v -3.91810011 -6.43370294 -0.31207698
v -4.06942796 -6.57610607 -0.37329798
v -4.03016805 -6.53793191 -0.33637601
v -4.21348714 -6.48736 -0.52712601
v -4.21581077 -6.45969581 -0.55567002
v -4.18379402 -6.45559692 -0.569027
v -4.1758008 -6.48809099 -0.55504
v -4.19835805 -6.47197914 -0.55518698
v -4.1758008 -6.48809099 -0.55504
v -4.25279712 -6.58734798 -0.47803801
v -4.29986381 -6.64270877 -0.457834
v -4.359025 -6.70501899 -0.43473398
v -4.4056859 -6.75697803 -0.419876
v -4.46341514 -6.81861114 -0.40719699
v -4.504673 -6.863523 -0.39633399
v -4.22662401 -6.410645 -0.34831801
v -4.31146287 -6.45216798 -0.35963898
v -4.5443139 -6.90879821 -0.38209798
v -4.41543579 -6.52583694 -0.355174
v -4.46921777 -6.56303501 -0.35304099
v -4.10532999 -6.62908411 -0.424039
v -4.21116781 -6.54100799 -0.50050997
v -4.36118984 -6.487957 -0.358718
v -4.53867387 -6.61372613 -0.34980499
v -4.60163402 -6.65756702 -0.344516
v -4.74581813 -6.75746011 -0.35131499
v -4.75534105 -6.771636 -0.35824
v -4.24766302 -6.43690919 -0.55371701
v -4.21581077 -6.45969581 -0.55567002
v -4.51685714 -6.94641208 -0.319215
v -4.51858282 -6.94399595 -0.31658199
v -4.24242305 -6.52188396 -0.43167099
v -4.24262905 -6.5186181 -0.445203
v -4.53987407 -6.93567609 -0.322766
v -4.55774021 -6.92352104 -0.342018
v -4.76365518 -6.78967714 -0.38456198
v -4.73964023 -6.79092979 -0.403815
v -4.51558399 -6.94808292 -0.32103899
v -4.72065115 -6.77930212 -0.420459
v -4.66640901 -6.70254802 -0.341854
v -3.98098611 -6.10201406 -0.36677199
v -3.8849709 -6.15421009 -0.35750401
v -3.87736892 -6.18688678 -0.65480798
v -4.52255392 -6.94065189 -0.31530898
v -1.07841301 -4.029881 -0.379812
v -1.13699996 -3.74159598 -0.349482
v -0.227757 -6.18902492 -0.25679299
v -0.267946 -6.38576221 -0.248135
v -1.81709599 -2.301306 -1.01601898
v -1.88051199 -2.44658088 -1.02966797
v -0.33694401 -9.1545248 -0.56208699
v -0.342231 -9.38866996 -0.58868402
v -0.465981 -9.55966568 -0.46263
v -0.68902802 -9.74771308 -0.38861799
v -0.95450902 -9.6305561 -0.40440601
v -0.26776999 -6.75193405 -0.280855
v -0.283809 -7.201581 -0.335487
v -0.291938 -7.59854078 -0.379426
v -0.305231 -8.05655193 -0.432989
v -0.313241 -8.50145626 -0.48226499
v -0.327802 -8.85514736 -0.52646398
v -1.11484301 -9.47597789 -0.60769498
v -3.43066406 -5.5413351 -0.74699401
v -3.16077995 -5.74092912 -0.556023
v -2.19124102 -3.37653493 -1.08376896
v -2.34017205 -3.82540297 -1.02804195
v -1.76730096 -3.54573607 -0.76558697
v -1.95931804 -3.98314905 -0.71099597
v -2.58930993 -4.19104719 -0.99704098
v -2.126796 -4.3894701 -0.66346597
v -2.77088904 -4.47016 -0.96017301
v -2.26715397 -4.71245622 -0.63516402
v -3.00305104 -4.83420705 -0.90487802
v -2.53545308 -5.09578084 -0.60289901
v -3.25018692 -5.24054193 -0.81894201
v -2.88930201 -5.47094106 -0.57563799
v -2.04787707 -2.94244909 -1.09232604
v -1.47440505 -2.43361401 -0.72656101
v -1.50437402 -2.5546689 -0.74346101
v -1.61357498 -3.09559607 -0.76335597
v -1.95428001 -2.66461396 -1.05970001
v -1.54158902 -2.79429507 -0.75412297
v -3.94277405 -6.44162082 -0.60479402
v -3.983042 -6.50577688 -0.58389598
v -4.01553916 -6.5502429 -0.55915999
v -4.02292203 -6.58430385 -0.51800102
v -4.02181911 -6.60331487 -0.47365799
v -4.27090978 -6.76836299 -0.375072
v -1.78011298 -2.15605306 -1.01004397
v -1.78017497 -2.14035296 -1.01000905
v -1.93557703 -1.87221896 -0.954566
v -1.84565794 -1.98087 -0.99661701
v -2.10898089 -1.62738394 -0.70423501
v -2.04622101 -1.73250198 -0.84527999
v -1.77928805 -2.05489397 -1.00951004
v -2.00773811 -1.79633402 -0.89667701
v -1.77979505 -2.11303091 -1.00962102
v -1.95668101 -1.69062101 -0.14126899
v -2.0806601 -1.56502103 -0.30204799
v -3.52441501 -5.86081886 -0.34024798
v -4.06942796 -6.57610607 -0.37329798
v -4.18428993 -6.6404581 -0.35827699
v -4.23562192 -6.687047 -0.35132101
v -4.34732723 -6.79707908 -0.32118099
v -4.40275192 -6.8415389 -0.30937498
v -4.28962612 -6.74084806 -0.33642599
v -4.44976711 -6.89247417 -0.30710199
v -4.54382801 -6.92403984 -0.38128098
v -4.49995994 -6.94876194 -0.32446399
v -4.49995994 -6.94876194 -0.32446399
v -4.5014491 -6.95466899 -0.34041801
v -4.500319 -6.95169401 -0.33054599
v -4.51671981 -6.95464611 -0.35376
v -4.53509807 -6.94387388 -0.37030199
v -4.31858921 -6.48070287 -0.51656299
v -4.49990606 -6.93992996 -0.31543099
v -4.41575622 -6.54886579 -0.482858
v -4.46553182 -6.58572578 -0.47112798
v -4.12963581 -6.61322784 -0.36642199
v -4.36525297 -6.51300096 -0.49967101
v -4.53082084 -6.63576507 -0.45867401
v -4.588027 -6.68153619 -0.45020401
v -3.86111307 -5.7566142 -0.40417999
v -3.87682008 -5.73175478 -0.46446201
v -3.82701802 -5.83490514 -0.64345699
v -3.81886911 -5.88943386 -0.66107797
v -3.808501 -5.97203302 -0.66862398
v -3.85837507 -6.09577608 -0.661538
v -4.02810001 -6.1993041 -0.366622
v -4.00675487 -6.15826797 -0.36970299
v -3.95432996 -6.26554203 -0.348789
v -3.92414593 -6.21860122 -0.35616499
v -4.12309598 -6.29439497 -0.351666
v -4.08262205 -6.25396013 -0.358352
v -4.06276607 -6.35820007 -0.33202901
v -4.01663494 -6.31846904 -0.33814299
v -4.18314123 -6.36040782 -0.345243
v -4.12674188 -6.43006992 -0.33196198
v -4.00496101 -6.64196682 -0.45945999
v -4.01683998 -6.68390083 -0.452243
v -4.07212305 -6.52358818 -0.56770199
v -4.2056179 -6.62440586 -0.48474499
v -4.26018285 -6.67578315 -0.45982798
v -4.32411003 -6.73871088 -0.43555599
v -4.37427902 -6.79089212 -0.421025
v -4.43713283 -6.85543489 -0.40706399
v -4.52541494 -6.931252 -0.38365098
v -4.52541494 -6.931252 -0.38365098
v -4.55668211 -6.92930603 -0.35938599
v -4.54382801 -6.92403984 -0.38128098
v -4.54009389 -6.93470716 -0.37853801
v -4.48130512 -6.89417696 -0.39838099
v -4.55864 -6.92760896 -0.35613098
v -4.04541492 -6.72742319 -0.44376099
v -4.55912494 -6.92474079 -0.35102
v -4.64678812 -6.727499 -0.44039899
v -3.5079751 -6.12477397 -0.52419
v -3.53260707 -6.2016921 -0.51364201
v -3.56375193 -6.28941917 -0.50032001
v -3.619107 -6.39229679 -0.485868
v -3.58826208 -6.34370517 -0.49075698
v -3.73473191 -6.53562212 -0.45278701
v -3.68060803 -6.47164011 -0.46944299
v -3.83804702 -6.64876413 -0.43802899
v -3.80138206 -6.60566091 -0.44467499
v -3.86771202 -6.69129896 -0.43046999
v -4.07782506 -6.76848888 -0.434836
v -4.12200689 -6.82489395 -0.41438299
v -4.15830612 -6.87260294 -0.400222
v -4.18692016 -6.91247987 -0.39084398
v -1.40698301 -2.39344501 -0.669923
v -1.32546401 -2.50292992 -0.64404702
v -1.11153101 -4.89666414 -0.36158299
v -1.15240705 -5.19086599 -0.41376701
v -1.11934804 -9.13944339 -0.59109801
v -1.07824099 -4.69189977 -0.34161901
v -1.04751396 -4.39116287 -0.36357799
v -1.21912097 -5.70199298 -0.41378
v -1.31132805 -6.33779716 -0.406419
v -1.33985495 -6.91346693 -0.42155399
v -1.33950996 -7.58114099 -0.44958698
v -1.25531196 -8.21253776 -0.50655698
v -1.178496 -8.71232128 -0.55700999
v -1.65361404 -2.36606907 -0.232644
v -1.701882 -2.55240106 -0.214365
v -3.35335993 -5.60896205 -0.31954601
v -1.97618603 -3.54749989 -0.25606
v -2.22618007 -3.9206779 -0.314181
v -2.46978306 -4.28500223 -0.328689
v -2.64776301 -4.55879592 -0.28553599
v -2.886837 -4.91924095 -0.26986101
v -3.15368795 -5.31749296 -0.28332299
v -1.82257998 -3.09450697 -0.19556699
v -1.75236499 -2.79150295 -0.19979199
v -4.14469718 -6.575953 -0.51506501
v -1.70862996 -2.22299289 -0.18584999
v -1.88235497 -1.83505499 -0.10611599
v -1.78535401 -1.97858405 -0.113208
v -1.73594796 -2.13172411 -0.162153
v -1.23819196 -3.29960203 -0.46281901
v -1.285411 -2.63443088 -0.64079898
v -1.265226 -2.87186002 -0.568897
v -2.11322593 -1.54039394 -0.425875
v -2.12987899 -1.56835401 -0.55156499
v -3.82649588 -6.20009994 -0.65153402
v -3.87737488 -6.29483318 -0.63943797
v -3.8556199 -6.25464916 -0.64589899
v -3.91489601 -6.37954282 -0.62125498
v -3.73928499 -6.12924385 -0.338429
v -0.18049199 -6.15988588 -0.248922
v 0.18049199 -6.15988588 -0.248922
v -0.11598999 -6.15563297 -0.250317
v 0.11598999 -6.15563297 -0.250317
v -0.094805 -6.15739488 -0.37158301
v 0.094805 -6.15739488 -0.37158301
v 0.206624 0.53476899 0.69477802
v 0.22253899 0.55334001 0.724761
v -0.22253899 0.55334001 0.724761
v -0.206624 0.53476899 0.69477802
v 0.20998999 0.50889998 0.70472902
v -0.20998999 0.50889998 0.70472902
v 0.20032699 0.56946599 0.76845198
v -0.20032699 0.56946599 0.76845198
v 0.200542 0.47677499 0.75269699
v -0.200542 0.47677499 0.75269699
v 0.20631599 0.60876298 0.82033401
v -0.20631599 0.60876298 0.82033401
v 0.18383799 0.444779 0.788118
v -0.18377199 0.444799 0.78813201
v 0.18792299 0.67348998 0.85805702
v -0.18792299 0.67348998 0.85805702
v 0.147299 0.39188799 0.83465898
v -0.14729799 0.39188799 0.83465898
v 0.169485 0.76700401 0.86858099
v -0.169485 0.76700401 0.86858099
v 0.14584699 0.304457 0.86674797
v -0.14584699 0.304457 0.86674797
v -0.18811699 0.221661 0.85761702
v 0.18811699 0.221661 0.85761702
v -0.078244 -0.326379 0.908019
v -0.060175 -0.26194798 0.91106599
v 0.06017199 -0.26194798 0.911067
v 0.07824199 -0.32638001 0.908019
v -0.07525999 0.024696 0.95859801
v -0.074724 0.06453499 0.94946801
v 0.074724 0.06453499 0.94946801
v 0.07525999 0.024696 0.95859801
v -0.050354 -0.18439799 0.92315501
v -0.041081 -0.137814 0.94929498
v 0.041081 -0.137814 0.94929498
v 0.050353 -0.18439799 0.92315501
v 0.130738 0.081922 0.906798
v -0.130738 0.081922 0.906798
v 0.16490399 0.11020299 0.880759
v -0.16490399 0.11020299 0.880759
v 0.19510999 0.13334499 0.86385202
v -0.19510999 0.13334499 0.86385202
v -0.05587999 -0.046735 0.953377
v 0.05587999 -0.046735 0.953377
v 0.11631999 -0.406327 0.86581301
v -0.11631999 -0.406327 0.86581301
v 0.041191 -0.22630499 0.91308301
v -0.04119199 -0.22630499 0.91308301
v 0.045495 -0.206248 0.91680598
v -0.045496 -0.206247 0.91680598
v 0.136515 -0.42942199 0.81668597
v -0.136515 -0.42942199 0.81668597
v 0.20286999 1.06393802 0.75116199
v 0.198768 1.20887696 0.67782199
v -0.198768 1.20887696 0.67782199
v -0.20286999 1.06393802 0.75116199
v 0.19027699 0.92680698 0.81503999
v -0.19027699 0.92680597 0.81503999
v 0.12176699 -0.439897 0.60739398
v -0.12176699 -0.439897 0.60739398
v 0.126642 -0.43644699 0.48015901
v -0.126642 -0.43644699 0.48015901
v 0.12346199 -0.458388 0.33279299
v -0.12346199 -0.458388 0.33279299
v 0.12353999 -0.50148499 0.21764899
v -0.12353999 -0.50148499 0.21764899
v 0.130793 -0.60178697 0.140283
v -0.130793 -0.60178697 0.140283
v 0.13484899 -0.728441 0.080697
v -0.13484899 -0.728441 0.080697
v 0.245736 1.40825402 0.437597
v -0.245736 1.40825402 0.437597
v 0.25195899 1.50886499 0.123975
v -0.25195899 1.50886499 0.123975
v -0.23746399 1.51986599 -0.087162
v 0.23746499 1.51986599 -0.087162
v -0.201075 1.39296495 -0.52662199
v 0.201075 1.39296603 -0.52662199
v 0.28019899 1.01975596 -0.79366201
v 0.27853199 1.17836594 -0.71377402
v -0.27853199 1.17836594 -0.71377402
v -0.28019899 1.01975596 -0.79366201
v 0.168292 -0.042691 -0.67845499
v 0.181372 0.14029799 -0.73388397
v -0.181372 0.14029799 -0.73388397
v -0.168292 -0.042691 -0.67845499
v 0.22821199 0.36798301 -0.81418597
v -0.22821199 0.36798301 -0.81418597
v 0.26490101 0.59331202 -0.86015397
v -0.26490101 0.59331101 -0.86015397
v 0.285613 0.72446698 -0.84859597
v -0.285613 0.72446698 -0.84859597
v 0.29397699 0.86196899 -0.82266402
v -0.29397699 0.86196899 -0.82266402
v -0.170772 -0.130693 -0.68183398
v 0.170772 -0.130693 -0.68183398
v -0.169477 -0.185469 -0.69258397
v 0.169477 -0.185469 -0.69258397
v -0.17014099 -0.249051 -0.70601898
v 0.17014099 -0.249051 -0.70601898
v -0.171827 -0.33481499 -0.72695899
v 0.171827 -0.33481499 -0.72695899
v 0.163595 -3.88198399 -1.13312304
v 0.17490799 -3.61163997 -1.12784898
v -0.144902 -4.77475404 -1.26188302
v -0.16359399 -3.88198494 -1.13312304
v 0.185709 -3.10685992 -1.13571703
v -0.18448999 -3.10686206 -1.135728
v -0.17490699 -3.61163997 -1.12784898
v 0.199154 -2.63829207 -1.19718396
v 0.212327 -2.34707188 -1.25984501
v -0.212307 -2.34707188 -1.25984394
v -0.199137 -2.63829207 -1.19718396
v 0.223578 -2.178725 -1.29139602
v -0.223561 -2.17872405 -1.29139494
v 0.23924799 -2.01618504 -1.31403005
v -0.239259 -2.01618504 -1.314031
v -0.227345 -0.67579299 -0.94853901
v -0.18362599 -0.52850502 -0.80437201
v 0.18362599 -0.52850502 -0.80437201
v 0.227345 -0.67579299 -0.94853901
v 0.14062899 -1.04261994 0.010191
v 0.13157799 -0.88422101 0.03547
v -0.13157799 -0.88422101 0.03547
v -0.14062899 -1.04261994 0.010191
v 0.196922 -4.19236898 0.33417999
v 0.19880199 -3.83703708 0.39861199
v 0.196675 -5.26645088 0.21248799
v 0.20302799 -4.90271711 0.252781
v -0.203022 -4.90271711 0.25278198
v -0.196648 -5.26645183 0.21248899
v 0.209003 -5.52022314 0.15750999
v 0.20320299 -5.39579582 0.186793
v 0.164901 -5.73446416 0.106596
v 0.18535199 -5.63642692 0.13070799
v -0.185367 -5.63642597 0.13070799
v -0.164946 -5.73446321 0.10659299
v -0.208973 -5.52022218 0.15751199
v 0.14916099 -1.89493095 0.438643
v 0.15440499 -1.71711599 0.36166998
v -0.15481099 -1.71712899 0.36164298
v -0.14916099 -1.89493095 0.438643
v 0.158276 -1.55882895 0.27843001
v 0.14634099 -1.17948603 0.03807999
v -0.14634099 -1.17948603 0.03807999
v -0.158276 -1.55882895 0.27843001
v 0.19840399 -3.43539691 0.47185501
v -0.19486099 -3.43552494 0.47269401
v -0.19880099 -3.83703708 0.39861199
v 0.16476699 -2.11404109 0.50166702
v -0.161428 -2.11396908 0.50198
v 0.175399 -2.30006289 0.53525698
v -0.170183 -2.29998803 0.53576397
v 0.182372 -2.46240592 0.55100399
v -0.176477 -2.46235799 0.55161798
v 0.191558 -2.76505494 0.55811601
v 0.18854999 -2.64748811 0.55819702
v -0.182206 -2.64742398 0.55881798
v -0.18530599 -2.765069 0.55874401
v 0.19762699 -3.05898404 0.532067
v 0.19464799 -2.89871192 0.55196201
v -0.18833699 -2.89877605 0.55272197
v -0.19064299 -3.05911898 0.533297
v -0.196922 -4.19236898 0.33417999
v -0.203066 -5.39579916 0.186802
v -0.12875199 -6.14643192 -0.17501799
v -0.111754 -6.07222795 -0.02686
v 0.111725 -6.07222986 -0.026857
v 0.12873999 -6.14643287 -0.17501799
v -0.089876 -5.96878099 0.035075
v -0.126164 -5.85812521 0.07313799
v 0.125971 -5.85812902 0.073149
v 0.08983299 -5.9687829 0.035076
v -0.19900099 -4.57895803 0.28370699
v 0.19900099 -4.57895898 0.28370699
v 0.141836 -1.11771202 0.016276
v -0.141836 -1.11771202 0.016276
v -0.09901999 -6.01494789 0.013125
v 0.09898299 -6.01494884 0.013127
v 0.140789 -1.08638703 0.011675
v -0.140789 -1.08638703 0.011675
v -0.127458 -5.04264783 -1.35975003
v 0.127458 -5.04264783 -1.35975003
v -0.24810999 -1.92427301 -1.32314503
v 0.24810999 -1.92427301 -1.32314503
v -0.261137 -1.74083399 -1.33294594
v 0.26113298 -1.74083495 -1.33294498
v -0.26302701 -1.23012304 -1.28492498
v -0.27046999 -1.02792 -1.21083605
v 0.27046901 -1.02792 -1.21083605
v 0.26302599 -1.23012304 -1.28492498
v -0.265587 -1.36886203 -1.31409704
v 0.265603 -1.36886203 -1.31409502
v -0.26219099 -1.56484699 -1.33173203
v 0.262176 -1.56484794 -1.33173203
v 0.238774 -0.830944 -1.09505999
v -0.238774 -0.830944 -1.09505999
v 0.237864 -0.76600402 -1.041983
v -0.237864 -0.76600402 -1.041983
v 0.23266899 -0.719657 -0.99869698
v -0.23266899 -0.71965599 -0.99869698
v -0.116749 -6.15562486 -0.25030401
v 0.116749 -6.15562391 -0.25030401
v -0.058251 -6.13616609 -0.71122199
v 0.058251 -6.13616609 -0.71122199
v 0 -6.15887308 -0.264476
v 0 -6.15701818 -0.35622298
v 0.000009 -6.13323593 -0.71551299
v 3.46858 -6.04640388 -0.53513699
v 3.39819097 -5.96741819 -0.54046398
v 3.868438 -5.73596382 -0.52861899
v 3.85823988 -5.768579 -0.59026002
v 3.96199798 -5.7300539 -0.51770901
v 3.95427298 -5.75861978 -0.57349801
v 3.92997503 -5.91560792 -0.65404498
v 3.9253509 -6.00681018 -0.66080999
v 3.93150401 -5.82844114 -0.62814897
v 3.87190508 -5.73015785 -0.49547299
v 3.96418905 -5.72473001 -0.486523
v 3.96424698 -5.75043916 -0.40184
v 3.96540093 -5.73380518 -0.43261998
v 3.947443 -5.8619852 -0.34064298
v 3.9435749 -5.95224618 -0.342545
v 3.84214496 -5.97068882 -0.33742299
v 3.82009196 -5.86410093 -0.33828499
v 3.94848704 -5.99493122 -0.34930399
v 3.96556496 -6.0712881 -0.362333
v 3.95211601 -6.02657795 -0.354516
v 3.85268497 -6.02211809 -0.345384
v 3.87271094 -6.11489486 -0.35611999
v 3.86054801 -6.0603342 -0.35088598
v 3.97993111 -6.1277771 -0.65758401
v 3.99136304 -6.15744781 -0.65625602
v 3.90307092 -6.24011611 -0.64920401
v 3.92452502 -6.27862501 -0.64298099
v 4.01668882 -6.20760917 -0.65027999
v 4.03537511 -6.24458217 -0.643821
v 3.9619441 -6.35693311 -0.62641102
v 3.98965907 -6.41444492 -0.61158502
v 4.06946706 -6.30468082 -0.62990301
v 4.09454298 -6.34890604 -0.61751997
v 4.03512001 -6.47941684 -0.59044498
v 4.06857681 -6.52555894 -0.56737601
v 4.1450982 -6.41193008 -0.59352397
v 4.18137979 -6.45721483 -0.56907802
v 4.19328117 -6.49660921 -0.36632698
v 4.17087888 -6.48495912 -0.34843701
v 4.22875022 -6.50676107 -0.502438
v 4.24214601 -6.51790523 -0.45505398
v 3.92775702 -6.76774311 -0.416056
v 3.8980019 -6.7313199 -0.422829
v 3.997087 -6.85089778 -0.400072
v 3.95897698 -6.8060708 -0.40945398
v 4.07748317 -6.93769407 -0.38099598
v 4.03465318 -6.89202594 -0.38880801
v 4.20952987 -6.95616912 -0.380254
v 4.20159721 -6.99006795 -0.370126
v 4.17023086 -6.99703311 -0.367556
v 4.11971998 -6.9716978 -0.37461599
v 4.0372591 -6.59556913 -0.45091998
v 4.0372591 -6.59556913 -0.45091998
v 4.21240377 -6.71305608 -0.39069199
v 4.15300083 -6.66458177 -0.40445399
v 4.43495798 -6.92214012 -0.34751999
v 4.38714981 -6.88221311 -0.354635
v 4.326828 -6.82343483 -0.36545398
v 4.48984003 -6.95146894 -0.34049499
v 4.48984003 -6.95146894 -0.34049499
v 4.22992706 -6.51644897 -0.40808999
v 4.21764516 -6.51139593 -0.39452698
v 3.76807189 -6.18725109 -0.338317
v 3.78601193 -6.22991514 -0.33587598
v 3.83450102 -6.30328989 -0.32637301
v 3.86690402 -6.36331892 -0.316924
v 3.92004704 -6.43161201 -0.31228798
v 3.9602971 -6.47731018 -0.31597399
v 4.03158092 -6.53638076 -0.33594399
v 4.0715661 -6.57522392 -0.37127301
v 4.1780281 -6.48983717 -0.55337101
v 4.18137979 -6.45721483 -0.56907802
v 4.21756887 -6.46227693 -0.55323797
v 4.21161222 -6.48868894 -0.52716398
v 4.19845199 -6.47670221 -0.55144697
v 4.1780281 -6.48983717 -0.55337101
v 4.30083608 -6.64188098 -0.45728999
v 4.25381517 -6.5866332 -0.477458
v 4.35990095 -6.70403623 -0.43415799
v 4.40642976 -6.75621891 -0.41945099
v 4.46411895 -6.81740999 -0.40667
v 4.50548601 -6.86263608 -0.39581099
v 4.30922889 -6.4541378 -0.359521
v 4.22375917 -6.413486 -0.34793001
v 4.54502105 -6.90836286 -0.38148099
v 4.46734523 -6.56483507 -0.35303399
v 4.41344213 -6.52773904 -0.35527598
v 4.10492086 -6.62922287 -0.42611399
v 4.21295213 -6.54143714 -0.49956598
v 4.35910701 -6.48980617 -0.35885998
v 4.59991884 -6.659379 -0.34494501
v 4.53696203 -6.61549615 -0.35043299
v 4.75361681 -6.77301311 -0.35816299
v 4.74444007 -6.7589159 -0.351269
v 4.21756887 -6.46227693 -0.55323797
v 4.24810695 -6.43914508 -0.55197
v 4.51720809 -6.94680786 -0.31962299
v 4.51597881 -6.94855213 -0.32152199
v 4.55841779 -6.92841196 -0.35538199
v 4.55901813 -6.92530679 -0.35047
v 4.24207592 -6.51925611 -0.445138
v 4.24176597 -6.52247905 -0.43149
v 4.55769681 -6.92420101 -0.34233298
v 4.53993988 -6.93648719 -0.323024
v 4.73831176 -6.79126119 -0.40330699
v 4.76205778 -6.79091787 -0.38421198
v 4.51887083 -6.94427681 -0.31687098
v 4.5564332 -6.93022823 -0.35850399
v 4.72000598 -6.78002214 -0.41933
v 4.66475677 -6.70431804 -0.34214699
v 3.87470698 -5.73177623 -0.46464499
v 3.96662592 -5.72654676 -0.45713499
v 3.97713589 -6.10336494 -0.36653101
v 3.88271188 -6.1557002 -0.35712701
v 3.96450495 -6.08780098 -0.659271
v 3.87420606 -6.18781614 -0.65466302
v 4.52253913 -6.94126987 -0.315618
v 1.14153397 -3.73531103 -0.37293699
v 1.08022999 -4.02397394 -0.393031
v 0.25759398 -6.38996887 -0.26100701
v 0.217573 -6.19113683 -0.27432501
v 0.33767798 -9.39263916 -0.59622001
v 0.33207899 -9.15850067 -0.569974
v 0.688308 -9.75448322 -0.39057499
v 0.46244698 -9.56501865 -0.467348
v 0.95839202 -9.6381607 -0.40783101
v 0.275379 -7.20566177 -0.347411
v 0.25843 -6.75606489 -0.29366201
v 0.298518 -8.06042861 -0.44438898
v 0.284368 -7.60259008 -0.390632
v 0.30790799 -8.50539779 -0.492044
v 0.32281899 -8.85906791 -0.53517997
v 1.11834299 -9.48316097 -0.61751198
v 3.16178011 -5.74003315 -0.56102001
v 1.95937204 -3.98191309 -0.71801602
v 1.76835095 -3.54327011 -0.77393698
v 2.12507009 -4.38926887 -0.67207497
v 2.26687192 -4.71252489 -0.64601701
v 2.53522992 -5.09591007 -0.61346799
v 2.88947892 -5.47085523 -0.58328598
v 1.50632596 -2.55335998 -0.75076097
v 1.47684299 -2.43129205 -0.73765999
v 1.61502802 -3.0936191 -0.77201902
v 1.543334 -2.79265809 -0.76224798
v 4.270895 -6.76901006 -0.37645301
v 4.0715661 -6.57522392 -0.37127301
v 4.23654079 -6.68602514 -0.35082799
v 4.18528699 -6.6398139 -0.35781198
v 4.40374708 -6.84062194 -0.30899599
v 4.34849405 -6.79587984 -0.320611
v 4.29068899 -6.73974323 -0.33587199
v 4.45076704 -6.89159822 -0.306791
v 4.54534101 -6.92382621 -0.380436
v 4.5040102 -6.95516395 -0.338986
v 4.50092601 -6.94871902 -0.32361099
v 4.50253295 -6.95212221 -0.33013701
v 4.50092601 -6.94871902 -0.32361099
v 4.53983211 -6.94386911 -0.367269
v 4.51849222 -6.9549241 -0.35240399
v 4.31920385 -6.48290586 -0.51573097
v 4.5004282 -6.93953084 -0.31495401
v 4.46552276 -6.58773708 -0.47021499
v 4.41625499 -6.55069017 -0.48223599
v 4.13060092 -6.61263704 -0.365363
v 4.36581897 -6.51497888 -0.498892
v 4.58773708 -6.6829791 -0.44953298
v 4.53078985 -6.63726615 -0.45798
v 3.86778807 -5.73927211 -0.43789601
v 3.82434201 -5.83516883 -0.64422297
v 3.8055191 -5.97088718 -0.66881299
v 3.81600999 -5.88873577 -0.66130197
v 3.85838389 -5.75667381 -0.404334
v 3.85549807 -6.09604787 -0.66149801
v 3.86623001 -6.1487441 -0.65802699
v 4.00363302 -6.15971708 -0.36939999
v 4.02535915 -6.20086097 -0.366225
v 3.92218303 -6.22038698 -0.35562399
v 3.95255398 -6.26753282 -0.34815201
v 4.08035278 -6.255723 -0.357876
v 4.1211791 -6.2963128 -0.351132
v 4.01496076 -6.32030201 -0.33748701
v 4.06115293 -6.35996294 -0.33153998
v 4.18063783 -6.36285877 -0.34474
v 4.12558221 -6.43180704 -0.33161398
v 4.00480222 -6.64236307 -0.461212
v 4.01773214 -6.61403608 -0.45490101
v 4.01633405 -6.68417406 -0.453689
v 4.06857681 -6.52555894 -0.56737601
v 4.25883197 -6.67678117 -0.45940199
v 4.20392608 -6.62555694 -0.484373
v 4.32297086 -6.7396779 -0.43510401
v 4.43630313 -6.85647201 -0.406589
v 4.37340879 -6.79188108 -0.420605
v 4.54534101 -6.92382621 -0.380436
v 4.52491617 -6.93192815 -0.38333499
v 4.54418516 -6.93519306 -0.37533399
v 4.52491617 -6.93192815 -0.38333499
v 4.48061609 -6.89506483 -0.39799401
v 4.04493618 -6.72755193 -0.44536
v 4.64629697 -6.72879505 -0.439702
v 3.50927305 -6.12438678 -0.52821499
v 3.53335404 -6.20169401 -0.51727998
v 3.549304 -6.24882888 -0.51033598
v 3.56473708 -6.29041099 -0.50367099
v 3.589226 -6.34482812 -0.493831
v 3.61985611 -6.39319086 -0.488862
v 3.68172192 -6.4725871 -0.47315499
v 3.73523902 -6.53615522 -0.45688301
v 3.80199003 -6.60633277 -0.44828298
v 3.83851289 -6.649405 -0.44108599
v 3.86782193 -6.69142103 -0.43351799
v 4.07709121 -6.76964092 -0.43675398
v 4.15789413 -6.87255287 -0.401551
v 4.12165594 -6.82496213 -0.41570299
v 4.186522 -6.91221189 -0.39213499
v 1.32271802 -2.4947431 -0.65710598
v 1.40755605 -2.38839602 -0.68026298
v 1.15275895 -5.18624591 -0.42732399
v 1.11233794 -4.89429378 -0.37360999
v 1.12216305 -9.14575862 -0.60091102
v 1.07989299 -4.6899209 -0.35463398
v 1.04893899 -4.38743591 -0.37558299
v 1.31701302 -6.33644485 -0.42119601
v 1.22302997 -5.69869184 -0.426611
v 1.34464705 -7.58288097 -0.46545198
v 1.34546804 -6.91358709 -0.437359
v 1.25968098 -8.2161293 -0.52022701
v 1.18282795 -8.71744346 -0.56820499
v 4.14237308 -6.57724618 -0.51471
v 1.23564505 -3.29501509 -0.485585
v 1.26130998 -2.86930394 -0.58177399
v 1.28070604 -2.62594008 -0.65832901
v -0.048245 -6.18114185 -0.90828901
v 0.048245 -6.18114185 -0.90828901
v -0.00004 -6.17840194 -0.90197598
v 0 -6.18030023 -1.21206796
v -0.07536 -6.18041181 -1.21600997
v 0.07536 -6.18041181 -1.21600997
v 0.410461 -5.26459503 -1.34725999
v -0.410461 -5.26459503 -1.34725999
v 0.29641398 -5.24811315 -1.38596904
v -0.29641398 -5.24811315 -1.38596904
v 0.215402 -5.24358606 -1.40955805
v -0.215402 -5.24358606 -1.40955805
v 0.139255 -5.23987913 -1.42453599
v -0.139255 -5.23987913 -1.42453599
v 0.061917 -5.23130798 -1.43094694
v -0.061917 -5.23130798 -1.43094694
v 0 -5.23198318 -1.43503904
v 0.43042498 -5.52712106 -1.41620504
v -0.43042498 -5.52712106 -1.41620504
v 0.304531 -5.50756597 -1.44858396
v -0.304531 -5.50756597 -1.44858396
v 0.21933999 -5.50219202 -1.46383798
v -0.21933999 -5.50219202 -1.46383798
v 0.144665 -5.50233411 -1.47218799
v -0.144665 -5.50233411 -1.47218799
v 0.074559 -5.49625587 -1.47549998
v -0.074559 -5.49625587 -1.47549998
v 0 -5.49470806 -1.47787702
v 0.420322 -5.77215004 -1.44446599
v -0.420322 -5.77215004 -1.44446599
v 0.29008799 -5.74240493 -1.46399903
v -0.29008799 -5.74240493 -1.46399903
v 0.20607399 -5.73266315 -1.471735
v -0.20607399 -5.73266315 -1.471735
v 0.144702 -5.73251009 -1.47448003
v -0.144702 -5.73251009 -1.47448003
v 0.067938 -5.72712183 -1.47637498
v -0.067938 -5.72712183 -1.47637498
v 0 -5.72833776 -1.47755205
v -0.05687199 -6.03527116 -1.37904
v 0.05687199 -6.03527116 -1.37904
v 0.381062 -5.96466779 -1.41948294
v -0.381062 -5.96466779 -1.41948294
v 0.260266 -5.92968893 -1.43324303
v -0.260266 -5.92968893 -1.43324303
v 0.185705 -5.91415977 -1.43839895
v -0.185705 -5.91415977 -1.43839895
v 0.128397 -5.90936088 -1.43915998
v -0.128397 -5.90936088 -1.43915998
v 0.06613499 -5.89990806 -1.44154894
v -0.06613499 -5.89990806 -1.44154894
v 0 -5.89526319 -1.44315004
v 0.272096 -6.09518814 -1.35161697
v -0.272096 -6.09518814 -1.35161697
v 0.217066 -6.06467008 -1.36763799
v -0.217066 -6.06467008 -1.36763799
v 0.16880799 -6.05698013 -1.36965298
v -0.168804 -6.057024 -1.36971604
v 0.10626299 -6.04442596 -1.374861
v -0.10626299 -6.04442596 -1.374861
v 0 -6.03217792 -1.37993001
v 0.167243 -6.15673589 -1.27407503
v -0.167243 -6.15673589 -1.27407503
v 0.152465 -6.13446283 -1.29984903
v -0.152465 -6.13446283 -1.29984903
v 0.12303499 -6.12544679 -1.30771195
v -0.12303499 -6.12544679 -1.30771195
v 0.08064799 -6.1210432 -1.30979299
v -0.08064799 -6.12104082 -1.30979096
v 0.052315 -6.12051105 -1.30891299
v -0.052315 -6.12051105 -1.30891299
v 0 -6.11897802 -1.30952501
v 0.08669299 -6.15531778 -1.26574695
v -0.08669299 -6.15531778 -1.26574695
v 0 -6.15644121 -1.25964498
v 0.262948 0.500373 0.69889301
v 0.26501199 0.46506801 0.74286401
v -0.26501199 0.46506801 0.74286401
v -0.262948 0.500373 0.69889301
v 0.26438599 0.422508 0.77406501
v -0.264353 0.422517 0.77407002
v -0.214274 0.203445 0.850914
v -0.20459799 0.282743 0.84235298
v 0.20459799 0.282743 0.84235298
v 0.214274 0.203445 0.850914
v -0.115097 -0.31250301 0.90121197
v -0.083893 -0.2513 0.90933299
v 0.08389399 -0.2513 0.90933299
v 0.115098 -0.31250301 0.90121197
v -0.11344999 0.012102 0.93278098
v -0.12309999 0.05810499 0.91652202
v 0.12309999 0.05810499 0.91652202
v 0.11344999 0.012102 0.93278098
v -0.074481 -0.177403 0.92180699
v -0.06947299 -0.13223299 0.94457501
v 0.06947299 -0.13223299 0.94457501
v 0.074481 -0.177403 0.92180699
v 0.16106599 0.075415 0.88691502
v -0.16106599 0.075415 0.88691502
v -0.08549799 -0.05001499 0.93724697
v 0.08549799 -0.05001499 0.93724697
v -0.33156201 1.470649 0.106486
v -0.30642598 1.490502 -0.089133
v 0.30642598 1.490502 -0.089133
v 0.33156201 1.470649 0.106486
v 0.340534 1.00798296 -0.75766199
v 0.320589 1.16983902 -0.68746399
v -0.320589 1.16983902 -0.68746399
v -0.340534 1.00798296 -0.75766199
v 0.265724 1.36811995 -0.51826399
v -0.26572498 1.368119 -0.51826399
v 0.197473 -0.040688 -0.66455102
v 0.22396799 0.14032499 -0.71089398
v -0.22396799 0.14032499 -0.71089398
v -0.197473 -0.040688 -0.66455102
v 0.27155399 0.370202 -0.78731799
v -0.27155399 0.370202 -0.78731799
v 0.30989599 0.57950401 -0.833301
v -0.30989599 0.579503 -0.833301
v 0.33295801 0.709001 -0.82195198
v -0.33295801 0.709001 -0.82195198
v 0.343185 0.846771 -0.79336899
v -0.343185 0.846771 -0.79336899
v 0.20582799 -3.88055491 -1.12850499
v 0.220163 -3.60892009 -1.12429201
v 0.174508 -4.77333688 -1.25611805
v 0.172378 -4.57112789 -1.20146596
v -0.17236299 -4.57112693 -1.20146799
v -0.174594 -4.77333498 -1.25610196
v 0.18544499 -4.26116609 -1.14416599
v -0.18544499 -4.26116609 -1.14416599
v -0.20582699 -3.8805561 -1.12850499
v 0.23363199 -3.10687995 -1.13392102
v -0.23257899 -3.10688495 -1.13397598
v -0.220162 -3.60892009 -1.12429201
v 0.25079798 -2.64142298 -1.19789397
v 0.26728099 -2.34826898 -1.26456201
v -0.267264 -2.34826898 -1.26455998
v -0.25078299 -2.64142298 -1.19789397
v 0.28142601 -2.17914009 -1.29650497
v -0.28141099 -2.17914009 -1.29650402
v 0.301187 -2.01915502 -1.31800103
v -0.301196 -2.01915407 -1.31800198
v -0.23801399 -4.187994 0.32690998
v -0.23971499 -3.83495593 0.38839998
v -0.25311899 -5.52155685 0.153107
v -0.245949 -5.39612197 0.18247799
v -0.15601399 -6.14404201 -0.17109599
v -0.13438999 -6.06918096 -0.02829599
v 0.134366 -6.06918191 -0.028293
v 0.15600299 -6.14404296 -0.17109599
v -0.10888099 -5.96829223 0.03418799
v -0.152741 -5.85978317 0.070794
v 0.15257799 -5.85978698 0.070804
v 0.10884399 -5.96829414 0.034192
v -0.245688 -4.90199089 0.24759599
v -0.240794 -4.5766139 0.27766001
v 0.240794 -4.57661485 0.27766001
v 0.24569399 -4.90199089 0.24759499
v -0.23817999 -5.26586389 0.20836299
v 0.23801499 -4.187994 0.32690998
v -0.19980199 -5.73867321 0.103348
v 0.19976399 -5.73867321 0.10334999
v -0.119988 -6.01336908 0.011592
v 0.119957 -6.01337099 0.011595
v 0.34032899 -1.03079605 -1.20552003
v 0.313313 -0.83039301 -1.08668303
v -0.313313 -0.83039301 -1.08668303
v -0.34032899 -1.03079605 -1.20552003
v 0.310819 -0.756406 -1.02321195
v -0.310819 -0.756406 -1.02321195
v 0.30545499 -0.71432101 -0.97983098
v -0.30545499 -0.71432101 -0.97983098
v 0.29188901 -0.66860801 -0.92717897
v -0.29188901 -0.66860801 -0.92717897
v -0.14859099 -6.15612983 -0.24983599
v 0.14859099 -6.15612983 -0.24983599
v 0.25058099 0.54893398 0.66294699
v 0.26753601 0.57145398 0.71780502
v -0.26753601 0.57145398 0.71780502
v -0.25058099 0.54893398 0.66294699
v 0.25753998 0.58586299 0.76256001
v -0.25753998 0.58586299 0.76256001
v 0.26427799 0.63449299 0.79596298
v -0.26427799 0.63449299 0.79596298
v 0.26058501 0.68638998 0.83277702
v -0.26058599 0.68638998 0.83277702
v 0.24534499 0.357544 0.80912601
v -0.24534499 0.357544 0.80912601
v 0.23449 0.78399801 0.836842
v -0.23449 0.78399801 0.836842
v 0.18775199 0.10185 0.86988097
v -0.18775199 0.10185 0.86988097
v 0.213474 0.125026 0.85699999
v -0.213474 0.125026 0.85699999
v 0.16544599 -0.38597899 0.85667002
v -0.16544599 -0.38597899 0.85667002
v 0.06084699 -0.224261 0.91301202
v -0.060848 -0.224261 0.91301202
v 0.06719899 -0.20193399 0.91658699
v -0.06719999 -0.20193399 0.91658699
v 0.18480999 -0.40964299 0.79309499
v -0.18480999 -0.40964299 0.79309499
v 0.28073599 1.05116105 0.71569597
v 0.29278498 1.18946802 0.63550198
v -0.29278498 1.18946802 0.63550198
v -0.28073599 1.05116105 0.71569597
v 0.26167601 0.92679899 0.77851599
v -0.26167601 0.92679798 0.77851599
v 0.173995 -0.42034101 0.59733498
v -0.173995 -0.42034101 0.59733498
v 0.168153 -0.42086398 0.46382701
v -0.168153 -0.42086398 0.46382701
v 0.162542 -0.445358 0.31915
v -0.162542 -0.445358 0.31915
v 0.16282799 -0.485226 0.20295499
v -0.16282799 -0.485226 0.20295499
v 0.175252 -0.57961499 0.11675799
v -0.175252 -0.57961499 0.11675799
v 0.182108 -0.70663398 0.050466
v -0.182108 -0.70663398 0.050466
v 0.34205201 1.37166202 0.40316999
v -0.34205201 1.37166202 0.40316999
v -0.20238199 -0.13167099 -0.66607999
v 0.202381 -0.13167099 -0.66607999
v -0.207378 -0.186864 -0.67243999
v 0.207378 -0.186864 -0.67243999
v -0.20867699 -0.25238201 -0.68483197
v 0.20867699 -0.25238201 -0.68483197
v -0.209941 -0.33923399 -0.70621997
v 0.20994 -0.33923399 -0.70621997
v -0.233977 -0.531448 -0.78302502
v 0.233976 -0.53144699 -0.78302401
v 0.196343 -1.02901697 -0.014028
v 0.18061199 -0.86686897 0.005661
v -0.18061199 -0.86686897 0.005661
v -0.196343 -1.02901697 -0.014028
v 0.23971599 -3.83495593 0.38839998
v 0.238203 -5.26586389 0.208361
v 0.25314199 -5.5215578 0.153105
v 0.246065 -5.39611816 0.18246699
v 0.224535 -5.63943815 0.12738899
v -0.22454799 -5.63943576 0.127388
v 0.18075899 -1.89426302 0.43498998
v 0.187093 -1.716398 0.35743001
v -0.187434 -1.71641504 0.35739401
v -0.18075899 -1.89426302 0.43498998
v 0.19172999 -1.557693 0.27431199
v 0.20063799 -1.16890299 0.029058
v -0.20063799 -1.16890299 0.029058
v -0.19172899 -1.557693 0.27431199
v 0.238746 -3.43361091 0.46184799
v -0.235687 -3.43374609 0.462742
v 0.198868 -2.11309504 0.49810001
v -0.19604599 -2.11303401 0.498362
v 0.211372 -2.29913902 0.53115201
v -0.206981 -2.2990539 0.53173202
v 0.21976199 -2.46137404 0.54653602
v -0.21480199 -2.46132206 0.54719299
v 0.2309 -2.76406002 0.55264097
v 0.227236 -2.64648509 0.55331897
v -0.221919 -2.646425 0.55407702
v -0.22566899 -2.76408004 0.55346
v 0.237411 -3.05770301 0.52381598
v 0.234464 -2.89758801 0.54535102
v -0.229184 -2.89771199 0.54627698
v -0.231508 -3.05780792 0.52501601
v 0.196438 -1.10655701 0.001054
v -0.196438 -1.10655701 0.001054
v 0.195701 -1.07420301 -0.007501
v -0.195701 -1.07420301 -0.007501
v -0.165378 -5.04179906 -1.35198903
v 0.16559499 -5.04181718 -1.35194098
v -0.312312 -1.92771101 -1.32704103
v 0.31231299 -1.92771101 -1.32704103
v -0.32875999 -1.74306201 -1.33582603
v 0.32875499 -1.74306297 -1.33582496
v -0.33109599 -1.23485505 -1.28147494
v 0.33109501 -1.23485505 -1.28147494
v -0.33424499 -1.37421 -1.31005704
v 0.334259 -1.37421 -1.31005597
v -0.33016499 -1.56853401 -1.33087301
v 0.330152 -1.56853497 -1.33087301
v -0.117724 -6.1604371 -0.383255
v 0.117724 -6.1604371 -0.383255
v -0.077821 -6.1372919 -0.70588398
v 0.077821 -6.13729286 -0.70588398
v -0.065677 -6.18109417 -0.90478301
v 0.065677 -6.18109417 -0.90478301
v -0.129635 -6.18168783 -1.22246503
v 0.129635 -6.18168783 -1.22246503
v 0.177174 -5.24139404 -1.41816198
v -0.177174 -5.24139404 -1.41816198
v 0.181628 -5.5022459 -1.46826803
v -0.181628 -5.5022459 -1.46826803
v 0.175059 -5.73258209 -1.47305202
v -0.175059 -5.73258209 -1.47305202
v 0.15674699 -5.91173219 -1.43877494
v -0.15674699 -5.91173219 -1.43877494
v 0.137207 -6.05058813 -1.37221396
v -0.137207 -6.05058813 -1.37221396
v 0.101626 -6.12308597 -1.30864894
v -0.101626 -6.12308597 -1.30864894
v 0.12656599 -6.15565013 -1.269652
v -0.12656599 -6.15565013 -1.269652
v -0.030242 0.44103199 0.93780398
v -0.026942 0.50312 0.88617098
v -0.027998 0.54012101 0.86583197
v -0.03553 0.62682199 0.868339
v -0.027663 0.68704199 0.88296198
v -0.03299399 0.37890401 0.99374997
v 0.030205 0.441044 0.93781501
v 0.028656 0.50285899 0.88603699
v 0.027998 0.54012101 0.86583197
v 0.03553 0.62682199 0.868339
v 0.027649 0.68704199 0.88296198
v 0.033089 0.378867 0.99370801
v 0.032852 0.77332001 0.88799697
v -0.03285 0.77332001 0.88799697
v 0.03505599 0.338256 1.03268802
v -0.03505599 0.338256 1.03268802
v -0.020932 0.060458 0.96006399
v -0.031927 0.10231699 0.967179
v -0.03548299 0.283389 1.08860194
v 0.03548299 0.283389 1.08860194
v 0.028028 0.060377 0.96138298
v 0.031927 0.10231699 0.967179
v -0.040199 0.21318599 1.13261997
v 0.03982299 0.21317499 1.13287305
v -0.032749 0.139741 1.07332694
v 0.03270399 0.13972799 1.07332801
v -0.027717 0.13479 1.04204094
v 0.027667 0.134762 1.042207
v -0.027114 0.131676 1.01013994
v 0.027114 0.131676 1.01013994
v 0.040543 -0.41630399 0.875822
v 0.027168 -0.34531799 0.91258198
v -0.027168 -0.345317 0.91258198
v -0.04054199 -0.41630399 0.875822
v -0.023971 0.027845 0.97049301
v 0.023971 0.027845 0.97049301
v 0.020877 -0.272044 0.91243398
v 0.014259 -0.229128 0.91273599
v -0.01426 -0.229128 0.91273599
v -0.020878 -0.272044 0.91243398
v 0.015749 -0.20782099 0.91616898
v -0.015752 -0.20782099 0.91616898
v -0.019368 -0.046723 0.96062302
v 0.019368 -0.046723 0.96062302
v -0.01743 -0.185414 0.92414802
v -0.01648199 -0.14023 0.95089298
v 0.016483 -0.14023 0.95089298
v 0.017429 -0.185414 0.92414701
v 0.047644 -0.44282001 0.82502502
v -0.047641 -0.44282001 0.82502502
v 0.033897 1.07103097 0.77588897
v 0.03469499 1.21722996 0.70101702
v -0.034696 1.21722996 0.70101702
v -0.033897 1.07103097 0.77588897
v 0.03384999 0.93358802 0.836658
v -0.03359799 0.933591 0.83666402
v 0.04258599 -0.45519098 0.62285798
v -0.04258599 -0.45519098 0.62285798
v 0.044392 -0.453891 0.491595
v -0.044392 -0.453891 0.491595
v 0.04331199 -0.47382798 0.34257099
v -0.043279 -0.47383201 0.342572
v 0.04374599 -0.51796501 0.23782099
v -0.04374599 -0.51796501 0.23782099
v 0.047026 -0.62597602 0.170613
v -0.04685299 -0.62599498 0.17065599
v 0.049377 -0.75907999 0.117149
v -0.049377 -0.75907999 0.117149
v 0.037407 1.43550205 0.43597498
v -0.03873699 1.43549394 0.435972
v 0.039096 1.52960205 0.103193
v -0.039096 1.52960205 0.103193
v -0.03728599 1.53603804 -0.086561
v 0.03728599 1.53603804 -0.086561
v -0.032859 1.40784597 -0.53951901
v 0.03285 1.40784597 -0.53951901
v 0.063743 1.02867806 -0.858011
v 0.05590099 1.19584095 -0.78114903
v -0.05590099 1.19584095 -0.78114903
v -0.06374499 1.02867806 -0.858011
v 0.06482499 0.897309 -0.89236098
v -0.06482499 0.897309 -0.89236098
v 0.065223 0.750867 -0.92225801
v -0.065223 0.750867 -0.92225801
v 0.062725 0.59488999 -0.92700898
v -0.062725 0.59488999 -0.92700898
v 0.05215499 0.35033801 -0.86744797
v -0.052158 0.35033801 -0.86744701
v 0.03445399 0.145244 -0.77923601
v -0.03445399 0.145244 -0.77923601
v 0.024022 -0.042256 -0.72061198
v -0.024061 -0.042256 -0.720609
v -0.02645099 -0.124217 -0.72700798
v 0.02641299 -0.12421599 -0.72701299
v -0.028677 -0.18290899 -0.74159199
v 0.028672 -0.18290899 -0.74159199
v -0.027651 -0.23692999 -0.756747
v 0.027697 -0.23693199 -0.75673997
v -0.027763 -0.317667 -0.77648598
v 0.027731 -0.31766599 -0.77649098
v -0.017205 -5.03503894 -1.36868202
v -0.017671 -4.77542018 -1.27297902
v 0.017702 -4.77542209 -1.27297794
v 0.018119 -5.03506279 -1.36861896
v 0.06880199 -4.20440816 0.34730398
v 0.069567 -3.84113192 0.41843
v -0.021422 -3.88681507 -1.14024102
v -0.022898 -3.62098908 -1.13257694
v 0.068557 -5.26742887 0.218419
v 0.07080599 -4.90436506 0.26234
v -0.07079699 -4.90436601 0.26234099
v -0.06851699 -5.26742887 0.21841999
v 0.072865 -5.51474905 0.16545
v 0.070896 -5.3932619 0.19397899
v 0.057432 -5.72108984 0.114454
v 0.06458199 -5.62656116 0.138242
v -0.06460499 -5.62656116 0.13824099
v -0.05749899 -5.72108984 0.11445199
v -0.072809 -5.51474905 0.165452
v 0.05197 -1.89909005 0.444458
v 0.053583 -1.72160899 0.370025
v -0.05418299 -1.72161805 0.37000599
v -0.05197 -1.89909005 0.444458
v 0.05515699 -1.564466 0.28748598
v 0.050446 -1.20026004 0.02342299
v -0.050446 -1.20026004 0.02342299
v -0.05515699 -1.564466 0.28748598
v 0.071542 -3.439296 0.49157801
v -0.06609299 -3.43935895 0.492008
v -0.06956599 -3.84113192 0.41843
v 0.05931799 -2.11800289 0.50810098
v -0.054354 -2.11797404 0.50822401
v 0.06411 -2.30370497 0.54276901
v -0.056356 -2.30366206 0.54305297
v 0.066946 -2.46607494 0.55921202
v -0.058173 -2.46605396 0.55950599
v 0.070358 -2.76802897 0.56674599
v 0.069301 -2.65075302 0.56609201
v -0.059951 -2.65072608 0.56651401
v -0.061064 -2.76803588 0.56713903
v 0.07242 -3.06138396 0.54652202
v 0.07149399 -2.90121507 0.56209999
v -0.062073 -2.90124201 0.56241899
v -0.063201 -3.06145 0.547113
v -0.03135 -2.00662803 -1.30425
v -0.032489 -1.91318297 -1.316087
v 0.032489 -1.91318297 -1.316087
v 0.03133299 -2.00662803 -1.30425
v -0.034169 -1.73367798 -1.33194601
v 0.034168 -1.73367905 -1.33194601
v -0.03443 -1.21668899 -1.28734397
v -0.035404 -1.02403199 -1.21746301
v 0.035404 -1.02403199 -1.21746301
v 0.03442399 -1.21668899 -1.28734397
v -0.034751 -1.35262799 -1.31777298
v 0.034773 -1.35262799 -1.31777298
v -0.034322 -1.55254399 -1.33526802
v 0.03429999 -1.55254399 -1.33526897
v -0.029739 -0.681894 -0.97153502
v -0.026322 -0.51533401 -0.84415698
v 0.026322 -0.51533401 -0.84415698
v 0.029748 -0.681894 -0.97153502
v 0.049759 -1.05134701 0.037841
v 0.047295 -0.904733 0.07205499
v -0.047295 -0.904733 0.07205499
v -0.049759 -1.05134701 0.037841
v -0.06880199 -4.20440816 0.34730398
v -0.070694 -5.39326286 0.193984
v -0.044895 -6.15299892 -0.18746599
v -0.03971499 -6.07936096 -0.02642099
v 0.03822999 -6.07938814 -0.026388
v 0.044876 -6.15299987 -0.18746599
v -0.031339 -5.9698739 0.03678299
v -0.04407399 -5.85227823 0.07819999
v 0.043788 -5.85228109 0.07820799
v 0.03127399 -5.96987485 0.03678499
v -0.06944199 -4.58527898 0.294674
v 0.06944199 -4.58527898 0.294674
v -0.048762 -1.12736904 0.035292
v 0.050062 -1.12739205 0.03510899
v -0.03497099 -6.01835823 0.014664
v 0.03404099 -6.01837301 0.014692
v -0.049013 -1.09535002 0.033948
v 0.049407 -1.09534704 0.033874
v 0.032577 -0.837031 -1.11029601
v -0.03258499 -0.837031 -1.11029601
v 0.021422 -3.88681507 -1.14024102
v 0.022898 -3.62098908 -1.13257598
v 0.018321 -4.58157205 -1.21837604
v -0.018261 -4.5815711 -1.21837699
v 0.019365 -4.26870679 -1.15608501
v -0.019365 -4.26870679 -1.15608501
v 0.02510399 -3.1062591 -1.13387703
v -0.023331 -3.106256 -1.13382494
v 0.026076 -2.6276369 -1.19397699
v 0.027833 -2.34364104 -1.24686098
v -0.027805 -2.34364104 -1.24686002
v -0.026054 -2.6276369 -1.19397699
v 0.02931799 -2.17787098 -1.27792596
v -0.02929499 -2.17787098 -1.27792501
v 0.03096899 -0.73012799 -1.02193296
v -0.030618 -0.73012298 -1.02193796
v 0.029508 -0.77051299 -1.059762
v -0.02951199 -0.77051299 -1.059762
v -0.040619 -6.15771293 -0.25951901
v 0.040619 -6.15771293 -0.25951901
v -0.033178 -6.15602302 -0.36152499
v 0.033178 -6.15602302 -0.36152499
v -0.020329 -6.13498783 -0.71398097
v 0.02033999 -6.13498878 -0.71398097
v -0.016897 -6.18105888 -0.91125202
v 0.016897 -6.18105888 -0.91125202
v -0.0264 -6.17981481 -1.21326005
v 0.0264 -6.17981481 -1.21326005
v 0.021685 -5.23173904 -1.43363595
v -0.021685 -5.23173904 -1.43363595
v 0.02611 -5.49525022 -1.47704803
v -0.02611 -5.49525022 -1.47704803
v 0.023791 -5.72791099 -1.47711801
v -0.023791 -5.72791004 -1.47711801
v 0.02315999 -5.89687919 -1.44255495
v -0.02315999 -5.89687919 -1.44255495
v 0.019917 -6.03324508 -1.37958896
v -0.019917 -6.03324508 -1.37959003
v 0.017066 -6.11984682 -1.30880498
v -0.017066 -6.11984682 -1.30880498
v 0.023652 -6.15523576 -1.262344
v -0.023652 -6.15523576 -1.262344
v 0.41010999 -13.48866653 -0.73459398
v -0.41010999 -13.48866653 -0.73459398
v 0.507254 -13.43430995 -0.69307398
v -0.507254 -13.43430995 -0.69307398
v 0.60979497 -13.41506004 -0.64348697
v -0.609788 -13.41503715 -0.643471
v 0.818093 -13.42958831 -0.66344398
v -0.81809002 -13.42959404 -0.663446
v 0.90236097 -13.47182655 -0.78267002
v -0.905685 -13.46948146 -0.78219097
v 0.91145598 -13.48707008 -1.05006098
v -0.91145598 -13.48707008 -1.05006098
v 0.95781201 -13.57258606 -0.86911302
v -0.961766 -13.57072639 -0.86939102
v 1.01843798 -13.79180145 -0.91603797
v -1.02538096 -13.79081153 -0.91756397
v 0.97513198 -13.76850891 -1.12030994
v -0.97513198 -13.76850891 -1.12030994
v 0.99362152 -14.05560016 -0.96364021
v -0.99362158 -14.05560016 -0.96364021
v 0.97609901 -13.99904632 -1.14683699
v -0.97609901 -13.99904632 -1.14683699
v 0.82138699 -14.19395446 -0.86109399
v -0.82138699 -14.19395446 -0.86109399
v 0.76691401 -14.16132354 -1.07957994
v -0.76736301 -14.16348075 -1.08012199
v 0.56189602 -14.19821262 -0.758713
v -0.56230998 -14.19663143 -0.75873297
v 0.47576099 -14.16567325 -0.97107601
v -0.47519099 -14.16783046 -0.97123998
v -0.17614099 -13.80516433 -0.96535998
v 0.17618399 -13.80516433 -0.96536701
v -0.265215 -13.8249588 -0.69975698
v 0.26521399 -13.8249588 -0.69975602
v -0.27320998 -14.06316661 -0.91911798
v -0.37553799 -14.08976364 -0.66898399
v 0.375353 -14.08997154 -0.66890901
v 0.27366098 -14.06276226 -0.91918897
v -0.23897999 -13.52949047 -1.00240099
v -0.27822598 -13.62842369 -0.79141199
v 0.27822598 -13.62842369 -0.79141199
v 0.23897999 -13.52949047 -1.00240099
v 1.11620104 -14.0041008 0.50870502
v -1.11620104 -14.0041008 0.50870502
v 0.746674 -13.96607399 0.51015502
v -0.746674 -13.96607399 0.51015502
v 0.93796598 -13.97724819 0.51051902
v -0.93796598 -13.97724819 0.51051902
v 0.57737302 -13.98346614 0.50052297
v -0.57737302 -13.98346519 0.50052297
v 1.20566999 -14.03243637 0.479703
v -1.20566999 -14.03243637 0.479703
v 1.26023304 -14.1324377 0.498234
v -1.26023304 -14.1324377 0.498234
v 1.135903 -14.23623085 0.48558101
v -1.135903 -14.23623085 0.48558101
v 0.98855298 -14.26547336 0.51098299
v -0.98855298 -14.26547336 0.51098299
v 0.79753798 -14.2725048 0.52535998
v -0.79753798 -14.27250576 0.52535998
v 0.589805 -14.23337173 0.57079899
v -0.589805 -14.23337173 0.57079899
v 0.48056301 -14.00925254 0.50228798
v -0.48056301 -14.00925445 0.50228697
v 0.437693 -14.12484359 0.53847897
v -0.437693 -14.12484359 0.53847897
v 0.48087999 -14.18058204 0.55209201
v -0.48087999 -14.18058204 0.55209201
v 0.846933 -13.57798862 -0.35973
v 0.64677298 -13.5677843 -0.34732601
v -0.64677 -13.56778335 -0.34732601
v -0.84693199 -13.57798767 -0.359732
v 0.53004199 -13.58737945 -0.38637301
v -0.53004097 -13.58737945 -0.38637599
v 0.95652502 -13.61238575 -0.44633099
v -0.95700299 -13.61274814 -0.446621
v 1.03221905 -13.6867733 -0.51697397
v -1.03237998 -13.68702983 -0.51726502
v 1.10393095 -13.87749767 -0.550884
v -1.103886 -13.87749481 -0.55114501
v 1.06944704 -14.08048057 -0.56860202
v -1.06944704 -14.08048057 -0.56860202
v 0.62199401 -14.18975353 -0.42188501
v -0.62203598 -14.18976879 -0.42190098
v 0.45811098 -14.0907154 -0.34787899
v -0.458101 -14.09070873 -0.34792399
v 0.43832901 -13.63534069 -0.416747
v -0.43832901 -13.63533878 -0.41675001
v 0.34044998 -13.76359462 -0.44807401
v -0.34044998 -13.76359367 -0.44807601
v 0.342949 -13.91156005 -0.37480399
v -0.34294799 -13.9115591 -0.374807
v 0.87773197 -13.73060035 -0.051187
v 0.68374699 -13.72065734 -0.04399599
v -0.68374598 -13.7206583 -0.04399599
v -0.87773197 -13.73060035 -0.051188
v 0.54896402 -13.73530197 -0.070252
v -0.54896402 -13.73530101 -0.070253
v 1.01084494 -13.75793933 -0.104408
v -1.01118898 -13.75811386 -0.10457599
v 1.09546697 -13.81012821 -0.15858
v -1.09561204 -13.81025123 -0.15876099
v 1.17992699 -13.9640131 -0.17755599
v -1.17989599 -13.96401405 -0.177722
v 1.10210001 -14.14710807 -0.192668
v -1.10287702 -14.14627361 -0.19290499
v 0.67060411 -14.21893978 -0.07738295
v -0.67060399 -14.21893978 -0.07738299
v 0.49683499 -14.13724136 -0.016794
v -0.496831 -14.13723373 -0.01682199
v 0.454425 -13.77144336 -0.08708
v -0.454425 -13.77144241 -0.087081
v 0.36613899 -13.89076614 -0.09193199
v -0.36613801 -13.89076519 -0.09193299
v 0.39032098 -14.00929927 -0.041694
v -0.39032098 -14.00929737 -0.04169499
v 0.90545398 -13.85846996 0.21551699
v 0.714329 -13.84574604 0.22009399
v -0.71432799 -13.84574699 0.22009399
v -0.90545302 -13.858469 0.21551699
v 0.56308597 -13.85707855 0.203896
v -0.56308597 -13.85707759 0.203895
v 1.06161904 -13.87660121 0.19108699
v -1.06181299 -13.87662124 0.191026
v 1.15631294 -13.90622901 0.15146699
v -1.15640199 -13.90627193 0.151377
v 1.25148701 -14.03802871 0.145631
v -1.25147998 -14.03802585 0.145544
v 1.12816202 -14.20867633 0.130481
v -1.12864303 -14.20839309 0.130328
v 0.94950097 -14.26807117 0.171735
v -0.94947099 -14.26808261 0.171789
v 0.70875603 -14.2660551 0.216038
v -0.70876997 -14.26605701 0.21603299
v 0.51293802 -14.20421886 0.263251
v -0.51293498 -14.20421409 0.26323598
v 0.46648299 -13.88498878 0.197438
v -0.46648299 -13.88498878 0.197437
v 0.37885299 -14.00332546 0.213124
v -0.37885299 -14.00332355 0.21312299
v 0.411881 -14.10717964 0.241289
v -0.41187998 -14.10717964 0.241288
v -1.18723905 -14.13982963 0.65197098
v 1.18723905 -14.13982963 0.65197098
v -1.08297705 -14.2063961 0.66736
v 1.08297705 -14.2063961 0.66736
v -0.96746599 -14.06872463 0.72587102
v 0.96746599 -14.06872654 0.72587001
v -0.75906002 -14.05931854 0.71357202
v 0.75906002 -14.05931854 0.71357202
v -0.591371 -14.07226181 0.67837202
v 0.591371 -14.07226181 0.67837202
v -0.97636598 -14.22713565 0.66833198
v 0.97636598 -14.22713565 0.66833198
v -0.84244102 -14.23439502 0.67233502
v 0.84244102 -14.23439502 0.67233502
v -0.65458798 -14.19346332 0.70213598
v 0.65458798 -14.19346237 0.70213598
v -0.55593198 -14.14704513 0.67984002
v 0.55593198 -14.14704513 0.67984002
v 0.99582797 -13.88356876 -1.13999605
v 1.02572298 -13.91345882 -0.97817599
v -1.02572095 -13.91297435 -0.97817999
v -0.99582797 -13.88356876 -1.13999605
v -0.19168399 -13.66492271 -0.98046898
v -0.26368001 -13.72594165 -0.741831
v 0.26368001 -13.72594165 -0.741831
v 0.19168399 -13.66492271 -0.98046898
v 1.20789003 -14.20202636 0.49323898
v 1.21521294 -14.14265823 0.131347
v -1.21534395 -14.14243793 0.131255
v -1.20788896 -14.20202732 0.49323898
v 0.45552799 -14.15525054 0.54667198
v 0.388338 -14.05903244 0.226684
v -0.388338 -14.05903053 0.226683
v -0.45552799 -14.15525054 0.54667198
v 1.10404396 -13.98388958 -0.56283199
v -1.10414803 -13.98303699 -0.56304299
v 0.332639 -13.83780098 -0.409812
v -0.332639 -13.83780002 -0.409814
v 1.16301 -14.06569862 -0.191283
v -1.16317701 -14.06519222 -0.191427
v 0.37073901 -13.95256137 -0.066463
v -0.37073901 -13.95255947 -0.06646399
v -1.13959097 -14.18350219 0.66541302
v 1.13959097 -14.18350219 0.66541302
v -0.56777501 -14.10890579 0.68918597
v 0.56777501 -14.10890674 0.68918597
v -0.69400101 -14.12885379 0.74555999
v 0.69400101 -14.12885379 0.74555999
v -0.93092399 -14.16230773 0.763534
v 0.93092399 -14.16230773 0.763534
v -1.08801901 -14.17775535 0.70813
v 1.08801901 -14.17775535 0.70813
v 0.95388799 -13.62179279 -1.085644
v 1.00173401 -13.67546558 -0.89418798
v -1.00178897 -13.67569065 -0.89428401
v -0.95388901 -13.6217947 -1.085644
v -0.32154101 -13.42520141 -0.94951498
v -0.33965599 -13.55301952 -0.75920999
v 0.33965599 -13.55301952 -0.75920999
v 0.321545 -13.42526817 -0.94943201
v 1.24450898 -14.07406711 0.49124899
v 1.21542 -13.96153736 0.149563
v -1.21544897 -13.96156692 0.14947299
v -1.24450898 -14.07406711 0.49124899
v 0.443654 -14.05424785 0.52936399
v 0.40809398 -13.92931556 0.210527
v -0.40809398 -13.92931461 0.210526
v -0.44365298 -14.05424785 0.52936399
v 1.07765102 -13.77640056 -0.53455197
v -1.07767605 -13.77654361 -0.53482502
v 0.38144499 -13.69234085 -0.42940399
v -0.38144499 -13.69233894 -0.42940598
v 1.148584 -13.87819576 -0.16884
v -1.14861798 -13.87827491 -0.16901199
v 0.400797 -13.82005691 -0.085206
v -0.40079599 -13.82005786 -0.085207
v -1.15974402 -14.04977798 0.58859598
v 1.15974402 -14.04977798 0.58859598
v -0.95272797 -14.01828289 0.617392
v 0.95272797 -14.01828193 0.617392
v -0.75256097 -14.00833034 0.611157
v 0.75256097 -14.00833034 0.611157
v -0.58280599 -14.02097988 0.59042298
v 0.58280599 -14.02098083 0.59042298
v -0.87824499 -13.4288969 -1.23914694
v 0.87824499 -13.4288969 -1.23914694
v -0.90187001 -13.60964584 -1.29416096
v 0.90187001 -13.60964584 -1.29416096
v -0.92619597 -13.74520492 -1.31756198
v 0.92675697 -13.74505901 -1.31786704
v -0.845546 -13.41752147 -1.32328796
v 0.845546 -13.41752147 -1.32328796
v -0.749125 -13.41493129 -1.42347705
v 0.749125 -13.41493129 -1.423478
v -0.65624702 -13.4257164 -1.45817005
v 0.65624702 -13.4257164 -1.45817005
v -0.53624397 -13.41454601 -1.46120405
v 0.53624397 -13.41454601 -1.46120405
v -0.396048 -13.39345073 -1.40671694
v 0.396048 -13.39345073 -1.40671694
v -0.29541298 -13.39340496 -1.28090202
v 0.29541298 -13.39340496 -1.28090202
v -0.283883 -13.38694381 -1.10366404
v 0.283883 -13.38694381 -1.10366404
v -0.22997599 -13.50155639 -1.12868905
v 0.22997599 -13.50155639 -1.12868905
v -0.25475499 -13.52390289 -1.28341102
v 0.25475499 -13.52390289 -1.28341102
v -0.36910098 -13.54212665 -1.41302895
v 0.36910098 -13.54212665 -1.41302895
v -0.52086699 -13.57690429 -1.46514296
v 0.52086699 -13.57690429 -1.46514296
v -0.64610499 -13.57738494 -1.466681
v 0.64610499 -13.57738494 -1.466681
v -0.754547 -13.57648277 -1.43707597
v 0.754547 -13.57648277 -1.43707597
v -0.84327399 -13.5809803 -1.37590897
v 0.84327399 -13.5809803 -1.37590897
v -0.85400301 -13.72469043 -1.40390896
v 0.85400301 -13.72469043 -1.40390896
v -0.75844699 -13.72916603 -1.45807504
v 0.75844699 -13.72916603 -1.45807504
v -0.64039099 -13.72458553 -1.47982597
v 0.64039099 -13.72458553 -1.47982502
v -0.51512002 -13.71060085 -1.47151994
v 0.51512002 -13.71060085 -1.47151994
v -0.35128599 -13.67014122 -1.41280496
v 0.35128599 -13.67014122 -1.41280496
v -0.225307 -13.64775466 -1.28365802
v 0.225307 -13.64775466 -1.28365802
v -0.185569 -13.63496017 -1.142385
v 0.185569 -13.63496017 -1.142385
v 0.98555702 -13.76670265 -1.12267994
v -0.93053597 -13.86934471 -1.32332098
v 0.93053597 -13.86934471 -1.32332098
v -0.91302102 -13.94947433 -1.31564295
v 0.91302102 -13.94947433 -1.31564295
v -0.700024 -14.09442329 -1.27331399
v 0.70000201 -14.09424018 -1.27320003
v -0.41597801 -14.10359382 -1.18832194
v 0.415991 -14.10353469 -1.18830096
v -0.245717 -14.02538585 -1.13546395
v 0.245717 -14.02538681 -1.13546395
v -0.17287899 -13.83583831 -1.13486897
v 0.17287899 -13.83583831 -1.13486897
v -0.19868099 -13.84379005 -1.24760997
v 0.19868099 -13.84379005 -1.24760997
v -0.324997 -13.86979961 -1.39390897
v 0.324997 -13.86979961 -1.39390897
v -0.498021 -13.88915443 -1.45987904
v 0.498021 -13.88915443 -1.45987904
v -0.62824201 -13.88786792 -1.47007
v 0.62824201 -13.88786792 -1.47007
v -0.74760198 -13.87851238 -1.45365297
v 0.74760198 -13.87851333 -1.45365297
v -0.84503299 -13.86643314 -1.41199004
v 0.84503299 -13.86643314 -1.41199004
v -0.83199101 -13.95072746 -1.38543999
v 0.83199101 -13.95072746 -1.38543999
v -0.72329402 -13.96070671 -1.42261695
v 0.72329402 -13.96070671 -1.42261695
v -0.67873901 -14.04955577 -1.34412801
v 0.67873901 -14.04955577 -1.34412801
v -0.626836 -14.00111866 -1.40146994
v 0.626836 -14.00111866 -1.40146994
v -0.39472401 -14.05743789 -1.27272999
v 0.39472401 -14.05743789 -1.27272999
v -0.378086 -14.00024318 -1.34653604
v 0.378086 -14.00024318 -1.34653604
v 0.62756902 -14.17947006 -1.03097903
v 0.697335 -14.2128992 -0.81366199
v -0.69751697 -14.21289634 -0.81373298
v -0.627411 -14.17949104 -1.03082597
v -0.66612297 -13.64781189 -0.188627
v -0.86290097 -13.6584053 -0.19855
v -0.53978502 -13.66442871 -0.220785
v -0.98402899 -13.69047737 -0.26814499
v -1.06314098 -13.75339508 -0.32994499
v -1.11173296 -13.83141231 -0.343288
v -1.13993394 -13.92305374 -0.35509398
v -1.13298201 -14.02542781 -0.368211
v -1.08523595 -14.11359214 -0.371679
v -0.64903998 -14.19991684 -0.2414
v -0.48295798 -14.10969829 -0.174456
v -0.447162 -13.70709991 -0.24451099
v -0.35416901 -13.83020877 -0.261774
v -0.39221099 -13.75969409 -0.249527
v -0.37023198 -13.96168613 -0.200596
v -0.35243201 -13.89787674 -0.230148
v -0.56277197 -14.11015224 -1.23895096
v 0.562747 -14.11015033 -1.23894703
v -0.54221099 -14.06268501 -1.316702
v 0.54221099 -14.06268501 -1.316702
v -0.506581 -14.00801086 -1.38220703
v 0.506581 -14.00801086 -1.38220703
v -0.246831 -13.99391841 -1.22341704
v 0.246831 -13.99391841 -1.22341704
v -0.241426 -13.94515991 -1.27950096
v 0.241426 -13.94515991 -1.27950096
v 0.56139802 -9.66473007 -0.40696901
v 0.53835099 -9.72802162 -0.43723699
v -0.53835099 -9.72802257 -0.43723699
v -0.563793 -9.65857315 -0.40405198
v 0.60908198 -9.52916145 -0.35800701
v 0.588642 -9.60524845 -0.38032901
v -0.588642 -9.60524654 -0.38032901
v -0.60908198 -9.52916145 -0.35800701
v 0.757321 -5.93783998 -0.031764
v 0.71128302 -5.66397094 0.014349
v -0.71128302 -5.66397094 0.014349
v -0.757321 -5.93784093 -0.031764
v -0.57709997 -5.62333583 0.06638699
v 0.57709997 -5.62333679 0.06638699
v 0.068726 -5.57068395 0.151931
v 0.000012 -5.56637382 0.155218
v -0.068709 -5.57068395 0.151931
v 0.63565301 -9.44569492 -0.34053999
v 0.637519 -9.03121566 -0.31841
v -0.637519 -9.03121566 -0.31841
v -0.63565301 -9.44569492 -0.34053999
v 0.56082099 -13.30048656 -0.78999102
v 0.58173501 -13.08593845 -0.83820498
v -0.58186399 -13.08590412 -0.83815997
v -0.56095701 -13.30046081 -0.78992599
v 0.73836702 -6.82643508 -0.056816
v 0.74973601 -6.33498716 -0.03229099
v -0.74973601 -6.33498621 -0.03229099
v -0.73836702 -6.82643413 -0.056816
v 0.68934601 -7.79941415 -0.12099599
v 0.71370601 -7.27863693 -0.075089
v -0.71370601 -7.27863693 -0.075089
v -0.68934601 -7.79941415 -0.12099599
v 0.65880101 -8.28594112 -0.18954199
v -0.65880101 -8.28594112 -0.18954199
v 0.65097802 -8.6670103 -0.26063999
v -0.65097802 -8.66701126 -0.26063999
v 0.5744 -10.18972206 -0.54702502
v -0.57441699 -10.18971824 -0.54701602
v 0.60275799 -10.75683593 -0.660066
v -0.60279601 -10.75682544 -0.66004502
v 0.61520701 -11.33785343 -0.75487697
v -0.61526799 -11.33783721 -0.754848
v 0.60838097 -11.83604431 -0.80846202
v -0.608464 -11.83602142 -0.808438
v 0.59943097 -12.37078952 -0.84711098
v -0.599536 -12.37076187 -0.847081
v 0.590783 -12.84446525 -0.84798198
v -0.59090197 -12.84443378 -0.84794402
v 0.197188 -5.57838487 0.144325
v 0.19618299 -5.57832717 0.14439499
v -0.196176 -5.57832622 0.144396
v -0.197181 -5.57838392 0.144325
v 0.46543699 -5.58866119 0.103637
v 0.28136 -5.58261013 0.13583
v -0.28135699 -5.58260917 0.13583099
v -0.46544098 -5.58865881 0.10363599
v -0.51464301 -5.60406923 0.088044
v 0.51464301 -5.60406923 0.088044
v 0.588642 -9.60524845 -0.38032901
v -0.588642 -9.60524654 -0.38032901
v 0.23886999 -5.58059501 0.140615
v -0.238865 -5.5805931 0.140616
v 0.55691498 -13.42184734 -0.66636598
v -0.55691802 -13.42184639 -0.66636502
v -0.20209999 -13.94267272 -0.93778097
v -0.29534 -13.96604919 -0.67485702
v 0.29535999 -13.96611309 -0.67486202
v 0.202067 -13.9425764 -0.93776398
v 0.66169697 -13.97244453 0.506316
v 0.63837498 -13.84808731 0.21345999
v -0.63837397 -13.84808635 0.21345999
v -0.66169697 -13.97244453 0.50631499
v 0.53310698 -14.21172142 0.562931
v 0.45752 -14.161623 0.25121599
v -0.45751801 -14.16162014 0.251208
v -0.53310698 -14.21172142 0.562931
v 0.58712202 -13.57398414 -0.36497399
v -0.58711999 -13.57398319 -0.36497598
v 0.387685 -14.00921154 -0.36051601
v -0.387681 -14.00920677 -0.36054
v 0.615745 -13.72467994 -0.055505
v -0.60218197 -13.65302658 -0.20314699
v -0.615745 -13.72467994 -0.055505
v 0.43677601 -14.07895088 -0.03023199
v -0.41770499 -14.04268837 -0.18740199
v -0.43677398 -14.07894516 -0.03024699
v -0.67425602 -14.06142425 0.69894099
v -0.66731202 -14.01208877 0.60188597
v 0.66731202 -14.01208877 0.60188597
v 0.67425501 -14.0614252 0.69894099
v -0.60297399 -14.17398071 0.69564598
v 0.60297399 -14.17398071 0.69564598
v -0.62892401 -14.11873912 0.72165197
v 0.62892299 -14.11874103 0.72165197
v -0.188178 -13.92977047 -1.10241103
v 0.188178 -13.92977047 -1.10241103
v -0.19258 -13.9067974 -1.19122099
v 0.19258 -13.9067974 -1.19122099
v -0.78382498 -14.220088 -0.48994699
v 0.78382498 -14.22017669 -0.48994499
v -0.91847002 -14.19930172 -0.5345
v 0.91847002 -14.19930172 -0.5345
v -0.92058801 -14.20806312 -0.354294
v 0.92058801 -14.20806312 -0.354294
v -0.92786502 -14.22181892 -0.18271799
v 0.92786502 -14.22181892 -0.18271799
v 0.6490398 -14.19991779 -0.24140004
v -0.81799101 -14.22167682 -0.30948001
v 0.81799101 -14.22167778 -0.3094801
v -0.82653528 -14.23366355 -0.1464153
v 0.82653528 -14.2336626 -0.14641523
v 0.97669869 -5.57960414 -0.10867136
v 0.86388844 -5.379673 -0.01385586
v -0.86388844 -5.379673 -0.01385586
v -0.97669869 -5.57960367 -0.10867133
v -0.65182036 -5.34706068 0.09216044
v 0.65182071 -5.34706115 0.09216031
v -0.28450465 -5.32100534 0.19287304
v -0.46980813 -5.31684303 0.15672196
v 0.0695704 -5.32107448 0.20887856
v 0.00008787 -5.32058811 0.21117842
v 1.11673128 -9.62249279 -0.58837586
v 1.07684886 -9.54967403 -0.51244968
v -1.07287025 -9.54230499 -0.50553971
v -1.1167314 -9.62249088 -0.58837622
v 1.03264749 -9.47976779 -0.44718694
v 0.98380875 -9.41189384 -0.39804342
v -0.98380875 -9.41189384 -0.39804342
v -1.03264761 -9.47976779 -0.44718694
v 0.92349493 -9.33790111 -0.36396262
v 0.90940022 -8.99585914 -0.35452157
v -0.90940028 -8.99585914 -0.35452157
v -0.92349487 -9.33790111 -0.36396262
v 0.84667384 -13.30581474 -0.89075881
v 0.83600121 -13.07590675 -0.90420442
v -0.83600139 -13.07590675 -0.90420466
v -0.84667384 -13.30581474 -0.89075887
v 1.002025 -6.58025503 -0.07819585
v 0.98531544 -6.02613687 -0.09642085
v -0.98531556 -6.0261383 -0.09642072
v -1.00202488 -6.58025598 -0.07819587
v 0.9923864 -7.65428447 -0.11919286
v 1.0006442 -7.07772731 -0.08441431
v -1.0006442 -7.07772779 -0.08441431
v -0.99238646 -7.6542859 -0.119193
v 0.96258032 -8.19765281 -0.20530521
v -0.96258032 -8.19765281 -0.20530521
v 0.93260031 -8.62321949 -0.30049359
v -0.9326002 -8.62322139 -0.30049377
v 1.10880649 -10.11468124 -0.61146229
v -1.10880672 -10.11468124 -0.61146259
v 1.05285167 -10.70796394 -0.68117225
v -1.05285179 -10.70796299 -0.68117207
v 0.95826113 -11.28899765 -0.79526251
v -0.95826101 -11.28899955 -0.79526275
v 0.88929659 -11.79359817 -0.86997455
v -0.88929665 -11.79359912 -0.86997485
v 0.84746164 -12.34225845 -0.90921694
v -0.84746164 -12.3422594 -0.909217
v 0.83981692 -12.82802009 -0.90680402
v -0.83981692 -12.82802104 -0.90680408
v -0.06946152 -5.32107543 0.20888093
v -0.19845321 -5.32165098 0.20285014
v 0.19954268 -5.32164764 0.20276695
v 0.19852736 -5.32164907 0.20284478
v -0.24159961 -5.32144546 0.19839671
v 0.46980854 -5.31684207 0.15672197
v 0.28455585 -5.32100343 0.19286605
v -0.55033677 -5.33060407 0.13125249
v 0.55033719 -5.3306036 0.13125243
v 1.03264749 -9.47976779 -0.44718694
v -1.03264761 -9.47976779 -0.44718694
v 0.24166208 -5.32144355 0.19839009
v -0.199469 -5.3216505 0.20277217
v 0.87443321 -13.4471035 -0.72982788
v -0.87460809 -13.44724369 -0.73002678
v 1.04076755 -13.99044227 0.51023846
v 0.9955483 -13.86717796 0.20218755
v -0.99566018 -13.86718463 0.20215433
v -1.04076767 -13.99044323 0.51023846
v 0.90756601 -14.27234077 0.51760387
v 0.84701216 -14.27539825 0.18965685
v -0.84700089 -14.27540111 0.18968628
v -0.90756595 -14.27233982 0.51760375
v 0.913226 -13.59198665 -0.40725365
v -0.91354543 -13.5921154 -0.40739023
v 0.95606899 -13.74129486 -0.07968844
v -0.93525797 -13.67123127 -0.23636129
v -0.95628595 -13.74134254 -0.07976335
v -1.10445964 -14.09481144 0.70170342
v -1.07310259 -14.02908611 0.60370791
v 1.07310259 -14.02908611 0.60370785
v 1.10445976 -14.09481048 0.70170325
v -0.91956251 -14.23176384 0.67067784
v 0.91956251 -14.23176384 0.67067784
v -1.02260863 -14.17683792 0.73686325
v 1.02260863 -14.17683887 0.73686325
v 0.86318051 -13.6597929 -0.19574903
v 0.66646158 -13.6492033 -0.18587571
v 0.60240548 -13.65439224 -0.20033
v 0.53997063 -13.66580104 -0.21792918
v 0.93550765 -13.67254829 -0.23330448
v 1.06352305 -13.75435924 -0.32646286
v 0.98411035 -13.69153976 -0.26481634
v 1.11232113 -13.83224105 -0.33974647
v 1.13327407 -14.02680969 -0.3646174
v 1.14063155 -13.92384243 -0.35148838
v 0.48331481 -14.11012935 -0.17141428
v 0.64945679 -14.20018863 -0.23826596
v 0.44734135 -13.7083826 -0.24153606
v 0.39236581 -13.7608366 -0.24639377
v 0.35444954 -13.83137702 -0.25854826
v 0.4179691 -14.0431261 -0.18457895
v 0.35281223 -13.89891338 -0.22703126
v 0.37069699 -13.9625616 -0.19757166
v 1.08513271 -14.11463928 -0.3681432
f 1 3 5 7
f 2 8 6 4
f 11 5752 5753 9
f 12 10 5754 5755
f 13 5756 5752 11
f 14 12 5755 5757
f 28 16 3 1
f 15 2 4 17
f 18 9 5753 5758
f 19 5759 5754 10
f 5 22 20 7
f 6 8 21 23
f 3 24 22 5
f 4 6 23 25
f 16 26 24 3
f 17 4 25 27
f 29 26 16 28
f 30 15 17 27
f 29 28 6267 6268
f 30 6269 6270 15
f 33 11 9 18
f 34 19 10 12
f 31 13 11 33
f 32 34 12 14
f 37 18 5758 5762
f 38 5763 5759 19
f 20 22 41 39
f 21 40 42 23
f 24 35 41 22
f 25 23 42 36
f 26 43 35 24
f 27 25 36 44
f 45 43 26 29
f 46 30 27 44
f 45 29 6268 6271
f 46 6272 6269 30
f 47 31 33 49
f 48 50 34 32
f 49 33 18 37
f 50 38 19 34
f 37 5762 5766 51
f 38 52 5767 5763
f 39 41 55 53
f 40 54 56 42
f 35 57 55 41
f 36 42 56 58
f 43 59 57 35
f 44 36 58 60
f 61 59 43 45
f 62 46 44 60
f 63 5768 5764 47
f 64 48 5765 5769
f 65 63 47 67
f 66 68 48 64
f 66 6497 6498 68
f 67 47 49 69
f 68 70 50 48
f 68 6498 6499 70
f 73 37 51 71
f 74 72 52 38
f 74 6500 6501 72
f 69 49 37 73
f 70 74 38 50
f 70 6499 6500 74
f 51 5766 5770 75
f 52 76 5771 5767
f 53 55 79 77
f 54 78 80 56
f 55 57 81 79
f 56 80 82 58
f 59 83 81 57
f 60 58 82 84
f 88 6502 6497 66
f 87 5772 63 65
f 88 66 64 5773
f 95 6503 6504 96
f 96 6504 6505 97
f 90 6506 6507 93
f 97 6505 6506 90
f 94 6508 6503 95
f 52 72 89 76
f 51 75 92 71
f 93 6507 6509 91
f 93 91 6510 6501
f 98 6511 6508 94
f 98 94 6502 6512
f 99 101 5772 87
f 100 88 5773 102
f 101 103 105 5772
f 102 5773 106 104
f 109 111 105 103
f 110 104 106 112
f 115 117 118 113
f 116 114 108 107
f 116 6513 6514 114
f 117 211 212 118
f 107 108 213 214
f 119 6515 6512 100
f 120 99 6511 6516
f 122 6517 6518 123
f 124 6519 6515 119
f 125 120 6516 6520
f 128 6521 6519 124
f 129 125 6520 6522
f 128 215 6523 6521
f 129 6522 6524 217
f 130 114 6514 6525
f 132 6526 6518 113
f 120 133 101 99
f 119 100 102 134
f 125 135 133 120
f 124 119 134 136
f 129 137 135 125
f 128 124 136 138
f 129 217 218 137
f 128 138 219 215
f 113 118 139 132
f 114 130 140 108
f 137 109 103 135
f 138 136 104 110
f 135 103 101 133
f 136 134 102 104
f 139 118 212 218
f 140 219 213 108
f 5772 5768 63
f 5773 64 5769
f 143 85 61 141
f 144 142 62 86
f 145 147 199 200
f 146 201 202 148
f 149 150 6527 6528
f 149 6529 6530 150
f 152 151 291 292
f 153 293 294 154
f 156 155 147 145
f 157 146 148 158
f 142 159 6273 6274
f 141 6275 6276 160
f 144 161 159 142
f 143 141 160 162
f 146 163 203 201
f 145 200 204 164
f 157 165 163 146
f 156 145 164 166
f 153 6277 295 293
f 152 292 296 6280
f 169 6531 6513 116
f 170 115 6517 6532
f 171 6281 6282 173
f 172 174 6283 6284
f 175 195 196 163
f 176 164 197 198
f 165 177 175 163
f 166 164 176 178
f 181 183 177 165
f 182 166 178 184
f 181 6285 6286 183
f 182 184 6287 6288
f 174 187 6289 6283
f 173 6282 6290 188
f 117 5788 5790 211
f 107 214 5791 5789
f 111 5792 5775 105
f 112 106 5774 5793
f 189 191 162 160
f 190 159 161 192
f 187 193 222 220
f 188 221 223 194
f 195 171 173 196
f 198 197 174 172
f 197 193 187 174
f 196 173 188 194
f 197 164 204 193
f 196 194 203 163
f 200 199 205 206
f 201 207 208 202
f 204 200 206 210
f 203 209 207 201
f 206 205 85 143
f 207 144 86 208
f 210 206 143 162
f 209 161 144 207
f 193 204 210 222
f 194 223 209 203
f 211 111 109 212
f 214 213 110 112
f 215 130 6525 6523
f 217 6524 6526 132
f 217 132 139 218
f 215 219 140 130
f 218 212 109 137
f 219 138 110 213
f 211 5790 5792 111
f 214 112 5793 5791
f 220 222 191 189
f 221 190 192 223
f 222 210 162 191
f 223 192 161 209
f 6279 6280 296 297
f 6278 298 295 6277
f 167 6533 6534 224
f 167 224 6535 6536
f 224 6534 6537 300
f 224 300 6538 6535
f 84 86 62 60
f 83 59 61 85
f 177 183 227 225
f 178 226 228 184
f 225 227 171 195
f 226 198 172 228
f 177 225 195 175
f 178 176 198 226
f 227 6291 6281 171
f 228 172 6284 6292
f 179 6539 6531 169
f 180 170 6532 6540
f 231 230 5796 5779
f 232 5776 5797 233
f 232 6529 6536 234
f 231 235 6533 6528
f 236 6541 6542 5785
f 237 5786 6543 6544
f 235 5778 5798 238
f 234 239 5799 5777
f 238 5798 5800 299
f 239 301 5801 5799
f 183 6286 6291 227
f 184 228 6292 6287
f 5785 6542 6539 179
f 5786 180 6540 6543
f 250 6545 6527 150
f 250 150 6530 6546
f 244 5802 5796 230
f 245 233 5797 5803
f 151 251 246 248
f 154 249 247 252
f 246 240 253 248
f 247 249 254 241
f 240 259 257 253
f 241 254 258 260
f 257 259 263 264
f 258 265 266 260
f 261 353 271 272
f 262 273 274 352
f 272 271 269 267
f 273 268 270 274
f 276 6547 6548 275
f 276 275 6549 6550
f 277 281 282 278
f 280 279 283 284
f 91 6509 6551 303
f 91 303 6552 6510
f 92 75 305 302
f 89 304 306 76
f 281 5804 5805 282
f 284 283 5806 5807
f 75 5770 5808 305
f 76 306 5809 5771
f 77 79 309 307
f 78 308 310 80
f 79 81 311 309
f 80 310 312 82
f 83 313 311 81
f 84 82 312 314
f 285 315 313 83
f 286 84 314 316
f 205 285 83 85
f 208 86 84 286
f 287 317 315 285
f 288 286 316 318
f 199 287 285 205
f 202 208 286 288
f 289 319 317 287
f 290 288 318 320
f 147 289 287 199
f 148 202 288 290
f 242 321 319 289
f 243 290 320 322
f 155 242 289 147
f 158 148 290 243
f 151 248 321 291
f 154 294 322 249
f 292 291 155 156
f 293 157 158 294
f 293 295 165 157
f 292 156 166 296
f 297 296 166 182
f 298 181 165 295
f 300 6537 6544 186
f 300 186 6541 6538
f 299 5800 5787 237
f 301 236 5784 5801
f 303 6551 6547 276
f 303 276 6550 6552
f 302 305 281 277
f 304 280 284 306
f 305 5808 5804 281
f 306 284 5807 5809
f 307 309 272 267
f 308 268 273 310
f 309 311 261 272
f 310 273 262 312
f 317 257 264 315
f 318 316 265 258
f 319 253 257 317
f 320 318 258 254
f 321 248 253 319
f 322 320 254 249
f 291 321 242 155
f 294 158 243 322
f 323 266 256 325
f 324 326 255 263
f 323 325 329 327
f 324 328 330 326
f 327 329 333 331
f 328 332 334 330
f 331 333 337 335
f 332 336 338 334
f 337 341 339 335
f 338 336 340 342
f 341 343 344 339
f 342 340 345 346
f 343 351 352 344
f 346 345 353 354
f 333 343 341 337
f 334 338 342 346
f 329 347 343 333
f 330 334 346 348
f 329 325 349 347
f 330 348 350 326
f 351 256 352
f 354 353 255
f 325 256 351 349
f 326 350 354 255
f 347 349 351 343
f 348 346 354 350
f 355 6553 6545 250
f 355 250 6546 6554
f 356 5810 5802 244
f 357 245 5803 5811
f 358 360 246 251
f 359 252 247 361
f 360 362 240 246
f 361 247 241 363
f 364 6555 6553 355
f 364 355 6554 6556
f 365 5812 5810 356
f 366 357 5811 5813
f 367 369 360 358
f 368 359 361 370
f 371 6557 6555 364
f 371 364 6556 6558
f 372 5814 5812 365
f 373 366 5813 5815
f 374 376 369 367
f 375 368 370 377
f 378 6559 6557 371
f 378 371 6558 6560
f 379 5816 5814 372
f 380 373 5815 5817
f 381 383 376 374
f 382 375 377 384
f 385 6561 6559 378
f 385 378 6560 6562
f 386 5818 5816 379
f 387 380 5817 5819
f 388 390 383 381
f 389 382 384 391
f 392 6563 6561 385
f 392 385 6562 6564
f 393 5820 5818 386
f 394 387 5819 5821
f 395 397 390 388
f 396 389 391 398
f 369 399 362 360
f 370 361 363 400
f 376 401 399 369
f 377 370 400 402
f 383 403 401 376
f 384 377 402 404
f 390 405 403 383
f 391 384 404 406
f 397 407 405 390
f 398 391 406 408
f 240 362 409 259
f 241 260 410 363
f 399 411 409 362
f 400 363 410 412
f 401 415 411 399
f 402 400 412 416
f 403 417 415 401
f 404 402 416 418
f 405 419 417 403
f 406 404 418 420
f 407 421 419 405
f 408 406 420 422
f 313 413 261 311
f 314 312 262 414
f 413 255 353 261
f 414 262 352 256
f 264 263 255 413
f 265 414 256 266
f 315 264 413 313
f 316 314 414 265
f 409 425 423 259
f 410 260 424 426
f 353 438 439 271
f 352 274 440 441
f 269 271 439 442
f 270 443 440 274
f 282 5805 5822 444
f 283 445 5823 5806
f 275 6548 6565 447
f 275 447 6566 6549
f 278 282 444 446
f 279 448 445 283
f 438 429 427 439
f 441 440 428 430
f 442 439 427 431
f 443 432 428 440
f 444 5822 5824 433
f 445 434 5825 5823
f 447 6565 6567 435
f 447 435 6568 6566
f 446 444 433 436
f 448 437 434 445
f 353 449 438
f 352 441 450
f 425 457 458 423
f 426 424 459 460
f 449 455 429 438
f 450 441 430 456
f 451 453 471 472
f 452 469 470 454
f 457 453 451 458
f 460 459 452 454
f 259 423 324 263
f 260 266 323 424
f 423 458 328 324
f 424 323 327 459
f 458 451 332 328
f 459 327 331 452
f 345 466 449 353
f 344 352 450 467
f 466 465 455 449
f 467 450 456 468
f 472 471 461 462
f 469 463 464 470
f 462 461 465 466
f 463 467 468 464
f 451 472 336 332
f 452 331 335 469
f 472 462 340 336
f 469 335 339 463
f 462 466 345 340
f 463 339 344 467
f 409 411 473 425
f 410 426 474 412
f 473 475 457 425
f 474 426 460 476
f 432 6293 6294 481
f 431 482 6295 6296
f 434 437 485 483
f 433 484 486 436
f 437 6568 6569 485
f 436 486 6570 6567
f 428 432 481 477
f 427 478 482 431
f 430 428 477 479
f 429 480 478 427
f 456 430 479 488
f 455 489 480 429
f 468 456 488 490
f 465 491 489 455
f 464 468 490 492
f 461 493 491 465
f 494 470 464 492
f 495 493 461 471
f 494 496 454 470
f 495 471 453 497
f 500 476 460 498
f 501 499 457 475
f 498 460 454 496
f 499 497 453 457
f 502 6571 6569 487
f 502 487 6570 6572
f 503 505 483 485
f 504 486 484 506
f 505 5828 5826 483
f 506 484 5827 5829
f 509 508 482 478
f 510 477 481 507
f 480 511 509 478
f 479 477 510 512
f 489 513 511 480
f 488 479 512 514
f 513 517 515 511
f 514 512 516 518
f 511 515 508 509
f 512 510 507 516
f 517 6297 6298 515
f 518 516 6299 6300
f 521 525 526 522
f 524 523 527 528
f 515 6298 6301 508
f 516 507 6302 6299
f 525 6573 6574 526
f 528 527 6575 6576
f 522 526 504 506
f 523 505 503 527
f 526 6574 6572 504
f 527 503 6571 6575
f 501 529 539 499
f 500 498 540 530
f 491 531 513 489
f 490 488 514 532
f 493 533 531 491
f 492 490 532 534
f 495 535 533 493
f 494 492 534 536
f 497 537 535 495
f 496 494 536 538
f 499 539 537 497
f 498 496 538 540
f 529 541 543 539
f 530 540 544 542
f 539 543 545 537
f 540 538 546 544
f 537 545 547 535
f 538 536 548 546
f 535 547 549 533
f 536 534 550 548
f 533 549 551 531
f 534 532 552 550
f 531 551 517 513
f 532 514 518 552
f 541 6303 6304 543
f 542 544 6305 6306
f 543 6304 6307 545
f 544 546 6308 6305
f 545 6307 6309 547
f 546 548 6310 6308
f 547 6309 6311 549
f 548 550 6312 6310
f 549 6311 6313 551
f 550 552 6314 6312
f 551 6313 6297 517
f 552 518 6300 6314
f 553 565 567 555
f 554 556 568 566
f 555 567 569 557
f 556 558 570 568
f 557 569 571 559
f 558 560 572 570
f 559 571 573 561
f 560 562 574 572
f 561 573 575 563
f 562 564 576 574
f 563 575 525 521
f 564 524 528 576
f 575 6577 6573 525
f 576 528 6576 6578
f 573 6579 6577 575
f 574 576 6578 6580
f 571 6581 6579 573
f 572 574 6580 6582
f 569 6583 6581 571
f 570 572 6582 6584
f 567 6585 6583 569
f 568 570 6584 6586
f 565 6587 6585 567
f 566 568 6586 6588
f 583 416 412 474
f 584 473 411 415
f 585 583 474 476
f 586 475 473 584
f 587 585 476 500
f 588 501 475 586
f 589 595 554 566
f 590 565 553 596
f 591 587 500 530
f 592 529 501 588
f 593 591 530 542
f 594 541 529 592
f 595 5846 5837 554
f 596 553 5834 5847
f 597 6589 6588 582
f 597 582 6587 6590
f 598 418 416 583
f 599 584 415 417
f 600 598 583 585
f 601 586 584 599
f 602 600 585 587
f 603 588 586 601
f 604 602 587 591
f 605 592 588 603
f 606 604 591 593
f 607 594 592 605
f 608 5848 5846 595
f 609 596 5847 5849
f 610 608 595 589
f 611 590 596 609
f 612 6591 6589 597
f 612 597 6590 6592
f 613 420 418 598
f 614 599 417 419
f 615 613 598 600
f 616 601 599 614
f 617 615 600 602
f 618 603 601 616
f 619 617 602 604
f 620 605 603 618
f 621 619 604 606
f 622 607 605 620
f 623 5850 5848 608
f 624 609 5849 5851
f 625 623 608 610
f 626 611 609 624
f 627 6593 6591 612
f 627 612 6592 6594
f 628 422 420 613
f 629 614 419 421
f 630 628 613 615
f 631 616 614 629
f 632 630 615 617
f 633 618 616 631
f 634 632 617 619
f 635 620 618 633
f 636 634 619 621
f 637 622 620 635
f 638 5852 5850 623
f 639 624 5851 5853
f 640 638 623 625
f 641 626 624 639
f 642 6595 6593 627
f 642 627 6594 6596
f 661 686 685 659
f 662 660 735 738
f 645 928 929 643
f 646 644 930 931
f 649 2069 2070 647
f 650 648 5248 5249
f 653 828 829 651
f 654 652 830 831
f 657 5088 5089 655
f 658 656 5465 5466
f 663 4608 4609 664
f 666 665 4610 4611
f 667 5960 5961 668
f 670 669 5467 5468
f 671 5090 5091 672
f 674 673 665 666
f 649 2243 2244 675
f 650 676 933 931
f 657 886 887 687
f 658 688 888 889
f 653 854 858 689
f 654 690 859 857
f 691 1480 2245 2246
f 692 935 1482 1483
f 689 858 5962 5963
f 690 5469 5470 859
f 695 860 5964 5965
f 696 5471 5472 861
f 739 863 2093 2094
f 740 2095 2096 864
f 748 867 868 743
f 749 744 869 870
f 743 868 871 787
f 744 788 872 869
f 756 873 874 751
f 757 752 875 876
f 751 874 877 771
f 752 772 878 875
f 765 2071 2072 761
f 766 762 5250 5251
f 771 877 890 891
f 772 892 893 878
f 775 2073 2074 767
f 776 768 5252 5253
f 779 715 2073 775
f 780 776 5253 5254
f 782 894 895 784
f 783 785 896 897
f 787 871 873 756
f 788 757 876 872
f 792 748 743 793
f 795 794 744 749
f 793 743 787 790
f 794 791 788 744
f 784 895 898 796
f 785 797 899 896
f 790 787 756 798
f 791 799 757 788
f 798 756 751 800
f 799 801 752 757
f 800 751 771
f 801 772 752
f 778 784 796 774
f 781 777 797 785
f 802 2097 2098 900
f 803 901 2099 2100
f 807 865 2101 2102
f 808 2103 2104 866
f 804 2105 2103 808
f 805 807 2102 2106
f 810 2107 2108 902
f 811 903 2109 2110
f 812 2111 2095 740
f 813 739 2094 2112
f 769 879 2071 2074
f 791 899 904 799
f 790 798 905 898
f 799 904 906 801
f 798 800 907 905
f 801 906 892 772
f 800 771 891 907
f 797 777 884 814
f 796 815 769 774
f 820 5473 5474 908
f 821 909 5966 5967
f 826 5475 5471 696
f 827 695 5965 5968
f 828 886 910 829
f 831 830 911 889
f 828 653 689 832
f 831 833 690 654
f 826 696 1486 1498
f 827 1499 1485 695
f 820 908 1500 1501
f 821 1502 1503 909
f 836 750 746 834
f 837 835 2247 2248
f 836 834 912 913
f 837 914 915 835
f 834 746 789 842
f 835 843 2249 2247
f 838 912 916 844
f 841 845 917 915
f 780 838 844 776
f 779 775 2250 2251
f 776 844 846 768
f 775 767 2252 2250
f 844 916 918 846
f 845 847 919 917
f 842 789 758 848
f 843 849 2253 2249
f 846 918 920 850
f 847 851 921 919
f 850 920 922 762
f 851 2254 2255 921
f 768 846 850 766
f 767 765 2256 2252
f 766 850 762
f 765 761 2254 2256
f 848 758 754 852
f 849 853 2257 2253
f 852 754 773
f 2258 770 753 2257
f 854 653 651 855
f 857 856 652 654
f 854 2069 2075 858
f 857 859 5255 5249
f 858 2075 5969 5962
f 859 5470 5476 5255
f 860 2077 5970 5964
f 861 5472 5477 5258
f 863 2079 2113 2093
f 864 2096 5259 5260
f 867 2081 2082 868
f 870 869 5261 5262
f 868 2082 2083 871
f 869 872 5263 5261
f 873 2084 2085 874
f 876 875 5264 5265
f 874 2085 2086 877
f 875 878 5266 5264
f 879 817 759 880
f 882 881 760
f 877 2086 2087 890
f 878 893 5267 5266
f 885 884 777
f 883 885 777 781
f 871 2083 2084 873
f 872 876 5265 5263
f 865 2080 2115 2101
f 866 2104 5268 5269
f 884 5252 5251 882
f 886 828 832 887
f 889 888 833 831
f 891 890 880 759
f 892 760 881 893
f 894 792 793 895
f 897 896 794 795
f 895 793 790 898
f 896 899 791 794
f 900 2098 2105 804
f 901 805 2106 2099
f 902 2108 2111 812
f 903 813 2112 2109
f 899 797 814 904
f 898 905 815 796
f 904 814 816 906
f 905 907 817 815
f 906 816 760 892
f 907 891 759 817
f 908 5474 5475 826
f 909 827 5968 5966
f 886 657 655 910
f 889 911 656 658
f 908 826 1498 1500
f 909 1503 1499 827
f 913 912 838 839
f 914 840 841 915
f 912 834 842 916
f 915 917 843 835
f 916 842 848 918
f 917 919 849 843
f 918 848 852 920
f 919 921 853 849
f 920 852 773 922
f 921 2255 2258 853
f 890 2087 2072 880
f 893 881 5250 5267
f 924 809 2116 2117
f 925 2118 2259 2260
f 926 742 2114 2120
f 927 2121 2261 2262
f 928 2243 2263 929
f 931 930 648 650
f 928 645 677 932
f 931 933 678 646
f 934 1481 1506 693
f 935 694 1507 1482
f 935 692 5478 5479
f 934 5971 5972 2246
f 940 942 2123 2124
f 941 2125 2126 943
f 942 924 2117 2123
f 943 2126 2118 925
f 944 946 2127 2128
f 945 2129 2130 947
f 694 935 5479 5480
f 693 5973 5971 934
f 948 694 5480 5481
f 949 5974 5973 693
f 950 678 5482 5483
f 951 5975 5976 677
f 686 667 668 685
f 738 735 669 670
f 658 5466 5484 688
f 657 687 5092 5088
f 662 738 956 954
f 661 955 957 686
f 954 956 958 960
f 955 961 959 957
f 688 5484 5485 962
f 687 963 5093 5092
f 820 1501 1516 964
f 821 965 1517 1502
f 810 1492 1518 966
f 811 727 1519 1495
f 802 2107 2131 697
f 803 704 2132 2110
f 783 1088 1106 703
f 782 708 1107 1091
f 697 2131 2133 728
f 704 2265 2266 2132
f 785 783 703 781
f 784 778 708 782
f 883 781 703 707
f 715 718 708 778
f 703 1106 1108 730
f 708 2267 2268 1107
f 707 703 730 862
f 780 5254 5270 717
f 779 716 718 715
f 717 707 862 702
f 838 780 717 839
f 841 840 2269 2251
f 839 717 1110 1103
f 840 1104 2270 2269
f 721 2135 2271 2272
f 720 2273 2274 2138
f 944 2128 2139 722
f 945 2275 2276 2129
f 722 2139 2277 2278
f 719 2279 2280 2140
f 948 5481 5486 714
f 949 2281 5977 5974
f 714 5486 5487 2284
f 713 2285 5978 5979
f 950 5483 5488 712
f 951 2287 5980 5975
f 712 5488 5489 2290
f 711 2291 5981 5982
f 942 2127 2120 924
f 943 925 2121 2130
f 712 1623 1621 950
f 711 2287 2293 1624
f 684 956 738 670
f 683 667 686 957
f 737 958 956 684
f 736 683 957 959
f 825 5490 5491 964
f 822 2294 5983 5984
f 818 5419 5418 960
f 698 2296 5094 5095
f 819 818 960 958
f 726 2298 2296 698
f 824 819 958 737
f 823 2299 2298 726
f 825 964 1516 1529
f 822 1530 2300 2294
f 710 1625 2301 2290
f 709 2291 2302 1626
f 971 1180 1178 969
f 972 2303 2304 1181
f 732 971 969 938
f 731 2305 5096 5097
f 967 973 2306 2307
f 968 2308 5098 5099
f 973 1182 2310 2306
f 974 2309 2311 1183
f 975 734 2312 2313
f 976 2314 2315 733
f 734 977 2316 2312
f 733 2315 2317 978
f 977 5420 5421 2316
f 978 2317 5100 5101
f 979 5492 5493 2318
f 980 2319 5985 5986
f 981 5494 5495 2323
f 982 2324 5987 5988
f 983 2143 2326 2327
f 984 2328 2329 2144
f 987 2330 2331 1114
f 988 1115 2332 2333
f 989 992 2334 2335
f 990 2336 2337 993
f 994 2338 2339 2145
f 995 2146 2340 2341
f 994 2147 2342 2338
f 995 2341 2343 2148
f 996 1535 2344 2345
f 997 2346 4861 1536
f 998 1537 2347 2348
f 999 2349 2350 1538
f 1000 1627 2351 2352
f 1001 2353 2354 1628
f 1002 1004 2355 2356
f 1003 2357 5102 5103
f 1004 1184 2359 2355
f 1005 2358 2360 1185
f 1006 1008 2361 2362
f 1007 2363 2364 1009
f 1008 1010 2365 2361
f 1009 2364 2366 1011
f 1010 5422 5423 2365
f 1011 2366 5104 5105
f 1012 5496 5497 2367
f 1013 2368 5989 5990
f 1014 5498 5499 2372
f 1015 2373 5991 5992
f 1016 2149 2375 2376
f 1017 2377 2378 2150
f 1018 2151 2379 2380
f 1019 2381 2382 2154
f 1020 1022 2383 2384
f 1021 2385 2386 1023
f 1022 1024 2387 2383
f 1023 2386 2388 1025
f 1024 1120 2490 2387
f 1025 2388 2491 1121
f 1026 2155 2389 2390
f 1027 2391 2392 2156
f 1028 1543 2393 2394
f 1029 2395 2396 1544
f 1030 1545 2397 2398
f 1031 2399 2400 1546
f 1032 1629 2401 2402
f 1033 2403 2404 1630
f 1034 1036 2405 2406
f 1035 2407 5106 5107
f 1036 1186 2409 2405
f 1037 2408 2410 1187
f 1038 1040 2411 2412
f 1039 2413 2414 1041
f 1044 5500 5501 2415
f 1045 2416 5993 5994
f 1046 5502 5503 2420
f 1047 2421 5995 5996
f 1048 2157 2423 2424
f 1049 2425 2426 2158
f 1050 2159 2427 2428
f 1051 2429 2430 2160
f 1054 1056 2431 2432
f 1055 2433 2434 1057
f 1052 1054 2432 2435
f 1053 2436 2433 1055
f 1056 1124 2437 2431
f 1057 2434 2438 1125
f 1058 2161 2439 2440
f 1059 2441 2442 2162
f 1060 1551 2443 2444
f 1061 2445 2446 1552
f 1062 1553 2447 2448
f 1063 2449 2450 1554
f 1064 1631 2451 2452
f 1065 2453 2454 1632
f 1066 1068 2455 2456
f 1067 2457 5108 5109
f 1068 1188 2459 2455
f 1069 2458 2460 1189
f 1070 1072 2461 2462
f 1071 2463 2464 1073
f 1068 1066 1555 1556
f 1069 1557 5110 5109
f 1064 5504 5505 2470
f 1065 2471 5997 5998
f 1080 5506 5507 2474
f 1081 2475 5999 6000
f 1088 783 897 1089
f 1091 1090 894 782
f 1093 1092 867 748
f 1094 749 870 1095
f 1096 795 749 1094
f 1097 1093 748 792
f 1092 2088 2081 867
f 1095 870 5262 5271
f 1089 897 795 1096
f 1090 1097 792 894
f 1100 1099 750 836
f 1101 837 2248 2477
f 1103 1102 913 839
f 1104 840 914 1105
f 1102 1100 836 913
f 1105 914 837 1101
f 1088 2097 2163 1106
f 1091 1107 2164 2100
f 1106 2163 2165 1108
f 1107 2268 2478 2164
f 1103 1110 2135 2124
f 1104 2125 2479 2270
f 1110 717 2480 2481
f 1111 2482 2483 716
f 1114 2331 2484 2152
f 1115 2153 2485 2332
f 1116 2486 2334 992
f 1117 993 2337 2487
f 1118 1020 2384 2488
f 1119 2489 2385 1021
f 1120 2167 2490
f 1121 2491 2168
f 1122 1052 2435 2492
f 1123 2493 2436 1053
f 1124 2169 2494 2437
f 1125 2438 2495 2170
f 1126 2171 2174 2173
f 1127 2175 2178 2177
f 1060 2161 2179 1634
f 1061 1635 2180 2162
f 1072 1070 1436 1437
f 1073 1438 1439 1071
f 1130 1132 1260 1261
f 1131 1262 1263 1133
f 1075 1072 1437 1440
f 1076 1441 1438 1073
f 1166 1130 1261 1269
f 1167 1264 1262 1131
f 1070 5508 5509 1436
f 1071 1439 6001 6002
f 1142 1174 1190 1143
f 1145 1144 1191 1177
f 1142 2025 2033 1146
f 1145 1147 2034 2028
f 1148 2035 2034 1147
f 1149 1146 2033 2036
f 1150 2037 2035 1148
f 1151 2496 2497 2038
f 1152 2039 2498 2499
f 1153 2500 2501 2040
f 1154 2041 2502 2503
f 1155 2504 2505 2042
f 1156 2043 2506 2507
f 1157 2508 2509 2044
f 1158 2029 2510 2511
f 1159 2512 2513 2032
f 1158 1188 1444 1442
f 1159 1443 1445 1189
f 1068 1556 1565 1446
f 1069 1447 1566 1557
f 1160 1192 1265 1266
f 1161 1267 1268 1193
f 1132 5510 5511 1260
f 1133 1263 6003 6004
f 1140 1613 2049 1270
f 1141 1271 2050 1614
f 1134 1136 1236 1237
f 1135 1238 1239 1137
f 1138 1134 1237 1240
f 1139 1241 1238 1135
f 1174 1142 1146 1175
f 1177 1176 1147 1145
f 1178 1148 1147 1176
f 1179 1175 1146 1149
f 1180 1150 1148 1178
f 1181 2304 2496 1151
f 1182 1152 2499 2310
f 1183 2311 2500 1153
f 1184 1154 2503 2359
f 1185 2360 2504 1155
f 1186 1156 2507 2409
f 1187 2410 2508 1157
f 1188 1158 2511 2459
f 1189 2460 2512 1159
f 1174 671 672 1190
f 1177 1191 673 674
f 1188 1068 1446 1444
f 1189 1445 1447 1069
f 1192 1140 1270 1265
f 1193 1268 1271 1141
f 1136 5512 5513 1236
f 1137 1239 6005 6006
f 1162 1194 1244 1242
f 1163 1243 1245 1195
f 1194 1164 1246 1244
f 1195 1245 1247 1165
f 1164 2055 2056 1246
f 1165 1247 2057 2058
f 1172 1168 5514 5515
f 1173 6007 6008 1169
f 1168 1170 5516 5514
f 1169 6008 6009 1171
f 1046 1547 3839 3840
f 1047 3841 3842 1548
f 1202 1569 1570 1206
f 1203 1207 1571 1572
f 1206 1570 1573 1217
f 1207 1218 1574 1571
f 1213 1575 1576 1221
f 1214 1222 1577 1578
f 1217 1573 1575 1213
f 1218 1214 1578 1574
f 1066 4709 4710 3844
f 1067 3845 4711 4712
f 1224 4713 4714 1279
f 1225 1280 4715 4716
f 1228 4717 4718 1293
f 1229 1294 4719 4720
f 1237 1236 1248 1249
f 1238 1250 1251 1239
f 1240 1237 1249 1252
f 1241 1253 1250 1238
f 1236 5513 5517 1248
f 1239 1251 6010 6005
f 1242 1244 1256 1254
f 1243 1255 1257 1245
f 1244 1246 1258 1256
f 1245 1257 1259 1247
f 1246 2056 2067 1258
f 1247 1259 2068 2057
f 1249 1248 1170 1168
f 1250 1169 1171 1251
f 1252 1249 1168 1172
f 1253 1173 1169 1250
f 1248 5517 5516 1170
f 1251 1171 6009 6010
f 1254 1256 1198 1196
f 1255 1197 1199 1257
f 1256 1258 1200 1198
f 1257 1199 1201 1259
f 1258 2067 2060 1200
f 1259 1201 2061 2068
f 1261 1260 1136 1134
f 1262 1135 1137 1263
f 1269 1261 1134 1138
f 1264 1139 1135 1262
f 1266 1265 1194 1162
f 1267 1163 1195 1268
f 1260 5511 5512 1136
f 1263 1137 6006 6003
f 1270 2049 2055 1164
f 1271 1165 2058 2050
f 1265 1270 1164 1194
f 1268 1195 1165 1271
f 1044 2465 3847 3848
f 1045 3849 3850 2468
f 1074 5518 5519 3852
f 1077 3853 6011 6012
f 1080 2474 3855 3856
f 1081 3857 3858 2475
f 1064 2470 3859 3860
f 1065 3861 3862 2471
f 1204 2520 2521 1208
f 1205 1209 2522 2523
f 1279 4714 4727 1286
f 1280 1287 4728 4715
f 1272 5520 5521 1276
f 1273 1277 6013 6014
f 1226 2524 2525 1278
f 1227 1281 2526 2527
f 1274 2528 2529 1282
f 1275 1283 2530 2531
f 1286 4727 4717 1228
f 1287 1229 4720 4728
f 1282 2529 2532 1288
f 1283 1289 2533 2530
f 1288 2532 2534 1284
f 1289 1285 2535 2533
f 1284 2534 2536 1290
f 1285 1291 2537 2535
f 1293 4718 4733 1385
f 1294 1386 4734 4719
f 1230 2538 2539 1292
f 1231 1295 2540 2541
f 1292 2539 2542 1389
f 1295 1390 2543 2540
f 1290 2536 2544 1393
f 1291 1394 2545 2537
f 1298 5522 5523 1396
f 1299 1397 6015 6016
f 764 5524 5522 1298
f 763 1299 6016 6017
f 1212 2546 2548 1220
f 1215 1223 2549 2547
f 1210 1593 4741 4742
f 1211 4743 4744 1596
f 1078 5525 5526 4748
f 1079 4750 6018 6019
f 1221 1576 1601 1399
f 1222 1400 1602 1577
f 1301 5527 5528 2551
f 1302 2552 6020 6021
f 1301 2551 3863 3864
f 1302 3865 3866 2552
f 1304 2556 2557 1306
f 1305 1307 2558 2559
f 1310 2560 2561 1312
f 1311 1313 2562 2563
f 1312 2561 2564 1388
f 1313 1391 2565 2562
f 1316 2566 4759 4760
f 1317 4761 4762 2569
f 1220 2548 2570 1398
f 1223 1401 2571 2549
f 1318 1709 1710 1319
f 1321 1320 1711 1712
f 1318 4608 4763 1322
f 1321 1323 5529 5530
f 1324 5531 5529 1323
f 1325 1322 4763 4766
f 1328 5532 5533 2573
f 1329 2574 6022 6023
f 1330 5534 5535 2575
f 1331 2576 6024 6025
f 1332 5536 5537 2577
f 1333 2578 6026 6027
f 1334 5538 5539 2579
f 1335 2580 6028 6029
f 1337 5540 5544 5543
f 1338 6030 6034 6033
f 1334 1713 3867 3843
f 1335 3846 3868 1716
f 1340 1717 1718 1342
f 1341 1343 1719 1720
f 1344 1721 1722 1345
f 1347 1346 1723 1724
f 1337 5543 5545 3869
f 1338 3870 6035 6030
f 1342 1718 1725 1350
f 1343 1351 1726 1719
f 1348 5546 5547 1352
f 1349 1353 6036 6037
f 1350 1725 1721 1344
f 1351 1347 1724 1726
f 1352 5547 5548 1354
f 1353 1355 6038 6036
f 1354 5548 5549 1356
f 1355 1357 6039 6038
f 1356 5549 5550 1358
f 1357 1359 6040 6039
f 1345 1722 1727 1384
f 1346 1387 1728 1723
f 1358 5550 5551 1392
f 1359 1395 6041 6040
f 1360 1729 1730 1598
f 1604 1235 1673 1674
f 1364 2567 2581 1732
f 1365 1733 2582 2568
f 1679 1735 2583 2584
f 1681 1737 2585 2586
f 1314 1680 1683 1605
f 1315 1606 1684 1681
f 1062 5552 5553 1449
f 1063 1450 6042 6043
f 1300 2587 2588 1452
f 1303 1453 2589 2590
f 1082 1739 1740 1454
f 1083 1455 1741 1742
f 1336 2591 2592 1456
f 1339 1457 2593 2594
f 1050 2157 2181 1459
f 1051 1460 2182 2158
f 1048 4808 4809 1458
f 1049 1461 4810 4811
f 1126 2173 2183 1462
f 1127 1463 2184 2175
f 1060 1634 1689 1448
f 1061 1451 1690 1635
f 1385 4733 4812 1232
f 1386 1233 4813 4734
f 1389 2542 2595 1234
f 1390 1235 2596 2543
f 1393 2544 2597 1296
f 1394 1297 2598 2545
f 1396 5523 5525 1078
f 1397 1079 6019 6015
f 1399 1601 1593 1210
f 1400 1211 1596 1602
f 1388 2564 2599 1314
f 1391 1315 2600 2565
f 1398 2570 2566 1316
f 1401 1317 2569 2571
f 1384 1727 1729 1360
f 1387 1361 1743 1728
f 1392 5551 5554 1362
f 1395 1363 6044 6041
f 1403 5555 5556 1854
f 1404 1855 6045 6046
f 1406 2601 2602 1857
f 1407 1858 2603 2604
f 1408 1744 1859 1860
f 1409 1861 1862 1747
f 1410 2605 2606 1863
f 1411 1864 2607 2608
f 1413 2185 2186 1866
f 1414 1867 2187 2188
f 1412 4818 4819 1865
f 1415 1868 4820 4821
f 1416 2189 2190 1869
f 1417 1870 2191 2192
f 1402 1695 1871 1872
f 1405 1873 1874 1698
f 1419 1567 1569 1202
f 1420 1203 1572 1568
f 1423 4822 4713 1224
f 1424 1225 4716 4823
f 1426 5557 5520 1272
f 1427 1273 6014 6047
f 1429 2516 2528 1274
f 1430 1275 2531 2517
f 1433 2518 2524 1226
f 1434 1227 2527 2519
f 1432 2554 2556 1304
f 1435 1305 2559 2555
f 1422 1714 1717 1340
f 1425 1341 1720 1715
f 1428 5558 5546 1348
f 1431 1349 6037 6048
f 1437 1436 1132 1130
f 1438 1131 1133 1439
f 1440 1437 1130 1166
f 1441 1167 1131 1438
f 1436 5509 5510 1132
f 1439 1133 6004 6001
f 1442 1444 1192 1160
f 1443 1161 1193 1445
f 1446 1565 1613 1140
f 1447 1141 1614 1566
f 1444 1446 1140 1192
f 1445 1193 1141 1447
f 1449 5553 5559 1880
f 1450 1881 6049 6042
f 1452 2588 2609 1883
f 1453 1884 2610 2589
f 1454 1740 1885 1886
f 1455 1887 1888 1741
f 1456 2592 2611 1889
f 1457 1890 2612 2593
f 1459 2181 2193 1892
f 1460 1893 2194 2182
f 1458 4809 4830 1891
f 1461 1894 4831 4810
f 1462 2183 2195 1895
f 1463 1896 2196 2184
f 1448 1689 1897 1898
f 1451 1899 1900 1690
f 1465 5560 5561 1828
f 1466 1829 6050 6051
f 1468 2613 2614 1831
f 1469 1832 2615 2616
f 1470 1745 1833 1834
f 1471 1835 1836 1746
f 1472 2617 2618 1837
f 1473 1838 2619 2620
f 1475 2197 2198 1840
f 1476 1841 2199 2200
f 1474 4836 4837 1839
f 1477 1842 4838 4839
f 1478 2201 2202 1843
f 1479 1844 2203 2204
f 1464 1696 1845 1846
f 1467 1847 1848 1697
f 1368 5562 5563 2622
f 1369 2623 6052 6053
f 1480 4844 4845 2245
f 1483 1482 4846 4631
f 1485 1484 860 695
f 1486 696 861 1487
f 1489 1488 863 739
f 1490 740 864 1491
f 1492 810 902 1493
f 1495 1494 903 811
f 1496 812 740 1490
f 1497 1489 739 813
f 1498 1486 4618 4847
f 1499 4848 4617 1485
f 1501 1500 4849 4850
f 1502 4851 4852 1503
f 1484 2076 2077 860
f 1487 861 5258 5272
f 1488 2078 2079 863
f 1491 864 5260 5273
f 1493 902 812 1496
f 1494 1497 813 903
f 1500 1498 4847 4849
f 1503 4852 4848 1499
f 1481 4853 4644 1506
f 1482 1507 4641 4846
f 1508 1505 742 926
f 1509 927 2262 2264
f 1510 1508 926 946
f 1511 947 927 1509
f 1512 1510 946 944
f 1513 945 947 1511
f 1514 1507 694 948
f 1515 949 693 1506
f 1501 4850 4854 1516
f 1502 1517 4855 4851
f 1492 4624 4656 1518
f 1495 1519 4856 4627
f 1512 944 722 1520
f 1513 2282 2275 945
f 1520 722 2278 2283
f 1521 2286 2279 719
f 1514 948 714 1524
f 1515 2288 2281 949
f 1524 714 2284 2289
f 1525 2292 2285 713
f 1527 700 966 1518
f 1528 2295 2625 699
f 1529 1516 4854 4857
f 1530 4858 4859 2300
f 1531 981 2323 2320
f 1532 2321 2324 982
f 1533 983 2327 2322
f 1534 2325 2328 984
f 1535 4860 2344
f 1536 4861 4862
f 1537 4863 4864 2347
f 1538 2350 4865 4866
f 1539 1014 2372 2369
f 1540 2370 2373 1015
f 1541 1016 2376 2371
f 1542 2374 2377 1017
f 1543 4867 4868 2393
f 1544 2396 4869 4870
f 1545 4871 4872 2397
f 1546 2400 4873 4874
f 1547 1046 2420 2417
f 1548 2418 2421 1047
f 1549 1048 2424 2419
f 1550 2422 2425 1049
f 1551 4804 4875 2443
f 1552 2446 4876 4807
f 1553 4683 4877 2447
f 1554 2450 4878 4686
f 1556 1555 4723 4879
f 1557 4880 5111 5110
f 1553 1062 2587 2469
f 1554 2472 2590 1063
f 1561 1082 2591 2473
f 1564 2476 2594 1083
f 1556 4879 4881 1565
f 1557 1566 4882 4880
f 1547 4675 4883 3839
f 1548 3842 4884 4678
f 1569 4885 4886 1570
f 1572 1571 4887 4888
f 1570 4886 4889 1573
f 1571 1574 4890 4887
f 1575 4891 4892 1576
f 1578 1577 4893 4894
f 1573 4889 4891 1575
f 1574 1578 4894 4890
f 1555 1066 3844 3851
f 1558 3854 3845 1067
f 1581 1224 1279 1582
f 1584 1583 1280 1225
f 1582 1279 1286 1585
f 1583 1586 1287 1280
f 1587 1293 1385 1588
f 1590 1589 1386 1294
f 1591 1228 1293 1587
f 1592 1590 1294 1229
f 1585 1286 1228 1591
f 1586 1592 1229 1287
f 1593 4895 4897 4741
f 1596 4744 4900 4899
f 1597 1232 4812 4746
f 1600 4752 4813 1233
f 1576 4892 4901 1601
f 1577 1602 4902 4893
f 1559 1300 2626 2550
f 1560 2553 2627 1303
f 1562 1336 5564 5565
f 1563 6054 6055 1339
f 1675 1731 5566 5567
f 1367 1734 6056 6057
f 1605 2628 2595 1314
f 1606 1315 2596 2629
f 1594 4896 4906 1751
f 1677 1733 6058 6059
f 1551 1060 1448 1607
f 1552 1608 1451 1061
f 1588 1385 1232 1597
f 1589 1600 1233 1386
f 1601 4901 4895 1593
f 1602 1596 4899 4902
f 1609 1402 1872 1853
f 1612 1856 1873 1405
f 1579 1423 1224 1581
f 1580 1584 1225 1424
f 1565 4881 4909 1613
f 1566 1614 4910 4882
f 1607 1448 1898 1879
f 1608 1882 1899 1451
f 1610 1464 1846 1827
f 1611 1830 1847 1467
f 1615 1370 2630 2621
f 1616 2624 2631 1371
f 1374 1748 2632 2633
f 1375 2634 2635 1749
f 1623 1763 1761 1621
f 1624 2293 2636 1764
f 1625 1765 2637 2301
f 1626 2302 2638 1766
f 1627 1767 2639 2351
f 1628 2354 2640 1768
f 1629 1769 2641 2401
f 1630 2404 2642 1770
f 1631 1713 2643 2451
f 1632 2454 2644 1716
f 1634 2179 2205 1772
f 1635 1773 2206 2180
f 1638 5568 5569 1776
f 1639 1777 6060 6061
f 1638 1776 3871 3872
f 1639 1043 1042 1777
f 1643 1781 1782 1644
f 1646 1645 1783 1784
f 1644 1782 1785 1647
f 1645 1648 1786 1783
f 1647 1785 1787 1649
f 1648 1650 1788 1786
f 1649 1787 1789 1651
f 1650 1652 1790 1788
f 1651 1789 1791 1653
f 1652 1654 1792 1790
f 1619 645 643 1655
f 1620 1656 644 646
f 1631 1064 3860 1087
f 1632 1086 3861 1065
f 1659 1226 1278 1660
f 1662 1661 1281 1227
f 1663 1230 1292 1664
f 1666 1665 1295 1231
f 1664 1292 1389 1669
f 1665 1670 1390 1295
f 1671 1234 1603 1672
f 1674 1673 1743 1750
f 1676 2645 5570 5571
f 1677 6062 6063 2646
f 1314 2599 2584 1680
f 1315 1681 2586 2600
f 1680 1736 1751 1683
f 1681 1684 1752 1737
f 1685 2626 2647 1686
f 1688 1687 2648 2627
f 1634 1772 1793 1689
f 1635 1690 1794 1773
f 1653 1791 1735 1679
f 1654 1682 1738 1792
f 1669 1389 1234 1671
f 1670 1673 1235 1390
f 1691 2649 2650 1875
f 1694 1876 2651 2652
f 1695 1795 1877 1871
f 1698 1874 1878 1798
f 1641 1779 1781 1643
f 1642 1646 1784 1780
f 1657 1433 1226 1659
f 1658 1662 1227 1434
f 1686 2647 2653 1901
f 1687 1902 2654 2648
f 1689 1793 1903 1897
f 1690 1900 1904 1794
f 1692 2655 2656 1849
f 1693 1850 2657 2658
f 1696 1796 1851 1845
f 1697 1848 1852 1797
f 1704 5572 5573 1753
f 1705 1754 6064 6065
f 1637 1685 1739 1775
f 1640 1778 1742 1688
f 1603 4923 4904 1672
f 4924 1604 1674 4925
f 4916 1605 1683 4926
f 1606 4917 4908 1684
f 1699 2659 2662 2661
f 1700 2663 2666 2665
f 1370 1701 2667 2630
f 1371 2631 2668 1702
f 1709 1619 1655 1710
f 1712 1711 1656 1620
f 1713 1631 1087 3867
f 1716 3868 1086 1632
f 1717 1659 1660 1718
f 1720 1719 1661 1662
f 1721 1663 1664 1722
f 1724 1723 1665 1666
f 1718 1660 1667 1725
f 1719 1726 1668 1661
f 1725 1667 1663 1721
f 1726 1724 1666 1668
f 1722 1664 1669 1727
f 1723 1728 1670 1665
f 1729 1671 1672 1730
f 1732 2581 2645 1676
f 1733 1677 2646 2582
f 1735 1296 2597 2583
f 1737 1363 2598 2585
f 1739 1685 1686 1740
f 1742 1741 1687 1688
f 1727 1669 1671 1729
f 1728 1743 1673 1670
f 1744 1691 1875 1859
f 1747 1862 1876 1694
f 1714 1657 1659 1717
f 1715 1720 1662 1658
f 1740 1686 1901 1885
f 1741 1888 1902 1687
f 1745 1692 1849 1833
f 1746 1836 1850 1693
f 1731 1366 5574 5566
f 1734 1678 6066 6056
f 1751 4906 4926 1683
f 1733 1365 6067 6058
f 1748 1699 2661 2632
f 1749 2635 2663 1700
f 1764 2636 2572 1327
f 1765 1328 2573 2637
f 1766 2638 2574 1329
f 1767 1330 2575 2639
f 1768 2640 2576 1331
f 1769 1332 2577 2641
f 1770 2642 2578 1333
f 1713 1334 2579 2643
f 1716 2644 2580 1335
f 1772 2205 2171 1126
f 1773 1127 2177 2206
f 1776 5569 5506 1080
f 1777 1081 6000 6060
f 1776 1080 3856 3871
f 1777 1042 3857 1081
f 1781 1274 1282 1782
f 1784 1783 1283 1275
f 1782 1282 1288 1785
f 1783 1786 1289 1283
f 1785 1288 1284 1787
f 1786 1788 1285 1289
f 1787 1284 1290 1789
f 1788 1790 1291 1285
f 1789 1290 1393 1791
f 1790 1792 1394 1291
f 1750 1743 1361 1599
f 1736 1362 1594 1751
f 1737 1752 1595 1363
f 1772 1126 1462 1793
f 1773 1794 1463 1127
f 1791 1393 1296 1735
f 1792 1738 1297 1394
f 1795 1416 1869 1877
f 1798 1878 1870 1417
f 1779 1429 1274 1781
f 1780 1784 1275 1430
f 1793 1462 1895 1903
f 1794 1904 1896 1463
f 1796 1478 1843 1851
f 1797 1852 1844 1479
f 1753 5573 5575 1376
f 1754 1377 6068 6064
f 1775 1739 1082 1561
f 1778 1564 1083 1742
f 1802 5576 5562 1368
f 1803 1369 6053 6069
f 1805 2669 2660 1372
f 1806 1373 2664 2670
f 1808 1807 1748 1374
f 1809 1375 1749 1810
f 1811 2671 2633 1376
f 1812 1377 2634 2672
f 1814 2207 2208 1378
f 1815 1379 2209 2210
f 1813 4931 4927 1380
f 1816 1381 4928 4932
f 1817 2211 2212 1382
f 1818 1383 2213 2214
f 1820 1819 1701 1370
f 1821 1371 1702 1822
f 1801 1820 1370 1615
f 1804 1616 1371 1821
f 1823 2673 2659 1699
f 1824 1700 2665 2674
f 1819 1825 1755 1701
f 1822 1702 1758 1826
f 1807 1823 1699 1748
f 1810 1749 1700 1824
f 1825 1817 1382 1755
f 1826 1758 1383 1818
f 1828 5561 5576 1802
f 1829 1803 6069 6050
f 1831 2614 2669 1805
f 1832 1806 2670 2615
f 1834 1833 1807 1808
f 1835 1809 1810 1836
f 1837 2618 2671 1811
f 1838 1812 2672 2619
f 1840 2198 2207 1814
f 1841 1815 2210 2199
f 1839 4837 4931 1813
f 1842 1816 4932 4838
f 1843 2202 2211 1817
f 1844 1818 2214 2203
f 1846 1845 1819 1820
f 1847 1821 1822 1848
f 1827 1846 1820 1801
f 1830 1804 1821 1847
f 1849 2656 2673 1823
f 1850 1824 2674 2657
f 1845 1851 1825 1819
f 1848 1822 1826 1852
f 1833 1849 1823 1807
f 1836 1810 1824 1850
f 1851 1843 1817 1825
f 1852 1826 1818 1844
f 1854 5556 5560 1465
f 1855 1466 6051 6045
f 1857 2602 2613 1468
f 1858 1469 2616 2603
f 1860 1859 1745 1470
f 1861 1471 1746 1862
f 1863 2606 2617 1472
f 1864 1473 2620 2607
f 1866 2186 2197 1475
f 1867 1476 2200 2187
f 1865 4819 4836 1474
f 1868 1477 4839 4820
f 1869 2190 2201 1478
f 1870 1479 2204 2191
f 1872 1871 1696 1464
f 1873 1467 1697 1874
f 1853 1872 1464 1610
f 1856 1611 1467 1873
f 1875 2650 2655 1692
f 1876 1693 2658 2651
f 1871 1877 1796 1696
f 1874 1697 1797 1878
f 1859 1875 1692 1745
f 1862 1746 1693 1876
f 1877 1869 1478 1796
f 1878 1797 1479 1870
f 1880 5559 5555 1403
f 1881 1404 6046 6049
f 1883 2609 2601 1406
f 1884 1407 2604 2610
f 1886 1885 1744 1408
f 1887 1409 1747 1888
f 1889 2611 2605 1410
f 1890 1411 2608 2612
f 1892 2193 2185 1413
f 1893 1414 2188 2194
f 1891 4830 4818 1412
f 1894 1415 4821 4831
f 1895 2195 2189 1416
f 1896 1417 2192 2196
f 1898 1897 1695 1402
f 1899 1405 1698 1900
f 1879 1898 1402 1609
f 1882 1612 1405 1899
f 1901 2653 2649 1691
f 1902 1694 2652 2654
f 1897 1903 1795 1695
f 1900 1698 1798 1904
f 1885 1901 1691 1744
f 1888 1747 1694 1902
f 1903 1895 1416 1795
f 1904 1798 1417 1896
f 1052 1122 1923 1924
f 1053 1925 1926 1123
f 1054 1052 1924 1927
f 1055 1928 1925 1053
f 1056 1054 1927 1929
f 1057 1930 1928 1055
f 1124 1056 1929 1931
f 1125 1932 1930 1057
f 1058 2169 2215 1933
f 1059 1934 2216 2170
f 1122 2172 2217 1923
f 1123 1926 2218 2176
f 1633 1058 1933 1937
f 1636 1938 1934 1059
f 1771 1633 1937 1939
f 1774 1940 1938 1636
f 1128 1771 1939 1935
f 1129 1936 1940 1774
f 1924 1923 1941 1942
f 1925 1943 1944 1926
f 1927 1924 1942 1945
f 1928 1946 1943 1925
f 1929 1927 1945 1947
f 1930 1948 1946 1928
f 1931 1929 1947 1949
f 1932 1950 1948 1930
f 1933 2215 2219 1951
f 1934 1952 2220 2216
f 1923 2217 2221 1941
f 1926 1944 2222 2218
f 1937 1933 1951 1955
f 1938 1956 1952 1934
f 1939 1937 1955 1957
f 1940 1958 1956 1938
f 1935 1939 1957 1953
f 1936 1954 1958 1940
f 1942 1941 1959 1960
f 1943 1961 1962 1944
f 1945 1942 1960 1963
f 1946 1964 1961 1943
f 1947 1945 1963 1965
f 1948 1966 1964 1946
f 1949 1947 1965 1967
f 1950 1968 1966 1948
f 1951 2219 2223 1969
f 1952 1970 2224 2220
f 1941 2221 2225 1959
f 1944 1962 2226 2222
f 1955 1951 1969 1973
f 1956 1974 1970 1952
f 1957 1955 1973 1975
f 1958 1976 1974 1956
f 1953 1957 1975 1971
f 1954 1972 1976 1958
f 1960 1959 1977 1978
f 1961 1979 1980 1962
f 1963 1960 1978 1981
f 1964 1982 1979 1961
f 1965 1963 1981 1983
f 1966 1984 1982 1964
f 1967 1965 1983 1985
f 1968 1986 1984 1966
f 1969 2223 2227 1987
f 1970 1988 2228 2224
f 1959 2225 2229 1977
f 1962 1980 2230 2226
f 1973 1969 1987 1991
f 1974 1992 1988 1970
f 1975 1973 1991 1993
f 1976 1994 1992 1974
f 1971 1975 1993 1989
f 1972 1990 1994 1976
f 1978 1977 1995 1996
f 1979 1997 1998 1980
f 1981 1978 1996 1999
f 1982 2000 1997 1979
f 1983 1981 1999 2001
f 1984 2002 2000 1982
f 1985 1983 2001 2003
f 1986 2004 2002 1984
f 1987 2227 2231 2005
f 1988 2006 2232 2228
f 1977 2229 2233 1995
f 1980 1998 2234 2230
f 1991 1987 2005 2009
f 1992 2010 2006 1988
f 1993 1991 2009 1308
f 1994 1309 2010 1992
f 1989 1993 1308 2007
f 1990 2008 1309 1994
f 1996 1995 1907 1905
f 1997 1906 1908 1998
f 1999 1996 1905 1909
f 2000 1910 1906 1997
f 2001 1999 1909 1911
f 2002 1912 1910 2000
f 2003 2001 1911 1913
f 2004 1914 1912 2002
f 2005 2231 2235 1915
f 2006 1916 2236 2232
f 1995 2233 2237 1907
f 1998 1908 2238 2234
f 2009 2005 1915 1919
f 2010 1920 1916 2006
f 1308 2009 1919 1921
f 1309 1922 1920 2010
f 2007 1308 1921 1917
f 2008 1918 1922 1309
f 1667 2011 1230 1663
f 1668 1666 1231 2012
f 1660 1278 2011 1667
f 1661 1668 2012 1281
f 1278 2525 2675 2011
f 1281 2012 2676 2526
f 2011 2675 2538 1230
f 2012 1231 2541 2676
f 1306 2557 2677 1760
f 1307 1759 2678 2558
f 1760 2677 2560 1310
f 1759 1311 2563 2678
f 1323 2013 1761 1324
f 1322 1325 1762 2014
f 1321 1712 2013 1323
f 1318 1322 2014 1709
f 1712 1620 2015 2013
f 1709 2014 2016 1619
f 2013 2015 1621 1761
f 2014 1762 1622 2016
f 2015 678 950 1621
f 2016 1622 951 677
f 1620 646 678 2015
f 1619 2016 677 645
f 1915 2235 2239 1919
f 1916 1920 2240 2236
f 1921 2241 2237 1917
f 1922 1918 2238 2242
f 1919 2239 2241 1921
f 1920 1922 2242 2240
f 1913 1911 2021 2019
f 1914 2020 2022 1912
f 2019 2021 681 2017
f 2020 2018 682 2022
f 2017 681 1905 1907
f 2018 1908 1906 682
f 1911 1909 681 2021
f 1912 2022 682 1910
f 1909 1905 681
f 1910 682 1906
f 970 5112 5113 2023
f 969 2024 680 938
f 1179 970 2023 1175
f 1178 1176 2024 969
f 1175 2023 671 1174
f 1176 1177 674 2024
f 2023 5113 5090 671
f 2024 674 666 680
f 2025 1142 1143 2026
f 2028 2027 1144 1145
f 2029 1158 1442 2030
f 2032 2031 1443 1159
f 2025 4612 4933 2033
f 2028 2034 4934 4615
f 2035 4935 4934 2034
f 2036 2033 4933 4936
f 2037 4937 4935 2035
f 2038 2497 4938 4939
f 2039 4940 4941 2498
f 2040 2501 4942 4943
f 2041 4944 4945 2502
f 2042 2505 4946 4947
f 2043 4948 4949 2506
f 2044 2509 4950 4951
f 2029 4691 4952 2510
f 2032 2513 4953 4694
f 2045 1160 1266 2046
f 2048 2047 1267 1161
f 1613 4909 4954 2049
f 1614 2050 4955 4910
f 2051 1162 1242 2052
f 2054 2053 1243 1163
f 2055 4956 4957 2056
f 2058 2057 4958 4959
f 2060 2059 1198 1200
f 2061 1201 1199 2062
f 2059 2063 1196 1198
f 2062 1199 1197 2064
f 2052 1242 1254 2065
f 2053 2066 1255 1243
f 2056 4957 4960 2067
f 2057 2068 4961 4958
f 2065 1254 1196 2063
f 2066 2064 1197 1255
f 2067 4960 4704 2060
f 2068 2061 4705 4961
f 2046 1266 1162 2051
f 2047 2054 1163 1267
f 2049 4954 4956 2055
f 2050 2058 4959 4955
f 2030 1442 1160 2045
f 2031 2048 1161 1443
f 729 991 2336 2333
f 730 2330 2335 862
f 718 2679 2267 708
f 707 703 730 862
f 716 2483 2679 718
f 717 707 862 702
f 2069 854 855 2070
f 2071 879 880 2072
f 2073 774 769 2074
f 715 778 774 2073
f 2074 2071 765 767
f 2069 649 675 2075
f 2075 675 6070 5969
f 2077 691 6071 5970
f 2079 741 2122 2113
f 2081 747 745 2082
f 2082 745 786 2083
f 2084 755 753 2085
f 2085 753 770 2086
f 2086 770 923 2087
f 2083 786 755 2084
f 2080 806 2119 2115
f 2087 923 761 2072
f 2088 1098 747 2081
f 2076 1480 691 2077
f 2078 1504 741 2079
f 769 815 817 879
f 884 882 816 814
f 1757 4333 4334 3882
f 1756 3883 4335 4336
f 1800 2680 1708 1706
f 1799 1703 1707 2681
f 1758 1702 2668 1708
f 1755 1707 2667 1701
f 2094 2093 865 807
f 2095 808 866 2096
f 2097 1088 1089 2098
f 2100 2099 1090 1091
f 2102 2101 1092 1093
f 2103 1094 1095 2104
f 2105 1096 1094 2103
f 2106 2102 1093 1097
f 2107 802 900 2108
f 2110 2109 901 803
f 2111 804 808 2095
f 2112 2094 807 805
f 2093 2113 2080 865
f 2096 866 5269 5259
f 2101 2115 2088 1092
f 2104 1095 5271 5268
f 2098 1089 1096 2105
f 2099 2106 1097 1090
f 2108 900 804 2111
f 2109 2112 805 901
f 2117 2116 1099 1100
f 2118 1101 2477 2259
f 2120 2114 809 924
f 2121 925 2260 2261
f 2124 2123 1102 1103
f 2125 1104 1105 2126
f 2123 2117 1100 1102
f 2126 1105 1101 2118
f 2128 2127 942 940
f 2129 941 943 2130
f 2107 810 966 2131
f 2110 2132 727 811
f 2131 966 700 2133
f 2132 2266 2625 727
f 2135 1110 2481 2271
f 2138 2274 2482 1111
f 2128 940 721 2139
f 2129 2276 2682 941
f 2139 721 2272 2277
f 2140 2280 2273 720
f 2127 946 926 2120
f 2130 2121 927 947
f 2143 985 2683 2326
f 2144 2329 2684 986
f 2145 2339 2486 1116
f 2146 1117 2487 2340
f 2147 996 2345 2342
f 2148 2343 2346 997
f 2149 1018 2380 2375
f 2150 2378 2381 1019
f 2151 1118 2488 2379
f 2154 2382 2489 1119
f 2155 1028 2394 2389
f 2156 2392 2395 1029
f 2157 1050 2428 2423
f 2158 2426 2429 1051
f 2159 1122 2492 2427
f 2160 2430 2493 1123
f 2161 1060 2444 2439
f 2162 2442 2445 1061
f 2097 802 697 2163
f 2100 2164 704 803
f 2163 697 728 2165
f 2164 2478 2265 704
f 2124 2135 721 940
f 2125 941 2682 2479
f 2152 2484 2683 985
f 2153 986 2684 2485
f 2167 1026 2390 2490
f 2168 2491 2391 1027
f 2169 1058 2440 2494
f 2170 2495 2441 1059
f 2171 1128 2172 2174
f 2174 2172 1122 2159
f 2173 2174 2159 1050
f 2175 1051 2160 2178
f 2178 2160 1123 2176
f 2177 2178 2176 1129
f 2161 1058 1633 2179
f 2162 2180 1636 1059
f 2157 1048 1458 2181
f 2158 2182 1461 1049
f 2173 1050 1459 2183
f 2175 2184 1460 1051
f 2185 1412 1865 2186
f 2188 2187 1868 1415
f 2189 1413 1866 2190
f 2192 2191 1867 1414
f 2181 1458 1891 2193
f 2182 2194 1894 1461
f 2183 1459 1892 2195
f 2184 2196 1893 1460
f 2197 1474 1839 2198
f 2200 2199 1842 1477
f 2201 1475 1840 2202
f 2204 2203 1841 1476
f 2179 1633 1771 2205
f 2180 2206 1774 1636
f 2205 1771 1128 2171
f 2206 2177 1129 1774
f 2207 1813 1380 2208
f 2210 2209 1381 1816
f 2211 1814 1378 2212
f 2214 2213 1379 1815
f 2198 1839 1813 2207
f 2199 2210 1816 1842
f 2202 1840 1814 2211
f 2203 2214 1815 1841
f 2186 1865 1474 2197
f 2187 2200 1477 1868
f 2190 1866 1475 2201
f 2191 2204 1476 1867
f 2193 1891 1412 2185
f 2194 2188 1415 1894
f 2195 1892 1413 2189
f 2196 2192 1414 1893
f 2169 1124 1931 2215
f 2170 2216 1932 1125
f 2172 1128 1935 2217
f 2176 2218 1936 1129
f 2215 1931 1949 2219
f 2216 2220 1950 1932
f 2217 1935 1953 2221
f 2218 2222 1954 1936
f 2219 1949 1967 2223
f 2220 2224 1968 1950
f 2221 1953 1971 2225
f 2222 2226 1972 1954
f 2223 1967 1985 2227
f 2224 2228 1986 1968
f 2225 1971 1989 2229
f 2226 2230 1990 1972
f 2227 1985 2003 2231
f 2228 2232 2004 1986
f 2229 1989 2007 2233
f 2230 2234 2008 1990
f 2231 2003 1913 2235
f 2232 2236 1914 2004
f 2233 2007 1917 2237
f 2234 2238 1918 2008
f 2235 1913 2019 2239
f 2236 2240 2020 1914
f 2241 2017 1907 2237
f 2242 2238 1908 2018
f 2239 2019 2017 2241
f 2240 2242 2018 2020
f 2113 2122 806 2080
f 2115 2119 1098 2088
f 1381 1379 2680 1800
f 1380 1799 2681 1378
f 2243 928 932 2244
f 2246 2245 1481 934
f 2248 2247 745 747
f 2247 2249 786 745
f 2251 2250 845 841
f 2250 2252 847 845
f 2249 2253 755 786
f 2254 761 923 2255
f 2252 2256 851 847
f 2254 851 2256
f 2253 2257 753 755
f 853 2258 2257
f 2255 923 770 2258
f 2260 2259 2119 806
f 2262 2261 2122 741
f 2243 649 647 2263
f 2246 5972 6071 691
f 2265 725 2134 2266
f 2267 729 1109 2268
f 2251 2269 716 779
f 2269 2270 1111 716
f 2272 2271 2136 939
f 2273 936 2137 2274
f 2275 719 2140 2276
f 2278 2277 2141 724
f 2279 723 2142 2280
f 2281 713 5979 5977
f 2284 5487 5577 706
f 2285 705 6072 5978
f 2287 711 5982 5980
f 2290 5489 5578 710
f 2291 709 6073 5981
f 2287 951 1622 2293
f 2294 965 6074 5983
f 2296 961 5093 5094
f 2298 959 961 2296
f 2299 736 959 2298
f 2294 2300 1517 965
f 2290 2301 1623 712
f 2291 711 1624 2302
f 2303 970 1179 2304
f 2305 937 5112 5096
f 2307 2306 971 732
f 2308 731 5097 5098
f 2306 2310 1180 971
f 2309 972 1181 2311
f 2313 2312 819 824
f 2314 823 726 2315
f 2312 2316 818 819
f 2315 726 698 2317
f 2316 5421 5419 818
f 2317 698 5095 5100
f 2318 5493 5579 952
f 2319 953 6075 5985
f 2323 5495 5490 825
f 2324 822 5984 5987
f 2327 2326 2133 700
f 2328 699 2134 2329
f 2330 730 1108 2331
f 2333 2332 1109 729
f 2335 2334 702 862
f 2336 991 701 2337
f 2338 939 2136 2339
f 2341 2340 2137 936
f 2338 2342 2141 939
f 2341 936 2142 2343
f 2345 2344 1522 724
f 2346 723 1523 4861
f 2348 2347 1526 706
f 2349 705 4963 2350
f 2352 2351 1625 710
f 2353 709 1626 2354
f 2356 2355 973 967
f 2357 968 5099 5102
f 2355 2359 1182 973
f 2358 974 1183 2360
f 2362 2361 734 975
f 2363 976 733 2364
f 2361 2365 977 734
f 2364 733 978 2366
f 2365 5423 5420 977
f 2366 978 5101 5104
f 2367 5497 5492 979
f 2368 980 5986 5989
f 2372 5499 5494 981
f 2373 982 5988 5991
f 2376 2375 2143 983
f 2377 984 2144 2378
f 2380 2379 2152 985
f 2381 986 2153 2382
f 2384 2383 989 987
f 2385 988 990 2386
f 2383 2387 992 989
f 2386 990 993 2388
f 2387 2490 1116 992
f 2388 993 1117 2491
f 2390 2389 2147 994
f 2391 995 2148 2392
f 2394 2393 1535 996
f 2395 997 1536 2396
f 2398 2397 1537 998
f 2399 999 1538 2400
f 2402 2401 1627 1000
f 2403 1001 1628 2404
f 2406 2405 1004 1002
f 2407 1003 5103 5106
f 2405 2409 1184 1004
f 2408 1005 1185 2410
f 2412 2411 1008 1006
f 2413 1007 1009 2414
f 2415 5501 5496 1012
f 2416 1013 5990 5993
f 2420 5503 5498 1014
f 2421 1015 5992 5995
f 2424 2423 2149 1016
f 2425 1017 2150 2426
f 2428 2427 2151 1018
f 2429 1019 2154 2430
f 2432 2431 1024 1022
f 2433 1023 1025 2434
f 2435 2432 1022 1020
f 2436 1021 1023 2433
f 2431 2437 1120 1024
f 2434 1025 1121 2438
f 2440 2439 2155 1026
f 2441 1027 2156 2442
f 2444 2443 1543 1028
f 2445 1029 1544 2446
f 2448 2447 1545 1030
f 2449 1031 1546 2450
f 2452 2451 1629 1032
f 2453 1033 1630 2454
f 2456 2455 1036 1034
f 2457 1035 5107 5108
f 2455 2459 1186 1036
f 2458 1037 1187 2460
f 2462 2461 1040 1038
f 2463 1039 1041 2464
f 2470 5505 5527 1301
f 2471 1302 6021 5997
f 2474 5507 5540 1337
f 2475 1338 6033 5999
f 2477 2248 747 1098
f 2268 1109 2166 2478
f 2270 2479 2138 1111
f 2481 2480 702 1112
f 2482 1113 701 2483
f 2331 1108 2165 2484
f 2332 2485 2166 1109
f 2486 1112 702 2334
f 2487 2337 701 1113
f 2488 2384 987 1114
f 2489 1115 988 2385
f 2490 2145 1116
f 2491 1117 2146
f 2492 2435 1020 1118
f 2493 1119 1021 2436
f 2437 2494 2167 1120
f 2438 1121 2168 2495
f 2496 1149 2036 2497
f 2499 2498 2037 1150
f 2500 1151 2038 2501
f 2503 2502 2039 1152
f 2504 1153 2040 2505
f 2507 2506 2041 1154
f 2508 1155 2042 2509
f 2511 2510 2043 1156
f 2512 1157 2044 2513
f 2304 1179 1149 2496
f 2310 2499 1150 1180
f 2311 1181 1151 2500
f 2359 2503 1152 1182
f 2360 1183 1153 2504
f 2409 2507 1154 1184
f 2410 1185 1155 2508
f 2459 2511 1156 1186
f 2460 1187 1157 2512
f 2465 1074 3852 3847
f 2468 3850 3853 1077
f 2474 1337 3869 3855
f 2475 3858 3870 1338
f 2470 1301 3864 3859
f 2471 3862 3865 1302
f 2520 1272 1276 2521
f 2523 2522 1277 1273
f 2524 1304 1306 2525
f 2527 2526 1307 1305
f 2528 1348 1352 2529
f 2531 2530 1353 1349
f 2529 1352 1354 2532
f 2530 2533 1355 1353
f 2532 1354 1356 2534
f 2533 2535 1357 1355
f 2534 1356 1358 2536
f 2535 2537 1359 1357
f 2538 1310 1312 2539
f 2541 2540 1313 1311
f 2539 1312 1388 2542
f 2540 2543 1391 1313
f 2536 1358 1392 2544
f 2537 2545 1395 1359
f 2546 764 1298 2548
f 2547 2549 1299 763
f 2551 5528 5568 1638
f 2552 1639 6061 6020
f 2551 1638 3872 3863
f 2552 3866 1043 1639
f 2556 1643 1644 2557
f 2559 2558 1645 1646
f 2560 1649 1651 2561
f 2563 2562 1652 1650
f 2561 1651 1653 2564
f 2562 2565 1654 1652
f 2566 1078 4748 4759
f 2569 4762 4750 1079
f 2548 1298 1396 2570
f 2549 2571 1397 1299
f 2572 1325 4766 2305
f 2575 5535 5532 1328
f 2576 1329 6023 6024
f 2577 5537 5534 1330
f 2578 1331 6025 6026
f 2579 5539 5536 1332
f 2580 1333 6027 6028
f 2567 1366 1731 2581
f 2568 2582 1734 1367
f 2584 2583 1736 1680
f 2586 2585 1738 1682
f 2587 1062 1449 2588
f 2590 2589 1450 1063
f 2591 1082 1454 2592
f 2594 2593 1455 1083
f 2542 1388 1314 2595
f 2543 2596 1315 1391
f 2544 1392 1362 2597
f 2545 2598 1363 1395
f 2564 1653 1679 2599
f 2565 2600 1682 1654
f 2570 1396 1078 2566
f 2571 2569 1079 1397
f 2601 1403 1854 2602
f 2604 2603 1855 1404
f 2605 1408 1860 2606
f 2608 2607 1861 1409
f 2514 1426 1272 2520
f 2515 2523 1273 1427
f 2516 1428 1348 2528
f 2517 2531 1349 1431
f 2518 1432 1304 2524
f 2519 2527 1305 1435
f 2554 1641 1643 2556
f 2555 2559 1646 1642
f 2588 1449 1880 2609
f 2589 2610 1881 1450
f 2592 1454 1886 2611
f 2593 2612 1887 1455
f 2613 1465 1828 2614
f 2616 2615 1829 1466
f 2617 1470 1834 2618
f 2620 2619 1835 1471
f 2622 5563 5572 1704
f 2623 1705 6065 6052
f 2245 4845 4853 1481
f 2264 2262 741 1504
f 2282 1521 719 2275
f 2283 2278 724 1522
f 2286 1523 723 2279
f 2288 1525 713 2281
f 2289 2284 706 1526
f 2292 4963 705 2285
f 2295 1519 727 2625
f 2300 4859 4855 1517
f 2320 2323 825 1529
f 2321 1530 822 2324
f 2322 2327 700 1527
f 2325 1528 699 2328
f 2347 4864 1526
f 2350 4963 4865
f 2369 2372 981 1531
f 2370 1532 982 2373
f 2371 2376 983 1533
f 2374 1534 984 2377
f 2393 4868 4860 1535
f 2396 1536 4862 4869
f 2397 4872 4863 1537
f 2400 1538 4866 4873
f 2417 2420 1014 1539
f 2418 1540 1015 2421
f 2419 2424 1016 1541
f 2422 1542 1017 2425
f 2443 4875 4867 1543
f 2446 1544 4870 4876
f 2447 4877 4871 1545
f 2450 1546 4874 4878
f 2469 2587 1300 1559
f 2472 1560 1303 2590
f 2473 2591 1336 1562
f 2476 1563 1339 2594
f 2550 2626 1685 1637
f 2553 1640 1688 2627
f 2628 1603 1234 2595
f 2629 2596 1235 1604
f 2621 2630 1707 1703
f 2624 1706 1708 2631
f 2633 2632 1753 1376
f 2634 1377 1754 2635
f 2293 1622 1762 2636
f 2301 2637 1763 1623
f 2302 1624 1764 2638
f 2351 2639 1765 1625
f 2354 1626 1766 2640
f 2401 2641 1767 1627
f 2404 1628 1768 2642
f 2451 2643 1769 1629
f 2454 1630 1770 2644
f 2645 1675 5580 5570
f 2646 6063 6076 1678
f 2599 1679 2584
f 2586 1682 2600
f 2626 1300 1452 2647
f 2627 2648 1453 1303
f 2649 1406 1857 2650
f 2652 2651 1858 1407
f 2647 1452 1883 2653
f 2648 2654 1884 1453
f 2655 1468 1831 2656
f 2658 2657 1832 1469
f 2659 1372 2660 2662
f 2662 2660 1368 2622
f 2661 2662 2622 1704
f 2663 1705 2623 2666
f 2666 2623 1369 2664
f 2665 2666 2664 1373
f 2667 1707 2630
f 2631 1708 2668
f 2581 1731 1675 2645
f 2582 2646 1678 1734
f 2583 2597 1362 1736
f 2585 2598 1297 1738
f 2632 2661 1704 1753
f 2635 1754 1705 2663
f 2636 1762 1325 2572
f 2638 1764 1327 2574
f 2639 2575 1328 1765
f 2640 1766 1329 2576
f 2641 2577 1330 1767
f 2642 1768 1331 2578
f 2643 2579 1332 1769
f 2644 1770 1333 2580
f 2669 1802 1368 2660
f 2670 2664 1369 1803
f 2671 1808 1374 2633
f 2672 2634 1375 1809
f 2673 1805 1372 2659
f 2674 2665 1373 1806
f 2614 1828 1802 2669
f 2615 2670 1803 1829
f 2618 1834 1808 2671
f 2619 2672 1809 1835
f 2656 1831 1805 2673
f 2657 2674 1806 1832
f 2602 1854 1465 2613
f 2603 2616 1466 1855
f 2606 1860 1470 2617
f 2607 2620 1471 1861
f 2650 1857 1468 2655
f 2651 2658 1469 1858
f 2609 1880 1403 2601
f 2610 2604 1404 1881
f 2611 1886 1408 2605
f 2612 2608 1409 1887
f 2653 1883 1406 2649
f 2654 2652 1407 1884
f 2525 1306 1760 2675
f 2526 2676 1759 1307
f 2675 1760 1310 2538
f 2676 2541 1311 1759
f 2557 1644 1647 2677
f 2558 2678 1648 1645
f 2677 1647 1649 2560
f 2678 2563 1650 1648
f 2497 2036 4936 4938
f 2498 4941 4937 2037
f 2501 2038 4939 4942
f 2502 4945 4940 2039
f 2505 2040 4943 4946
f 2506 4949 4944 2041
f 2509 2042 4947 4950
f 2510 4952 4948 2043
f 2513 2044 4951 4953
f 2333 2336 990 988
f 2330 987 989 2335
f 2679 991 729 2267
f 2483 701 991 2679
f 2680 1383 1758 1708
f 2681 1707 1755 1382
f 2259 2477 1098 2119
f 2261 2260 806 2122
f 2266 2134 699 2625
f 2271 2481 1112 2136
f 2274 2137 1113 2482
f 2276 2140 720 2682
f 2277 2272 939 2141
f 2280 2142 936 2273
f 2326 2683 728 2133
f 2329 2134 725 2684
f 2339 2136 1112 2486
f 2340 2487 1113 2137
f 2342 2345 724 2141
f 2343 2142 723 2346
f 2375 2380 985 2143
f 2378 2144 986 2381
f 2379 2488 1114 2152
f 2382 2153 1115 2489
f 2389 2394 996 2147
f 2392 2148 997 2395
f 2423 2428 1018 2149
f 2426 2150 1019 2429
f 2427 2492 1118 2151
f 2430 2154 1119 2493
f 2439 2444 1028 2155
f 2442 2156 1029 2445
f 2478 2166 725 2265
f 2479 2682 720 2138
f 2484 2165 728 2683
f 2485 2684 725 2166
f 2490 2390 994 2145
f 2491 2146 995 2391
f 2494 2440 1026 2167
f 2495 2168 1027 2441
f 1379 2213 1383 2680
f 1378 2681 1382 2212
f 2091 4337 4338 4041
f 2092 4042 4339 4340
f 2685 4341 4342 2689
f 2686 2690 4343 4344
f 2691 4029 4345 4342
f 2692 4343 4346 4031
f 2697 4347 4348 3970
f 2698 3971 4349 4350
f 2701 4351 4964 4965
f 2702 4966 4967 4354
f 1757 3747 4355 4333
f 1756 4336 4356 3750
f 2704 4357 4358 3913
f 2705 3914 4359 4360
f 2708 4361 4362 3980
f 2709 3981 4363 4364
f 2089 2713 4044 4040
f 2090 4043 4045 2714
f 2687 2711 2715 2691
f 2688 2692 2716 2712
f 2715 4032 4029 2691
f 2716 2692 4031 4033
f 2708 3980 3983 2719
f 2709 2720 3984 3981
f 2721 2697 3970 3973
f 2722 3974 3971 2698
f 2723 2704 3913 3916
f 2724 3917 3914 2705
f 2725 2701 4965 4968
f 2726 4969 4966 2702
f 2713 2089 4057 4058
f 2714 4059 4060 2090
f 2727 1618 3748 3751
f 2728 3752 3749 1617
f 2731 4136 4137 2729
f 2732 2730 4138 4139
f 2735 4970 4971 2733
f 2736 2734 4972 4973
f 2742 6597 6598 2741
f 2742 2741 6599 6600
f 2743 3108 3109 2744
f 2746 2745 3110 3111
f 2747 3079 3080 2748
f 2750 2749 3081 3082
f 2751 4140 4141 2752
f 2754 2753 4142 4143
f 2755 2739 2737 2756
f 2758 2757 2738 2740
f 2759 4299 4300 2760
f 2762 2761 4301 4302
f 2765 4552 4553 2763
f 2767 6601 6602 2768
f 2771 2779 2780 2769
f 2772 2770 2781 2782
f 2772 4303 4304 2770
f 2773 6603 6604 2774
f 2775 5276 5277 2776
f 2777 4305 4306 2778
f 2779 5581 5582 2780
f 2782 2781 6077 6078
f 2783 4453 4454 2784
f 2785 4503 4504 2786
f 2789 3363 3364 2787
f 2790 2788 3365 3366
f 2791 6079 6080 2792
f 2794 2793 5583 5584
f 2797 3327 3328 2795
f 2798 2796 3329 3330
f 2801 3277 3278 2799
f 2802 2800 3279 3280
f 2801 2799 2803 2804
f 2802 2805 2806 2800
f 2804 2803 2807 2808
f 2805 2809 2810 2806
f 2808 2807 2739 2755
f 2809 2758 2740 2810
f 2753 4554 4555 2811
f 2752 2812 4556 4557
f 2818 6605 6606 2817
f 2818 2817 6607 6608
f 2752 4141 4144 2812
f 2753 2811 4145 4142
f 2821 3745 3743 2725
f 2822 2726 3744 3746
f 2823 5114 5115 2727
f 2824 2728 5022 5023
f 2827 3695 3696 2828
f 2830 2829 3697 3698
f 2831 3699 3700 2832
f 2834 2833 3701 3702
f 2835 3703 3704 2836
f 2838 2837 3705 3706
f 2839 3719 3720 2840
f 2842 2841 3721 3722
f 2825 3737 3735 2723
f 2826 2724 3736 3738
f 2843 5116 5117 2844
f 2845 3936 5585 5586
f 2749 4558 4559 3081
f 2748 3080 4560 4561
f 2745 4562 4563 3110
f 2744 3109 4564 4565
f 2846 4455 4456 3083
f 2850 6609 6610 3085
f 2851 6611 6612 3114
f 2851 3114 6613 6614
f 2730 4457 4566 4567
f 2729 4568 4569 4460
f 2730 4567 4570 4138
f 2729 4137 4571 4568
f 2854 4458 4461 4146
f 2855 4147 4462 4459
f 2813 4463 4464 3314
f 2814 3315 4465 4466
f 2811 4555 4572 3316
f 2812 3317 4573 4556
f 2856 6081 6082 3056
f 2857 3057 5587 5588
f 2860 6083 7066 7067
f 2861 7068 7069 5590
f 2860 3086 6085 6083
f 2861 5590 5591 3089
f 2858 4149 4150 3055
f 2859 3058 4151 4152
f 2862 4153 7070 7071
f 2863 7072 7073 4156
f 2862 3087 4157 4153
f 2863 4156 4158 3088
f 2864 4988 4989 3062
f 2865 3063 4990 4991
f 2872 4159 4160 3065
f 2873 3066 4161 4162
f 2870 3090 3092 3067
f 2871 3068 3093 3091
f 2868 3119 3121 3059
f 2869 3060 3122 3120
f 2866 2874 3069 3061
f 2867 3064 3070 2875
f 2874 2876 3071 3069
f 2875 3070 3072 2877
f 2876 2878 3073 3071
f 2877 3072 3074 2879
f 2878 3281 3282 3073
f 2879 3074 3283 3284
f 2880 3331 3332 3075
f 2881 3076 3333 3334
f 2882 3367 3368 3077
f 2883 3078 3369 3370
f 2733 4971 4992 2819
f 2734 2820 4993 4972
f 2756 2737 2886 2884
f 2757 2885 2887 2738
f 2737 4301 4307 2886
f 2738 2887 4308 4300
f 2761 5278 5279 2888
f 2760 2889 5280 5281
f 2888 5279 5282 3319
f 2889 3320 5283 5280
f 2886 4307 4309 3321
f 2887 3322 4310 4308
f 2884 2886 3321 3323
f 2885 3324 3322 2887
f 2891 4163 4164 2892
f 2894 2893 4165 4166
f 2819 4992 4994 3325
f 2820 3326 4995 4993
f 2812 4144 4167 3317
f 2811 3316 4168 4145
f 2895 3094 3257 3258
f 2896 3259 3260 3095
f 2899 3123 3261 3262
f 2900 3263 3264 3124
f 2897 2901 3265 3266
f 2898 3267 3268 2902
f 2901 2903 3269 3265
f 2902 3268 3270 2904
f 2903 2905 3271 3269
f 2904 3270 3272 2906
f 2905 3285 3286 3271
f 2906 3272 3287 3288
f 2909 3335 3336 3275
f 2910 3276 3337 3338
f 2900 3371 3372 3263
f 2899 3262 3373 3374
f 2912 6086 6087 2960
f 2913 2961 5592 5593
f 2911 4169 4170 2959
f 2914 2962 4171 4172
f 2918 5000 5001 2966
f 2919 2967 5002 5003
f 2921 4173 4174 2969
f 2922 2970 4175 4176
f 2923 3096 3097 2971
f 2924 2972 3098 3099
f 2915 3125 3126 2963
f 2916 2964 3127 3128
f 2917 2925 2973 2965
f 2920 2968 2974 2926
f 2925 2927 2975 2973
f 2926 2974 2976 2928
f 2927 2929 2977 2975
f 2928 2976 2978 2930
f 2929 3289 3290 2977
f 2930 2978 3291 3292
f 2931 3339 3340 2979
f 2932 2980 3341 3342
f 2933 3375 3376 2981
f 2934 2982 3377 3378
f 2936 6088 6089 2984
f 2937 2985 5594 5595
f 2935 4177 4178 2983
f 2938 2986 4179 4180
f 2942 5008 5009 2990
f 2943 2991 5010 5011
f 2945 4181 4182 2993
f 2946 2994 4183 4184
f 2947 3100 3101 2995
f 2948 2996 3102 3103
f 2939 3129 3130 2987
f 2940 2988 3131 3132
f 2941 2949 2997 2989
f 2944 2992 2998 2950
f 2949 2951 2999 2997
f 2950 2998 3000 2952
f 2951 2953 3001 2999
f 2952 3000 3002 2954
f 2953 3293 3294 3001
f 2954 3002 3295 3296
f 2955 3343 3344 3003
f 2956 3004 3345 3346
f 2957 3379 3380 3005
f 2958 3006 3381 3382
f 2960 6087 6079 2791
f 2961 2794 5584 5592
f 2959 4170 4136 2731
f 2962 2732 4139 4171
f 2966 5001 4970 2735
f 2967 2736 4973 5002
f 2969 4174 4140 2751
f 2970 2754 4143 4175
f 2971 3097 3079 2747
f 2972 2750 3082 3098
f 2963 3126 3108 2743
f 2964 2746 3111 3127
f 2965 2973 2808 2755
f 2968 2758 2809 2974
f 2973 2975 2804 2808
f 2974 2809 2805 2976
f 2975 2977 2801 2804
f 2976 2805 2802 2978
f 2977 3290 3277 2801
f 2978 2802 3280 3291
f 2979 3340 3327 2797
f 2980 2798 3330 3341
f 2981 3376 3363 2789
f 2982 2790 3366 3377
f 2984 6089 6086 2912
f 2985 2913 5593 5594
f 2983 4178 4169 2911
f 2986 2914 4172 4179
f 2990 5009 5000 2918
f 2991 2919 5003 5010
f 2993 4182 4173 2921
f 2994 2922 4176 4183
f 2995 3101 3096 2923
f 2996 2924 3099 3102
f 2987 3130 3125 2915
f 2988 2916 3128 3131
f 2989 2997 2925 2917
f 2992 2920 2926 2998
f 2997 2999 2927 2925
f 2998 2926 2928 3000
f 2999 3001 2929 2927
f 3000 2928 2930 3002
f 3001 3294 3289 2929
f 3002 2930 3292 3295
f 3003 3344 3339 2931
f 3004 2932 3342 3345
f 3005 3380 3375 2933
f 3006 2934 3378 3381
f 3008 6090 6088 2936
f 3009 2937 5595 5596
f 3007 4185 4177 2935
f 3010 2938 4180 4186
f 3014 5014 5008 2942
f 3015 2943 5011 5015
f 3017 4187 4181 2945
f 3018 2946 4184 4188
f 3019 3104 3100 2947
f 3020 2948 3103 3105
f 3011 3133 3129 2939
f 3012 2940 3132 3134
f 3013 3021 2949 2941
f 3016 2944 2950 3022
f 3021 3023 2951 2949
f 3022 2950 2952 3024
f 3023 3025 2953 2951
f 3024 2952 2954 3026
f 3025 3297 3293 2953
f 3026 2954 3296 3298
f 3027 3347 3343 2955
f 3028 2956 3346 3348
f 3029 3383 3379 2957
f 3030 2958 3382 3384
f 3032 6091 6090 3008
f 3033 3009 5596 5597
f 3031 4189 4185 3007
f 3034 3010 4186 4190
f 3038 5018 5014 3014
f 3039 3015 5015 5019
f 3041 4191 4187 3017
f 3042 3018 4188 4192
f 3043 3106 3104 3019
f 3044 3020 3105 3107
f 3035 3135 3133 3011
f 3036 3012 3134 3136
f 3037 3045 3021 3013
f 3040 3016 3022 3046
f 3045 3047 3023 3021
f 3046 3022 3024 3048
f 3047 3049 3025 3023
f 3048 3024 3026 3050
f 3049 3299 3297 3025
f 3050 3026 3298 3300
f 3051 3349 3347 3027
f 3052 3028 3348 3350
f 3053 3385 3383 3029
f 3054 3030 3384 3386
f 3056 6082 6091 3032
f 3057 3033 5597 5587
f 3055 4150 4189 3031
f 3058 3034 4190 4151
f 3062 4989 5018 3038
f 3063 3039 5019 4990
f 3065 4160 4191 3041
f 3066 3042 4192 4161
f 3067 3092 3106 3043
f 3068 3044 3107 3093
f 3059 3121 3135 3035
f 3060 3036 3136 3122
f 3061 3069 3045 3037
f 3064 3040 3046 3070
f 3069 3071 3047 3045
f 3070 3046 3048 3072
f 3071 3073 3049 3047
f 3072 3048 3050 3074
f 3073 3282 3299 3049
f 3074 3050 3300 3283
f 3075 3332 3349 3051
f 3076 3052 3350 3333
f 3077 3368 3385 3053
f 3078 3054 3386 3369
f 3079 7178 7179 3080
f 3082 3081 7180 7181
f 3081 4559 7182 7180
f 3080 7179 7183 4560
f 3083 4456 7184 7185
f 3085 6610 7186 7187
f 3086 7188 7189 6085
f 3089 5591 7190 7191
f 3087 7192 7193 4157
f 3088 4158 7194 7195
f 3090 7196 7197 3092
f 3091 3093 7198 7199
f 3094 7200 7201 3257
f 3095 3260 7202 7203
f 3096 7204 7205 3097
f 3099 3098 7206 7207
f 3100 7208 7209 3101
f 3103 3102 7210 7211
f 3097 7205 7178 3079
f 3098 3082 7181 7206
f 3101 7209 7204 3096
f 3102 3099 7207 7210
f 3104 7212 7208 3100
f 3105 3103 7211 7213
f 3106 7214 7212 3104
f 3107 3105 7213 7215
f 3092 7197 7214 3106
f 3093 3107 7215 7198
f 3108 7074 7075 3109
f 3111 3110 7076 7077
f 3110 4563 7078 7076
f 3109 7075 7079 4564
f 3114 6612 7080 7081
f 3114 7081 7082 6613
f 3116 6084 6081 2856
f 3117 2857 5588 5589
f 3115 4154 4149 2858
f 3118 2859 4152 4155
f 3119 7083 7084 3121
f 3120 3122 7085 7086
f 3123 7087 7088 3261
f 3124 3264 7089 7090
f 3125 7091 7092 3126
f 3128 3127 7093 7094
f 3129 7095 7096 3130
f 3132 3131 7097 7098
f 3126 7092 7074 3108
f 3127 3111 7077 7093
f 3130 7096 7091 3125
f 3131 3128 7094 7097
f 3133 7099 7095 3129
f 3134 3132 7098 7100
f 3135 7101 7099 3133
f 3136 3134 7100 7102
f 3121 7084 7101 3135
f 3122 3136 7102 7085
f 3138 3137 3086 2860
f 3139 2861 3089 3140
f 3142 3141 3116 2856
f 3143 2857 3117 3144
f 3146 3145 2874 2866
f 3147 2867 2875 3148
f 3145 3149 2876 2874
f 3148 2875 2877 3150
f 3149 3151 2878 2876
f 3150 2877 2879 3152
f 3151 3301 3281 2878
f 3152 2879 3284 3302
f 3155 3351 3334 2883
f 3156 2882 3331 3352
f 3143 3387 3370 2857
f 3142 2856 3367 3388
f 3137 7216 7188 3086
f 3140 3089 7191 7217
f 3141 7103 7067 3116
f 3144 3117 7068 7104
f 3158 3157 3137 3138
f 3159 3139 3140 3160
f 3162 3161 3141 3142
f 3163 3143 3144 3164
f 3166 3165 3145 3146
f 3167 3147 3148 3168
f 3165 3169 3149 3145
f 3168 3148 3150 3170
f 3169 3171 3151 3149
f 3170 3150 3152 3172
f 3171 3303 3301 3151
f 3172 3152 3302 3304
f 3175 3353 3351 3155
f 3176 3156 3352 3354
f 3163 3389 3387 3143
f 3162 3142 3388 3390
f 3157 7218 7216 3137
f 3160 3140 7217 7219
f 3161 7105 7103 3141
f 3164 3144 7104 7106
f 3178 3177 3157 3158
f 3179 3159 3160 3180
f 3182 3181 3161 3162
f 3183 3163 3164 3184
f 3186 3185 3165 3166
f 3187 3167 3168 3188
f 3185 3189 3169 3165
f 3188 3168 3170 3190
f 3189 3191 3171 3169
f 3190 3170 3172 3192
f 3191 3305 3303 3171
f 3192 3172 3304 3306
f 3195 3355 3353 3175
f 3196 3176 3354 3356
f 3183 3391 3389 3163
f 3182 3162 3390 3392
f 3177 7220 7218 3157
f 3180 3160 7219 7221
f 3181 7107 7105 3161
f 3184 3164 7106 7108
f 3198 3197 3177 3178
f 3199 3179 3180 3200
f 3202 3201 3181 3182
f 3203 3183 3184 3204
f 3206 3205 3185 3186
f 3207 3187 3188 3208
f 3205 3209 3189 3185
f 3208 3188 3190 3210
f 3209 3211 3191 3189
f 3210 3190 3192 3212
f 3211 3307 3305 3191
f 3212 3192 3306 3308
f 3215 3357 3355 3195
f 3216 3196 3356 3358
f 3203 3393 3391 3183
f 3202 3182 3392 3394
f 3197 7222 7220 3177
f 3200 3180 7221 7223
f 3201 7109 7107 3181
f 3204 3184 7108 7110
f 3218 3217 3197 3198
f 3219 3199 3200 3220
f 3222 3221 3201 3202
f 3223 3203 3204 3224
f 3226 3225 3205 3206
f 3227 3207 3208 3228
f 3225 3229 3209 3205
f 3228 3208 3210 3230
f 3229 3231 3211 3209
f 3230 3210 3212 3232
f 3231 3309 3307 3211
f 3232 3212 3308 3310
f 3235 3359 3357 3215
f 3236 3216 3358 3360
f 3223 3395 3393 3203
f 3222 3202 3394 3396
f 3217 7224 7222 3197
f 3220 3200 7223 7225
f 3221 7111 7109 3201
f 3224 3204 7110 7112
f 3238 3237 3217 3218
f 3239 3219 3220 3240
f 3242 3241 3221 3222
f 3243 3223 3224 3244
f 3246 3245 3225 3226
f 3247 3227 3228 3248
f 3245 3249 3229 3225
f 3248 3228 3230 3250
f 3249 3251 3231 3229
f 3250 3230 3232 3252
f 3251 3311 3309 3231
f 3252 3232 3310 3312
f 3255 3361 3359 3235
f 3256 3236 3360 3362
f 3243 3397 3395 3223
f 3242 3222 3396 3398
f 3237 7226 7224 3217
f 3240 3220 7225 7227
f 3241 7113 7111 3221
f 3244 3224 7112 7114
f 3258 3257 3237 3238
f 3259 3239 3240 3260
f 3262 3261 3241 3242
f 3263 3243 3244 3264
f 3266 3265 3245 3246
f 3267 3247 3248 3268
f 3265 3269 3249 3245
f 3268 3248 3250 3270
f 3269 3271 3251 3249
f 3270 3250 3252 3272
f 3271 3286 3311 3251
f 3272 3252 3312 3287
f 3275 3336 3361 3255
f 3276 3256 3362 3337
f 3263 3372 3397 3243
f 3262 3242 3398 3373
f 3257 7201 7226 3237
f 3260 3240 7227 7202
f 3261 7088 7113 3241
f 3264 3244 7114 7089
f 3277 2797 2795 3278
f 3280 3279 2796 2798
f 3281 2880 3075 3282
f 3284 3283 3076 2881
f 3285 2907 3273 3286
f 3288 3287 3274 2908
f 3289 2931 2979 3290
f 3292 3291 2980 2932
f 3293 2955 3003 3294
f 3296 3295 3004 2956
f 3290 2979 2797 3277
f 3291 3280 2798 2980
f 3294 3003 2931 3289
f 3295 3292 2932 3004
f 3297 3027 2955 3293
f 3298 3296 2956 3028
f 3299 3051 3027 3297
f 3300 3298 3028 3052
f 3282 3075 3051 3299
f 3283 3300 3052 3076
f 3301 3153 2880 3281
f 3302 3284 2881 3154
f 3303 3173 3153 3301
f 3304 3302 3154 3174
f 3305 3193 3173 3303
f 3306 3304 3174 3194
f 3307 3213 3193 3305
f 3308 3306 3194 3214
f 3309 3233 3213 3307
f 3310 3308 3214 3234
f 3311 3253 3233 3309
f 3312 3310 3234 3254
f 3286 3273 3253 3311
f 3287 3312 3254 3274
f 3314 4464 4453 2783
f 3315 2785 4468 4465
f 3316 4572 4552 2765
f 3317 2766 4574 4573
f 3319 5282 5276 2775
f 3320 2777 5284 5283
f 3321 4309 4303 2772
f 3322 2771 4305 4310
f 3323 3321 2772 2782
f 3324 2779 2771 3322
f 3325 4994 4977 2894
f 3326 2891 4974 4995
f 3317 4167 4166 2766
f 3316 2765 4163 4168
f 3327 2789 2787 3328
f 3330 3329 2788 2790
f 3331 2882 3077 3332
f 3334 3333 3078 2883
f 3335 2908 3274 3336
f 3338 3337 3273 2907
f 3339 2933 2981 3340
f 3342 3341 2982 2934
f 3343 2957 3005 3344
f 3346 3345 3006 2958
f 3340 2981 2789 3327
f 3341 3330 2790 2982
f 3344 3005 2933 3339
f 3345 3342 2934 3006
f 3347 3029 2957 3343
f 3348 3346 2958 3030
f 3349 3053 3029 3347
f 3350 3348 3030 3054
f 3332 3077 3053 3349
f 3333 3350 3054 3078
f 3351 3154 2881 3334
f 3352 3331 2880 3153
f 3353 3174 3154 3351
f 3354 3352 3153 3173
f 3355 3194 3174 3353
f 3356 3354 3173 3193
f 3357 3214 3194 3355
f 3358 3356 3193 3213
f 3359 3234 3214 3357
f 3360 3358 3213 3233
f 3361 3254 3234 3359
f 3362 3360 3233 3253
f 3336 3274 3254 3361
f 3337 3362 3253 3273
f 3363 2791 2792 3364
f 3366 3365 2793 2794
f 3367 2856 3056 3368
f 3370 3369 3057 2857
f 3371 2909 3275 3372
f 3374 3373 3276 2910
f 3375 2912 2960 3376
f 3378 3377 2961 2913
f 3379 2936 2984 3380
f 3382 3381 2985 2937
f 3376 2960 2791 3363
f 3377 3366 2794 2961
f 3380 2984 2912 3375
f 3381 3378 2913 2985
f 3383 3008 2936 3379
f 3384 3382 2937 3009
f 3385 3032 3008 3383
f 3386 3384 3009 3033
f 3368 3056 3032 3385
f 3369 3386 3033 3057
f 3387 3155 2883 3370
f 3388 3367 2882 3156
f 3389 3175 3155 3387
f 3390 3388 3156 3176
f 3391 3195 3175 3389
f 3392 3390 3176 3196
f 3393 3215 3195 3391
f 3394 3392 3196 3216
f 3395 3235 3215 3393
f 3396 3394 3216 3236
f 3397 3255 3235 3395
f 3398 3396 3236 3256
f 3372 3275 3255 3397
f 3373 3398 3256 3276
f 672 5091 5118 3654
f 673 3655 3656 665
f 664 4609 5024 3653
f 665 3656 5025 4610
f 1319 1710 3659 3657
f 1320 3658 3660 1711
f 1710 1655 3661 3659
f 1711 3660 3662 1656
f 1655 643 3663 3661
f 1656 3662 3664 644
f 643 929 3665 3663
f 644 3664 3666 930
f 929 2263 3667 3665
f 930 3666 3668 3415
f 2263 647 3669 3667
f 3415 3668 3670 648
f 647 2070 3671 3669
f 648 3670 3672 3420
f 2070 855 3673 3671
f 3420 3672 3674 856
f 855 651 3675 3673
f 856 3674 3676 652
f 651 829 3677 3675
f 652 3676 3678 830
f 829 910 3679 3677
f 830 3678 3680 911
f 910 655 3681 3679
f 911 3680 3682 656
f 655 5089 5119 3681
f 656 3682 5599 5465
f 659 685 3685 3683
f 660 3684 3686 735
f 685 668 3687 3685
f 735 3686 3688 669
f 1190 672 3654 3689
f 1191 3690 3655 673
f 1143 1190 3689 3691
f 1144 3692 3690 1191
f 2026 1143 3691 3693
f 2027 3694 3692 1144
f 668 5961 6093 3687
f 669 3688 5600 5467
f 3444 5120 5121 3399
f 3445 3400 3402 3446
f 3443 5028 5029 3401
f 3446 3402 5030 5031
f 3447 3449 3405 3403
f 3448 3404 3406 3450
f 3449 3451 3407 3405
f 3450 3406 3408 3452
f 3451 3453 3409 3407
f 3452 3408 3410 3454
f 3453 3455 3411 3409
f 3454 3410 3412 3456
f 3455 3457 3413 3411
f 3456 3412 3414 3458
f 3457 3459 3416 3413
f 3458 3414 3417 3460
f 3459 3461 3418 3416
f 3460 3417 3419 3462
f 3461 3463 3421 3418
f 3462 3419 3422 3464
f 3463 3465 3423 3421
f 3464 3422 3424 3466
f 3465 3467 3425 3423
f 3466 3424 3426 3468
f 3467 3469 3427 3425
f 3468 3426 3428 3470
f 3469 3471 3429 3427
f 3470 3428 3430 3472
f 3471 5122 5123 3429
f 3472 3430 5601 5602
f 3473 3475 3433 3431
f 3474 3432 3434 3476
f 3475 3477 3435 3433
f 3476 3434 3436 3478
f 3479 3444 3399 3437
f 3480 3438 3400 3445
f 3481 3479 3437 3439
f 3482 3440 3438 3480
f 3483 3481 3439 3441
f 3484 3442 3440 3482
f 3477 6094 6095 3435
f 3478 3436 5603 5604
f 3486 5124 5120 3444
f 3487 3445 3446 3488
f 3485 5036 5028 3443
f 3488 3446 5031 5037
f 3489 3491 3449 3447
f 3490 3448 3450 3492
f 3491 3493 3451 3449
f 3492 3450 3452 3494
f 3493 3495 3453 3451
f 3494 3452 3454 3496
f 3495 3497 3455 3453
f 3496 3454 3456 3498
f 3497 3499 3457 3455
f 3498 3456 3458 3500
f 3499 3501 3459 3457
f 3500 3458 3460 3502
f 3501 3503 3461 3459
f 3502 3460 3462 3504
f 3503 3505 3463 3461
f 3504 3462 3464 3506
f 3505 3507 3465 3463
f 3506 3464 3466 3508
f 3507 3509 3467 3465
f 3508 3466 3468 3510
f 3509 3511 3469 3467
f 3510 3468 3470 3512
f 3511 3513 3471 3469
f 3512 3470 3472 3514
f 3513 5125 5122 3471
f 3514 3472 5602 5605
f 3515 3517 3475 3473
f 3516 3474 3476 3518
f 3517 3519 3477 3475
f 3518 3476 3478 3520
f 3521 3486 3444 3479
f 3522 3480 3445 3487
f 3523 3521 3479 3481
f 3524 3482 3480 3522
f 3525 3523 3481 3483
f 3526 3484 3482 3524
f 3519 6096 6094 3477
f 3520 3478 5604 5606
f 3528 5126 5124 3486
f 3529 3487 3488 3530
f 3527 5040 5036 3485
f 3530 3488 5037 5041
f 3531 3533 3491 3489
f 3532 3490 3492 3534
f 3533 3535 3493 3491
f 3534 3492 3494 3536
f 3535 3537 3495 3493
f 3536 3494 3496 3538
f 3537 3539 3497 3495
f 3538 3496 3498 3540
f 3539 3541 3499 3497
f 3540 3498 3500 3542
f 3541 3543 3501 3499
f 3542 3500 3502 3544
f 3543 3545 3503 3501
f 3544 3502 3504 3546
f 3545 3547 3505 3503
f 3546 3504 3506 3548
f 3547 3549 3507 3505
f 3548 3506 3508 3550
f 3549 3551 3509 3507
f 3550 3508 3510 3552
f 3551 3553 3511 3509
f 3552 3510 3512 3554
f 3553 3555 3513 3511
f 3554 3512 3514 3556
f 3555 5127 5125 3513
f 3556 3514 5605 5607
f 3557 3559 3517 3515
f 3558 3516 3518 3560
f 3559 3561 3519 3517
f 3560 3518 3520 3562
f 3563 3528 3486 3521
f 3564 3522 3487 3529
f 3565 3563 3521 3523
f 3566 3524 3522 3564
f 3567 3565 3523 3525
f 3568 3526 3524 3566
f 3561 6097 6096 3519
f 3562 3520 5606 5608
f 3570 5128 5126 3528
f 3571 3529 3530 3572
f 3569 5044 5040 3527
f 3572 3530 5041 5045
f 3573 3575 3533 3531
f 3574 3532 3534 3576
f 3575 3577 3535 3533
f 3576 3534 3536 3578
f 3577 3579 3537 3535
f 3578 3536 3538 3580
f 3579 3581 3539 3537
f 3580 3538 3540 3582
f 3581 3583 3541 3539
f 3582 3540 3542 3584
f 3583 3585 3543 3541
f 3584 3542 3544 3586
f 3585 3587 3545 3543
f 3586 3544 3546 3588
f 3587 3589 3547 3545
f 3588 3546 3548 3590
f 3589 3591 3549 3547
f 3590 3548 3550 3592
f 3591 3593 3551 3549
f 3592 3550 3552 3594
f 3593 3595 3553 3551
f 3594 3552 3554 3596
f 3595 3597 3555 3553
f 3596 3554 3556 3598
f 3597 5129 5127 3555
f 3598 3556 5607 5609
f 3599 3601 3559 3557
f 3600 3558 3560 3602
f 3601 3603 3561 3559
f 3602 3560 3562 3604
f 3605 3570 3528 3563
f 3606 3564 3529 3571
f 3607 3605 3563 3565
f 3608 3566 3564 3606
f 3609 3607 3565 3567
f 3610 3568 3566 3608
f 3603 6098 6097 3561
f 3604 3562 5608 5610
f 3612 5130 5128 3570
f 3613 3571 3572 3614
f 3611 5048 5044 3569
f 3614 3572 5045 5049
f 3615 3617 3575 3573
f 3616 3574 3576 3618
f 3617 3619 3577 3575
f 3618 3576 3578 3620
f 3619 3621 3579 3577
f 3620 3578 3580 3622
f 3621 3623 3581 3579
f 3622 3580 3582 3624
f 3623 3625 3583 3581
f 3624 3582 3584 3626
f 3625 3627 3585 3583
f 3626 3584 3586 3628
f 3627 3629 3587 3585
f 3628 3586 3588 3630
f 3629 3631 3589 3587
f 3630 3588 3590 3632
f 3631 3633 3591 3589
f 3632 3590 3592 3634
f 3633 3635 3593 3591
f 3634 3592 3594 3636
f 3635 3637 3595 3593
f 3636 3594 3596 3638
f 3637 3639 3597 3595
f 3638 3596 3598 3640
f 3639 5131 5129 3597
f 3640 3598 5609 5611
f 3641 3643 3601 3599
f 3642 3600 3602 3644
f 3643 3645 3603 3601
f 3644 3602 3604 3646
f 3647 3612 3570 3605
f 3648 3606 3571 3613
f 3649 3647 3605 3607
f 3650 3608 3606 3648
f 3651 3649 3607 3609
f 3652 3610 3608 3650
f 3645 6099 6098 3603
f 3646 3604 5610 5612
f 3654 5118 5130 3612
f 3655 3613 3614 3656
f 3653 5024 5048 3611
f 3656 3614 5049 5025
f 3657 3659 3617 3615
f 3658 3616 3618 3660
f 3659 3661 3619 3617
f 3660 3618 3620 3662
f 3661 3663 3621 3619
f 3662 3620 3622 3664
f 3663 3665 3623 3621
f 3664 3622 3624 3666
f 3665 3667 3625 3623
f 3666 3624 3626 3668
f 3667 3669 3627 3625
f 3668 3626 3628 3670
f 3669 3671 3629 3627
f 3670 3628 3630 3672
f 3671 3673 3631 3629
f 3672 3630 3632 3674
f 3673 3675 3633 3631
f 3674 3632 3634 3676
f 3675 3677 3635 3633
f 3676 3634 3636 3678
f 3677 3679 3637 3635
f 3678 3636 3638 3680
f 3679 3681 3639 3637
f 3680 3638 3640 3682
f 3681 5119 5131 3639
f 3682 3640 5611 5599
f 3683 3685 3643 3641
f 3684 3642 3644 3686
f 3685 3687 3645 3643
f 3686 3644 3646 3688
f 3689 3654 3612 3647
f 3690 3648 3613 3655
f 3691 3689 3647 3649
f 3692 3650 3648 3690
f 3693 3691 3649 3651
f 3694 3652 3650 3692
f 3687 6093 6099 3645
f 3688 3646 5612 5600
f 3695 2831 2832 3696
f 3698 3697 2833 2834
f 3403 3405 3755 3756
f 3404 3757 3758 3406
f 3405 3407 3759 3755
f 3406 3758 3760 3408
f 3699 2835 2836 3700
f 3702 3701 2837 2838
f 3407 3409 3761 3759
f 3408 3760 3762 3410
f 3409 3411 3763 3761
f 3410 3762 3764 3412
f 3411 3413 3765 3763
f 3412 3764 3766 3414
f 3703 3707 3708 3704
f 3706 3705 3709 3710
f 3707 3711 3712 3708
f 3710 3709 3713 3714
f 3711 3715 3716 3712
f 3714 3713 3717 3718
f 3413 3416 3767 3765
f 3414 3766 3768 3417
f 3416 3418 3769 3767
f 3417 3768 3770 3419
f 3715 2839 2840 3716
f 3718 3717 2841 2842
f 3418 3421 3771 3769
f 3419 3770 3772 3422
f 3421 3423 3773 3771
f 3422 3772 3774 3424
f 3719 3723 3724 3720
f 3722 3721 3725 3726
f 3723 2843 2844 3724
f 3726 3725 3936 2845
f 3423 3425 3775 3773
f 3424 3774 3776 3426
f 3425 3427 3777 3775
f 3426 3776 3778 3428
f 3427 3429 3779 3777
f 3428 3778 3780 3430
f 3727 2825 2723 3728
f 3730 3729 2724 2826
f 3429 5123 5132 3779
f 3430 3780 5613 5601
f 3431 3433 3783 3781
f 3432 3782 3784 3434
f 3433 3435 3785 3783
f 3434 3784 3786 3436
f 3732 4352 4357 2704
f 3733 2705 4360 4353
f 3735 3732 2704 2723
f 3736 2724 2705 3733
f 3737 6100 6101 3735
f 3738 3736 5614 5615
f 3435 6095 6102 3785
f 3436 3786 5616 5603
f 3739 1085 4351 4365
f 3742 4366 4354 1084
f 3743 3740 2701 2725
f 3744 2726 2702 3741
f 3745 3753 3751 3743
f 3746 3744 3752 3754
f 3401 5029 5056 3789
f 3402 3790 5057 5030
f 3747 3739 4365 4355
f 3750 4356 4366 3742
f 3751 3748 3740 3743
f 3752 3744 3741 3749
f 3753 2823 2727 3751
f 3754 3752 2728 2824
f 3399 5121 5133 3791
f 3400 3792 3790 3402
f 3437 3399 3791 3793
f 3438 3794 3792 3400
f 3439 3437 3793 3795
f 3440 3796 3794 3438
f 3441 3439 3795 3787
f 3442 3788 3796 3440
f 3756 3755 3797 3798
f 3757 3799 3800 3758
f 3755 3759 3801 3797
f 3758 3800 3802 3760
f 3759 3761 3803 3801
f 3760 3802 3804 3762
f 3761 3763 3805 3803
f 3762 3804 3806 3764
f 3763 3765 3807 3805
f 3764 3806 3808 3766
f 3765 3767 3809 3807
f 3766 3808 3810 3768
f 3767 3769 3811 3809
f 3768 3810 3812 3770
f 3769 3771 3813 3811
f 3770 3812 3814 3772
f 3771 3773 3815 3813
f 3772 3814 3816 3774
f 3773 3775 3817 3815
f 3774 3816 3818 3776
f 3775 3777 3819 3817
f 3776 3818 3820 3778
f 3777 3779 3821 3819
f 3778 3820 3822 3780
f 3779 5132 5134 3821
f 3780 3822 5617 5613
f 3781 3783 3825 3823
f 3782 3824 3826 3784
f 3783 3785 3827 3825
f 3784 3826 3828 3786
f 3785 6102 6103 3827
f 3786 3828 5618 5616
f 3789 5056 5060 3831
f 3790 3832 5061 5057
f 3791 5133 5135 3833
f 3792 3834 3832 3790
f 3793 3791 3833 3835
f 3794 3836 3834 3792
f 3795 3793 3835 3837
f 3796 3838 3836 3794
f 3787 3795 3837 3829
f 3788 3830 3838 3796
f 3798 3797 3695 2827
f 3799 2830 3698 3800
f 3797 3801 2831 3695
f 3800 3698 2834 3802
f 3801 3803 3699 2831
f 3802 2834 3702 3804
f 3803 3805 2835 3699
f 3804 3702 2838 3806
f 3805 3807 3703 2835
f 3806 2838 3706 3808
f 3807 3809 3707 3703
f 3808 3706 3710 3810
f 3809 3811 3711 3707
f 3810 3710 3714 3812
f 3811 3813 3715 3711
f 3812 3714 3718 3814
f 3813 3815 2839 3715
f 3814 3718 2842 3816
f 3815 3817 3719 2839
f 3816 2842 3722 3818
f 3817 3819 3723 3719
f 3818 3722 3726 3820
f 3819 3821 2843 3723
f 3820 3726 2845 3822
f 3821 5134 5116 2843
f 3822 2845 5586 5617
f 3823 3825 2825 3727
f 3824 3730 2826 3826
f 3825 3827 3737 2825
f 3826 2826 3738 3828
f 3827 6103 6100 3737
f 3828 3738 5615 5618
f 3831 5060 5020
f 3832 5023 5061
f 3833 5135 5114 2823
f 3834 2824 5023 3832
f 3835 3833 2823 3753
f 3836 3754 2824 3834
f 3837 3835 3753 3745
f 3838 3746 3754 3836
f 3829 3837 3745 2821
f 3830 2822 3746 3838
f 3840 3839 1567 1419
f 3841 1420 1568 3842
f 3844 4710 4822 1423
f 3845 1424 4823 4711
f 3852 5519 5557 1426
f 3853 1427 6047 6011
f 3856 3855 2516 1429
f 3857 1430 2517 3858
f 3860 3859 2518 1433
f 3861 1434 2519 3862
f 3864 3863 2554 1432
f 3865 1435 2555 3866
f 3843 3867 1714 1422
f 3846 1425 1715 3868
f 3869 5545 5558 1428
f 3870 1431 6048 6035
f 3839 4883 5062 1567
f 3842 1568 5063 4884
f 3851 3844 1423 1579
f 3854 1580 1424 3845
f 3872 3871 1779 1641
f 1043 1642 1780 1042
f 1087 3860 1433 1657
f 1086 1658 1434 3861
f 3867 1087 1657 1714
f 3868 1715 1658 1086
f 3871 3856 1429 1779
f 1042 1780 1430 3857
f 3847 3852 1426 2514
f 3850 2515 1427 3853
f 3855 3869 1428 2516
f 3858 2517 1431 3870
f 3859 3864 1432 2518
f 3862 2519 1435 3865
f 3863 3872 1641 2554
f 3866 2555 1642 1043
f 2467 2414 1009 1011
f 2466 1010 1008 2411
f 2416 5136 5105 1013
f 2415 1012 5619 5620
f 3873 1041 2414 2467
f 3874 2466 2411 1040
f 1045 5137 5136 2416
f 3848 2415 5620 5621
f 1421 2515 2468 1045
f 1418 3848 3847 2514
f 2468 5138 5137 1045
f 3847 3848 5621 5622
f 1077 5139 5138 2468
f 3852 3847 5622 5623
f 3875 2464 1041 3873
f 3876 3874 1040 2461
f 1076 1073 2464 3875
f 1075 3876 2461 1072
f 1205 2523 2515 1421
f 1204 1418 2514 2520
f 1572 4888 5063 1568
f 1569 1567 5062 4885
f 1219 3877 2522 1209
f 1216 1208 2521 3878
f 3877 3879 1277 2522
f 3878 2521 1276 3880
f 3879 6104 6013 1277
f 3880 1276 5521 5624
f 1215 2547 3877 1219
f 1212 1216 3878 2546
f 2547 763 3879 3877
f 2546 3878 3880 764
f 763 6017 6104 3879
f 764 3880 5624 5524
f 3882 4334 4367 4061
f 3883 4062 4368 4335
f 3885 3881 1618 2727
f 3886 2728 1617 3884
f 3888 6616 6617 4047
f 3888 4047 6618 6619
f 3889 4525 4526 4046
f 3892 4048 4527 4528
f 3893 4193 4194 4049
f 3896 4050 4195 4196
f 3887 6620 6621 3897
f 3887 3897 6622 6623
f 3890 4529 4530 3898
f 3891 3899 4531 4532
f 3894 4197 4198 3900
f 3895 3901 4199 4200
f 2828 3696 3904 3902
f 2829 3903 3905 3697
f 3696 2832 3906 3904
f 3697 3905 3907 2833
f 2832 3700 3908 3906
f 2833 3907 3909 3701
f 3728 2723 3916 3910
f 3729 3911 3917 2724
f 3913 4358 4369 4064
f 3914 4065 4370 4359
f 3916 3913 4064 4067
f 3917 4068 4065 3914
f 3700 2836 3918 3908
f 3701 3909 3919 2837
f 2836 3704 3920 3918
f 2837 3919 3921 3705
f 3704 3708 3922 3920
f 3705 3921 3923 3709
f 3708 3712 3924 3922
f 3709 3923 3925 3713
f 3712 3716 3926 3924
f 3713 3925 3927 3717
f 3716 2840 3928 3926
f 3717 3927 3929 2841
f 2840 3720 3930 3928
f 2841 3929 3931 3721
f 3720 3724 3932 3930
f 3721 3931 3933 3725
f 3724 2844 3934 3932
f 3725 3933 3935 3936
f 2844 5117 5140 3934
f 3936 3935 5625 5585
f 2713 5141 5142 4044
f 2714 4045 5405 5406
f 3945 3975 3973 2719
f 3946 2720 3974 3976
f 3910 3916 4067 4071
f 3911 4072 4068 3917
f 3934 5140 5143 4073
f 3935 4074 5626 5625
f 3951 3977 5144 5145
f 3952 5627 5628 3978
f 3953 4009 5146 5147
f 3954 5629 5630 4010
f 3937 5068 4051
f 3938 4052 5069
f 5066 5070 4069
f 5067 4070 5071
f 3902 3904 4077 4075
f 3903 4076 4078 3905
f 3959 3961 4055 4053
f 3960 4054 4056 3962
f 3963 3965 3955 3957
f 3964 3958 3956 3966
f 3965 4038 4036 3955
f 3966 3956 4037 4039
f 3970 4348 4361 2708
f 3971 2709 4364 4349
f 3973 3970 2708 2719
f 3974 2720 2709 3971
f 3975 3947 2721 3973
f 3976 3974 2722 3948
f 3977 3949 5148 5144
f 3978 5628 5631 3950
f 3932 3934 4073 4079
f 3933 4080 4074 3935
f 3930 3932 4079 4081
f 3931 4082 4080 3933
f 3985 3945 2719 3983
f 3986 3984 2720 3946
f 3987 3951 5145 5149
f 3988 5632 5627 3952
f 3928 3930 4081 4083
f 3929 4084 4082 3931
f 3990 4373 4347 2697
f 3991 2698 4350 4374
f 3993 3990 2697 2721
f 3994 2722 2698 3991
f 3995 3993 2721 3947
f 3996 3948 2722 3994
f 3997 5150 5148 3949
f 3998 3950 5631 5633
f 3999 3997 3949 3977
f 4000 3978 3950 3998
f 4001 3999 3977 3951
f 4002 3952 3978 4000
f 4003 4001 3951 3987
f 4004 3988 3952 4002
f 4003 3987 4009 4015
f 4004 4016 4010 3988
f 4005 3985 3983 4006
f 4008 4007 3984 3986
f 4009 3987 5149 5146
f 4010 5630 5632 3988
f 4015 4009 3953 3967
f 4016 3968 3954 4010
f 3926 3928 4083 4085
f 3927 4086 4084 3929
f 3924 3926 4085 4087
f 3925 4088 4086 3927
f 3922 3924 4087 4089
f 3923 4090 4088 3925
f 4017 2695 4375 4377
f 4020 4378 4376 2696
f 4027 3967 3953 4025
f 4028 4026 3954 3968
f 4029 5151 5152 4345
f 4031 4346 5074 5075
f 4032 5153 5151 4029
f 4033 4031 5075 5077
f 4038 4027 4025 4036
f 4039 4037 4026 4028
f 3920 3922 4089 4091
f 3921 4092 4090 3923
f 3918 3920 4091 4093
f 3919 4094 4092 3921
f 3908 3918 4093 4095
f 3909 4096 4094 3919
f 4041 4338 4341 2685
f 4042 2686 4344 4339
f 4040 4044 2711 2687
f 4043 2688 2712 4045
f 4047 6617 6620 3887
f 4047 3887 6623 6618
f 4046 4526 4529 3890
f 4048 3891 4532 4527
f 4049 4194 4197 3894
f 4050 3895 4200 4195
f 4044 5142 5154 2711
f 4045 2712 5407 5405
f 4051 5078 3939
f 4052 3940 5079
f 4053 4055 3963 3957
f 4054 3958 3964 4056
f 3906 3908 4095 4097
f 3907 4098 4096 3909
f 3904 3906 4097 4077
f 3905 4078 4098 3907
f 4058 4057 3881 3885
f 4059 3886 3884 4060
f 4061 4367 4337 2091
f 4062 2092 4340 4368
f 4064 4369 4373 3990
f 4065 3991 4374 4370
f 4067 4064 3990 3993
f 4068 3994 3991 4065
f 4058 5155 5141 2713
f 4059 2714 5406 5408
f 4071 4067 3993 3995
f 4072 3996 3994 4068
f 4073 5143 5150 3997
f 4074 3998 5633 5626
f 4069 5070 5068 3937
f 4070 3938 5069 5071
f 4075 4077 3961 3959
f 4076 3960 3962 4078
f 4079 4073 3997 3999
f 4080 4000 3998 4074
f 4081 4079 3999 4001
f 4082 4002 4000 4080
f 4083 4081 4001 4003
f 4084 4004 4002 4082
f 4085 4083 4003 4015
f 4086 4016 4004 4084
f 4087 4085 4015 3967
f 4088 3968 4016 4086
f 4089 4087 3967 4027
f 4090 4028 3968 4088
f 4091 4089 4027 4038
f 4092 4039 4028 4090
f 4093 4091 4038 3965
f 4094 3966 4039 4092
f 4095 4093 3965 3963
f 4096 3964 3966 4094
f 4097 4095 3963 4055
f 4098 4056 3964 4096
f 4077 4097 4055 3961
f 4078 3962 4056 4098
f 2768 6602 6624 4229
f 2768 4229 6625 6626
f 2786 4504 4533 4228
f 2784 4230 4534 4502
f 2764 4165 4233 4231
f 2763 4232 4234 4164
f 4100 6627 6616 3888
f 4100 3888 6619 6628
f 4099 4535 4525 3889
f 4101 3892 4528 4536
f 4102 4203 4193 3893
f 4103 3896 4196 4204
f 4105 6629 6627 4100
f 4105 4100 6628 6630
f 4104 4537 4535 4099
f 4106 4101 4536 4538
f 4107 4205 4203 4102
f 4108 4103 4204 4206
f 4110 6631 6629 4105
f 4110 4105 6630 6632
f 4109 4539 4537 4104
f 4111 4106 4538 4540
f 4112 4207 4205 4107
f 4113 4108 4206 4208
f 4115 6633 6634 4120
f 4115 4120 6635 6636
f 4114 4541 4542 4119
f 4116 4121 4543 4544
f 4117 4209 4210 4122
f 4118 4123 4211 4212
f 4120 6634 6631 4110
f 4120 4110 6632 6635
f 4119 4542 4539 4109
f 4121 4111 4540 4543
f 4122 4210 4207 4112
f 4123 4113 4208 4211
f 4125 6637 6638 4132
f 4125 4132 6639 6640
f 4124 4545 4546 4131
f 4126 4133 4547 4548
f 4127 4201 4213 4134
f 4128 4135 4214 4202
f 4132 6638 6633 4115
f 4132 4115 6636 6639
f 4131 4546 4541 4114
f 4133 4116 4544 4547
f 4134 4213 4209 4117
f 4135 4118 4212 4214
f 4136 2743 2744 4137
f 4139 4138 2745 2746
f 4140 2735 2733 4141
f 4143 4142 2734 2736
f 4141 2733 2819 4144
f 4142 4145 2820 2734
f 4138 4570 4562 2745
f 4137 2744 4565 4571
f 4146 4461 4469 2848
f 4147 2849 4470 4462
f 4149 2868 3059 4150
f 4152 4151 3060 2869
f 4153 2870 7083 7070
f 4156 7073 7086 2871
f 4153 4157 3090 2870
f 4156 2871 3091 4158
f 4159 2864 3062 4160
f 4162 4161 3063 2865
f 4163 2765 2763 4164
f 4166 4165 2764 2766
f 4144 2819 3325 4167
f 4145 4168 3326 2820
f 4169 2915 2963 4170
f 4172 4171 2964 2916
f 4173 2918 2966 4174
f 4176 4175 2967 2919
f 4177 2939 2987 4178
f 4180 4179 2988 2940
f 4181 2942 2990 4182
f 4184 4183 2991 2943
f 4170 2963 2743 4136
f 4171 4139 2746 2964
f 4174 2966 2735 4140
f 4175 4143 2736 2967
f 4178 2987 2915 4169
f 4179 4172 2916 2988
f 4182 2990 2918 4173
f 4183 4176 2919 2991
f 4185 3011 2939 4177
f 4186 4180 2940 3012
f 4187 3014 2942 4181
f 4188 4184 2943 3015
f 4189 3035 3011 4185
f 4190 4186 3012 3036
f 4191 3038 3014 4187
f 4192 4188 3015 3039
f 4150 3059 3035 4189
f 4151 4190 3036 3060
f 4160 3062 3038 4191
f 4161 4192 3039 3063
f 4157 7193 7196 3090
f 4158 3091 7199 7194
f 4154 3119 2868 4149
f 4155 4152 2869 3120
f 4167 3325 2894 4166
f 4168 4163 2891 3326
f 4193 2091 4041 4194
f 4196 4195 4042 2092
f 4197 2685 2689 4198
f 4200 4199 2690 2686
f 4194 4041 2685 4197
f 4195 4200 2686 4042
f 4165 2893 4235 4233
f 4164 4234 4236 2892
f 4203 4061 2091 4193
f 4204 4196 2092 4062
f 4205 3882 4061 4203
f 4206 4204 4062 3883
f 4207 1757 3882 4205
f 4208 4206 3883 1756
f 4209 3739 3747 4210
f 4212 4211 3750 3742
f 4210 3747 1757 4207
f 4211 4208 1756 3750
f 4201 4129 1085 4213
f 4202 4214 1084 4130
f 4213 1085 3739 4209
f 4214 4212 3742 1084
f 2893 4976 5080 4235
f 2892 4236 5081 4975
f 2781 2770 4239 4237
f 2780 4238 4240 2769
f 2770 4304 4311 4239
f 2769 4240 4312 4306
f 4129 5082 5083 1085
f 4130 1084 5084 5085
f 4215 4217 2703 3731
f 4216 3734 2706 4218
f 2776 5277 5285 4241
f 2778 4242 5286 5287
f 4217 4313 4314 2703
f 4218 2706 4315 4316
f 4219 5288 5289 4222
f 4220 4223 5290 5291
f 2703 4314 4317 3912
f 2706 3915 4318 4315
f 4225 4222 5289 5292
f 4226 5293 5290 4223
f 4229 6624 6637 4125
f 4229 4125 6640 6625
f 4228 4533 4545 4124
f 4230 4126 4548 4534
f 4231 4233 4201 4127
f 4232 4128 4202 4234
f 4233 4235 4129 4201
f 4234 4202 4130 4236
f 4235 5080 5082 4129
f 4236 4130 5085 5081
f 4237 4239 4217 4215
f 4238 4216 4218 4240
f 4239 4311 4313 4217
f 4240 4218 4316 4312
f 4241 5285 5288 4219
f 4242 4220 5291 5286
f 3912 4317 4319 4063
f 3915 4066 4320 4318
f 4244 4225 5292 5294
f 4245 5295 5293 4226
f 4245 4320 4321 4247
f 4244 4248 4322 4319
f 4246 6641 6642 4249
f 4246 4249 6643 6644
f 4247 4321 4323 4250
f 4248 4251 4324 4322
f 4252 4249 6642 6645
f 4252 6646 6643 4249
f 4250 4323 4325 4253
f 4251 4254 4326 4324
f 4253 4325 4327 4255
f 4254 4256 4328 4326
f 4255 4327 4329 4257
f 4256 4258 4330 4328
f 4257 4329 4331 4259
f 4258 4260 4332 4330
f 4262 6647 6648 4261
f 4262 4261 6649 6650
f 4263 6651 6647 4262
f 4263 4262 6650 6652
f 4264 6653 6651 4263
f 4264 4263 6652 6654
f 4252 6645 6653 4264
f 4252 4264 6654 6646
f 4265 5296 5281 4266
f 4268 4267 5278 5297
f 4269 5284 5287 4270
f 4271 6315 6316 4272
f 4267 6317 6318 4273
f 4266 4274 6319 6320
f 4273 6318 6321 4275
f 4274 4276 6322 6319
f 4275 6321 6315 4271
f 4276 4269 6323 6322
f 4272 6316 6324 4277
f 4270 4278 6325 6326
f 4279 6327 6328 4280
f 4282 4281 6329 6330
f 4283 4280 6328 6331
f 4284 6332 6329 4281
f 4277 6324 6327 4279
f 4278 4282 6330 6325
f 4285 4283 6331 6333
f 4286 6334 6332 4284
f 4286 5295 5298 4287
f 4285 4288 5299 5294
f 4289 4287 5298 5300
f 4290 5301 5299 4288
f 4291 5302 5303 4292
f 4294 4293 5304 5305
f 4295 5306 5302 4291
f 4296 4294 5305 5307
f 4297 5308 5306 4295
f 4298 4296 5307 5309
f 4289 5300 5308 4297
f 4290 4298 5309 5301
f 4299 2740 2738 4300
f 4302 4301 2737 2739
f 4303 2775 2776 4304
f 4305 2771 2769 4306
f 4301 2761 2888 4307
f 4300 4308 2889 2760
f 4307 2888 3319 4309
f 4308 4310 3320 2889
f 4309 3319 2775 4303
f 4310 4305 2777 3320
f 4304 2776 4241 4311
f 4306 4312 4242 2778
f 4313 4219 4222 4314
f 4316 4315 4223 4220
f 4314 4222 4225 4317
f 4315 4318 4226 4223
f 4311 4241 4219 4313
f 4312 4316 4220 4242
f 4317 4225 4244 4319
f 4318 4320 4245 4226
f 4320 4066 3992 4321
f 4319 4322 3989 4063
f 4321 3992 2700 4323
f 4322 4324 2699 3989
f 4323 2700 3972 4325
f 4324 4326 3969 2699
f 4325 3972 2710 4327
f 4326 4328 2707 3969
f 4327 2710 3982 4329
f 4328 4330 3979 2707
f 4329 3982 4014 4331
f 4330 4332 4011 3979
f 4333 1618 3881 4334
f 4336 4335 3884 1617
f 4337 2089 4040 4338
f 4340 4339 4043 2090
f 4341 2687 2691 4342
f 4344 4343 2692 2688
f 4342 4345 5086 2689
f 4343 2690 4030 4346
f 4347 2699 3969 4348
f 4350 4349 3972 2700
f 4351 1085 5083 4964
f 4354 4967 5084 1084
f 4333 4355 3748 1618
f 4336 1617 3749 4356
f 4357 2703 3912 4358
f 4360 4359 3915 2706
f 4361 2707 3979 4362
f 4364 4363 3982 2710
f 4352 3731 2703 4357
f 4353 4360 2706 3734
f 4365 4351 2701 3740
f 4366 3741 2702 4354
f 4355 4365 3740 3748
f 4356 3749 3741 4366
f 4334 3881 4057 4367
f 4335 4368 4060 3884
f 4358 3912 4063 4369
f 4359 4370 4066 3915
f 4348 3969 2707 4361
f 4349 4364 2710 3972
f 4362 3979 4011 4371
f 4363 4372 4014 3982
f 4373 3989 2699 4347
f 4374 4350 2700 3992
f 4371 4011 2693 4375
f 4372 4376 2694 4014
f 4377 4375 2693 4018
f 4378 4019 2694 4376
f 4346 4030 5074
f 4338 4040 2687 4341
f 4339 4344 2688 4043
f 4367 4057 2089 4337
f 4368 4340 2090 4060
f 4369 4063 3989 4373
f 4370 4374 3992 4066
f 4379 6655 6656 5190
f 4379 5190 6657 6658
f 4380 4382 5192 5189
f 4381 5191 5193 4383
f 4382 5869 5870 5192
f 4383 5193 5871 5872
f 4384 4386 5196 5194
f 4385 5195 5197 4387
f 4386 4388 5198 5196
f 4387 5197 5199 4389
f 4388 4390 5200 5198
f 4389 5199 5201 4391
f 4390 4392 5202 5200
f 4391 5201 5203 4393
f 4392 4394 5204 5202
f 4393 5203 5205 4395
f 4394 4396 5206 5204
f 4395 5205 5207 4397
f 4396 4398 5208 5206
f 4397 5207 5209 4399
f 4398 4400 5210 5208
f 4399 5209 5211 4401
f 4402 6659 6660 5213
f 4402 5213 6661 6662
f 4403 5873 5874 5212
f 4404 5214 5875 5876
f 4405 5877 5878 4406
f 4407 6663 6626 4408
f 4409 5879 5880 4410
f 4412 4411 5881 5882
f 4413 6615 6664 4414
f 4415 5883 5884 4416
f 4417 5885 5886 4418
f 4420 4419 5887 5888
f 4421 6665 6666 4576
f 4424 4577 6667 6668
f 4422 6669 6670 4425
f 4423 4426 6671 6672
f 4411 6607 6673 4427
f 4410 4428 6674 6606
f 4414 6664 7228 7229
f 4416 5884 7230 7231
f 4418 5886 7115 7116
f 4419 7117 7118 5887
f 4427 6673 6663 4407
f 4428 4405 6601 6674
f 4429 5890 5891 4430
f 4432 4431 5892 5893
f 4433 5894 5895 4434
f 4436 4435 5896 5897
f 4430 5891 5894 4433
f 4431 4436 5897 5892
f 4406 5878 5898 4437
f 4408 4438 5899 5900
f 4439 5901 5890 4429
f 4440 4432 5893 5902
f 4441 5903 5901 4439
f 4442 4440 5902 5904
f 4443 5905 5903 4441
f 4444 4442 5904 5906
f 4445 5907 5908 4446
f 4448 4447 5909 5910
f 4446 5908 5905 4443
f 4447 4444 5906 5909
f 4449 5911 5912 4450
f 4452 4451 5913 5914
f 4450 5912 5907 4445
f 4451 4448 5910 5913
f 4425 6670 6614 4420
f 4426 4417 6611 6671
f 4437 5898 5911 4449
f 4438 4452 5914 5899
f 4435 6622 6675 5173
f 4434 5174 6676 6621
f 4453 6335 6336 4454
f 4455 6337 6338 4456
f 4457 6339 6340 4566
f 4460 4569 6341 6342
f 4458 6343 6344 4461
f 4459 4462 6345 6346
f 4463 6347 6348 4464
f 4466 4465 6349 6350
f 4456 6338 7232 7184
f 4464 6348 6335 4453
f 4465 4468 6352 6349
f 4461 6344 6353 4469
f 4462 4470 6354 6345
f 4468 2785 2786 4471
f 4472 2816 2814 4466
f 4467 4463 2813 2815
f 4473 2847 3084 4474
f 4470 2849 3113 4475
f 4469 4476 3112 2848
f 4474 3084 7233 7234
f 4475 3113 7119 7120
f 4476 7121 7122 3112
f 4477 3889 4046 4478
f 4480 4479 4048 3892
f 4481 3890 3898 4482
f 4484 4483 3899 3891
f 4478 4046 3890 4481
f 4479 4484 3891 4048
f 4471 2786 4228 4485
f 4454 4486 4230 2784
f 4487 4099 3889 4477
f 4488 4480 3892 4101
f 4489 4104 4099 4487
f 4490 4488 4101 4106
f 4491 4109 4104 4489
f 4492 4490 4106 4111
f 4493 4114 4119 4494
f 4496 4495 4121 4116
f 4494 4119 4109 4491
f 4495 4492 4111 4121
f 4497 4124 4131 4498
f 4500 4499 4133 4126
f 4498 4131 4114 4493
f 4499 4496 4116 4133
f 4485 4228 4124 4497
f 4486 4500 4126 4230
f 4434 5895 5927 5174
f 4435 5173 5928 5896
f 4482 3898 5177 5175
f 4483 5176 5178 3899
f 4501 2783 2784 4502
f 4503 4574 4578 4504
f 4505 2815 2813 4506
f 4508 4507 2814 2816
f 4509 2846 3083 4510
f 4512 4511 3084 2847
f 4513 2848 3112 4514
f 4516 4515 3113 2849
f 4518 4517 4458 2854
f 4519 2855 4459 4520
f 4518 2854 4146 4521
f 4519 4522 4147 2855
f 4506 2813 3314 4523
f 4507 4524 3315 2814
f 4510 3083 7185 7235
f 4511 7236 7233 3084
f 4514 3112 7122 7123
f 4515 7124 7119 3113
f 4523 3314 2783 4501
f 4524 4503 2785 3315
f 4525 4579 4580 4526
f 4528 4527 4581 4582
f 4529 4583 4584 4530
f 4532 4531 4585 4586
f 4526 4580 4583 4529
f 4527 4532 4586 4581
f 4504 4578 4587 4533
f 4502 4534 4588 4553
f 4535 4589 4579 4525
f 4536 4528 4582 4590
f 4537 4591 4589 4535
f 4538 4536 4590 4592
f 4539 4012 4591 4537
f 4540 4538 4592 4013
f 4541 2717 2718 4542
f 4544 4543 4023 4024
f 4542 2718 4012 4539
f 4543 4540 4013 4023
f 4545 4034 4035 4546
f 4548 4547 3941 3942
f 4546 4035 2717 4541
f 4547 4544 4024 3941
f 4521 4146 2848 4513
f 4522 4516 2849 4147
f 4533 4587 4034 4545
f 4534 4548 3942 4588
f 4550 6677 6669 4422
f 4551 4423 6672 6678
f 4517 6355 6343 4458
f 4520 4459 6346 6356
f 4399 5231 5232 4397
f 4398 4396 5233 5234
f 4552 4501 4502 4553
f 4554 4505 4506 4555
f 4557 4556 4507 4508
f 4558 4509 4510 4559
f 4561 4560 4511 4512
f 4562 4513 4514 4563
f 4565 4564 4515 4516
f 4567 4566 4517 4518
f 4568 4519 4520 4569
f 4567 4518 4521 4570
f 4568 4571 4522 4519
f 4555 4506 4523 4572
f 4556 4573 4524 4507
f 4559 4510 7235 7182
f 4560 7183 7236 4511
f 4563 4514 7123 7078
f 4564 7079 7124 4515
f 4572 4523 4501 4552
f 4573 4574 4503 4524
f 4570 4521 4513 4562
f 4571 4565 4516 4522
f 4576 6666 6677 4550
f 4577 4551 6678 6667
f 4566 6340 6355 4517
f 4569 4520 6356 6341
f 4574 2766 2764 4578
f 4579 3893 4049 4580
f 4582 4581 4050 3896
f 4583 3894 3900 4584
f 4586 4585 3901 3895
f 4580 4049 3894 4583
f 4581 4586 3895 4050
f 4578 2764 4231 4587
f 4553 4588 4232 2763
f 4589 4102 3893 4579
f 4590 4582 3896 4103
f 4591 4107 4102 4589
f 4592 4590 4103 4108
f 4012 4112 4107 4591
f 4013 4592 4108 4113
f 2717 4117 4122 2718
f 4024 4023 4123 4118
f 2718 4122 4112 4012
f 4023 4013 4113 4123
f 4034 4127 4134 4035
f 3942 3941 4135 4128
f 4035 4134 4117 2717
f 3941 4024 4118 4135
f 4587 4231 4127 4034
f 4588 3942 4128 4232
f 4530 4584 5181 5179
f 4531 5180 5182 4585
f 2711 5087 4032 2715
f 2712 2716 4033 4593
f 4593 4033 5077
f 4594 4596 4597 4021
f 4595 4022 4598 4599
f 4596 4362 4371 4597
f 4599 4598 4372 4363
f 2695 4597 4371 4375
f 2696 4376 4372 4598
f 4021 4597 2695 4017
f 4022 4020 2696 4598
f 3940 5407 5409 4601
f 3957 3955 4600 5078
f 3958 5634 5635 3956
f 4596 4602 3980 4362
f 4599 4363 3981 4603
f 4006 3983 3980 4602
f 4007 4603 3981 3984
f 4005 4006 4604 3943
f 4008 3944 4605 4007
f 4604 4006 4602 4596
f 4605 4599 4603 4007
f 3886 4059 5408 5410
f 4608 1318 1319 4609
f 4611 4610 5636 5530
f 4612 2025 2026 4613
f 4615 4614 2027 2028
f 4617 4616 1484 1485
f 4618 1486 1487 4619
f 4621 4620 1488 1489
f 4622 1490 1491 4623
f 4624 1492 1493 4625
f 4627 4626 1494 1495
f 4628 1496 1490 4622
f 4629 4621 1489 1497
f 4616 4630 2076 1484
f 4619 1487 5272 5256
f 4620 4632 2078 1488
f 4623 1491 5273 5257
f 4625 1493 1496 4628
f 4626 4629 1497 1494
f 4634 4633 1505 1508
f 4635 1509 2264 4636
f 4637 4634 1508 1510
f 4638 1511 1509 4635
f 4639 4637 1510 1512
f 4640 1513 1511 4638
f 4642 4641 1507 1514
f 4643 1515 1506 4644
f 4639 1512 1520 4645
f 4640 4646 2282 1513
f 4645 1520 2283 4647
f 4649 4648 2286 1521
f 4642 1514 1524 4650
f 4643 4651 2288 1515
f 4650 1524 2289 4652
f 4654 4653 2292 1525
f 4655 1527 1518 4656
f 4658 4657 2295 1528
f 4659 1531 2320 4660
f 4662 4661 2321 1532
f 4663 1533 2322 4664
f 4666 4665 2325 1534
f 4667 1539 2369 4668
f 4670 4669 2370 1540
f 4671 1541 2371 4672
f 4674 4673 2374 1542
f 4675 1547 2417 4676
f 4678 4677 2418 1548
f 4679 1549 2419 4680
f 4682 4681 2422 1550
f 4683 1553 2469 4684
f 4686 4685 2472 1554
f 4687 1561 2473 4688
f 4690 4689 2476 1564
f 4691 2029 2030 4692
f 4694 4693 2031 2032
f 4695 2045 2046 4696
f 4698 4697 2047 2048
f 4699 2051 2052 4700
f 4702 4701 2053 2054
f 4704 4703 2059 2060
f 4705 2061 2062 4706
f 4703 4707 2063 2059
f 4706 2062 2064 4708
f 4709 5538 5637 4710
f 4712 4711 6105 6029
f 4713 5638 5639 4714
f 4716 4715 6106 6107
f 4717 5640 5641 4718
f 4720 4719 6108 6109
f 4700 2052 2065 4721
f 4701 4722 2066 2053
f 4721 2065 2063 4707
f 4722 4708 2064 2066
f 4696 2046 2051 4699
f 4697 4702 2054 2047
f 4723 1555 3851 4724
f 4726 4725 3854 1558
f 4714 5639 5642 4727
f 4715 4728 6110 6106
f 4729 1581 1582 4730
f 4732 4731 1583 1584
f 4727 5642 5640 4717
f 4728 4720 6109 6110
f 4718 5641 5643 4733
f 4719 4734 6111 6108
f 4735 1587 1588 4736
f 4738 4737 1589 1590
f 4739 1591 1587 4735
f 4740 4738 1590 1592
f 4742 4741 5644 5554
f 4743 6044 6112 4744
f 4745 1597 4746 4749
f 4749 4746 5645 5646
f 4748 5526 5648 5647
f 4750 6113 6115 6018
f 4754 6114 6116 4752
f 4753 4754 4752 1600
f 4755 1559 2550 4756
f 4758 4757 2553 1560
f 4760 4759 5649 5650
f 4761 6117 6118 4762
f 4608 663 679 4763
f 4611 4764 680 666
f 4765 938 680 4764
f 4766 4763 679 937
f 732 938 4765
f 4768 967 2307 4769
f 4771 4770 2308 968
f 4772 1002 2356 4773
f 4775 4774 2357 1003
f 4776 1034 2406 4777
f 4779 4778 2407 1035
f 4709 1066 2456 4780
f 4712 4781 2457 1067
f 4782 1562 5565 5541
f 4785 4783 1549 4679
f 4784 5542 5502 1046
f 4786 1047 5996 6031
f 4789 4682 1550 4787
f 4788 6032 6054 1563
f 4784 1046 3840 4790
f 4786 4791 3841 1047
f 4792 1202 1206 4793
f 4795 4794 1207 1203
f 4793 1206 1217 4796
f 4794 4797 1218 1207
f 4796 1217 1213 4798
f 4797 4799 1214 1218
f 4798 1213 1221 4800
f 4799 4801 1222 1214
f 4800 1221 1399 4802
f 4801 4803 1400 1222
f 4804 1551 1607 4805
f 4807 4806 1608 1552
f 4808 5564 5651 4809
f 4811 4810 6119 6055
f 4733 5643 5652 4812
f 4734 4813 6120 6111
f 4736 1588 1597 4745
f 4737 4753 1600 1589
f 4802 1399 1210 4742
f 4803 4743 1211 1400
f 4814 1609 1853 4815
f 4817 4816 1856 1612
f 4818 5653 5654 4819
f 4821 4820 6121 6122
f 4822 5655 5638 4713
f 4823 4716 6107 6123
f 4824 1579 1581 4729
f 4825 4732 1584 1580
f 4826 1419 1202 4792
f 4827 4795 1203 1420
f 4692 2030 2045 4695
f 4693 4698 2048 2031
f 4805 1607 1879 4828
f 4806 4829 1882 1608
f 4809 5651 5656 4830
f 4810 4831 6124 6119
f 4832 1610 1827 4833
f 4835 4834 1830 1611
f 4836 5657 5658 4837
f 4839 4838 6125 6126
f 4840 1615 2621 4841
f 4843 4842 2624 1616
f 4844 6070 6127 4845
f 4631 4846 5659 5660
f 4847 4618 5469 5661
f 4848 6128 5963 4617
f 4850 4849 5662 5663
f 4851 6129 6130 4852
f 4849 4847 5661 5662
f 4852 6130 6128 4848
f 4853 6131 5976 4644
f 4846 4641 5482 5659
f 4850 5663 5664 4854
f 4851 4855 6132 6129
f 4624 5473 5491 4656
f 4627 4856 6074 5967
f 4857 4854 5664 5579
f 4858 6075 6133 4859
f 4860 5665 5666 2344
f 4862 4861 6134 6135
f 4863 5667 5668 4864
f 4866 4865 6136 6137
f 4867 5669 5670 4868
f 4870 4869 6138 6139
f 4871 5671 5672 4872
f 4874 4873 6140 6141
f 4804 5552 5673 4875
f 4807 4876 6142 6043
f 4683 5504 5674 4877
f 4686 4878 6143 5998
f 4879 4723 5518 5675
f 4880 6144 6145 5111
f 4879 5675 5676 4881
f 4880 4882 6146 6144
f 4675 5500 5677 4883
f 4678 4884 6147 5994
f 4885 5678 5679 4886
f 4888 4887 6148 6149
f 4886 5679 5680 4889
f 4887 4890 6150 6148
f 4891 5681 5682 4892
f 4894 4893 6151 6152
f 4889 5680 5681 4891
f 4890 4894 6152 6150
f 4895 5683 5684 4897
f 4897 5684 5687 5686
f 4741 4897 5686 5644
f 4744 6112 6153 4900
f 4900 6153 6155 6154
f 4899 4900 6154 6156
f 4746 4812 5652 5645
f 4752 6116 6120 4813
f 4892 5682 5688 4901
f 4893 4902 6157 6151
f 4783 4808 1048 1549
f 4787 1550 1049 4811
f 4904 4903 1730 1672
f 4751 4905 1750 1599
f 4896 5685 5689 4906
f 4908 4907 1752 1684
f 4901 5688 5683 4895
f 4902 4899 6156 6157
f 4881 5676 5690 4909
f 4882 4910 6158 6146
f 4911 1637 1775 4912
f 4914 4913 1778 1640
f 4916 4915 2628 1605
f 4917 1606 2629 4918
f 4919 1703 1799 4920
f 4922 4921 1800 1706
f 4923 5580 5567 4904
f 6076 4924 4925 6066
f 5571 4916 4926 5691
f 4917 6062 6059 4908
f 4903 4747 1598 1730
f 4905 4925 1674 1750
f 4906 5689 5691 4926
f 4907 4898 1595 1752
f 4912 1775 1561 4687
f 4913 4690 1564 1778
f 4920 1799 1380 4927
f 4921 4928 1381 1800
f 4929 1801 1615 4840
f 4930 4843 1616 1804
f 4931 5692 5575 4927
f 4932 4928 6068 6159
f 4833 1827 1801 4929
f 4834 4930 1804 1830
f 4837 5658 5692 4931
f 4838 4932 6159 6125
f 4815 1853 1610 4832
f 4816 4835 1611 1856
f 4819 5654 5657 4836
f 4820 4839 6126 6121
f 4828 1879 1609 4814
f 4829 4817 1612 1882
f 4830 5656 5653 4818
f 4831 4821 6122 6124
f 4612 5960 6160 4933
f 4615 4934 5693 5468
f 4935 5694 5693 4934
f 4936 4933 6160 6161
f 4937 5695 5694 4935
f 4939 4938 6162 6163
f 4940 5696 5697 4941
f 4943 4942 6164 6165
f 4944 5698 5699 4945
f 4947 4946 6166 6167
f 4948 5700 5701 4949
f 4951 4950 6168 6169
f 4691 5508 5702 4952
f 4694 4953 6170 6002
f 4909 5690 5703 4954
f 4910 4955 6171 6158
f 4956 5704 5705 4957
f 4959 4958 6172 6173
f 4957 5705 5706 4960
f 4958 4961 6174 6172
f 4960 5706 5515 4704
f 4961 4705 6007 6174
f 4954 5703 5704 4956
f 4955 4959 6173 6171
f 4630 4844 1480 2076
f 4632 4962 1504 2078
f 4636 2264 1504 4962
f 4646 4649 1521 2282
f 4647 2283 1522
f 4648 1523 2286
f 4651 4654 1525 2288
f 4652 2289 1526
f 4653 4963 2292
f 4657 4856 1519 2295
f 4660 2320 1529 4857
f 4661 4858 1530 2321
f 4664 2322 1527 4655
f 4665 4658 1528 2325
f 4668 2369 1531 4659
f 4669 4662 1532 2370
f 4672 2371 1533 4663
f 4673 4666 1534 2374
f 4676 2417 1539 4667
f 4677 4670 1540 2418
f 4680 2419 1541 4671
f 4681 4674 1542 2422
f 4684 2469 1559 4755
f 4685 4758 1560 2472
f 4688 2473 1562 4782
f 4689 4788 1563 2476
f 4756 2550 1637 4911
f 4757 4914 1640 2553
f 4759 4748 5647 5649
f 4762 6118 6113 4750
f 2305 4766 937
f 4769 2307 732
f 4773 2356 967 4768
f 4774 4771 968 2357
f 4777 2406 1002 4772
f 4778 4775 1003 2407
f 4780 2456 1034 4776
f 4781 4779 1035 2457
f 4841 2621 1703 4919
f 4842 4922 1706 2624
f 4845 6127 6131 4853
f 4859 6133 6132 4855
f 2344 5666 5577 1522
f 4861 1523 6072 6134
f 4864 5668 5578 1526
f 4865 4963 6073 6136
f 4868 5670 5665 4860
f 4869 4862 6135 6138
f 4872 5672 5667 4863
f 4873 4866 6137 6140
f 4875 5673 5669 4867
f 4876 4870 6139 6142
f 4877 5674 5671 4871
f 4878 4874 6141 6143
f 4915 4923 1603 2628
f 4918 2629 1604 4924
f 4938 4936 6161 6162
f 4941 5697 5695 4937
f 4942 4939 6163 6164
f 4945 5699 5696 4940
f 4946 4943 6165 6166
f 4949 5701 5698 4944
f 4950 4947 6167 6168
f 4952 5702 5700 4948
f 4953 4951 6169 6170
f 4965 4964 6175 6176
f 4966 5707 5708 4967
f 4968 4965 6176 6101
f 4969 5614 5707 4966
f 4970 6177 6178 4971
f 4973 4972 5709 5710
f 4974 2891 2892 4975
f 4977 4976 2893 2894
f 4978 2858 3055 4979
f 4981 4980 3058 2859
f 4982 2862 7071 7125
f 4985 7126 7072 2863
f 4982 4986 3087 2862
f 4985 2863 3088 4987
f 4988 6092 6179 4989
f 4991 4990 5711 5598
f 4971 6178 6180 4992
f 4972 4993 5712 5709
f 4992 6180 6181 4994
f 4993 4995 5713 5712
f 4996 2911 2959 4997
f 4999 4998 2962 2914
f 5000 6182 6183 5001
f 5003 5002 5714 5715
f 5004 2935 2983 5005
f 5007 5006 2986 2938
f 5008 6184 6185 5009
f 5011 5010 5716 5717
f 4997 2959 2731
f 4998 2732 2962
f 5001 6183 6177 4970
f 5002 4973 5710 5714
f 5005 2983 2911 4996
f 5006 4999 2914 2986
f 5009 6185 6182 5000
f 5010 5003 5715 5716
f 5012 3007 2935 5004
f 5013 5007 2938 3010
f 5014 6186 6184 5008
f 5015 5011 5717 5718
f 5016 3031 3007 5012
f 5017 5013 3010 3034
f 5018 6187 6186 5014
f 5019 5015 5718 5719
f 4979 3055 3031 5016
f 4980 5017 3034 3058
f 4989 6179 6187 5018
f 4990 5019 5719 5711
f 4986 7237 7192 3087
f 4987 3088 7195 7238
f 4983 3115 2858 4978
f 4984 4981 2859 3118
f 4994 6181 6078 4977
f 4995 4974 5581 5713
f 5020 2827 2828 5021
f 5023 5022 5720 5721
f 4609 1319 3657 5024
f 4610 5025 5722 5636
f 4613 2026 3693 5026
f 4614 5027 3694 2027
f 5028 3447 3403 5029
f 5031 5030 5723 5724
f 5032 3483 3441 5033
f 5035 5034 3442 3484
f 5036 3489 3447 5028
f 5037 5031 5724 5725
f 5038 3525 3483 5032
f 5039 5035 3484 3526
f 5040 3531 3489 5036
f 5041 5037 5725 5726
f 5042 3567 3525 5038
f 5043 5039 3526 3568
f 5044 3573 3531 5040
f 5045 5041 5726 5727
f 5046 3609 3567 5042
f 5047 5043 3568 3610
f 5048 3615 3573 5044
f 5049 5045 5727 5728
f 5050 3651 3609 5046
f 5051 5047 3610 3652
f 5024 3657 3615 5048
f 5025 5049 5728 5722
f 5026 3693 3651 5050
f 5027 5051 3652 3694
f 5052 2821 2725 4968
f 5053 4969 2726 2822
f 5033 3441 3787 5054
f 5034 5055 3788 3442
f 5029 3403 3756 5056
f 5030 5057 5729 5723
f 5054 3787 3829 5058
f 5055 5059 3830 3788
f 5056 3756 3798 5060
f 5057 5061 5730 5729
f 5058 3829 2821 5052
f 5059 5053 2822 3830
f 5060 3798 2827 5020
f 5061 5023 5721 5730
f 4710 5637 5655 4822
f 4711 4823 6123 6105
f 4724 3851 1579 4824
f 4725 4825 1580 3854
f 4790 3840 1419 4826
f 4791 4827 1420 3841
f 4883 5677 5731 5062
f 4884 5063 6188 6147
f 4888 6149 6188 5063
f 4885 5062 5731 5678
f 5064 1586 1583 4731
f 5065 4730 1582 1585
f 4740 1592 1586 5064
f 4739 5065 1585 1591
f 5021 2828 3902 5066
f 5022 5067 5732 5720
f 5068 3959 4053 4051
f 5069 4052 5733 5734
f 5066 3902 4075 5070
f 5067 5071 5735 5732
f 5072 5165 5166 5073
f 5075 5074 5400 5401
f 5076 5167 5165 5072
f 5077 5075 5401 5402
f 4051 4053 3957 5078
f 4052 5079 5634 5733
f 5070 4075 3959 5068
f 5071 5069 5734 5735
f 4976 6077 6189 5080
f 4975 5081 5736 5582
f 5082 6190 6191 5083
f 5085 5084 5737 5738
f 5080 6189 6190 5082
f 5081 5085 5738 5736
f 4964 5083 6191 6175
f 4967 5708 5737 5084
f 5073 5166 5168 5086
f 5074 4030 5403 5400
f 5087 5169 5167 5076
f 4593 5077 5402 5404
f 5078 4600 3939
f 5079 3940 4601
f 4601 5409 5411
f 5088 661 659 5089
f 5090 663 664 5091
f 5088 5092 955 661
f 5092 5093 961 955
f 5095 5094 2297 953
f 5097 5096 2303 972
f 5099 5098 2309 974
f 5101 5100 2319 980
f 5103 5102 2358 1005
f 5105 5104 2368 1013
f 5107 5106 2408 1037
f 5109 5108 2458 1069
f 5109 5110 1558 1067
f 5110 5111 4726 1558
f 5112 937 679 5113
f 5113 679 663 5090
f 5094 5093 963 2297
f 5096 5112 970 2303
f 5098 5097 972 2309
f 5100 5095 953 2319
f 5102 5099 974 2358
f 5104 5101 980 2368
f 5106 5103 1005 2408
f 5108 5107 1037 2458
f 5114 5020 5021 5115
f 5116 3727 3728 5117
f 5091 664 3653 5118
f 5089 659 3683 5119
f 5120 3443 3401 5121
f 5122 3473 3431 5123
f 5124 3485 3443 5120
f 5125 3515 3473 5122
f 5126 3527 3485 5124
f 5127 3557 3515 5125
f 5128 3569 3527 5126
f 5129 3599 3557 5127
f 5130 3611 3569 5128
f 5131 3641 3599 5129
f 5118 3653 3611 5130
f 5119 3683 3641 5131
f 5123 3431 3781 5132
f 5121 3401 3789 5133
f 5132 3781 3823 5134
f 5133 3789 3831 5135
f 5134 3823 3727 5116
f 5135 3831 5020 5114
f 5136 2467 1011 5105
f 5137 3873 2467 5136
f 5138 3875 3873 5137
f 5139 1076 3875 5138
f 5117 3728 3910 5140
f 5141 3937 4051 5142
f 5140 3910 4071 5143
f 5145 5144 3975 3945
f 5147 5146 4005 3943
f 5144 5148 3947 3975
f 5149 5145 3945 3985
f 5150 3995 3947 5148
f 5146 5149 3985 4005
f 5151 5072 5073 5152
f 5153 5076 5072 5151
f 5142 4051 3939 5154
f 5155 4069 3937 5141
f 5143 4071 3995 5150
f 5152 5073 5086
f 5111 6145 6012 4726
f 5154 3939 4600 4606
f 2711 5154 4606 5087
f 3955 4036 5156 4600
f 3956 5635 5739 4037
f 4036 4025 5158 5156
f 4037 5739 5740 4026
f 4025 3953 5147 5158
f 4607 5066 4069 5155
f 3885 4607 5155 4058
f 2727 5115 4607 3885
f 2728 3886 5161 5162
f 5115 5021 5066 4607
f 5162 5161 5067 5022
f 4606 5170 5169 5087
f 5165 4017 4377 5166
f 5167 4021 4017 5165
f 5166 4377 4018 5168
f 5169 4594 4021 5167
f 5170 5163 4594 5169
f 4600 5156 5170 4606
f 5156 5158 5163 5170
f 5158 5147 3943 5163
f 5159 5164 3944 5171
f 5163 3943 4604 4594
f 5164 4595 4605 3944
f 4594 4604 4596
f 4595 4599 4605
f 5173 6675 6679 5236
f 5174 5237 6680 6676
f 5174 5927 5931 5237
f 5173 5236 5932 5928
f 5175 5177 5231 5238
f 5176 5239 5234 5178
f 5177 3898 4530 5179
f 5178 5180 4531 3899
f 5179 5181 5240 5232
f 5180 5233 5241 5182
f 4584 3900 5183 5181
f 4585 5182 5184 3901
f 3900 4198 5185 5183
f 3901 5184 5186 4199
f 4198 2689 5187 5185
f 4199 5186 5188 2690
f 5181 5183 5242 5240
f 5182 5241 5243 5184
f 5190 6656 6595 642
f 5190 642 6596 6657
f 5189 5192 638 640
f 5191 641 639 5193
f 5192 5870 5852 638
f 5193 639 5853 5871
f 5194 5196 634 636
f 5195 637 635 5197
f 5196 5198 632 634
f 5197 635 633 5199
f 5198 5200 630 632
f 5199 633 631 5201
f 5200 5202 628 630
f 5201 631 629 5203
f 5202 5204 422 628
f 5203 629 421 5205
f 5204 5206 408 422
f 5205 421 407 5207
f 5206 5208 398 408
f 5207 407 397 5209
f 5208 5210 396 398
f 5209 397 395 5211
f 5213 6660 6563 392
f 5213 392 6564 6661
f 5212 5874 5820 393
f 5214 394 5821 5875
f 5183 5185 5244 5242
f 5184 5243 5245 5186
f 5185 5187 5246 5244
f 5186 5245 5247 5188
f 2689 5086 5215 5187
f 2690 5188 5216 4030
f 5086 5168 5217 5215
f 5168 4018 5219 5217
f 4018 2693 5221 5219
f 4019 5220 5222 2694
f 2693 4011 4332 5221
f 2694 5222 4331 4014
f 5221 4332 4260 5223
f 5222 5224 4259 4331
f 5221 5223 5225 5219
f 5222 5220 5226 5224
f 5217 5219 5225 5227
f 5218 5228 5226 5220
f 5215 5217 5227 5229
f 5216 5230 5228 5218
f 5231 5177 5179 5232
f 5234 5233 5180 5178
f 5236 6679 6662 4404
f 5237 4403 6659 6680
f 5237 5931 5873 4403
f 5236 4404 5876 5932
f 5238 5231 4399 4401
f 5239 4400 4398 5234
f 5232 5240 4395 4397
f 5233 4396 4394 5241
f 5240 5242 4393 4395
f 5241 4394 4392 5243
f 5242 5244 4391 4393
f 5243 4392 4390 5245
f 5244 5246 4389 4391
f 5245 4390 4388 5247
f 5187 5215 5229 5246
f 5188 5247 5230 5216
f 5249 5248 856 857
f 5251 5250 881 882
f 5253 5252 884 885
f 5254 5253 885 883
f 5249 5255 676 650
f 5255 5476 5660 676
f 5258 5477 5478 692
f 5260 5259 2114 742
f 5262 5261 746 750
f 5261 5263 789 746
f 5265 5264 754 758
f 5264 5266 773 754
f 5266 5267 922 773
f 5263 5265 758 789
f 5269 5268 2116 809
f 5252 768 766 5251
f 5267 5250 762 922
f 5254 883 707 5270
f 5271 5262 750 1099
f 5272 5258 692 1483
f 5273 5260 742 1505
f 5259 5269 809 2114
f 5268 5271 1099 2116
f 5256 5272 1483 4631
f 5257 5273 1505 4633
f 5246 5229 4387 4389
f 5247 4388 4386 5230
f 4260 5304 5310 5223
f 4259 5224 5311 5303
f 5276 4271 4272 5277
f 5278 4267 4273 5279
f 5281 5280 4274 4266
f 5279 4273 4275 5282
f 5280 5283 4276 4274
f 5282 4275 4271 5276
f 5283 5284 4269 4276
f 5277 4272 4277 5285
f 5287 5286 4278 4270
f 5288 4279 4280 5289
f 5291 5290 4281 4282
f 5292 5289 4280 4283
f 5293 4284 4281 5290
f 5285 4277 4279 5288
f 5286 5291 4282 4278
f 5294 5292 4283 4285
f 5295 4286 4284 5293
f 5296 2759 2760 5281
f 5297 5278 2761 2762
f 5284 2777 2778 5287
f 5295 4245 4247 5298
f 5294 5299 4248 4244
f 5300 5298 4247 4250
f 5301 4251 4248 5299
f 5302 4257 4259 5303
f 5305 5304 4260 4258
f 5306 4255 4257 5302
f 5307 5305 4258 4256
f 5308 4253 4255 5306
f 5309 5307 4256 4254
f 5300 4250 4253 5308
f 5301 5309 4254 4251
f 5304 4293 5274 5310
f 5303 5311 5275 4292
f 5223 5310 5312 5225
f 5224 5226 5313 5311
f 5227 5225 5312 5314
f 5228 5315 5313 5226
f 5227 5314 4387 5229
f 5228 5230 4386 5315
f 5310 5274 5316 5312
f 5311 5313 5317 5275
f 5312 5316 5318 5314
f 5313 5315 5319 5317
f 5314 5318 4385 4387
f 5315 4386 4384 5319
f 5321 5857 5860 5322
f 5323 5868 5935 5324
f 5326 5325 5936 5867
f 5327 5324 5935 5937
f 5328 5938 5936 5325
f 5329 5939 5940 5330
f 5332 5331 5941 5942
f 5333 5943 5939 5329
f 5334 5332 5942 5944
f 5335 5945 5943 5333
f 5336 5334 5944 5946
f 5327 5937 5945 5335
f 5328 5336 5946 5938
f 5337 5377 5378 5338
f 5339 5379 5381 5341
f 5340 5342 5382 5380
f 5341 5381 5377 5337
f 5342 5321 5361 5382
f 5338 5378 5383 5343
f 5322 5344 5384 5362
f 5345 5385 5386 5346
f 5348 5347 5387 5388
f 5349 5346 5386 5389
f 5350 5390 5387 5347
f 5343 5383 5385 5345
f 5344 5348 5388 5384
f 5326 5349 5389 5366
f 5323 5363 5390 5350
f 4293 6357 6358 5274
f 4292 5275 6359 6360
f 5274 6358 6361 5316
f 5275 5317 6362 6359
f 5316 6361 6363 5318
f 5317 5319 6364 6362
f 5318 6363 6365 4385
f 5319 4384 6366 6364
f 5371 6649 6681 5398
f 5370 5399 6682 6648
f 5361 5321 5322 5362
f 5363 5323 5324 5364
f 5366 5365 5325 5326
f 5367 5364 5324 5327
f 5368 5328 5325 5365
f 5369 5329 5330 5370
f 5372 5371 5331 5332
f 5373 5333 5329 5369
f 5374 5372 5332 5334
f 5375 5335 5333 5373
f 5376 5374 5334 5336
f 5367 5327 5335 5375
f 5368 5376 5336 5328
f 5377 6683 6684 5378
f 5359 6599 6685 5379
f 5358 5380 6686 6598
f 5379 6685 6687 5381
f 5380 5382 6688 6686
f 5381 6687 6683 5377
f 5382 5361 6603 6688
f 5378 6684 6689 5383
f 5362 5384 6690 6604
f 5385 6691 6692 5386
f 5388 5387 6693 6694
f 5389 5386 6692 6695
f 5390 6696 6693 5387
f 5383 6689 6691 5385
f 5384 5388 6694 6690
f 5366 5389 6695 6644
f 5363 6641 6696 5390
f 5392 6697 6658 4381
f 5393 4380 6655 6698
f 5395 6699 6697 5392
f 5396 5393 6698 6700
f 5398 6681 6699 5395
f 5399 5396 6700 6682
f 5393 5356 4382 4380
f 5392 4381 4383 5355
f 5396 5354 5356 5393
f 5395 5392 5355 5353
f 5399 5352 5354 5396
f 5398 5395 5353 5351
f 5370 5330 5352 5399
f 5371 5398 5351 5331
f 5401 5400 4378 4020
f 5402 5401 4020 4022
f 5400 5403 4019 4378
f 5404 5402 4022 4595
f 5157 4601 5409 5412
f 5156 5413 5414 4600
f 5159 5157 5412 5164
f 5158 5163 5413 5156
f 5406 5405 4052 3938
f 5405 5407 3940 4052
f 5408 5406 3938 4070
f 5407 2712 4593 5409
f 5410 5408 4070 5067
f 5409 4593 5411
f 5412 5409 4593 5404
f 5413 5169 5087 5414
f 5164 5412 5404 4595
f 5163 4594 5169 5413
f 5416 5415 660 662
f 5416 662 954 5417
f 5417 954 960 5418
f 5419 5741 5485 5418
f 5420 5742 5743 5421
f 5422 5619 5744 5423
f 5421 5743 5741 5419
f 5423 5744 5742 5420
f 5425 5424 3729 3730
f 5415 5426 3684 660
f 5428 5427 3432 3474
f 5429 5428 3474 3516
f 5430 5429 3516 3558
f 5431 5430 3558 3600
f 5432 5431 3600 3642
f 5426 5432 3642 3684
f 5427 5433 3782 3432
f 5433 5434 3824 3782
f 5434 5425 3730 3824
f 5435 5422 1010 2466
f 5436 5435 2466 3874
f 5437 5436 3874 3876
f 5438 5437 3876 1075
f 5424 5439 3911 3729
f 5439 5440 4072 3911
f 5441 3946 3976 5442
f 5171 3944 4008 5443
f 5442 3976 3948 5444
f 1326 3986 3946 5441
f 4767 5444 3948 3996
f 5443 4008 3986 1326
f 5440 4767 3996 4072
f 5171 5629 5740 5159
f 5147 5158 4025 3953
f 5403 4030 5216 5218
f 5168 5217 5215 5086
f 4019 5403 5218 5220
f 4018 5219 5217 5168
f 5445 5745 5531 1324
f 5446 1325 937 2305
f 2573 5533 5745 5445
f 2574 5446 2305 2308
f 2637 2573 5445 1763
f 2638 1764 5446 2574
f 1763 5445 1324 1761
f 1764 1762 1325 5446
f 5447 2810 2740 4299
f 5448 4302 2739 2807
f 5449 2806 2810 5447
f 5450 5448 2807 2803
f 5451 2800 2806 5449
f 5452 5450 2803 2799
f 3279 2800 5451 5453
f 3278 5454 5452 2799
f 2796 3279 5453 5455
f 2795 5456 5454 3278
f 3329 2796 5455 5457
f 3328 5458 5456 2795
f 2788 3329 5457 5459
f 2787 5460 5458 3328
f 3365 2788 5459 5461
f 3364 5462 5460 2787
f 3365 5461 5463 2793
f 3364 2792 5464 5462
f 5466 5465 5415 5416
f 5468 5467 4614 4615
f 5469 4618 4619 5470
f 5471 4622 4623 5472
f 5473 4624 4625 5474
f 5475 4628 4622 5471
f 5470 4619 5256 5476
f 5472 4623 5257 5477
f 5474 4625 4628 5475
f 5479 5478 4633 4634
f 5480 5479 4634 4637
f 5481 5480 4637 4639
f 5483 5482 4641 4642
f 5466 5416 5417 5484
f 5484 5417 5418 5485
f 5481 4639 4645 5486
f 5486 4645 4647 5487
f 5483 4642 4650 5488
f 5488 4650 4652 5489
f 5490 4655 4656 5491
f 5492 4659 4660 5493
f 5494 4663 4664 5495
f 5496 4667 4668 5497
f 5498 4671 4672 5499
f 5500 4675 4676 5501
f 5502 4679 4680 5503
f 5504 4683 4684 5505
f 5506 4687 4688 5507
f 5508 4691 4692 5509
f 5510 4695 4696 5511
f 5512 4699 4700 5513
f 5515 5514 4703 4704
f 5514 5516 4707 4703
f 5513 4700 4721 5517
f 5517 4721 4707 5516
f 5511 4696 4699 5512
f 5518 4723 4724 5519
f 5520 4729 4730 5521
f 5522 4735 4736 5523
f 5524 4739 4735 5522
f 5525 4745 4749 5526
f 5527 4755 4756 5528
f 5530 5529 4764 4611
f 5531 4765 4764 5529
f 5532 4768 4769 5533
f 5534 4772 4773 5535
f 5536 4776 4777 5537
f 5538 4709 4780 5539
f 5540 4782 5541 5544
f 5544 5541 4785 5542
f 5543 5544 5542 4784
f 5543 4784 4790 5545
f 5546 4792 4793 5547
f 5547 4793 4796 5548
f 5548 4796 4798 5549
f 5549 4798 4800 5550
f 5550 4800 4802 5551
f 5552 4804 4805 5553
f 5523 4736 4745 5525
f 5551 4802 4742 5554
f 5555 4814 4815 5556
f 5557 4824 4729 5520
f 5558 4826 4792 5546
f 5509 4692 4695 5510
f 5553 4805 4828 5559
f 5560 4832 4833 5561
f 5562 4840 4841 5563
f 5565 5564 4808 4783
f 5567 5566 4903 4904
f 5568 4911 4912 5569
f 5571 5570 4915 4916
f 5572 4919 4920 5573
f 5566 5574 4747 4903
f 5569 4912 4687 5506
f 5573 4920 4927 5575
f 5576 4929 4840 5562
f 5561 4833 4929 5576
f 5556 4815 4832 5560
f 5559 4828 4814 5555
f 5487 4647 1522 5577
f 5489 4652 1526 5578
f 5493 4660 4857 5579
f 5495 4664 4655 5490
f 5497 4668 4659 5492
f 5499 4672 4663 5494
f 5501 4676 4667 5496
f 5503 4680 4671 5498
f 5505 4684 4755 5527
f 5507 4688 4782 5540
f 5528 4756 4911 5568
f 5535 4773 4768 5532
f 5537 4777 4772 5534
f 5539 4780 4776 5536
f 5563 4841 4919 5572
f 5570 5580 4923 4915
f 5581 4974 4975 5582
f 5584 5583 2730 2732
f 5586 5585 5424 5425
f 5588 5587 4980 4981
f 5590 7069 7126 4985
f 5590 4985 4987 5591
f 5593 5592 4998 4999
f 5595 5594 5006 5007
f 5592 5584 2732 4998
f 5594 5593 4999 5006
f 5596 5595 5007 5013
f 5597 5596 5013 5017
f 5587 5597 5017 4980
f 5591 4987 7238 7190
f 5589 5588 4981 4984
f 5465 5599 5426 5415
f 5467 5600 5027 4614
f 5602 5601 5427 5428
f 5604 5603 5034 5035
f 5605 5602 5428 5429
f 5606 5604 5035 5039
f 5607 5605 5429 5430
f 5608 5606 5039 5043
f 5609 5607 5430 5431
f 5610 5608 5043 5047
f 5611 5609 5431 5432
f 5612 5610 5047 5051
f 5599 5611 5432 5426
f 5600 5612 5051 5027
f 5601 5613 5433 5427
f 5615 5614 4969 5053
f 5603 5616 5055 5034
f 5613 5617 5434 5433
f 5616 5618 5059 5055
f 5617 5586 5425 5434
f 5618 5615 5053 5059
f 5519 4724 4824 5557
f 5545 4790 4826 5558
f 5620 5619 5422 5435
f 5621 5620 5435 5436
f 5622 5621 5436 5437
f 5623 5622 5437 5438
f 5624 5521 4730 5065
f 5524 5624 5065 4739
f 5585 5625 5439 5424
f 5625 5626 5440 5439
f 5627 5441 5442 5628
f 5629 5171 5443 5630
f 5628 5442 5444 5631
f 5632 1326 5441 5627
f 5633 5631 5444 4767
f 5630 5443 1326 5632
f 5626 5633 4767 5440
f 5634 5079 4601 5635
f 5530 5636 1320 1321
f 5538 1334 3843 5637
f 5638 1340 1342 5639
f 5640 1344 1345 5641
f 5639 1342 1350 5642
f 5642 1350 1344 5640
f 5641 1345 1384 5643
f 5554 5644 1594 1362
f 5646 5645 1598 4747
f 5526 4749 5646 5648
f 5648 5646 4747 5574
f 5647 5648 5574 1366
f 5650 5649 2567 1364
f 5541 5565 4783 4785
f 5542 4785 4679 5502
f 5564 1336 1456 5651
f 5643 1384 1360 5652
f 5653 1410 1863 5654
f 5655 1422 1340 5638
f 5651 1456 1889 5656
f 5657 1472 1837 5658
f 5660 5659 933 676
f 5661 5469 690 833
f 5663 5662 888 688
f 5662 5661 833 888
f 5659 5482 678 933
f 5663 688 962 5664
f 5473 820 964 5491
f 5579 5664 962 952
f 5665 998 2348 5666
f 5667 1000 2352 5668
f 5669 1030 2398 5670
f 5671 1032 2402 5672
f 5552 1062 2448 5673
f 5504 1064 2452 5674
f 5675 5518 1074 1075
f 5675 1075 1440 5676
f 5500 1044 3848 5677
f 5678 1204 1208 5679
f 5679 1208 1216 5680
f 5681 1212 1220 5682
f 5680 1216 1212 5681
f 5683 1316 4760 5684
f 5684 4760 5650 5687
f 5687 5650 1364 5685
f 5686 5687 5685 4896
f 5644 5686 4896 1594
f 5645 5652 1360 1598
f 5682 1220 1398 5688
f 5685 1364 1732 5689
f 5688 1398 1316 5683
f 5676 1440 1166 5690
f 5580 1675 5567
f 1676 5571 5691
f 5689 1732 1676 5691
f 5692 1811 1376 5575
f 5658 1837 1811 5692
f 5654 1863 1472 5657
f 5656 1889 1410 5653
f 5468 5693 684 670
f 5694 737 684 5693
f 5695 824 737 5694
f 5696 975 2313 5697
f 5698 1006 2362 5699
f 5700 1038 2412 5701
f 5508 1070 2462 5702
f 5690 1166 1269 5703
f 5704 1138 1240 5705
f 5705 1240 1252 5706
f 5706 1252 1172 5515
f 5703 1269 1138 5704
f 5649 5647 1366 2567
f 5666 2348 706 5577
f 5668 2352 710 5578
f 5670 2398 998 5665
f 5672 2402 1000 5667
f 5673 2448 1030 5669
f 5674 2452 1032 5671
f 5697 2313 824 5695
f 5699 2362 975 5696
f 5701 2412 1006 5698
f 5702 2462 1038 5700
f 5707 3733 4353 5708
f 5614 3736 3733 5707
f 5710 5709 2757 2758
f 5598 5711 3064 2867
f 5709 5712 2885 2757
f 5712 5713 3324 2885
f 5715 5714 2968 2920
f 5717 5716 2992 2944
f 5714 5710 2758 2968
f 5716 5715 2920 2992
f 5718 5717 2944 3016
f 5719 5718 3016 3040
f 5711 5719 3040 3064
f 5713 5581 2779 3324
f 5721 5720 2829 2830
f 5636 5722 3658 1320
f 5724 5723 3404 3448
f 5725 5724 3448 3490
f 5726 5725 3490 3532
f 5727 5726 3532 3574
f 5728 5727 3574 3616
f 5722 5728 3616 3658
f 5723 5729 3757 3404
f 5729 5730 3799 3757
f 5730 5721 2830 3799
f 5637 3843 1422 5655
f 5677 3848 1418 5731
f 5678 5731 1418 1204
f 5720 5732 3903 2829
f 5734 5733 4054 3960
f 5732 5735 4076 3903
f 5733 5634 3958 4054
f 5735 5734 3960 4076
f 5582 5736 4238 2780
f 5738 5737 3734 4216
f 5736 5738 4216 4238
f 5708 4353 3734 5737
f 5635 4601 5157 5739
f 5739 5157 5159 5740
f 5476 5256 4631 5660
f 5477 5257 4633 5478
f 5741 952 962 5485
f 5742 979 2318 5743
f 5619 1012 2367 5744
f 5743 2318 952 5741
f 5744 2367 979 5742
f 5629 3954 4026 5740
f 5745 732 4765 5531
f 5533 4769 732 5745
f 2793 5463 5746 5583
f 5583 5746 4457 2730
f 5746 6367 6339 4457
f 5747 4460 6342 6368
f 5752 6369 6370 5753
f 5755 5754 6371 6372
f 5756 6267 6369 5752
f 5757 5755 6372 6270
f 5758 5753 6370 6373
f 5759 6374 6371 5754
f 5760 5756 13 31
f 5761 32 14 5757
f 5762 5758 6373 6375
f 5763 6376 6374 5759
f 5764 5760 31 47
f 5765 48 32 5761
f 5762 6375 6377 5766
f 5763 5767 6378 6376
f 5768 6379 6271 5764
f 5769 5765 6272 6380
f 5766 6377 6381 5770
f 5767 5771 6382 6378
f 5772 6275 6379 5768
f 5773 5769 6380 6274
f 5773 5774 106
f 5772 105 5775
f 5776 232 234 5777
f 5779 5778 235 231
f 5780 169 116 5781
f 5783 5782 115 170
f 5784 236 5785
f 5787 5786 237
f 5782 5788 117 115
f 5781 116 107 5789
f 5788 6289 6383 5790
f 5789 5791 6384 6290
f 5792 6385 6276 5775
f 5793 5774 6273 6386
f 5790 6383 6385 5792
f 5791 5793 6386 6384
f 5794 179 169 5780
f 5795 5783 170 180
f 5779 5796 6387 6280
f 5776 6277 6388 5797
f 5778 6279 6389 5798
f 5777 5799 6390 6278
f 5798 6389 6391 5800
f 5799 5801 6392 6390
f 5785 179 5794
f 5786 5795 180
f 5802 6393 6387 5796
f 5803 5797 6388 6394
f 5804 6395 6396 5805
f 5807 5806 6397 6398
f 5770 6381 6399 5808
f 5771 5809 6400 6382
f 5800 6391 6288 5787
f 5801 5784 6285 6392
f 5808 6399 6395 5804
f 5809 5807 6398 6400
f 5810 6401 6393 5802
f 5811 5803 6394 6402
f 5812 6403 6401 5810
f 5813 5811 6402 6404
f 5814 6405 6403 5812
f 5815 5813 6404 6406
f 5816 6407 6405 5814
f 5817 5815 6406 6408
f 5818 6409 6407 5816
f 5819 5817 6408 6410
f 5820 6411 6409 5818
f 5821 5819 6410 6412
f 5805 6396 6413 5822
f 5806 5823 6414 6397
f 5822 6413 6296 5824
f 5823 5825 6293 6414
f 5825 434 483 5826
f 5824 5827 484 433
f 5828 6302 6294 5826
f 5829 5827 6295 6301
f 5830 521 522 5831
f 5833 5832 523 524
f 5831 522 506 5829
f 5832 5828 505 523
f 5834 553 555 5835
f 5837 5836 556 554
f 5835 555 557 5838
f 5836 5839 558 556
f 5838 557 559 5840
f 5839 5841 560 558
f 5840 559 561 5842
f 5841 5843 562 560
f 5842 561 563 5844
f 5843 5845 564 562
f 5844 563 521 5830
f 5845 5833 524 564
f 5846 6415 6306 5837
f 5847 5834 6303 6416
f 5848 6417 6415 5846
f 5849 5847 6416 6418
f 5850 6419 6417 5848
f 5851 5849 6418 6420
f 5852 6421 6419 5850
f 5853 5851 6420 6422
f 5854 5337 5338 5855
f 5341 5337 5854
f 5342 5857 5321
f 5855 5338 5343 5858
f 5860 5859 5344 5322
f 5861 5345 5346 5862
f 5864 5863 5347 5348
f 5865 5862 5346 5349
f 5866 5350 5347 5863
f 5858 5343 5345 5861
f 5859 5864 5348 5344
f 5867 5865 5349 5326
f 5868 5323 5350 5866
f 5869 6366 6423 5870
f 5872 5871 6424 6365
f 5873 6425 6426 5874
f 5876 5875 6427 6428
f 5877 6352 6429 5878
f 5879 6430 6350 5880
f 5882 5881 6347 6351
f 5883 6431 6432 5884
f 5885 6354 6433 5886
f 5888 5887 6434 6353
f 5884 6432 7239 7230
f 5886 6433 7127 7115
f 5887 7118 7128 6434
f 5890 6435 6436 5891
f 5893 5892 6437 6438
f 5894 6439 6440 5895
f 5897 5896 6441 6442
f 5891 6436 6439 5894
f 5892 5897 6442 6437
f 5878 6429 6443 5898
f 5900 5899 6444 6336
f 5901 6445 6435 5890
f 5902 5893 6438 6446
f 5903 6447 6445 5901
f 5904 5902 6446 6448
f 5905 6449 6447 5903
f 5906 5904 6448 6450
f 5907 6451 6452 5908
f 5910 5909 6453 6454
f 5908 6452 6449 5905
f 5909 5906 6450 6453
f 5911 6455 6456 5912
f 5914 5913 6457 6458
f 5912 6456 6451 5907
f 5913 5910 6454 6457
f 5898 6443 6455 5911
f 5899 5914 6458 6444
f 5915 4407 4408 5900
f 5889 4413 4414 5916
f 5917 4421 4576 5918
f 5920 5919 4577 4424
f 5921 4422 4425 5922
f 5924 5923 4426 4423
f 5881 4411 4427 5925
f 5880 5926 4428 4410
f 5916 4414 7229 7240
f 5925 4427 4407 5915
f 5926 5877 4405 4428
f 5922 4425 4420 5888
f 5923 5885 4417 4426
f 5895 6440 6459 5927
f 5896 5928 6460 6441
f 5929 4550 4422 5921
f 5930 5924 4423 4551
f 5918 4576 4550 5929
f 5919 5930 4551 4577
f 5927 6459 6461 5931
f 5928 5932 6462 6460
f 5870 6423 6421 5852
f 5871 5853 6422 6424
f 5874 6426 6411 5820
f 5875 5821 6412 6427
f 5931 6461 6425 5873
f 5932 5876 6428 6462
f 5933 6463 6320 5856
f 5934 5320 6317 6464
f 5857 6323 6326 5860
f 5868 6334 6465 5935
f 5867 5936 6466 6333
f 5937 5935 6465 6467
f 5938 6468 6466 5936
f 5939 6469 6360 5940
f 5942 5941 6357 6470
f 5943 6471 6469 5939
f 5944 5942 6470 6472
f 5945 6473 6471 5943
f 5946 5944 6472 6474
f 5937 6467 6473 5945
f 5938 5946 6474 6468
f 5941 5331 5351 5947
f 5940 5948 5352 5330
f 5947 5351 5353 5949
f 5948 5950 5354 5352
f 5949 5353 5355 5951
f 5950 5952 5356 5354
f 5951 5355 4383 5872
f 5952 5869 4382 5356
f 5953 5748 4421 5917
f 5954 5920 4424 5749
f 5746 5463 6475 6367
f 5747 6368 6476 5464
f 5463 5461 6477 6475
f 5464 6476 6478 5462
f 4421 5748 6701 6665
f 4424 6668 6702 5749
f 5748 5750 6703 6701
f 5749 6702 6704 5751
f 5955 6705 6703 5750
f 5956 5751 6704 6706
f 5960 4612 4613 5961
f 5963 5962 4616 4617
f 5965 5964 4620 4621
f 5967 5966 4626 4627
f 5968 5965 4621 4629
f 5962 5969 4630 4616
f 5964 5970 4632 4620
f 5966 5968 4629 4626
f 5971 4635 4636 5972
f 5973 4638 4635 5971
f 5974 4640 4638 5973
f 5975 4643 4644 5976
f 5974 5977 4646 4640
f 5979 5978 4648 4649
f 5975 5980 4651 4643
f 5982 5981 4653 4654
f 5984 5983 4657 4658
f 5986 5985 4661 4662
f 5988 5987 4665 4666
f 5990 5989 4669 4670
f 5992 5991 4673 4674
f 5994 5993 4677 4678
f 5996 5995 4681 4682
f 5998 5997 4685 4686
f 6000 5999 4689 4690
f 6002 6001 4693 4694
f 6004 6003 4697 4698
f 6006 6005 4701 4702
f 6007 4705 4706 6008
f 6008 4706 4708 6009
f 6005 6010 4722 4701
f 6010 6009 4708 4722
f 6003 6006 4702 4697
f 6012 6011 4725 4726
f 6014 6013 4731 4732
f 6016 6015 4737 4738
f 6017 6016 4738 4740
f 6019 6018 4754 4753
f 6021 6020 4757 4758
f 6023 6022 4770 4771
f 6025 6024 4774 4775
f 6027 6026 4778 4779
f 6029 6028 4781 4712
f 6030 4786 6031 6034
f 6034 6031 4789 6032
f 6033 6034 6032 4788
f 6030 6035 4791 4786
f 6037 6036 4794 4795
f 6036 6038 4797 4794
f 6038 6039 4799 4797
f 6039 6040 4801 4799
f 6040 6041 4803 4801
f 6043 6042 4806 4807
f 6015 6019 4753 4737
f 6041 6044 4743 4803
f 6046 6045 4816 4817
f 6047 6014 4732 4825
f 6048 6037 4795 4827
f 6001 6004 4698 4693
f 6042 6049 4829 4806
f 6051 6050 4834 4835
f 6053 6052 4842 4843
f 6054 4787 4811 6055
f 6057 6056 4905 4751
f 6059 6058 4907 4908
f 6061 6060 4913 4914
f 6062 4917 4918 6063
f 6065 6064 4921 4922
f 6056 6066 4925 4905
f 6058 6067 4898 4907
f 6060 6000 4690 4913
f 6064 6068 4928 4921
f 6069 6053 4843 4930
f 6050 6069 4930 4834
f 6045 6051 4835 4816
f 6049 6046 4817 4829
f 5969 6070 4844 4630
f 5970 6071 4962 4632
f 5972 4636 4962 6071
f 5977 5979 4649 4646
f 5978 6072 1523 4648
f 5980 5982 4654 4651
f 5981 6073 4963 4653
f 5983 6074 4856 4657
f 5985 6075 4858 4661
f 5987 5984 4658 4665
f 5989 5986 4662 4669
f 5991 5988 4666 4673
f 5993 5990 4670 4677
f 5995 5992 4674 4681
f 5997 6021 4758 4685
f 5999 6033 4788 4689
f 6020 6061 4914 4757
f 6024 6023 4771 4774
f 6026 6025 4775 4778
f 6028 6027 4779 4781
f 6052 6065 4922 4842
f 6063 4918 4924 6076
f 6078 6077 4976 4977
f 6079 2731 2729 6080
f 6081 4978 4979 6082
f 6083 4982 7125 7066
f 6083 6085 4986 4982
f 6086 4996 4997 6087
f 6088 5004 5005 6089
f 6087 4997 2731 6079
f 6089 5005 4996 6086
f 6090 5012 5004 6088
f 6091 5016 5012 6090
f 6082 4979 5016 6091
f 6085 7189 7237 4986
f 6084 4983 4978 6081
f 5961 4613 5026 6093
f 6094 5032 5033 6095
f 6096 5038 5032 6094
f 6097 5042 5038 6096
f 6098 5046 5042 6097
f 6099 5050 5046 6098
f 6093 5026 5050 6099
f 6100 5052 4968 6101
f 6095 5033 5054 6102
f 6102 5054 5058 6103
f 6103 5058 5052 6100
f 6011 6047 4825 4725
f 6035 6048 4827 4791
f 6104 5064 4731 6013
f 6017 4740 5064 6104
f 6029 6105 3846 1335
f 6107 6106 1343 1341
f 6109 6108 1346 1347
f 6106 6110 1351 1343
f 6110 6109 1347 1351
f 6108 6111 1387 1346
f 6044 1363 1595 6112
f 6113 1367 6057 6115
f 6115 6057 4751 6114
f 6018 6115 6114 4754
f 6114 4751 1599 6116
f 6117 1365 2568 6118
f 6031 5996 4682 4789
f 6032 4789 4787 6054
f 6055 6119 1457 1339
f 6111 6120 1361 1387
f 6122 6121 1864 1411
f 6123 6107 1341 1425
f 6119 6124 1890 1457
f 6126 6125 1838 1473
f 6070 675 2244 6127
f 6128 832 689 5963
f 6129 687 887 6130
f 6130 887 832 6128
f 6131 932 677 5976
f 6129 6132 963 687
f 5967 6074 965 821
f 6075 953 2297 6133
f 6135 6134 2349 999
f 6137 6136 2353 1001
f 6139 6138 2399 1031
f 6141 6140 2403 1033
f 6043 6142 2449 1063
f 5998 6143 2453 1065
f 6144 1076 5139 6145
f 6144 6146 1441 1076
f 5994 6147 3849 1045
f 6149 6148 1209 1205
f 6148 6150 1219 1209
f 6152 6151 1223 1215
f 6150 6152 1215 1219
f 6112 1595 4898 6153
f 6153 4898 6067 6155
f 6155 6067 1365 6117
f 6154 6155 6117 4761
f 6156 6154 4761 1317
f 6116 1599 1361 6120
f 6151 6157 1401 1223
f 6157 6156 1317 1401
f 6146 6158 1167 1441
f 1678 6076 6066
f 6062 1677 6059
f 6159 6068 1377 1812
f 6125 6159 1812 1838
f 6121 6126 1473 1864
f 6124 6122 1411 1890
f 5960 667 683 6160
f 6161 6160 683 736
f 6163 6162 2299 823
f 6165 6164 2314 976
f 6167 6166 2363 1007
f 6169 6168 2413 1039
f 6002 6170 2463 1071
f 6158 6171 1264 1167
f 6173 6172 1241 1139
f 6172 6174 1253 1241
f 6174 6007 1173 1253
f 6171 6173 1139 1264
f 6118 2568 1367 6113
f 6127 2244 932 6131
f 6133 2297 963 6132
f 6134 6072 705 2349
f 6136 6073 709 2353
f 6138 6135 999 2399
f 6140 6137 1001 2403
f 6142 6139 1031 2449
f 6143 6141 1033 2453
f 6162 6161 736 2299
f 6164 6163 823 2314
f 6166 6165 976 2363
f 6168 6167 1007 2413
f 6170 6169 1039 2463
f 6176 6175 4352 3732
f 6101 6176 3732 3735
f 6177 2755 2756 6178
f 6092 2866 3061 6179
f 6178 2756 2884 6180
f 6180 2884 3323 6181
f 6182 2917 2965 6183
f 6184 2941 2989 6185
f 6183 2965 2755 6177
f 6185 2989 2917 6182
f 6186 3013 2941 6184
f 6187 3037 3013 6186
f 6179 3061 3037 6187
f 6181 3323 2782 6078
f 6105 6123 1425 3846
f 6147 6188 1421 3849
f 6149 1205 1421 6188
f 6077 2781 4237 6189
f 6190 4215 3731 6191
f 6189 4237 4215 6190
f 6175 6191 3731 4352
f 6145 5139 1077 6012
f 5747 6080 2729 4460
f 5746 4457 2730 5583
f 5464 2792 6080 5747
f 5463 5746 5583 2793
f 5459 6479 6477 5461
f 5460 5462 6478 6480
f 6192 6707 6705 5955
f 6193 5956 6706 6708
f 6192 6479 6481 6196
f 6193 6197 6482 6480
f 6194 6707 6709 6195
f 6194 6195 6710 6708
f 5448 6198 2762 4302
f 5447 4299 2759 6199
f 6198 6200 5297 2762
f 6199 2759 5296 6201
f 6200 6202 4268 5297
f 6201 5296 4265 6203
f 6202 6483 6464 4268
f 6203 4265 6463 6484
f 6204 6206 5360 5934
f 6205 5933 5357 6207
f 6206 6711 6600 5360
f 6207 5357 6597 6712
f 5320 5359 5379 5339
f 5856 5340 5380 5358
f 5934 5360 5359 5320
f 5933 5856 5358 5357
f 5450 6209 6198 5448
f 5449 5447 6199 6210
f 6209 6211 6200 6198
f 6210 6199 6201 6212
f 6211 6213 6202 6200
f 6212 6201 6203 6214
f 6213 6485 6483 6202
f 6214 6203 6484 6486
f 6215 6217 6206 6204
f 6216 6205 6207 6218
f 6217 6713 6711 6206
f 6218 6207 6712 6714
f 5452 6220 6209 5450
f 5451 5449 6210 6221
f 6220 6222 6211 6209
f 6221 6210 6212 6223
f 6222 6224 6213 6211
f 6223 6212 6214 6225
f 6224 6487 6485 6213
f 6225 6214 6486 6488
f 6226 6228 6217 6215
f 6227 6216 6218 6229
f 6228 6715 6713 6217
f 6229 6218 6714 6716
f 5454 6233 6220 5452
f 5453 5451 6221 6234
f 6233 6235 6222 6220
f 6234 6221 6223 6236
f 6235 6237 6224 6222
f 6236 6223 6225 6238
f 6237 6489 6487 6224
f 6238 6225 6488 6490
f 6239 6241 6228 6226
f 6240 6227 6229 6242
f 6241 6717 6715 6228
f 6242 6229 6716 6718
f 5456 6244 6233 5454
f 5455 5453 6234 6245
f 6244 6246 6235 6233
f 6245 6234 6236 6247
f 6246 6248 6237 6235
f 6247 6236 6238 6249
f 6248 6491 6489 6237
f 6249 6238 6490 6492
f 6250 6232 6241 6239
f 6251 6240 6242 6231
f 6232 6719 6717 6241
f 6231 6242 6718 6720
f 5458 6253 6244 5456
f 5457 5455 6245 6254
f 6253 6255 6246 6244
f 6254 6245 6247 6256
f 6255 6257 6248 6246
f 6256 6247 6249 6258
f 6257 6493 6491 6248
f 6258 6249 6492 6494
f 6259 6261 6232 6250
f 6260 6251 6231 6262
f 6261 6721 6719 6232
f 6262 6231 6720 6722
f 5458 6482 6495 6253
f 5457 6254 6496 6481
f 6197 6710 6723 6264
f 6196 6265 6724 6709
f 6268 6267 5756 5760
f 6269 5761 5757 6270
f 6271 6268 5760 5764
f 6272 5765 5761 6269
f 6274 6273 5774 5773
f 6275 5772 5775 6276
f 6277 5776 5777 6278
f 6280 6279 5778 5779
f 6281 5780 5781 6282
f 6284 6283 5782 5783
f 6285 5784 5785 6286
f 6288 6287 5786 5787
f 6283 6289 5788 5782
f 6282 5781 5789 6290
f 6291 5794 5780 6281
f 6292 6284 5783 5795
f 6286 5785 5794 6291
f 6287 6292 5795 5786
f 6293 5825 5826 6294
f 6296 6295 5827 5824
f 6297 5830 5831 6298
f 6300 6299 5832 5833
f 6298 5831 5829 6301
f 6299 6302 5828 5832
f 6303 5834 5835 6304
f 6306 6305 5836 5837
f 6304 5835 5838 6307
f 6305 6308 5839 5836
f 6307 5838 5840 6309
f 6308 6310 5841 5839
f 6309 5840 5842 6311
f 6310 6312 5843 5841
f 6311 5842 5844 6313
f 6312 6314 5845 5843
f 6313 5844 5830 6297
f 6314 6300 5833 5845
f 6315 5854 5855 6316
f 6317 5320 5339 6318
f 6320 6319 5340 5856
f 6318 5339 5341 6321
f 6319 6322 5342 5340
f 6321 5341 5854 6315
f 6322 6323 5857 5342
f 6316 5855 5858 6324
f 6326 6325 5859 5860
f 6327 5861 5862 6328
f 6330 6329 5863 5864
f 6331 6328 5862 5865
f 6332 5866 5863 6329
f 6324 5858 5861 6327
f 6325 6330 5864 5859
f 6333 6331 5865 5867
f 6334 5868 5866 6332
f 6335 5915 5900 6336
f 6337 5889 5916 6338
f 6339 5917 5918 6340
f 6342 6341 5919 5920
f 6343 5921 5922 6344
f 6346 6345 5923 5924
f 6347 5881 5925 6348
f 6350 6349 5926 5880
f 6338 5916 7240 7232
f 6348 5925 5915 6335
f 6349 6352 5877 5926
f 6344 5922 5888 6353
f 6345 6354 5885 5923
f 6355 5929 5921 6343
f 6356 6346 5924 5930
f 6340 5918 5929 6355
f 6341 6356 5930 5919
f 6357 5941 5947 6358
f 6360 6359 5948 5940
f 6358 5947 5949 6361
f 6359 6362 5950 5948
f 6361 5949 5951 6363
f 6362 6364 5952 5950
f 6363 5951 5872 6365
f 6364 6366 5869 5952
f 6367 5953 5917 6339
f 6368 6342 5920 5954
f 6369 1 7 6370
f 6372 6371 8 2
f 6267 28 1 6369
f 6270 6372 2 15
f 6373 6370 7 20
f 6374 21 8 6371
f 6375 6373 20 39
f 6376 40 21 6374
f 6375 39 53 6377
f 6376 6378 54 40
f 6379 61 45 6271
f 6380 6272 46 62
f 6377 53 77 6381
f 6378 6382 78 54
f 6275 141 61 6379
f 6274 6380 62 142
f 6289 187 220 6383
f 6290 6384 221 188
f 6385 189 160 6276
f 6386 6273 159 190
f 6383 220 189 6385
f 6384 6386 190 221
f 6280 6387 151 152
f 6277 153 154 6388
f 6389 6279 297 6391
f 6390 6392 298 6278
f 6393 251 151 6387
f 6394 6388 154 252
f 6395 267 269 6396
f 6398 6397 270 268
f 6381 77 307 6399
f 6382 6400 308 78
f 6391 297 182 6288
f 6392 6285 181 298
f 6399 307 267 6395
f 6400 6398 268 308
f 6401 358 251 6393
f 6402 6394 252 359
f 6403 367 358 6401
f 6404 6402 359 368
f 6405 374 367 6403
f 6406 6404 368 375
f 6407 381 374 6405
f 6408 6406 375 382
f 6409 388 381 6407
f 6410 6408 382 389
f 6411 395 388 6409
f 6412 6410 389 396
f 6396 269 442 6413
f 6397 6414 443 270
f 6413 442 431 6296
f 6414 6293 432 443
f 6302 507 481 6294
f 6301 6295 482 508
f 6415 593 542 6306
f 6416 6303 541 594
f 6417 606 593 6415
f 6418 6416 594 607
f 6419 621 606 6417
f 6420 6418 607 622
f 6421 636 621 6419
f 6422 6420 622 637
f 6366 4384 5194 6423
f 6365 6424 5195 4385
f 6425 4401 5211 6426
f 6428 6427 5210 4400
f 6352 4468 4471 6429
f 6430 4472 4466 6350
f 6351 6347 4463 4467
f 6431 4473 4474 6432
f 6354 4470 4475 6433
f 6353 6434 4476 4469
f 6432 4474 7234 7239
f 6433 4475 7120 7127
f 6434 7128 7121 4476
f 6435 4477 4478 6436
f 6438 6437 4479 4480
f 6439 4481 4482 6440
f 6442 6441 4483 4484
f 6436 4478 4481 6439
f 6437 6442 4484 4479
f 6429 4471 4485 6443
f 6336 6444 4486 4454
f 6445 4487 4477 6435
f 6446 6438 4480 4488
f 6447 4489 4487 6445
f 6448 6446 4488 4490
f 6449 4491 4489 6447
f 6450 6448 4490 4492
f 6451 4493 4494 6452
f 6454 6453 4495 4496
f 6452 4494 4491 6449
f 6453 6450 4492 4495
f 6455 4497 4498 6456
f 6458 6457 4499 4500
f 6456 4498 4493 6451
f 6457 6454 4496 4499
f 6443 4485 4497 6455
f 6444 6458 4500 4486
f 6440 4482 5175 6459
f 6441 6460 5176 4483
f 6459 5175 5238 6461
f 6460 6462 5239 5176
f 6423 5194 636 6421
f 6424 6422 637 5195
f 6426 5211 395 6411
f 6427 6412 396 5210
f 6461 5238 4401 6425
f 6462 6428 4400 5239
f 6463 4265 4266 6320
f 6464 6317 4267 4268
f 6323 4269 4270 6326
f 6334 4286 4287 6465
f 6333 6466 4288 4285
f 6467 6465 4287 4289
f 6468 4290 4288 6466
f 6469 4291 4292 6360
f 6470 6357 4293 4294
f 6471 4295 4291 6469
f 6472 6470 4294 4296
f 6473 4297 4295 6471
f 6474 6472 4296 4298
f 6467 4289 4297 6473
f 6468 6474 4298 4290
f 6367 6475 5750 5953
f 6368 5954 5751 6476
f 6475 6477 5955 5750
f 6476 5751 5956 6478
f 6479 6192 5955 6477
f 6480 6478 5956 6193
f 6479 5459 5457 6481
f 6480 6482 5458 5460
f 6483 6204 5934 6464
f 6484 6463 5933 6205
f 6485 6215 6204 6483
f 6486 6484 6205 6216
f 6487 6226 6215 6485
f 6488 6486 6216 6227
f 6489 6239 6226 6487
f 6490 6488 6227 6240
f 6491 6250 6239 6489
f 6492 6490 6240 6251
f 6493 6259 6250 6491
f 6494 6492 6251 6260
f 6482 6197 6264 6495
f 6481 6496 6265 6196
f 6497 95 96 6498
f 6498 96 97 6499
f 6500 90 93 6501
f 6499 97 90 6500
f 6502 94 95 6497
f 6503 65 67 6504
f 6504 67 69 6505
f 6506 73 71 6507
f 6505 69 73 6506
f 6508 87 65 6503
f 6507 71 92 6509
f 6501 6510 89 72
f 6511 99 87 6508
f 6512 6502 88 100
f 6513 122 123 6514
f 6515 121 98 6512
f 6516 6511 98 121
f 6517 115 113 6518
f 6519 126 121 6515
f 6520 6516 121 126
f 6521 127 126 6519
f 6522 6520 126 127
f 6521 6523 216 127
f 6522 127 216 6524
f 6525 6514 123 131
f 6526 131 123 6518
f 6528 6527 230 231
f 6529 232 233 6530
f 6531 168 122 6513
f 6532 6517 122 168
f 6523 6525 131 216
f 6524 216 131 6526
f 6533 235 238 6534
f 6536 6535 239 234
f 6534 238 299 6537
f 6535 6538 301 239
f 6539 229 168 6531
f 6540 6532 168 229
f 6529 149 167 6536
f 6528 6533 167 149
f 6541 186 185 6542
f 6544 6543 185 186
f 6542 185 229 6539
f 6543 6540 229 185
f 6545 244 230 6527
f 6546 6530 233 245
f 6547 277 278 6548
f 6550 6549 279 280
f 6509 92 302 6551
f 6510 6552 304 89
f 6537 299 237 6544
f 6538 6541 236 301
f 6551 302 277 6547
f 6552 6550 280 304
f 6553 356 244 6545
f 6554 6546 245 357
f 6555 365 356 6553
f 6556 6554 357 366
f 6557 372 365 6555
f 6558 6556 366 373
f 6559 379 372 6557
f 6560 6558 373 380
f 6561 386 379 6559
f 6562 6560 380 387
f 6563 393 386 6561
f 6564 6562 387 394
f 6548 278 446 6565
f 6549 6566 448 279
f 6565 446 436 6567
f 6566 6568 437 448
f 6568 435 487 6569
f 6567 6570 487 435
f 6571 503 485 6569
f 6572 6570 486 504
f 6573 520 519 6574
f 6576 6575 519 520
f 6574 519 502 6572
f 6575 6571 502 519
f 6577 577 520 6573
f 6578 6576 520 577
f 6579 578 577 6577
f 6580 6578 577 578
f 6581 579 578 6579
f 6582 6580 578 579
f 6583 580 579 6581
f 6584 6582 579 580
f 6585 581 580 6583
f 6586 6584 580 581
f 6587 582 581 6585
f 6588 6586 581 582
f 6589 589 566 6588
f 6590 6587 565 590
f 6591 610 589 6589
f 6592 6590 590 611
f 6593 625 610 6591
f 6594 6592 611 626
f 6595 640 625 6593
f 6596 6594 626 641
f 6597 5357 5358 6598
f 6600 6599 5359 5360
f 6601 4405 4406 6602
f 6603 5361 5362 6604
f 6605 4409 4410 6606
f 6608 6607 4411 4412
f 6609 4415 4416 6610
f 6611 4417 4418 6612
f 6614 6613 4419 4420
f 6610 4416 7231 7186
f 6612 4418 7116 7080
f 6613 7082 7117 4419
f 6616 4429 4430 6617
f 6619 6618 4431 4432
f 6620 4433 4434 6621
f 6623 6622 4435 4436
f 6617 4430 4433 6620
f 6618 6623 4436 4431
f 6602 4406 4437 6624
f 6626 6625 4438 4408
f 6627 4439 4429 6616
f 6628 6619 4432 4440
f 6629 4441 4439 6627
f 6630 6628 4440 4442
f 6631 4443 4441 6629
f 6632 6630 4442 4444
f 6633 4445 4446 6634
f 6636 6635 4447 4448
f 6634 4446 4443 6631
f 6635 6632 4444 4447
f 6637 4449 4450 6638
f 6640 6639 4451 4452
f 6638 4450 4445 6633
f 6639 6636 4448 4451
f 6624 4437 4449 6637
f 6625 6640 4452 4438
f 6641 5363 5364 6642
f 6644 6643 5365 5366
f 6645 6642 5364 5367
f 6646 5368 5365 6643
f 6647 5369 5370 6648
f 6650 6649 5371 5372
f 6651 5373 5369 6647
f 6652 6650 5372 5374
f 6653 5375 5373 6651
f 6654 6652 5374 5376
f 6645 5367 5375 6653
f 6646 6654 5376 5368
f 6655 4380 5189 6656
f 6658 6657 5191 4381
f 6659 4403 5212 6660
f 6662 6661 5214 4404
f 6663 2767 2768 6626
f 6615 2850 3085 6664
f 6665 2853 4575 6666
f 6668 6667 4575 2853
f 6669 2852 4148 6670
f 6672 6671 4148 2852
f 6607 2817 3313 6673
f 6606 6674 3313 2817
f 6664 3085 7187 7228
f 6673 3313 2767 6663
f 6674 6601 2767 3313
f 6670 4148 2851 6614
f 6671 6611 2851 4148
f 6622 3897 5172 6675
f 6621 6676 5172 3897
f 6677 4549 2852 6669
f 6678 6672 2852 4549
f 6666 4575 4549 6677
f 6667 6678 4549 4575
f 6675 5172 5235 6679
f 6676 6680 5235 5172
f 6656 5189 640 6595
f 6657 6596 641 5191
f 6660 5212 393 6563
f 6661 6564 394 5214
f 6679 5235 4402 6662
f 6680 6659 4402 5235
f 6649 4261 5397 6681
f 6648 6682 5397 4261
f 6683 2773 2774 6684
f 6599 2741 2890 6685
f 6598 6686 2890 2741
f 6685 2890 3318 6687
f 6686 6688 3318 2890
f 6687 3318 2773 6683
f 6688 6603 2773 3318
f 6684 2774 4243 6689
f 6604 6690 4243 2774
f 6691 4221 4224 6692
f 6694 6693 4224 4221
f 6695 6692 4224 4227
f 6696 4227 4224 6693
f 6689 4243 4221 6691
f 6690 6694 4221 4243
f 6644 6695 4227 4246
f 6641 4246 4227 6696
f 6697 5391 4379 6658
f 6698 6655 4379 5391
f 6699 5394 5391 6697
f 6700 6698 5391 5394
f 6681 5397 5394 6699
f 6682 6700 5394 5397
f 6665 6701 5957 2853
f 6668 2853 5957 6702
f 6701 6703 5958 5957
f 6702 5957 5958 6704
f 6705 5959 5958 6703
f 6706 6704 5958 5959
f 6707 6194 5959 6705
f 6708 6706 5959 6194
f 6707 6192 6196 6709
f 6708 6710 6197 6193
f 6711 6208 2742 6600
f 6712 6597 2742 6208
f 6713 6219 6208 6711
f 6714 6712 6208 6219
f 6715 6230 6219 6713
f 6716 6714 6219 6230
f 6717 6243 6230 6715
f 6718 6716 6230 6243
f 6719 6252 6243 6717
f 6720 6718 6243 6252
f 6721 6263 6252 6719
f 6722 6720 6252 6263
f 6710 6195 6266 6723
f 6709 6724 6266 6195
f 6253 6495 6257 6255
f 6254 6256 6258 6496
f 6495 6264 6493 6257
f 6496 6258 6494 6265
f 6723 6266 6263 6721
f 6724 6722 6263 6266
f 6264 6723 6259 6493
f 6265 6494 6260 6724
f 6723 6721 6261 6259
f 6724 6260 6262 6722
f 6725 6727 3123 2899
f 6726 2900 3124 6728
f 6727 7129 7087 3123
f 6728 3124 7090 7130
f 6729 6731 3094 2895
f 6730 2896 3095 6732
f 6731 7241 7200 3094
f 6732 3095 7203 7242
f 6733 6737 6735 2897
f 6734 2898 6736 6738
f 6739 6741 6919 6920
f 6740 6921 6922 6742
f 6743 6745 6885 6886
f 6744 6887 6888 6746
f 6747 6749 6745 6743
f 6748 6744 6746 6750
f 6751 6753 7036 7037
f 6752 7038 7039 6754
f 6752 6754 6759 6760
f 6751 6761 6762 6753
f 6760 6759 7131 7132
f 6761 7133 7134 6762
f 6757 6755 6889 6890
f 6758 6891 6892 6756
f 6764 6763 6923 6924
f 6765 6925 6926 6766
f 6769 6771 6841 6842
f 6770 6843 6844 6772
f 6773 7135 7136 6845
f 6774 6846 7137 7138
f 6771 7243 7244 6841
f 6772 6844 7245 7246
f 6767 6775 6849 6847
f 6768 6848 6850 6776
f 6775 6927 6928 6849
f 6776 6850 6929 6930
f 6777 6893 6894 6851
f 6778 6852 6895 6896
f 6779 6781 6855 6853
f 6780 6854 6856 6782
f 6781 7247 7248 6855
f 6782 6856 7249 7250
f 6783 6785 6859 6857
f 6784 6858 6860 6786
f 6787 6773 6845 6861
f 6788 6862 6846 6774
f 6789 6931 6932 6863
f 6790 6864 6933 6934
f 6785 7139 7140 6859
f 6786 6860 7141 7142
f 6791 6897 6898 6865
f 6792 6866 6899 6900
f 6794 6793 6731 6729
f 6795 6730 6732 6796
f 6797 7143 7129 6727
f 6798 6728 7130 7144
f 6793 7251 7241 6731
f 6796 6732 7242 7252
f 6799 6801 6737 6733
f 6800 6734 6738 6802
f 6801 6935 6920 6737
f 6802 6738 6921 6936
f 6803 6901 6886 6739
f 6804 6740 6887 6902
f 6807 6809 6761 6751
f 6808 6752 6760 6810
f 6811 6797 6727 6725
f 6812 6726 6728 6798
f 6813 6937 6925 6765
f 6814 6764 6924 6938
f 6809 7145 7133 6761
f 6810 6760 7132 7146
f 6815 6903 6891 6758
f 6816 6757 6890 6904
f 6818 6817 7264 7265
f 6819 7040 7041 6820
f 6821 7147 7266 7267
f 6822 7042 7148 7149
f 6817 7253 7268 7264
f 6820 7041 7254 7255
f 6823 6825 7269 7270
f 6824 7043 7044 6826
f 6825 6939 7271 7269
f 6826 7044 7045 6940
f 6827 6905 7272 7273
f 6828 7046 7047 6906
f 6831 6833 7274 7275
f 6832 7049 7050 6834
f 6835 6821 7267 7276
f 6836 7051 7042 6822
f 6837 6941 7277 7278
f 6838 7052 7053 6942
f 6833 7150 7279 7274
f 6834 7050 7151 7152
f 6839 6907 7280 7281
f 6840 7054 7055 6908
f 6842 6841 6817 6818
f 6843 6819 6820 6844
f 6845 7136 7147 6821
f 6846 6822 7149 7137
f 6841 7244 7253 6817
f 6844 6820 7255 7245
f 6847 6849 6825 6823
f 6848 6824 6826 6850
f 6849 6928 6939 6825
f 6850 6826 6940 6929
f 6851 6894 6905 6827
f 6852 6828 6906 6895
f 6857 6859 6833 6831
f 6858 6832 6834 6860
f 6861 6845 6821 6835
f 6862 6836 6822 6846
f 6863 6932 6941 6837
f 6864 6838 6942 6933
f 6859 7140 7150 6833
f 6860 6834 7152 7141
f 6865 6898 6907 6839
f 6866 6840 6908 6899
f 6778 6867 6943 6930
f 6777 6927 6944 6868
f 6780 6869 6909 6896
f 6779 6893 6910 6870
f 6867 7256 7257 6943
f 6868 6944 7258 7259
f 6871 6873 6947 6945
f 6872 6946 6948 6874
f 6873 7153 7154 6947
f 6874 6948 7155 7156
f 6875 6790 6934 6949
f 6876 6950 6931 6789
f 6780 6782 6877 6869
f 6779 6870 6878 6781
f 6782 7250 7260 6877
f 6781 6878 7261 7247
f 6784 6786 6881 6879
f 6783 6880 6882 6785
f 6792 6900 6911 6883
f 6791 6884 6912 6897
f 6786 7142 7157 6881
f 6785 6882 7158 7139
f 6883 6911 7159 7157
f 6884 7158 7160 6912
f 6879 6881 6913 6915
f 6880 6916 6914 6882
f 6877 7260 7262 6917
f 6878 6918 7263 7261
f 6869 6877 6917 6909
f 6870 6910 6918 6878
f 6886 6885 6741 6739
f 6887 6740 6742 6888
f 6890 6889 6763 6764
f 6891 6765 6766 6892
f 6893 6779 6853 6894
f 6896 6895 6854 6780
f 6897 6789 6863 6898
f 6900 6899 6864 6790
f 6901 6805 6743 6886
f 6902 6887 6744 6806
f 6903 6813 6765 6891
f 6904 6890 6764 6814
f 6905 6829 7282 7272
f 6906 7047 7048 6830
f 6907 6837 7278 7280
f 6908 7055 7052 6838
f 6894 6853 6829 6905
f 6895 6906 6830 6854
f 6898 6863 6837 6907
f 6899 6908 6838 6864
f 6896 6909 6867 6778
f 6893 6777 6868 6910
f 6900 6790 6875 6911
f 6897 6912 6876 6789
f 6911 6875 7153 7159
f 6912 7160 7156 6876
f 6915 6913 6873 6871
f 6916 6872 6874 6914
f 6917 7262 7256 6867
f 6918 6868 7259 7263
f 6917 6867 6909
f 6910 6868 6918
f 6920 6919 6735 6737
f 6921 6738 6736 6922
f 6924 6923 2900 6726
f 6925 6725 2899 6926
f 6927 6777 6851 6928
f 6930 6929 6852 6778
f 6931 6787 6861 6932
f 6934 6933 6862 6788
f 6935 6803 6739 6920
f 6936 6921 6740 6804
f 6937 6811 6725 6925
f 6938 6924 6726 6812
f 6939 6827 7273 7271
f 6940 7045 7046 6828
f 6941 6835 7276 7277
f 6942 7053 7051 6836
f 6928 6851 6827 6939
f 6929 6940 6828 6852
f 6932 6861 6835 6941
f 6933 6942 6836 6862
f 6930 6943 6768 6776
f 6927 6775 6767 6944
f 6943 7257 7246 6768
f 6944 6767 7243 7258
f 6945 6947 6770 6772
f 6946 6771 6769 6948
f 6947 7154 7138 6770
f 6948 6769 7135 7155
f 6949 6934 6788 6774
f 6950 6773 6787 6931
f 6951 6736 2898 2902
f 6952 2901 2897 6735
f 6953 6922 6736 6951
f 6954 6952 6735 6919
f 6955 6742 6922 6953
f 6956 6954 6919 6741
f 6957 6951 2902 2904
f 6958 2903 2901 6952
f 6959 6957 2904 2906
f 6960 2905 2903 6958
f 6961 6959 2906 3288
f 6962 3285 2905 6960
f 6963 6961 3288 2908
f 6964 2907 3285 6962
f 6965 6963 2908 3335
f 6966 3338 2907 6964
f 6967 6965 3335 2909
f 6968 2910 3338 6966
f 6969 6967 2909 3371
f 6970 3374 2910 6968
f 6923 6969 3371 2900
f 6926 2899 3374 6970
f 6763 6971 6969 6923
f 6766 6926 6970 6972
f 6971 6973 6967 6969
f 6972 6970 6968 6974
f 6973 6975 6965 6967
f 6974 6968 6966 6976
f 6975 6977 6963 6965
f 6976 6966 6964 6978
f 6977 6979 6961 6963
f 6978 6964 6962 6980
f 6979 6981 6959 6961
f 6980 6962 6960 6982
f 6981 6983 6957 6959
f 6982 6960 6958 6984
f 6983 6953 6951 6957
f 6984 6958 6952 6954
f 6985 6955 6953 6983
f 6986 6984 6954 6956
f 6987 6985 6983 6981
f 6988 6982 6984 6986
f 6989 6987 6981 6979
f 6990 6980 6982 6988
f 6991 6989 6979 6977
f 6992 6978 6980 6990
f 6993 6991 6977 6975
f 6994 6976 6978 6992
f 6995 6993 6975 6973
f 6996 6974 6976 6994
f 6997 6995 6973 6971
f 6998 6972 6974 6996
f 6889 6997 6971 6763
f 6892 6766 6972 6998
f 7000 6888 6742 6955
f 7001 6956 6999 6885
f 7002 6746 6888 7000
f 7003 7001 6885 6745
f 7004 6750 6746 7002
f 7005 7003 6745 6749
f 7006 6754 7039 7056
f 7007 7057 7036 6753
f 6759 6754 7006 7008
f 6762 7009 7007 6753
f 6755 7131 7161 7010
f 6756 7011 7162 7134
f 6889 6755 7010 6997
f 6892 6998 7011 6756
f 7010 7012 6995 6997
f 7011 6998 6996 7013
f 7012 7014 6993 6995
f 7013 6996 6994 7015
f 7014 7016 6991 6993
f 7015 6994 6992 7017
f 7016 7018 6989 6991
f 7017 6992 6990 7019
f 7018 7020 6987 6989
f 7019 6990 6988 7021
f 7020 7022 6985 6987
f 7021 6988 6986 7023
f 7022 7000 6955 6985
f 7023 6986 6956 7001
f 7024 7002 7000 7022
f 7025 7023 7001 7003
f 7026 7024 7022 7020
f 7027 7021 7023 7025
f 7028 7004 7002 7024
f 7029 7025 7003 7005
f 7030 7028 7024 7026
f 7031 7027 7025 7029
f 7032 7006 7056 7058
f 7033 7059 7057 7007
f 7034 7032 7058 7060
f 7035 7061 7059 7033
f 7030 7026 7020 7018
f 7031 7019 7021 7027
f 7037 7036 6749 6747
f 7038 6748 6750 7039
f 7040 6795 6796 7041
f 7042 6798 7144 7148
f 7041 6796 7252 7254
f 7043 6800 6802 7044
f 7044 6802 6936 7045
f 7046 6804 6902 7047
f 6832 6808 7049
f 7049 6808 6810 7050
f 7051 6812 6798 7042
f 7052 6814 6938 7053
f 7050 6810 7146 7151
f 7054 6816 6904 7055
f 7047 6902 6806 7048
f 7055 6904 6814 7052
f 7045 6936 6804 7046
f 7053 6938 6812 7051
f 7056 7039 6750 7004
f 7057 7005 6749 7036
f 7058 7056 7004 7028
f 7059 7029 7005 7057
f 7060 7058 7028 7030
f 7061 7031 7029 7059
f 7060 7030 7018 7016
f 7061 7017 7019 7031
f 7034 7060 7016 7014
f 7035 7015 7017 7061
f 7008 7006 7032 7062
f 7009 7063 7033 7007
f 7062 7032 7034 7064
f 7063 7065 7035 7033
f 7064 7034 7014 7012
f 7065 7013 7015 7035
f 7067 7066 6084 3116
f 7068 3117 5589 7069
f 7071 7070 4154 3115
f 7072 3118 4155 7073
f 7074 2747 2748 7075
f 7077 7076 2749 2750
f 7076 7078 4558 2749
f 7075 2748 4561 7079
f 7081 7080 6609 2850
f 7081 2850 6615 7082
f 7083 2870 3067 7084
f 7086 7085 3068 2871
f 7087 2895 3258 7088
f 7090 7089 3259 2896
f 7091 2923 2971 7092
f 7094 7093 2972 2924
f 7095 2947 2995 7096
f 7098 7097 2996 2948
f 7092 2971 2747 7074
f 7093 7077 2750 2972
f 7096 2995 2923 7091
f 7097 7094 2924 2996
f 7099 3019 2947 7095
f 7100 7098 2948 3020
f 7101 3043 3019 7099
f 7102 7100 3020 3044
f 7084 3067 3043 7101
f 7085 7102 3044 3068
f 7103 3138 2860 7067
f 7104 7068 2861 3139
f 7105 3158 3138 7103
f 7106 7104 3139 3159
f 7107 3178 3158 7105
f 7108 7106 3159 3179
f 7109 3198 3178 7107
f 7110 7108 3179 3199
f 7111 3218 3198 7109
f 7112 7110 3199 3219
f 7113 3238 3218 7111
f 7114 7112 3219 3239
f 7088 3258 3238 7113
f 7089 7114 3239 3259
f 7070 7083 3119 4154
f 7073 4155 3120 7086
f 7116 7115 5883 4415
f 7117 4413 5889 7118
f 7120 7119 2847 4473
f 7121 4455 2846 7122
f 7123 7122 2846 4509
f 7124 4512 2847 7119
f 7078 7123 4509 4558
f 7079 4561 4512 7124
f 7125 7071 3115 4983
f 7126 4984 3118 7072
f 7069 5589 4984 7126
f 7115 7127 6431 5883
f 7118 5889 6337 7128
f 7066 7125 4983 6084
f 7127 7120 4473 6431
f 7128 6337 4455 7121
f 7080 7116 4415 6609
f 7082 6615 4413 7117
f 7129 6729 2895 7087
f 7130 7090 2896 6730
f 7132 7131 6755 6757
f 7133 6758 6756 7134
f 7135 6769 6842 7136
f 7138 7137 6843 6770
f 7139 6791 6865 7140
f 7142 7141 6866 6792
f 7143 6794 6729 7129
f 7144 7130 6730 6795
f 7145 6815 6758 7133
f 7146 7132 6757 6816
f 7147 6818 7265 7266
f 7149 7148 7040 6819
f 7150 6839 7281 7279
f 7152 7151 7054 6840
f 7136 6842 6818 7147
f 7137 7149 6819 6843
f 7140 6865 6839 7150
f 7141 7152 6840 6866
f 7153 6875 6949 7154
f 7156 7155 6950 6876
f 7142 6792 6883 7157
f 7139 7158 6884 6791
f 7157 7159 6913 6881
f 7158 6882 6914 7160
f 7159 7153 6873 6913
f 7160 6914 6874 7156
f 7154 6949 6774 7138
f 7155 7135 6773 6950
f 7131 6759 7008 7161
f 7134 7162 7009 6762
f 7148 7144 6795 7040
f 7151 7146 6816 7054
f 7161 7008 7062 7163
f 7162 7164 7063 7009
f 7163 7062 7064 7012
f 7164 7013 7065 7063
f 7010 7161 7163 7012
f 7011 7013 7164 7162
f 6808 7165 7038 6752
f 6807 6751 7037 7166
f 7165 7167 6748 7038
f 7166 7037 6747 7168
f 7167 6806 6744 6748
f 7168 6747 6743 6805
f 7169 7048 6806 7167
f 7171 6830 7048 7169
f 6856 6854 6830 7171
f 6855 7172 6829 6853
f 7049 7174 7165 6808
f 7173 6807 7166 7175
f 7174 7169 7167 7165
f 7175 7166 7168 7170
f 6832 7176 7174 7049
f 6831 7173 7175 7177
f 7176 7171 7169 7174
f 7177 7175 7170 7172
f 6858 7249 7176 6832
f 6857 6831 7177 7248
f 7178 2751 2752 7179
f 7181 7180 2753 2754
f 7180 7182 4554 2753
f 7179 2752 4557 7183
f 7185 7184 4467 2815
f 7187 7186 6605 2818
f 7188 2866 6092 7189
f 7191 7190 5598 2867
f 7192 2864 4159 7193
f 7195 7194 4162 2865
f 7196 2872 3065 7197
f 7199 7198 3066 2873
f 7200 2897 3266 7201
f 7203 7202 3267 2898
f 7204 2921 2969 7205
f 7207 7206 2970 2922
f 7208 2945 2993 7209
f 7211 7210 2994 2946
f 7205 2969 2751 7178
f 7206 7181 2754 2970
f 7209 2993 2921 7204
f 7210 7207 2922 2994
f 7212 3017 2945 7208
f 7213 7211 2946 3018
f 7214 3041 3017 7212
f 7215 7213 3018 3042
f 7197 3065 3041 7214
f 7198 7215 3042 3066
f 7216 3146 2866 7188
f 7217 7191 2867 3147
f 7218 3166 3146 7216
f 7219 7217 3147 3167
f 7220 3186 3166 7218
f 7221 7219 3167 3187
f 7222 3206 3186 7220
f 7223 7221 3187 3207
f 7224 3226 3206 7222
f 7225 7223 3207 3227
f 7226 3246 3226 7224
f 7227 7225 3227 3247
f 7201 3266 3246 7226
f 7202 7227 3247 3267
f 7193 4159 2872 7196
f 7194 7199 2873 4162
f 7229 7228 6608 4412
f 7231 7230 5879 4409
f 7184 7232 6351 4467
f 7234 7233 2816 4472
f 7235 7185 2815 4505
f 7236 4508 2816 7233
f 7182 7235 4505 4554
f 7183 4557 4508 7236
f 7237 4988 2864 7192
f 7238 7195 2865 4991
f 7190 7238 4991 5598
f 7230 7239 6430 5879
f 7240 7229 4412 5882
f 7189 6092 4988 7237
f 7232 7240 5882 6351
f 7239 7234 4472 6430
f 7186 7231 4409 6605
f 7228 7187 2818 6608
f 7241 6733 2897 7200
f 7242 7203 2898 6734
f 7243 6767 6847 7244
f 7246 7245 6848 6768
f 7247 6783 6857 7248
f 7250 7249 6858 6784
f 7251 6799 6733 7241
f 7252 7242 6734 6800
f 7253 6823 7270 7268
f 7255 7254 7043 6824
f 7244 6847 6823 7253
f 7245 7255 6824 6848
f 7256 6871 6945 7257
f 7259 7258 6946 6872
f 7250 6784 6879 7260
f 7247 7261 6880 6783
f 7260 6879 6915 7262
f 7261 7263 6916 6880
f 7262 6915 6871 7256
f 7263 7259 6872 6916
f 7257 6945 6772 7246
f 7258 7243 6771 6946
f 7254 7252 6800 7043
f 7249 6856 7171 7176
f 7248 7177 7172 6855
f 7265 7264 6793 6794
f 7267 7266 7143 6797
f 7264 7268 7251 6793
f 7270 7269 6801 6799
f 7269 7271 6935 6801
f 7273 7272 6901 6803
f 7275 7274 6809 6807
f 7276 7267 6797 6811
f 7278 7277 6937 6813
f 7274 7279 7145 6809
f 7281 7280 6903 6815
f 7272 7282 6805 6901
f 7280 7278 6813 6903
f 7271 7273 6803 6935
f 7277 7276 6811 6937
f 7266 7265 6794 7143
f 7279 7281 6815 7145
f 7268 7270 6799 7251
f 7282 7170 7168 6805
f 7048 6806 7167 7169
f 6829 7172 7170 7282
f 6830 7048 7169 7171

 